ml_item_id,sku,status,pricing_group_id,preco_remoto,ultima_origem_registrada,regra_historica,preco_evento,instante_evento,coincide_com_evento,acao
MLB6564925370,VTK000980,active,ml:MLB6564925370:MLB7381240556,219,,,,,False,AUTORIA_NAO_COMPROVADA_NAO_INFERIR_CUSTOM_PRICE
MLB6563496572,VTK006351,active,ml:MLB6563496572:MLB7023171888,296.97,,,,,False,AUTORIA_NAO_COMPROVADA_NAO_INFERIR_CUSTOM_PRICE
MLB6563424768,VTK001232,active,ml:MLB6563424768:MLB6655134252,343.13,,,,,False,AUTORIA_NAO_COMPROVADA_NAO_INFERIR_CUSTOM_PRICE
MLB4582573509,VTK003694,active,ml:MLB4582573509:MLB4786772139,246.52,,,,,False,AUTORIA_NAO_COMPROVADA_NAO_INFERIR_CUSTOM_PRICE
MLB4582569783,VTK000876,active,ml:MLB4582569783:MLB5191246487,68,,,,,False,AUTORIA_NAO_COMPROVADA_NAO_INFERIR_CUSTOM_PRICE
MLB6573129170,VTK006019,active,ml:MLB4786772237:MLB6573129170,1359.48,,,,,False,AUTORIA_NAO_COMPROVADA_NAO_INFERIR_CUSTOM_PRICE
MLB6573117368,VTK001071,active,ml:MLB4987964887:MLB6573117368,259,,,,,False,AUTORIA_NAO_COMPROVADA_NAO_INFERIR_CUSTOM_PRICE
MLB6573116662,VTK001208,active,item:MLB6573116662,217,,,,,False,AUTORIA_NAO_COMPROVADA_NAO_INFERIR_CUSTOM_PRICE
MLB6573116426,VTK006293,active,ml:MLB6573116426:MLB6681942972,1770,,,,,False,AUTORIA_NAO_COMPROVADA_NAO_INFERIR_CUSTOM_PRICE
MLB4585881731,VTK000800,active,ml:MLB4585881731:MLB6646506832,219,,,,,False,AUTORIA_NAO_COMPROVADA_NAO_INFERIR_CUSTOM_PRICE
MLB4585868757,VTK005449,active,ml:MLB4585868757:MLB4612598629,230.23,,,,,False,AUTORIA_NAO_COMPROVADA_NAO_INFERIR_CUSTOM_PRICE
MLB4612598629,VTK005449,active,ml:MLB4585868757:MLB4612598629,230.23,,,,,False,AUTORIA_NAO_COMPROVADA_NAO_INFERIR_CUSTOM_PRICE
MLB6646506832,VTK000800,active,ml:MLB4585881731:MLB6646506832,219,,,,,False,AUTORIA_NAO_COMPROVADA_NAO_INFERIR_CUSTOM_PRICE
MLB6655134252,VTK001232,active,ml:MLB6563424768:MLB6655134252,343.13,,,,,False,AUTORIA_NAO_COMPROVADA_NAO_INFERIR_CUSTOM_PRICE
MLB6681942972,VTK006293,active,ml:MLB6573116426:MLB6681942972,1770,,,,,False,AUTORIA_NAO_COMPROVADA_NAO_INFERIR_CUSTOM_PRICE
MLB6957770878,VTK009673,active,ml:MLB4786789421:MLB6957770878,192.13,,,,,False,AUTORIA_NAO_COMPROVADA_NAO_INFERIR_CUSTOM_PRICE
MLB4773205281,VTK009701,active,ml:MLB4773205281:MLB4818724919,1890,,,,,False,AUTORIA_NAO_COMPROVADA_NAO_INFERIR_CUSTOM_PRICE
MLB4773203279,VTK009693,active,ml:MLB4773203279:MLB4786765399,977,,,,,False,AUTORIA_NAO_COMPROVADA_NAO_INFERIR_CUSTOM_PRICE
MLB4773181121,VTK009698,active,ml:MLB4773181121:MLB4818724579,1029,,,,,False,AUTORIA_NAO_COMPROVADA_NAO_INFERIR_CUSTOM_PRICE
MLB4773180493,VTK009697,active,ml:MLB4773180493:MLB7210717968,102.94,,,,,False,AUTORIA_NAO_COMPROVADA_NAO_INFERIR_CUSTOM_PRICE
MLB4773179543,VTK009691,active,ml:MLB4773179543:MLB7046574872,406.84,,,,,False,AUTORIA_NAO_COMPROVADA_NAO_INFERIR_CUSTOM_PRICE
MLB4773178955,VTK009686,active,ml:MLB4773178955:MLB4786777173,220.45,,,,,False,AUTORIA_NAO_COMPROVADA_NAO_INFERIR_CUSTOM_PRICE
MLB4773176491,VTK009677,active,ml:MLB4773176491:MLB4786777235,424.34,,,,,False,AUTORIA_NAO_COMPROVADA_NAO_INFERIR_CUSTOM_PRICE
MLB4773176129,VTK009676,active,item:MLB4773176129,207.13,,,,,False,AUTORIA_NAO_COMPROVADA_NAO_INFERIR_CUSTOM_PRICE
MLB4773175741,VTK009674,active,ml:MLB4773175741:MLB4786757691,138,,,,,False,AUTORIA_NAO_COMPROVADA_NAO_INFERIR_CUSTOM_PRICE
MLB4773142599,VTK009687,active,ml:MLB4773142599:MLB4786789975,176.92,,,,,False,AUTORIA_NAO_COMPROVADA_NAO_INFERIR_CUSTOM_PRICE
MLB4773141599,VTK009681,active,item:MLB4773141599,331.22,,,,,False,AUTORIA_NAO_COMPROVADA_NAO_INFERIR_CUSTOM_PRICE
MLB4773140039,VTK009678,active,ml:MLB4773140039:MLB4786777421,111,,,,,False,AUTORIA_NAO_COMPROVADA_NAO_INFERIR_CUSTOM_PRICE
MLB4773138349,VTK009671,active,ml:MLB4773138349:MLB4786765943,1199,,,,,False,AUTORIA_NAO_COMPROVADA_NAO_INFERIR_CUSTOM_PRICE
MLB4773137499,VTK009665,active,ml:MLB4773137499:MLB4786790373,167,,,,,False,AUTORIA_NAO_COMPROVADA_NAO_INFERIR_CUSTOM_PRICE
MLB4773133389,VTK009703,active,ml:MLB4773133389:MLB4786790443,451,,,,,False,AUTORIA_NAO_COMPROVADA_NAO_INFERIR_CUSTOM_PRICE
MLB4773133041,VTK009700,active,item:MLB4773133041,639,,,,,False,AUTORIA_NAO_COMPROVADA_NAO_INFERIR_CUSTOM_PRICE
MLB4773132737,VTK009699,active,item:MLB4773132737,365.37,,,,,False,AUTORIA_NAO_COMPROVADA_NAO_INFERIR_CUSTOM_PRICE
MLB4773130907,VTK009692,active,ml:MLB4773130907:MLB4786777951,1490.1,,,,,False,AUTORIA_NAO_COMPROVADA_NAO_INFERIR_CUSTOM_PRICE
MLB4773130609,VTK009690,active,ml:MLB4773130609:MLB4786766415,338.45,,,,,False,AUTORIA_NAO_COMPROVADA_NAO_INFERIR_CUSTOM_PRICE
MLB4773129795,VTK009682,active,ml:MLB4773129795:MLB4786778315,699,,,,,False,AUTORIA_NAO_COMPROVADA_NAO_INFERIR_CUSTOM_PRICE
MLB4773129109,VTK009680,active,ml:MLB4773129109:MLB4786791051,178.02,,,,,False,AUTORIA_NAO_COMPROVADA_NAO_INFERIR_CUSTOM_PRICE
MLB4773128165,VTK009679,active,ml:MLB4773128165:MLB6978727712,178.55,,,,,False,AUTORIA_NAO_COMPROVADA_NAO_INFERIR_CUSTOM_PRICE
MLB4773125633,VTK009666,active,ml:MLB4773125633:MLB4799211343,217.52,,,,,False,AUTORIA_NAO_COMPROVADA_NAO_INFERIR_CUSTOM_PRICE
MLB4772970809,VTK009688,active,,52.09,,,,,False,AUTORIA_NAO_COMPROVADA_NAO_INFERIR_CUSTOM_PRICE
MLB6978727712,VTK009679,active,ml:MLB4773128165:MLB6978727712,178.55,,,,,False,AUTORIA_NAO_COMPROVADA_NAO_INFERIR_CUSTOM_PRICE
MLB4786791051,VTK009680,active,ml:MLB4773129109:MLB4786791051,178.02,,,,,False,AUTORIA_NAO_COMPROVADA_NAO_INFERIR_CUSTOM_PRICE
MLB4786790443,VTK009703,active,ml:MLB4773133389:MLB4786790443,451,,,,,False,AUTORIA_NAO_COMPROVADA_NAO_INFERIR_CUSTOM_PRICE
MLB4786790373,VTK009665,active,ml:MLB4773137499:MLB4786790373,167,,,,,False,AUTORIA_NAO_COMPROVADA_NAO_INFERIR_CUSTOM_PRICE
MLB4786789975,VTK009687,active,ml:MLB4773142599:MLB4786789975,176.92,,,,,False,AUTORIA_NAO_COMPROVADA_NAO_INFERIR_CUSTOM_PRICE
MLB4786789421,VTK009673,active,ml:MLB4786789421:MLB6957770878,192.13,,,,,False,AUTORIA_NAO_COMPROVADA_NAO_INFERIR_CUSTOM_PRICE
MLB4786778315,VTK009682,active,ml:MLB4773129795:MLB4786778315,699,,,,,False,AUTORIA_NAO_COMPROVADA_NAO_INFERIR_CUSTOM_PRICE
MLB4786777951,VTK009692,active,ml:MLB4773130907:MLB4786777951,1490.1,,,,,False,AUTORIA_NAO_COMPROVADA_NAO_INFERIR_CUSTOM_PRICE
MLB4786777421,VTK009678,active,ml:MLB4773140039:MLB4786777421,111,,,,,False,AUTORIA_NAO_COMPROVADA_NAO_INFERIR_CUSTOM_PRICE
MLB4786777235,VTK009677,active,ml:MLB4773176491:MLB4786777235,424.34,,,,,False,AUTORIA_NAO_COMPROVADA_NAO_INFERIR_CUSTOM_PRICE
MLB4786777173,VTK009686,active,ml:MLB4773178955:MLB4786777173,220.45,,,,,False,AUTORIA_NAO_COMPROVADA_NAO_INFERIR_CUSTOM_PRICE
MLB4786772139,VTK003694,active,ml:MLB4582573509:MLB4786772139,246.52,,,,,False,AUTORIA_NAO_COMPROVADA_NAO_INFERIR_CUSTOM_PRICE
MLB4786766415,VTK009690,active,ml:MLB4773130609:MLB4786766415,338.45,,,,,False,AUTORIA_NAO_COMPROVADA_NAO_INFERIR_CUSTOM_PRICE
MLB4786765943,VTK009671,active,ml:MLB4773138349:MLB4786765943,1199,,,,,False,AUTORIA_NAO_COMPROVADA_NAO_INFERIR_CUSTOM_PRICE
MLB4786765399,VTK009693,active,ml:MLB4773203279:MLB4786765399,977,,,,,False,AUTORIA_NAO_COMPROVADA_NAO_INFERIR_CUSTOM_PRICE
MLB4786757691,VTK009674,active,ml:MLB4773175741:MLB4786757691,138,,,,,False,AUTORIA_NAO_COMPROVADA_NAO_INFERIR_CUSTOM_PRICE
MLB6984996878,VTK000065,active,ml:MLB6984929310:MLB6984996878,990,,,,,False,AUTORIA_NAO_COMPROVADA_NAO_INFERIR_CUSTOM_PRICE
MLB6984929310,VTK000065,active,ml:MLB6984929310:MLB6984996878,990,,,,,False,AUTORIA_NAO_COMPROVADA_NAO_INFERIR_CUSTOM_PRICE
MLB4799211343,VTK009666,active,ml:MLB4773125633:MLB4799211343,217.52,,,,,False,AUTORIA_NAO_COMPROVADA_NAO_INFERIR_CUSTOM_PRICE
MLB7010058418,VTK000492,active,ml:MLB4987960393:MLB7010058418,282,,,,,False,AUTORIA_NAO_COMPROVADA_NAO_INFERIR_CUSTOM_PRICE
MLB7009939716,VTK000021,active,ml:MLB7009939716:MLB7390923456,279.27,,,,,False,AUTORIA_NAO_COMPROVADA_NAO_INFERIR_CUSTOM_PRICE
MLB7009932794,VTK000475,active,ml:MLB4811202227:MLB7009932794,330,,,,,False,AUTORIA_NAO_COMPROVADA_NAO_INFERIR_CUSTOM_PRICE
MLB7009927448,VTK000132,active,ml:MLB4801397717:MLB7009927448,203.25,,,,,False,AUTORIA_NAO_COMPROVADA_NAO_INFERIR_CUSTOM_PRICE
MLB7009921386,VTK000185,active,ml:MLB4801364301:MLB7009921386,229.81,,,,,False,AUTORIA_NAO_COMPROVADA_NAO_INFERIR_CUSTOM_PRICE
MLB7009920192,VTK000153,active,ml:MLB4820387925:MLB7009920192,370,,,,,False,AUTORIA_NAO_COMPROVADA_NAO_INFERIR_CUSTOM_PRICE
MLB7009915854,VTK000076,active,ml:MLB4804206631:MLB7009915854,777,,,,,False,AUTORIA_NAO_COMPROVADA_NAO_INFERIR_CUSTOM_PRICE
MLB7009884118,VTK000346,active,ml:MLB7009884118:MLB7313972902,280.87,,,,,False,AUTORIA_NAO_COMPROVADA_NAO_INFERIR_CUSTOM_PRICE
MLB7009879390,VTK000055,active,ml:MLB4801364345:MLB7009879390,297,,,,,False,AUTORIA_NAO_COMPROVADA_NAO_INFERIR_CUSTOM_PRICE
MLB7009878740,VTK000174,active,ml:MLB4804196255:MLB7009878740,990,,,,,False,AUTORIA_NAO_COMPROVADA_NAO_INFERIR_CUSTOM_PRICE
MLB7009875704,VTK000419,active,ml:MLB4804981757:MLB7009875704,100.45,,,,,False,AUTORIA_NAO_COMPROVADA_NAO_INFERIR_CUSTOM_PRICE
MLB7009323242,VTK000041,active,,122.31,,,,,False,AUTORIA_NAO_COMPROVADA_NAO_INFERIR_CUSTOM_PRICE
MLB7009318968,VTK000244,active,ml:MLB7009318968:MLB7400500850,194.68,,,,,False,AUTORIA_NAO_COMPROVADA_NAO_INFERIR_CUSTOM_PRICE
MLB7009017476,VTK009749,active,item:MLB7009017476,578,,,,,False,AUTORIA_NAO_COMPROVADA_NAO_INFERIR_CUSTOM_PRICE
MLB7009017380,VTK009750,active,ml:MLB7009017380:MLB7012934562,606.88,,,,,False,AUTORIA_NAO_COMPROVADA_NAO_INFERIR_CUSTOM_PRICE
MLB7009017154,VTK000145,active,ml:MLB4803805769:MLB7009017154,1590,,,,,False,AUTORIA_NAO_COMPROVADA_NAO_INFERIR_CUSTOM_PRICE
MLB7009016324,VTK009736,active,ml:MLB7009016324:MLB7044005990,697.15,,,,,False,AUTORIA_NAO_COMPROVADA_NAO_INFERIR_CUSTOM_PRICE
MLB7009015836,VTK009721,active,ml:MLB4800962493:MLB7009015836,420.64,,,,,False,AUTORIA_NAO_COMPROVADA_NAO_INFERIR_CUSTOM_PRICE
MLB7009013866,VTK000247,active,ml:MLB4800949527:MLB7009013866,2314,,,,,False,AUTORIA_NAO_COMPROVADA_NAO_INFERIR_CUSTOM_PRICE
MLB4801397717,VTK000132,active,ml:MLB4801397717:MLB7009927448,203.25,,,,,False,AUTORIA_NAO_COMPROVADA_NAO_INFERIR_CUSTOM_PRICE
MLB4801364345,VTK000055,active,ml:MLB4801364345:MLB7009879390,297,,,,,False,AUTORIA_NAO_COMPROVADA_NAO_INFERIR_CUSTOM_PRICE
MLB4801364301,VTK000185,active,ml:MLB4801364301:MLB7009921386,229.81,,,,,False,AUTORIA_NAO_COMPROVADA_NAO_INFERIR_CUSTOM_PRICE
MLB4801296963,VTK000489,active,ml:MLB4801296963:MLB7317384038,235,,,,,False,AUTORIA_NAO_COMPROVADA_NAO_INFERIR_CUSTOM_PRICE
MLB4801295297,VTK001026,active,ml:MLB4801295297:MLB7510665990,140.96,,,,,False,AUTORIA_NAO_COMPROVADA_NAO_INFERIR_CUSTOM_PRICE
MLB4801155957,VTK000484,active,ml:MLB4801155957:MLB4988015093,99,,,,,False,AUTORIA_NAO_COMPROVADA_NAO_INFERIR_CUSTOM_PRICE
MLB4801143851,VTK000041,active,,122.31,,,,,False,AUTORIA_NAO_COMPROVADA_NAO_INFERIR_CUSTOM_PRICE
MLB4801121037,VTK003936,active,ml:MLB4801081999:MLB4801121037,201.02,,,,,False,AUTORIA_NAO_COMPROVADA_NAO_INFERIR_CUSTOM_PRICE
MLB4801083479,VTK000232,active,ml:MLB4801083479:MLB4881447335,176.22,,,,,False,AUTORIA_NAO_COMPROVADA_NAO_INFERIR_CUSTOM_PRICE
MLB4801081999,VTK003936,active,ml:MLB4801081999:MLB4801121037,201.02,,,,,False,AUTORIA_NAO_COMPROVADA_NAO_INFERIR_CUSTOM_PRICE
MLB4800984045,VTK009723,active,ml:MLB4800933665:MLB4800984045,617,,,,,False,AUTORIA_NAO_COMPROVADA_NAO_INFERIR_CUSTOM_PRICE
MLB4800983975,VTK009727,active,ml:MLB4800933727:MLB4800983975,459,,,,,False,AUTORIA_NAO_COMPROVADA_NAO_INFERIR_CUSTOM_PRICE
MLB4800983891,VTK009755,active,ml:MLB4800935847:MLB4800983891,738,,,,,False,AUTORIA_NAO_COMPROVADA_NAO_INFERIR_CUSTOM_PRICE
MLB4800982403,VTK009739,active,item:MLB4800982403,362.43,,,,,False,AUTORIA_NAO_COMPROVADA_NAO_INFERIR_CUSTOM_PRICE
MLB4800982013,VTK009753,active,item:MLB4800982013,359.85,,,,,False,AUTORIA_NAO_COMPROVADA_NAO_INFERIR_CUSTOM_PRICE
MLB4800981401,VTK009767,active,ml:MLB4800981401:MLB7044868942,656.22,,,,,False,AUTORIA_NAO_COMPROVADA_NAO_INFERIR_CUSTOM_PRICE
MLB4800980893,VTK009830,active,,2681.98,,,,,False,AUTORIA_NAO_COMPROVADA_NAO_INFERIR_CUSTOM_PRICE
MLB4800980675,VTK009752,active,ml:MLB4800980675:MLB4818724561,576.3,,,,,False,AUTORIA_NAO_COMPROVADA_NAO_INFERIR_CUSTOM_PRICE
MLB4800980603,VTK009746,active,ml:MLB4800949565:MLB4800980603,314.49,,,,,False,AUTORIA_NAO_COMPROVADA_NAO_INFERIR_CUSTOM_PRICE
MLB4800962603,VTK009744,active,ml:MLB4800958419:MLB4800962603,450,,,,,False,AUTORIA_NAO_COMPROVADA_NAO_INFERIR_CUSTOM_PRICE
MLB4800962493,VTK009721,active,ml:MLB4800962493:MLB7009015836,420.64,,,,,False,AUTORIA_NAO_COMPROVADA_NAO_INFERIR_CUSTOM_PRICE
MLB4800960719,VTK009769,active,ml:MLB4800960719:MLB4804992207,601.58,,,,,False,AUTORIA_NAO_COMPROVADA_NAO_INFERIR_CUSTOM_PRICE
MLB4800960157,VTK009766,active,ml:MLB4800960157:MLB7012848180,870,,,,,False,AUTORIA_NAO_COMPROVADA_NAO_INFERIR_CUSTOM_PRICE
MLB4800958419,VTK009744,active,ml:MLB4800958419:MLB4800962603,450,,,,,False,AUTORIA_NAO_COMPROVADA_NAO_INFERIR_CUSTOM_PRICE
MLB4800958323,VTK009738,active,ml:MLB4800958323:MLB7012811320,535.58,,,,,False,AUTORIA_NAO_COMPROVADA_NAO_INFERIR_CUSTOM_PRICE
MLB4800958095,VTK009737,active,ml:MLB4800958095:MLB4804992227,707,,,,,False,AUTORIA_NAO_COMPROVADA_NAO_INFERIR_CUSTOM_PRICE
MLB4800957353,VTK009722,active,item:MLB4800957353,524.73,,,,,False,AUTORIA_NAO_COMPROVADA_NAO_INFERIR_CUSTOM_PRICE
MLB4800957239,VTK009712,active,ml:MLB4800957239:MLB4804981979,606.88,,,,,False,AUTORIA_NAO_COMPROVADA_NAO_INFERIR_CUSTOM_PRICE
MLB4800956385,VTK009710,active,ml:MLB4800956385:MLB7120040990,1077,,,,,False,AUTORIA_NAO_COMPROVADA_NAO_INFERIR_CUSTOM_PRICE
MLB4800955825,VTK009708,active,ml:MLB4800938181:MLB4800955825,1675,,,,,False,AUTORIA_NAO_COMPROVADA_NAO_INFERIR_CUSTOM_PRICE
MLB4800949819,VTK009774,active,ml:MLB4800942397:MLB4800949819,335.96,,,,,False,AUTORIA_NAO_COMPROVADA_NAO_INFERIR_CUSTOM_PRICE
MLB4800949709,VTK009726,active,ml:MLB4800945791:MLB4800949709,319,,,,,False,AUTORIA_NAO_COMPROVADA_NAO_INFERIR_CUSTOM_PRICE
MLB4800949565,VTK009746,active,ml:MLB4800949565:MLB4800980603,314.49,,,,,False,AUTORIA_NAO_COMPROVADA_NAO_INFERIR_CUSTOM_PRICE
MLB4800949527,VTK000247,active,ml:MLB4800949527:MLB7009013866,2314,,,,,False,AUTORIA_NAO_COMPROVADA_NAO_INFERIR_CUSTOM_PRICE
MLB4800948213,VTK009713,active,ml:MLB4800948213:MLB4804969009,613.83,,,,,False,AUTORIA_NAO_COMPROVADA_NAO_INFERIR_CUSTOM_PRICE
MLB4800947471,VTK001038,active,item:MLB4800947471,938.21,,,,,False,AUTORIA_NAO_COMPROVADA_NAO_INFERIR_CUSTOM_PRICE
MLB4800947203,VTK009765,active,ml:MLB4800947203:MLB7023161014,768,,,,,False,AUTORIA_NAO_COMPROVADA_NAO_INFERIR_CUSTOM_PRICE
MLB4800945791,VTK009726,active,ml:MLB4800945791:MLB4800949709,319,,,,,False,AUTORIA_NAO_COMPROVADA_NAO_INFERIR_CUSTOM_PRICE
MLB4800945023,VTK009735,active,ml:MLB4800945023:MLB7012823524,1077,,,,,False,AUTORIA_NAO_COMPROVADA_NAO_INFERIR_CUSTOM_PRICE
MLB4800944801,VTK009734,active,item:MLB4800944801,1690,,,,,False,AUTORIA_NAO_COMPROVADA_NAO_INFERIR_CUSTOM_PRICE
MLB4800944705,VTK000123,active,ml:MLB4800944705:MLB7317385958,2590,,,,,False,AUTORIA_NAO_COMPROVADA_NAO_INFERIR_CUSTOM_PRICE
MLB4800943761,VTK009711,active,ml:MLB4800943761:MLB7046574830,699,,,,,False,AUTORIA_NAO_COMPROVADA_NAO_INFERIR_CUSTOM_PRICE
MLB4800942397,VTK009774,active,ml:MLB4800942397:MLB4800949819,335.96,,,,,False,AUTORIA_NAO_COMPROVADA_NAO_INFERIR_CUSTOM_PRICE
MLB4800938181,VTK009708,active,ml:MLB4800938181:MLB4800955825,1675,,,,,False,AUTORIA_NAO_COMPROVADA_NAO_INFERIR_CUSTOM_PRICE
MLB4800936039,VTK009768,active,ml:MLB4800936039:MLB7012935140,601.58,,,,,False,AUTORIA_NAO_COMPROVADA_NAO_INFERIR_CUSTOM_PRICE
MLB4800935847,VTK009755,active,ml:MLB4800935847:MLB4800983891,738,,,,,False,AUTORIA_NAO_COMPROVADA_NAO_INFERIR_CUSTOM_PRICE
MLB4800933727,VTK009727,active,ml:MLB4800933727:MLB4800983975,459,,,,,False,AUTORIA_NAO_COMPROVADA_NAO_INFERIR_CUSTOM_PRICE
MLB4800933665,VTK009723,active,ml:MLB4800933665:MLB4800984045,617,,,,,False,AUTORIA_NAO_COMPROVADA_NAO_INFERIR_CUSTOM_PRICE
MLB4800933249,VTK001790,active,ml:MLB4800933249:MLB7012823734,1450,,,,,False,AUTORIA_NAO_COMPROVADA_NAO_INFERIR_CUSTOM_PRICE
MLB4800932331,VTK009714,active,item:MLB4800932331,637,,,,,False,AUTORIA_NAO_COMPROVADA_NAO_INFERIR_CUSTOM_PRICE
MLB4800932163,VTK009704,active,ml:MLB4800932163:MLB7012935280,920.93,,,,,False,AUTORIA_NAO_COMPROVADA_NAO_INFERIR_CUSTOM_PRICE
MLB7012935280,VTK009704,active,ml:MLB4800932163:MLB7012935280,920.93,,,,,False,AUTORIA_NAO_COMPROVADA_NAO_INFERIR_CUSTOM_PRICE
MLB7012935140,VTK009768,active,ml:MLB4800936039:MLB7012935140,601.58,,,,,False,AUTORIA_NAO_COMPROVADA_NAO_INFERIR_CUSTOM_PRICE
MLB7012934562,VTK009750,active,ml:MLB7009017380:MLB7012934562,606.88,,,,,False,AUTORIA_NAO_COMPROVADA_NAO_INFERIR_CUSTOM_PRICE
MLB7012823734,VTK001790,active,ml:MLB4800933249:MLB7012823734,1450,,,,,False,AUTORIA_NAO_COMPROVADA_NAO_INFERIR_CUSTOM_PRICE
MLB7012823524,VTK009735,active,ml:MLB4800945023:MLB7012823524,1077,,,,,False,AUTORIA_NAO_COMPROVADA_NAO_INFERIR_CUSTOM_PRICE
MLB7012811320,VTK009738,active,ml:MLB4800958323:MLB7012811320,535.58,,,,,False,AUTORIA_NAO_COMPROVADA_NAO_INFERIR_CUSTOM_PRICE
MLB4804206631,VTK000076,active,ml:MLB4804206631:MLB7009915854,777,,,,,False,AUTORIA_NAO_COMPROVADA_NAO_INFERIR_CUSTOM_PRICE
MLB4804196255,VTK000174,active,ml:MLB4804196255:MLB7009878740,990,,,,,False,AUTORIA_NAO_COMPROVADA_NAO_INFERIR_CUSTOM_PRICE
MLB4803805769,VTK000145,active,ml:MLB4803805769:MLB7009017154,1590,,,,,False,AUTORIA_NAO_COMPROVADA_NAO_INFERIR_CUSTOM_PRICE
MLB7023171888,VTK006351,active,ml:MLB6563496572:MLB7023171888,296.97,,,,,False,AUTORIA_NAO_COMPROVADA_NAO_INFERIR_CUSTOM_PRICE
MLB7023161014,VTK009765,active,ml:MLB4800947203:MLB7023161014,768,,,,,False,AUTORIA_NAO_COMPROVADA_NAO_INFERIR_CUSTOM_PRICE
MLB4804992227,VTK009737,active,ml:MLB4800958095:MLB4804992227,707,,,,,False,AUTORIA_NAO_COMPROVADA_NAO_INFERIR_CUSTOM_PRICE
MLB4804992207,VTK009769,active,ml:MLB4800960719:MLB4804992207,601.58,,,,,False,AUTORIA_NAO_COMPROVADA_NAO_INFERIR_CUSTOM_PRICE
MLB4804981979,VTK009712,active,ml:MLB4800957239:MLB4804981979,606.88,,,,,False,AUTORIA_NAO_COMPROVADA_NAO_INFERIR_CUSTOM_PRICE
MLB4804981757,VTK000419,active,ml:MLB4804981757:MLB7009875704,100.45,,,,,False,AUTORIA_NAO_COMPROVADA_NAO_INFERIR_CUSTOM_PRICE
MLB4804969009,VTK009713,active,ml:MLB4800948213:MLB4804969009,613.83,,,,,False,AUTORIA_NAO_COMPROVADA_NAO_INFERIR_CUSTOM_PRICE
MLB4811202227,VTK000475,active,ml:MLB4811202227:MLB7009932794,330,,,,,False,AUTORIA_NAO_COMPROVADA_NAO_INFERIR_CUSTOM_PRICE
MLB7046574872,VTK009691,active,ml:MLB4773179543:MLB7046574872,406.84,,,,,False,AUTORIA_NAO_COMPROVADA_NAO_INFERIR_CUSTOM_PRICE
MLB7046574830,VTK009711,active,ml:MLB4800943761:MLB7046574830,699,,,,,False,AUTORIA_NAO_COMPROVADA_NAO_INFERIR_CUSTOM_PRICE
MLB7044868942,VTK009767,active,ml:MLB4800981401:MLB7044868942,656.22,,,,,False,AUTORIA_NAO_COMPROVADA_NAO_INFERIR_CUSTOM_PRICE
MLB7044005990,VTK009736,active,ml:MLB7009016324:MLB7044005990,697.15,,,,,False,AUTORIA_NAO_COMPROVADA_NAO_INFERIR_CUSTOM_PRICE
MLB4820387925,VTK000153,active,ml:MLB4820387925:MLB7009920192,370,,,,,False,AUTORIA_NAO_COMPROVADA_NAO_INFERIR_CUSTOM_PRICE
MLB4818724919,VTK009701,active,ml:MLB4773205281:MLB4818724919,1890,,,,,False,AUTORIA_NAO_COMPROVADA_NAO_INFERIR_CUSTOM_PRICE
MLB4818724579,VTK009698,active,ml:MLB4773181121:MLB4818724579,1029,,,,,False,AUTORIA_NAO_COMPROVADA_NAO_INFERIR_CUSTOM_PRICE
MLB4818724561,VTK009752,active,ml:MLB4800980675:MLB4818724561,576.3,,,,,False,AUTORIA_NAO_COMPROVADA_NAO_INFERIR_CUSTOM_PRICE
MLB7079117896,VTK000083,active,ml:MLB4836091795:MLB7079117896,179.85,,,,,False,AUTORIA_NAO_COMPROVADA_NAO_INFERIR_CUSTOM_PRICE
MLB7076594134,VTK000169,active,ml:MLB4841871323:MLB7076594134,295.14,,,,,False,AUTORIA_NAO_COMPROVADA_NAO_INFERIR_CUSTOM_PRICE
MLB7076566174,VTK000103,active,item:MLB7076566174,171,,,,,False,AUTORIA_NAO_COMPROVADA_NAO_INFERIR_CUSTOM_PRICE
MLB7076440644,VTK000029,active,ml:MLB7076440644:MLB7086772614,214.3,,,,,False,AUTORIA_NAO_COMPROVADA_NAO_INFERIR_CUSTOM_PRICE
MLB4836158379,VTK000157,active,item:MLB4836158379,187.64,,,,,False,AUTORIA_NAO_COMPROVADA_NAO_INFERIR_CUSTOM_PRICE
MLB4836091795,VTK000083,active,ml:MLB4836091795:MLB7079117896,179.85,,,,,False,AUTORIA_NAO_COMPROVADA_NAO_INFERIR_CUSTOM_PRICE
MLB7087427092,VTK006496,active,ml:MLB7087427092:MLB7095325034,870,,,,,False,AUTORIA_NAO_COMPROVADA_NAO_INFERIR_CUSTOM_PRICE
MLB7087424240,VTK005369,active,ml:MLB7087424240:MLB7101696360,129,,,,,False,AUTORIA_NAO_COMPROVADA_NAO_INFERIR_CUSTOM_PRICE
MLB7087422150,VTK003620,active,ml:MLB7087422150:MLB7095337574,306.54,,,,,False,AUTORIA_NAO_COMPROVADA_NAO_INFERIR_CUSTOM_PRICE
MLB7087421362,VTK003007,active,ml:MLB7087421362:MLB7313972188,218.65,,,,,False,AUTORIA_NAO_COMPROVADA_NAO_INFERIR_CUSTOM_PRICE
MLB7087410758,VTK003672,active,ml:MLB4846402331:MLB7087410758,224,,,,,False,AUTORIA_NAO_COMPROVADA_NAO_INFERIR_CUSTOM_PRICE
MLB7087410230,VTK003230,active,ml:MLB4857882581:MLB7087410230,165.96,,,,,False,AUTORIA_NAO_COMPROVADA_NAO_INFERIR_CUSTOM_PRICE
MLB7087408044,VTK002110,active,ml:MLB7087408044:MLB7101696424,115,,,,,False,AUTORIA_NAO_COMPROVADA_NAO_INFERIR_CUSTOM_PRICE
MLB7087153380,VTK001145,active,ml:MLB7087153380:MLB7173718782,1317,,,,,False,AUTORIA_NAO_COMPROVADA_NAO_INFERIR_CUSTOM_PRICE
MLB7087149190,VTK001048,active,ml:MLB7087149190:MLB7191487498,587.45,,,,,False,AUTORIA_NAO_COMPROVADA_NAO_INFERIR_CUSTOM_PRICE
MLB7087127710,VTK000945,active,ml:MLB4881438235:MLB7087127710,1226.88,,,,,False,AUTORIA_NAO_COMPROVADA_NAO_INFERIR_CUSTOM_PRICE
MLB7087121392,VTK001126,active,item:MLB7087121392,175,,,,,False,AUTORIA_NAO_COMPROVADA_NAO_INFERIR_CUSTOM_PRICE
MLB7087105658,VTK001037,active,ml:MLB7087105658:MLB7095389576,151.68,,,,,False,AUTORIA_NAO_COMPROVADA_NAO_INFERIR_CUSTOM_PRICE
MLB7087104498,VTK001006,active,ml:MLB7087104498:MLB7330116900,212.09,,,,,False,AUTORIA_NAO_COMPROVADA_NAO_INFERIR_CUSTOM_PRICE
MLB7087100620,VTK000795,active,ml:MLB7087100620:MLB7501736578,142.83,,,,,False,AUTORIA_NAO_COMPROVADA_NAO_INFERIR_CUSTOM_PRICE
MLB7087039022,VTK000405,active,ml:MLB4903944759:MLB7087039022,154,,,,,False,AUTORIA_NAO_COMPROVADA_NAO_INFERIR_CUSTOM_PRICE
MLB7087032866,VTK000303,active,ml:MLB7087032866:MLB7137239362,311.38,,,,,False,AUTORIA_NAO_COMPROVADA_NAO_INFERIR_CUSTOM_PRICE
MLB7087031006,VTK000258,active,item:MLB7087031006,136.51,,,,,False,AUTORIA_NAO_COMPROVADA_NAO_INFERIR_CUSTOM_PRICE
MLB7086990790,VTK000372,active,ml:MLB7086990790:MLB7316881426,218.65,,,,,False,AUTORIA_NAO_COMPROVADA_NAO_INFERIR_CUSTOM_PRICE
MLB7086978284,VTK000374,active,ml:MLB7086978284:MLB7104387632,287.84,,,,,False,AUTORIA_NAO_COMPROVADA_NAO_INFERIR_CUSTOM_PRICE
MLB7086975852,VTK000278,active,,155.87,,,,,False,AUTORIA_NAO_COMPROVADA_NAO_INFERIR_CUSTOM_PRICE
MLB7086772614,VTK000029,active,ml:MLB7076440644:MLB7086772614,214.3,,,,,False,AUTORIA_NAO_COMPROVADA_NAO_INFERIR_CUSTOM_PRICE
MLB4842212867,VTK005472,active,item:MLB4842212867,156.23,,,,,False,AUTORIA_NAO_COMPROVADA_NAO_INFERIR_CUSTOM_PRICE
MLB4842210865,VTK003874,active,ml:MLB4842210865:MLB7150323360,137.66,,,,,False,AUTORIA_NAO_COMPROVADA_NAO_INFERIR_CUSTOM_PRICE
MLB4842207521,VTK001920,active,ml:MLB4842207521:MLB7095390254,222.95,,,,,False,AUTORIA_NAO_COMPROVADA_NAO_INFERIR_CUSTOM_PRICE
MLB4842188165,VTK001719,active,ml:MLB4842188165:MLB5109038021,572.64,,,,,False,AUTORIA_NAO_COMPROVADA_NAO_INFERIR_CUSTOM_PRICE
MLB4842179537,VTK000678,active,ml:MLB4842179537:MLB7313972084,340,,,,,False,AUTORIA_NAO_COMPROVADA_NAO_INFERIR_CUSTOM_PRICE
MLB4842179487,VTK000672,active,ml:MLB4842179487:MLB7390923558,337.21,,,,,False,AUTORIA_NAO_COMPROVADA_NAO_INFERIR_CUSTOM_PRICE
MLB4842111899,VTK001460,active,ml:MLB4842111899:MLB7095391314,1690,,,,,False,AUTORIA_NAO_COMPROVADA_NAO_INFERIR_CUSTOM_PRICE
MLB4842102367,VTK001198,active,ml:MLB4842102367:MLB7095391390,114,,,,,False,AUTORIA_NAO_COMPROVADA_NAO_INFERIR_CUSTOM_PRICE
MLB4842093063,VTK001281,active,ml:MLB4842093063:MLB7095327328,2533,,,,,False,AUTORIA_NAO_COMPROVADA_NAO_INFERIR_CUSTOM_PRICE
MLB4842080135,VTK001265,active,item:MLB4842080135,212.09,,,,,False,AUTORIA_NAO_COMPROVADA_NAO_INFERIR_CUSTOM_PRICE
MLB4842076103,VTK001171,active,ml:MLB4842076103:MLB7095339842,233.49,,,,,False,AUTORIA_NAO_COMPROVADA_NAO_INFERIR_CUSTOM_PRICE
MLB4842017311,VTK000739,active,item:MLB4842017311,146.24,,,,,False,AUTORIA_NAO_COMPROVADA_NAO_INFERIR_CUSTOM_PRICE
MLB4842011317,VTK000550,active,ml:MLB4842011317:MLB4880559183,95,,,,,False,AUTORIA_NAO_COMPROVADA_NAO_INFERIR_CUSTOM_PRICE
MLB4842009627,VTK000474,active,,133.32,,,,,False,AUTORIA_NAO_COMPROVADA_NAO_INFERIR_CUSTOM_PRICE
MLB4842007827,VTK000591,active,ml:MLB4842007827:MLB7298189818,279,,,,,False,AUTORIA_NAO_COMPROVADA_NAO_INFERIR_CUSTOM_PRICE
MLB4841992283,VTK000499,active,,163.75,,,,,False,AUTORIA_NAO_COMPROVADA_NAO_INFERIR_CUSTOM_PRICE
MLB4841991409,VTK000453,active,ml:MLB4841991409:MLB7314823222,267,,,,,False,AUTORIA_NAO_COMPROVADA_NAO_INFERIR_CUSTOM_PRICE
MLB4841983317,VTK000398,active,ml:MLB4841983317:MLB7095328042,141.85,,,,,False,AUTORIA_NAO_COMPROVADA_NAO_INFERIR_CUSTOM_PRICE
MLB4841909841,VTK000047,active,ml:MLB4841909841:MLB4935791983,141.09,,,,,False,AUTORIA_NAO_COMPROVADA_NAO_INFERIR_CUSTOM_PRICE
MLB4841871323,VTK000169,active,ml:MLB4841871323:MLB7076594134,295.14,,,,,False,AUTORIA_NAO_COMPROVADA_NAO_INFERIR_CUSTOM_PRICE
MLB7096954924,VTK000763,active,ml:MLB4880559755:MLB7096954924,379.16,,,,,False,AUTORIA_NAO_COMPROVADA_NAO_INFERIR_CUSTOM_PRICE
MLB7095391988,VTK000474,active,,133.32,,,,,False,AUTORIA_NAO_COMPROVADA_NAO_INFERIR_CUSTOM_PRICE
MLB7095391390,VTK001198,active,ml:MLB4842102367:MLB7095391390,114,,,,,False,AUTORIA_NAO_COMPROVADA_NAO_INFERIR_CUSTOM_PRICE
MLB7095391314,VTK001460,active,ml:MLB4842111899:MLB7095391314,1690,,,,,False,AUTORIA_NAO_COMPROVADA_NAO_INFERIR_CUSTOM_PRICE
MLB7095390254,VTK001920,active,ml:MLB4842207521:MLB7095390254,222.95,,,,,False,AUTORIA_NAO_COMPROVADA_NAO_INFERIR_CUSTOM_PRICE
MLB7095389576,VTK001037,active,ml:MLB7087105658:MLB7095389576,151.68,,,,,False,AUTORIA_NAO_COMPROVADA_NAO_INFERIR_CUSTOM_PRICE
MLB7095339842,VTK001171,active,ml:MLB4842076103:MLB7095339842,233.49,,,,,False,AUTORIA_NAO_COMPROVADA_NAO_INFERIR_CUSTOM_PRICE
MLB7095337574,VTK003620,active,ml:MLB7087422150:MLB7095337574,306.54,,,,,False,AUTORIA_NAO_COMPROVADA_NAO_INFERIR_CUSTOM_PRICE
MLB7095328042,VTK000398,active,ml:MLB4841983317:MLB7095328042,141.85,,,,,False,AUTORIA_NAO_COMPROVADA_NAO_INFERIR_CUSTOM_PRICE
MLB7095328008,VTK000499,active,,163.75,,,,,False,AUTORIA_NAO_COMPROVADA_NAO_INFERIR_CUSTOM_PRICE
MLB7095327328,VTK001281,active,ml:MLB4842093063:MLB7095327328,2533,,,,,False,AUTORIA_NAO_COMPROVADA_NAO_INFERIR_CUSTOM_PRICE
MLB7095325034,VTK006496,active,ml:MLB7087427092:MLB7095325034,870,,,,,False,AUTORIA_NAO_COMPROVADA_NAO_INFERIR_CUSTOM_PRICE
MLB4847396967,VTK001131,active,,169.17,,,,,False,AUTORIA_NAO_COMPROVADA_NAO_INFERIR_CUSTOM_PRICE
MLB4846402331,VTK003672,active,ml:MLB4846402331:MLB7087410758,224,,,,,False,AUTORIA_NAO_COMPROVADA_NAO_INFERIR_CUSTOM_PRICE
MLB7101696424,VTK002110,active,ml:MLB7087408044:MLB7101696424,115,,,,,False,AUTORIA_NAO_COMPROVADA_NAO_INFERIR_CUSTOM_PRICE
MLB7101696360,VTK005369,active,ml:MLB7087424240:MLB7101696360,129,,,,,False,AUTORIA_NAO_COMPROVADA_NAO_INFERIR_CUSTOM_PRICE
MLB7104387632,VTK000374,active,ml:MLB7086978284:MLB7104387632,287.84,,,,,False,AUTORIA_NAO_COMPROVADA_NAO_INFERIR_CUSTOM_PRICE
MLB4852431659,VTK000278,active,,155.87,,,,,False,AUTORIA_NAO_COMPROVADA_NAO_INFERIR_CUSTOM_PRICE
MLB6978727556,VTK009685,active,ml:MLB4773129991:MLB6978727556,268,,,,,False,AUTORIA_NAO_COMPROVADA_NAO_INFERIR_CUSTOM_PRICE
MLB4773129991,VTK009685,active,ml:MLB4773129991:MLB6978727556,268,,,,,False,AUTORIA_NAO_COMPROVADA_NAO_INFERIR_CUSTOM_PRICE
MLB7111714590,VTK012141,active,ml:MLB4880560607:MLB7111714590,28.32,,,,,False,AUTORIA_NAO_COMPROVADA_NAO_INFERIR_CUSTOM_PRICE
MLB7111713458,VTK000473,active,ml:MLB4987962307:MLB7111713458,39.19,,,,,False,AUTORIA_NAO_COMPROVADA_NAO_INFERIR_CUSTOM_PRICE
MLB7111713346,VTK012448,active,item:MLB7111713346,41.28,,,,,False,AUTORIA_NAO_COMPROVADA_NAO_INFERIR_CUSTOM_PRICE
MLB7111712006,VTK012354,active,ml:MLB5191246423:MLB7111712006,69.55,,,,,False,AUTORIA_NAO_COMPROVADA_NAO_INFERIR_CUSTOM_PRICE
MLB7111711972,VTK012044,active,,42.46,,,,,False,AUTORIA_NAO_COMPROVADA_NAO_INFERIR_CUSTOM_PRICE
MLB7111707586,VTK012136,active,,93.81,,,,,False,AUTORIA_NAO_COMPROVADA_NAO_INFERIR_CUSTOM_PRICE
MLB7111707254,VTK012137,active,ml:MLB7111707254:MLB7149328206,242.78,,,,,False,AUTORIA_NAO_COMPROVADA_NAO_INFERIR_CUSTOM_PRICE
MLB7111661162,VTK012117,active,ml:MLB4880564709:MLB7111661162,265.02,,,,,False,AUTORIA_NAO_COMPROVADA_NAO_INFERIR_CUSTOM_PRICE
MLB7111657656,VTK012370,active,ml:MLB7111657656:MLB7149329858,117,,,,,False,AUTORIA_NAO_COMPROVADA_NAO_INFERIR_CUSTOM_PRICE
MLB7111657614,VTK012434,active,item:MLB7111657614,123.53,,,,,False,AUTORIA_NAO_COMPROVADA_NAO_INFERIR_CUSTOM_PRICE
MLB7111657602,VTK012401,active,item:MLB7111657602,118,,,,,False,AUTORIA_NAO_COMPROVADA_NAO_INFERIR_CUSTOM_PRICE
MLB7111657598,VTK012816,active,,125.58,,,,,False,AUTORIA_NAO_COMPROVADA_NAO_INFERIR_CUSTOM_PRICE
MLB7111657560,VTK012287,active,ml:MLB7111657560:MLB7317384416,122,,,,,False,AUTORIA_NAO_COMPROVADA_NAO_INFERIR_CUSTOM_PRICE
MLB7111657558,VTK001779,active,item:MLB7111657558,114,,,,,False,AUTORIA_NAO_COMPROVADA_NAO_INFERIR_CUSTOM_PRICE
MLB7111657532,VTK012249,active,item:MLB7111657532,117,,,,,False,AUTORIA_NAO_COMPROVADA_NAO_INFERIR_CUSTOM_PRICE
MLB7111657520,VTK005557,active,ml:MLB7111657520:MLB7400500890,115,,,,,False,AUTORIA_NAO_COMPROVADA_NAO_INFERIR_CUSTOM_PRICE
MLB7111657482,VTK012405,active,ml:MLB4880582905:MLB7111657482,122,,,,,False,AUTORIA_NAO_COMPROVADA_NAO_INFERIR_CUSTOM_PRICE
MLB7111657472,VTK012534,active,ml:MLB4880582935:MLB7111657472,129,,,,,False,AUTORIA_NAO_COMPROVADA_NAO_INFERIR_CUSTOM_PRICE
MLB7111657460,VTK012280,active,,134.32,,,,,False,AUTORIA_NAO_COMPROVADA_NAO_INFERIR_CUSTOM_PRICE
MLB7111657444,VTK012214,active,ml:MLB4880565187:MLB7111657444,126,,,,,False,AUTORIA_NAO_COMPROVADA_NAO_INFERIR_CUSTOM_PRICE
MLB7111657432,VTK012511,active,ml:MLB7111657432:MLB7381240798,128.98,,,,,False,AUTORIA_NAO_COMPROVADA_NAO_INFERIR_CUSTOM_PRICE
MLB7111657394,VTK012134,active,item:MLB7111657394,170.18,,,,,False,AUTORIA_NAO_COMPROVADA_NAO_INFERIR_CUSTOM_PRICE
MLB7111657378,VTK012247,active,ml:MLB7111657378:MLB7151451600,134,,,,,False,AUTORIA_NAO_COMPROVADA_NAO_INFERIR_CUSTOM_PRICE
MLB7111657194,VTK001634,active,ml:MLB7111657194:MLB7400501048,138.91,,,,,False,AUTORIA_NAO_COMPROVADA_NAO_INFERIR_CUSTOM_PRICE
MLB7111657184,VTK012689,active,ml:MLB4880565223:MLB7111657184,208.94,,,,,False,AUTORIA_NAO_COMPROVADA_NAO_INFERIR_CUSTOM_PRICE
MLB7111657164,VTK004355,active,ml:MLB7111657164:MLB7149330064,183.82,,,,,False,AUTORIA_NAO_COMPROVADA_NAO_INFERIR_CUSTOM_PRICE
MLB7111657114,VTK012121,active,ml:MLB4880583089:MLB7111657114,164.45,,,,,False,AUTORIA_NAO_COMPROVADA_NAO_INFERIR_CUSTOM_PRICE
MLB7111657072,VTK012562,active,item:MLB7111657072,169.39,,,,,False,AUTORIA_NAO_COMPROVADA_NAO_INFERIR_CUSTOM_PRICE
MLB7111657038,VTK002096,active,ml:MLB7111657038:MLB7149330130,181,,,,,False,AUTORIA_NAO_COMPROVADA_NAO_INFERIR_CUSTOM_PRICE
MLB7111657006,VTK012317,active,item:MLB7111657006,184.29,,,,,False,AUTORIA_NAO_COMPROVADA_NAO_INFERIR_CUSTOM_PRICE
MLB7111656988,VTK012648,active,ml:MLB4880583191:MLB7111656988,184,,,,,False,AUTORIA_NAO_COMPROVADA_NAO_INFERIR_CUSTOM_PRICE
MLB7111656974,VTK001744,active,ml:MLB7111656974:MLB7313972918,213.99,,,,,False,AUTORIA_NAO_COMPROVADA_NAO_INFERIR_CUSTOM_PRICE
MLB7111656880,VTK012553,active,item:MLB7111656880,206.04,,,,,False,AUTORIA_NAO_COMPROVADA_NAO_INFERIR_CUSTOM_PRICE
MLB7111656796,VTK012212,active,ml:MLB4880565453:MLB7111656796,211.98,,,,,False,AUTORIA_NAO_COMPROVADA_NAO_INFERIR_CUSTOM_PRICE
MLB7111656746,VTK012572,active,item:MLB7111656746,229.75,,,,,False,AUTORIA_NAO_COMPROVADA_NAO_INFERIR_CUSTOM_PRICE
MLB7111656732,VTK012665,active,ml:MLB4880583319:MLB7111656732,229,,,,,False,AUTORIA_NAO_COMPROVADA_NAO_INFERIR_CUSTOM_PRICE
MLB7111656714,VTK012057,active,ml:MLB4880583365:MLB7111656714,224.9,,,,,False,AUTORIA_NAO_COMPROVADA_NAO_INFERIR_CUSTOM_PRICE
MLB7111656664,VTK012472,active,item:MLB7111656664,260,,,,,False,AUTORIA_NAO_COMPROVADA_NAO_INFERIR_CUSTOM_PRICE
MLB7111656650,VTK012756,active,item:MLB7111656650,280.86,,,,,False,AUTORIA_NAO_COMPROVADA_NAO_INFERIR_CUSTOM_PRICE
MLB7111656348,VTK012815,active,item:MLB7111656348,274.82,,,,,False,AUTORIA_NAO_COMPROVADA_NAO_INFERIR_CUSTOM_PRICE
MLB7111656332,VTK002431,active,ml:MLB7111656332:MLB7316881386,221.85,,,,,False,AUTORIA_NAO_COMPROVADA_NAO_INFERIR_CUSTOM_PRICE
MLB7111656322,VTK003965,active,ml:MLB4880565609:MLB7111656322,262.81,,,,,False,AUTORIA_NAO_COMPROVADA_NAO_INFERIR_CUSTOM_PRICE
MLB7111656302,VTK005668,active,item:MLB7111656302,267.11,,,,,False,AUTORIA_NAO_COMPROVADA_NAO_INFERIR_CUSTOM_PRICE
MLB7111656272,VTK012621,active,item:MLB7111656272,283.21,,,,,False,AUTORIA_NAO_COMPROVADA_NAO_INFERIR_CUSTOM_PRICE
MLB7111656246,VTK004174,active,item:MLB7111656246,271.06,,,,,False,AUTORIA_NAO_COMPROVADA_NAO_INFERIR_CUSTOM_PRICE
MLB7111656224,VTK012537,active,ml:MLB4880565639:MLB7111656224,257,,,,,False,AUTORIA_NAO_COMPROVADA_NAO_INFERIR_CUSTOM_PRICE
MLB7111656214,VTK012404,active,item:MLB7111656214,273.74,,,,,False,AUTORIA_NAO_COMPROVADA_NAO_INFERIR_CUSTOM_PRICE
MLB7111656192,VTK012805,active,item:MLB7111656192,297.95,,,,,False,AUTORIA_NAO_COMPROVADA_NAO_INFERIR_CUSTOM_PRICE
MLB7111656188,VTK012500,active,item:MLB7111656188,288.83,,,,,False,AUTORIA_NAO_COMPROVADA_NAO_INFERIR_CUSTOM_PRICE
MLB7111656164,VTK012122,active,ml:MLB4880565683:MLB7111656164,289,,,,,False,AUTORIA_NAO_COMPROVADA_NAO_INFERIR_CUSTOM_PRICE
MLB7111656152,VTK012138,active,ml:MLB4880565711:MLB7111656152,298.92,,,,,False,AUTORIA_NAO_COMPROVADA_NAO_INFERIR_CUSTOM_PRICE
MLB7111656132,VTK012753,active,ml:MLB7111656132:MLB7298190190,331.11,,,,,False,AUTORIA_NAO_COMPROVADA_NAO_INFERIR_CUSTOM_PRICE
MLB7111656118,VTK000053,active,ml:MLB4880583557:MLB7111656118,308.75,,,,,False,AUTORIA_NAO_COMPROVADA_NAO_INFERIR_CUSTOM_PRICE
MLB7111656054,VTK012796,active,ml:MLB4880565805:MLB7111656054,333.38,,,,,False,AUTORIA_NAO_COMPROVADA_NAO_INFERIR_CUSTOM_PRICE
MLB7111656034,VTK012709,active,item:MLB7111656034,371.89,,,,,False,AUTORIA_NAO_COMPROVADA_NAO_INFERIR_CUSTOM_PRICE
MLB7111656028,VTK001646,active,ml:MLB4880583621:MLB7111656028,335.44,,,,,False,AUTORIA_NAO_COMPROVADA_NAO_INFERIR_CUSTOM_PRICE
MLB7111656016,VTK012806,active,item:MLB7111656016,357.61,,,,,False,AUTORIA_NAO_COMPROVADA_NAO_INFERIR_CUSTOM_PRICE
MLB7111655982,VTK012348,active,ml:MLB4880565877:MLB7111655982,372.71,,,,,False,AUTORIA_NAO_COMPROVADA_NAO_INFERIR_CUSTOM_PRICE
MLB7111655956,VTK012622,active,item:MLB7111655956,409.8,,,,,False,AUTORIA_NAO_COMPROVADA_NAO_INFERIR_CUSTOM_PRICE
MLB7111655888,VTK012349,active,ml:MLB7111655888:MLB7149330638,497.06,,,,,False,AUTORIA_NAO_COMPROVADA_NAO_INFERIR_CUSTOM_PRICE
MLB7111655878,VTK012556,active,item:MLB7111655878,487,,,,,False,AUTORIA_NAO_COMPROVADA_NAO_INFERIR_CUSTOM_PRICE
MLB7111655860,VTK012322,active,ml:MLB7111655860:MLB7149330676,536.07,,,,,False,AUTORIA_NAO_COMPROVADA_NAO_INFERIR_CUSTOM_PRICE
MLB7111655842,VTK012827,active,ml:MLB7111655842:MLB7176569872,486.88,,,,,False,AUTORIA_NAO_COMPROVADA_NAO_INFERIR_CUSTOM_PRICE
MLB7111655832,VTK012378,active,ml:MLB7111655832:MLB7330115322,566.82,,,,,False,AUTORIA_NAO_COMPROVADA_NAO_INFERIR_CUSTOM_PRICE
MLB7111655810,VTK012385,active,ml:MLB7111655810:MLB7149331936,593,,,,,False,AUTORIA_NAO_COMPROVADA_NAO_INFERIR_CUSTOM_PRICE
MLB7111655796,VTK012705,active,ml:MLB7111655796:MLB7149331966,577,,,,,False,AUTORIA_NAO_COMPROVADA_NAO_INFERIR_CUSTOM_PRICE
MLB7111655774,VTK012634,active,ml:MLB7111655774:MLB7149366208,599,,,,,False,AUTORIA_NAO_COMPROVADA_NAO_INFERIR_CUSTOM_PRICE
MLB7111655726,VTK012376,active,ml:MLB7111655726:MLB7149332050,769.12,,,,,False,AUTORIA_NAO_COMPROVADA_NAO_INFERIR_CUSTOM_PRICE
MLB7111655720,VTK012659,active,ml:MLB4882821579:MLB7111655720,777.87,,,,,False,AUTORIA_NAO_COMPROVADA_NAO_INFERIR_CUSTOM_PRICE
MLB7111655700,VTK012455,active,item:MLB7111655700,981.68,,,,,False,AUTORIA_NAO_COMPROVADA_NAO_INFERIR_CUSTOM_PRICE
MLB7111655688,VTK012646,active,item:MLB7111655688,1113.27,,,,,False,AUTORIA_NAO_COMPROVADA_NAO_INFERIR_CUSTOM_PRICE
MLB7111655680,VTK002564,active,ml:MLB7111655680:MLB7316881812,1074.91,,,,,False,AUTORIA_NAO_COMPROVADA_NAO_INFERIR_CUSTOM_PRICE
MLB7111655668,VTK006461,active,ml:MLB7111655668:MLB7149332082,1290,,,,,False,AUTORIA_NAO_COMPROVADA_NAO_INFERIR_CUSTOM_PRICE
MLB7111655642,VTK012578,active,ml:MLB4880585127:MLB7111655642,1170,,,,,False,AUTORIA_NAO_COMPROVADA_NAO_INFERIR_CUSTOM_PRICE
MLB7111655632,VTK012485,active,ml:MLB4987961323:MLB7111655632,1149,,,,,False,AUTORIA_NAO_COMPROVADA_NAO_INFERIR_CUSTOM_PRICE
MLB7111655614,VTK012486,active,item:MLB7111655614,1170,,,,,False,AUTORIA_NAO_COMPROVADA_NAO_INFERIR_CUSTOM_PRICE
MLB7111655568,VTK012785,active,ml:MLB4880585171:MLB7111655568,1166,,,,,False,AUTORIA_NAO_COMPROVADA_NAO_INFERIR_CUSTOM_PRICE
MLB7111655208,VTK012661,active,item:MLB7111655208,1241.3,,,,,False,AUTORIA_NAO_COMPROVADA_NAO_INFERIR_CUSTOM_PRICE
MLB7111654940,VTK012638,active,item:MLB7111654940,1500,,,,,False,AUTORIA_NAO_COMPROVADA_NAO_INFERIR_CUSTOM_PRICE
MLB7111654930,VTK012662,active,item:MLB7111654930,1559.33,,,,,False,AUTORIA_NAO_COMPROVADA_NAO_INFERIR_CUSTOM_PRICE
MLB7111654922,VTK012435,active,ml:MLB7111654922:MLB7492666254,1770,,,,,False,AUTORIA_NAO_COMPROVADA_NAO_INFERIR_CUSTOM_PRICE
MLB7111654916,VTK012761,active,ml:MLB5112642681:MLB7111654916,1770,,,,,False,AUTORIA_NAO_COMPROVADA_NAO_INFERIR_CUSTOM_PRICE
MLB7111654900,VTK012780,active,item:MLB7111654900,1670,,,,,False,AUTORIA_NAO_COMPROVADA_NAO_INFERIR_CUSTOM_PRICE
MLB7111654802,VTK012760,active,item:MLB7111654802,1990,,,,,False,AUTORIA_NAO_COMPROVADA_NAO_INFERIR_CUSTOM_PRICE
MLB7111654764,VTK012706,active,ml:MLB7111654764:MLB7314824310,1989,,,,,False,AUTORIA_NAO_COMPROVADA_NAO_INFERIR_CUSTOM_PRICE
MLB7111654754,VTK012636,active,ml:MLB7111654754:MLB7298177242,2170,,,,,False,AUTORIA_NAO_COMPROVADA_NAO_INFERIR_CUSTOM_PRICE
MLB7111654744,VTK012557,active,item:MLB7111654744,2399,,,,,False,AUTORIA_NAO_COMPROVADA_NAO_INFERIR_CUSTOM_PRICE
MLB7111654740,VTK004555,active,ml:MLB7111654740:MLB7149332208,2570,,,,,False,AUTORIA_NAO_COMPROVADA_NAO_INFERIR_CUSTOM_PRICE
MLB7111654728,VTK012774,active,ml:MLB7111654728:MLB7330546610,2699,,,,,False,AUTORIA_NAO_COMPROVADA_NAO_INFERIR_CUSTOM_PRICE
MLB7111650726,VTK003175,active,,63.03,,,,,False,AUTORIA_NAO_COMPROVADA_NAO_INFERIR_CUSTOM_PRICE
MLB7111649646,VTK012127,active,ml:MLB7111649646:MLB7149332866,237.56,,,,,False,AUTORIA_NAO_COMPROVADA_NAO_INFERIR_CUSTOM_PRICE
MLB7111648658,VTK012460,active,,110.71,,,,,False,AUTORIA_NAO_COMPROVADA_NAO_INFERIR_CUSTOM_PRICE
MLB7111645178,VTK012746,active,item:MLB7111645178,109,,,,,False,AUTORIA_NAO_COMPROVADA_NAO_INFERIR_CUSTOM_PRICE
MLB7111645100,VTK012387,active,ml:MLB7111645100:MLB7149367956,115.13,,,,,False,AUTORIA_NAO_COMPROVADA_NAO_INFERIR_CUSTOM_PRICE
MLB7111645070,VTK004149,active,ml:MLB4880586833:MLB7111645070,113,,,,,False,AUTORIA_NAO_COMPROVADA_NAO_INFERIR_CUSTOM_PRICE
MLB7111645058,VTK012454,active,item:MLB7111645058,121,,,,,False,AUTORIA_NAO_COMPROVADA_NAO_INFERIR_CUSTOM_PRICE
MLB7111645008,VTK003981,active,,122.31,,,,,False,AUTORIA_NAO_COMPROVADA_NAO_INFERIR_CUSTOM_PRICE
MLB7111644974,VTK012544,active,item:MLB7111644974,127.92,,,,,False,AUTORIA_NAO_COMPROVADA_NAO_INFERIR_CUSTOM_PRICE
MLB7111644912,VTK012020,active,ml:MLB7111644912:MLB7151451750,136.94,,,,,False,AUTORIA_NAO_COMPROVADA_NAO_INFERIR_CUSTOM_PRICE
MLB7111644832,VTK005554,active,item:MLB7111644832,138.83,,,,,False,AUTORIA_NAO_COMPROVADA_NAO_INFERIR_CUSTOM_PRICE
MLB7111644822,VTK012458,active,ml:MLB7111644822:MLB7149368086,127,,,,,False,AUTORIA_NAO_COMPROVADA_NAO_INFERIR_CUSTOM_PRICE
MLB7111644776,VTK012487,active,ml:MLB4880586945:MLB7111644776,144.42,,,,,False,AUTORIA_NAO_COMPROVADA_NAO_INFERIR_CUSTOM_PRICE
MLB7111644770,VTK012305,active,item:MLB7111644770,142.59,,,,,False,AUTORIA_NAO_COMPROVADA_NAO_INFERIR_CUSTOM_PRICE
MLB7111644752,VTK003353,active,item:MLB7111644752,131.69,,,,,False,AUTORIA_NAO_COMPROVADA_NAO_INFERIR_CUSTOM_PRICE
MLB7111644740,VTK001957,active,ml:MLB7111644740:MLB7437025648,144.38,,,,,False,AUTORIA_NAO_COMPROVADA_NAO_INFERIR_CUSTOM_PRICE
MLB7111644708,VTK002522,active,ml:MLB4880586993:MLB7111644708,137,,,,,False,AUTORIA_NAO_COMPROVADA_NAO_INFERIR_CUSTOM_PRICE
MLB7111644690,VTK012681,active,ml:MLB7111644690:MLB7149368196,160.88,,,,,False,AUTORIA_NAO_COMPROVADA_NAO_INFERIR_CUSTOM_PRICE
MLB7111644672,VTK004398,active,ml:MLB7111644672:MLB7149368238,138,,,,,False,AUTORIA_NAO_COMPROVADA_NAO_INFERIR_CUSTOM_PRICE
MLB7111644596,VTK003036,active,ml:MLB7111644596:MLB7149368280,154,,,,,False,AUTORIA_NAO_COMPROVADA_NAO_INFERIR_CUSTOM_PRICE
MLB7111644566,VTK012626,active,ml:MLB4972532847:MLB7111644566,199.34,,,,,False,AUTORIA_NAO_COMPROVADA_NAO_INFERIR_CUSTOM_PRICE
MLB7111644550,VTK012227,active,item:MLB7111644550,168.49,,,,,False,AUTORIA_NAO_COMPROVADA_NAO_INFERIR_CUSTOM_PRICE
MLB7111644490,VTK012698,active,ml:MLB7111644490:MLB7149334130,179,,,,,False,AUTORIA_NAO_COMPROVADA_NAO_INFERIR_CUSTOM_PRICE
MLB7111644430,VTK012586,active,ml:MLB7111644430:MLB7158598032,183.62,,,,,False,AUTORIA_NAO_COMPROVADA_NAO_INFERIR_CUSTOM_PRICE
MLB7111644350,VTK012199,active,item:MLB7111644350,189,,,,,False,AUTORIA_NAO_COMPROVADA_NAO_INFERIR_CUSTOM_PRICE
MLB7111644336,VTK012625,active,ml:MLB4880587163:MLB7111644336,189.17,,,,,False,AUTORIA_NAO_COMPROVADA_NAO_INFERIR_CUSTOM_PRICE
MLB7111644302,VTK012673,active,,178.8,,,,,False,AUTORIA_NAO_COMPROVADA_NAO_INFERIR_CUSTOM_PRICE
MLB7111644272,VTK004144,active,item:MLB7111644272,216.22,,,,,False,AUTORIA_NAO_COMPROVADA_NAO_INFERIR_CUSTOM_PRICE
MLB7111644248,VTK012257,active,ml:MLB4880587229:MLB7111644248,213,,,,,False,AUTORIA_NAO_COMPROVADA_NAO_INFERIR_CUSTOM_PRICE
MLB7111643776,VTK005570,active,item:MLB7111643776,270.6,,,,,False,AUTORIA_NAO_COMPROVADA_NAO_INFERIR_CUSTOM_PRICE
MLB7111643742,VTK012573,active,item:MLB7111643742,267.11,,,,,False,AUTORIA_NAO_COMPROVADA_NAO_INFERIR_CUSTOM_PRICE
MLB7111643708,VTK012701,active,item:MLB7111643708,276.35,,,,,False,AUTORIA_NAO_COMPROVADA_NAO_INFERIR_CUSTOM_PRICE
MLB7111643660,VTK001348,active,ml:MLB7111643660:MLB7316881180,276,,,,,False,AUTORIA_NAO_COMPROVADA_NAO_INFERIR_CUSTOM_PRICE
MLB7111643630,VTK012490,active,ml:MLB7111643630:MLB7149368460,283,,,,,False,AUTORIA_NAO_COMPROVADA_NAO_INFERIR_CUSTOM_PRICE
MLB7111643582,VTK012333,active,item:MLB7111643582,307,,,,,False,AUTORIA_NAO_COMPROVADA_NAO_INFERIR_CUSTOM_PRICE
MLB7111643556,VTK012804,active,item:MLB7111643556,319.88,,,,,False,AUTORIA_NAO_COMPROVADA_NAO_INFERIR_CUSTOM_PRICE
MLB7111643548,VTK012678,active,ml:MLB4880587309:MLB7111643548,326.72,,,,,False,AUTORIA_NAO_COMPROVADA_NAO_INFERIR_CUSTOM_PRICE
MLB7111643544,VTK012539,active,ml:MLB4880587351:MLB7111643544,299,,,,,False,AUTORIA_NAO_COMPROVADA_NAO_INFERIR_CUSTOM_PRICE
MLB7111643540,VTK012604,active,item:MLB7111643540,327.48,,,,,False,AUTORIA_NAO_COMPROVADA_NAO_INFERIR_CUSTOM_PRICE
MLB7111643534,VTK012587,active,item:MLB7111643534,326.3,,,,,False,AUTORIA_NAO_COMPROVADA_NAO_INFERIR_CUSTOM_PRICE
MLB7111643452,VTK012793,active,ml:MLB7111643452:MLB7149368602,360,,,,,False,AUTORIA_NAO_COMPROVADA_NAO_INFERIR_CUSTOM_PRICE
MLB7111643442,VTK012332,active,item:MLB7111643442,374.18,,,,,False,AUTORIA_NAO_COMPROVADA_NAO_INFERIR_CUSTOM_PRICE
MLB7111643402,VTK012667,active,ml:MLB7111643402:MLB7149368648,472.15,,,,,False,AUTORIA_NAO_COMPROVADA_NAO_INFERIR_CUSTOM_PRICE
MLB7111643302,VTK012808,active,item:MLB7111643302,586.27,,,,,False,AUTORIA_NAO_COMPROVADA_NAO_INFERIR_CUSTOM_PRICE
MLB7111643256,VTK012580,active,ml:MLB7111643256:MLB7236458972,655.17,,,,,False,AUTORIA_NAO_COMPROVADA_NAO_INFERIR_CUSTOM_PRICE
MLB7111643250,VTK012794,active,ml:MLB7111643250:MLB7149368708,719.18,,,,,False,AUTORIA_NAO_COMPROVADA_NAO_INFERIR_CUSTOM_PRICE
MLB7111643244,VTK012358,active,ml:MLB4880587575:MLB7111643244,679,,,,,False,AUTORIA_NAO_COMPROVADA_NAO_INFERIR_CUSTOM_PRICE
MLB7111643238,VTK012758,active,ml:MLB7111643238:MLB7149334612,757.02,,,,,False,AUTORIA_NAO_COMPROVADA_NAO_INFERIR_CUSTOM_PRICE
MLB7111643206,VTK012514,active,ml:MLB7111643206:MLB7149334650,775,,,,,False,AUTORIA_NAO_COMPROVADA_NAO_INFERIR_CUSTOM_PRICE
MLB7111643182,VTK002512,active,item:MLB7111643182,1113.27,,,,,False,AUTORIA_NAO_COMPROVADA_NAO_INFERIR_CUSTOM_PRICE
MLB7111643162,VTK012633,active,item:MLB7111643162,1077,,,,,False,AUTORIA_NAO_COMPROVADA_NAO_INFERIR_CUSTOM_PRICE
MLB7111643134,VTK012695,active,ml:MLB7111643134:MLB7149368866,1217.42,,,,,False,AUTORIA_NAO_COMPROVADA_NAO_INFERIR_CUSTOM_PRICE
MLB7111643110,VTK012637,active,ml:MLB7111643110:MLB7298177226,1140,,,,,False,AUTORIA_NAO_COMPROVADA_NAO_INFERIR_CUSTOM_PRICE
MLB7111643100,VTK012577,active,ml:MLB4880587713:MLB7111643100,1190,,,,,False,AUTORIA_NAO_COMPROVADA_NAO_INFERIR_CUSTOM_PRICE
MLB7111643080,VTK012579,active,item:MLB7111643080,1170,,,,,False,AUTORIA_NAO_COMPROVADA_NAO_INFERIR_CUSTOM_PRICE
MLB7111642726,VTK012817,active,ml:MLB7111642726:MLB7400501166,1399,,,,,False,AUTORIA_NAO_COMPROVADA_NAO_INFERIR_CUSTOM_PRICE
MLB7111642528,VTK003068,active,ml:MLB7111642528:MLB7316880208,1330,,,,,False,AUTORIA_NAO_COMPROVADA_NAO_INFERIR_CUSTOM_PRICE
MLB7111642362,VTK012759,active,item:MLB7111642362,1568.03,,,,,False,AUTORIA_NAO_COMPROVADA_NAO_INFERIR_CUSTOM_PRICE
MLB7111642316,VTK005754,active,ml:MLB4880587765:MLB7111642316,1690,,,,,False,AUTORIA_NAO_COMPROVADA_NAO_INFERIR_CUSTOM_PRICE
MLB7111642296,VTK012676,active,ml:MLB7111642296:MLB7316878514,1620,,,,,False,AUTORIA_NAO_COMPROVADA_NAO_INFERIR_CUSTOM_PRICE
MLB7111642276,VTK012555,active,ml:MLB7111642276:MLB7437026280,1770,,,,,False,AUTORIA_NAO_COMPROVADA_NAO_INFERIR_CUSTOM_PRICE
MLB7111642262,VTK012447,active,ml:MLB4986647859:MLB7111642262,1743,,,,,False,AUTORIA_NAO_COMPROVADA_NAO_INFERIR_CUSTOM_PRICE
MLB7111642248,VTK012644,active,ml:MLB4935792261:MLB7111642248,1999,,,,,False,AUTORIA_NAO_COMPROVADA_NAO_INFERIR_CUSTOM_PRICE
MLB7111642236,VTK012773,active,ml:MLB4935792221:MLB7111642236,2099,,,,,False,AUTORIA_NAO_COMPROVADA_NAO_INFERIR_CUSTOM_PRICE
MLB7111642228,VTK012778,active,ml:MLB7111642228:MLB7593394174,2077,,,,,False,AUTORIA_NAO_COMPROVADA_NAO_INFERIR_CUSTOM_PRICE
MLB7111642212,VTK012576,active,ml:MLB7111642212:MLB7314822926,2252.32,,,,,False,AUTORIA_NAO_COMPROVADA_NAO_INFERIR_CUSTOM_PRICE
MLB7111642130,VTK012757,active,item:MLB7111642130,2599,,,,,False,AUTORIA_NAO_COMPROVADA_NAO_INFERIR_CUSTOM_PRICE
MLB7111548480,VTK001202,active,ml:MLB7111548480:MLB7149334848,189,,,,,False,AUTORIA_NAO_COMPROVADA_NAO_INFERIR_CUSTOM_PRICE
MLB7111548372,VTK001354,active,ml:MLB7111548372:MLB7317385298,187.38,,,,,False,AUTORIA_NAO_COMPROVADA_NAO_INFERIR_CUSTOM_PRICE
MLB7111547894,VTK002203,active,ml:MLB4880588449:MLB7111547894,406.28,,,,,False,AUTORIA_NAO_COMPROVADA_NAO_INFERIR_CUSTOM_PRICE
MLB4857882581,VTK003230,active,ml:MLB4857882581:MLB7087410230,165.96,,,,,False,AUTORIA_NAO_COMPROVADA_NAO_INFERIR_CUSTOM_PRICE
MLB4857662833,VTK003197,active,ml:MLB4857662833:MLB7157760908,645.81,,,,,False,AUTORIA_NAO_COMPROVADA_NAO_INFERIR_CUSTOM_PRICE
MLB4857662781,VTK003567,active,ml:MLB4857662781:MLB4880588901,1047.34,,,,,False,AUTORIA_NAO_COMPROVADA_NAO_INFERIR_CUSTOM_PRICE
MLB4857662681,VTK002666,active,ml:MLB4857662681:MLB7149370270,1293,,,,,False,AUTORIA_NAO_COMPROVADA_NAO_INFERIR_CUSTOM_PRICE
MLB4857662657,VTK003168,active,ml:MLB4857662657:MLB7149370284,1690,,,,,False,AUTORIA_NAO_COMPROVADA_NAO_INFERIR_CUSTOM_PRICE
MLB4857662613,VTK001856,active,ml:MLB4857662613:MLB7124249612,2354,,,,,False,AUTORIA_NAO_COMPROVADA_NAO_INFERIR_CUSTOM_PRICE
MLB4857644799,VTK006284,active,ml:MLB4857644799:MLB7149337058,2690,,,,,False,AUTORIA_NAO_COMPROVADA_NAO_INFERIR_CUSTOM_PRICE
MLB4857643697,VTK002784,active,ml:MLB4857643697:MLB7149337100,1016.27,,,,,False,AUTORIA_NAO_COMPROVADA_NAO_INFERIR_CUSTOM_PRICE
MLB4857643649,VTK004036,active,ml:MLB4857643649:MLB4880589981,997,,,,,False,AUTORIA_NAO_COMPROVADA_NAO_INFERIR_CUSTOM_PRICE
MLB4857643633,VTK001547,active,item:MLB4857643633,1403.72,,,,,False,AUTORIA_NAO_COMPROVADA_NAO_INFERIR_CUSTOM_PRICE
MLB4857643483,VTK001958,active,ml:MLB4857643483:MLB7191487574,2970,,,,,False,AUTORIA_NAO_COMPROVADA_NAO_INFERIR_CUSTOM_PRICE
MLB4857635575,VTK012651,active,item:MLB4857635575,68.24,,,,,False,AUTORIA_NAO_COMPROVADA_NAO_INFERIR_CUSTOM_PRICE
MLB4857631279,VTK002137,active,ml:MLB4857631279:MLB7149338566,990,,,,,False,AUTORIA_NAO_COMPROVADA_NAO_INFERIR_CUSTOM_PRICE
MLB4857631065,VTK001806,active,ml:MLB4857631065:MLB5109038839,2290,,,,,False,AUTORIA_NAO_COMPROVADA_NAO_INFERIR_CUSTOM_PRICE
MLB4857622923,VTK012535,active,,59.88,,,,,False,AUTORIA_NAO_COMPROVADA_NAO_INFERIR_CUSTOM_PRICE
MLB4857622897,VTK012495,active,item:MLB4857622897,176.99,,,,,False,AUTORIA_NAO_COMPROVADA_NAO_INFERIR_CUSTOM_PRICE
MLB4857542345,VTK012427,active,ml:MLB4857542345:MLB7149405220,115,,,,,False,AUTORIA_NAO_COMPROVADA_NAO_INFERIR_CUSTOM_PRICE
MLB4857542315,VTK012293,active,ml:MLB4857542315:MLB4880632563,109,,,,,False,AUTORIA_NAO_COMPROVADA_NAO_INFERIR_CUSTOM_PRICE
MLB4857542295,VTK012799,active,ml:MLB4857542295:MLB7149374674,115,,,,,False,AUTORIA_NAO_COMPROVADA_NAO_INFERIR_CUSTOM_PRICE
MLB4857542233,VTK012708,active,,130.42,,,,,False,AUTORIA_NAO_COMPROVADA_NAO_INFERIR_CUSTOM_PRICE
MLB4857542181,VTK012679,active,,126.42,,,,,False,AUTORIA_NAO_COMPROVADA_NAO_INFERIR_CUSTOM_PRICE
MLB4857542137,VTK012324,active,item:MLB4857542137,144.21,,,,,False,AUTORIA_NAO_COMPROVADA_NAO_INFERIR_CUSTOM_PRICE
MLB4857542103,VTK012191,active,ml:MLB4857542103:MLB7149374706,138.65,,,,,False,AUTORIA_NAO_COMPROVADA_NAO_INFERIR_CUSTOM_PRICE
MLB4857542091,VTK005540,active,,127.59,,,,,False,AUTORIA_NAO_COMPROVADA_NAO_INFERIR_CUSTOM_PRICE
MLB4857542039,VTK012226,active,ml:MLB4857542039:MLB4880632609,142.88,,,,,False,AUTORIA_NAO_COMPROVADA_NAO_INFERIR_CUSTOM_PRICE
MLB4857542005,VTK012053,active,ml:MLB4857542005:MLB7317384006,144.42,,,,,False,AUTORIA_NAO_COMPROVADA_NAO_INFERIR_CUSTOM_PRICE
MLB4857541977,VTK012545,active,item:MLB4857541977,133.14,,,,,False,AUTORIA_NAO_COMPROVADA_NAO_INFERIR_CUSTOM_PRICE
MLB4857541933,VTK012491,active,,131.83,,,,,False,AUTORIA_NAO_COMPROVADA_NAO_INFERIR_CUSTOM_PRICE
MLB4857541893,VTK012697,active,ml:MLB4857541893:MLB4880632635,167,,,,,False,AUTORIA_NAO_COMPROVADA_NAO_INFERIR_CUSTOM_PRICE
MLB4857541847,VTK012585,active,ml:MLB4857541847:MLB4877011977,136,,,,,False,AUTORIA_NAO_COMPROVADA_NAO_INFERIR_CUSTOM_PRICE
MLB4857541829,VTK005123,active,ml:MLB4857541829:MLB7149405318,137,,,,,False,AUTORIA_NAO_COMPROVADA_NAO_INFERIR_CUSTOM_PRICE
MLB4857541793,VTK012457,active,ml:MLB4857541793:MLB4882821681,150,,,,,False,AUTORIA_NAO_COMPROVADA_NAO_INFERIR_CUSTOM_PRICE
MLB4857541771,VTK012179,active,ml:MLB4857541771:MLB7149374780,153,,,,,False,AUTORIA_NAO_COMPROVADA_NAO_INFERIR_CUSTOM_PRICE
MLB4857541759,VTK005567,active,item:MLB4857541759,160,,,,,False,AUTORIA_NAO_COMPROVADA_NAO_INFERIR_CUSTOM_PRICE
MLB4857541723,VTK012488,active,ml:MLB4857541723:MLB7149374810,277,,,,,False,AUTORIA_NAO_COMPROVADA_NAO_INFERIR_CUSTOM_PRICE
MLB4857541685,VTK012006,active,ml:MLB4857541685:MLB4988014399,179.17,,,,,False,AUTORIA_NAO_COMPROVADA_NAO_INFERIR_CUSTOM_PRICE
MLB4857541679,VTK002700,active,item:MLB4857541679,179.48,,,,,False,AUTORIA_NAO_COMPROVADA_NAO_INFERIR_CUSTOM_PRICE
MLB4857541657,VTK012536,active,item:MLB4857541657,181.96,,,,,False,AUTORIA_NAO_COMPROVADA_NAO_INFERIR_CUSTOM_PRICE
MLB4857541595,VTK012660,active,item:MLB4857541595,193.32,,,,,False,AUTORIA_NAO_COMPROVADA_NAO_INFERIR_CUSTOM_PRICE
MLB4857541543,VTK012258,active,item:MLB4857541543,187,,,,,False,AUTORIA_NAO_COMPROVADA_NAO_INFERIR_CUSTOM_PRICE
MLB4857541533,VTK012225,active,ml:MLB4857541533:MLB7149374830,179,,,,,False,AUTORIA_NAO_COMPROVADA_NAO_INFERIR_CUSTOM_PRICE
MLB4857541521,VTK012666,active,,173.14,,,,,False,AUTORIA_NAO_COMPROVADA_NAO_INFERIR_CUSTOM_PRICE
MLB4857541435,VTK004124,active,item:MLB4857541435,214.94,,,,,False,AUTORIA_NAO_COMPROVADA_NAO_INFERIR_CUSTOM_PRICE
MLB4857541371,VTK012802,active,item:MLB4857541371,229.75,,,,,False,AUTORIA_NAO_COMPROVADA_NAO_INFERIR_CUSTOM_PRICE
MLB4857541345,VTK012664,active,item:MLB4857541345,237.91,,,,,False,AUTORIA_NAO_COMPROVADA_NAO_INFERIR_CUSTOM_PRICE
MLB4857541327,VTK012554,active,ml:MLB4857541327:MLB4880632743,229.22,,,,,False,AUTORIA_NAO_COMPROVADA_NAO_INFERIR_CUSTOM_PRICE
MLB4857540903,VTK012813,active,item:MLB4857540903,281.36,,,,,False,AUTORIA_NAO_COMPROVADA_NAO_INFERIR_CUSTOM_PRICE
MLB4857540897,VTK012440,active,item:MLB4857540897,269.49,,,,,False,AUTORIA_NAO_COMPROVADA_NAO_INFERIR_CUSTOM_PRICE
MLB4857540853,VTK012752,active,ml:MLB4857540853:MLB7314820706,327.5,,,,,False,AUTORIA_NAO_COMPROVADA_NAO_INFERIR_CUSTOM_PRICE
MLB4857540833,VTK012623,active,ml:MLB4857540833:MLB4981702361,331.11,,,,,False,AUTORIA_NAO_COMPROVADA_NAO_INFERIR_CUSTOM_PRICE
MLB4857540761,VTK012230,active,ml:MLB4857540761:MLB7149405422,330,,,,,False,AUTORIA_NAO_COMPROVADA_NAO_INFERIR_CUSTOM_PRICE
MLB4857540749,VTK012629,active,ml:MLB4857540749:MLB7149374888,335.78,,,,,False,AUTORIA_NAO_COMPROVADA_NAO_INFERIR_CUSTOM_PRICE
MLB4857540717,VTK003908,active,ml:MLB4857540717:MLB4898613395,371.31,,,,,False,AUTORIA_NAO_COMPROVADA_NAO_INFERIR_CUSTOM_PRICE
MLB4857540709,VTK012825,active,item:MLB4857540709,349.94,,,,,False,AUTORIA_NAO_COMPROVADA_NAO_INFERIR_CUSTOM_PRICE
MLB4857540675,VTK012755,active,ml:MLB4857540675:MLB7330395310,448.41,,,,,False,AUTORIA_NAO_COMPROVADA_NAO_INFERIR_CUSTOM_PRICE
MLB4857540661,VTK005835,active,ml:MLB4857540661:MLB7330396298,413.85,,,,,False,AUTORIA_NAO_COMPROVADA_NAO_INFERIR_CUSTOM_PRICE
MLB4857540629,VTK012807,active,item:MLB4857540629,443.55,,,,,False,AUTORIA_NAO_COMPROVADA_NAO_INFERIR_CUSTOM_PRICE
MLB4857540625,VTK012641,active,item:MLB4857540625,487.12,,,,,False,AUTORIA_NAO_COMPROVADA_NAO_INFERIR_CUSTOM_PRICE
MLB4857540613,VTK012754,active,item:MLB4857540613,510.45,,,,,False,AUTORIA_NAO_COMPROVADA_NAO_INFERIR_CUSTOM_PRICE
MLB4857540599,VTK012188,active,ml:MLB4857540599:MLB7149405472,450,,,,,False,AUTORIA_NAO_COMPROVADA_NAO_INFERIR_CUSTOM_PRICE
MLB4857540575,VTK012483,active,ml:MLB4857540575:MLB7149405486,493,,,,,False,AUTORIA_NAO_COMPROVADA_NAO_INFERIR_CUSTOM_PRICE
MLB4857540537,VTK012584,active,item:MLB4857540537,581.29,,,,,False,AUTORIA_NAO_COMPROVADA_NAO_INFERIR_CUSTOM_PRICE
MLB4857540513,VTK012768,active,ml:MLB4857540513:MLB4880632867,577,,,,,False,AUTORIA_NAO_COMPROVADA_NAO_INFERIR_CUSTOM_PRICE
MLB4857540467,VTK012692,active,ml:MLB4857540467:MLB7149405526,754.13,,,,,False,AUTORIA_NAO_COMPROVADA_NAO_INFERIR_CUSTOM_PRICE
MLB4857540461,VTK012552,active,ml:MLB4857540461:MLB7127532888,770,,,,,False,AUTORIA_NAO_COMPROVADA_NAO_INFERIR_CUSTOM_PRICE
MLB4857540439,VTK012824,active,item:MLB4857540439,807,,,,,False,AUTORIA_NAO_COMPROVADA_NAO_INFERIR_CUSTOM_PRICE
MLB4857540431,VTK012675,active,ml:MLB4857540431:MLB7149374986,870,,,,,False,AUTORIA_NAO_COMPROVADA_NAO_INFERIR_CUSTOM_PRICE
MLB4857540421,VTK012484,active,ml:MLB4857540421:MLB7531514934,1036.3,,,,,False,AUTORIA_NAO_COMPROVADA_NAO_INFERIR_CUSTOM_PRICE
MLB4857540387,VTK012603,active,ml:MLB4857540387:MLB7320340204,1170,,,,,False,AUTORIA_NAO_COMPROVADA_NAO_INFERIR_CUSTOM_PRICE
MLB4857540317,VTK012551,active,item:MLB4857540317,1170,,,,,False,AUTORIA_NAO_COMPROVADA_NAO_INFERIR_CUSTOM_PRICE
MLB4857539771,VTK012635,active,ml:MLB4857539771:MLB4880632951,1317.81,,,,,False,AUTORIA_NAO_COMPROVADA_NAO_INFERIR_CUSTOM_PRICE
MLB4857539695,VTK005337,active,ml:MLB4857539695:MLB7149405566,1333,,,,,False,AUTORIA_NAO_COMPROVADA_NAO_INFERIR_CUSTOM_PRICE
MLB4857539681,VTK012567,active,ml:MLB4857539681:MLB7149405578,1270,,,,,False,AUTORIA_NAO_COMPROVADA_NAO_INFERIR_CUSTOM_PRICE
MLB4857539675,VTK012364,active,ml:MLB4857539675:MLB7157761186,1290,,,,,False,AUTORIA_NAO_COMPROVADA_NAO_INFERIR_CUSTOM_PRICE
MLB4857539659,VTK012574,active,item:MLB4857539659,1591.64,,,,,False,AUTORIA_NAO_COMPROVADA_NAO_INFERIR_CUSTOM_PRICE
MLB4857539619,VTK005751,active,ml:MLB4857539619:MLB7149375060,1861.57,,,,,False,AUTORIA_NAO_COMPROVADA_NAO_INFERIR_CUSTOM_PRICE
MLB4857539515,VTK012677,active,ml:MLB4857539515:MLB7317384244,1960,,,,,False,AUTORIA_NAO_COMPROVADA_NAO_INFERIR_CUSTOM_PRICE
MLB4857539501,VTK012672,active,item:MLB4857539501,1990,,,,,False,AUTORIA_NAO_COMPROVADA_NAO_INFERIR_CUSTOM_PRICE
MLB4857539485,VTK012820,active,ml:MLB4857539485:MLB4935792289,2140,,,,,False,AUTORIA_NAO_COMPROVADA_NAO_INFERIR_CUSTOM_PRICE
MLB4857539465,VTK012513,active,item:MLB4857539465,2599,,,,,False,AUTORIA_NAO_COMPROVADA_NAO_INFERIR_CUSTOM_PRICE
MLB4857531013,VTK002570,active,ml:MLB4857531013:MLB7149375074,175.82,,,,,False,AUTORIA_NAO_COMPROVADA_NAO_INFERIR_CUSTOM_PRICE
MLB4857530911,VTK005803,active,ml:MLB4857530911:MLB7313984006,140.31,,,,,False,AUTORIA_NAO_COMPROVADA_NAO_INFERIR_CUSTOM_PRICE
MLB4857530901,VTK002143,active,ml:MLB4857530901:MLB4880633027,172.55,,,,,False,AUTORIA_NAO_COMPROVADA_NAO_INFERIR_CUSTOM_PRICE
MLB4857530863,VTK001146,active,item:MLB4857530863,281.33,,,,,False,AUTORIA_NAO_COMPROVADA_NAO_INFERIR_CUSTOM_PRICE
MLB4857530795,VTK002161,active,ml:MLB4857530795:MLB7149405662,238.93,,,,,False,AUTORIA_NAO_COMPROVADA_NAO_INFERIR_CUSTOM_PRICE
MLB4857498447,VTK000751,active,item:MLB4857498447,146.24,,,,,False,AUTORIA_NAO_COMPROVADA_NAO_INFERIR_CUSTOM_PRICE
MLB4857498113,VTK000460,active,ml:MLB4857498113:MLB7149405744,159.22,,,,,False,AUTORIA_NAO_COMPROVADA_NAO_INFERIR_CUSTOM_PRICE
MLB4857498057,VTK002739,active,ml:MLB4857498057:MLB7149375288,235.13,,,,,False,AUTORIA_NAO_COMPROVADA_NAO_INFERIR_CUSTOM_PRICE
MLB4857486953,VTK000161,active,item:MLB4857486953,568.58,,,,,False,AUTORIA_NAO_COMPROVADA_NAO_INFERIR_CUSTOM_PRICE
MLB4857485781,VTK000559,active,ml:MLB4857485781:MLB7149375624,369.07,,,,,False,AUTORIA_NAO_COMPROVADA_NAO_INFERIR_CUSTOM_PRICE
MLB4857485771,VTK004783,active,ml:MLB4857485771:MLB7330396250,299.47,,,,,False,AUTORIA_NAO_COMPROVADA_NAO_INFERIR_CUSTOM_PRICE
MLB4857485767,VTK001220,active,ml:MLB4857485767:MLB4949364223,276.8,,,,,False,AUTORIA_NAO_COMPROVADA_NAO_INFERIR_CUSTOM_PRICE
MLB4857485393,VTK003962,active,ml:MLB4857485393:MLB7149406196,297.15,,,,,False,AUTORIA_NAO_COMPROVADA_NAO_INFERIR_CUSTOM_PRICE
MLB4857485057,VTK001795,active,ml:MLB4857485057:MLB7149375942,321.94,,,,,False,AUTORIA_NAO_COMPROVADA_NAO_INFERIR_CUSTOM_PRICE
MLB7120040990,VTK009710,active,ml:MLB4800956385:MLB7120040990,1077,,,,,False,AUTORIA_NAO_COMPROVADA_NAO_INFERIR_CUSTOM_PRICE
MLB7127532888,VTK012552,active,ml:MLB4857540461:MLB7127532888,770,,,,,False,AUTORIA_NAO_COMPROVADA_NAO_INFERIR_CUSTOM_PRICE
MLB7124249612,VTK001856,active,ml:MLB4857662613:MLB7124249612,2354,,,,,False,AUTORIA_NAO_COMPROVADA_NAO_INFERIR_CUSTOM_PRICE
MLB4866768089,VTK000123,active,ml:MLB4866768089:MLB7313972836,2690,,,,,False,AUTORIA_NAO_COMPROVADA_NAO_INFERIR_CUSTOM_PRICE
MLB7137239362,VTK000303,active,ml:MLB7087032866:MLB7137239362,311.38,,,,,False,AUTORIA_NAO_COMPROVADA_NAO_INFERIR_CUSTOM_PRICE
MLB7145416338,VTK012797,active,item:MLB7145416338,110,,,,,False,AUTORIA_NAO_COMPROVADA_NAO_INFERIR_CUSTOM_PRICE
MLB7145211796,VTK012781,active,item:MLB7145211796,1970,,,,,False,AUTORIA_NAO_COMPROVADA_NAO_INFERIR_CUSTOM_PRICE
MLB7145207436,VTK012035,active,,268.96,,,,,False,AUTORIA_NAO_COMPROVADA_NAO_INFERIR_CUSTOM_PRICE
MLB4877487029,VTK012616,active,item:MLB4877487029,107,,,,,False,AUTORIA_NAO_COMPROVADA_NAO_INFERIR_CUSTOM_PRICE
MLB4877417287,VTK012517,active,ml:MLB4877417287:MLB4881370433,179,,,,,False,AUTORIA_NAO_COMPROVADA_NAO_INFERIR_CUSTOM_PRICE
MLB4877011977,VTK012585,active,ml:MLB4857541847:MLB4877011977,136,,,,,False,AUTORIA_NAO_COMPROVADA_NAO_INFERIR_CUSTOM_PRICE
MLB4857541611,VTK012631,active,ml:MLB4857541611:MLB7150416726,177,,,,,False,AUTORIA_NAO_COMPROVADA_NAO_INFERIR_CUSTOM_PRICE
MLB4857541859,VTK012570,active,ml:MLB4857541859:MLB4880634443,149,,,,,False,AUTORIA_NAO_COMPROVADA_NAO_INFERIR_CUSTOM_PRICE
MLB7150416726,VTK012631,active,ml:MLB4857541611:MLB7150416726,177,,,,,False,AUTORIA_NAO_COMPROVADA_NAO_INFERIR_CUSTOM_PRICE
MLB7150323360,VTK003874,active,ml:MLB4842210865:MLB7150323360,137.66,,,,,False,AUTORIA_NAO_COMPROVADA_NAO_INFERIR_CUSTOM_PRICE
MLB7149406196,VTK003962,active,ml:MLB4857485393:MLB7149406196,297.15,,,,,False,AUTORIA_NAO_COMPROVADA_NAO_INFERIR_CUSTOM_PRICE
MLB7149405744,VTK000460,active,ml:MLB4857498113:MLB7149405744,159.22,,,,,False,AUTORIA_NAO_COMPROVADA_NAO_INFERIR_CUSTOM_PRICE
MLB7149405662,VTK002161,active,ml:MLB4857530795:MLB7149405662,238.93,,,,,False,AUTORIA_NAO_COMPROVADA_NAO_INFERIR_CUSTOM_PRICE
MLB7149405578,VTK012567,active,ml:MLB4857539681:MLB7149405578,1270,,,,,False,AUTORIA_NAO_COMPROVADA_NAO_INFERIR_CUSTOM_PRICE
MLB7149405566,VTK005337,active,ml:MLB4857539695:MLB7149405566,1333,,,,,False,AUTORIA_NAO_COMPROVADA_NAO_INFERIR_CUSTOM_PRICE
MLB7149405526,VTK012692,active,ml:MLB4857540467:MLB7149405526,754.13,,,,,False,AUTORIA_NAO_COMPROVADA_NAO_INFERIR_CUSTOM_PRICE
MLB7149405486,VTK012483,active,ml:MLB4857540575:MLB7149405486,493,,,,,False,AUTORIA_NAO_COMPROVADA_NAO_INFERIR_CUSTOM_PRICE
MLB7149405472,VTK012188,active,ml:MLB4857540599:MLB7149405472,450,,,,,False,AUTORIA_NAO_COMPROVADA_NAO_INFERIR_CUSTOM_PRICE
MLB7149405422,VTK012230,active,ml:MLB4857540761:MLB7149405422,330,,,,,False,AUTORIA_NAO_COMPROVADA_NAO_INFERIR_CUSTOM_PRICE
MLB7149405318,VTK005123,active,ml:MLB4857541829:MLB7149405318,137,,,,,False,AUTORIA_NAO_COMPROVADA_NAO_INFERIR_CUSTOM_PRICE
MLB7149405296,VTK012491,active,,131.83,,,,,False,AUTORIA_NAO_COMPROVADA_NAO_INFERIR_CUSTOM_PRICE
MLB7149405220,VTK012427,active,ml:MLB4857542345:MLB7149405220,115,,,,,False,AUTORIA_NAO_COMPROVADA_NAO_INFERIR_CUSTOM_PRICE
MLB7149375942,VTK001795,active,ml:MLB4857485057:MLB7149375942,321.94,,,,,False,AUTORIA_NAO_COMPROVADA_NAO_INFERIR_CUSTOM_PRICE
MLB7149375624,VTK000559,active,ml:MLB4857485781:MLB7149375624,369.07,,,,,False,AUTORIA_NAO_COMPROVADA_NAO_INFERIR_CUSTOM_PRICE
MLB7149375288,VTK002739,active,ml:MLB4857498057:MLB7149375288,235.13,,,,,False,AUTORIA_NAO_COMPROVADA_NAO_INFERIR_CUSTOM_PRICE
MLB7149375074,VTK002570,active,ml:MLB4857531013:MLB7149375074,175.82,,,,,False,AUTORIA_NAO_COMPROVADA_NAO_INFERIR_CUSTOM_PRICE
MLB7149375060,VTK005751,active,ml:MLB4857539619:MLB7149375060,1861.57,,,,,False,AUTORIA_NAO_COMPROVADA_NAO_INFERIR_CUSTOM_PRICE
MLB7149374986,VTK012675,active,ml:MLB4857540431:MLB7149374986,870,,,,,False,AUTORIA_NAO_COMPROVADA_NAO_INFERIR_CUSTOM_PRICE
MLB7149374888,VTK012629,active,ml:MLB4857540749:MLB7149374888,335.78,,,,,False,AUTORIA_NAO_COMPROVADA_NAO_INFERIR_CUSTOM_PRICE
MLB7149374830,VTK012225,active,ml:MLB4857541533:MLB7149374830,179,,,,,False,AUTORIA_NAO_COMPROVADA_NAO_INFERIR_CUSTOM_PRICE
MLB7149374810,VTK012488,active,ml:MLB4857541723:MLB7149374810,277,,,,,False,AUTORIA_NAO_COMPROVADA_NAO_INFERIR_CUSTOM_PRICE
MLB7149374780,VTK012179,active,ml:MLB4857541771:MLB7149374780,153,,,,,False,AUTORIA_NAO_COMPROVADA_NAO_INFERIR_CUSTOM_PRICE
MLB7149374706,VTK012191,active,ml:MLB4857542103:MLB7149374706,138.65,,,,,False,AUTORIA_NAO_COMPROVADA_NAO_INFERIR_CUSTOM_PRICE
MLB7149374692,VTK012679,active,,126.42,,,,,False,AUTORIA_NAO_COMPROVADA_NAO_INFERIR_CUSTOM_PRICE
MLB7149374674,VTK012799,active,ml:MLB4857542295:MLB7149374674,115,,,,,False,AUTORIA_NAO_COMPROVADA_NAO_INFERIR_CUSTOM_PRICE
MLB7149370284,VTK003168,active,ml:MLB4857662657:MLB7149370284,1690,,,,,False,AUTORIA_NAO_COMPROVADA_NAO_INFERIR_CUSTOM_PRICE
MLB7149370270,VTK002666,active,ml:MLB4857662681:MLB7149370270,1293,,,,,False,AUTORIA_NAO_COMPROVADA_NAO_INFERIR_CUSTOM_PRICE
MLB7149368866,VTK012695,active,ml:MLB7111643134:MLB7149368866,1217.42,,,,,False,AUTORIA_NAO_COMPROVADA_NAO_INFERIR_CUSTOM_PRICE
MLB7149368708,VTK012794,active,ml:MLB7111643250:MLB7149368708,719.18,,,,,False,AUTORIA_NAO_COMPROVADA_NAO_INFERIR_CUSTOM_PRICE
MLB7149368648,VTK012667,active,ml:MLB7111643402:MLB7149368648,472.15,,,,,False,AUTORIA_NAO_COMPROVADA_NAO_INFERIR_CUSTOM_PRICE
MLB7149368602,VTK012793,active,ml:MLB7111643452:MLB7149368602,360,,,,,False,AUTORIA_NAO_COMPROVADA_NAO_INFERIR_CUSTOM_PRICE
MLB7149368460,VTK012490,active,ml:MLB7111643630:MLB7149368460,283,,,,,False,AUTORIA_NAO_COMPROVADA_NAO_INFERIR_CUSTOM_PRICE
MLB7149368280,VTK003036,active,ml:MLB7111644596:MLB7149368280,154,,,,,False,AUTORIA_NAO_COMPROVADA_NAO_INFERIR_CUSTOM_PRICE
MLB7149368238,VTK004398,active,ml:MLB7111644672:MLB7149368238,138,,,,,False,AUTORIA_NAO_COMPROVADA_NAO_INFERIR_CUSTOM_PRICE
MLB7149368196,VTK012681,active,ml:MLB7111644690:MLB7149368196,160.88,,,,,False,AUTORIA_NAO_COMPROVADA_NAO_INFERIR_CUSTOM_PRICE
MLB7149368086,VTK012458,active,ml:MLB7111644822:MLB7149368086,127,,,,,False,AUTORIA_NAO_COMPROVADA_NAO_INFERIR_CUSTOM_PRICE
MLB7149367956,VTK012387,active,ml:MLB7111645100:MLB7149367956,115.13,,,,,False,AUTORIA_NAO_COMPROVADA_NAO_INFERIR_CUSTOM_PRICE
MLB7149366208,VTK012634,active,ml:MLB7111655774:MLB7149366208,599,,,,,False,AUTORIA_NAO_COMPROVADA_NAO_INFERIR_CUSTOM_PRICE
MLB7149338566,VTK002137,active,ml:MLB4857631279:MLB7149338566,990,,,,,False,AUTORIA_NAO_COMPROVADA_NAO_INFERIR_CUSTOM_PRICE
MLB7149337100,VTK002784,active,ml:MLB4857643697:MLB7149337100,1016.27,,,,,False,AUTORIA_NAO_COMPROVADA_NAO_INFERIR_CUSTOM_PRICE
MLB7149337058,VTK006284,active,ml:MLB4857644799:MLB7149337058,2690,,,,,False,AUTORIA_NAO_COMPROVADA_NAO_INFERIR_CUSTOM_PRICE
MLB7149334848,VTK001202,active,ml:MLB7111548480:MLB7149334848,189,,,,,False,AUTORIA_NAO_COMPROVADA_NAO_INFERIR_CUSTOM_PRICE
MLB7149334650,VTK012514,active,ml:MLB7111643206:MLB7149334650,775,,,,,False,AUTORIA_NAO_COMPROVADA_NAO_INFERIR_CUSTOM_PRICE
MLB7149334612,VTK012758,active,ml:MLB7111643238:MLB7149334612,757.02,,,,,False,AUTORIA_NAO_COMPROVADA_NAO_INFERIR_CUSTOM_PRICE
MLB7149334130,VTK012698,active,ml:MLB7111644490:MLB7149334130,179,,,,,False,AUTORIA_NAO_COMPROVADA_NAO_INFERIR_CUSTOM_PRICE
MLB7149332866,VTK012127,active,ml:MLB7111649646:MLB7149332866,237.56,,,,,False,AUTORIA_NAO_COMPROVADA_NAO_INFERIR_CUSTOM_PRICE
MLB7149332208,VTK004555,active,ml:MLB7111654740:MLB7149332208,2570,,,,,False,AUTORIA_NAO_COMPROVADA_NAO_INFERIR_CUSTOM_PRICE
MLB7149332082,VTK006461,active,ml:MLB7111655668:MLB7149332082,1290,,,,,False,AUTORIA_NAO_COMPROVADA_NAO_INFERIR_CUSTOM_PRICE
MLB7149332050,VTK012376,active,ml:MLB7111655726:MLB7149332050,769.12,,,,,False,AUTORIA_NAO_COMPROVADA_NAO_INFERIR_CUSTOM_PRICE
MLB7149331966,VTK012705,active,ml:MLB7111655796:MLB7149331966,577,,,,,False,AUTORIA_NAO_COMPROVADA_NAO_INFERIR_CUSTOM_PRICE
MLB7149331936,VTK012385,active,ml:MLB7111655810:MLB7149331936,593,,,,,False,AUTORIA_NAO_COMPROVADA_NAO_INFERIR_CUSTOM_PRICE
MLB7149330676,VTK012322,active,ml:MLB7111655860:MLB7149330676,536.07,,,,,False,AUTORIA_NAO_COMPROVADA_NAO_INFERIR_CUSTOM_PRICE
MLB7149330638,VTK012349,active,ml:MLB7111655888:MLB7149330638,497.06,,,,,False,AUTORIA_NAO_COMPROVADA_NAO_INFERIR_CUSTOM_PRICE
MLB7149330130,VTK002096,active,ml:MLB7111657038:MLB7149330130,181,,,,,False,AUTORIA_NAO_COMPROVADA_NAO_INFERIR_CUSTOM_PRICE
MLB7149330064,VTK004355,active,ml:MLB7111657164:MLB7149330064,183.82,,,,,False,AUTORIA_NAO_COMPROVADA_NAO_INFERIR_CUSTOM_PRICE
MLB7149329858,VTK012370,active,ml:MLB7111657656:MLB7149329858,117,,,,,False,AUTORIA_NAO_COMPROVADA_NAO_INFERIR_CUSTOM_PRICE
MLB7149328206,VTK012137,active,ml:MLB7111707254:MLB7149328206,242.78,,,,,False,AUTORIA_NAO_COMPROVADA_NAO_INFERIR_CUSTOM_PRICE
MLB4881438235,VTK000945,active,ml:MLB4881438235:MLB7087127710,1226.88,,,,,False,AUTORIA_NAO_COMPROVADA_NAO_INFERIR_CUSTOM_PRICE
MLB4881370433,VTK012517,active,ml:MLB4877417287:MLB4881370433,179,,,,,False,AUTORIA_NAO_COMPROVADA_NAO_INFERIR_CUSTOM_PRICE
MLB4880634443,VTK012570,active,ml:MLB4857541859:MLB4880634443,149,,,,,False,AUTORIA_NAO_COMPROVADA_NAO_INFERIR_CUSTOM_PRICE
MLB4880633027,VTK002143,active,ml:MLB4857530901:MLB4880633027,172.55,,,,,False,AUTORIA_NAO_COMPROVADA_NAO_INFERIR_CUSTOM_PRICE
MLB4880632951,VTK012635,active,ml:MLB4857539771:MLB4880632951,1317.81,,,,,False,AUTORIA_NAO_COMPROVADA_NAO_INFERIR_CUSTOM_PRICE
MLB4880632867,VTK012768,active,ml:MLB4857540513:MLB4880632867,577,,,,,False,AUTORIA_NAO_COMPROVADA_NAO_INFERIR_CUSTOM_PRICE
MLB4880632743,VTK012554,active,ml:MLB4857541327:MLB4880632743,229.22,,,,,False,AUTORIA_NAO_COMPROVADA_NAO_INFERIR_CUSTOM_PRICE
MLB4880632729,VTK012666,active,,173.14,,,,,False,AUTORIA_NAO_COMPROVADA_NAO_INFERIR_CUSTOM_PRICE
MLB4880632635,VTK012697,active,ml:MLB4857541893:MLB4880632635,167,,,,,False,AUTORIA_NAO_COMPROVADA_NAO_INFERIR_CUSTOM_PRICE
MLB4880632609,VTK012226,active,ml:MLB4857542039:MLB4880632609,142.88,,,,,False,AUTORIA_NAO_COMPROVADA_NAO_INFERIR_CUSTOM_PRICE
MLB4880632595,VTK005540,active,,127.59,,,,,False,AUTORIA_NAO_COMPROVADA_NAO_INFERIR_CUSTOM_PRICE
MLB4880632563,VTK012293,active,ml:MLB4857542315:MLB4880632563,109,,,,,False,AUTORIA_NAO_COMPROVADA_NAO_INFERIR_CUSTOM_PRICE
MLB4880589981,VTK004036,active,ml:MLB4857643649:MLB4880589981,997,,,,,False,AUTORIA_NAO_COMPROVADA_NAO_INFERIR_CUSTOM_PRICE
MLB4880588901,VTK003567,active,ml:MLB4857662781:MLB4880588901,1047.34,,,,,False,AUTORIA_NAO_COMPROVADA_NAO_INFERIR_CUSTOM_PRICE
MLB4880588449,VTK002203,active,ml:MLB4880588449:MLB7111547894,406.28,,,,,False,AUTORIA_NAO_COMPROVADA_NAO_INFERIR_CUSTOM_PRICE
MLB4880587765,VTK005754,active,ml:MLB4880587765:MLB7111642316,1690,,,,,False,AUTORIA_NAO_COMPROVADA_NAO_INFERIR_CUSTOM_PRICE
MLB4880587713,VTK012577,active,ml:MLB4880587713:MLB7111643100,1190,,,,,False,AUTORIA_NAO_COMPROVADA_NAO_INFERIR_CUSTOM_PRICE
MLB4880587575,VTK012358,active,ml:MLB4880587575:MLB7111643244,679,,,,,False,AUTORIA_NAO_COMPROVADA_NAO_INFERIR_CUSTOM_PRICE
MLB4880587351,VTK012539,active,ml:MLB4880587351:MLB7111643544,299,,,,,False,AUTORIA_NAO_COMPROVADA_NAO_INFERIR_CUSTOM_PRICE
MLB4880587309,VTK012678,active,ml:MLB4880587309:MLB7111643548,326.72,,,,,False,AUTORIA_NAO_COMPROVADA_NAO_INFERIR_CUSTOM_PRICE
MLB4880587229,VTK012257,active,ml:MLB4880587229:MLB7111644248,213,,,,,False,AUTORIA_NAO_COMPROVADA_NAO_INFERIR_CUSTOM_PRICE
MLB4880587199,VTK012673,active,,178.8,,,,,False,AUTORIA_NAO_COMPROVADA_NAO_INFERIR_CUSTOM_PRICE
MLB4880587163,VTK012625,active,ml:MLB4880587163:MLB7111644336,189.17,,,,,False,AUTORIA_NAO_COMPROVADA_NAO_INFERIR_CUSTOM_PRICE
MLB4880586993,VTK002522,active,ml:MLB4880586993:MLB7111644708,137,,,,,False,AUTORIA_NAO_COMPROVADA_NAO_INFERIR_CUSTOM_PRICE
MLB4880586945,VTK012487,active,ml:MLB4880586945:MLB7111644776,144.42,,,,,False,AUTORIA_NAO_COMPROVADA_NAO_INFERIR_CUSTOM_PRICE
MLB4880586833,VTK004149,active,ml:MLB4880586833:MLB7111645070,113,,,,,False,AUTORIA_NAO_COMPROVADA_NAO_INFERIR_CUSTOM_PRICE
MLB4880585171,VTK012785,active,ml:MLB4880585171:MLB7111655568,1166,,,,,False,AUTORIA_NAO_COMPROVADA_NAO_INFERIR_CUSTOM_PRICE
MLB4880585127,VTK012578,active,ml:MLB4880585127:MLB7111655642,1170,,,,,False,AUTORIA_NAO_COMPROVADA_NAO_INFERIR_CUSTOM_PRICE
MLB4880583621,VTK001646,active,ml:MLB4880583621:MLB7111656028,335.44,,,,,False,AUTORIA_NAO_COMPROVADA_NAO_INFERIR_CUSTOM_PRICE
MLB4880583557,VTK000053,active,ml:MLB4880583557:MLB7111656118,308.75,,,,,False,AUTORIA_NAO_COMPROVADA_NAO_INFERIR_CUSTOM_PRICE
MLB4880583365,VTK012057,active,ml:MLB4880583365:MLB7111656714,224.9,,,,,False,AUTORIA_NAO_COMPROVADA_NAO_INFERIR_CUSTOM_PRICE
MLB4880583319,VTK012665,active,ml:MLB4880583319:MLB7111656732,229,,,,,False,AUTORIA_NAO_COMPROVADA_NAO_INFERIR_CUSTOM_PRICE
MLB4880583191,VTK012648,active,ml:MLB4880583191:MLB7111656988,184,,,,,False,AUTORIA_NAO_COMPROVADA_NAO_INFERIR_CUSTOM_PRICE
MLB4880583089,VTK012121,active,ml:MLB4880583089:MLB7111657114,164.45,,,,,False,AUTORIA_NAO_COMPROVADA_NAO_INFERIR_CUSTOM_PRICE
MLB4880582965,VTK012280,active,,134.32,,,,,False,AUTORIA_NAO_COMPROVADA_NAO_INFERIR_CUSTOM_PRICE
MLB4880582935,VTK012534,active,ml:MLB4880582935:MLB7111657472,129,,,,,False,AUTORIA_NAO_COMPROVADA_NAO_INFERIR_CUSTOM_PRICE
MLB4880582905,VTK012405,active,ml:MLB4880582905:MLB7111657482,122,,,,,False,AUTORIA_NAO_COMPROVADA_NAO_INFERIR_CUSTOM_PRICE
MLB4880565877,VTK012348,active,ml:MLB4880565877:MLB7111655982,372.71,,,,,False,AUTORIA_NAO_COMPROVADA_NAO_INFERIR_CUSTOM_PRICE
MLB4880565805,VTK012796,active,ml:MLB4880565805:MLB7111656054,333.38,,,,,False,AUTORIA_NAO_COMPROVADA_NAO_INFERIR_CUSTOM_PRICE
MLB4880565711,VTK012138,active,ml:MLB4880565711:MLB7111656152,298.92,,,,,False,AUTORIA_NAO_COMPROVADA_NAO_INFERIR_CUSTOM_PRICE
MLB4880565683,VTK012122,active,ml:MLB4880565683:MLB7111656164,289,,,,,False,AUTORIA_NAO_COMPROVADA_NAO_INFERIR_CUSTOM_PRICE
MLB4880565639,VTK012537,active,ml:MLB4880565639:MLB7111656224,257,,,,,False,AUTORIA_NAO_COMPROVADA_NAO_INFERIR_CUSTOM_PRICE
MLB4880565609,VTK003965,active,ml:MLB4880565609:MLB7111656322,262.81,,,,,False,AUTORIA_NAO_COMPROVADA_NAO_INFERIR_CUSTOM_PRICE
MLB4880565453,VTK012212,active,ml:MLB4880565453:MLB7111656796,211.98,,,,,False,AUTORIA_NAO_COMPROVADA_NAO_INFERIR_CUSTOM_PRICE
MLB4880565223,VTK012689,active,ml:MLB4880565223:MLB7111657184,208.94,,,,,False,AUTORIA_NAO_COMPROVADA_NAO_INFERIR_CUSTOM_PRICE
MLB4880565187,VTK012214,active,ml:MLB4880565187:MLB7111657444,126,,,,,False,AUTORIA_NAO_COMPROVADA_NAO_INFERIR_CUSTOM_PRICE
MLB4880564709,VTK012117,active,ml:MLB4880564709:MLB7111661162,265.02,,,,,False,AUTORIA_NAO_COMPROVADA_NAO_INFERIR_CUSTOM_PRICE
MLB4880560607,VTK012141,active,ml:MLB4880560607:MLB7111714590,28.32,,,,,False,AUTORIA_NAO_COMPROVADA_NAO_INFERIR_CUSTOM_PRICE
MLB4880559755,VTK000763,active,ml:MLB4880559755:MLB7096954924,379.16,,,,,False,AUTORIA_NAO_COMPROVADA_NAO_INFERIR_CUSTOM_PRICE
MLB4880559183,VTK000550,active,ml:MLB4842011317:MLB4880559183,95,,,,,False,AUTORIA_NAO_COMPROVADA_NAO_INFERIR_CUSTOM_PRICE
MLB4880525767,VTK001131,active,,169.17,,,,,False,AUTORIA_NAO_COMPROVADA_NAO_INFERIR_CUSTOM_PRICE
MLB4836087657,VTK000048,active,ml:MLB4836087657:MLB7330117036,160,,,,,False,AUTORIA_NAO_COMPROVADA_NAO_INFERIR_CUSTOM_PRICE
MLB4842175303,VTK001696,active,ml:MLB4842175303:MLB5131491783,121,,,,,False,AUTORIA_NAO_COMPROVADA_NAO_INFERIR_CUSTOM_PRICE
MLB7149337698,VTK000213,active,,34.08,,,,,False,AUTORIA_NAO_COMPROVADA_NAO_INFERIR_CUSTOM_PRICE
MLB4857637265,VTK000213,active,,34.08,,,,,False,AUTORIA_NAO_COMPROVADA_NAO_INFERIR_CUSTOM_PRICE
MLB7151451832,VTK003175,active,,63.03,,,,,False,AUTORIA_NAO_COMPROVADA_NAO_INFERIR_CUSTOM_PRICE
MLB7151451750,VTK012020,active,ml:MLB7111644912:MLB7151451750,136.94,,,,,False,AUTORIA_NAO_COMPROVADA_NAO_INFERIR_CUSTOM_PRICE
MLB7151451600,VTK012247,active,ml:MLB7111657378:MLB7151451600,134,,,,,False,AUTORIA_NAO_COMPROVADA_NAO_INFERIR_CUSTOM_PRICE
MLB4882821681,VTK012457,active,ml:MLB4857541793:MLB4882821681,150,,,,,False,AUTORIA_NAO_COMPROVADA_NAO_INFERIR_CUSTOM_PRICE
MLB4882821579,VTK012659,active,ml:MLB4882821579:MLB7111655720,777.87,,,,,False,AUTORIA_NAO_COMPROVADA_NAO_INFERIR_CUSTOM_PRICE
MLB4881447335,VTK000232,active,ml:MLB4801083479:MLB4881447335,176.22,,,,,False,AUTORIA_NAO_COMPROVADA_NAO_INFERIR_CUSTOM_PRICE
MLB4857623415,VTK012496,active,item:MLB4857623415,44,,,,,False,AUTORIA_NAO_COMPROVADA_NAO_INFERIR_CUSTOM_PRICE
MLB7158598032,VTK012586,active,ml:MLB7111644430:MLB7158598032,183.62,,,,,False,AUTORIA_NAO_COMPROVADA_NAO_INFERIR_CUSTOM_PRICE
MLB7157761186,VTK012364,active,ml:MLB4857539675:MLB7157761186,1290,,,,,False,AUTORIA_NAO_COMPROVADA_NAO_INFERIR_CUSTOM_PRICE
MLB7157760908,VTK003197,active,ml:MLB4857662833:MLB7157760908,645.81,,,,,False,AUTORIA_NAO_COMPROVADA_NAO_INFERIR_CUSTOM_PRICE
MLB7169886964,VTK016183,active,item:MLB7169886964,570.42,,,,,False,AUTORIA_NAO_COMPROVADA_NAO_INFERIR_CUSTOM_PRICE
MLB7169885074,VTK016101,active,item:MLB7169885074,180.46,,,,,False,AUTORIA_NAO_COMPROVADA_NAO_INFERIR_CUSTOM_PRICE
MLB7169884134,VTK016081,active,item:MLB7169884134,155.19,,,,,False,AUTORIA_NAO_COMPROVADA_NAO_INFERIR_CUSTOM_PRICE
MLB7169883830,VTK015932,active,item:MLB7169883830,143.33,,,,,False,AUTORIA_NAO_COMPROVADA_NAO_INFERIR_CUSTOM_PRICE
MLB7169866316,VTK016164,active,item:MLB7169866316,254.01,,,,,False,AUTORIA_NAO_COMPROVADA_NAO_INFERIR_CUSTOM_PRICE
MLB7169866140,VTK016044,active,item:MLB7169866140,234.05,,,,,False,AUTORIA_NAO_COMPROVADA_NAO_INFERIR_CUSTOM_PRICE
MLB7169864988,VTK016041,active,item:MLB7169864988,170.94,,,,,False,AUTORIA_NAO_COMPROVADA_NAO_INFERIR_CUSTOM_PRICE
MLB4894918943,VTK016180,active,item:MLB4894918943,379.41,,,,,False,AUTORIA_NAO_COMPROVADA_NAO_INFERIR_CUSTOM_PRICE
MLB4894918741,VTK016184,active,ml:MLB4894918741:MLB7381239818,275.22,,,,,False,AUTORIA_NAO_COMPROVADA_NAO_INFERIR_CUSTOM_PRICE
MLB4894918615,VTK016251,active,item:MLB4894918615,252.94,,,,,False,AUTORIA_NAO_COMPROVADA_NAO_INFERIR_CUSTOM_PRICE
MLB4894914663,VTK016181,active,item:MLB4894914663,404.53,,,,,False,AUTORIA_NAO_COMPROVADA_NAO_INFERIR_CUSTOM_PRICE
MLB4894913453,VTK016148,active,item:MLB4894913453,229.54,,,,,False,AUTORIA_NAO_COMPROVADA_NAO_INFERIR_CUSTOM_PRICE
MLB4894913207,VTK016117,active,item:MLB4894913207,205.86,,,,,False,AUTORIA_NAO_COMPROVADA_NAO_INFERIR_CUSTOM_PRICE
MLB4894912759,VTK016042,active,item:MLB4894912759,170.94,,,,,False,AUTORIA_NAO_COMPROVADA_NAO_INFERIR_CUSTOM_PRICE
MLB4894911549,VTK016045,active,item:MLB4894911549,140.96,,,,,False,AUTORIA_NAO_COMPROVADA_NAO_INFERIR_CUSTOM_PRICE
MLB7176569872,VTK012827,active,ml:MLB7111655842:MLB7176569872,486.88,,,,,False,AUTORIA_NAO_COMPROVADA_NAO_INFERIR_CUSTOM_PRICE
MLB7173718782,VTK001145,active,ml:MLB7087153380:MLB7173718782,1317,,,,,False,AUTORIA_NAO_COMPROVADA_NAO_INFERIR_CUSTOM_PRICE
MLB4898613395,VTK003908,active,ml:MLB4857540717:MLB4898613395,371.31,,,,,False,AUTORIA_NAO_COMPROVADA_NAO_INFERIR_CUSTOM_PRICE
MLB7111661768,VTK000411,active,ml:MLB7111661768:MLB7314819544,105,,,,,False,AUTORIA_NAO_COMPROVADA_NAO_INFERIR_CUSTOM_PRICE
MLB7184805186,VTK016108,active,item:MLB7184805186,1496.17,,,,,False,AUTORIA_NAO_COMPROVADA_NAO_INFERIR_CUSTOM_PRICE
MLB7184804918,VTK016032,active,item:MLB7184804918,1112.22,,,,,False,AUTORIA_NAO_COMPROVADA_NAO_INFERIR_CUSTOM_PRICE
MLB7184804582,VTK016066,active,item:MLB7184804582,1009.22,,,,,False,AUTORIA_NAO_COMPROVADA_NAO_INFERIR_CUSTOM_PRICE
MLB7184804506,VTK016179,active,item:MLB7184804506,1011.38,,,,,False,AUTORIA_NAO_COMPROVADA_NAO_INFERIR_CUSTOM_PRICE
MLB7184804174,VTK016147,active,item:MLB7184804174,814.25,,,,,False,AUTORIA_NAO_COMPROVADA_NAO_INFERIR_CUSTOM_PRICE
MLB7184804052,VTK016029,active,ml:MLB7184804052:MLB7381238898,891.12,,,,,False,AUTORIA_NAO_COMPROVADA_NAO_INFERIR_CUSTOM_PRICE
MLB7184803760,VTK015992,active,item:MLB7184803760,764.96,,,,,False,AUTORIA_NAO_COMPROVADA_NAO_INFERIR_CUSTOM_PRICE
MLB7184803642,VTK016025,active,item:MLB7184803642,853.26,,,,,False,AUTORIA_NAO_COMPROVADA_NAO_INFERIR_CUSTOM_PRICE
MLB7184764062,VTK016149,active,item:MLB7184764062,229.54,,,,,False,AUTORIA_NAO_COMPROVADA_NAO_INFERIR_CUSTOM_PRICE
MLB7184763768,VTK016095,active,item:MLB7184763768,226.52,,,,,False,AUTORIA_NAO_COMPROVADA_NAO_INFERIR_CUSTOM_PRICE
MLB7184763606,VTK016127,active,item:MLB7184763606,223.38,,,,,False,AUTORIA_NAO_COMPROVADA_NAO_INFERIR_CUSTOM_PRICE
MLB7184763152,VTK016126,active,ml:MLB7184763152:MLB7210718042,215.69,,,,,False,AUTORIA_NAO_COMPROVADA_NAO_INFERIR_CUSTOM_PRICE
MLB7184762956,VTK016206,active,ml:MLB7184762956:MLB7313984018,212.09,,,,,False,AUTORIA_NAO_COMPROVADA_NAO_INFERIR_CUSTOM_PRICE
MLB7184762680,VTK015927,active,item:MLB7184762680,211.31,,,,,False,AUTORIA_NAO_COMPROVADA_NAO_INFERIR_CUSTOM_PRICE
MLB7184762346,VTK016168,active,item:MLB7184762346,226.06,,,,,False,AUTORIA_NAO_COMPROVADA_NAO_INFERIR_CUSTOM_PRICE
MLB7184761854,VTK015941,active,item:MLB7184761854,202.5,,,,,False,AUTORIA_NAO_COMPROVADA_NAO_INFERIR_CUSTOM_PRICE
MLB7184761696,VTK016124,active,item:MLB7184761696,196.14,,,,,False,AUTORIA_NAO_COMPROVADA_NAO_INFERIR_CUSTOM_PRICE
MLB7184761510,VTK016167,active,item:MLB7184761510,193.56,,,,,False,AUTORIA_NAO_COMPROVADA_NAO_INFERIR_CUSTOM_PRICE
MLB7184760484,VTK016088,active,item:MLB7184760484,180.24,,,,,False,AUTORIA_NAO_COMPROVADA_NAO_INFERIR_CUSTOM_PRICE
MLB7184760132,VTK016151,active,item:MLB7184760132,176.31,,,,,False,AUTORIA_NAO_COMPROVADA_NAO_INFERIR_CUSTOM_PRICE
MLB7184759676,VTK016106,active,item:MLB7184759676,170.12,,,,,False,AUTORIA_NAO_COMPROVADA_NAO_INFERIR_CUSTOM_PRICE
MLB7184759522,VTK016123,active,item:MLB7184759522,171.39,,,,,False,AUTORIA_NAO_COMPROVADA_NAO_INFERIR_CUSTOM_PRICE
MLB7184759204,VTK016087,active,item:MLB7184759204,170.09,,,,,False,AUTORIA_NAO_COMPROVADA_NAO_INFERIR_CUSTOM_PRICE
MLB7184758946,VTK016228,active,item:MLB7184758946,169.31,,,,,False,AUTORIA_NAO_COMPROVADA_NAO_INFERIR_CUSTOM_PRICE
MLB7184758740,VTK016103,active,item:MLB7184758740,168.84,,,,,False,AUTORIA_NAO_COMPROVADA_NAO_INFERIR_CUSTOM_PRICE
MLB7184758526,VTK016121,active,item:MLB7184758526,164.86,,,,,False,AUTORIA_NAO_COMPROVADA_NAO_INFERIR_CUSTOM_PRICE
MLB7184758404,VTK016037,active,item:MLB7184758404,163.44,,,,,False,AUTORIA_NAO_COMPROVADA_NAO_INFERIR_CUSTOM_PRICE
MLB7184757542,VTK016075,active,ml:MLB7184757542:MLB7210659168,158.44,,,,,False,AUTORIA_NAO_COMPROVADA_NAO_INFERIR_CUSTOM_PRICE
MLB7184755920,VTK016105,active,item:MLB7184755920,155.06,,,,,False,AUTORIA_NAO_COMPROVADA_NAO_INFERIR_CUSTOM_PRICE
MLB7184755768,VTK016086,active,item:MLB7184755768,147.54,,,,,False,AUTORIA_NAO_COMPROVADA_NAO_INFERIR_CUSTOM_PRICE
MLB7184755192,VTK016057,active,item:MLB7184755192,125,,,,,False,AUTORIA_NAO_COMPROVADA_NAO_INFERIR_CUSTOM_PRICE
MLB7184755052,VTK016104,active,item:MLB7184755052,142.7,,,,,False,AUTORIA_NAO_COMPROVADA_NAO_INFERIR_CUSTOM_PRICE
MLB7184754742,VTK016199,active,item:MLB7184754742,145.13,,,,,False,AUTORIA_NAO_COMPROVADA_NAO_INFERIR_CUSTOM_PRICE
MLB7184754648,VTK016047,active,item:MLB7184754648,133.86,,,,,False,AUTORIA_NAO_COMPROVADA_NAO_INFERIR_CUSTOM_PRICE
MLB7184750874,VTK015960,active,item:MLB7184750874,192.21,,,,,False,AUTORIA_NAO_COMPROVADA_NAO_INFERIR_CUSTOM_PRICE
MLB7184750136,VTK016161,active,item:MLB7184750136,197.56,,,,,False,AUTORIA_NAO_COMPROVADA_NAO_INFERIR_CUSTOM_PRICE
MLB7184750018,VTK016107,active,ml:MLB7184750018:MLB7210717982,175,,,,,False,AUTORIA_NAO_COMPROVADA_NAO_INFERIR_CUSTOM_PRICE
MLB7184749810,VTK016102,active,item:MLB7184749810,180.46,,,,,False,AUTORIA_NAO_COMPROVADA_NAO_INFERIR_CUSTOM_PRICE
MLB7184749700,VTK016142,active,ml:MLB4923526891:MLB7184749700,196.14,,,,,False,AUTORIA_NAO_COMPROVADA_NAO_INFERIR_CUSTOM_PRICE
MLB7184749312,VTK016221,active,ml:MLB7184749312:MLB7390923400,179.04,,,,,False,AUTORIA_NAO_COMPROVADA_NAO_INFERIR_CUSTOM_PRICE
MLB7184748844,VTK016242,active,item:MLB7184748844,170.44,,,,,False,AUTORIA_NAO_COMPROVADA_NAO_INFERIR_CUSTOM_PRICE
MLB7184748528,VTK016036,active,item:MLB7184748528,169.49,,,,,False,AUTORIA_NAO_COMPROVADA_NAO_INFERIR_CUSTOM_PRICE
MLB7184748336,VTK015940,active,item:MLB7184748336,168.37,,,,,False,AUTORIA_NAO_COMPROVADA_NAO_INFERIR_CUSTOM_PRICE
MLB7184748102,VTK016122,active,item:MLB7184748102,179.19,,,,,False,AUTORIA_NAO_COMPROVADA_NAO_INFERIR_CUSTOM_PRICE
MLB7184747836,VTK016076,active,item:MLB7184747836,164.34,,,,,False,AUTORIA_NAO_COMPROVADA_NAO_INFERIR_CUSTOM_PRICE
MLB7184747612,VTK016219,active,item:MLB7184747612,159.57,,,,,False,AUTORIA_NAO_COMPROVADA_NAO_INFERIR_CUSTOM_PRICE
MLB7184747214,VTK016120,active,item:MLB7184747214,157.81,,,,,False,AUTORIA_NAO_COMPROVADA_NAO_INFERIR_CUSTOM_PRICE
MLB7184746742,VTK016143,active,ml:MLB7184746742:MLB7210717978,154.91,,,,,False,AUTORIA_NAO_COMPROVADA_NAO_INFERIR_CUSTOM_PRICE
MLB7184746622,VTK016073,active,item:MLB7184746622,154.14,,,,,False,AUTORIA_NAO_COMPROVADA_NAO_INFERIR_CUSTOM_PRICE
MLB7184746464,VTK016109,active,item:MLB7184746464,151.16,,,,,False,AUTORIA_NAO_COMPROVADA_NAO_INFERIR_CUSTOM_PRICE
MLB7184746248,VTK015926,active,item:MLB7184746248,144,,,,,False,AUTORIA_NAO_COMPROVADA_NAO_INFERIR_CUSTOM_PRICE
MLB7184745934,VTK016071,active,ml:MLB5005543231:MLB7184745934,134,,,,,False,AUTORIA_NAO_COMPROVADA_NAO_INFERIR_CUSTOM_PRICE
MLB7184745822,VTK016072,active,ml:MLB7184745822:MLB7317389648,148.74,,,,,False,AUTORIA_NAO_COMPROVADA_NAO_INFERIR_CUSTOM_PRICE
MLB7184744776,VTK016046,active,item:MLB7184744776,142.01,,,,,False,AUTORIA_NAO_COMPROVADA_NAO_INFERIR_CUSTOM_PRICE
MLB7184744382,VTK016243,active,item:MLB7184744382,163.15,,,,,False,AUTORIA_NAO_COMPROVADA_NAO_INFERIR_CUSTOM_PRICE
MLB7184743836,VTK016056,active,item:MLB7184743836,140.07,,,,,False,AUTORIA_NAO_COMPROVADA_NAO_INFERIR_CUSTOM_PRICE
MLB7184743082,VTK016020,active,ml:MLB7184743082:MLB7339018118,121,,,,,False,AUTORIA_NAO_COMPROVADA_NAO_INFERIR_CUSTOM_PRICE
MLB7184742950,VTK016061,active,ml:MLB7184742950:MLB7313972464,135.33,,,,,False,AUTORIA_NAO_COMPROVADA_NAO_INFERIR_CUSTOM_PRICE
MLB7184742018,VTK016218,active,item:MLB7184742018,133.21,,,,,False,AUTORIA_NAO_COMPROVADA_NAO_INFERIR_CUSTOM_PRICE
MLB7184741714,VTK016174,active,item:MLB7184741714,133.75,,,,,False,AUTORIA_NAO_COMPROVADA_NAO_INFERIR_CUSTOM_PRICE
MLB7184741432,VTK016069,active,ml:MLB7184741432:MLB7330396528,138.09,,,,,False,AUTORIA_NAO_COMPROVADA_NAO_INFERIR_CUSTOM_PRICE
MLB7184739316,VTK016067,active,item:MLB7184739316,123.88,,,,,False,AUTORIA_NAO_COMPROVADA_NAO_INFERIR_CUSTOM_PRICE
MLB7184725476,VTK016215,active,item:MLB7184725476,160.34,,,,,False,AUTORIA_NAO_COMPROVADA_NAO_INFERIR_CUSTOM_PRICE
MLB7184725216,VTK016074,active,ml:MLB7184725216:MLB7381240328,194.6,,,,,False,AUTORIA_NAO_COMPROVADA_NAO_INFERIR_CUSTOM_PRICE
MLB7184725090,VTK016110,active,item:MLB7184725090,157.96,,,,,False,AUTORIA_NAO_COMPROVADA_NAO_INFERIR_CUSTOM_PRICE
MLB7184724764,VTK016082,active,item:MLB7184724764,147,,,,,False,AUTORIA_NAO_COMPROVADA_NAO_INFERIR_CUSTOM_PRICE
MLB7184724036,VTK015925,active,ml:MLB7184724036:MLB7210717986,142,,,,,False,AUTORIA_NAO_COMPROVADA_NAO_INFERIR_CUSTOM_PRICE
MLB7184723588,VTK016083,active,item:MLB7184723588,148.87,,,,,False,AUTORIA_NAO_COMPROVADA_NAO_INFERIR_CUSTOM_PRICE
MLB7184723430,VTK016213,active,item:MLB7184723430,146.46,,,,,False,AUTORIA_NAO_COMPROVADA_NAO_INFERIR_CUSTOM_PRICE
MLB7184723034,VTK016058,active,item:MLB7184723034,149.01,,,,,False,AUTORIA_NAO_COMPROVADA_NAO_INFERIR_CUSTOM_PRICE
MLB7184722914,VTK016227,active,item:MLB7184722914,149.64,,,,,False,AUTORIA_NAO_COMPROVADA_NAO_INFERIR_CUSTOM_PRICE
MLB7184722770,VTK016194,active,ml:MLB7184722770:MLB7317384972,148.14,,,,,False,AUTORIA_NAO_COMPROVADA_NAO_INFERIR_CUSTOM_PRICE
MLB7184722082,VTK016085,active,item:MLB7184722082,141.28,,,,,False,AUTORIA_NAO_COMPROVADA_NAO_INFERIR_CUSTOM_PRICE
MLB7184721946,VTK016241,active,item:MLB7184721946,142.3,,,,,False,AUTORIA_NAO_COMPROVADA_NAO_INFERIR_CUSTOM_PRICE
MLB7184721228,VTK016070,active,item:MLB7184721228,134.99,,,,,False,AUTORIA_NAO_COMPROVADA_NAO_INFERIR_CUSTOM_PRICE
MLB7184720876,VTK016220,active,ml:MLB4987959959:MLB7184720876,114,,,,,False,AUTORIA_NAO_COMPROVADA_NAO_INFERIR_CUSTOM_PRICE
MLB7184719180,VTK016068,active,item:MLB7184719180,129.62,,,,,False,AUTORIA_NAO_COMPROVADA_NAO_INFERIR_CUSTOM_PRICE
MLB7184718452,VTK016018,active,item:MLB7184718452,114,,,,,False,AUTORIA_NAO_COMPROVADA_NAO_INFERIR_CUSTOM_PRICE
MLB7184716338,VTK016212,active,ml:MLB4987964911:MLB7184716338,114,,,,,False,AUTORIA_NAO_COMPROVADA_NAO_INFERIR_CUSTOM_PRICE
MLB7184503318,VTK016113,active,item:MLB7184503318,53.99,,,,,False,AUTORIA_NAO_COMPROVADA_NAO_INFERIR_CUSTOM_PRICE
MLB4903944759,VTK000405,active,ml:MLB4903944759:MLB7087039022,154,,,,,False,AUTORIA_NAO_COMPROVADA_NAO_INFERIR_CUSTOM_PRICE
MLB4903871149,VTK016186,active,item:MLB4903871149,2572.89,,,,,False,AUTORIA_NAO_COMPROVADA_NAO_INFERIR_CUSTOM_PRICE
MLB4903871077,VTK016159,active,item:MLB4903871077,2064.01,,,,,False,AUTORIA_NAO_COMPROVADA_NAO_INFERIR_CUSTOM_PRICE
MLB4903870831,VTK015951,active,item:MLB4903870831,1158.28,,,,,False,AUTORIA_NAO_COMPROVADA_NAO_INFERIR_CUSTOM_PRICE
MLB4903870465,VTK016031,active,item:MLB4903870465,1014.33,,,,,False,AUTORIA_NAO_COMPROVADA_NAO_INFERIR_CUSTOM_PRICE
MLB4903870163,VTK016030,active,ml:MLB4903870163:MLB7390923348,846.15,,,,,False,AUTORIA_NAO_COMPROVADA_NAO_INFERIR_CUSTOM_PRICE
MLB4903869653,VTK015949,active,item:MLB4903869653,784.72,,,,,False,AUTORIA_NAO_COMPROVADA_NAO_INFERIR_CUSTOM_PRICE
MLB4903868313,VTK015984,active,ml:MLB4903868313:MLB7305856632,635.75,,,,,False,AUTORIA_NAO_COMPROVADA_NAO_INFERIR_CUSTOM_PRICE
MLB4903868157,VTK016011,active,item:MLB4903868157,510.57,,,,,False,AUTORIA_NAO_COMPROVADA_NAO_INFERIR_CUSTOM_PRICE
MLB4903867673,VTK016249,active,item:MLB4903867673,466.98,,,,,False,AUTORIA_NAO_COMPROVADA_NAO_INFERIR_CUSTOM_PRICE
MLB4903867487,VTK016146,active,item:MLB4903867487,446.65,,,,,False,AUTORIA_NAO_COMPROVADA_NAO_INFERIR_CUSTOM_PRICE
MLB4903867367,VTK015974,active,item:MLB4903867367,390.57,,,,,False,AUTORIA_NAO_COMPROVADA_NAO_INFERIR_CUSTOM_PRICE
MLB4903866657,VTK016099,active,item:MLB4903866657,344.13,,,,,False,AUTORIA_NAO_COMPROVADA_NAO_INFERIR_CUSTOM_PRICE
MLB4903866283,VTK015948,active,item:MLB4903866283,330.57,,,,,False,AUTORIA_NAO_COMPROVADA_NAO_INFERIR_CUSTOM_PRICE
MLB4903865633,VTK016144,active,item:MLB4903865633,302.59,,,,,False,AUTORIA_NAO_COMPROVADA_NAO_INFERIR_CUSTOM_PRICE
MLB4903865373,VTK016053,active,item:MLB4903865373,298.94,,,,,False,AUTORIA_NAO_COMPROVADA_NAO_INFERIR_CUSTOM_PRICE
MLB4903864709,VTK016016,active,item:MLB4903864709,272.11,,,,,False,AUTORIA_NAO_COMPROVADA_NAO_INFERIR_CUSTOM_PRICE
MLB4903864385,VTK015978,active,item:MLB4903864385,268.05,,,,,False,AUTORIA_NAO_COMPROVADA_NAO_INFERIR_CUSTOM_PRICE
MLB4903864077,VTK016250,active,item:MLB4903864077,256.19,,,,,False,AUTORIA_NAO_COMPROVADA_NAO_INFERIR_CUSTOM_PRICE
MLB4903863969,VTK016165,active,item:MLB4903863969,254.01,,,,,False,AUTORIA_NAO_COMPROVADA_NAO_INFERIR_CUSTOM_PRICE
MLB4903863801,VTK016209,active,item:MLB4903863801,273.44,,,,,False,AUTORIA_NAO_COMPROVADA_NAO_INFERIR_CUSTOM_PRICE
MLB4903862567,VTK015961,active,item:MLB4903862567,235.41,,,,,False,AUTORIA_NAO_COMPROVADA_NAO_INFERIR_CUSTOM_PRICE
MLB4903860565,VTK015952,active,item:MLB4903860565,2068.49,,,,,False,AUTORIA_NAO_COMPROVADA_NAO_INFERIR_CUSTOM_PRICE
MLB4903860425,VTK016084,active,item:MLB4903860425,1249.8,,,,,False,AUTORIA_NAO_COMPROVADA_NAO_INFERIR_CUSTOM_PRICE
MLB4903859621,VTK016064,active,item:MLB4903859621,944.49,,,,,False,AUTORIA_NAO_COMPROVADA_NAO_INFERIR_CUSTOM_PRICE
MLB4903859315,VTK016028,active,ml:MLB4903859315:MLB5034094559,794.61,,,,,False,AUTORIA_NAO_COMPROVADA_NAO_INFERIR_CUSTOM_PRICE
MLB4903858889,VTK016027,active,item:MLB4903858889,758.12,,,,,False,AUTORIA_NAO_COMPROVADA_NAO_INFERIR_CUSTOM_PRICE
MLB4903858473,VTK016026,active,item:MLB4903858473,569.07,,,,,False,AUTORIA_NAO_COMPROVADA_NAO_INFERIR_CUSTOM_PRICE
MLB4903858167,VTK016248,active,ml:MLB4903858167:MLB7381688554,548.75,,,,,False,AUTORIA_NAO_COMPROVADA_NAO_INFERIR_CUSTOM_PRICE
MLB4903857433,VTK015953,active,ml:MLB4903857433:MLB7210659182,471.82,,,,,False,AUTORIA_NAO_COMPROVADA_NAO_INFERIR_CUSTOM_PRICE
MLB4903857331,VTK015973,active,item:MLB4903857331,528.92,,,,,False,AUTORIA_NAO_COMPROVADA_NAO_INFERIR_CUSTOM_PRICE
MLB4903856859,VTK016040,active,item:MLB4903856859,387.16,,,,,False,AUTORIA_NAO_COMPROVADA_NAO_INFERIR_CUSTOM_PRICE
MLB4903856575,VTK016054,active,item:MLB4903856575,370.47,,,,,False,AUTORIA_NAO_COMPROVADA_NAO_INFERIR_CUSTOM_PRICE
MLB4903856059,VTK016211,active,ml:MLB4903856059:MLB4923527257,335.97,,,,,False,AUTORIA_NAO_COMPROVADA_NAO_INFERIR_CUSTOM_PRICE
MLB4903855799,VTK016238,active,ml:MLB4903855799:MLB7305856598,361.3,,,,,False,AUTORIA_NAO_COMPROVADA_NAO_INFERIR_CUSTOM_PRICE
MLB4903855675,VTK016210,active,ml:MLB4903855675:MLB4923465103,294,,,,,False,AUTORIA_NAO_COMPROVADA_NAO_INFERIR_CUSTOM_PRICE
MLB4903854531,VTK016185,active,item:MLB4903854531,276.47,,,,,False,AUTORIA_NAO_COMPROVADA_NAO_INFERIR_CUSTOM_PRICE
MLB4903854217,VTK016239,active,item:MLB4903854217,270.57,,,,,False,AUTORIA_NAO_COMPROVADA_NAO_INFERIR_CUSTOM_PRICE
MLB4903852553,VTK016208,active,item:MLB4903852553,234.62,,,,,False,AUTORIA_NAO_COMPROVADA_NAO_INFERIR_CUSTOM_PRICE
MLB4903852423,VTK016094,active,ml:MLB4903852423:MLB7210718036,238.96,,,,,False,AUTORIA_NAO_COMPROVADA_NAO_INFERIR_CUSTOM_PRICE
MLB4903852241,VTK016039,active,item:MLB4903852241,241.61,,,,,False,AUTORIA_NAO_COMPROVADA_NAO_INFERIR_CUSTOM_PRICE
MLB4903851825,VTK016188,active,item:MLB4903851825,249,,,,,False,AUTORIA_NAO_COMPROVADA_NAO_INFERIR_CUSTOM_PRICE
MLB4903851721,VTK016153,active,item:MLB4903851721,223.43,,,,,False,AUTORIA_NAO_COMPROVADA_NAO_INFERIR_CUSTOM_PRICE
MLB4903851409,VTK016162,active,item:MLB4903851409,224.38,,,,,False,AUTORIA_NAO_COMPROVADA_NAO_INFERIR_CUSTOM_PRICE
MLB4903849371,VTK015950,active,item:MLB4903849371,777.83,,,,,False,AUTORIA_NAO_COMPROVADA_NAO_INFERIR_CUSTOM_PRICE
MLB4903849291,VTK016065,active,item:MLB4903849291,656.66,,,,,False,AUTORIA_NAO_COMPROVADA_NAO_INFERIR_CUSTOM_PRICE
MLB4903849169,VTK016010,active,item:MLB4903849169,760.44,,,,,False,AUTORIA_NAO_COMPROVADA_NAO_INFERIR_CUSTOM_PRICE
MLB4903848949,VTK016100,active,item:MLB4903848949,563.59,,,,,False,AUTORIA_NAO_COMPROVADA_NAO_INFERIR_CUSTOM_PRICE
MLB4903848667,VTK016178,active,item:MLB4903848667,549.17,,,,,False,AUTORIA_NAO_COMPROVADA_NAO_INFERIR_CUSTOM_PRICE
MLB4903848245,VTK016247,active,ml:MLB4903848245:MLB7381240874,503.08,,,,,False,AUTORIA_NAO_COMPROVADA_NAO_INFERIR_CUSTOM_PRICE
MLB4903847797,VTK015985,active,item:MLB4903847797,450.57,,,,,False,AUTORIA_NAO_COMPROVADA_NAO_INFERIR_CUSTOM_PRICE
MLB4903847293,VTK016176,active,item:MLB4903847293,373.85,,,,,False,AUTORIA_NAO_COMPROVADA_NAO_INFERIR_CUSTOM_PRICE
MLB4903847073,VTK016177,active,item:MLB4903847073,347,,,,,False,AUTORIA_NAO_COMPROVADA_NAO_INFERIR_CUSTOM_PRICE
MLB4903846781,VTK016017,active,item:MLB4903846781,336.33,,,,,False,AUTORIA_NAO_COMPROVADA_NAO_INFERIR_CUSTOM_PRICE
MLB4903845999,VTK016190,active,item:MLB4903845999,305.28,,,,,False,AUTORIA_NAO_COMPROVADA_NAO_INFERIR_CUSTOM_PRICE
MLB4903845747,VTK015998,active,item:MLB4903845747,302.19,,,,,False,AUTORIA_NAO_COMPROVADA_NAO_INFERIR_CUSTOM_PRICE
MLB4903845503,VTK016145,active,item:MLB4903845503,285,,,,,False,AUTORIA_NAO_COMPROVADA_NAO_INFERIR_CUSTOM_PRICE
MLB4903845367,VTK016189,active,item:MLB4903845367,278.18,,,,,False,AUTORIA_NAO_COMPROVADA_NAO_INFERIR_CUSTOM_PRICE
MLB4903845267,VTK016170,active,item:MLB4903845267,274.59,,,,,False,AUTORIA_NAO_COMPROVADA_NAO_INFERIR_CUSTOM_PRICE
MLB4903844501,VTK016169,active,item:MLB4903844501,252.28,,,,,False,AUTORIA_NAO_COMPROVADA_NAO_INFERIR_CUSTOM_PRICE
MLB4903843905,VTK016205,active,item:MLB4903843905,279.74,,,,,False,AUTORIA_NAO_COMPROVADA_NAO_INFERIR_CUSTOM_PRICE
MLB4903843765,VTK016154,active,item:MLB4903843765,242.98,,,,,False,AUTORIA_NAO_COMPROVADA_NAO_INFERIR_CUSTOM_PRICE
MLB4903843629,VTK016163,active,item:MLB4903843629,241.9,,,,,False,AUTORIA_NAO_COMPROVADA_NAO_INFERIR_CUSTOM_PRICE
MLB4903843455,VTK015997,active,item:MLB4903843455,245.27,,,,,False,AUTORIA_NAO_COMPROVADA_NAO_INFERIR_CUSTOM_PRICE
MLB4903842685,VTK016166,active,item:MLB4903842685,233.96,,,,,False,AUTORIA_NAO_COMPROVADA_NAO_INFERIR_CUSTOM_PRICE
MLB4903841665,VTK015977,active,item:MLB4903841665,218.93,,,,,False,AUTORIA_NAO_COMPROVADA_NAO_INFERIR_CUSTOM_PRICE
MLB4903841511,VTK016187,active,item:MLB4903841511,212.94,,,,,False,AUTORIA_NAO_COMPROVADA_NAO_INFERIR_CUSTOM_PRICE
MLB4903841113,VTK016150,active,item:MLB4903841113,213.51,,,,,False,AUTORIA_NAO_COMPROVADA_NAO_INFERIR_CUSTOM_PRICE
MLB4903840809,VTK016125,active,item:MLB4903840809,207.74,,,,,False,AUTORIA_NAO_COMPROVADA_NAO_INFERIR_CUSTOM_PRICE
MLB4903840483,VTK016112,active,item:MLB4903840483,204.26,,,,,False,AUTORIA_NAO_COMPROVADA_NAO_INFERIR_CUSTOM_PRICE
MLB4903840315,VTK016118,active,item:MLB4903840315,205.86,,,,,False,AUTORIA_NAO_COMPROVADA_NAO_INFERIR_CUSTOM_PRICE
MLB4903839533,VTK016244,active,item:MLB4903839533,194.49,,,,,False,AUTORIA_NAO_COMPROVADA_NAO_INFERIR_CUSTOM_PRICE
MLB4903839363,VTK016111,active,ml:MLB4903839363:MLB7317383946,187.16,,,,,False,AUTORIA_NAO_COMPROVADA_NAO_INFERIR_CUSTOM_PRICE
MLB4903839227,VTK016119,active,item:MLB4903839227,188.18,,,,,False,AUTORIA_NAO_COMPROVADA_NAO_INFERIR_CUSTOM_PRICE
MLB4903839071,VTK016152,active,ml:MLB4903839071:MLB7252818098,183.06,,,,,False,AUTORIA_NAO_COMPROVADA_NAO_INFERIR_CUSTOM_PRICE
MLB4903838199,VTK016160,active,item:MLB4903838199,175.69,,,,,False,AUTORIA_NAO_COMPROVADA_NAO_INFERIR_CUSTOM_PRICE
MLB4903795983,VTK016022,active,item:MLB4903795983,126.93,,,,,False,AUTORIA_NAO_COMPROVADA_NAO_INFERIR_CUSTOM_PRICE
MLB4903792895,VTK016156,active,item:MLB4903792895,90.79,,,,,False,AUTORIA_NAO_COMPROVADA_NAO_INFERIR_CUSTOM_PRICE
MLB4903788139,VTK016012,active,item:MLB4903788139,104.01,,,,,False,AUTORIA_NAO_COMPROVADA_NAO_INFERIR_CUSTOM_PRICE
MLB4903786961,VTK016173,active,item:MLB4903786961,104.8,,,,,False,AUTORIA_NAO_COMPROVADA_NAO_INFERIR_CUSTOM_PRICE
MLB4903784191,VTK016171,active,item:MLB4903784191,102.12,,,,,False,AUTORIA_NAO_COMPROVADA_NAO_INFERIR_CUSTOM_PRICE
MLB4903776529,VTK015993,active,item:MLB4903776529,96.3,,,,,False,AUTORIA_NAO_COMPROVADA_NAO_INFERIR_CUSTOM_PRICE
MLB4903773885,VTK015959,active,item:MLB4903773885,99.27,,,,,False,AUTORIA_NAO_COMPROVADA_NAO_INFERIR_CUSTOM_PRICE
MLB4903766095,VTK015994,active,item:MLB4903766095,99.82,,,,,False,AUTORIA_NAO_COMPROVADA_NAO_INFERIR_CUSTOM_PRICE
MLB4903759801,VTK015954,active,item:MLB4903759801,80.99,,,,,False,AUTORIA_NAO_COMPROVADA_NAO_INFERIR_CUSTOM_PRICE
MLB4903535663,VTK016077,active,item:MLB4903535663,72.61,,,,,False,AUTORIA_NAO_COMPROVADA_NAO_INFERIR_CUSTOM_PRICE
MLB4903509625,VTK016003,active,ml:MLB4903509625:MLB7313982646,61.54,,,,,False,AUTORIA_NAO_COMPROVADA_NAO_INFERIR_CUSTOM_PRICE
MLB7192786804,VTK009688,active,,52.09,,,,,False,AUTORIA_NAO_COMPROVADA_NAO_INFERIR_CUSTOM_PRICE
MLB7191487574,VTK001958,active,ml:MLB4857643483:MLB7191487574,2970,,,,,False,AUTORIA_NAO_COMPROVADA_NAO_INFERIR_CUSTOM_PRICE
MLB7191487498,VTK001048,active,ml:MLB7087149190:MLB7191487498,587.45,,,,,False,AUTORIA_NAO_COMPROVADA_NAO_INFERIR_CUSTOM_PRICE
MLB7210718042,VTK016126,active,ml:MLB7184763152:MLB7210718042,215.69,,,,,False,AUTORIA_NAO_COMPROVADA_NAO_INFERIR_CUSTOM_PRICE
MLB7210718036,VTK016094,active,ml:MLB4903852423:MLB7210718036,238.96,,,,,False,AUTORIA_NAO_COMPROVADA_NAO_INFERIR_CUSTOM_PRICE
MLB7210717986,VTK015925,active,ml:MLB7184724036:MLB7210717986,142,,,,,False,AUTORIA_NAO_COMPROVADA_NAO_INFERIR_CUSTOM_PRICE
MLB7210717982,VTK016107,active,ml:MLB7184750018:MLB7210717982,175,,,,,False,AUTORIA_NAO_COMPROVADA_NAO_INFERIR_CUSTOM_PRICE
MLB7210717978,VTK016143,active,ml:MLB7184746742:MLB7210717978,154.91,,,,,False,AUTORIA_NAO_COMPROVADA_NAO_INFERIR_CUSTOM_PRICE
MLB7210717968,VTK009697,active,ml:MLB4773180493:MLB7210717968,102.94,,,,,False,AUTORIA_NAO_COMPROVADA_NAO_INFERIR_CUSTOM_PRICE
MLB7210659184,VTK016091,active,ml:MLB7184595074:MLB7210659184,70.26,,,,,False,AUTORIA_NAO_COMPROVADA_NAO_INFERIR_CUSTOM_PRICE
MLB7210659182,VTK015953,active,ml:MLB4903857433:MLB7210659182,471.82,,,,,False,AUTORIA_NAO_COMPROVADA_NAO_INFERIR_CUSTOM_PRICE
MLB7210659168,VTK016075,active,ml:MLB7184757542:MLB7210659168,158.44,,,,,False,AUTORIA_NAO_COMPROVADA_NAO_INFERIR_CUSTOM_PRICE
MLB7149338600,VTK012412,active,,22.06,,,,,False,AUTORIA_NAO_COMPROVADA_NAO_INFERIR_CUSTOM_PRICE
MLB7149371272,VTK012173,active,ml:MLB4857639859:MLB7149371272,20.99,,,,,False,AUTORIA_NAO_COMPROVADA_NAO_INFERIR_CUSTOM_PRICE
MLB7149338770,VTK012507,active,,29.98,,,,,False,AUTORIA_NAO_COMPROVADA_NAO_INFERIR_CUSTOM_PRICE
MLB4857624927,VTK012295,active,item:MLB4857624927,34.04,,,,,False,AUTORIA_NAO_COMPROVADA_NAO_INFERIR_CUSTOM_PRICE
MLB4857638535,VTK012167,active,ml:MLB4857638535:MLB7313975298,26.1,,,,,False,AUTORIA_NAO_COMPROVADA_NAO_INFERIR_CUSTOM_PRICE
MLB4857627513,VTK012034,active,ml:MLB4857627513:MLB4987964345,22,,,,,False,AUTORIA_NAO_COMPROVADA_NAO_INFERIR_CUSTOM_PRICE
MLB7149371294,VTK012177,active,,22.22,,,,,False,AUTORIA_NAO_COMPROVADA_NAO_INFERIR_CUSTOM_PRICE
MLB4880526541,VTK012174,active,ml:MLB4880526541:MLB7111713750,35.63,,,,,False,AUTORIA_NAO_COMPROVADA_NAO_INFERIR_CUSTOM_PRICE
MLB7184362764,VTK015968,active,ml:MLB7184362764:MLB7339962212,36.33,,,,,False,AUTORIA_NAO_COMPROVADA_NAO_INFERIR_CUSTOM_PRICE
MLB4880560409,VTK012528,active,ml:MLB4880560409:MLB7111714940,22.95,,,,,False,AUTORIA_NAO_COMPROVADA_NAO_INFERIR_CUSTOM_PRICE
MLB4857626165,VTK012028,active,,26.98,,,,,False,AUTORIA_NAO_COMPROVADA_NAO_INFERIR_CUSTOM_PRICE
MLB7111714826,VTK012331,active,,14.55,,,,,False,AUTORIA_NAO_COMPROVADA_NAO_INFERIR_CUSTOM_PRICE
MLB4857624717,VTK003659,active,ml:MLB4857624717:MLB5109037741,37,,,,,False,AUTORIA_NAO_COMPROVADA_NAO_INFERIR_CUSTOM_PRICE
MLB7149273758,VTK012208,active,,30.09,,,,,False,AUTORIA_NAO_COMPROVADA_NAO_INFERIR_CUSTOM_PRICE
MLB7149337482,VTK012343,active,ml:MLB4857638073:MLB7149337482,29.23,,,,,False,AUTORIA_NAO_COMPROVADA_NAO_INFERIR_CUSTOM_PRICE
MLB7111714668,VTK012067,active,,30.02,,,,,False,AUTORIA_NAO_COMPROVADA_NAO_INFERIR_CUSTOM_PRICE
MLB4857627495,VTK012412,active,,22.06,,,,,False,AUTORIA_NAO_COMPROVADA_NAO_INFERIR_CUSTOM_PRICE
MLB4857639859,VTK012173,active,ml:MLB4857639859:MLB7149371272,20.99,,,,,False,AUTORIA_NAO_COMPROVADA_NAO_INFERIR_CUSTOM_PRICE
MLB7149338064,VTK012394,active,,42.32,,,,,False,AUTORIA_NAO_COMPROVADA_NAO_INFERIR_CUSTOM_PRICE
MLB4857638567,VTK012531,active,item:MLB4857638567,23,,,,,False,AUTORIA_NAO_COMPROVADA_NAO_INFERIR_CUSTOM_PRICE
MLB4882855451,VTK012154,active,ml:MLB4857638585:MLB4882855451,25,,,,,False,AUTORIA_NAO_COMPROVADA_NAO_INFERIR_CUSTOM_PRICE
MLB7111713750,VTK012174,active,ml:MLB4880526541:MLB7111713750,35.63,,,,,False,AUTORIA_NAO_COMPROVADA_NAO_INFERIR_CUSTOM_PRICE
MLB7111713306,VTK003442,active,ml:MLB7111713306:MLB7314824306,41.44,,,,,False,AUTORIA_NAO_COMPROVADA_NAO_INFERIR_CUSTOM_PRICE
MLB4857639801,VTK012177,active,,22.22,,,,,False,AUTORIA_NAO_COMPROVADA_NAO_INFERIR_CUSTOM_PRICE
MLB7111714940,VTK012528,active,ml:MLB4880560409:MLB7111714940,22.95,,,,,False,AUTORIA_NAO_COMPROVADA_NAO_INFERIR_CUSTOM_PRICE
MLB7111714314,VTK012208,active,,30.09,,,,,False,AUTORIA_NAO_COMPROVADA_NAO_INFERIR_CUSTOM_PRICE
MLB7184612784,VTK016033,active,ml:MLB7184612784:MLB7339017972,60.6,,,,,False,AUTORIA_NAO_COMPROVADA_NAO_INFERIR_CUSTOM_PRICE
MLB4857625681,VTK012507,active,,29.98,,,,,False,AUTORIA_NAO_COMPROVADA_NAO_INFERIR_CUSTOM_PRICE
MLB4857626311,VTK012114,active,item:MLB4857626311,22.4,,,,,False,AUTORIA_NAO_COMPROVADA_NAO_INFERIR_CUSTOM_PRICE
MLB4857639883,VTK012159,active,ml:MLB4857639883:MLB7437026332,22,,,,,False,AUTORIA_NAO_COMPROVADA_NAO_INFERIR_CUSTOM_PRICE
MLB7111716064,VTK012104,active,,21.98,,,,,False,AUTORIA_NAO_COMPROVADA_NAO_INFERIR_CUSTOM_PRICE
MLB4857636715,VTK012499,active,ml:MLB4857636715:MLB7330399852,43.37,,,,,False,AUTORIA_NAO_COMPROVADA_NAO_INFERIR_CUSTOM_PRICE
MLB4857638073,VTK012343,active,ml:MLB4857638073:MLB7149337482,29.23,,,,,False,AUTORIA_NAO_COMPROVADA_NAO_INFERIR_CUSTOM_PRICE
MLB4857638613,VTK012024,active,,24.28,,,,,False,AUTORIA_NAO_COMPROVADA_NAO_INFERIR_CUSTOM_PRICE
MLB7111716016,VTK012092,active,item:MLB7111716016,23,,,,,False,AUTORIA_NAO_COMPROVADA_NAO_INFERIR_CUSTOM_PRICE
MLB4857627437,VTK011999,active,item:MLB4857627437,25,,,,,False,AUTORIA_NAO_COMPROVADA_NAO_INFERIR_CUSTOM_PRICE
MLB4880526029,VTK012161,active,ml:MLB4880526029:MLB7111716002,22,,,,,False,AUTORIA_NAO_COMPROVADA_NAO_INFERIR_CUSTOM_PRICE
MLB4857638585,VTK012154,active,ml:MLB4857638585:MLB4882855451,25,,,,,False,AUTORIA_NAO_COMPROVADA_NAO_INFERIR_CUSTOM_PRICE
MLB4857636689,VTK012394,active,,42.32,,,,,False,AUTORIA_NAO_COMPROVADA_NAO_INFERIR_CUSTOM_PRICE
MLB4857626057,VTK011994,active,item:MLB4857626057,25,,,,,False,AUTORIA_NAO_COMPROVADA_NAO_INFERIR_CUSTOM_PRICE
MLB4857626207,VTK012116,active,item:MLB4857626207,25,,,,,False,AUTORIA_NAO_COMPROVADA_NAO_INFERIR_CUSTOM_PRICE
MLB7149339276,VTK003692,active,ml:MLB4857623457:MLB7149339276,47,,,,,False,AUTORIA_NAO_COMPROVADA_NAO_INFERIR_CUSTOM_PRICE
MLB4880560533,VTK012026,active,ml:MLB4880560533:MLB7111714808,24.21,,,,,False,AUTORIA_NAO_COMPROVADA_NAO_INFERIR_CUSTOM_PRICE
MLB7111716002,VTK012161,active,ml:MLB4880526029:MLB7111716002,22,,,,,False,AUTORIA_NAO_COMPROVADA_NAO_INFERIR_CUSTOM_PRICE
MLB4857626055,VTK012361,active,item:MLB4857626055,25,,,,,False,AUTORIA_NAO_COMPROVADA_NAO_INFERIR_CUSTOM_PRICE
MLB7111714892,VTK012027,active,item:MLB7111714892,25,,,,,False,AUTORIA_NAO_COMPROVADA_NAO_INFERIR_CUSTOM_PRICE
MLB7181841450,VTK012112,active,ml:MLB7111714776:MLB7181841450,25,,,,,False,AUTORIA_NAO_COMPROVADA_NAO_INFERIR_CUSTOM_PRICE
MLB4880525995,VTK012107,active,ml:MLB4880525995:MLB7111716080,25,,,,,False,AUTORIA_NAO_COMPROVADA_NAO_INFERIR_CUSTOM_PRICE
MLB4857638463,VTK012168,active,item:MLB4857638463,25,,,,,False,AUTORIA_NAO_COMPROVADA_NAO_INFERIR_CUSTOM_PRICE
MLB7111714880,VTK012344,active,,23.76,,,,,False,AUTORIA_NAO_COMPROVADA_NAO_INFERIR_CUSTOM_PRICE
MLB4857623457,VTK003692,active,ml:MLB4857623457:MLB7149339276,47,,,,,False,AUTORIA_NAO_COMPROVADA_NAO_INFERIR_CUSTOM_PRICE
MLB7111714808,VTK012026,active,ml:MLB4880560533:MLB7111714808,24.21,,,,,False,AUTORIA_NAO_COMPROVADA_NAO_INFERIR_CUSTOM_PRICE
MLB7111714710,VTK011993,active,item:MLB7111714710,25,,,,,False,AUTORIA_NAO_COMPROVADA_NAO_INFERIR_CUSTOM_PRICE
MLB4857626107,VTK012271,active,,24.82,,,,,False,AUTORIA_NAO_COMPROVADA_NAO_INFERIR_CUSTOM_PRICE
MLB4857626123,VTK012481,active,,24.74,,,,,False,AUTORIA_NAO_COMPROVADA_NAO_INFERIR_CUSTOM_PRICE
MLB7111714706,VTK012109,active,,25.5,,,,,False,AUTORIA_NAO_COMPROVADA_NAO_INFERIR_CUSTOM_PRICE
MLB4880526015,VTK012105,active,,23.69,,,,,False,AUTORIA_NAO_COMPROVADA_NAO_INFERIR_CUSTOM_PRICE
MLB7149372258,VTK012129,active,ml:MLB4857636607:MLB7149372258,34,,,,,False,AUTORIA_NAO_COMPROVADA_NAO_INFERIR_CUSTOM_PRICE
MLB7111714776,VTK012112,active,ml:MLB7111714776:MLB7181841450,25,,,,,False,AUTORIA_NAO_COMPROVADA_NAO_INFERIR_CUSTOM_PRICE
MLB7111716080,VTK012107,active,ml:MLB4880525995:MLB7111716080,25,,,,,False,AUTORIA_NAO_COMPROVADA_NAO_INFERIR_CUSTOM_PRICE
MLB7111714912,VTK012396,active,ml:MLB5079124691:MLB7111714912,25,,,,,False,AUTORIA_NAO_COMPROVADA_NAO_INFERIR_CUSTOM_PRICE
MLB7149338638,VTK000761,active,,26.2,,,,,False,AUTORIA_NAO_COMPROVADA_NAO_INFERIR_CUSTOM_PRICE
MLB4857638539,VTK012082,active,item:MLB4857638539,25,,,,,False,AUTORIA_NAO_COMPROVADA_NAO_INFERIR_CUSTOM_PRICE
MLB4880591417,VTK012079,active,ml:MLB4857626247:MLB4880591417,23.49,,,,,False,AUTORIA_NAO_COMPROVADA_NAO_INFERIR_CUSTOM_PRICE
MLB4857638515,VTK012023,active,ml:MLB4857638515:MLB4994227259,24.75,,,,,False,AUTORIA_NAO_COMPROVADA_NAO_INFERIR_CUSTOM_PRICE
MLB7149338704,VTK011998,active,ml:MLB4857625851:MLB7149338704,26,,,,,False,AUTORIA_NAO_COMPROVADA_NAO_INFERIR_CUSTOM_PRICE
MLB4857636607,VTK012129,active,ml:MLB4857636607:MLB7149372258,34,,,,,False,AUTORIA_NAO_COMPROVADA_NAO_INFERIR_CUSTOM_PRICE
MLB7149371320,VTK012094,active,ml:MLB4857638595:MLB7149371320,25,,,,,False,AUTORIA_NAO_COMPROVADA_NAO_INFERIR_CUSTOM_PRICE
MLB4857625883,VTK012211,active,item:MLB4857625883,26,,,,,False,AUTORIA_NAO_COMPROVADA_NAO_INFERIR_CUSTOM_PRICE
MLB4857638231,VTK012315,active,,26.12,,,,,False,AUTORIA_NAO_COMPROVADA_NAO_INFERIR_CUSTOM_PRICE
MLB4857625819,VTK012285,active,item:MLB4857625819,27,,,,,False,AUTORIA_NAO_COMPROVADA_NAO_INFERIR_CUSTOM_PRICE
MLB4857638211,VTK012047,active,item:MLB4857638211,26.23,,,,,False,AUTORIA_NAO_COMPROVADA_NAO_INFERIR_CUSTOM_PRICE
MLB7111716030,VTK012105,active,,23.69,,,,,False,AUTORIA_NAO_COMPROVADA_NAO_INFERIR_CUSTOM_PRICE
MLB4857625851,VTK011998,active,ml:MLB4857625851:MLB7149338704,26,,,,,False,AUTORIA_NAO_COMPROVADA_NAO_INFERIR_CUSTOM_PRICE
MLB4857626247,VTK012079,active,ml:MLB4857626247:MLB4880591417,23.49,,,,,False,AUTORIA_NAO_COMPROVADA_NAO_INFERIR_CUSTOM_PRICE
MLB4857625983,VTK012273,active,ml:MLB4857625983:MLB4994228469,29,,,,,False,AUTORIA_NAO_COMPROVADA_NAO_INFERIR_CUSTOM_PRICE
MLB4857626085,VTK012113,active,ml:MLB4857626085:MLB4981698407,24.47,,,,,False,AUTORIA_NAO_COMPROVADA_NAO_INFERIR_CUSTOM_PRICE
MLB7149338660,VTK012246,active,ml:MLB4857625895:MLB7149338660,26,,,,,False,AUTORIA_NAO_COMPROVADA_NAO_INFERIR_CUSTOM_PRICE
MLB4880590063,VTK012162,active,ml:MLB4857638381:MLB4880590063,25.82,,,,,False,AUTORIA_NAO_COMPROVADA_NAO_INFERIR_CUSTOM_PRICE
MLB7111714784,VTK012096,active,item:MLB7111714784,27.49,,,,,False,AUTORIA_NAO_COMPROVADA_NAO_INFERIR_CUSTOM_PRICE
MLB4857626025,VTK012232,active,item:MLB4857626025,25,,,,,False,AUTORIA_NAO_COMPROVADA_NAO_INFERIR_CUSTOM_PRICE
MLB4857626069,VTK000761,active,,26.2,,,,,False,AUTORIA_NAO_COMPROVADA_NAO_INFERIR_CUSTOM_PRICE
MLB4857638595,VTK012094,active,ml:MLB4857638595:MLB7149371320,25,,,,,False,AUTORIA_NAO_COMPROVADA_NAO_INFERIR_CUSTOM_PRICE
MLB7111714726,VTK012145,active,item:MLB7111714726,24.75,,,,,False,AUTORIA_NAO_COMPROVADA_NAO_INFERIR_CUSTOM_PRICE
MLB4857625911,VTK012453,active,item:MLB4857625911,48.43,,,,,False,AUTORIA_NAO_COMPROVADA_NAO_INFERIR_CUSTOM_PRICE
MLB7111714760,VTK012180,active,ml:MLB7111714760:MLB7317384576,25.53,,,,,False,AUTORIA_NAO_COMPROVADA_NAO_INFERIR_CUSTOM_PRICE
MLB4857638215,VTK012251,active,item:MLB4857638215,27,,,,,False,AUTORIA_NAO_COMPROVADA_NAO_INFERIR_CUSTOM_PRICE
MLB7149337266,VTK012063,active,ml:MLB4857638293:MLB7149337266,26,,,,,False,AUTORIA_NAO_COMPROVADA_NAO_INFERIR_CUSTOM_PRICE
MLB4857626071,VTK012025,active,ml:MLB4857626071:MLB7316880258,32.32,,,,,False,AUTORIA_NAO_COMPROVADA_NAO_INFERIR_CUSTOM_PRICE
MLB4857625895,VTK012246,active,ml:MLB4857625895:MLB7149338660,26,,,,,False,AUTORIA_NAO_COMPROVADA_NAO_INFERIR_CUSTOM_PRICE
MLB4857638381,VTK012162,active,ml:MLB4857638381:MLB4880590063,25.82,,,,,False,AUTORIA_NAO_COMPROVADA_NAO_INFERIR_CUSTOM_PRICE
MLB7149337398,VTK012316,active,,27.7,,,,,False,AUTORIA_NAO_COMPROVADA_NAO_INFERIR_CUSTOM_PRICE
MLB4857638091,VTK000280,active,item:MLB4857638091,32,,,,,False,AUTORIA_NAO_COMPROVADA_NAO_INFERIR_CUSTOM_PRICE
MLB7149372854,VTK012089,active,ml:MLB4857625885:MLB7149372854,29,,,,,False,AUTORIA_NAO_COMPROVADA_NAO_INFERIR_CUSTOM_PRICE
MLB4857638293,VTK012063,active,ml:MLB4857638293:MLB7149337266,26,,,,,False,AUTORIA_NAO_COMPROVADA_NAO_INFERIR_CUSTOM_PRICE
MLB7149406862,VTK012203,active,ml:MLB7145201178:MLB7149406862,29,,,,,False,AUTORIA_NAO_COMPROVADA_NAO_INFERIR_CUSTOM_PRICE
MLB7149338302,VTK012250,active,ml:MLB4857635695:MLB7149338302,46.33,,,,,False,AUTORIA_NAO_COMPROVADA_NAO_INFERIR_CUSTOM_PRICE
MLB4857638175,VTK012095,active,item:MLB4857638175,29,,,,,False,AUTORIA_NAO_COMPROVADA_NAO_INFERIR_CUSTOM_PRICE
MLB7184365752,VTK016059,active,item:MLB7184365752,47.88,,,,,False,AUTORIA_NAO_COMPROVADA_NAO_INFERIR_CUSTOM_PRICE
MLB7149273578,VTK012038,active,ml:MLB7111714554:MLB7149273578,26.77,,,,,False,AUTORIA_NAO_COMPROVADA_NAO_INFERIR_CUSTOM_PRICE
MLB4857625885,VTK012089,active,ml:MLB4857625885:MLB7149372854,29,,,,,False,AUTORIA_NAO_COMPROVADA_NAO_INFERIR_CUSTOM_PRICE
MLB4857638159,VTK012316,active,,27.7,,,,,False,AUTORIA_NAO_COMPROVADA_NAO_INFERIR_CUSTOM_PRICE
MLB4880526301,VTK012346,active,,28.77,,,,,False,AUTORIA_NAO_COMPROVADA_NAO_INFERIR_CUSTOM_PRICE
MLB4880590203,VTK012036,active,ml:MLB4857638129:MLB4880590203,27.77,,,,,False,AUTORIA_NAO_COMPROVADA_NAO_INFERIR_CUSTOM_PRICE
MLB7168452518,VTK012042,active,ml:MLB7111714552:MLB7168452518,26.78,,,,,False,AUTORIA_NAO_COMPROVADA_NAO_INFERIR_CUSTOM_PRICE
MLB7111714512,VTK012254,active,,29.85,,,,,False,AUTORIA_NAO_COMPROVADA_NAO_INFERIR_CUSTOM_PRICE
MLB4857625795,VTK000401,active,item:MLB4857625795,29.68,,,,,False,AUTORIA_NAO_COMPROVADA_NAO_INFERIR_CUSTOM_PRICE
MLB4857625901,VTK012029,active,ml:MLB4857625901:MLB7339018046,26.51,,,,,False,AUTORIA_NAO_COMPROVADA_NAO_INFERIR_CUSTOM_PRICE
MLB4857635695,VTK012250,active,ml:MLB4857635695:MLB7149338302,46.33,,,,,False,AUTORIA_NAO_COMPROVADA_NAO_INFERIR_CUSTOM_PRICE
MLB7145201178,VTK012203,active,ml:MLB7145201178:MLB7149406862,29,,,,,False,AUTORIA_NAO_COMPROVADA_NAO_INFERIR_CUSTOM_PRICE
MLB7111714554,VTK012038,active,ml:MLB7111714554:MLB7149273578,26.77,,,,,False,AUTORIA_NAO_COMPROVADA_NAO_INFERIR_CUSTOM_PRICE
MLB4857638121,VTK012163,active,item:MLB4857638121,29,,,,,False,AUTORIA_NAO_COMPROVADA_NAO_INFERIR_CUSTOM_PRICE
MLB7184362210,VTK016233,active,ml:MLB4981703335:MLB7184362210,30.98,,,,,False,AUTORIA_NAO_COMPROVADA_NAO_INFERIR_CUSTOM_PRICE
MLB4857637499,VTK012286,active,item:MLB4857637499,33,,,,,False,AUTORIA_NAO_COMPROVADA_NAO_INFERIR_CUSTOM_PRICE
MLB7149337364,VTK012215,active,ml:MLB4857638181:MLB7149337364,26.51,,,,,False,AUTORIA_NAO_COMPROVADA_NAO_INFERIR_CUSTOM_PRICE
MLB4857625413,VTK012218,active,item:MLB4857625413,30,,,,,False,AUTORIA_NAO_COMPROVADA_NAO_INFERIR_CUSTOM_PRICE
MLB4880591489,VTK012100,active,ml:MLB4857625871:MLB4880591489,27.26,,,,,False,AUTORIA_NAO_COMPROVADA_NAO_INFERIR_CUSTOM_PRICE
MLB7111714552,VTK012042,active,ml:MLB7111714552:MLB7168452518,26.78,,,,,False,AUTORIA_NAO_COMPROVADA_NAO_INFERIR_CUSTOM_PRICE
MLB7111714526,VTK012346,active,,28.77,,,,,False,AUTORIA_NAO_COMPROVADA_NAO_INFERIR_CUSTOM_PRICE
MLB7111714140,VTK012294,active,item:MLB7111714140,31,,,,,False,AUTORIA_NAO_COMPROVADA_NAO_INFERIR_CUSTOM_PRICE
MLB4857637767,VTK012325,active,ml:MLB4857637767:MLB5191246127,30,,,,,False,AUTORIA_NAO_COMPROVADA_NAO_INFERIR_CUSTOM_PRICE
MLB4880526359,VTK012032,active,ml:MLB4880526359:MLB7111714426,28.73,,,,,False,AUTORIA_NAO_COMPROVADA_NAO_INFERIR_CUSTOM_PRICE
MLB4857625759,VTK012298,active,item:MLB4857625759,51,,,,,False,AUTORIA_NAO_COMPROVADA_NAO_INFERIR_CUSTOM_PRICE
MLB4880526327,VTK012650,active,ml:MLB4880526327:MLB7111714472,29,,,,,False,AUTORIA_NAO_COMPROVADA_NAO_INFERIR_CUSTOM_PRICE
MLB4880560799,VTK001614,active,ml:MLB4880560799:MLB7111714398,30,,,,,False,AUTORIA_NAO_COMPROVADA_NAO_INFERIR_CUSTOM_PRICE
MLB4857638129,VTK012036,active,ml:MLB4857638129:MLB4880590203,27.77,,,,,False,AUTORIA_NAO_COMPROVADA_NAO_INFERIR_CUSTOM_PRICE
MLB4857625871,VTK012100,active,ml:MLB4857625871:MLB4880591489,27.26,,,,,False,AUTORIA_NAO_COMPROVADA_NAO_INFERIR_CUSTOM_PRICE
MLB4857625615,VTK002685,active,,31.43,,,,,False,AUTORIA_NAO_COMPROVADA_NAO_INFERIR_CUSTOM_PRICE
MLB4857638077,VTK012691,active,item:MLB4857638077,30,,,,,False,AUTORIA_NAO_COMPROVADA_NAO_INFERIR_CUSTOM_PRICE
MLB4857625789,VTK012389,active,item:MLB4857625789,30,,,,,False,AUTORIA_NAO_COMPROVADA_NAO_INFERIR_CUSTOM_PRICE
MLB4880590401,VTK012126,active,,32.65,,,,,False,AUTORIA_NAO_COMPROVADA_NAO_INFERIR_CUSTOM_PRICE
MLB4857637711,VTK012302,active,ml:MLB4857637711:MLB5187692705,30,,,,,False,AUTORIA_NAO_COMPROVADA_NAO_INFERIR_CUSTOM_PRICE
MLB7149372898,VTK012080,active,ml:MLB4857625807:MLB7149372898,30,,,,,False,AUTORIA_NAO_COMPROVADA_NAO_INFERIR_CUSTOM_PRICE
MLB4857637823,VTK012260,active,item:MLB4857637823,30,,,,,False,AUTORIA_NAO_COMPROVADA_NAO_INFERIR_CUSTOM_PRICE
MLB4886661609,VTK012345,active,,30.72,,,,,False,AUTORIA_NAO_COMPROVADA_NAO_INFERIR_CUSTOM_PRICE
MLB4880526391,VTK012521,active,ml:MLB4880526391:MLB7111714416,30,,,,,False,AUTORIA_NAO_COMPROVADA_NAO_INFERIR_CUSTOM_PRICE
MLB7111712036,VTK001796,active,,49.47,,,,,False,AUTORIA_NAO_COMPROVADA_NAO_INFERIR_CUSTOM_PRICE
MLB4857638181,VTK012215,active,ml:MLB4857638181:MLB7149337364,26.51,,,,,False,AUTORIA_NAO_COMPROVADA_NAO_INFERIR_CUSTOM_PRICE
MLB4857637355,VTK012326,active,item:MLB4857637355,31,,,,,False,AUTORIA_NAO_COMPROVADA_NAO_INFERIR_CUSTOM_PRICE
MLB4857637373,VTK012339,active,ml:MLB4857637373:MLB4988014307,32,,,,,False,AUTORIA_NAO_COMPROVADA_NAO_INFERIR_CUSTOM_PRICE
MLB7111713960,VTK012207,active,,28.03,,,,,False,AUTORIA_NAO_COMPROVADA_NAO_INFERIR_CUSTOM_PRICE
MLB4857637369,VTK012605,active,item:MLB4857637369,31,,,,,False,AUTORIA_NAO_COMPROVADA_NAO_INFERIR_CUSTOM_PRICE
MLB4903413285,VTK016133,active,item:MLB4903413285,31.17,,,,,False,AUTORIA_NAO_COMPROVADA_NAO_INFERIR_CUSTOM_PRICE
MLB7149338748,VTK012083,active,ml:MLB4857625725:MLB7149338748,30.07,,,,,False,AUTORIA_NAO_COMPROVADA_NAO_INFERIR_CUSTOM_PRICE
MLB4857625807,VTK012080,active,ml:MLB4857625807:MLB7149372898,30,,,,,False,AUTORIA_NAO_COMPROVADA_NAO_INFERIR_CUSTOM_PRICE
MLB7111714472,VTK012650,active,ml:MLB4880526327:MLB7111714472,29,,,,,False,AUTORIA_NAO_COMPROVADA_NAO_INFERIR_CUSTOM_PRICE
MLB4880590327,VTK012001,active,ml:MLB4857637945:MLB4880590327,31,,,,,False,AUTORIA_NAO_COMPROVADA_NAO_INFERIR_CUSTOM_PRICE
MLB4880560851,VTK012798,active,ml:MLB4880560851:MLB7111714252,31,,,,,False,AUTORIA_NAO_COMPROVADA_NAO_INFERIR_CUSTOM_PRICE
MLB4857637791,VTK012338,active,item:MLB4857637791,31,,,,,False,AUTORIA_NAO_COMPROVADA_NAO_INFERIR_CUSTOM_PRICE
MLB4857637341,VTK012471,active,ml:MLB4857637341:MLB5191246163,32,,,,,False,AUTORIA_NAO_COMPROVADA_NAO_INFERIR_CUSTOM_PRICE
MLB4857637387,VTK012265,active,item:MLB4857637387,31,,,,,False,AUTORIA_NAO_COMPROVADA_NAO_INFERIR_CUSTOM_PRICE
MLB7149371618,VTK012432,active,ml:MLB4857637979:MLB7149371618,30.03,,,,,False,AUTORIA_NAO_COMPROVADA_NAO_INFERIR_CUSTOM_PRICE
MLB4857625725,VTK012083,active,ml:MLB4857625725:MLB7149338748,30.07,,,,,False,AUTORIA_NAO_COMPROVADA_NAO_INFERIR_CUSTOM_PRICE
MLB7111714408,VTK012146,active,item:MLB7111714408,29.79,,,,,False,AUTORIA_NAO_COMPROVADA_NAO_INFERIR_CUSTOM_PRICE
MLB4857625111,VTK012410,active,item:MLB4857625111,32,,,,,False,AUTORIA_NAO_COMPROVADA_NAO_INFERIR_CUSTOM_PRICE
MLB7111714398,VTK001614,active,ml:MLB4880560799:MLB7111714398,30,,,,,False,AUTORIA_NAO_COMPROVADA_NAO_INFERIR_CUSTOM_PRICE
MLB4857636983,VTK012149,active,ml:MLB4857636983:MLB7314824182,37,,,,,False,AUTORIA_NAO_COMPROVADA_NAO_INFERIR_CUSTOM_PRICE
MLB7111714426,VTK012032,active,ml:MLB4880526359:MLB7111714426,28.73,,,,,False,AUTORIA_NAO_COMPROVADA_NAO_INFERIR_CUSTOM_PRICE
MLB7149273892,VTK000388,active,ml:MLB7111713628:MLB7149273892,34,,,,,False,AUTORIA_NAO_COMPROVADA_NAO_INFERIR_CUSTOM_PRICE
MLB4857625395,VTK001502,active,ml:MLB4857625395:MLB4981703069,31.93,,,,,False,AUTORIA_NAO_COMPROVADA_NAO_INFERIR_CUSTOM_PRICE
MLB7149337762,VTK011996,active,ml:MLB4857637193:MLB7149337762,34,,,,,False,AUTORIA_NAO_COMPROVADA_NAO_INFERIR_CUSTOM_PRICE
MLB4857625701,VTK012078,active,item:MLB4857625701,31,,,,,False,AUTORIA_NAO_COMPROVADA_NAO_INFERIR_CUSTOM_PRICE
MLB7149338828,VTK012501,active,ml:MLB4857625071:MLB7149338828,34,,,,,False,AUTORIA_NAO_COMPROVADA_NAO_INFERIR_CUSTOM_PRICE
MLB4857637573,VTK012479,active,,32.98,,,,,False,AUTORIA_NAO_COMPROVADA_NAO_INFERIR_CUSTOM_PRICE
MLB4857637945,VTK012001,active,ml:MLB4857637945:MLB4880590327,31,,,,,False,AUTORIA_NAO_COMPROVADA_NAO_INFERIR_CUSTOM_PRICE
MLB7111714386,VTK000376,active,ml:MLB7111714386:MLB7316879120,31.29,,,,,False,AUTORIA_NAO_COMPROVADA_NAO_INFERIR_CUSTOM_PRICE
MLB7149371698,VTK012582,active,ml:MLB4857637629:MLB7149371698,32,,,,,False,AUTORIA_NAO_COMPROVADA_NAO_INFERIR_CUSTOM_PRICE
MLB4857625235,VTK003140,active,,34.61,,,,,False,AUTORIA_NAO_COMPROVADA_NAO_INFERIR_CUSTOM_PRICE
MLB4880591681,VTK000173,active,ml:MLB4857624939:MLB4880591681,34,,,,,False,AUTORIA_NAO_COMPROVADA_NAO_INFERIR_CUSTOM_PRICE
MLB4857637599,VTK012126,active,,32.65,,,,,False,AUTORIA_NAO_COMPROVADA_NAO_INFERIR_CUSTOM_PRICE
MLB7149338840,VTK000020,active,ml:MLB4857625013:MLB7149338840,34,,,,,False,AUTORIA_NAO_COMPROVADA_NAO_INFERIR_CUSTOM_PRICE
MLB4857625031,VTK012181,active,ml:MLB4857625031:MLB7314819690,31.45,,,,,False,AUTORIA_NAO_COMPROVADA_NAO_INFERIR_CUSTOM_PRICE
MLB4880526513,VTK012451,active,,33.51,,,,,False,AUTORIA_NAO_COMPROVADA_NAO_INFERIR_CUSTOM_PRICE
MLB4857625799,VTK012060,active,item:MLB4857625799,32,,,,,False,AUTORIA_NAO_COMPROVADA_NAO_INFERIR_CUSTOM_PRICE
MLB4857625071,VTK012501,active,ml:MLB4857625071:MLB7149338828,34,,,,,False,AUTORIA_NAO_COMPROVADA_NAO_INFERIR_CUSTOM_PRICE
MLB4857637193,VTK011996,active,ml:MLB4857637193:MLB7149337762,34,,,,,False,AUTORIA_NAO_COMPROVADA_NAO_INFERIR_CUSTOM_PRICE
MLB7111713628,VTK000388,active,ml:MLB7111713628:MLB7149273892,34,,,,,False,AUTORIA_NAO_COMPROVADA_NAO_INFERIR_CUSTOM_PRICE
MLB4880561165,VTK011991,active,ml:MLB4880561165:MLB7111713086,34.35,,,,,False,AUTORIA_NAO_COMPROVADA_NAO_INFERIR_CUSTOM_PRICE
MLB4880591597,VTK012210,active,ml:MLB4857625149:MLB4880591597,27,,,,,False,AUTORIA_NAO_COMPROVADA_NAO_INFERIR_CUSTOM_PRICE
MLB4857638105,VTK012062,active,item:MLB4857638105,31.14,,,,,False,AUTORIA_NAO_COMPROVADA_NAO_INFERIR_CUSTOM_PRICE
MLB7184367000,VTK016078,active,item:MLB7184367000,72.16,,,,,False,AUTORIA_NAO_COMPROVADA_NAO_INFERIR_CUSTOM_PRICE
MLB7149371768,VTK012399,active,ml:MLB4857637347:MLB7149371768,34,,,,,False,AUTORIA_NAO_COMPROVADA_NAO_INFERIR_CUSTOM_PRICE
MLB4786778651,VTK009670,active,ml:MLB4772727465:MLB4786778651,34,,,,,False,AUTORIA_NAO_COMPROVADA_NAO_INFERIR_CUSTOM_PRICE
MLB4857624939,VTK000173,active,ml:MLB4857624939:MLB4880591681,34,,,,,False,AUTORIA_NAO_COMPROVADA_NAO_INFERIR_CUSTOM_PRICE
MLB7111714416,VTK012521,active,ml:MLB4880526391:MLB7111714416,30,,,,,False,AUTORIA_NAO_COMPROVADA_NAO_INFERIR_CUSTOM_PRICE
MLB7149373024,VTK002430,active,,32.51,,,,,False,AUTORIA_NAO_COMPROVADA_NAO_INFERIR_CUSTOM_PRICE
MLB7184595358,VTK015938,active,item:MLB7184595358,53,,,,,False,AUTORIA_NAO_COMPROVADA_NAO_INFERIR_CUSTOM_PRICE
MLB7111713682,VTK004180,active,,35.11,,,,,False,AUTORIA_NAO_COMPROVADA_NAO_INFERIR_CUSTOM_PRICE
MLB7149371848,VTK003213,active,,35.79,,,,,False,AUTORIA_NAO_COMPROVADA_NAO_INFERIR_CUSTOM_PRICE
MLB7157760958,VTK000060,active,,36.72,,,,,False,AUTORIA_NAO_COMPROVADA_NAO_INFERIR_CUSTOM_PRICE
MLB7111713086,VTK011991,active,ml:MLB4880561165:MLB7111713086,34.35,,,,,False,AUTORIA_NAO_COMPROVADA_NAO_INFERIR_CUSTOM_PRICE
MLB7149273868,VTK012123,active,ml:MLB7111713730:MLB7149273868,34,,,,,False,AUTORIA_NAO_COMPROVADA_NAO_INFERIR_CUSTOM_PRICE
MLB4857637347,VTK012399,active,ml:MLB4857637347:MLB7149371768,34,,,,,False,AUTORIA_NAO_COMPROVADA_NAO_INFERIR_CUSTOM_PRICE
MLB4857637259,VTK012012,active,,37.58,,,,,False,AUTORIA_NAO_COMPROVADA_NAO_INFERIR_CUSTOM_PRICE
MLB4857624913,VTK012452,active,,33.06,,,,,False,AUTORIA_NAO_COMPROVADA_NAO_INFERIR_CUSTOM_PRICE
MLB7111711768,VTK012571,active,item:MLB7111711768,57,,,,,False,AUTORIA_NAO_COMPROVADA_NAO_INFERIR_CUSTOM_PRICE
MLB7149338946,VTK003606,active,,34.71,,,,,False,AUTORIA_NAO_COMPROVADA_NAO_INFERIR_CUSTOM_PRICE
MLB7149373156,VTK000090,active,ml:MLB4857624877:MLB7149373156,34,,,,,False,AUTORIA_NAO_COMPROVADA_NAO_INFERIR_CUSTOM_PRICE
MLB4772727465,VTK009670,active,ml:MLB4772727465:MLB4786778651,34,,,,,False,AUTORIA_NAO_COMPROVADA_NAO_INFERIR_CUSTOM_PRICE
MLB4857637215,VTK003213,active,,35.79,,,,,False,AUTORIA_NAO_COMPROVADA_NAO_INFERIR_CUSTOM_PRICE
MLB4857637125,VTK000060,active,,36.72,,,,,False,AUTORIA_NAO_COMPROVADA_NAO_INFERIR_CUSTOM_PRICE
MLB4880590639,VTK011995,active,ml:MLB4857637127:MLB4880590639,34,,,,,False,AUTORIA_NAO_COMPROVADA_NAO_INFERIR_CUSTOM_PRICE
MLB4880591743,VTK003667,active,ml:MLB4857624879:MLB4880591743,35,,,,,False,AUTORIA_NAO_COMPROVADA_NAO_INFERIR_CUSTOM_PRICE
MLB4857637411,VTK003190,active,item:MLB4857637411,55.29,,,,,False,AUTORIA_NAO_COMPROVADA_NAO_INFERIR_CUSTOM_PRICE
MLB7111713696,VTK000364,active,,35.49,,,,,False,AUTORIA_NAO_COMPROVADA_NAO_INFERIR_CUSTOM_PRICE
MLB7111713886,VTK000044,active,ml:MLB7111713886:MLB7314820970,34,,,,,False,AUTORIA_NAO_COMPROVADA_NAO_INFERIR_CUSTOM_PRICE
MLB7149373292,VTK001743,active,ml:MLB4857624629:MLB7149373292,36,,,,,False,AUTORIA_NAO_COMPROVADA_NAO_INFERIR_CUSTOM_PRICE
MLB7111713730,VTK012123,active,ml:MLB7111713730:MLB7149273868,34,,,,,False,AUTORIA_NAO_COMPROVADA_NAO_INFERIR_CUSTOM_PRICE
MLB4857624877,VTK000090,active,ml:MLB4857624877:MLB7149373156,34,,,,,False,AUTORIA_NAO_COMPROVADA_NAO_INFERIR_CUSTOM_PRICE
MLB4857625149,VTK012210,active,ml:MLB4857625149:MLB4880591597,27,,,,,False,AUTORIA_NAO_COMPROVADA_NAO_INFERIR_CUSTOM_PRICE
MLB7149339086,VTK012204,active,ml:MLB4857624749:MLB7149339086,37,,,,,False,AUTORIA_NAO_COMPROVADA_NAO_INFERIR_CUSTOM_PRICE
MLB4903508597,VTK016234,active,ml:MLB4903508597:MLB7314819664,34.36,,,,,False,AUTORIA_NAO_COMPROVADA_NAO_INFERIR_CUSTOM_PRICE
MLB4786791333,VTK009664,active,ml:MLB4772738263:MLB4786791333,36,,,,,False,AUTORIA_NAO_COMPROVADA_NAO_INFERIR_CUSTOM_PRICE
MLB4857624907,VTK003606,active,,34.71,,,,,False,AUTORIA_NAO_COMPROVADA_NAO_INFERIR_CUSTOM_PRICE
MLB4908883321,VTK012050,active,item:MLB4908883321,33.63,,,,,False,AUTORIA_NAO_COMPROVADA_NAO_INFERIR_CUSTOM_PRICE
MLB7149373252,VTK003651,active,ml:MLB4857624759:MLB7149373252,39,,,,,False,AUTORIA_NAO_COMPROVADA_NAO_INFERIR_CUSTOM_PRICE
MLB4880526635,VTK012519,active,ml:MLB4880526635:MLB7111713620,36,,,,,False,AUTORIA_NAO_COMPROVADA_NAO_INFERIR_CUSTOM_PRICE
MLB4857637045,VTK000201,active,ml:MLB4857637045:MLB7593393876,55.3,,,,,False,AUTORIA_NAO_COMPROVADA_NAO_INFERIR_CUSTOM_PRICE
MLB7111713468,VTK012198,active,ml:MLB4881447273:MLB7111713468,37,,,,,False,AUTORIA_NAO_COMPROVADA_NAO_INFERIR_CUSTOM_PRICE
MLB4857624749,VTK012204,active,ml:MLB4857624749:MLB7149339086,37,,,,,False,AUTORIA_NAO_COMPROVADA_NAO_INFERIR_CUSTOM_PRICE
MLB7111713358,VTK002662,active,,38.48,,,,,False,AUTORIA_NAO_COMPROVADA_NAO_INFERIR_CUSTOM_PRICE
MLB4857637979,VTK012432,active,ml:MLB4857637979:MLB7149371618,30.03,,,,,False,AUTORIA_NAO_COMPROVADA_NAO_INFERIR_CUSTOM_PRICE
MLB7111713652,VTK012131,active,,34.37,,,,,False,AUTORIA_NAO_COMPROVADA_NAO_INFERIR_CUSTOM_PRICE
MLB4772738263,VTK009664,active,ml:MLB4772738263:MLB4786791333,36,,,,,False,AUTORIA_NAO_COMPROVADA_NAO_INFERIR_CUSTOM_PRICE
MLB4857624597,VTK000611,active,item:MLB4857624597,35,,,,,False,AUTORIA_NAO_COMPROVADA_NAO_INFERIR_CUSTOM_PRICE
MLB4880526677,VTK000034,active,ml:MLB4880526677:MLB7111713438,36,,,,,False,AUTORIA_NAO_COMPROVADA_NAO_INFERIR_CUSTOM_PRICE
MLB7169655686,VTK016035,active,item:MLB7169655686,54.28,,,,,False,AUTORIA_NAO_COMPROVADA_NAO_INFERIR_CUSTOM_PRICE
MLB4857637065,VTK012433,active,,37.43,,,,,False,AUTORIA_NAO_COMPROVADA_NAO_INFERIR_CUSTOM_PRICE
MLB7111713620,VTK012519,active,ml:MLB4880526635:MLB7111713620,36,,,,,False,AUTORIA_NAO_COMPROVADA_NAO_INFERIR_CUSTOM_PRICE
MLB7111713532,VTK003650,active,item:MLB7111713532,55.91,,,,,False,AUTORIA_NAO_COMPROVADA_NAO_INFERIR_CUSTOM_PRICE
MLB7149337862,VTK012175,active,ml:MLB4857637017:MLB7149337862,36,,,,,False,AUTORIA_NAO_COMPROVADA_NAO_INFERIR_CUSTOM_PRICE
MLB4880591649,VTK012084,active,ml:MLB4857624957:MLB4880591649,34.95,,,,,False,AUTORIA_NAO_COMPROVADA_NAO_INFERIR_CUSTOM_PRICE
MLB4881447273,VTK012198,active,ml:MLB4881447273:MLB7111713468,37,,,,,False,AUTORIA_NAO_COMPROVADA_NAO_INFERIR_CUSTOM_PRICE
MLB4857624481,VTK012244,active,item:MLB4857624481,40,,,,,False,AUTORIA_NAO_COMPROVADA_NAO_INFERIR_CUSTOM_PRICE
MLB7111713568,VTK003146,active,,35.33,,,,,False,AUTORIA_NAO_COMPROVADA_NAO_INFERIR_CUSTOM_PRICE
MLB7149371954,VTK012596,active,ml:MLB4857637075:MLB7149371954,38,,,,,False,AUTORIA_NAO_COMPROVADA_NAO_INFERIR_CUSTOM_PRICE
MLB4857624485,VTK012649,active,item:MLB4857624485,38,,,,,False,AUTORIA_NAO_COMPROVADA_NAO_INFERIR_CUSTOM_PRICE
MLB7111713438,VTK000034,active,ml:MLB4880526677:MLB7111713438,36,,,,,False,AUTORIA_NAO_COMPROVADA_NAO_INFERIR_CUSTOM_PRICE
MLB7184591928,VTK016134,active,item:MLB7184591928,54.65,,,,,False,AUTORIA_NAO_COMPROVADA_NAO_INFERIR_CUSTOM_PRICE
MLB4857637629,VTK012582,active,ml:MLB4857637629:MLB7149371698,32,,,,,False,AUTORIA_NAO_COMPROVADA_NAO_INFERIR_CUSTOM_PRICE
MLB4857625013,VTK000020,active,ml:MLB4857625013:MLB7149338840,34,,,,,False,AUTORIA_NAO_COMPROVADA_NAO_INFERIR_CUSTOM_PRICE
MLB7111713758,VTK012451,active,,33.51,,,,,False,AUTORIA_NAO_COMPROVADA_NAO_INFERIR_CUSTOM_PRICE
MLB7111713604,VTK012052,active,item:MLB7111713604,38.77,,,,,False,AUTORIA_NAO_COMPROVADA_NAO_INFERIR_CUSTOM_PRICE
MLB4903532497,VTK016139,active,ml:MLB4903532497:MLB7317389816,57.54,,,,,False,AUTORIA_NAO_COMPROVADA_NAO_INFERIR_CUSTOM_PRICE
MLB7149339118,VTK000371,active,ml:MLB4857624681:MLB7149339118,38,,,,,False,AUTORIA_NAO_COMPROVADA_NAO_INFERIR_CUSTOM_PRICE
MLB4880591781,VTK012311,active,ml:MLB4857624863:MLB4880591781,36.64,,,,,False,AUTORIA_NAO_COMPROVADA_NAO_INFERIR_CUSTOM_PRICE
MLB7184592260,VTK016137,active,item:MLB7184592260,55.38,,,,,False,AUTORIA_NAO_COMPROVADA_NAO_INFERIR_CUSTOM_PRICE
MLB4857636931,VTK001624,active,,39.46,,,,,False,AUTORIA_NAO_COMPROVADA_NAO_INFERIR_CUSTOM_PRICE
MLB4857637075,VTK012596,active,ml:MLB4857637075:MLB7149371954,38,,,,,False,AUTORIA_NAO_COMPROVADA_NAO_INFERIR_CUSTOM_PRICE
MLB7111714252,VTK012798,active,ml:MLB4880560851:MLB7111714252,31,,,,,False,AUTORIA_NAO_COMPROVADA_NAO_INFERIR_CUSTOM_PRICE
MLB7111713364,VTK002681,active,,38.48,,,,,False,AUTORIA_NAO_COMPROVADA_NAO_INFERIR_CUSTOM_PRICE
MLB4857637033,VTK012099,active,item:MLB4857637033,35.75,,,,,False,AUTORIA_NAO_COMPROVADA_NAO_INFERIR_CUSTOM_PRICE
MLB4857624969,VTK002430,active,,32.51,,,,,False,AUTORIA_NAO_COMPROVADA_NAO_INFERIR_CUSTOM_PRICE
MLB4857624705,VTK012048,active,ml:MLB4857624705:MLB4994226875,38,,,,,False,AUTORIA_NAO_COMPROVADA_NAO_INFERIR_CUSTOM_PRICE
MLB4877404099,VTK012353,active,item:MLB4877404099,36,,,,,False,AUTORIA_NAO_COMPROVADA_NAO_INFERIR_CUSTOM_PRICE
MLB7149372204,VTK001497,active,ml:MLB4857636727:MLB7149372204,38,,,,,False,AUTORIA_NAO_COMPROVADA_NAO_INFERIR_CUSTOM_PRICE
MLB7149372190,VTK012492,active,ml:MLB4857636735:MLB7149372190,38,,,,,False,AUTORIA_NAO_COMPROVADA_NAO_INFERIR_CUSTOM_PRICE
MLB7149339142,VTK003622,active,,37.74,,,,,False,AUTORIA_NAO_COMPROVADA_NAO_INFERIR_CUSTOM_PRICE
MLB4857624501,VTK001652,active,,40.06,,,,,False,AUTORIA_NAO_COMPROVADA_NAO_INFERIR_CUSTOM_PRICE
MLB7111713598,VTK012184,active,item:MLB7111713598,35,,,,,False,AUTORIA_NAO_COMPROVADA_NAO_INFERIR_CUSTOM_PRICE
MLB4857625685,VTK012345,active,,30.72,,,,,False,AUTORIA_NAO_COMPROVADA_NAO_INFERIR_CUSTOM_PRICE
MLB7149373390,VTK012231,active,ml:MLB4857624361:MLB7149373390,39,,,,,False,AUTORIA_NAO_COMPROVADA_NAO_INFERIR_CUSTOM_PRICE
MLB7149373354,VTK000256,active,ml:MLB4857624541:MLB7149373354,52.26,,,,,False,AUTORIA_NAO_COMPROVADA_NAO_INFERIR_CUSTOM_PRICE
MLB4880590777,VTK012182,active,ml:MLB4857636927:MLB4880590777,38,,,,,False,AUTORIA_NAO_COMPROVADA_NAO_INFERIR_CUSTOM_PRICE
MLB7111713498,VTK012261,active,item:MLB7111713498,38,,,,,False,AUTORIA_NAO_COMPROVADA_NAO_INFERIR_CUSTOM_PRICE
MLB7149339046,VTK002811,active,ml:MLB4857624853:MLB7149339046,36.86,,,,,False,AUTORIA_NAO_COMPROVADA_NAO_INFERIR_CUSTOM_PRICE
MLB4857636771,VTK001691,active,item:MLB4857636771,60.71,,,,,False,AUTORIA_NAO_COMPROVADA_NAO_INFERIR_CUSTOM_PRICE
MLB4857637127,VTK011995,active,ml:MLB4857637127:MLB4880590639,34,,,,,False,AUTORIA_NAO_COMPROVADA_NAO_INFERIR_CUSTOM_PRICE
MLB4857624519,VTK003773,active,ml:MLB4857624519:MLB7317385146,38.15,,,,,False,AUTORIA_NAO_COMPROVADA_NAO_INFERIR_CUSTOM_PRICE
MLB4857624415,VTK012252,active,item:MLB4857624415,39,,,,,False,AUTORIA_NAO_COMPROVADA_NAO_INFERIR_CUSTOM_PRICE
MLB4857624879,VTK003667,active,ml:MLB4857624879:MLB4880591743,35,,,,,False,AUTORIA_NAO_COMPROVADA_NAO_INFERIR_CUSTOM_PRICE
MLB4880590825,VTK012240,active,ml:MLB4857636913:MLB4880590825,38.56,,,,,False,AUTORIA_NAO_COMPROVADA_NAO_INFERIR_CUSTOM_PRICE
MLB4857636813,VTK002315,active,ml:MLB4857636813:MLB7313979460,31,,,,,False,AUTORIA_NAO_COMPROVADA_NAO_INFERIR_CUSTOM_PRICE
MLB4857624361,VTK012231,active,ml:MLB4857624361:MLB7149373390,39,,,,,False,AUTORIA_NAO_COMPROVADA_NAO_INFERIR_CUSTOM_PRICE
MLB4857636927,VTK012182,active,ml:MLB4857636927:MLB4880590777,38,,,,,False,AUTORIA_NAO_COMPROVADA_NAO_INFERIR_CUSTOM_PRICE
MLB4857637203,VTK012068,active,,38.96,,,,,False,AUTORIA_NAO_COMPROVADA_NAO_INFERIR_CUSTOM_PRICE
MLB4857624629,VTK001743,active,ml:MLB4857624629:MLB7149373292,36,,,,,False,AUTORIA_NAO_COMPROVADA_NAO_INFERIR_CUSTOM_PRICE
MLB4857624853,VTK002811,active,ml:MLB4857624853:MLB7149339046,36.86,,,,,False,AUTORIA_NAO_COMPROVADA_NAO_INFERIR_CUSTOM_PRICE
MLB7160228674,VTK001488,active,ml:MLB4857624557:MLB7160228674,37,,,,,False,AUTORIA_NAO_COMPROVADA_NAO_INFERIR_CUSTOM_PRICE
MLB4772728309,VTK009668,active,item:MLB4772728309,37.31,,,,,False,AUTORIA_NAO_COMPROVADA_NAO_INFERIR_CUSTOM_PRICE
MLB4880590849,VTK012051,active,ml:MLB4857636911:MLB4880590849,34.45,,,,,False,AUTORIA_NAO_COMPROVADA_NAO_INFERIR_CUSTOM_PRICE
MLB4786766717,VTK009689,active,ml:MLB4772971361:MLB4786766717,39,,,,,False,AUTORIA_NAO_COMPROVADA_NAO_INFERIR_CUSTOM_PRICE
MLB4857636735,VTK012492,active,ml:MLB4857636735:MLB7149372190,38,,,,,False,AUTORIA_NAO_COMPROVADA_NAO_INFERIR_CUSTOM_PRICE
MLB4857624541,VTK000256,active,ml:MLB4857624541:MLB7149373354,52.26,,,,,False,AUTORIA_NAO_COMPROVADA_NAO_INFERIR_CUSTOM_PRICE
MLB4880561619,VTK012334,active,ml:MLB4880561619:MLB7111710806,57,,,,,False,AUTORIA_NAO_COMPROVADA_NAO_INFERIR_CUSTOM_PRICE
MLB7184612180,VTK016138,active,ml:MLB7184612180:MLB7216247120,36.62,,,,,False,AUTORIA_NAO_COMPROVADA_NAO_INFERIR_CUSTOM_PRICE
MLB4857636795,VTK000230,active,ml:MLB4857636795:MLB7313984002,39,,,,,False,AUTORIA_NAO_COMPROVADA_NAO_INFERIR_CUSTOM_PRICE
MLB4894821149,VTK016093,active,item:MLB4894821149,61.09,,,,,False,AUTORIA_NAO_COMPROVADA_NAO_INFERIR_CUSTOM_PRICE
MLB4857624759,VTK003651,active,ml:MLB4857624759:MLB7149373252,39,,,,,False,AUTORIA_NAO_COMPROVADA_NAO_INFERIR_CUSTOM_PRICE
MLB4857636911,VTK012051,active,ml:MLB4857636911:MLB4880590849,34.45,,,,,False,AUTORIA_NAO_COMPROVADA_NAO_INFERIR_CUSTOM_PRICE
MLB4857624557,VTK001488,active,ml:MLB4857624557:MLB7160228674,37,,,,,False,AUTORIA_NAO_COMPROVADA_NAO_INFERIR_CUSTOM_PRICE
MLB4772971361,VTK009689,active,ml:MLB4772971361:MLB4786766717,39,,,,,False,AUTORIA_NAO_COMPROVADA_NAO_INFERIR_CUSTOM_PRICE
MLB4857624377,VTK001841,active,,42.95,,,,,False,AUTORIA_NAO_COMPROVADA_NAO_INFERIR_CUSTOM_PRICE
MLB4857636913,VTK012240,active,ml:MLB4857636913:MLB4880590825,38.56,,,,,False,AUTORIA_NAO_COMPROVADA_NAO_INFERIR_CUSTOM_PRICE
MLB4880561115,VTK012563,active,ml:MLB4880561115:MLB7111713170,40,,,,,False,AUTORIA_NAO_COMPROVADA_NAO_INFERIR_CUSTOM_PRICE
MLB4857637017,VTK012175,active,ml:MLB4857637017:MLB7149337862,36,,,,,False,AUTORIA_NAO_COMPROVADA_NAO_INFERIR_CUSTOM_PRICE
MLB4857624957,VTK012084,active,ml:MLB4857624957:MLB4880591649,34.95,,,,,False,AUTORIA_NAO_COMPROVADA_NAO_INFERIR_CUSTOM_PRICE
MLB4903510273,VTK016004,active,ml:MLB4903510273:MLB7316879214,60.04,,,,,False,AUTORIA_NAO_COMPROVADA_NAO_INFERIR_CUSTOM_PRICE
MLB7111710806,VTK012334,active,ml:MLB4880561619:MLB7111710806,57,,,,,False,AUTORIA_NAO_COMPROVADA_NAO_INFERIR_CUSTOM_PRICE
MLB4857636683,VTK012030,active,item:MLB4857636683,40,,,,,False,AUTORIA_NAO_COMPROVADA_NAO_INFERIR_CUSTOM_PRICE
MLB4857624341,VTK000268,active,item:MLB4857624341,62.22,,,,,False,AUTORIA_NAO_COMPROVADA_NAO_INFERIR_CUSTOM_PRICE
MLB7111713032,VTK012106,active,,40.44,,,,,False,AUTORIA_NAO_COMPROVADA_NAO_INFERIR_CUSTOM_PRICE
MLB4857635919,VTK005769,active,item:MLB4857635919,42,,,,,False,AUTORIA_NAO_COMPROVADA_NAO_INFERIR_CUSTOM_PRICE
MLB4857624323,VTK000175,active,,41.26,,,,,False,AUTORIA_NAO_COMPROVADA_NAO_INFERIR_CUSTOM_PRICE
MLB7149366914,VTK012390,active,ml:MLB7111650898:MLB7149366914,60,,,,,False,AUTORIA_NAO_COMPROVADA_NAO_INFERIR_CUSTOM_PRICE
MLB7149373372,VTK012789,active,ml:MLB4857624389:MLB7149373372,41,,,,,False,AUTORIA_NAO_COMPROVADA_NAO_INFERIR_CUSTOM_PRICE
MLB4857624333,VTK002509,active,,43.26,,,,,False,AUTORIA_NAO_COMPROVADA_NAO_INFERIR_CUSTOM_PRICE
MLB4857636589,VTK001623,active,,43.1,,,,,False,AUTORIA_NAO_COMPROVADA_NAO_INFERIR_CUSTOM_PRICE
MLB7149373408,VTK006357,active,ml:MLB4857623645:MLB7149373408,43,,,,,False,AUTORIA_NAO_COMPROVADA_NAO_INFERIR_CUSTOM_PRICE
MLB7184593016,VTK016196,active,item:MLB7184593016,37.96,,,,,False,AUTORIA_NAO_COMPROVADA_NAO_INFERIR_CUSTOM_PRICE
MLB7111650898,VTK012390,active,ml:MLB7111650898:MLB7149366914,60,,,,,False,AUTORIA_NAO_COMPROVADA_NAO_INFERIR_CUSTOM_PRICE
MLB7149366562,VTK012245,active,ml:MLB7111652224:MLB7149366562,70.25,,,,,False,AUTORIA_NAO_COMPROVADA_NAO_INFERIR_CUSTOM_PRICE
MLB7157760832,VTK012395,active,,65.38,,,,,False,AUTORIA_NAO_COMPROVADA_NAO_INFERIR_CUSTOM_PRICE
MLB4857624389,VTK012789,active,ml:MLB4857624389:MLB7149373372,41,,,,,False,AUTORIA_NAO_COMPROVADA_NAO_INFERIR_CUSTOM_PRICE
MLB4880561195,VTK012476,active,,43.09,,,,,False,AUTORIA_NAO_COMPROVADA_NAO_INFERIR_CUSTOM_PRICE
MLB4880579709,VTK012610,active,,62.02,,,,,False,AUTORIA_NAO_COMPROVADA_NAO_INFERIR_CUSTOM_PRICE
MLB4857623645,VTK006357,active,ml:MLB4857623645:MLB7149373408,43,,,,,False,AUTORIA_NAO_COMPROVADA_NAO_INFERIR_CUSTOM_PRICE
MLB4857624681,VTK000371,active,ml:MLB4857624681:MLB7149339118,38,,,,,False,AUTORIA_NAO_COMPROVADA_NAO_INFERIR_CUSTOM_PRICE
MLB7111652224,VTK012245,active,ml:MLB7111652224:MLB7149366562,70.25,,,,,False,AUTORIA_NAO_COMPROVADA_NAO_INFERIR_CUSTOM_PRICE
MLB7111710286,VTK012443,active,ml:MLB7111710286:MLB7317385612,58.41,,,,,False,AUTORIA_NAO_COMPROVADA_NAO_INFERIR_CUSTOM_PRICE
MLB4880581665,VTK005081,active,ml:MLB4880581665:MLB7111664344,56,,,,,False,AUTORIA_NAO_COMPROVADA_NAO_INFERIR_CUSTOM_PRICE
MLB4877412775,VTK001860,active,,42.24,,,,,False,AUTORIA_NAO_COMPROVADA_NAO_INFERIR_CUSTOM_PRICE
MLB4772924243,VTK009728,active,item:MLB4772924243,43,,,,,False,AUTORIA_NAO_COMPROVADA_NAO_INFERIR_CUSTOM_PRICE
MLB7111713078,VTK012476,active,,43.09,,,,,False,AUTORIA_NAO_COMPROVADA_NAO_INFERIR_CUSTOM_PRICE
MLB7111652216,VTK012395,active,,65.38,,,,,False,AUTORIA_NAO_COMPROVADA_NAO_INFERIR_CUSTOM_PRICE
MLB7111710242,VTK012610,active,,62.02,,,,,False,AUTORIA_NAO_COMPROVADA_NAO_INFERIR_CUSTOM_PRICE
MLB4857624585,VTK003622,active,,37.74,,,,,False,AUTORIA_NAO_COMPROVADA_NAO_INFERIR_CUSTOM_PRICE
MLB4880590905,VTK012506,active,ml:MLB4857636697:MLB4880590905,49,,,,,False,AUTORIA_NAO_COMPROVADA_NAO_INFERIR_CUSTOM_PRICE
MLB7111664344,VTK005081,active,ml:MLB4880581665:MLB7111664344,56,,,,,False,AUTORIA_NAO_COMPROVADA_NAO_INFERIR_CUSTOM_PRICE
MLB7111713170,VTK012563,active,ml:MLB4880561115:MLB7111713170,40,,,,,False,AUTORIA_NAO_COMPROVADA_NAO_INFERIR_CUSTOM_PRICE
MLB4903670229,VTK016089,active,item:MLB4903670229,77.3,,,,,False,AUTORIA_NAO_COMPROVADA_NAO_INFERIR_CUSTOM_PRICE
MLB4857636697,VTK012506,active,ml:MLB4857636697:MLB4880590905,49,,,,,False,AUTORIA_NAO_COMPROVADA_NAO_INFERIR_CUSTOM_PRICE
MLB4857623587,VTK012532,active,,44.55,,,,,False,AUTORIA_NAO_COMPROVADA_NAO_INFERIR_CUSTOM_PRICE
MLB4857623523,VTK012480,active,,44.71,,,,,False,AUTORIA_NAO_COMPROVADA_NAO_INFERIR_CUSTOM_PRICE
MLB4857636543,VTK012619,active,item:MLB4857636543,35,,,,,False,AUTORIA_NAO_COMPROVADA_NAO_INFERIR_CUSTOM_PRICE
MLB7149338018,VTK012061,active,ml:MLB4857636833:MLB7149338018,40.75,,,,,False,AUTORIA_NAO_COMPROVADA_NAO_INFERIR_CUSTOM_PRICE
MLB7111713010,VTK000625,active,item:MLB7111713010,47,,,,,False,AUTORIA_NAO_COMPROVADA_NAO_INFERIR_CUSTOM_PRICE
MLB7149373422,VTK000024,active,ml:MLB4857623643:MLB7149373422,43,,,,,False,AUTORIA_NAO_COMPROVADA_NAO_INFERIR_CUSTOM_PRICE
MLB7149338150,VTK002676,active,ml:MLB4857636567:MLB7149338150,35.09,,,,,False,AUTORIA_NAO_COMPROVADA_NAO_INFERIR_CUSTOM_PRICE
MLB4880592045,VTK000107,active,ml:MLB4857623343:MLB4880592045,44,,,,,False,AUTORIA_NAO_COMPROVADA_NAO_INFERIR_CUSTOM_PRICE
MLB4857623643,VTK000024,active,ml:MLB4857623643:MLB7149373422,43,,,,,False,AUTORIA_NAO_COMPROVADA_NAO_INFERIR_CUSTOM_PRICE
MLB4857636727,VTK001497,active,ml:MLB4857636727:MLB7149372204,38,,,,,False,AUTORIA_NAO_COMPROVADA_NAO_INFERIR_CUSTOM_PRICE
MLB7111712262,VTK012575,active,,44.71,,,,,False,AUTORIA_NAO_COMPROVADA_NAO_INFERIR_CUSTOM_PRICE
MLB4857636833,VTK012061,active,ml:MLB4857636833:MLB7149338018,40.75,,,,,False,AUTORIA_NAO_COMPROVADA_NAO_INFERIR_CUSTOM_PRICE
MLB4857624863,VTK012311,active,ml:MLB4857624863:MLB4880591781,36.64,,,,,False,AUTORIA_NAO_COMPROVADA_NAO_INFERIR_CUSTOM_PRICE
MLB4857636567,VTK002676,active,ml:MLB4857636567:MLB7149338150,35.09,,,,,False,AUTORIA_NAO_COMPROVADA_NAO_INFERIR_CUSTOM_PRICE
MLB7149274158,VTK001583,active,ml:MLB7111712098:MLB7149274158,44,,,,,False,AUTORIA_NAO_COMPROVADA_NAO_INFERIR_CUSTOM_PRICE
MLB7111712174,VTK001640,active,,45.96,,,,,False,AUTORIA_NAO_COMPROVADA_NAO_INFERIR_CUSTOM_PRICE
MLB4857623627,VTK012445,active,item:MLB4857623627,43,,,,,False,AUTORIA_NAO_COMPROVADA_NAO_INFERIR_CUSTOM_PRICE
MLB4857623343,VTK000107,active,ml:MLB4857623343:MLB4880592045,44,,,,,False,AUTORIA_NAO_COMPROVADA_NAO_INFERIR_CUSTOM_PRICE
MLB7184718858,VTK015936,active,item:MLB7184718858,72.95,,,,,False,AUTORIA_NAO_COMPROVADA_NAO_INFERIR_CUSTOM_PRICE
MLB7111712098,VTK001583,active,ml:MLB7111712098:MLB7149274158,44,,,,,False,AUTORIA_NAO_COMPROVADA_NAO_INFERIR_CUSTOM_PRICE
MLB4857623595,VTK002227,active,,42.5,,,,,False,AUTORIA_NAO_COMPROVADA_NAO_INFERIR_CUSTOM_PRICE
MLB4857623581,VTK004830,active,,44.71,,,,,False,AUTORIA_NAO_COMPROVADA_NAO_INFERIR_CUSTOM_PRICE
MLB4857623429,VTK005328,active,ml:MLB4857623429:MLB4988014411,44,,,,,False,AUTORIA_NAO_COMPROVADA_NAO_INFERIR_CUSTOM_PRICE
MLB7149373458,VTK004979,active,ml:MLB4857623605:MLB7149373458,41,,,,,False,AUTORIA_NAO_COMPROVADA_NAO_INFERIR_CUSTOM_PRICE
MLB4903510665,VTK015969,active,item:MLB4903510665,61.59,,,,,False,AUTORIA_NAO_COMPROVADA_NAO_INFERIR_CUSTOM_PRICE
MLB7149339258,VTK012402,active,,44.56,,,,,False,AUTORIA_NAO_COMPROVADA_NAO_INFERIR_CUSTOM_PRICE
MLB4857623605,VTK004979,active,ml:MLB4857623605:MLB7149373458,41,,,,,False,AUTORIA_NAO_COMPROVADA_NAO_INFERIR_CUSTOM_PRICE
MLB4857623495,VTK012402,active,,44.56,,,,,False,AUTORIA_NAO_COMPROVADA_NAO_INFERIR_CUSTOM_PRICE
MLB4857635801,VTK006576,active,item:MLB4857635801,63.27,,,,,False,AUTORIA_NAO_COMPROVADA_NAO_INFERIR_CUSTOM_PRICE
MLB7111712080,VTK012219,active,item:MLB7111712080,44,,,,,False,AUTORIA_NAO_COMPROVADA_NAO_INFERIR_CUSTOM_PRICE
MLB4857624313,VTK002099,active,,44.11,,,,,False,AUTORIA_NAO_COMPROVADA_NAO_INFERIR_CUSTOM_PRICE
MLB7149328794,VTK012386,active,ml:MLB7111664196:MLB7149328794,57,,,,,False,AUTORIA_NAO_COMPROVADA_NAO_INFERIR_CUSTOM_PRICE
MLB4880591999,VTK012478,active,,42.13,,,,,False,AUTORIA_NAO_COMPROVADA_NAO_INFERIR_CUSTOM_PRICE
MLB7149373502,VTK000007,active,ml:MLB4857623327:MLB7149373502,45,,,,,False,AUTORIA_NAO_COMPROVADA_NAO_INFERIR_CUSTOM_PRICE
MLB4857623631,VTK012478,active,,42.13,,,,,False,AUTORIA_NAO_COMPROVADA_NAO_INFERIR_CUSTOM_PRICE
MLB4857623327,VTK000007,active,ml:MLB4857623327:MLB7149373502,45,,,,,False,AUTORIA_NAO_COMPROVADA_NAO_INFERIR_CUSTOM_PRICE
MLB7184617628,VTK015957,active,item:MLB7184617628,76.73,,,,,False,AUTORIA_NAO_COMPROVADA_NAO_INFERIR_CUSTOM_PRICE
MLB7184607488,VTK015939,active,item:MLB7184607488,69.64,,,,,False,AUTORIA_NAO_COMPROVADA_NAO_INFERIR_CUSTOM_PRICE
MLB7111664196,VTK012386,active,ml:MLB7111664196:MLB7149328794,57,,,,,False,AUTORIA_NAO_COMPROVADA_NAO_INFERIR_CUSTOM_PRICE
MLB4857635907,VTK012160,active,item:MLB4857635907,42.26,,,,,False,AUTORIA_NAO_COMPROVADA_NAO_INFERIR_CUSTOM_PRICE
MLB7111712324,VTK012546,active,item:MLB7111712324,44,,,,,False,AUTORIA_NAO_COMPROVADA_NAO_INFERIR_CUSTOM_PRICE
MLB7184593506,VTK016197,active,item:MLB7184593506,63.34,,,,,False,AUTORIA_NAO_COMPROVADA_NAO_INFERIR_CUSTOM_PRICE
MLB4857623403,VTK012417,active,item:MLB4857623403,45.04,,,,,False,AUTORIA_NAO_COMPROVADA_NAO_INFERIR_CUSTOM_PRICE
MLB7149372564,VTK001490,active,,44.87,,,,,False,AUTORIA_NAO_COMPROVADA_NAO_INFERIR_CUSTOM_PRICE
MLB4857635453,VTK001490,active,,44.87,,,,,False,AUTORIA_NAO_COMPROVADA_NAO_INFERIR_CUSTOM_PRICE
MLB7149338414,VTK001437,active,ml:MLB4857635443:MLB7149338414,43,,,,,False,AUTORIA_NAO_COMPROVADA_NAO_INFERIR_CUSTOM_PRICE
MLB4857623421,VTK012640,active,item:MLB4857623421,44,,,,,False,AUTORIA_NAO_COMPROVADA_NAO_INFERIR_CUSTOM_PRICE
MLB4857635443,VTK001437,active,ml:MLB4857635443:MLB7149338414,43,,,,,False,AUTORIA_NAO_COMPROVADA_NAO_INFERIR_CUSTOM_PRICE
MLB4857623355,VTK012299,active,item:MLB4857623355,45,,,,,False,AUTORIA_NAO_COMPROVADA_NAO_INFERIR_CUSTOM_PRICE
MLB7111711922,VTK003102,active,item:MLB7111711922,67.13,,,,,False,AUTORIA_NAO_COMPROVADA_NAO_INFERIR_CUSTOM_PRICE
MLB4903534405,VTK016202,active,ml:MLB4903534405:MLB7314823508,66.16,,,,,False,AUTORIA_NAO_COMPROVADA_NAO_INFERIR_CUSTOM_PRICE
MLB4857635847,VTK005703,active,,46.77,,,,,False,AUTORIA_NAO_COMPROVADA_NAO_INFERIR_CUSTOM_PRICE
MLB7184365448,VTK016005,active,item:MLB7184365448,65.47,,,,,False,AUTORIA_NAO_COMPROVADA_NAO_INFERIR_CUSTOM_PRICE
MLB4857623165,VTK003191,active,item:MLB4857623165,67.13,,,,,False,AUTORIA_NAO_COMPROVADA_NAO_INFERIR_CUSTOM_PRICE
MLB7149372626,VTK003632,active,ml:MLB4857635359:MLB7149372626,47,,,,,False,AUTORIA_NAO_COMPROVADA_NAO_INFERIR_CUSTOM_PRICE
MLB7111712150,VTK012356,active,item:MLB7111712150,45,,,,,False,AUTORIA_NAO_COMPROVADA_NAO_INFERIR_CUSTOM_PRICE
MLB4772949003,VTK009729,active,item:MLB4772949003,50,,,,,False,AUTORIA_NAO_COMPROVADA_NAO_INFERIR_CUSTOM_PRICE
MLB7184602414,VTK016224,active,item:MLB7184602414,62.96,,,,,False,AUTORIA_NAO_COMPROVADA_NAO_INFERIR_CUSTOM_PRICE
MLB4857635359,VTK003632,active,ml:MLB4857635359:MLB7149372626,47,,,,,False,AUTORIA_NAO_COMPROVADA_NAO_INFERIR_CUSTOM_PRICE
MLB7149338374,VTK012652,active,ml:MLB4857635567:MLB7149338374,46,,,,,False,AUTORIA_NAO_COMPROVADA_NAO_INFERIR_CUSTOM_PRICE
MLB4857635567,VTK012652,active,ml:MLB4857635567:MLB7149338374,46,,,,,False,AUTORIA_NAO_COMPROVADA_NAO_INFERIR_CUSTOM_PRICE
MLB4880527001,VTK001474,active,ml:MLB4880527001:MLB7111711908,42.89,,,,,False,AUTORIA_NAO_COMPROVADA_NAO_INFERIR_CUSTOM_PRICE
MLB7111711908,VTK001474,active,ml:MLB4880527001:MLB7111711908,42.89,,,,,False,AUTORIA_NAO_COMPROVADA_NAO_INFERIR_CUSTOM_PRICE
MLB4894829879,VTK016132,active,item:MLB4894829879,67.89,,,,,False,AUTORIA_NAO_COMPROVADA_NAO_INFERIR_CUSTOM_PRICE
MLB4857623137,VTK012375,active,item:MLB4857623137,47,,,,,False,AUTORIA_NAO_COMPROVADA_NAO_INFERIR_CUSTOM_PRICE
MLB4880591245,VTK002271,active,,38.28,,,,,False,AUTORIA_NAO_COMPROVADA_NAO_INFERIR_CUSTOM_PRICE
MLB7111711786,VTK012363,active,item:MLB7111711786,47,,,,,False,AUTORIA_NAO_COMPROVADA_NAO_INFERIR_CUSTOM_PRICE
MLB4857635411,VTK002271,active,,38.28,,,,,False,AUTORIA_NAO_COMPROVADA_NAO_INFERIR_CUSTOM_PRICE
MLB4772949319,VTK009730,active,item:MLB4772949319,50,,,,,False,AUTORIA_NAO_COMPROVADA_NAO_INFERIR_CUSTOM_PRICE
MLB4857635301,VTK012350,active,item:MLB4857635301,48,,,,,False,AUTORIA_NAO_COMPROVADA_NAO_INFERIR_CUSTOM_PRICE
MLB7149373558,VTK012274,active,ml:MLB4857623081:MLB7149373558,48,,,,,False,AUTORIA_NAO_COMPROVADA_NAO_INFERIR_CUSTOM_PRICE
MLB4880591171,VTK000409,active,ml:MLB4857635591:MLB4880591171,47,,,,,False,AUTORIA_NAO_COMPROVADA_NAO_INFERIR_CUSTOM_PRICE
MLB7111709972,VTK012351,active,,63.92,,,,,False,AUTORIA_NAO_COMPROVADA_NAO_INFERIR_CUSTOM_PRICE
MLB7111711756,VTK012372,active,ml:MLB4988014369:MLB7111711756,50.55,,,,,False,AUTORIA_NAO_COMPROVADA_NAO_INFERIR_CUSTOM_PRICE
MLB4880591159,VTK012618,active,ml:MLB4857635607:MLB4880591159,48.08,,,,,False,AUTORIA_NAO_COMPROVADA_NAO_INFERIR_CUSTOM_PRICE
MLB7111711988,VTK012142,active,item:MLB7111711988,48.42,,,,,False,AUTORIA_NAO_COMPROVADA_NAO_INFERIR_CUSTOM_PRICE
MLB4857635323,VTK004143,active,,50.51,,,,,False,AUTORIA_NAO_COMPROVADA_NAO_INFERIR_CUSTOM_PRICE
MLB4857623081,VTK012274,active,ml:MLB4857623081:MLB7149373558,48,,,,,False,AUTORIA_NAO_COMPROVADA_NAO_INFERIR_CUSTOM_PRICE
MLB4857623021,VTK012371,active,item:MLB4857623021,49,,,,,False,AUTORIA_NAO_COMPROVADA_NAO_INFERIR_CUSTOM_PRICE
MLB4857635291,VTK012403,active,item:MLB4857635291,49,,,,,False,AUTORIA_NAO_COMPROVADA_NAO_INFERIR_CUSTOM_PRICE
MLB4880632371,VTK012524,active,ml:MLB4857623065:MLB4880632371,48,,,,,False,AUTORIA_NAO_COMPROVADA_NAO_INFERIR_CUSTOM_PRICE
MLB4880581865,VTK004024,active,ml:MLB4880581865:MLB7111664144,59,,,,,False,AUTORIA_NAO_COMPROVADA_NAO_INFERIR_CUSTOM_PRICE
MLB7149373536,VTK000423,active,ml:MLB4857623091:MLB7149373536,49,,,,,False,AUTORIA_NAO_COMPROVADA_NAO_INFERIR_CUSTOM_PRICE
MLB4880526931,VTK012314,active,ml:MLB4880526931:MLB7111711980,47.25,,,,,False,AUTORIA_NAO_COMPROVADA_NAO_INFERIR_CUSTOM_PRICE
MLB4857635607,VTK012618,active,ml:MLB4857635607:MLB4880591159,48.08,,,,,False,AUTORIA_NAO_COMPROVADA_NAO_INFERIR_CUSTOM_PRICE
MLB7184614138,VTK016225,active,item:MLB7184614138,68.31,,,,,False,AUTORIA_NAO_COMPROVADA_NAO_INFERIR_CUSTOM_PRICE
MLB4857635591,VTK000409,active,ml:MLB4857635591:MLB4880591171,47,,,,,False,AUTORIA_NAO_COMPROVADA_NAO_INFERIR_CUSTOM_PRICE
MLB4880527067,VTK003683,active,ml:MLB4880527067:MLB7111711856,48,,,,,False,AUTORIA_NAO_COMPROVADA_NAO_INFERIR_CUSTOM_PRICE
MLB7111664144,VTK004024,active,ml:MLB4880581865:MLB7111664144,59,,,,,False,AUTORIA_NAO_COMPROVADA_NAO_INFERIR_CUSTOM_PRICE
MLB4857623065,VTK012524,active,ml:MLB4857623065:MLB4880632371,48,,,,,False,AUTORIA_NAO_COMPROVADA_NAO_INFERIR_CUSTOM_PRICE
MLB4857623091,VTK000423,active,ml:MLB4857623091:MLB7149373536,49,,,,,False,AUTORIA_NAO_COMPROVADA_NAO_INFERIR_CUSTOM_PRICE
MLB7184614364,VTK016201,active,item:MLB7184614364,67.59,,,,,False,AUTORIA_NAO_COMPROVADA_NAO_INFERIR_CUSTOM_PRICE
MLB7149372640,VTK012011,active,ml:MLB4857635339:MLB7149372640,48,,,,,False,AUTORIA_NAO_COMPROVADA_NAO_INFERIR_CUSTOM_PRICE
MLB4857623221,VTK012444,active,item:MLB4857623221,46.37,,,,,False,AUTORIA_NAO_COMPROVADA_NAO_INFERIR_CUSTOM_PRICE
MLB7149405068,VTK000072,active,ml:MLB4857622965:MLB7149405068,49,,,,,False,AUTORIA_NAO_COMPROVADA_NAO_INFERIR_CUSTOM_PRICE
MLB7111711856,VTK003683,active,ml:MLB4880527067:MLB7111711856,48,,,,,False,AUTORIA_NAO_COMPROVADA_NAO_INFERIR_CUSTOM_PRICE
MLB7184713514,VTK016114,active,item:MLB7184713514,74.48,,,,,False,AUTORIA_NAO_COMPROVADA_NAO_INFERIR_CUSTOM_PRICE
MLB7111711606,VTK012000,active,ml:MLB7111711606:MLB7313982872,50,,,,,False,AUTORIA_NAO_COMPROVADA_NAO_INFERIR_CUSTOM_PRICE
MLB7111709570,VTK012467,active,item:MLB7111709570,59,,,,,False,AUTORIA_NAO_COMPROVADA_NAO_INFERIR_CUSTOM_PRICE
MLB4857635339,VTK012011,active,ml:MLB4857635339:MLB7149372640,48,,,,,False,AUTORIA_NAO_COMPROVADA_NAO_INFERIR_CUSTOM_PRICE
MLB4857622889,VTK012696,active,ml:MLB4857622889:MLB7313979706,51,,,,,False,AUTORIA_NAO_COMPROVADA_NAO_INFERIR_CUSTOM_PRICE
MLB4857622965,VTK000072,active,ml:MLB4857622965:MLB7149405068,49,,,,,False,AUTORIA_NAO_COMPROVADA_NAO_INFERIR_CUSTOM_PRICE
MLB7111709792,VTK003160,active,,62.16,,,,,False,AUTORIA_NAO_COMPROVADA_NAO_INFERIR_CUSTOM_PRICE
MLB7169860526,VTK015933,active,item:MLB7169860526,76.78,,,,,False,AUTORIA_NAO_COMPROVADA_NAO_INFERIR_CUSTOM_PRICE
MLB4880591213,VTK012374,active,ml:MLB4857635535:MLB4880591213,48.42,,,,,False,AUTORIA_NAO_COMPROVADA_NAO_INFERIR_CUSTOM_PRICE
MLB4880561465,VTK002844,active,ml:MLB4880561465:MLB7111711726,51,,,,,False,AUTORIA_NAO_COMPROVADA_NAO_INFERIR_CUSTOM_PRICE
MLB7157761038,VTK012606,active,ml:MLB4857635101:MLB7157761038,51,,,,,False,AUTORIA_NAO_COMPROVADA_NAO_INFERIR_CUSTOM_PRICE
MLB7111711980,VTK012314,active,ml:MLB4880526931:MLB7111711980,47.25,,,,,False,AUTORIA_NAO_COMPROVADA_NAO_INFERIR_CUSTOM_PRICE
MLB7111711382,VTK012360,active,item:MLB7111711382,51,,,,,False,AUTORIA_NAO_COMPROVADA_NAO_INFERIR_CUSTOM_PRICE
MLB7152529510,VTK003680,active,ml:MLB4857634723:MLB7152529510,51,,,,,False,AUTORIA_NAO_COMPROVADA_NAO_INFERIR_CUSTOM_PRICE
MLB4857635239,VTK012431,active,ml:MLB4857635239:MLB7317390336,51,,,,,False,AUTORIA_NAO_COMPROVADA_NAO_INFERIR_CUSTOM_PRICE
MLB7149274500,VTK005090,active,ml:MLB7111711194:MLB7149274500,52,,,,,False,AUTORIA_NAO_COMPROVADA_NAO_INFERIR_CUSTOM_PRICE
MLB4857623001,VTK001211,active,item:MLB4857623001,67.68,,,,,False,AUTORIA_NAO_COMPROVADA_NAO_INFERIR_CUSTOM_PRICE
MLB4857635077,VTK012373,active,,52.78,,,,,False,AUTORIA_NAO_COMPROVADA_NAO_INFERIR_CUSTOM_PRICE
MLB7111711200,VTK012475,active,item:MLB7111711200,50,,,,,False,AUTORIA_NAO_COMPROVADA_NAO_INFERIR_CUSTOM_PRICE
MLB4857622743,VTK012680,active,,56.71,,,,,False,AUTORIA_NAO_COMPROVADA_NAO_INFERIR_CUSTOM_PRICE
MLB4857635535,VTK012374,active,ml:MLB4857635535:MLB4880591213,48.42,,,,,False,AUTORIA_NAO_COMPROVADA_NAO_INFERIR_CUSTOM_PRICE
MLB7149338508,VTK001480,active,ml:MLB4857634623:MLB7149338508,51,,,,,False,AUTORIA_NAO_COMPROVADA_NAO_INFERIR_CUSTOM_PRICE
MLB7111711726,VTK002844,active,ml:MLB4880561465:MLB7111711726,51,,,,,False,AUTORIA_NAO_COMPROVADA_NAO_INFERIR_CUSTOM_PRICE
MLB4857635253,VTK012132,active,item:MLB4857635253,49.49,,,,,False,AUTORIA_NAO_COMPROVADA_NAO_INFERIR_CUSTOM_PRICE
MLB4882855471,VTK001438,active,,51.02,,,,,False,AUTORIA_NAO_COMPROVADA_NAO_INFERIR_CUSTOM_PRICE
MLB7111711736,VTK012256,active,ml:MLB5034095097:MLB7111711736,50,,,,,False,AUTORIA_NAO_COMPROVADA_NAO_INFERIR_CUSTOM_PRICE
MLB4857635101,VTK012606,active,ml:MLB4857635101:MLB7157761038,51,,,,,False,AUTORIA_NAO_COMPROVADA_NAO_INFERIR_CUSTOM_PRICE
MLB4880591321,VTK012810,active,,54.5,,,,,False,AUTORIA_NAO_COMPROVADA_NAO_INFERIR_CUSTOM_PRICE
MLB7149405082,VTK003105,active,ml:MLB4857622801:MLB7149405082,66.7,,,,,False,AUTORIA_NAO_COMPROVADA_NAO_INFERIR_CUSTOM_PRICE
MLB7111711194,VTK005090,active,ml:MLB7111711194:MLB7149274500,52,,,,,False,AUTORIA_NAO_COMPROVADA_NAO_INFERIR_CUSTOM_PRICE
MLB4880581467,VTK001644,active,ml:MLB4880581467:MLB7111665450,52,,,,,False,AUTORIA_NAO_COMPROVADA_NAO_INFERIR_CUSTOM_PRICE
MLB7149274380,VTK000365,active,ml:MLB7111711752:MLB7149274380,50.68,,,,,False,AUTORIA_NAO_COMPROVADA_NAO_INFERIR_CUSTOM_PRICE
MLB4857635189,VTK001408,active,,51.84,,,,,False,AUTORIA_NAO_COMPROVADA_NAO_INFERIR_CUSTOM_PRICE
MLB4857634623,VTK001480,active,ml:MLB4857634623:MLB7149338508,51,,,,,False,AUTORIA_NAO_COMPROVADA_NAO_INFERIR_CUSTOM_PRICE
MLB4880581565,VTK001529,active,ml:MLB4880581565:MLB7111664700,52,,,,,False,AUTORIA_NAO_COMPROVADA_NAO_INFERIR_CUSTOM_PRICE
MLB7111710612,VTK012612,active,item:MLB7111710612,51,,,,,False,AUTORIA_NAO_COMPROVADA_NAO_INFERIR_CUSTOM_PRICE
MLB4857634723,VTK003680,active,ml:MLB4857634723:MLB7152529510,51,,,,,False,AUTORIA_NAO_COMPROVADA_NAO_INFERIR_CUSTOM_PRICE
MLB4857635119,VTK003152,active,item:MLB4857635119,51,,,,,False,AUTORIA_NAO_COMPROVADA_NAO_INFERIR_CUSTOM_PRICE
MLB7149372674,VTK000097,active,ml:MLB4857634655:MLB7149372674,51,,,,,False,AUTORIA_NAO_COMPROVADA_NAO_INFERIR_CUSTOM_PRICE
MLB4773138177,VTK009669,active,item:MLB4773138177,49.58,,,,,False,AUTORIA_NAO_COMPROVADA_NAO_INFERIR_CUSTOM_PRICE
MLB4857635177,VTK001438,active,,51.02,,,,,False,AUTORIA_NAO_COMPROVADA_NAO_INFERIR_CUSTOM_PRICE
MLB4880581535,VTK001452,active,ml:MLB4880581535:MLB7111664710,52,,,,,False,AUTORIA_NAO_COMPROVADA_NAO_INFERIR_CUSTOM_PRICE
MLB7111710440,VTK012503,active,item:MLB7111710440,51,,,,,False,AUTORIA_NAO_COMPROVADA_NAO_INFERIR_CUSTOM_PRICE
MLB7111665450,VTK001644,active,ml:MLB4880581467:MLB7111665450,52,,,,,False,AUTORIA_NAO_COMPROVADA_NAO_INFERIR_CUSTOM_PRICE
MLB7111651918,VTK003143,active,item:MLB7111651918,80.38,,,,,False,AUTORIA_NAO_COMPROVADA_NAO_INFERIR_CUSTOM_PRICE
MLB4880527189,VTK012007,active,ml:MLB4880527189:MLB7111711674,51,,,,,False,AUTORIA_NAO_COMPROVADA_NAO_INFERIR_CUSTOM_PRICE
MLB4880581499,VTK000019,active,,51.15,,,,,False,AUTORIA_NAO_COMPROVADA_NAO_INFERIR_CUSTOM_PRICE
MLB7111711752,VTK000365,active,ml:MLB7111711752:MLB7149274380,50.68,,,,,False,AUTORIA_NAO_COMPROVADA_NAO_INFERIR_CUSTOM_PRICE
MLB4903536089,VTK016006,active,item:MLB4903536089,68.6,,,,,False,AUTORIA_NAO_COMPROVADA_NAO_INFERIR_CUSTOM_PRICE
MLB7111664700,VTK001529,active,ml:MLB4880581565:MLB7111664700,52,,,,,False,AUTORIA_NAO_COMPROVADA_NAO_INFERIR_CUSTOM_PRICE
MLB4857622801,VTK003105,active,ml:MLB4857622801:MLB7149405082,66.7,,,,,False,AUTORIA_NAO_COMPROVADA_NAO_INFERIR_CUSTOM_PRICE
MLB4857634579,VTK012810,active,,54.5,,,,,False,AUTORIA_NAO_COMPROVADA_NAO_INFERIR_CUSTOM_PRICE
MLB7111711676,VTK003174,active,ml:MLB7111711676:MLB7313972440,51,,,,,False,AUTORIA_NAO_COMPROVADA_NAO_INFERIR_CUSTOM_PRICE
MLB4880561481,VTK012489,active,ml:MLB4880561481:MLB7111711702,51,,,,,False,AUTORIA_NAO_COMPROVADA_NAO_INFERIR_CUSTOM_PRICE
MLB7149274470,VTK012135,active,ml:MLB7111711652:MLB7149274470,51,,,,,False,AUTORIA_NAO_COMPROVADA_NAO_INFERIR_CUSTOM_PRICE
MLB4880632409,VTK012529,active,,53.02,,,,,False,AUTORIA_NAO_COMPROVADA_NAO_INFERIR_CUSTOM_PRICE
MLB7111651790,VTK012599,active,item:MLB7111651790,62,,,,,False,AUTORIA_NAO_COMPROVADA_NAO_INFERIR_CUSTOM_PRICE
MLB4882855359,VTK012269,active,ml:MLB4882855359:MLB7111710488,52,,,,,False,AUTORIA_NAO_COMPROVADA_NAO_INFERIR_CUSTOM_PRICE
MLB7111664710,VTK001452,active,ml:MLB4880581535:MLB7111664710,52,,,,,False,AUTORIA_NAO_COMPROVADA_NAO_INFERIR_CUSTOM_PRICE
MLB4880527457,VTK001516,active,ml:MLB4880527457:MLB7111710256,54,,,,,False,AUTORIA_NAO_COMPROVADA_NAO_INFERIR_CUSTOM_PRICE
MLB7184615198,VTK016034,active,ml:MLB4923465039:MLB7184615198,68.78,,,,,False,AUTORIA_NAO_COMPROVADA_NAO_INFERIR_CUSTOM_PRICE
MLB7184595074,VTK016091,active,ml:MLB7184595074:MLB7210659184,70.26,,,,,False,AUTORIA_NAO_COMPROVADA_NAO_INFERIR_CUSTOM_PRICE
MLB4880579543,VTK012548,active,,53.02,,,,,False,AUTORIA_NAO_COMPROVADA_NAO_INFERIR_CUSTOM_PRICE
MLB7111664762,VTK000019,active,,51.15,,,,,False,AUTORIA_NAO_COMPROVADA_NAO_INFERIR_CUSTOM_PRICE
MLB7111711526,VTK012620,active,,56.6,,,,,False,AUTORIA_NAO_COMPROVADA_NAO_INFERIR_CUSTOM_PRICE
MLB4857634655,VTK000097,active,ml:MLB4857634655:MLB7149372674,51,,,,,False,AUTORIA_NAO_COMPROVADA_NAO_INFERIR_CUSTOM_PRICE
MLB7111711638,VTK012466,active,item:MLB7111711638,52,,,,,False,AUTORIA_NAO_COMPROVADA_NAO_INFERIR_CUSTOM_PRICE
MLB7149405114,VTK012657,active,,55.3,,,,,False,AUTORIA_NAO_COMPROVADA_NAO_INFERIR_CUSTOM_PRICE
MLB7111711674,VTK012007,active,ml:MLB4880527189:MLB7111711674,51,,,,,False,AUTORIA_NAO_COMPROVADA_NAO_INFERIR_CUSTOM_PRICE
MLB7111711702,VTK012489,active,ml:MLB4880561481:MLB7111711702,51,,,,,False,AUTORIA_NAO_COMPROVADA_NAO_INFERIR_CUSTOM_PRICE
MLB7184502700,VTK016235,active,ml:MLB4935792067:MLB7184502700,52.68,,,,,False,AUTORIA_NAO_COMPROVADA_NAO_INFERIR_CUSTOM_PRICE
MLB7149338486,VTK012589,active,ml:MLB4857634885:MLB7149338486,54,,,,,False,AUTORIA_NAO_COMPROVADA_NAO_INFERIR_CUSTOM_PRICE
MLB7111652440,VTK001718,active,ml:MLB7111652440:MLB7316881416,54,,,,,False,AUTORIA_NAO_COMPROVADA_NAO_INFERIR_CUSTOM_PRICE
MLB7111664986,VTK012473,active,item:MLB7111664986,54,,,,,False,AUTORIA_NAO_COMPROVADA_NAO_INFERIR_CUSTOM_PRICE
MLB7145203560,VTK001454,active,ml:MLB7145203560:MLB7151451646,52,,,,,False,AUTORIA_NAO_COMPROVADA_NAO_INFERIR_CUSTOM_PRICE
MLB7111710256,VTK001516,active,ml:MLB4880527457:MLB7111710256,54,,,,,False,AUTORIA_NAO_COMPROVADA_NAO_INFERIR_CUSTOM_PRICE
MLB4857622071,VTK012529,active,,53.02,,,,,False,AUTORIA_NAO_COMPROVADA_NAO_INFERIR_CUSTOM_PRICE
MLB4880585261,VTK012382,active,ml:MLB4880585261:MLB7111652416,54,,,,,False,AUTORIA_NAO_COMPROVADA_NAO_INFERIR_CUSTOM_PRICE
MLB7184615506,VTK016226,active,item:MLB7184615506,70.94,,,,,False,AUTORIA_NAO_COMPROVADA_NAO_INFERIR_CUSTOM_PRICE
MLB4877405093,VTK012597,active,item:MLB4877405093,57,,,,,False,AUTORIA_NAO_COMPROVADA_NAO_INFERIR_CUSTOM_PRICE
MLB7111710232,VTK012216,active,item:MLB7111710232,55,,,,,False,AUTORIA_NAO_COMPROVADA_NAO_INFERIR_CUSTOM_PRICE
MLB7111710488,VTK012269,active,ml:MLB4882855359:MLB7111710488,52,,,,,False,AUTORIA_NAO_COMPROVADA_NAO_INFERIR_CUSTOM_PRICE
MLB7111664608,VTK012542,active,item:MLB7111664608,55,,,,,False,AUTORIA_NAO_COMPROVADA_NAO_INFERIR_CUSTOM_PRICE
MLB7169860182,VTK016175,active,item:MLB7169860182,74.69,,,,,False,AUTORIA_NAO_COMPROVADA_NAO_INFERIR_CUSTOM_PRICE
MLB4903793249,VTK016128,active,item:MLB4903793249,92.55,,,,,False,AUTORIA_NAO_COMPROVADA_NAO_INFERIR_CUSTOM_PRICE
MLB7111710862,VTK012548,active,,53.02,,,,,False,AUTORIA_NAO_COMPROVADA_NAO_INFERIR_CUSTOM_PRICE
MLB7149405086,VTK000282,active,ml:MLB4857622311:MLB7149405086,52,,,,,False,AUTORIA_NAO_COMPROVADA_NAO_INFERIR_CUSTOM_PRICE
MLB4857622009,VTK012657,active,,55.3,,,,,False,AUTORIA_NAO_COMPROVADA_NAO_INFERIR_CUSTOM_PRICE
MLB7111652194,VTK004620,active,item:MLB7111652194,59,,,,,False,AUTORIA_NAO_COMPROVADA_NAO_INFERIR_CUSTOM_PRICE
MLB4877760911,VTK012276,active,item:MLB4877760911,64,,,,,False,AUTORIA_NAO_COMPROVADA_NAO_INFERIR_CUSTOM_PRICE
MLB7111652416,VTK012382,active,ml:MLB4880585261:MLB7111652416,54,,,,,False,AUTORIA_NAO_COMPROVADA_NAO_INFERIR_CUSTOM_PRICE
MLB4857621857,VTK012564,active,item:MLB4857621857,57,,,,,False,AUTORIA_NAO_COMPROVADA_NAO_INFERIR_CUSTOM_PRICE
MLB7111652326,VTK012446,active,item:MLB7111652326,52.59,,,,,False,AUTORIA_NAO_COMPROVADA_NAO_INFERIR_CUSTOM_PRICE
MLB7111652398,VTK012169,active,,56.28,,,,,False,AUTORIA_NAO_COMPROVADA_NAO_INFERIR_CUSTOM_PRICE
MLB4857621823,VTK012115,active,,50.68,,,,,False,AUTORIA_NAO_COMPROVADA_NAO_INFERIR_CUSTOM_PRICE
MLB4903759151,VTK016230,active,item:MLB4903759151,57.37,,,,,False,AUTORIA_NAO_COMPROVADA_NAO_INFERIR_CUSTOM_PRICE
MLB4857634885,VTK012589,active,ml:MLB4857634885:MLB7149338486,54,,,,,False,AUTORIA_NAO_COMPROVADA_NAO_INFERIR_CUSTOM_PRICE
MLB7111652370,VTK001617,active,ml:MLB7111652370:MLB7236458372,55,,,,,False,AUTORIA_NAO_COMPROVADA_NAO_INFERIR_CUSTOM_PRICE
MLB7149406874,VTK012171,active,ml:MLB4877761065:MLB7149406874,65,,,,,False,AUTORIA_NAO_COMPROVADA_NAO_INFERIR_CUSTOM_PRICE
MLB7149328572,VTK001637,active,ml:MLB7111664600:MLB7149328572,56,,,,,False,AUTORIA_NAO_COMPROVADA_NAO_INFERIR_CUSTOM_PRICE
MLB7111664722,VTK012153,active,,57.1,,,,,False,AUTORIA_NAO_COMPROVADA_NAO_INFERIR_CUSTOM_PRICE
MLB7111710272,VTK003188,active,item:MLB7111710272,73.51,,,,,False,AUTORIA_NAO_COMPROVADA_NAO_INFERIR_CUSTOM_PRICE
MLB4880527359,VTK012087,active,ml:MLB4880527359:MLB7111710342,54,,,,,False,AUTORIA_NAO_COMPROVADA_NAO_INFERIR_CUSTOM_PRICE
MLB7149326584,VTK012213,active,ml:MLB7111710100:MLB7149326584,54.47,,,,,False,AUTORIA_NAO_COMPROVADA_NAO_INFERIR_CUSTOM_PRICE
MLB4880581637,VTK003764,active,ml:MLB4880581637:MLB7111664536,66.88,,,,,False,AUTORIA_NAO_COMPROVADA_NAO_INFERIR_CUSTOM_PRICE
MLB7151451646,VTK001454,active,ml:MLB7145203560:MLB7151451646,52,,,,,False,AUTORIA_NAO_COMPROVADA_NAO_INFERIR_CUSTOM_PRICE
MLB4880579653,VTK012196,active,ml:MLB4880579653:MLB7111710298,56,,,,,False,AUTORIA_NAO_COMPROVADA_NAO_INFERIR_CUSTOM_PRICE
MLB4880581737,VTK012683,active,ml:MLB4880581737:MLB7111664314,74.2,,,,,False,AUTORIA_NAO_COMPROVADA_NAO_INFERIR_CUSTOM_PRICE
MLB7184527464,VTK016060,active,item:MLB7184527464,68.9,,,,,False,AUTORIA_NAO_COMPROVADA_NAO_INFERIR_CUSTOM_PRICE
MLB4880563129,VTK003934,active,ml:MLB4880563129:MLB7111707704,67,,,,,False,AUTORIA_NAO_COMPROVADA_NAO_INFERIR_CUSTOM_PRICE
MLB7184616792,VTK015956,active,item:MLB7184616792,69.23,,,,,False,AUTORIA_NAO_COMPROVADA_NAO_INFERIR_CUSTOM_PRICE
MLB7149332276,VTK001690,active,ml:MLB7111652234:MLB7149332276,77.09,,,,,False,AUTORIA_NAO_COMPROVADA_NAO_INFERIR_CUSTOM_PRICE
MLB7111664418,VTK012397,active,ml:MLB7111664418:MLB7339962000,57,,,,,False,AUTORIA_NAO_COMPROVADA_NAO_INFERIR_CUSTOM_PRICE
MLB7184605228,VTK016229,active,item:MLB7184605228,68.48,,,,,False,AUTORIA_NAO_COMPROVADA_NAO_INFERIR_CUSTOM_PRICE
MLB7111652142,VTK012059,active,ml:MLB4981702607:MLB7111652142,54,,,,,False,AUTORIA_NAO_COMPROVADA_NAO_INFERIR_CUSTOM_PRICE
MLB4882821531,VTK012009,active,ml:MLB4882821531:MLB7111664514,53,,,,,False,AUTORIA_NAO_COMPROVADA_NAO_INFERIR_CUSTOM_PRICE
MLB4903786497,VTK015964,active,item:MLB4903786497,93.63,,,,,False,AUTORIA_NAO_COMPROVADA_NAO_INFERIR_CUSTOM_PRICE
MLB7157782884,VTK012272,active,ml:MLB7111652166:MLB7157782884,52,,,,,False,AUTORIA_NAO_COMPROVADA_NAO_INFERIR_CUSTOM_PRICE
MLB7111710226,VTK012098,active,,50.77,,,,,False,AUTORIA_NAO_COMPROVADA_NAO_INFERIR_CUSTOM_PRICE
MLB7111707642,VTK001410,active,item:MLB7111707642,69,,,,,False,AUTORIA_NAO_COMPROVADA_NAO_INFERIR_CUSTOM_PRICE
MLB7111664536,VTK003764,active,ml:MLB4880581637:MLB7111664536,66.88,,,,,False,AUTORIA_NAO_COMPROVADA_NAO_INFERIR_CUSTOM_PRICE
MLB4903759973,VTK016232,active,item:MLB4903759973,61.48,,,,,False,AUTORIA_NAO_COMPROVADA_NAO_INFERIR_CUSTOM_PRICE
MLB7184527776,VTK016079,active,item:MLB7184527776,70.4,,,,,False,AUTORIA_NAO_COMPROVADA_NAO_INFERIR_CUSTOM_PRICE
MLB4880561835,VTK012165,active,,51.26,,,,,False,AUTORIA_NAO_COMPROVADA_NAO_INFERIR_CUSTOM_PRICE
MLB7111710298,VTK012196,active,ml:MLB4880579653:MLB7111710298,56,,,,,False,AUTORIA_NAO_COMPROVADA_NAO_INFERIR_CUSTOM_PRICE
MLB4880563817,VTK012526,active,,56.34,,,,,False,AUTORIA_NAO_COMPROVADA_NAO_INFERIR_CUSTOM_PRICE
MLB7111707704,VTK003934,active,ml:MLB4880563129:MLB7111707704,67,,,,,False,AUTORIA_NAO_COMPROVADA_NAO_INFERIR_CUSTOM_PRICE
MLB7111651996,VTK012238,active,item:MLB7111651996,54.33,,,,,False,AUTORIA_NAO_COMPROVADA_NAO_INFERIR_CUSTOM_PRICE
MLB4880579851,VTK012608,active,,56.34,,,,,False,AUTORIA_NAO_COMPROVADA_NAO_INFERIR_CUSTOM_PRICE
MLB7111664504,VTK000008,active,,56.92,,,,,False,AUTORIA_NAO_COMPROVADA_NAO_INFERIR_CUSTOM_PRICE
MLB4880563995,VTK001763,active,ml:MLB4880563995:MLB7111664066,57,,,,,False,AUTORIA_NAO_COMPROVADA_NAO_INFERIR_CUSTOM_PRICE
MLB7111652126,VTK000317,active,,51.97,,,,,False,AUTORIA_NAO_COMPROVADA_NAO_INFERIR_CUSTOM_PRICE
MLB4857622311,VTK000282,active,ml:MLB4857622311:MLB7149405086,52,,,,,False,AUTORIA_NAO_COMPROVADA_NAO_INFERIR_CUSTOM_PRICE
MLB7111652166,VTK012272,active,ml:MLB7111652166:MLB7157782884,52,,,,,False,AUTORIA_NAO_COMPROVADA_NAO_INFERIR_CUSTOM_PRICE
MLB4903760505,VTK016231,active,ml:MLB4903760505:MLB5109039701,61.84,,,,,False,AUTORIA_NAO_COMPROVADA_NAO_INFERIR_CUSTOM_PRICE
MLB7111664314,VTK012683,active,ml:MLB4880581737:MLB7111664314,74.2,,,,,False,AUTORIA_NAO_COMPROVADA_NAO_INFERIR_CUSTOM_PRICE
MLB7111709930,VTK012541,active,,65.25,,,,,False,AUTORIA_NAO_COMPROVADA_NAO_INFERIR_CUSTOM_PRICE
MLB7111664600,VTK001637,active,ml:MLB7111664600:MLB7149328572,56,,,,,False,AUTORIA_NAO_COMPROVADA_NAO_INFERIR_CUSTOM_PRICE
MLB7184617362,VTK015955,active,item:MLB7184617362,72.14,,,,,False,AUTORIA_NAO_COMPROVADA_NAO_INFERIR_CUSTOM_PRICE
MLB7111710076,VTK012189,active,item:MLB7111710076,55,,,,,False,AUTORIA_NAO_COMPROVADA_NAO_INFERIR_CUSTOM_PRICE
MLB4880579793,VTK012076,active,,47.02,,,,,False,AUTORIA_NAO_COMPROVADA_NAO_INFERIR_CUSTOM_PRICE
MLB4877761065,VTK012171,active,ml:MLB4877761065:MLB7149406874,65,,,,,False,AUTORIA_NAO_COMPROVADA_NAO_INFERIR_CUSTOM_PRICE
MLB4880579833,VTK002207,active,,50.55,,,,,False,AUTORIA_NAO_COMPROVADA_NAO_INFERIR_CUSTOM_PRICE
MLB7111710100,VTK012213,active,ml:MLB7111710100:MLB7149326584,54.47,,,,,False,AUTORIA_NAO_COMPROVADA_NAO_INFERIR_CUSTOM_PRICE
MLB7111710342,VTK012087,active,ml:MLB4880527359:MLB7111710342,54,,,,,False,AUTORIA_NAO_COMPROVADA_NAO_INFERIR_CUSTOM_PRICE
MLB4880581703,VTK012558,active,ml:MLB4880581703:MLB7111664334,55,,,,,False,AUTORIA_NAO_COMPROVADA_NAO_INFERIR_CUSTOM_PRICE
MLB4882855383,VTK000126,active,ml:MLB4882855383:MLB7111664376,55,,,,,False,AUTORIA_NAO_COMPROVADA_NAO_INFERIR_CUSTOM_PRICE
MLB4880562841,VTK005074,active,ml:MLB4880562841:MLB7111709770,59,,,,,False,AUTORIA_NAO_COMPROVADA_NAO_INFERIR_CUSTOM_PRICE
MLB4880581893,VTK012653,active,ml:MLB4880581893:MLB7111664084,57,,,,,False,AUTORIA_NAO_COMPROVADA_NAO_INFERIR_CUSTOM_PRICE
MLB7111651930,VTK012674,active,ml:MLB7111651930:MLB7316880106,55,,,,,False,AUTORIA_NAO_COMPROVADA_NAO_INFERIR_CUSTOM_PRICE
MLB7149332364,VTK012008,active,ml:MLB7111652080:MLB7149332364,62,,,,,False,AUTORIA_NAO_COMPROVADA_NAO_INFERIR_CUSTOM_PRICE
MLB7111664514,VTK012009,active,ml:MLB4882821531:MLB7111664514,53,,,,,False,AUTORIA_NAO_COMPROVADA_NAO_INFERIR_CUSTOM_PRICE
MLB7149332484,VTK012426,active,,57.09,,,,,False,AUTORIA_NAO_COMPROVADA_NAO_INFERIR_CUSTOM_PRICE
MLB7111710188,VTK012165,active,,51.26,,,,,False,AUTORIA_NAO_COMPROVADA_NAO_INFERIR_CUSTOM_PRICE
MLB7111651938,VTK012259,active,item:MLB7111651938,55.53,,,,,False,AUTORIA_NAO_COMPROVADA_NAO_INFERIR_CUSTOM_PRICE
MLB7111652234,VTK001690,active,ml:MLB7111652234:MLB7149332276,77.09,,,,,False,AUTORIA_NAO_COMPROVADA_NAO_INFERIR_CUSTOM_PRICE
MLB7149366704,VTK012639,active,ml:MLB7111651970:MLB7149366704,56,,,,,False,AUTORIA_NAO_COMPROVADA_NAO_INFERIR_CUSTOM_PRICE
MLB7111664270,VTK012526,active,,56.34,,,,,False,AUTORIA_NAO_COMPROVADA_NAO_INFERIR_CUSTOM_PRICE
MLB4880561975,VTK012151,active,ml:MLB4880561975:MLB7111709892,56,,,,,False,AUTORIA_NAO_COMPROVADA_NAO_INFERIR_CUSTOM_PRICE
MLB4880562787,VTK012262,active,ml:MLB4880562787:MLB7111709784,70.8,,,,,False,AUTORIA_NAO_COMPROVADA_NAO_INFERIR_CUSTOM_PRICE
MLB7111710088,VTK012076,active,,47.02,,,,,False,AUTORIA_NAO_COMPROVADA_NAO_INFERIR_CUSTOM_PRICE
MLB7111709928,VTK012608,active,,56.34,,,,,False,AUTORIA_NAO_COMPROVADA_NAO_INFERIR_CUSTOM_PRICE
MLB7111664408,VTK012365,active,,56.13,,,,,False,AUTORIA_NAO_COMPROVADA_NAO_INFERIR_CUSTOM_PRICE
MLB7111710058,VTK002207,active,,50.55,,,,,False,AUTORIA_NAO_COMPROVADA_NAO_INFERIR_CUSTOM_PRICE
MLB7111707072,VTK003678,active,item:MLB7111707072,78.9,,,,,False,AUTORIA_NAO_COMPROVADA_NAO_INFERIR_CUSTOM_PRICE
MLB7111652116,VTK012464,active,,56.27,,,,,False,AUTORIA_NAO_COMPROVADA_NAO_INFERIR_CUSTOM_PRICE
MLB7149329468,VTK012614,active,ml:MLB7111661448:MLB7149329468,78.9,,,,,False,AUTORIA_NAO_COMPROVADA_NAO_INFERIR_CUSTOM_PRICE
MLB7111664334,VTK012558,active,ml:MLB4880581703:MLB7111664334,55,,,,,False,AUTORIA_NAO_COMPROVADA_NAO_INFERIR_CUSTOM_PRICE
MLB7149366822,VTK012525,active,ml:MLB7111651824:MLB7149366822,57,,,,,False,AUTORIA_NAO_COMPROVADA_NAO_INFERIR_CUSTOM_PRICE
MLB4880563883,VTK012538,active,,57.09,,,,,False,AUTORIA_NAO_COMPROVADA_NAO_INFERIR_CUSTOM_PRICE
MLB4880562889,VTK012654,active,ml:MLB4880562889:MLB7111709724,57,,,,,False,AUTORIA_NAO_COMPROVADA_NAO_INFERIR_CUSTOM_PRICE
MLB7111664362,VTK012518,active,item:MLB7111664362,54.6,,,,,False,AUTORIA_NAO_COMPROVADA_NAO_INFERIR_CUSTOM_PRICE
MLB7111652080,VTK012008,active,ml:MLB7111652080:MLB7149332364,62,,,,,False,AUTORIA_NAO_COMPROVADA_NAO_INFERIR_CUSTOM_PRICE
MLB4894907999,VTK016195,active,item:MLB4894907999,75.57,,,,,False,AUTORIA_NAO_COMPROVADA_NAO_INFERIR_CUSTOM_PRICE
MLB4903793961,VTK016155,active,item:MLB4903793961,100.09,,,,,False,AUTORIA_NAO_COMPROVADA_NAO_INFERIR_CUSTOM_PRICE
MLB7111664066,VTK001763,active,ml:MLB4880563995:MLB7111664066,57,,,,,False,AUTORIA_NAO_COMPROVADA_NAO_INFERIR_CUSTOM_PRICE
MLB4880580699,VTK012307,active,ml:MLB4880580699:MLB7111709774,59.81,,,,,False,AUTORIA_NAO_COMPROVADA_NAO_INFERIR_CUSTOM_PRICE
MLB7111709770,VTK005074,active,ml:MLB4880562841:MLB7111709770,59,,,,,False,AUTORIA_NAO_COMPROVADA_NAO_INFERIR_CUSTOM_PRICE
MLB7111649130,VTK003681,active,item:MLB7111649130,78.9,,,,,False,AUTORIA_NAO_COMPROVADA_NAO_INFERIR_CUSTOM_PRICE
MLB4880563851,VTK001818,active,,66.19,,,,,False,AUTORIA_NAO_COMPROVADA_NAO_INFERIR_CUSTOM_PRICE
MLB4880585645,VTK012368,active,,63.1,,,,,False,AUTORIA_NAO_COMPROVADA_NAO_INFERIR_CUSTOM_PRICE
MLB7111709738,VTK012015,active,ml:MLB7111709738:MLB7330397152,85.79,,,,,False,AUTORIA_NAO_COMPROVADA_NAO_INFERIR_CUSTOM_PRICE
MLB7184619660,VTK015975,active,item:MLB7184619660,74.09,,,,,False,AUTORIA_NAO_COMPROVADA_NAO_INFERIR_CUSTOM_PRICE
MLB7111709784,VTK012262,active,ml:MLB4880562787:MLB7111709784,70.8,,,,,False,AUTORIA_NAO_COMPROVADA_NAO_INFERIR_CUSTOM_PRICE
MLB7184618616,VTK016130,active,ml:MLB7184618616:MLB7236458864,57.5,,,,,False,AUTORIA_NAO_COMPROVADA_NAO_INFERIR_CUSTOM_PRICE
MLB7111664056,VTK002225,active,,52.31,,,,,False,AUTORIA_NAO_COMPROVADA_NAO_INFERIR_CUSTOM_PRICE
MLB7111651960,VTK012426,active,,57.09,,,,,False,AUTORIA_NAO_COMPROVADA_NAO_INFERIR_CUSTOM_PRICE
MLB7111709724,VTK012654,active,ml:MLB4880562889:MLB7111709724,57,,,,,False,AUTORIA_NAO_COMPROVADA_NAO_INFERIR_CUSTOM_PRICE
MLB7111651970,VTK012639,active,ml:MLB7111651970:MLB7149366704,56,,,,,False,AUTORIA_NAO_COMPROVADA_NAO_INFERIR_CUSTOM_PRICE
MLB4903781749,VTK015944,active,ml:MLB4903781749:MLB7313516646,74.51,,,,,False,AUTORIA_NAO_COMPROVADA_NAO_INFERIR_CUSTOM_PRICE
MLB7111709892,VTK012151,active,ml:MLB4880561975:MLB7111709892,56,,,,,False,AUTORIA_NAO_COMPROVADA_NAO_INFERIR_CUSTOM_PRICE
MLB7111711652,VTK012135,active,ml:MLB7111711652:MLB7149274470,51,,,,,False,AUTORIA_NAO_COMPROVADA_NAO_INFERIR_CUSTOM_PRICE
MLB4786766983,VTK009684,active,ml:MLB4772718139:MLB4786766983,56.18,,,,,False,AUTORIA_NAO_COMPROVADA_NAO_INFERIR_CUSTOM_PRICE
MLB7149327778,VTK012157,active,ml:MLB7111708794:MLB7149327778,58,,,,,False,AUTORIA_NAO_COMPROVADA_NAO_INFERIR_CUSTOM_PRICE
MLB7111664224,VTK012538,active,,57.09,,,,,False,AUTORIA_NAO_COMPROVADA_NAO_INFERIR_CUSTOM_PRICE
MLB7111651824,VTK012525,active,ml:MLB7111651824:MLB7149366822,57,,,,,False,AUTORIA_NAO_COMPROVADA_NAO_INFERIR_CUSTOM_PRICE
MLB7111709754,VTK012017,active,,64.35,,,,,False,AUTORIA_NAO_COMPROVADA_NAO_INFERIR_CUSTOM_PRICE
MLB7111664376,VTK000126,active,ml:MLB4882855383:MLB7111664376,55,,,,,False,AUTORIA_NAO_COMPROVADA_NAO_INFERIR_CUSTOM_PRICE
MLB7111651800,VTK012368,active,,63.1,,,,,False,AUTORIA_NAO_COMPROVADA_NAO_INFERIR_CUSTOM_PRICE
MLB7184618930,VTK015958,active,item:MLB7184618930,74.65,,,,,False,AUTORIA_NAO_COMPROVADA_NAO_INFERIR_CUSTOM_PRICE
MLB7111650940,VTK012430,active,,58.78,,,,,False,AUTORIA_NAO_COMPROVADA_NAO_INFERIR_CUSTOM_PRICE
MLB4880564035,VTK012075,active,ml:MLB4880564035:MLB7111663998,58.43,,,,,False,AUTORIA_NAO_COMPROVADA_NAO_INFERIR_CUSTOM_PRICE
MLB7149366656,VTK012003,active,ml:MLB7111651982:MLB7149366656,54.5,,,,,False,AUTORIA_NAO_COMPROVADA_NAO_INFERIR_CUSTOM_PRICE
MLB7111661448,VTK012614,active,ml:MLB7111661448:MLB7149329468,78.9,,,,,False,AUTORIA_NAO_COMPROVADA_NAO_INFERIR_CUSTOM_PRICE
MLB7111708794,VTK012157,active,ml:MLB7111708794:MLB7149327778,58,,,,,False,AUTORIA_NAO_COMPROVADA_NAO_INFERIR_CUSTOM_PRICE
MLB7111664044,VTK003286,active,,59.17,,,,,False,AUTORIA_NAO_COMPROVADA_NAO_INFERIR_CUSTOM_PRICE
MLB4903771541,VTK015942,active,item:MLB4903771541,72.14,,,,,False,AUTORIA_NAO_COMPROVADA_NAO_INFERIR_CUSTOM_PRICE
MLB4772718139,VTK009684,active,ml:MLB4772718139:MLB4786766983,56.18,,,,,False,AUTORIA_NAO_COMPROVADA_NAO_INFERIR_CUSTOM_PRICE
MLB4880591335,VTK009705,active,ml:MLB4857631393:MLB4880591335,57,,,,,False,AUTORIA_NAO_COMPROVADA_NAO_INFERIR_CUSTOM_PRICE
MLB7149333200,VTK012413,active,ml:MLB7111649078:MLB7149333200,74,,,,,False,AUTORIA_NAO_COMPROVADA_NAO_INFERIR_CUSTOM_PRICE
MLB7111707076,VTK003635,active,item:MLB7111707076,78.9,,,,,False,AUTORIA_NAO_COMPROVADA_NAO_INFERIR_CUSTOM_PRICE
MLB7111709774,VTK012307,active,ml:MLB4880580699:MLB7111709774,59.81,,,,,False,AUTORIA_NAO_COMPROVADA_NAO_INFERIR_CUSTOM_PRICE
MLB7111664084,VTK012653,active,ml:MLB4880581893:MLB7111664084,57,,,,,False,AUTORIA_NAO_COMPROVADA_NAO_INFERIR_CUSTOM_PRICE
MLB7076364080,VTK000018,active,ml:MLB7076364080:MLB7079118774,100.22,,,,,False,AUTORIA_NAO_COMPROVADA_NAO_INFERIR_CUSTOM_PRICE
MLB4880564505,VTK012392,active,ml:MLB4880564505:MLB7111661634,74.9,,,,,False,AUTORIA_NAO_COMPROVADA_NAO_INFERIR_CUSTOM_PRICE
MLB4880582419,VTK012296,active,,83.15,,,,,False,AUTORIA_NAO_COMPROVADA_NAO_INFERIR_CUSTOM_PRICE
MLB7149327846,VTK012209,active,ml:MLB7111708302:MLB7149327846,59,,,,,False,AUTORIA_NAO_COMPROVADA_NAO_INFERIR_CUSTOM_PRICE
MLB7111664264,VTK001818,active,,66.19,,,,,False,AUTORIA_NAO_COMPROVADA_NAO_INFERIR_CUSTOM_PRICE
MLB4903779667,VTK015966,active,item:MLB4903779667,97.42,,,,,False,AUTORIA_NAO_COMPROVADA_NAO_INFERIR_CUSTOM_PRICE
MLB4880564099,VTK001738,active,,61.27,,,,,False,AUTORIA_NAO_COMPROVADA_NAO_INFERIR_CUSTOM_PRICE
MLB7111663998,VTK012075,active,ml:MLB4880564035:MLB7111663998,58.43,,,,,False,AUTORIA_NAO_COMPROVADA_NAO_INFERIR_CUSTOM_PRICE
MLB4886661325,VTK012449,active,ml:MLB4886661325:MLB7111661664,78.9,,,,,False,AUTORIA_NAO_COMPROVADA_NAO_INFERIR_CUSTOM_PRICE
MLB7111661764,VTK012723,active,item:MLB7111661764,73,,,,,False,AUTORIA_NAO_COMPROVADA_NAO_INFERIR_CUSTOM_PRICE
MLB4880580805,VTK012419,active,ml:MLB4880580805:MLB7111709620,61.02,,,,,False,AUTORIA_NAO_COMPROVADA_NAO_INFERIR_CUSTOM_PRICE
MLB7111651774,VTK012738,active,item:MLB7111651774,57,,,,,False,AUTORIA_NAO_COMPROVADA_NAO_INFERIR_CUSTOM_PRICE
MLB4880564265,VTK012193,active,,82.65,,,,,False,AUTORIA_NAO_COMPROVADA_NAO_INFERIR_CUSTOM_PRICE
MLB7111661750,VTK012725,active,,75.27,,,,,False,AUTORIA_NAO_COMPROVADA_NAO_INFERIR_CUSTOM_PRICE
MLB7149328918,VTK001541,active,ml:MLB7111663174:MLB7149328918,51,,,,,False,AUTORIA_NAO_COMPROVADA_NAO_INFERIR_CUSTOM_PRICE
MLB4857631393,VTK009705,active,ml:MLB4857631393:MLB4880591335,57,,,,,False,AUTORIA_NAO_COMPROVADA_NAO_INFERIR_CUSTOM_PRICE
MLB4880586103,VTK012255,active,ml:MLB4880586103:MLB7111649194,73.96,,,,,False,AUTORIA_NAO_COMPROVADA_NAO_INFERIR_CUSTOM_PRICE
MLB7111664026,VTK012717,active,,60.09,,,,,False,AUTORIA_NAO_COMPROVADA_NAO_INFERIR_CUSTOM_PRICE
MLB7111661598,VTK012296,active,,83.15,,,,,False,AUTORIA_NAO_COMPROVADA_NAO_INFERIR_CUSTOM_PRICE
MLB7111662686,VTK012704,active,,70.59,,,,,False,AUTORIA_NAO_COMPROVADA_NAO_INFERIR_CUSTOM_PRICE
MLB7149327760,VTK000086,active,,60.17,,,,,False,AUTORIA_NAO_COMPROVADA_NAO_INFERIR_CUSTOM_PRICE
MLB7111662740,VTK001738,active,,61.27,,,,,False,AUTORIA_NAO_COMPROVADA_NAO_INFERIR_CUSTOM_PRICE
MLB7111649078,VTK012413,active,ml:MLB7111649078:MLB7149333200,74,,,,,False,AUTORIA_NAO_COMPROVADA_NAO_INFERIR_CUSTOM_PRICE
MLB7149327814,VTK012393,active,ml:MLB7111708684:MLB7149327814,66,,,,,False,AUTORIA_NAO_COMPROVADA_NAO_INFERIR_CUSTOM_PRICE
MLB7149332768,VTK012303,active,ml:MLB7111650372:MLB7149332768,59,,,,,False,AUTORIA_NAO_COMPROVADA_NAO_INFERIR_CUSTOM_PRICE
MLB7111661634,VTK012392,active,ml:MLB4880564505:MLB7111661634,74.9,,,,,False,AUTORIA_NAO_COMPROVADA_NAO_INFERIR_CUSTOM_PRICE
MLB7111661936,VTK012193,active,,82.65,,,,,False,AUTORIA_NAO_COMPROVADA_NAO_INFERIR_CUSTOM_PRICE
MLB4903782243,VTK016080,active,item:MLB4903782243,75.63,,,,,False,AUTORIA_NAO_COMPROVADA_NAO_INFERIR_CUSTOM_PRICE
MLB7111708632,VTK012133,active,,61.65,,,,,False,AUTORIA_NAO_COMPROVADA_NAO_INFERIR_CUSTOM_PRICE
MLB7111664004,VTK012714,active,ml:MLB4898613341:MLB7111664004,66,,,,,False,AUTORIA_NAO_COMPROVADA_NAO_INFERIR_CUSTOM_PRICE
MLB7111651766,VTK012085,active,,59.61,,,,,False,AUTORIA_NAO_COMPROVADA_NAO_INFERIR_CUSTOM_PRICE
MLB7079118774,VTK000018,active,ml:MLB7076364080:MLB7079118774,100.22,,,,,False,AUTORIA_NAO_COMPROVADA_NAO_INFERIR_CUSTOM_PRICE
MLB7184713432,VTK016049,active,item:MLB7184713432,109.73,,,,,False,AUTORIA_NAO_COMPROVADA_NAO_INFERIR_CUSTOM_PRICE
MLB7184719138,VTK015934,active,item:MLB7184719138,70.29,,,,,False,AUTORIA_NAO_COMPROVADA_NAO_INFERIR_CUSTOM_PRICE
MLB7111708318,VTK012549,active,,64.77,,,,,False,AUTORIA_NAO_COMPROVADA_NAO_INFERIR_CUSTOM_PRICE
MLB7111651752,VTK012140,active,,59.61,,,,,False,AUTORIA_NAO_COMPROVADA_NAO_INFERIR_CUSTOM_PRICE
MLB7111650372,VTK012303,active,ml:MLB7111650372:MLB7149332768,59,,,,,False,AUTORIA_NAO_COMPROVADA_NAO_INFERIR_CUSTOM_PRICE
MLB7111708684,VTK012393,active,ml:MLB7111708684:MLB7149327814,66,,,,,False,AUTORIA_NAO_COMPROVADA_NAO_INFERIR_CUSTOM_PRICE
MLB7111708776,VTK012190,active,ml:MLB4981702339:MLB7111708776,62.39,,,,,False,AUTORIA_NAO_COMPROVADA_NAO_INFERIR_CUSTOM_PRICE
MLB7111663188,VTK012253,active,,61.57,,,,,False,AUTORIA_NAO_COMPROVADA_NAO_INFERIR_CUSTOM_PRICE
MLB7111709734,VTK012508,active,ml:MLB7111709734:MLB7149327682,57,,,,,False,AUTORIA_NAO_COMPROVADA_NAO_INFERIR_CUSTOM_PRICE
MLB7111649194,VTK012255,active,ml:MLB4880586103:MLB7111649194,73.96,,,,,False,AUTORIA_NAO_COMPROVADA_NAO_INFERIR_CUSTOM_PRICE
MLB7111651982,VTK012003,active,ml:MLB7111651982:MLB7149366656,54.5,,,,,False,AUTORIA_NAO_COMPROVADA_NAO_INFERIR_CUSTOM_PRICE
MLB7111709620,VTK012419,active,ml:MLB4880580805:MLB7111709620,61.02,,,,,False,AUTORIA_NAO_COMPROVADA_NAO_INFERIR_CUSTOM_PRICE
MLB7111707436,VTK012715,active,ml:MLB4898641341:MLB7111707436,68,,,,,False,AUTORIA_NAO_COMPROVADA_NAO_INFERIR_CUSTOM_PRICE
MLB6978727784,VTK009675,active,ml:MLB4773127139:MLB6978727784,58.14,,,,,False,AUTORIA_NAO_COMPROVADA_NAO_INFERIR_CUSTOM_PRICE
MLB7111708302,VTK012209,active,ml:MLB7111708302:MLB7149327846,59,,,,,False,AUTORIA_NAO_COMPROVADA_NAO_INFERIR_CUSTOM_PRICE
MLB7149327914,VTK012312,active,ml:MLB7111708204:MLB7149327914,59,,,,,False,AUTORIA_NAO_COMPROVADA_NAO_INFERIR_CUSTOM_PRICE
MLB7149328288,VTK001725,active,ml:MLB7111706900:MLB7149328288,78.9,,,,,False,AUTORIA_NAO_COMPROVADA_NAO_INFERIR_CUSTOM_PRICE
MLB7111662560,VTK012194,active,ml:MLB7111662560:MLB7330399274,62,,,,,False,AUTORIA_NAO_COMPROVADA_NAO_INFERIR_CUSTOM_PRICE
MLB7111661794,VTK001809,active,,85.07,,,,,False,AUTORIA_NAO_COMPROVADA_NAO_INFERIR_CUSTOM_PRICE
MLB7111663174,VTK001541,active,ml:MLB7111663174:MLB7149328918,51,,,,,False,AUTORIA_NAO_COMPROVADA_NAO_INFERIR_CUSTOM_PRICE
MLB7111661664,VTK012449,active,ml:MLB4886661325:MLB7111661664,78.9,,,,,False,AUTORIA_NAO_COMPROVADA_NAO_INFERIR_CUSTOM_PRICE
MLB4880563055,VTK012498,active,ml:MLB4880563055:MLB7111708240,59,,,,,False,AUTORIA_NAO_COMPROVADA_NAO_INFERIR_CUSTOM_PRICE
MLB7111708294,VTK005799,active,,61.1,,,,,False,AUTORIA_NAO_COMPROVADA_NAO_INFERIR_CUSTOM_PRICE
MLB4773127139,VTK009675,active,ml:MLB4773127139:MLB6978727784,58.14,,,,,False,AUTORIA_NAO_COMPROVADA_NAO_INFERIR_CUSTOM_PRICE
MLB7111661784,VTK012202,active,,74.85,,,,,False,AUTORIA_NAO_COMPROVADA_NAO_INFERIR_CUSTOM_PRICE
MLB7111708522,VTK012722,active,,62.3,,,,,False,AUTORIA_NAO_COMPROVADA_NAO_INFERIR_CUSTOM_PRICE
MLB7149333170,VTK012309,active,,46.31,,,,,False,AUTORIA_NAO_COMPROVADA_NAO_INFERIR_CUSTOM_PRICE
MLB7111709552,VTK000086,active,,60.17,,,,,False,AUTORIA_NAO_COMPROVADA_NAO_INFERIR_CUSTOM_PRICE
MLB7111708240,VTK012498,active,ml:MLB4880563055:MLB7111708240,59,,,,,False,AUTORIA_NAO_COMPROVADA_NAO_INFERIR_CUSTOM_PRICE
MLB4903792585,VTK015996,active,item:MLB4903792585,114.63,,,,,False,AUTORIA_NAO_COMPROVADA_NAO_INFERIR_CUSTOM_PRICE
MLB7184713212,VTK016158,active,item:MLB7184713212,103.83,,,,,False,AUTORIA_NAO_COMPROVADA_NAO_INFERIR_CUSTOM_PRICE
MLB7111661804,VTK003675,active,item:MLB7111661804,89.5,,,,,False,AUTORIA_NAO_COMPROVADA_NAO_INFERIR_CUSTOM_PRICE
MLB7111651722,VTK012110,active,ml:MLB7111651722:MLB7149366888,66,,,,,False,AUTORIA_NAO_COMPROVADA_NAO_INFERIR_CUSTOM_PRICE
MLB4880582379,VTK002473,active,,83.43,,,,,False,AUTORIA_NAO_COMPROVADA_NAO_INFERIR_CUSTOM_PRICE
MLB7111706900,VTK001725,active,ml:MLB7111706900:MLB7149328288,78.9,,,,,False,AUTORIA_NAO_COMPROVADA_NAO_INFERIR_CUSTOM_PRICE
MLB4880585951,VTK012367,active,ml:MLB4880585951:MLB7111649344,70.7,,,,,False,AUTORIA_NAO_COMPROVADA_NAO_INFERIR_CUSTOM_PRICE
MLB4903770465,VTK015981,active,item:MLB4903770465,96.93,,,,,False,AUTORIA_NAO_COMPROVADA_NAO_INFERIR_CUSTOM_PRICE
MLB7169863248,VTK015989,active,item:MLB7169863248,106.19,,,,,False,AUTORIA_NAO_COMPROVADA_NAO_INFERIR_CUSTOM_PRICE
MLB4880564363,VTK012004,active,,74.25,,,,,False,AUTORIA_NAO_COMPROVADA_NAO_INFERIR_CUSTOM_PRICE
MLB7111661572,VTK012588,active,item:MLB7111661572,78.9,,,,,False,AUTORIA_NAO_COMPROVADA_NAO_INFERIR_CUSTOM_PRICE
MLB4898611575,VTK012253,active,,61.57,,,,,False,AUTORIA_NAO_COMPROVADA_NAO_INFERIR_CUSTOM_PRICE
MLB4880586031,VTK012788,active,,84.8,,,,,False,AUTORIA_NAO_COMPROVADA_NAO_INFERIR_CUSTOM_PRICE
MLB7111649344,VTK012367,active,ml:MLB4880585951:MLB7111649344,70.7,,,,,False,AUTORIA_NAO_COMPROVADA_NAO_INFERIR_CUSTOM_PRICE
MLB7111708204,VTK012312,active,ml:MLB7111708204:MLB7149327914,59,,,,,False,AUTORIA_NAO_COMPROVADA_NAO_INFERIR_CUSTOM_PRICE
MLB4786789493,VTK009667,active,ml:MLB4786789493:MLB6957769978,61,,,,,False,AUTORIA_NAO_COMPROVADA_NAO_INFERIR_CUSTOM_PRICE
MLB7149333332,VTK012172,active,ml:MLB7111648902:MLB7149333332,78.9,,,,,False,AUTORIA_NAO_COMPROVADA_NAO_INFERIR_CUSTOM_PRICE
MLB7149329432,VTK012493,active,ml:MLB7111661588:MLB7149329432,89.44,,,,,False,AUTORIA_NAO_COMPROVADA_NAO_INFERIR_CUSTOM_PRICE
MLB7111649308,VTK012229,active,item:MLB7111649308,79,,,,,False,AUTORIA_NAO_COMPROVADA_NAO_INFERIR_CUSTOM_PRICE
MLB6957769978,VTK009667,active,ml:MLB4786789493:MLB6957769978,61,,,,,False,AUTORIA_NAO_COMPROVADA_NAO_INFERIR_CUSTOM_PRICE
MLB7149333140,VTK012566,active,,90.57,,,,,False,AUTORIA_NAO_COMPROVADA_NAO_INFERIR_CUSTOM_PRICE
MLB7111649116,VTK012309,active,,46.31,,,,,False,AUTORIA_NAO_COMPROVADA_NAO_INFERIR_CUSTOM_PRICE
MLB4880564247,VTK012058,active,ml:MLB4880564247:MLB7111661958,75,,,,,False,AUTORIA_NAO_COMPROVADA_NAO_INFERIR_CUSTOM_PRICE
MLB7111707118,VTK012323,active,,83.59,,,,,False,AUTORIA_NAO_COMPROVADA_NAO_INFERIR_CUSTOM_PRICE
MLB7111708216,VTK012124,active,ml:MLB7111708216:MLB7330116996,86.77,,,,,False,AUTORIA_NAO_COMPROVADA_NAO_INFERIR_CUSTOM_PRICE
MLB7111662638,VTK012234,active,,82.2,,,,,False,AUTORIA_NAO_COMPROVADA_NAO_INFERIR_CUSTOM_PRICE
MLB7184712668,VTK016136,active,item:MLB7184712668,101.79,,,,,False,AUTORIA_NAO_COMPROVADA_NAO_INFERIR_CUSTOM_PRICE
MLB7111648902,VTK012172,active,ml:MLB7111648902:MLB7149333332,78.9,,,,,False,AUTORIA_NAO_COMPROVADA_NAO_INFERIR_CUSTOM_PRICE
MLB7111707196,VTK012602,active,item:MLB7111707196,78.9,,,,,False,AUTORIA_NAO_COMPROVADA_NAO_INFERIR_CUSTOM_PRICE
MLB7149328138,VTK012289,active,ml:MLB7111707314:MLB7149328138,70.05,,,,,False,AUTORIA_NAO_COMPROVADA_NAO_INFERIR_CUSTOM_PRICE
MLB7111661812,VTK002473,active,,83.43,,,,,False,AUTORIA_NAO_COMPROVADA_NAO_INFERIR_CUSTOM_PRICE
MLB7111661958,VTK012058,active,ml:MLB4880564247:MLB7111661958,75,,,,,False,AUTORIA_NAO_COMPROVADA_NAO_INFERIR_CUSTOM_PRICE
MLB7111708226,VTK012510,active,ml:MLB7111708226:MLB7330397642,79,,,,,False,AUTORIA_NAO_COMPROVADA_NAO_INFERIR_CUSTOM_PRICE
MLB7111661840,VTK012004,active,,74.25,,,,,False,AUTORIA_NAO_COMPROVADA_NAO_INFERIR_CUSTOM_PRICE
MLB4880581029,VTK012347,active,,64.4,,,,,False,AUTORIA_NAO_COMPROVADA_NAO_INFERIR_CUSTOM_PRICE
MLB7184716282,VTK016116,active,item:MLB7184716282,90.82,,,,,False,AUTORIA_NAO_COMPROVADA_NAO_INFERIR_CUSTOM_PRICE
MLB7111661564,VTK000250,active,item:MLB7111661564,98.96,,,,,False,AUTORIA_NAO_COMPROVADA_NAO_INFERIR_CUSTOM_PRICE
MLB7111649230,VTK012788,active,,84.8,,,,,False,AUTORIA_NAO_COMPROVADA_NAO_INFERIR_CUSTOM_PRICE
MLB4880564117,VTK004050,active,ml:MLB4880564117:MLB7111662090,64,,,,,False,AUTORIA_NAO_COMPROVADA_NAO_INFERIR_CUSTOM_PRICE
MLB7111707314,VTK012289,active,ml:MLB7111707314:MLB7149328138,70.05,,,,,False,AUTORIA_NAO_COMPROVADA_NAO_INFERIR_CUSTOM_PRICE
MLB7111708152,VTK012347,active,,64.4,,,,,False,AUTORIA_NAO_COMPROVADA_NAO_INFERIR_CUSTOM_PRICE
MLB7111661588,VTK012493,active,ml:MLB7111661588:MLB7149329432,89.44,,,,,False,AUTORIA_NAO_COMPROVADA_NAO_INFERIR_CUSTOM_PRICE
MLB7111649152,VTK012566,active,,90.57,,,,,False,AUTORIA_NAO_COMPROVADA_NAO_INFERIR_CUSTOM_PRICE
MLB7111662090,VTK004050,active,ml:MLB4880564117:MLB7111662090,64,,,,,False,AUTORIA_NAO_COMPROVADA_NAO_INFERIR_CUSTOM_PRICE
MLB7111648940,VTK012329,active,item:MLB7111648940,78.9,,,,,False,AUTORIA_NAO_COMPROVADA_NAO_INFERIR_CUSTOM_PRICE
MLB7111708162,VTK012720,active,,65.11,,,,,False,AUTORIA_NAO_COMPROVADA_NAO_INFERIR_CUSTOM_PRICE
MLB7111662596,VTK012727,active,,65.11,,,,,False,AUTORIA_NAO_COMPROVADA_NAO_INFERIR_CUSTOM_PRICE
MLB4903773453,VTK016135,active,item:MLB4903773453,88.63,,,,,False,AUTORIA_NAO_COMPROVADA_NAO_INFERIR_CUSTOM_PRICE
MLB7111661546,VTK000735,active,item:MLB7111661546,78.9,,,,,False,AUTORIA_NAO_COMPROVADA_NAO_INFERIR_CUSTOM_PRICE
MLB7111649726,VTK000140,active,item:MLB7111649726,64,,,,,False,AUTORIA_NAO_COMPROVADA_NAO_INFERIR_CUSTOM_PRICE
MLB7111662524,VTK000366,active,,67.84,,,,,False,AUTORIA_NAO_COMPROVADA_NAO_INFERIR_CUSTOM_PRICE
MLB4903773179,VTK016092,active,item:MLB4903773179,89.05,,,,,False,AUTORIA_NAO_COMPROVADA_NAO_INFERIR_CUSTOM_PRICE
MLB7111662208,VTK012741,active,item:MLB7111662208,65,,,,,False,AUTORIA_NAO_COMPROVADA_NAO_INFERIR_CUSTOM_PRICE
MLB7111662380,VTK012201,active,ml:MLB4986647879:MLB7111662380,65,,,,,False,AUTORIA_NAO_COMPROVADA_NAO_INFERIR_CUSTOM_PRICE
MLB7111649168,VTK001084,active,,88.35,,,,,False,AUTORIA_NAO_COMPROVADA_NAO_INFERIR_CUSTOM_PRICE
MLB4903783145,VTK015970,active,item:MLB4903783145,89.79,,,,,False,AUTORIA_NAO_COMPROVADA_NAO_INFERIR_CUSTOM_PRICE
MLB4903793427,VTK016007,active,item:MLB4903793427,94.15,,,,,False,AUTORIA_NAO_COMPROVADA_NAO_INFERIR_CUSTOM_PRICE
MLB4898641383,VTK012416,active,ml:MLB4898641383:MLB7111662000,105.54,,,,,False,AUTORIA_NAO_COMPROVADA_NAO_INFERIR_CUSTOM_PRICE
MLB7111662000,VTK012416,active,ml:MLB4898641383:MLB7111662000,105.54,,,,,False,AUTORIA_NAO_COMPROVADA_NAO_INFERIR_CUSTOM_PRICE
MLB7111649888,VTK012750,active,item:MLB7111649888,65,,,,,False,AUTORIA_NAO_COMPROVADA_NAO_INFERIR_CUSTOM_PRICE
MLB4903775511,VTK015962,active,item:MLB4903775511,88.6,,,,,False,AUTORIA_NAO_COMPROVADA_NAO_INFERIR_CUSTOM_PRICE
MLB7111649100,VTK012731,active,item:MLB7111649100,78.9,,,,,False,AUTORIA_NAO_COMPROVADA_NAO_INFERIR_CUSTOM_PRICE
MLB4903780825,VTK016193,active,item:MLB4903780825,87.54,,,,,False,AUTORIA_NAO_COMPROVADA_NAO_INFERIR_CUSTOM_PRICE
MLB7149332814,VTK004070,active,ml:MLB7111649674:MLB7149332814,65,,,,,False,AUTORIA_NAO_COMPROVADA_NAO_INFERIR_CUSTOM_PRICE
MLB7149367448,VTK012437,active,ml:MLB7111649036:MLB7149367448,78.9,,,,,False,AUTORIA_NAO_COMPROVADA_NAO_INFERIR_CUSTOM_PRICE
MLB7111649674,VTK004070,active,ml:MLB7111649674:MLB7149332814,65,,,,,False,AUTORIA_NAO_COMPROVADA_NAO_INFERIR_CUSTOM_PRICE
MLB7111661482,VTK012721,active,ml:MLB5191246395:MLB7111661482,78.9,,,,,False,AUTORIA_NAO_COMPROVADA_NAO_INFERIR_CUSTOM_PRICE
MLB7111661376,VTK012627,active,ml:MLB4988014461:MLB7111661376,73.96,,,,,False,AUTORIA_NAO_COMPROVADA_NAO_INFERIR_CUSTOM_PRICE
MLB7111649036,VTK012437,active,ml:MLB7111649036:MLB7149367448,78.9,,,,,False,AUTORIA_NAO_COMPROVADA_NAO_INFERIR_CUSTOM_PRICE
MLB4903767959,VTK015963,active,item:MLB4903767959,92.38,,,,,False,AUTORIA_NAO_COMPROVADA_NAO_INFERIR_CUSTOM_PRICE
MLB7111661350,VTK012748,active,item:MLB7111661350,78.9,,,,,False,AUTORIA_NAO_COMPROVADA_NAO_INFERIR_CUSTOM_PRICE
MLB7111661280,VTK003124,active,,86.62,,,,,False,AUTORIA_NAO_COMPROVADA_NAO_INFERIR_CUSTOM_PRICE
MLB7111661140,VTK012642,active,item:MLB7111661140,89,,,,,False,AUTORIA_NAO_COMPROVADA_NAO_INFERIR_CUSTOM_PRICE
MLB4877415237,VTK012243,active,item:MLB4877415237,78.9,,,,,False,AUTORIA_NAO_COMPROVADA_NAO_INFERIR_CUSTOM_PRICE
MLB7111650240,VTK002090,active,,90.44,,,,,False,AUTORIA_NAO_COMPROVADA_NAO_INFERIR_CUSTOM_PRICE
MLB7111648892,VTK012682,active,item:MLB7111648892,102.96,,,,,False,AUTORIA_NAO_COMPROVADA_NAO_INFERIR_CUSTOM_PRICE
MLB7111649682,VTK002262,active,,65.09,,,,,False,AUTORIA_NAO_COMPROVADA_NAO_INFERIR_CUSTOM_PRICE
MLB7184715880,VTK016090,active,item:MLB7184715880,85.89,,,,,False,AUTORIA_NAO_COMPROVADA_NAO_INFERIR_CUSTOM_PRICE
MLB7111706968,VTK012070,active,item:MLB7111706968,78.9,,,,,False,AUTORIA_NAO_COMPROVADA_NAO_INFERIR_CUSTOM_PRICE
MLB4880585913,VTK012647,active,ml:MLB4880585913:MLB7111649642,67,,,,,False,AUTORIA_NAO_COMPROVADA_NAO_INFERIR_CUSTOM_PRICE
MLB7111649436,VTK012056,active,item:MLB7111649436,78.9,,,,,False,AUTORIA_NAO_COMPROVADA_NAO_INFERIR_CUSTOM_PRICE
MLB4857530991,VTK002336,active,,116.68,,,,,False,AUTORIA_NAO_COMPROVADA_NAO_INFERIR_CUSTOM_PRICE
MLB7111649642,VTK012647,active,ml:MLB4880585913:MLB7111649642,67,,,,,False,AUTORIA_NAO_COMPROVADA_NAO_INFERIR_CUSTOM_PRICE
MLB4880564203,VTK003616,active,ml:MLB4880564203:MLB7111661980,89.62,,,,,False,AUTORIA_NAO_COMPROVADA_NAO_INFERIR_CUSTOM_PRICE
MLB4882855415,VTK012428,active,,70.26,,,,,False,AUTORIA_NAO_COMPROVADA_NAO_INFERIR_CUSTOM_PRICE
MLB7149406994,VTK012468,active,ml:MLB4877406881:MLB7149406994,99,,,,,False,AUTORIA_NAO_COMPROVADA_NAO_INFERIR_CUSTOM_PRICE
MLB7111649338,VTK012565,active,item:MLB7111649338,72,,,,,False,AUTORIA_NAO_COMPROVADA_NAO_INFERIR_CUSTOM_PRICE
MLB7184742944,VTK015990,active,item:MLB7184742944,109.52,,,,,False,AUTORIA_NAO_COMPROVADA_NAO_INFERIR_CUSTOM_PRICE
MLB7111649590,VTK012441,active,,79.14,,,,,False,AUTORIA_NAO_COMPROVADA_NAO_INFERIR_CUSTOM_PRICE
MLB7184715464,VTK016129,active,item:MLB7184715464,120,,,,,False,AUTORIA_NAO_COMPROVADA_NAO_INFERIR_CUSTOM_PRICE
MLB7111661890,VTK002230,active,,82.28,,,,,False,AUTORIA_NAO_COMPROVADA_NAO_INFERIR_CUSTOM_PRICE
MLB4880582223,VTK012439,active,ml:MLB4880582223:MLB7111661874,69,,,,,False,AUTORIA_NAO_COMPROVADA_NAO_INFERIR_CUSTOM_PRICE
MLB7111649586,VTK012428,active,,70.26,,,,,False,AUTORIA_NAO_COMPROVADA_NAO_INFERIR_CUSTOM_PRICE
MLB7111661980,VTK003616,active,ml:MLB4880564203:MLB7111661980,89.62,,,,,False,AUTORIA_NAO_COMPROVADA_NAO_INFERIR_CUSTOM_PRICE
MLB7111649158,VTK012609,active,item:MLB7111649158,74.9,,,,,False,AUTORIA_NAO_COMPROVADA_NAO_INFERIR_CUSTOM_PRICE
MLB7111649268,VTK012465,active,item:MLB7111649268,78.9,,,,,False,AUTORIA_NAO_COMPROVADA_NAO_INFERIR_CUSTOM_PRICE
MLB7184739130,VTK016015,active,item:MLB7184739130,125.75,,,,,False,AUTORIA_NAO_COMPROVADA_NAO_INFERIR_CUSTOM_PRICE
MLB7111661982,VTK012409,active,item:MLB7111661982,68,,,,,False,AUTORIA_NAO_COMPROVADA_NAO_INFERIR_CUSTOM_PRICE
MLB7184716150,VTK015999,active,item:MLB7184716150,110.6,,,,,False,AUTORIA_NAO_COMPROVADA_NAO_INFERIR_CUSTOM_PRICE
MLB4903769333,VTK016013,active,item:MLB4903769333,99.52,,,,,False,AUTORIA_NAO_COMPROVADA_NAO_INFERIR_CUSTOM_PRICE
MLB4903794349,VTK016052,active,item:MLB4903794349,110.93,,,,,False,AUTORIA_NAO_COMPROVADA_NAO_INFERIR_CUSTOM_PRICE
MLB4880581115,VTK012693,active,ml:MLB4880581115:MLB7111707514,69,,,,,False,AUTORIA_NAO_COMPROVADA_NAO_INFERIR_CUSTOM_PRICE
MLB7111661874,VTK012439,active,ml:MLB4880582223:MLB7111661874,69,,,,,False,AUTORIA_NAO_COMPROVADA_NAO_INFERIR_CUSTOM_PRICE
MLB7111661964,VTK012013,active,ml:MLB7111661964:MLB7330394498,69,,,,,False,AUTORIA_NAO_COMPROVADA_NAO_INFERIR_CUSTOM_PRICE
MLB7169880942,VTK015929,active,item:MLB7169880942,104.75,,,,,False,AUTORIA_NAO_COMPROVADA_NAO_INFERIR_CUSTOM_PRICE
MLB7169881066,VTK015930,active,item:MLB7169881066,104.75,,,,,False,AUTORIA_NAO_COMPROVADA_NAO_INFERIR_CUSTOM_PRICE
MLB7086773274,VTK000302,active,ml:MLB4837725139:MLB7086773274,116,,,,,False,AUTORIA_NAO_COMPROVADA_NAO_INFERIR_CUSTOM_PRICE
MLB7111661922,VTK012224,active,item:MLB7111661922,69,,,,,False,AUTORIA_NAO_COMPROVADA_NAO_INFERIR_CUSTOM_PRICE
MLB7111661676,VTK002209,active,,85.43,,,,,False,AUTORIA_NAO_COMPROVADA_NAO_INFERIR_CUSTOM_PRICE
MLB7111661928,VTK012438,active,,82.06,,,,,False,AUTORIA_NAO_COMPROVADA_NAO_INFERIR_CUSTOM_PRICE
MLB4880563241,VTK012166,active,ml:MLB4880563241:MLB7111707484,69,,,,,False,AUTORIA_NAO_COMPROVADA_NAO_INFERIR_CUSTOM_PRICE
MLB7111707514,VTK012693,active,ml:MLB4880581115:MLB7111707514,69,,,,,False,AUTORIA_NAO_COMPROVADA_NAO_INFERIR_CUSTOM_PRICE
MLB4857486009,VTK003207,active,item:MLB4857486009,115.96,,,,,False,AUTORIA_NAO_COMPROVADA_NAO_INFERIR_CUSTOM_PRICE
MLB4903788593,VTK015967,active,item:MLB4903788593,91.05,,,,,False,AUTORIA_NAO_COMPROVADA_NAO_INFERIR_CUSTOM_PRICE
MLB7184715666,VTK016000,active,item:MLB7184715666,118.91,,,,,False,AUTORIA_NAO_COMPROVADA_NAO_INFERIR_CUSTOM_PRICE
MLB7111707166,VTK012515,active,,81.1,,,,,False,AUTORIA_NAO_COMPROVADA_NAO_INFERIR_CUSTOM_PRICE
MLB4880564317,VTK012398,active,ml:MLB4880564317:MLB7111661864,79,,,,,False,AUTORIA_NAO_COMPROVADA_NAO_INFERIR_CUSTOM_PRICE
MLB4903788339,VTK015995,active,item:MLB4903788339,93.72,,,,,False,AUTORIA_NAO_COMPROVADA_NAO_INFERIR_CUSTOM_PRICE
MLB7149328234,VTK012504,active,ml:MLB7111707246:MLB7149328234,69,,,,,False,AUTORIA_NAO_COMPROVADA_NAO_INFERIR_CUSTOM_PRICE
MLB7111649510,VTK012718,active,,73.23,,,,,False,AUTORIA_NAO_COMPROVADA_NAO_INFERIR_CUSTOM_PRICE
MLB7184738624,VTK016214,active,ml:MLB7184738624:MLB7313516632,95.46,,,,,False,AUTORIA_NAO_COMPROVADA_NAO_INFERIR_CUSTOM_PRICE
MLB7111707484,VTK012166,active,ml:MLB4880563241:MLB7111707484,69,,,,,False,AUTORIA_NAO_COMPROVADA_NAO_INFERIR_CUSTOM_PRICE
MLB7149367142,VTK012811,active,,81.1,,,,,False,AUTORIA_NAO_COMPROVADA_NAO_INFERIR_CUSTOM_PRICE
MLB4903790655,VTK016014,active,item:MLB4903790655,90.35,,,,,False,AUTORIA_NAO_COMPROVADA_NAO_INFERIR_CUSTOM_PRICE
MLB7111707350,VTK002189,active,,62.21,,,,,False,AUTORIA_NAO_COMPROVADA_NAO_INFERIR_CUSTOM_PRICE
MLB4903769547,VTK015976,active,item:MLB4903769547,99.93,,,,,False,AUTORIA_NAO_COMPROVADA_NAO_INFERIR_CUSTOM_PRICE
MLB4903787945,VTK015965,active,item:MLB4903787945,93.4,,,,,False,AUTORIA_NAO_COMPROVADA_NAO_INFERIR_CUSTOM_PRICE
MLB4837725139,VTK000302,active,ml:MLB4837725139:MLB7086773274,116,,,,,False,AUTORIA_NAO_COMPROVADA_NAO_INFERIR_CUSTOM_PRICE
MLB7169883242,VTK015928,active,item:MLB7169883242,113.52,,,,,False,AUTORIA_NAO_COMPROVADA_NAO_INFERIR_CUSTOM_PRICE
MLB7111649520,VTK012739,active,,73.23,,,,,False,AUTORIA_NAO_COMPROVADA_NAO_INFERIR_CUSTOM_PRICE
MLB4880632435,VTK012591,active,ml:MLB4857542717:MLB4880632435,97,,,,,False,AUTORIA_NAO_COMPROVADA_NAO_INFERIR_CUSTOM_PRICE
MLB7111649260,VTK012811,active,,81.1,,,,,False,AUTORIA_NAO_COMPROVADA_NAO_INFERIR_CUSTOM_PRICE
MLB4880563289,VTK012292,active,ml:MLB4880563289:MLB7111707394,79,,,,,False,AUTORIA_NAO_COMPROVADA_NAO_INFERIR_CUSTOM_PRICE
MLB7184740736,VTK016019,active,item:MLB7184740736,130.57,,,,,False,AUTORIA_NAO_COMPROVADA_NAO_INFERIR_CUSTOM_PRICE
MLB7184739728,VTK016157,active,item:MLB7184739728,130.27,,,,,False,AUTORIA_NAO_COMPROVADA_NAO_INFERIR_CUSTOM_PRICE
MLB7111707246,VTK012504,active,ml:MLB7111707246:MLB7149328234,69,,,,,False,AUTORIA_NAO_COMPROVADA_NAO_INFERIR_CUSTOM_PRICE
MLB7087435606,VTK004225,active,item:MLB7087435606,75,,,,,False,AUTORIA_NAO_COMPROVADA_NAO_INFERIR_CUSTOM_PRICE
MLB7184752634,VTK015991,active,item:MLB7184752634,84.85,,,,,False,AUTORIA_NAO_COMPROVADA_NAO_INFERIR_CUSTOM_PRICE
MLB7111645126,VTK012380,active,item:MLB7111645126,102,,,,,False,AUTORIA_NAO_COMPROVADA_NAO_INFERIR_CUSTOM_PRICE
MLB4857542615,VTK012041,active,,111.76,,,,,False,AUTORIA_NAO_COMPROVADA_NAO_INFERIR_CUSTOM_PRICE
MLB7111649086,VTK012728,active,item:MLB7111649086,78.9,,,,,False,AUTORIA_NAO_COMPROVADA_NAO_INFERIR_CUSTOM_PRICE
MLB4841970055,VTK000385,active,,105.43,,,,,False,AUTORIA_NAO_COMPROVADA_NAO_INFERIR_CUSTOM_PRICE
MLB7111658042,VTK012520,active,item:MLB7111658042,95,,,,,False,AUTORIA_NAO_COMPROVADA_NAO_INFERIR_CUSTOM_PRICE
MLB4857542717,VTK012591,active,ml:MLB4857542717:MLB4880632435,97,,,,,False,AUTORIA_NAO_COMPROVADA_NAO_INFERIR_CUSTOM_PRICE
MLB7111645298,VTK012019,active,ml:MLB7111645298:MLB7314819554,127.99,,,,,False,AUTORIA_NAO_COMPROVADA_NAO_INFERIR_CUSTOM_PRICE
MLB4894911293,VTK015935,active,item:MLB4894911293,111.17,,,,,False,AUTORIA_NAO_COMPROVADA_NAO_INFERIR_CUSTOM_PRICE
MLB4903779915,VTK015979,active,item:MLB4903779915,103.68,,,,,False,AUTORIA_NAO_COMPROVADA_NAO_INFERIR_CUSTOM_PRICE
MLB4880632489,VTK012469,active,ml:MLB4857542583:MLB4880632489,94.99,,,,,False,AUTORIA_NAO_COMPROVADA_NAO_INFERIR_CUSTOM_PRICE
MLB7111661560,VTK001847,active,,85.9,,,,,False,AUTORIA_NAO_COMPROVADA_NAO_INFERIR_CUSTOM_PRICE
MLB7111657714,VTK012749,active,item:MLB7111657714,97,,,,,False,AUTORIA_NAO_COMPROVADA_NAO_INFERIR_CUSTOM_PRICE
MLB4877406881,VTK012468,active,ml:MLB4877406881:MLB7149406994,99,,,,,False,AUTORIA_NAO_COMPROVADA_NAO_INFERIR_CUSTOM_PRICE
MLB4857542583,VTK012469,active,ml:MLB4857542583:MLB4880632489,94.99,,,,,False,AUTORIA_NAO_COMPROVADA_NAO_INFERIR_CUSTOM_PRICE
MLB7184718232,VTK016172,active,item:MLB7184718232,102,,,,,False,AUTORIA_NAO_COMPROVADA_NAO_INFERIR_CUSTOM_PRICE
MLB7111645398,VTK012263,active,item:MLB7111645398,98,,,,,False,AUTORIA_NAO_COMPROVADA_NAO_INFERIR_CUSTOM_PRICE
MLB4903792263,VTK016131,active,ml:MLB4903792263:MLB7236458320,106.9,,,,,False,AUTORIA_NAO_COMPROVADA_NAO_INFERIR_CUSTOM_PRICE
MLB4880586295,VTK012077,active,,94.99,,,,,False,AUTORIA_NAO_COMPROVADA_NAO_INFERIR_CUSTOM_PRICE
MLB7111661342,VTK012751,active,item:MLB7111661342,78.9,,,,,False,AUTORIA_NAO_COMPROVADA_NAO_INFERIR_CUSTOM_PRICE
MLB7111645140,VTK012400,active,item:MLB7111645140,102,,,,,False,AUTORIA_NAO_COMPROVADA_NAO_INFERIR_CUSTOM_PRICE
MLB7149328316,VTK012002,active,ml:MLB7111706856:MLB7149328316,78.9,,,,,False,AUTORIA_NAO_COMPROVADA_NAO_INFERIR_CUSTOM_PRICE
MLB4857624695,VTK012352,active,item:MLB4857624695,80.54,,,,,False,AUTORIA_NAO_COMPROVADA_NAO_INFERIR_CUSTOM_PRICE
MLB4903793175,VTK015980,active,item:MLB4903793175,94.14,,,,,False,AUTORIA_NAO_COMPROVADA_NAO_INFERIR_CUSTOM_PRICE
MLB7149367642,VTK000094,active,ml:MLB7111648864:MLB7149367642,78.9,,,,,False,AUTORIA_NAO_COMPROVADA_NAO_INFERIR_CUSTOM_PRICE
MLB7111645312,VTK012197,active,ml:MLB4981698839:MLB7111645312,101,,,,,False,AUTORIA_NAO_COMPROVADA_NAO_INFERIR_CUSTOM_PRICE
MLB7111648906,VTK012077,active,,94.99,,,,,False,AUTORIA_NAO_COMPROVADA_NAO_INFERIR_CUSTOM_PRICE
MLB4880586679,VTK004008,active,ml:MLB4880586679:MLB7111645354,118.98,,,,,False,AUTORIA_NAO_COMPROVADA_NAO_INFERIR_CUSTOM_PRICE
MLB4880582825,VTK012423,active,ml:MLB4880582825:MLB7111657780,101,,,,,False,AUTORIA_NAO_COMPROVADA_NAO_INFERIR_CUSTOM_PRICE
MLB7111707394,VTK012292,active,ml:MLB4880563289:MLB7111707394,79,,,,,False,AUTORIA_NAO_COMPROVADA_NAO_INFERIR_CUSTOM_PRICE
MLB4903797415,VTK016001,active,item:MLB4903797415,118.8,,,,,False,AUTORIA_NAO_COMPROVADA_NAO_INFERIR_CUSTOM_PRICE
MLB4880632531,VTK012330,active,ml:MLB4857542449:MLB4880632531,102,,,,,False,AUTORIA_NAO_COMPROVADA_NAO_INFERIR_CUSTOM_PRICE
MLB6646507824,VTK001715,active,ml:MLB6563437468:MLB6646507824,92,,,,,False,AUTORIA_NAO_COMPROVADA_NAO_INFERIR_CUSTOM_PRICE
MLB4880586473,VTK012456,active,ml:MLB4880586473:MLB7111648772,89,,,,,False,AUTORIA_NAO_COMPROVADA_NAO_INFERIR_CUSTOM_PRICE
MLB4894910365,VTK016245,active,item:MLB4894910365,104.37,,,,,False,AUTORIA_NAO_COMPROVADA_NAO_INFERIR_CUSTOM_PRICE
MLB7149367672,VTK001792,active,ml:MLB7111648824:MLB7149367672,78.9,,,,,False,AUTORIA_NAO_COMPROVADA_NAO_INFERIR_CUSTOM_PRICE
MLB7111657780,VTK012423,active,ml:MLB4880582825:MLB7111657780,101,,,,,False,AUTORIA_NAO_COMPROVADA_NAO_INFERIR_CUSTOM_PRICE
MLB7149333360,VTK002605,active,ml:MLB7111648870:MLB7149333360,92.55,,,,,False,AUTORIA_NAO_COMPROVADA_NAO_INFERIR_CUSTOM_PRICE
MLB7095325368,VTK001035,active,,103.39,,,,,False,AUTORIA_NAO_COMPROVADA_NAO_INFERIR_CUSTOM_PRICE
MLB7111706604,VTK012158,active,ml:MLB7111706604:MLB7314823006,94,,,,,False,AUTORIA_NAO_COMPROVADA_NAO_INFERIR_CUSTOM_PRICE
MLB4857542449,VTK012330,active,ml:MLB4857542449:MLB4880632531,102,,,,,False,AUTORIA_NAO_COMPROVADA_NAO_INFERIR_CUSTOM_PRICE
MLB4907843137,VTK009697,active,,92.63,,,,,False,AUTORIA_NAO_COMPROVADA_NAO_INFERIR_CUSTOM_PRICE
MLB7145205372,VTK012120,active,ml:MLB5079124731:MLB7145205372,114.45,,,,,False,AUTORIA_NAO_COMPROVADA_NAO_INFERIR_CUSTOM_PRICE
MLB7111648772,VTK012456,active,ml:MLB4880586473:MLB7111648772,89,,,,,False,AUTORIA_NAO_COMPROVADA_NAO_INFERIR_CUSTOM_PRICE
MLB7149328342,VTK012494,active,,91.21,,,,,False,AUTORIA_NAO_COMPROVADA_NAO_INFERIR_CUSTOM_PRICE
MLB7111648824,VTK001792,active,ml:MLB7111648824:MLB7149367672,78.9,,,,,False,AUTORIA_NAO_COMPROVADA_NAO_INFERIR_CUSTOM_PRICE
MLB7111648792,VTK012021,active,ml:MLB7111648792:MLB7313979306,78.9,,,,,False,AUTORIA_NAO_COMPROVADA_NAO_INFERIR_CUSTOM_PRICE
MLB6563437468,VTK001715,active,ml:MLB6563437468:MLB6646507824,92,,,,,False,AUTORIA_NAO_COMPROVADA_NAO_INFERIR_CUSTOM_PRICE
MLB4880581435,VTK004382,active,ml:MLB4880581435:MLB7111706668,89,,,,,False,AUTORIA_NAO_COMPROVADA_NAO_INFERIR_CUSTOM_PRICE
MLB7086959336,VTK000115,active,ml:MLB4981704163:MLB7086959336,94.36,,,,,False,AUTORIA_NAO_COMPROVADA_NAO_INFERIR_CUSTOM_PRICE
MLB7101696502,VTK000367,active,,101.42,,,,,False,AUTORIA_NAO_COMPROVADA_NAO_INFERIR_CUSTOM_PRICE
MLB7111706684,VTK012560,active,,107.05,,,,,False,AUTORIA_NAO_COMPROVADA_NAO_INFERIR_CUSTOM_PRICE
MLB7111648626,VTK012055,active,item:MLB7111648626,90,,,,,False,AUTORIA_NAO_COMPROVADA_NAO_INFERIR_CUSTOM_PRICE
MLB4877415313,VTK002299,active,item:MLB4877415313,100.74,,,,,False,AUTORIA_NAO_COMPROVADA_NAO_INFERIR_CUSTOM_PRICE
MLB7111648806,VTK012010,active,ml:MLB4981702287:MLB7111648806,78.9,,,,,False,AUTORIA_NAO_COMPROVADA_NAO_INFERIR_CUSTOM_PRICE
MLB7111706668,VTK004382,active,ml:MLB4880581435:MLB7111706668,89,,,,,False,AUTORIA_NAO_COMPROVADA_NAO_INFERIR_CUSTOM_PRICE
MLB7095340348,VTK000390,active,,109.01,,,,,False,AUTORIA_NAO_COMPROVADA_NAO_INFERIR_CUSTOM_PRICE
MLB7149329622,VTK004335,active,ml:MLB7111661114:MLB7149329622,95,,,,,False,AUTORIA_NAO_COMPROVADA_NAO_INFERIR_CUSTOM_PRICE
MLB7111648848,VTK012477,active,item:MLB7111648848,112.74,,,,,False,AUTORIA_NAO_COMPROVADA_NAO_INFERIR_CUSTOM_PRICE
MLB7111661238,VTK012559,active,item:MLB7111661238,78.9,,,,,False,AUTORIA_NAO_COMPROVADA_NAO_INFERIR_CUSTOM_PRICE
MLB7111661166,VTK012583,active,ml:MLB5131491715:MLB7111661166,78.9,,,,,False,AUTORIA_NAO_COMPROVADA_NAO_INFERIR_CUSTOM_PRICE
MLB6563424810,VTK002836,active,ml:MLB5034094537:MLB6563424810,101,,,,,False,AUTORIA_NAO_COMPROVADA_NAO_INFERIR_CUSTOM_PRICE
MLB4786776935,VTK000004,active,,116.68,,,,,False,AUTORIA_NAO_COMPROVADA_NAO_INFERIR_CUSTOM_PRICE
MLB7111645306,VTK012436,active,item:MLB7111645306,99,,,,,False,AUTORIA_NAO_COMPROVADA_NAO_INFERIR_CUSTOM_PRICE
MLB7149329782,VTK012318,active,ml:MLB7111657872:MLB7149329782,94.35,,,,,False,AUTORIA_NAO_COMPROVADA_NAO_INFERIR_CUSTOM_PRICE
MLB7111648870,VTK002605,active,ml:MLB7111648870:MLB7149333360,92.55,,,,,False,AUTORIA_NAO_COMPROVADA_NAO_INFERIR_CUSTOM_PRICE
MLB4841998927,VTK000390,active,,109.01,,,,,False,AUTORIA_NAO_COMPROVADA_NAO_INFERIR_CUSTOM_PRICE
MLB7111706660,VTK012740,active,ml:MLB4881447251:MLB7111706660,103,,,,,False,AUTORIA_NAO_COMPROVADA_NAO_INFERIR_CUSTOM_PRICE
MLB7111706638,VTK012719,active,item:MLB7111706638,95,,,,,False,AUTORIA_NAO_COMPROVADA_NAO_INFERIR_CUSTOM_PRICE
MLB4786778733,VTK000009,active,,104.65,,,,,False,AUTORIA_NAO_COMPROVADA_NAO_INFERIR_CUSTOM_PRICE
MLB4880565027,VTK012125,active,,117.16,,,,,False,AUTORIA_NAO_COMPROVADA_NAO_INFERIR_CUSTOM_PRICE
MLB7149367764,VTK004119,active,ml:MLB7111648570:MLB7149367764,96,,,,,False,AUTORIA_NAO_COMPROVADA_NAO_INFERIR_CUSTOM_PRICE
MLB4877529417,VTK012072,active,item:MLB4877529417,78.9,,,,,False,AUTORIA_NAO_COMPROVADA_NAO_INFERIR_CUSTOM_PRICE
MLB7111661128,VTK012509,active,ml:MLB7111661128:MLB7298190174,95,,,,,False,AUTORIA_NAO_COMPROVADA_NAO_INFERIR_CUSTOM_PRICE
MLB7111648686,VTK012716,active,ml:MLB7111648686:MLB7391077704,96,,,,,False,AUTORIA_NAO_COMPROVADA_NAO_INFERIR_CUSTOM_PRICE
MLB7111648730,VTK003176,active,item:MLB7111648730,103.28,,,,,False,AUTORIA_NAO_COMPROVADA_NAO_INFERIR_CUSTOM_PRICE
MLB7149405178,VTK004163,active,ml:MLB4857542473:MLB7149405178,99,,,,,False,AUTORIA_NAO_COMPROVADA_NAO_INFERIR_CUSTOM_PRICE
MLB7111657872,VTK012318,active,ml:MLB7111657872:MLB7149329782,94.35,,,,,False,AUTORIA_NAO_COMPROVADA_NAO_INFERIR_CUSTOM_PRICE
MLB7111645204,VTK003604,active,item:MLB7111645204,105,,,,,False,AUTORIA_NAO_COMPROVADA_NAO_INFERIR_CUSTOM_PRICE
MLB4772557417,VTK000009,active,,104.65,,,,,False,AUTORIA_NAO_COMPROVADA_NAO_INFERIR_CUSTOM_PRICE
MLB7111661040,VTK012459,active,item:MLB7111661040,97,,,,,False,AUTORIA_NAO_COMPROVADA_NAO_INFERIR_CUSTOM_PRICE
MLB7149333550,VTK003640,active,ml:MLB7111648574:MLB7149333550,98,,,,,False,AUTORIA_NAO_COMPROVADA_NAO_INFERIR_CUSTOM_PRICE
MLB7111648586,VTK012533,active,item:MLB7111648586,95,,,,,False,AUTORIA_NAO_COMPROVADA_NAO_INFERIR_CUSTOM_PRICE
MLB7111648600,VTK012724,active,item:MLB7111648600,97,,,,,False,AUTORIA_NAO_COMPROVADA_NAO_INFERIR_CUSTOM_PRICE
MLB7184752622,VTK016051,active,item:MLB7184752622,117,,,,,False,AUTORIA_NAO_COMPROVADA_NAO_INFERIR_CUSTOM_PRICE
MLB7111657728,VTK012125,active,,117.16,,,,,False,AUTORIA_NAO_COMPROVADA_NAO_INFERIR_CUSTOM_PRICE
MLB7111657816,VTK012732,active,ml:MLB7111657816:MLB7437026312,104,,,,,False,AUTORIA_NAO_COMPROVADA_NAO_INFERIR_CUSTOM_PRICE
MLB4841979915,VTK000500,active,ml:MLB4841979915:MLB4898612933,105,,,,,False,AUTORIA_NAO_COMPROVADA_NAO_INFERIR_CUSTOM_PRICE
MLB4903795319,VTK016198,active,item:MLB4903795319,114.64,,,,,False,AUTORIA_NAO_COMPROVADA_NAO_INFERIR_CUSTOM_PRICE
MLB7184743498,VTK016055,active,item:MLB7184743498,115,,,,,False,AUTORIA_NAO_COMPROVADA_NAO_INFERIR_CUSTOM_PRICE
MLB7111648574,VTK003640,active,ml:MLB7111648574:MLB7149333550,98,,,,,False,AUTORIA_NAO_COMPROVADA_NAO_INFERIR_CUSTOM_PRICE
MLB7087130184,VTK001035,active,,103.39,,,,,False,AUTORIA_NAO_COMPROVADA_NAO_INFERIR_CUSTOM_PRICE
MLB7086773016,VTK000010,active,,122.88,,,,,False,AUTORIA_NAO_COMPROVADA_NAO_INFERIR_CUSTOM_PRICE
MLB7184721644,VTK016192,active,item:MLB7184721644,114,,,,,False,AUTORIA_NAO_COMPROVADA_NAO_INFERIR_CUSTOM_PRICE
MLB4877415769,VTK012139,active,item:MLB4877415769,96,,,,,False,AUTORIA_NAO_COMPROVADA_NAO_INFERIR_CUSTOM_PRICE
MLB7149329698,VTK012516,active,,95.65,,,,,False,AUTORIA_NAO_COMPROVADA_NAO_INFERIR_CUSTOM_PRICE
MLB4898612933,VTK000500,active,ml:MLB4841979915:MLB4898612933,105,,,,,False,AUTORIA_NAO_COMPROVADA_NAO_INFERIR_CUSTOM_PRICE
MLB4857530925,VTK002451,active,item:MLB4857530925,127.68,,,,,False,AUTORIA_NAO_COMPROVADA_NAO_INFERIR_CUSTOM_PRICE
MLB7184721378,VTK016021,active,item:MLB7184721378,144.93,,,,,False,AUTORIA_NAO_COMPROVADA_NAO_INFERIR_CUSTOM_PRICE
MLB7149264172,VTK000505,active,,104.66,,,,,False,AUTORIA_NAO_COMPROVADA_NAO_INFERIR_CUSTOM_PRICE
MLB7149329670,VTK003295,active,ml:MLB7111658082:MLB7149329670,98,,,,,False,AUTORIA_NAO_COMPROVADA_NAO_INFERIR_CUSTOM_PRICE
MLB7111706548,VTK012737,active,item:MLB7111706548,97,,,,,False,AUTORIA_NAO_COMPROVADA_NAO_INFERIR_CUSTOM_PRICE
MLB7149367836,VTK003320,active,ml:MLB7111645406:MLB7149367836,89.56,,,,,False,AUTORIA_NAO_COMPROVADA_NAO_INFERIR_CUSTOM_PRICE
MLB7101696838,VTK001748,active,ml:MLB4842175573:MLB7101696838,130.6,,,,,False,AUTORIA_NAO_COMPROVADA_NAO_INFERIR_CUSTOM_PRICE
MLB7076175412,VTK000010,active,,122.88,,,,,False,AUTORIA_NAO_COMPROVADA_NAO_INFERIR_CUSTOM_PRICE
MLB4857542379,VTK012743,active,item:MLB4857542379,106,,,,,False,AUTORIA_NAO_COMPROVADA_NAO_INFERIR_CUSTOM_PRICE
MLB7111657740,VTK012270,active,item:MLB7111657740,107,,,,,False,AUTORIA_NAO_COMPROVADA_NAO_INFERIR_CUSTOM_PRICE
MLB7111658002,VTK012593,active,ml:MLB7111658002:MLB7330397702,99,,,,,False,AUTORIA_NAO_COMPROVADA_NAO_INFERIR_CUSTOM_PRICE
MLB4897325977,VTK001499,active,,94.93,,,,,False,AUTORIA_NAO_COMPROVADA_NAO_INFERIR_CUSTOM_PRICE
MLB7111658082,VTK003295,active,ml:MLB7111658082:MLB7149329670,98,,,,,False,AUTORIA_NAO_COMPROVADA_NAO_INFERIR_CUSTOM_PRICE
MLB7111645406,VTK003320,active,ml:MLB7111645406:MLB7149367836,89.56,,,,,False,AUTORIA_NAO_COMPROVADA_NAO_INFERIR_CUSTOM_PRICE
MLB7111706576,VTK012726,active,item:MLB7111706576,98,,,,,False,AUTORIA_NAO_COMPROVADA_NAO_INFERIR_CUSTOM_PRICE
MLB4880632511,VTK012388,active,ml:MLB4857542461:MLB4880632511,103,,,,,False,AUTORIA_NAO_COMPROVADA_NAO_INFERIR_CUSTOM_PRICE
MLB7111645502,VTK012442,active,,100.84,,,,,False,AUTORIA_NAO_COMPROVADA_NAO_INFERIR_CUSTOM_PRICE
MLB7111645274,VTK012735,active,item:MLB7111645274,103,,,,,False,AUTORIA_NAO_COMPROVADA_NAO_INFERIR_CUSTOM_PRICE
MLB6655134296,VTK000791,active,ml:MLB6573096520:MLB6655134296,115.84,,,,,False,AUTORIA_NAO_COMPROVADA_NAO_INFERIR_CUSTOM_PRICE
MLB4880632473,VTK012598,active,ml:MLB4857542597:MLB4880632473,119.8,,,,,False,AUTORIA_NAO_COMPROVADA_NAO_INFERIR_CUSTOM_PRICE
MLB7111658014,VTK012711,active,item:MLB7111658014,97,,,,,False,AUTORIA_NAO_COMPROVADA_NAO_INFERIR_CUSTOM_PRICE
MLB4880564817,VTK002015,active,ml:MLB4880564817:MLB7111661062,95.29,,,,,False,AUTORIA_NAO_COMPROVADA_NAO_INFERIR_CUSTOM_PRICE
MLB4841993159,VTK000541,active,,104.66,,,,,False,AUTORIA_NAO_COMPROVADA_NAO_INFERIR_CUSTOM_PRICE
MLB7149329760,VTK012407,active,ml:MLB7111657978:MLB7149329760,93.21,,,,,False,AUTORIA_NAO_COMPROVADA_NAO_INFERIR_CUSTOM_PRICE
MLB4621151913,VTK006301,active,,106.08,,,,,False,AUTORIA_NAO_COMPROVADA_NAO_INFERIR_CUSTOM_PRICE
MLB7111661062,VTK002015,active,ml:MLB4880564817:MLB7111661062,95.29,,,,,False,AUTORIA_NAO_COMPROVADA_NAO_INFERIR_CUSTOM_PRICE
MLB7111661022,VTK012601,active,item:MLB7111661022,98.14,,,,,False,AUTORIA_NAO_COMPROVADA_NAO_INFERIR_CUSTOM_PRICE
MLB7184717988,VTK016002,active,item:MLB7184717988,128.34,,,,,False,AUTORIA_NAO_COMPROVADA_NAO_INFERIR_CUSTOM_PRICE
MLB7111657978,VTK012407,active,ml:MLB7111657978:MLB7149329760,93.21,,,,,False,AUTORIA_NAO_COMPROVADA_NAO_INFERIR_CUSTOM_PRICE
MLB7149374578,VTK012278,active,ml:MLB4857542629:MLB7149374578,93.53,,,,,False,AUTORIA_NAO_COMPROVADA_NAO_INFERIR_CUSTOM_PRICE
MLB6565496964,VTK006301,active,,106.08,,,,,False,AUTORIA_NAO_COMPROVADA_NAO_INFERIR_CUSTOM_PRICE
MLB7149367806,VTK012071,active,ml:MLB7111645438:MLB7149367806,123.11,,,,,False,AUTORIA_NAO_COMPROVADA_NAO_INFERIR_CUSTOM_PRICE
MLB7111658092,VTK012005,active,ml:MLB7111658092:MLB7314821136,91.87,,,,,False,AUTORIA_NAO_COMPROVADA_NAO_INFERIR_CUSTOM_PRICE
MLB7111645336,VTK012710,active,,106.66,,,,,False,AUTORIA_NAO_COMPROVADA_NAO_INFERIR_CUSTOM_PRICE
MLB7111645438,VTK012071,active,ml:MLB7111645438:MLB7149367806,123.11,,,,,False,AUTORIA_NAO_COMPROVADA_NAO_INFERIR_CUSTOM_PRICE
MLB7111648864,VTK000094,active,ml:MLB7111648864:MLB7149367642,78.9,,,,,False,AUTORIA_NAO_COMPROVADA_NAO_INFERIR_CUSTOM_PRICE
MLB7111706856,VTK012002,active,ml:MLB7111706856:MLB7149328316,78.9,,,,,False,AUTORIA_NAO_COMPROVADA_NAO_INFERIR_CUSTOM_PRICE
MLB7111645478,VTK003109,active,item:MLB7111645478,108.41,,,,,False,AUTORIA_NAO_COMPROVADA_NAO_INFERIR_CUSTOM_PRICE
MLB4882821565,VTK012561,active,ml:MLB4882821565:MLB7111657512,112,,,,,False,AUTORIA_NAO_COMPROVADA_NAO_INFERIR_CUSTOM_PRICE
MLB7111661864,VTK012398,active,ml:MLB4880564317:MLB7111661864,79,,,,,False,AUTORIA_NAO_COMPROVADA_NAO_INFERIR_CUSTOM_PRICE
MLB7111645354,VTK004008,active,ml:MLB4880586679:MLB7111645354,118.98,,,,,False,AUTORIA_NAO_COMPROVADA_NAO_INFERIR_CUSTOM_PRICE
MLB4857542629,VTK012278,active,ml:MLB4857542629:MLB7149374578,93.53,,,,,False,AUTORIA_NAO_COMPROVADA_NAO_INFERIR_CUSTOM_PRICE
MLB7087038554,VTK000367,active,,101.42,,,,,False,AUTORIA_NAO_COMPROVADA_NAO_INFERIR_CUSTOM_PRICE
MLB7111706810,VTK012494,active,,91.21,,,,,False,AUTORIA_NAO_COMPROVADA_NAO_INFERIR_CUSTOM_PRICE
MLB7111661114,VTK004335,active,ml:MLB7111661114:MLB7149329622,95,,,,,False,AUTORIA_NAO_COMPROVADA_NAO_INFERIR_CUSTOM_PRICE
MLB6955942282,VTK000004,active,,116.68,,,,,False,AUTORIA_NAO_COMPROVADA_NAO_INFERIR_CUSTOM_PRICE
MLB7111648570,VTK004119,active,ml:MLB7111648570:MLB7149367764,96,,,,,False,AUTORIA_NAO_COMPROVADA_NAO_INFERIR_CUSTOM_PRICE
MLB7111658060,VTK012516,active,,95.65,,,,,False,AUTORIA_NAO_COMPROVADA_NAO_INFERIR_CUSTOM_PRICE
MLB4842175573,VTK001748,active,ml:MLB4842175573:MLB7101696838,130.6,,,,,False,AUTORIA_NAO_COMPROVADA_NAO_INFERIR_CUSTOM_PRICE
MLB6573096520,VTK000791,active,ml:MLB6573096520:MLB6655134296,115.84,,,,,False,AUTORIA_NAO_COMPROVADA_NAO_INFERIR_CUSTOM_PRICE
MLB4857542473,VTK004163,active,ml:MLB4857542473:MLB7149405178,99,,,,,False,AUTORIA_NAO_COMPROVADA_NAO_INFERIR_CUSTOM_PRICE
MLB4857542461,VTK012388,active,ml:MLB4857542461:MLB4880632511,103,,,,,False,AUTORIA_NAO_COMPROVADA_NAO_INFERIR_CUSTOM_PRICE
MLB4857542597,VTK012598,active,ml:MLB4857542597:MLB4880632473,119.8,,,,,False,AUTORIA_NAO_COMPROVADA_NAO_INFERIR_CUSTOM_PRICE
MLB4857624429,VTK001675,active,,40.98,,,,,False,AUTORIA_NAO_COMPROVADA_NAO_INFERIR_CUSTOM_PRICE
MLB7009337154,VTK000505,active,,104.66,,,,,False,AUTORIA_NAO_COMPROVADA_NAO_INFERIR_CUSTOM_PRICE
MLB7111657512,VTK012561,active,ml:MLB4882821565:MLB7111657512,112,,,,,False,AUTORIA_NAO_COMPROVADA_NAO_INFERIR_CUSTOM_PRICE
MLB4857623619,VTK003761,active,item:MLB4857623619,42.95,,,,,False,AUTORIA_NAO_COMPROVADA_NAO_INFERIR_CUSTOM_PRICE
MLB4857623663,VTK003173,active,,46.39,,,,,False,AUTORIA_NAO_COMPROVADA_NAO_INFERIR_CUSTOM_PRICE
MLB4880526839,VTK012103,active,ml:MLB4880526839:MLB7111713070,45.64,,,,,False,AUTORIA_NAO_COMPROVADA_NAO_INFERIR_CUSTOM_PRICE
MLB7111712134,VTK012379,active,item:MLB7111712134,44,,,,,False,AUTORIA_NAO_COMPROVADA_NAO_INFERIR_CUSTOM_PRICE
MLB7111712050,VTK012268,active,item:MLB7111712050,45,,,,,False,AUTORIA_NAO_COMPROVADA_NAO_INFERIR_CUSTOM_PRICE
MLB4886661521,VTK002875,active,ml:MLB4857635903:MLB4886661521,63.21,,,,,False,AUTORIA_NAO_COMPROVADA_NAO_INFERIR_CUSTOM_PRICE
MLB4857623189,VTK011992,active,item:MLB4857623189,45.87,,,,,False,AUTORIA_NAO_COMPROVADA_NAO_INFERIR_CUSTOM_PRICE
MLB7111713070,VTK012103,active,ml:MLB4880526839:MLB7111713070,45.64,,,,,False,AUTORIA_NAO_COMPROVADA_NAO_INFERIR_CUSTOM_PRICE
MLB4880589945,VTK009756,active,ml:MLB4857643951:MLB4880589945,46,,,,,False,AUTORIA_NAO_COMPROVADA_NAO_INFERIR_CUSTOM_PRICE
MLB4857636577,VTK012033,active,ml:MLB4857636577:MLB7317384588,45,,,,,False,AUTORIA_NAO_COMPROVADA_NAO_INFERIR_CUSTOM_PRICE
MLB7149274194,VTK000051,active,ml:MLB7111712074:MLB7149274194,44,,,,,False,AUTORIA_NAO_COMPROVADA_NAO_INFERIR_CUSTOM_PRICE
MLB7111712120,VTK012065,active,item:MLB7111712120,45,,,,,False,AUTORIA_NAO_COMPROVADA_NAO_INFERIR_CUSTOM_PRICE
MLB7149338366,VTK012607,active,ml:MLB4857635587:MLB7149338366,46,,,,,False,AUTORIA_NAO_COMPROVADA_NAO_INFERIR_CUSTOM_PRICE
MLB4857635903,VTK002875,active,ml:MLB4857635903:MLB4886661521,63.21,,,,,False,AUTORIA_NAO_COMPROVADA_NAO_INFERIR_CUSTOM_PRICE
MLB4880527031,VTK000082,active,ml:MLB4880527031:MLB7111711864,47,,,,,False,AUTORIA_NAO_COMPROVADA_NAO_INFERIR_CUSTOM_PRICE
MLB7111712074,VTK000051,active,ml:MLB7111712074:MLB7149274194,44,,,,,False,AUTORIA_NAO_COMPROVADA_NAO_INFERIR_CUSTOM_PRICE
MLB4857623479,VTK002834,active,ml:MLB4857623479:MLB7314823234,45,,,,,False,AUTORIA_NAO_COMPROVADA_NAO_INFERIR_CUSTOM_PRICE
MLB4857623367,VTK002101,active,item:MLB4857623367,48.22,,,,,False,AUTORIA_NAO_COMPROVADA_NAO_INFERIR_CUSTOM_PRICE
MLB4882821667,VTK001435,active,ml:MLB4857623207:MLB4882821667,47,,,,,False,AUTORIA_NAO_COMPROVADA_NAO_INFERIR_CUSTOM_PRICE
MLB4857635587,VTK012607,active,ml:MLB4857635587:MLB7149338366,46,,,,,False,AUTORIA_NAO_COMPROVADA_NAO_INFERIR_CUSTOM_PRICE
MLB7111712014,VTK001621,active,,47.87,,,,,False,AUTORIA_NAO_COMPROVADA_NAO_INFERIR_CUSTOM_PRICE
MLB4857643951,VTK009756,active,ml:MLB4857643951:MLB4880589945,46,,,,,False,AUTORIA_NAO_COMPROVADA_NAO_INFERIR_CUSTOM_PRICE
MLB7111709592,VTK012497,active,,60.72,,,,,False,AUTORIA_NAO_COMPROVADA_NAO_INFERIR_CUSTOM_PRICE
MLB4857623203,VTK012119,active,ml:MLB4857623203:MLB7313979680,46,,,,,False,AUTORIA_NAO_COMPROVADA_NAO_INFERIR_CUSTOM_PRICE
MLB7111711876,VTK012300,active,item:MLB7111711876,49,,,,,False,AUTORIA_NAO_COMPROVADA_NAO_INFERIR_CUSTOM_PRICE
MLB7184613606,VTK016200,active,item:MLB7184613606,45.81,,,,,False,AUTORIA_NAO_COMPROVADA_NAO_INFERIR_CUSTOM_PRICE
MLB7149339336,VTK005712,active,ml:MLB4857623177:MLB7149339336,42,,,,,False,AUTORIA_NAO_COMPROVADA_NAO_INFERIR_CUSTOM_PRICE
MLB4857623177,VTK005712,active,ml:MLB4857623177:MLB7149339336,42,,,,,False,AUTORIA_NAO_COMPROVADA_NAO_INFERIR_CUSTOM_PRICE
MLB7149338436,VTK004026,active,ml:MLB4857635399:MLB7149338436,42,,,,,False,AUTORIA_NAO_COMPROVADA_NAO_INFERIR_CUSTOM_PRICE
MLB7111662590,VTK012730,active,item:MLB7111662590,63,,,,,False,AUTORIA_NAO_COMPROVADA_NAO_INFERIR_CUSTOM_PRICE
MLB4857635399,VTK004026,active,ml:MLB4857635399:MLB7149338436,42,,,,,False,AUTORIA_NAO_COMPROVADA_NAO_INFERIR_CUSTOM_PRICE
MLB7111711864,VTK000082,active,ml:MLB4880527031:MLB7111711864,47,,,,,False,AUTORIA_NAO_COMPROVADA_NAO_INFERIR_CUSTOM_PRICE
MLB7111708146,VTK012594,active,ml:MLB7111708146:MLB7313984042,63,,,,,False,AUTORIA_NAO_COMPROVADA_NAO_INFERIR_CUSTOM_PRICE
MLB7157761130,VTK002250,active,ml:MLB4857623129:MLB7157761130,36.91,,,,,False,AUTORIA_NAO_COMPROVADA_NAO_INFERIR_CUSTOM_PRICE
MLB4857623207,VTK001435,active,ml:MLB4857623207:MLB4882821667,47,,,,,False,AUTORIA_NAO_COMPROVADA_NAO_INFERIR_CUSTOM_PRICE
MLB4772728821,VTK009683,active,ml:MLB4772728821:MLB4786778603,67,,,,,False,AUTORIA_NAO_COMPROVADA_NAO_INFERIR_CUSTOM_PRICE
MLB7111650264,VTK012733,active,item:MLB7111650264,63,,,,,False,AUTORIA_NAO_COMPROVADA_NAO_INFERIR_CUSTOM_PRICE
MLB7111711978,VTK002820,active,item:MLB7111711978,47,,,,,False,AUTORIA_NAO_COMPROVADA_NAO_INFERIR_CUSTOM_PRICE
MLB4857623129,VTK002250,active,ml:MLB4857623129:MLB7157761130,36.91,,,,,False,AUTORIA_NAO_COMPROVADA_NAO_INFERIR_CUSTOM_PRICE
MLB7111649094,VTK012734,active,ml:MLB5079124701:MLB7111649094,78.9,,,,,False,AUTORIA_NAO_COMPROVADA_NAO_INFERIR_CUSTOM_PRICE
MLB7184613876,VTK016223,active,item:MLB7184613876,65.52,,,,,False,AUTORIA_NAO_COMPROVADA_NAO_INFERIR_CUSTOM_PRICE
MLB7111650556,VTK012655,active,item:MLB7111650556,79.2,,,,,False,AUTORIA_NAO_COMPROVADA_NAO_INFERIR_CUSTOM_PRICE
MLB7111708266,VTK000399,active,,64.56,,,,,False,AUTORIA_NAO_COMPROVADA_NAO_INFERIR_CUSTOM_PRICE
MLB7111649692,VTK012615,active,,66.39,,,,,False,AUTORIA_NAO_COMPROVADA_NAO_INFERIR_CUSTOM_PRICE
MLB7111649808,VTK012744,active,,67.1,,,,,False,AUTORIA_NAO_COMPROVADA_NAO_INFERIR_CUSTOM_PRICE
MLB7169880540,VTK016216,active,item:MLB7169880540,88.3,,,,,False,AUTORIA_NAO_COMPROVADA_NAO_INFERIR_CUSTOM_PRICE
MLB7111707868,VTK012747,active,,67.1,,,,,False,AUTORIA_NAO_COMPROVADA_NAO_INFERIR_CUSTOM_PRICE
MLB7111648946,VTK012328,active,item:MLB7111648946,78.9,,,,,False,AUTORIA_NAO_COMPROVADA_NAO_INFERIR_CUSTOM_PRICE
MLB7149333260,VTK000343,active,ml:MLB7111648914:MLB7149333260,78.9,,,,,False,AUTORIA_NAO_COMPROVADA_NAO_INFERIR_CUSTOM_PRICE
MLB7111648914,VTK000343,active,ml:MLB7111648914:MLB7149333260,78.9,,,,,False,AUTORIA_NAO_COMPROVADA_NAO_INFERIR_CUSTOM_PRICE
MLB4880564181,VTK000050,active,,69.18,,,,,False,AUTORIA_NAO_COMPROVADA_NAO_INFERIR_CUSTOM_PRICE
MLB4903792821,VTK016050,active,item:MLB4903792821,106.73,,,,,False,AUTORIA_NAO_COMPROVADA_NAO_INFERIR_CUSTOM_PRICE
MLB4880564131,VTK012658,active,ml:MLB4880564131:MLB7111662056,85.5,,,,,False,AUTORIA_NAO_COMPROVADA_NAO_INFERIR_CUSTOM_PRICE
MLB7111662056,VTK012658,active,ml:MLB4880564131:MLB7111662056,85.5,,,,,False,AUTORIA_NAO_COMPROVADA_NAO_INFERIR_CUSTOM_PRICE
MLB7111661992,VTK000050,active,,69.18,,,,,False,AUTORIA_NAO_COMPROVADA_NAO_INFERIR_CUSTOM_PRICE
MLB7149376418,VTK012183,active,ml:MLB7145205476:MLB7149376418,85.93,,,,,False,AUTORIA_NAO_COMPROVADA_NAO_INFERIR_CUSTOM_PRICE
MLB7111649042,VTK012429,active,,88.88,,,,,False,AUTORIA_NAO_COMPROVADA_NAO_INFERIR_CUSTOM_PRICE
MLB7184715412,VTK016115,active,item:MLB7184715412,89.15,,,,,False,AUTORIA_NAO_COMPROVADA_NAO_INFERIR_CUSTOM_PRICE
MLB7145205476,VTK012183,active,ml:MLB7145205476:MLB7149376418,85.93,,,,,False,AUTORIA_NAO_COMPROVADA_NAO_INFERIR_CUSTOM_PRICE
MLB7169860912,VTK016222,active,item:MLB7169860912,102.75,,,,,False,AUTORIA_NAO_COMPROVADA_NAO_INFERIR_CUSTOM_PRICE
MLB7111707566,VTK012791,active,,69.33,,,,,False,AUTORIA_NAO_COMPROVADA_NAO_INFERIR_CUSTOM_PRICE
MLB7149338556,VTK009725,active,ml:MLB4857631351:MLB7149338556,65,,,,,False,AUTORIA_NAO_COMPROVADA_NAO_INFERIR_CUSTOM_PRICE
MLB4857631351,VTK009725,active,ml:MLB4857631351:MLB7149338556,65,,,,,False,AUTORIA_NAO_COMPROVADA_NAO_INFERIR_CUSTOM_PRICE
MLB7111648964,VTK012745,active,ml:MLB7111648964:MLB7437026350,78.9,,,,,False,AUTORIA_NAO_COMPROVADA_NAO_INFERIR_CUSTOM_PRICE
MLB4880564667,VTK001570,active,ml:MLB4880564667:MLB7111661330,78.9,,,,,False,AUTORIA_NAO_COMPROVADA_NAO_INFERIR_CUSTOM_PRICE
MLB7111661330,VTK001570,active,ml:MLB4880564667:MLB7111661330,78.9,,,,,False,AUTORIA_NAO_COMPROVADA_NAO_INFERIR_CUSTOM_PRICE
MLB7111650126,VTK002219,active,item:MLB7111650126,83.93,,,,,False,AUTORIA_NAO_COMPROVADA_NAO_INFERIR_CUSTOM_PRICE
MLB4880581065,VTK001589,active,ml:MLB4880581065:MLB7111707646,65,,,,,False,AUTORIA_NAO_COMPROVADA_NAO_INFERIR_CUSTOM_PRICE
MLB7111649008,VTK003137,active,,91.92,,,,,False,AUTORIA_NAO_COMPROVADA_NAO_INFERIR_CUSTOM_PRICE
MLB7111706994,VTK000449,active,ml:MLB7111706994:MLB7313983342,101.8,,,,,False,AUTORIA_NAO_COMPROVADA_NAO_INFERIR_CUSTOM_PRICE
MLB7111707646,VTK001589,active,ml:MLB4880581065:MLB7111707646,65,,,,,False,AUTORIA_NAO_COMPROVADA_NAO_INFERIR_CUSTOM_PRICE
MLB7111707618,VTK012239,active,item:MLB7111707618,65,,,,,False,AUTORIA_NAO_COMPROVADA_NAO_INFERIR_CUSTOM_PRICE
MLB7217233526,VTK017226,active,item:MLB7217233526,34,,,,,False,AUTORIA_NAO_COMPROVADA_NAO_INFERIR_CUSTOM_PRICE
MLB7217233340,VTK017513,active,item:MLB7217233340,33,,,,,False,AUTORIA_NAO_COMPROVADA_NAO_INFERIR_CUSTOM_PRICE
MLB7217182694,VTK017191,active,ml:MLB7217182694:MLB7330115398,33.65,,,,,False,AUTORIA_NAO_COMPROVADA_NAO_INFERIR_CUSTOM_PRICE
MLB7216679780,VTK000696,active,ml:MLB5048998421:MLB7216679780,42,,,,,False,AUTORIA_NAO_COMPROVADA_NAO_INFERIR_CUSTOM_PRICE
MLB7216671126,VTK000822,active,item:MLB7216671126,42,,,,,False,AUTORIA_NAO_COMPROVADA_NAO_INFERIR_CUSTOM_PRICE
MLB7216666520,VTK000045,active,item:MLB7216666520,79.09,,,,,False,AUTORIA_NAO_COMPROVADA_NAO_INFERIR_CUSTOM_PRICE
MLB7216247120,VTK016138,active,ml:MLB7184612180:MLB7216247120,36.62,,,,,False,AUTORIA_NAO_COMPROVADA_NAO_INFERIR_CUSTOM_PRICE
MLB4923683591,VTK017381,active,item:MLB4923683591,34,,,,,False,AUTORIA_NAO_COMPROVADA_NAO_INFERIR_CUSTOM_PRICE
MLB4923527257,VTK016211,active,ml:MLB4903856059:MLB4923527257,335.97,,,,,False,AUTORIA_NAO_COMPROVADA_NAO_INFERIR_CUSTOM_PRICE
MLB4923526891,VTK016142,active,ml:MLB4923526891:MLB7184749700,196.14,,,,,False,AUTORIA_NAO_COMPROVADA_NAO_INFERIR_CUSTOM_PRICE
MLB4923465103,VTK016210,active,ml:MLB4903855675:MLB4923465103,294,,,,,False,AUTORIA_NAO_COMPROVADA_NAO_INFERIR_CUSTOM_PRICE
MLB4923465039,VTK016034,active,ml:MLB4923465039:MLB7184615198,53.19,,,,,False,AUTORIA_NAO_COMPROVADA_NAO_INFERIR_CUSTOM_PRICE
MLB7044869292,VTK009672,active,ml:MLB4773175289:MLB7044869292,112,,,,,False,AUTORIA_NAO_COMPROVADA_NAO_INFERIR_CUSTOM_PRICE
MLB4773175289,VTK009672,active,ml:MLB4773175289:MLB7044869292,112,,,,,False,AUTORIA_NAO_COMPROVADA_NAO_INFERIR_CUSTOM_PRICE
MLB7149368676,VTK012206,active,ml:MLB7111643390:MLB7149368676,448,,,,,False,AUTORIA_NAO_COMPROVADA_NAO_INFERIR_CUSTOM_PRICE
MLB7111643390,VTK012206,active,ml:MLB7111643390:MLB7149368676,448,,,,,False,AUTORIA_NAO_COMPROVADA_NAO_INFERIR_CUSTOM_PRICE
MLB7229867624,VTK009840,active,ml:MLB7229867624:MLB7400500870,1039,,,,,False,AUTORIA_NAO_COMPROVADA_NAO_INFERIR_CUSTOM_PRICE
MLB7229843758,VTK009909,active,ml:MLB7229843758:MLB7492666108,589.2,,,,,False,AUTORIA_NAO_COMPROVADA_NAO_INFERIR_CUSTOM_PRICE
MLB7229843632,VTK009908,active,ml:MLB5108988945:MLB7229843632,591.78,,,,,False,AUTORIA_NAO_COMPROVADA_NAO_INFERIR_CUSTOM_PRICE
MLB7229843102,VTK009839,active,ml:MLB7229843102:MLB7298176950,1012,,,,,False,AUTORIA_NAO_COMPROVADA_NAO_INFERIR_CUSTOM_PRICE
MLB7229842814,VTK009837,active,ml:MLB5048998323:MLB7229842814,1061.37,,,,,False,AUTORIA_NAO_COMPROVADA_NAO_INFERIR_CUSTOM_PRICE
MLB7229842566,VTK009835,active,item:MLB7229842566,711,,,,,False,AUTORIA_NAO_COMPROVADA_NAO_INFERIR_CUSTOM_PRICE
MLB7227857914,VTK013012,active,,277.19,,,,,False,AUTORIA_NAO_COMPROVADA_NAO_INFERIR_CUSTOM_PRICE
MLB7227725762,VTK012463,active,item:MLB7227725762,25,,,,,False,AUTORIA_NAO_COMPROVADA_NAO_INFERIR_CUSTOM_PRICE
MLB7227689886,VTK013097,active,ml:MLB7227689886:MLB7313979556,2699,,,,,False,AUTORIA_NAO_COMPROVADA_NAO_INFERIR_CUSTOM_PRICE
MLB7227689604,VTK012686,active,ml:MLB7227689604:MLB7339016458,44,,,,,False,AUTORIA_NAO_COMPROVADA_NAO_INFERIR_CUSTOM_PRICE
MLB7227306662,VTK012377,active,item:MLB7227306662,84.61,,,,,False,AUTORIA_NAO_COMPROVADA_NAO_INFERIR_CUSTOM_PRICE
MLB7227306200,VTK013052,active,ml:MLB7227306200:MLB7381239262,74.27,,,,,False,AUTORIA_NAO_COMPROVADA_NAO_INFERIR_CUSTOM_PRICE
MLB7227223740,VTK012195,active,item:MLB7227223740,37,,,,,False,AUTORIA_NAO_COMPROVADA_NAO_INFERIR_CUSTOM_PRICE
MLB7227173920,VTK012073,active,item:MLB7227173920,59,,,,,False,AUTORIA_NAO_COMPROVADA_NAO_INFERIR_CUSTOM_PRICE
MLB7226895558,VTK009834,active,item:MLB7226895558,699,,,,,False,AUTORIA_NAO_COMPROVADA_NAO_INFERIR_CUSTOM_PRICE
MLB4932006275,VTK009849,active,item:MLB4932006275,711,,,,,False,AUTORIA_NAO_COMPROVADA_NAO_INFERIR_CUSTOM_PRICE
MLB4932005863,VTK009838,active,ml:MLB4932005863:MLB7330398940,1012,,,,,False,AUTORIA_NAO_COMPROVADA_NAO_INFERIR_CUSTOM_PRICE
MLB4932005585,VTK009836,active,item:MLB4932005585,699,,,,,False,AUTORIA_NAO_COMPROVADA_NAO_INFERIR_CUSTOM_PRICE
MLB4931997979,VTK012530,active,ml:MLB4931997979:MLB7330397116,34,,,,,False,AUTORIA_NAO_COMPROVADA_NAO_INFERIR_CUSTOM_PRICE
MLB4930466627,VTK012228,active,item:MLB4930466627,38,,,,,False,AUTORIA_NAO_COMPROVADA_NAO_INFERIR_CUSTOM_PRICE
MLB4930465949,VTK013051,active,,65.81,,,,,False,AUTORIA_NAO_COMPROVADA_NAO_INFERIR_CUSTOM_PRICE
MLB4930461593,VTK013077,active,ml:MLB4930461593:MLB7314820046,54,,,,,False,AUTORIA_NAO_COMPROVADA_NAO_INFERIR_CUSTOM_PRICE
MLB4930460847,VTK013074,active,ml:MLB4930460847:MLB4987960069,40,,,,,False,AUTORIA_NAO_COMPROVADA_NAO_INFERIR_CUSTOM_PRICE
MLB4930420755,VTK012130,active,item:MLB4930420755,45,,,,,False,AUTORIA_NAO_COMPROVADA_NAO_INFERIR_CUSTOM_PRICE
MLB4930415681,VTK012074,active,,64.83,,,,,False,AUTORIA_NAO_COMPROVADA_NAO_INFERIR_CUSTOM_PRICE
MLB7239571716,VTK012547,active,,58.84,,,,,False,AUTORIA_NAO_COMPROVADA_NAO_INFERIR_CUSTOM_PRICE
MLB7239571018,VTK012523,active,item:MLB7239571018,42,,,,,False,AUTORIA_NAO_COMPROVADA_NAO_INFERIR_CUSTOM_PRICE
MLB7239096330,VTK017774,active,ml:MLB7239096330:MLB7316879752,419,,,,,False,AUTORIA_NAO_COMPROVADA_NAO_INFERIR_CUSTOM_PRICE
MLB7239070270,VTK018659,active,,165.19,,,,,False,AUTORIA_NAO_COMPROVADA_NAO_INFERIR_CUSTOM_PRICE
MLB7239070138,VTK017604,active,,59.51,,,,,False,AUTORIA_NAO_COMPROVADA_NAO_INFERIR_CUSTOM_PRICE
MLB7239069016,VTK017843,active,ml:MLB5148294775:MLB7239069016,428,,,,,False,AUTORIA_NAO_COMPROVADA_NAO_INFERIR_CUSTOM_PRICE
MLB7239068864,VTK017454,active,ml:MLB4942182107:MLB7239068864,45,,,,,False,AUTORIA_NAO_COMPROVADA_NAO_INFERIR_CUSTOM_PRICE
MLB7239068738,VTK019049,active,ml:MLB7239068738:MLB7253022130,991,,,,,False,AUTORIA_NAO_COMPROVADA_NAO_INFERIR_CUSTOM_PRICE
MLB7239066650,VTK018231,active,item:MLB7239066650,63.99,,,,,False,AUTORIA_NAO_COMPROVADA_NAO_INFERIR_CUSTOM_PRICE
MLB7239066390,VTK018727,active,ml:MLB4942204135:MLB7239066390,41,,,,,False,AUTORIA_NAO_COMPROVADA_NAO_INFERIR_CUSTOM_PRICE
MLB7239025646,VTK001157,active,,71.03,,,,,False,AUTORIA_NAO_COMPROVADA_NAO_INFERIR_CUSTOM_PRICE
MLB7239023860,VTK018132,active,ml:MLB4942204179:MLB7239023860,131,,,,,False,AUTORIA_NAO_COMPROVADA_NAO_INFERIR_CUSTOM_PRICE
MLB7239023352,VTK017537,active,,61.98,,,,,False,AUTORIA_NAO_COMPROVADA_NAO_INFERIR_CUSTOM_PRICE
MLB7239023028,VTK017224,active,,46.66,,,,,False,AUTORIA_NAO_COMPROVADA_NAO_INFERIR_CUSTOM_PRICE
MLB7239021130,VTK017962,active,ml:MLB4942204211:MLB7239021130,85.57,,,,,False,AUTORIA_NAO_COMPROVADA_NAO_INFERIR_CUSTOM_PRICE
MLB7239018872,VTK012908,active,,55.93,,,,,False,AUTORIA_NAO_COMPROVADA_NAO_INFERIR_CUSTOM_PRICE
MLB7239018444,VTK017739,active,ml:MLB4942204245:MLB7239018444,35,,,,,False,AUTORIA_NAO_COMPROVADA_NAO_INFERIR_CUSTOM_PRICE
MLB7239016738,VTK017576,active,,46.21,,,,,False,AUTORIA_NAO_COMPROVADA_NAO_INFERIR_CUSTOM_PRICE
MLB7239014924,VTK018759,active,ml:MLB7239014924:MLB7247345954,517,,,,,False,AUTORIA_NAO_COMPROVADA_NAO_INFERIR_CUSTOM_PRICE
MLB7239014302,VTK018245,active,ml:MLB7239014302:MLB7247345986,277,,,,,False,AUTORIA_NAO_COMPROVADA_NAO_INFERIR_CUSTOM_PRICE
MLB7239012274,VTK017792,active,ml:MLB7239012274:MLB7314820634,50,,,,,False,AUTORIA_NAO_COMPROVADA_NAO_INFERIR_CUSTOM_PRICE
MLB7239010726,VTK017225,active,ml:MLB4942204321:MLB7239010726,42,,,,,False,AUTORIA_NAO_COMPROVADA_NAO_INFERIR_CUSTOM_PRICE
MLB7239010396,VTK018758,active,ml:MLB4942204341:MLB7239010396,157,,,,,False,AUTORIA_NAO_COMPROVADA_NAO_INFERIR_CUSTOM_PRICE
MLB7239010048,VTK017186,active,ml:MLB7239010048:MLB7247346062,85.57,,,,,False,AUTORIA_NAO_COMPROVADA_NAO_INFERIR_CUSTOM_PRICE
MLB7239009906,VTK001736,active,,62.1,,,,,False,AUTORIA_NAO_COMPROVADA_NAO_INFERIR_CUSTOM_PRICE
MLB7239007694,VTK017228,active,ml:MLB4942204411:MLB7239007694,39,,,,,False,AUTORIA_NAO_COMPROVADA_NAO_INFERIR_CUSTOM_PRICE
MLB7239006272,VTK018555,active,ml:MLB7239006272:MLB7317390086,185,,,,,False,AUTORIA_NAO_COMPROVADA_NAO_INFERIR_CUSTOM_PRICE
MLB7239005854,VTK017688,active,ml:MLB4942182437:MLB7239005854,42,,,,,False,AUTORIA_NAO_COMPROVADA_NAO_INFERIR_CUSTOM_PRICE
MLB7239005768,VTK017323,active,ml:MLB7239005768:MLB7247346172,42,,,,,False,AUTORIA_NAO_COMPROVADA_NAO_INFERIR_CUSTOM_PRICE
MLB7239005700,VTK018492,active,ml:MLB7239005700:MLB7313972866,890,,,,,False,AUTORIA_NAO_COMPROVADA_NAO_INFERIR_CUSTOM_PRICE
MLB7239005588,VTK017640,active,ml:MLB7239005588:MLB7247346200,35,,,,,False,AUTORIA_NAO_COMPROVADA_NAO_INFERIR_CUSTOM_PRICE
MLB7239003838,VTK018969,active,ml:MLB7239003838:MLB7298177126,559,,,,,False,AUTORIA_NAO_COMPROVADA_NAO_INFERIR_CUSTOM_PRICE
MLB7239003680,VTK017886,active,ml:MLB4981702769:MLB7239003680,350,,,,,False,AUTORIA_NAO_COMPROVADA_NAO_INFERIR_CUSTOM_PRICE
MLB7239003366,VTK019180,active,ml:MLB7239003366:MLB7247346250,539,,,,,False,AUTORIA_NAO_COMPROVADA_NAO_INFERIR_CUSTOM_PRICE
MLB7239001698,VTK018384,active,,55.47,,,,,False,AUTORIA_NAO_COMPROVADA_NAO_INFERIR_CUSTOM_PRICE
MLB7239001348,VTK017992,active,ml:MLB4942182573:MLB7239001348,35,,,,,False,AUTORIA_NAO_COMPROVADA_NAO_INFERIR_CUSTOM_PRICE
MLB7238974268,VTK018674,active,ml:MLB4945582777:MLB7238974268,711,,,,,False,AUTORIA_NAO_COMPROVADA_NAO_INFERIR_CUSTOM_PRICE
MLB7238974184,VTK017254,active,ml:MLB4987960269:MLB7238974184,119,,,,,False,AUTORIA_NAO_COMPROVADA_NAO_INFERIR_CUSTOM_PRICE
MLB7238972596,VTK017978,active,item:MLB7238972596,113,,,,,False,AUTORIA_NAO_COMPROVADA_NAO_INFERIR_CUSTOM_PRICE
MLB7238972410,VTK018063,active,,47.94,,,,,False,AUTORIA_NAO_COMPROVADA_NAO_INFERIR_CUSTOM_PRICE
MLB7238970260,VTK018800,active,ml:MLB4942204637:MLB7238970260,790,,,,,False,AUTORIA_NAO_COMPROVADA_NAO_INFERIR_CUSTOM_PRICE
MLB7238970088,VTK019204,active,ml:MLB4986647191:MLB7238970088,690,,,,,False,AUTORIA_NAO_COMPROVADA_NAO_INFERIR_CUSTOM_PRICE
MLB7238969930,VTK018458,active,ml:MLB4981702363:MLB7238969930,304,,,,,False,AUTORIA_NAO_COMPROVADA_NAO_INFERIR_CUSTOM_PRICE
MLB7238968484,VTK017997,active,ml:MLB4942204669:MLB7238968484,390,,,,,False,AUTORIA_NAO_COMPROVADA_NAO_INFERIR_CUSTOM_PRICE
MLB7238968080,VTK000337,active,ml:MLB4942204703:MLB7238968080,52,,,,,False,AUTORIA_NAO_COMPROVADA_NAO_INFERIR_CUSTOM_PRICE
MLB7238967994,VTK017232,active,item:MLB7238967994,54,,,,,False,AUTORIA_NAO_COMPROVADA_NAO_INFERIR_CUSTOM_PRICE
MLB7238967728,VTK017338,active,ml:MLB4942182707:MLB7238967728,79,,,,,False,AUTORIA_NAO_COMPROVADA_NAO_INFERIR_CUSTOM_PRICE
MLB7238967636,VTK004200,active,item:MLB7238967636,849,,,,,False,AUTORIA_NAO_COMPROVADA_NAO_INFERIR_CUSTOM_PRICE
MLB7238965948,VTK017396,active,ml:MLB7238965948:MLB7298189920,53,,,,,False,AUTORIA_NAO_COMPROVADA_NAO_INFERIR_CUSTOM_PRICE
MLB7238965598,VTK002145,active,item:MLB7238965598,44,,,,,False,AUTORIA_NAO_COMPROVADA_NAO_INFERIR_CUSTOM_PRICE
MLB7238965498,VTK002166,active,item:MLB7238965498,36,,,,,False,AUTORIA_NAO_COMPROVADA_NAO_INFERIR_CUSTOM_PRICE
MLB7238964084,VTK017717,active,ml:MLB7238964084:MLB7381239398,217,,,,,False,AUTORIA_NAO_COMPROVADA_NAO_INFERIR_CUSTOM_PRICE
MLB7238963762,VTK017475,active,ml:MLB4947942215:MLB7238963762,1390,,,,,False,AUTORIA_NAO_COMPROVADA_NAO_INFERIR_CUSTOM_PRICE
MLB7238963230,VTK017182,active,ml:MLB7238963230:MLB7330399772,36,,,,,False,AUTORIA_NAO_COMPROVADA_NAO_INFERIR_CUSTOM_PRICE
MLB7238961532,VTK005073,active,item:MLB7238961532,48,,,,,False,AUTORIA_NAO_COMPROVADA_NAO_INFERIR_CUSTOM_PRICE
MLB7238910500,VTK018041,active,ml:MLB7238910500:MLB7247346484,299,,,,,False,AUTORIA_NAO_COMPROVADA_NAO_INFERIR_CUSTOM_PRICE
MLB7238909924,VTK000534,active,ml:MLB7238909924:MLB7314820764,38,,,,,False,AUTORIA_NAO_COMPROVADA_NAO_INFERIR_CUSTOM_PRICE
MLB7238909634,VTK004716,active,ml:MLB5048998203:MLB7238909634,102.44,,,,,False,AUTORIA_NAO_COMPROVADA_NAO_INFERIR_CUSTOM_PRICE
MLB7238896344,VTK018650,active,,63.72,,,,,False,AUTORIA_NAO_COMPROVADA_NAO_INFERIR_CUSTOM_PRICE
MLB7238889666,VTK020760,active,ml:MLB4942204815:MLB7238889666,103.88,,,,,False,AUTORIA_NAO_COMPROVADA_NAO_INFERIR_CUSTOM_PRICE
MLB7238889442,VTK000585,active,ml:MLB5048998307:MLB7238889442,110.13,,,,,False,AUTORIA_NAO_COMPROVADA_NAO_INFERIR_CUSTOM_PRICE
MLB7238889012,VTK018075,active,item:MLB7238889012,72.56,,,,,False,AUTORIA_NAO_COMPROVADA_NAO_INFERIR_CUSTOM_PRICE
MLB7238836080,VTK018349,active,ml:MLB4942212637:MLB7238836080,316,,,,,False,AUTORIA_NAO_COMPROVADA_NAO_INFERIR_CUSTOM_PRICE
MLB7238824470,VTK018080,active,ml:MLB4942212661:MLB7238824470,447,,,,,False,AUTORIA_NAO_COMPROVADA_NAO_INFERIR_CUSTOM_PRICE
MLB7238823924,VTK018009,active,ml:MLB4942182959:MLB7238823924,247,,,,,False,AUTORIA_NAO_COMPROVADA_NAO_INFERIR_CUSTOM_PRICE
MLB7238823730,VTK017861,active,,209.45,,,,,False,AUTORIA_NAO_COMPROVADA_NAO_INFERIR_CUSTOM_PRICE
MLB7238823266,VTK002611,active,ml:MLB7238823266:MLB7257135796,77.24,,,,,False,AUTORIA_NAO_COMPROVADA_NAO_INFERIR_CUSTOM_PRICE
MLB7238804632,VTK019038,active,ml:MLB4981703063:MLB7238804632,370,,,,,False,AUTORIA_NAO_COMPROVADA_NAO_INFERIR_CUSTOM_PRICE
MLB7238804114,VTK018503,active,ml:MLB4942183017:MLB7238804114,337,,,,,False,AUTORIA_NAO_COMPROVADA_NAO_INFERIR_CUSTOM_PRICE
MLB7238803510,VTK018588,active,item:MLB7238803510,490,,,,,False,AUTORIA_NAO_COMPROVADA_NAO_INFERIR_CUSTOM_PRICE
MLB7238802910,VTK018179,active,,165.4,,,,,False,AUTORIA_NAO_COMPROVADA_NAO_INFERIR_CUSTOM_PRICE
MLB7236458972,VTK012580,active,ml:MLB7111643256:MLB7236458972,655.17,,,,,False,AUTORIA_NAO_COMPROVADA_NAO_INFERIR_CUSTOM_PRICE
MLB7236458864,VTK016130,active,ml:MLB7184618616:MLB7236458864,57.5,,,,,False,AUTORIA_NAO_COMPROVADA_NAO_INFERIR_CUSTOM_PRICE
MLB7236458372,VTK001617,active,ml:MLB7111652370:MLB7236458372,55,,,,,False,AUTORIA_NAO_COMPROVADA_NAO_INFERIR_CUSTOM_PRICE
MLB7236458320,VTK016131,active,ml:MLB4903792263:MLB7236458320,106.9,,,,,False,AUTORIA_NAO_COMPROVADA_NAO_INFERIR_CUSTOM_PRICE
MLB4937922729,VTK012907,active,ml:MLB4937922729:MLB7317385664,424.65,,,,,False,AUTORIA_NAO_COMPROVADA_NAO_INFERIR_CUSTOM_PRICE
MLB4937865089,VTK012611,active,item:MLB4937865089,63,,,,,False,AUTORIA_NAO_COMPROVADA_NAO_INFERIR_CUSTOM_PRICE
MLB4937567207,VTK000478,active,ml:MLB4937567207:MLB4988015169,89,,,,,False,AUTORIA_NAO_COMPROVADA_NAO_INFERIR_CUSTOM_PRICE
MLB4937567111,VTK018559,active,ml:MLB4937567111:MLB4942212841,299,,,,,False,AUTORIA_NAO_COMPROVADA_NAO_INFERIR_CUSTOM_PRICE
MLB4937566873,VTK017910,active,item:MLB4937566873,2209.33,,,,,False,AUTORIA_NAO_COMPROVADA_NAO_INFERIR_CUSTOM_PRICE
MLB4937566765,VTK017909,active,ml:MLB4937566765:MLB4986647231,1270,,,,,False,AUTORIA_NAO_COMPROVADA_NAO_INFERIR_CUSTOM_PRICE
MLB4937565685,VTK018565,active,ml:MLB4937565685:MLB7381240568,699,,,,,False,AUTORIA_NAO_COMPROVADA_NAO_INFERIR_CUSTOM_PRICE
MLB4937565601,VTK017268,active,ml:MLB4937565601:MLB7320340944,557,,,,,False,AUTORIA_NAO_COMPROVADA_NAO_INFERIR_CUSTOM_PRICE
MLB4937565215,VTK017193,active,,40.35,,,,,False,AUTORIA_NAO_COMPROVADA_NAO_INFERIR_CUSTOM_PRICE
MLB4937563951,VTK018118,active,ml:MLB4937563951:MLB4942212903,61.73,,,,,False,AUTORIA_NAO_COMPROVADA_NAO_INFERIR_CUSTOM_PRICE
MLB4937563807,VTK017398,active,ml:MLB4937563807:MLB4942205239,45.6,,,,,False,AUTORIA_NAO_COMPROVADA_NAO_INFERIR_CUSTOM_PRICE
MLB4937563737,VTK018090,active,ml:MLB4937563737:MLB5048998199,76.9,,,,,False,AUTORIA_NAO_COMPROVADA_NAO_INFERIR_CUSTOM_PRICE
MLB4937563411,VTK003308,active,ml:MLB4937563411:MLB7298177184,137,,,,,False,AUTORIA_NAO_COMPROVADA_NAO_INFERIR_CUSTOM_PRICE
MLB4937561455,VTK000016,active,,46.24,,,,,False,AUTORIA_NAO_COMPROVADA_NAO_INFERIR_CUSTOM_PRICE
MLB4937561087,VTK017388,active,ml:MLB4937561087:MLB7313972262,67.81,,,,,False,AUTORIA_NAO_COMPROVADA_NAO_INFERIR_CUSTOM_PRICE
MLB4937560361,VTK002745,active,ml:MLB4937560361:MLB4942205407,290,,,,,False,AUTORIA_NAO_COMPROVADA_NAO_INFERIR_CUSTOM_PRICE
MLB4937558181,VTK018643,active,,62.18,,,,,False,AUTORIA_NAO_COMPROVADA_NAO_INFERIR_CUSTOM_PRICE
MLB4937556401,VTK017983,active,ml:MLB4937556401:MLB7381240592,1178,,,,,False,AUTORIA_NAO_COMPROVADA_NAO_INFERIR_CUSTOM_PRICE
MLB4937554555,VTK018278,active,ml:MLB4937554555:MLB4942205487,46,,,,,False,AUTORIA_NAO_COMPROVADA_NAO_INFERIR_CUSTOM_PRICE
MLB4937552987,VTK018829,active,item:MLB4937552987,419.72,,,,,False,AUTORIA_NAO_COMPROVADA_NAO_INFERIR_CUSTOM_PRICE
MLB4937552207,VTK004940,active,item:MLB4937552207,69.29,,,,,False,AUTORIA_NAO_COMPROVADA_NAO_INFERIR_CUSTOM_PRICE
MLB4937550225,VTK017386,active,ml:MLB4937550225:MLB7593393830,43,,,,,False,AUTORIA_NAO_COMPROVADA_NAO_INFERIR_CUSTOM_PRICE
MLB4937549367,VTK017162,active,,52.5,,,,,False,AUTORIA_NAO_COMPROVADA_NAO_INFERIR_CUSTOM_PRICE
MLB4937548153,VTK017455,active,ml:MLB4937548153:MLB7320224382,39,,,,,False,AUTORIA_NAO_COMPROVADA_NAO_INFERIR_CUSTOM_PRICE
MLB4937548087,VTK018979,active,ml:MLB4937548087:MLB4942205583,329,,,,,False,AUTORIA_NAO_COMPROVADA_NAO_INFERIR_CUSTOM_PRICE
MLB4937548015,VTK019132,active,ml:MLB4937548015:MLB4942183509,249,,,,,False,AUTORIA_NAO_COMPROVADA_NAO_INFERIR_CUSTOM_PRICE
MLB4937547931,VTK018981,active,ml:MLB4937547931:MLB4942183533,122,,,,,False,AUTORIA_NAO_COMPROVADA_NAO_INFERIR_CUSTOM_PRICE
MLB4937547671,VTK017932,active,ml:MLB4937547671:MLB4942213343,149.3,,,,,False,AUTORIA_NAO_COMPROVADA_NAO_INFERIR_CUSTOM_PRICE
MLB4937546181,VTK017218,active,,67.08,,,,,False,AUTORIA_NAO_COMPROVADA_NAO_INFERIR_CUSTOM_PRICE
MLB4937546111,VTK019115,active,ml:MLB4937546111:MLB4942183635,555,,,,,False,AUTORIA_NAO_COMPROVADA_NAO_INFERIR_CUSTOM_PRICE
MLB4937531879,VTK018637,active,ml:MLB4937531879:MLB4942205823,219.34,,,,,False,AUTORIA_NAO_COMPROVADA_NAO_INFERIR_CUSTOM_PRICE
MLB4937529073,VTK004012,active,ml:MLB4937529073:MLB4942205867,790,,,,,False,AUTORIA_NAO_COMPROVADA_NAO_INFERIR_CUSTOM_PRICE
MLB4937528811,VTK018086,active,ml:MLB4937528811:MLB4942205913,517,,,,,False,AUTORIA_NAO_COMPROVADA_NAO_INFERIR_CUSTOM_PRICE
MLB4937527103,VTK018595,active,ml:MLB4937527103:MLB4942183783,711,,,,,False,AUTORIA_NAO_COMPROVADA_NAO_INFERIR_CUSTOM_PRICE
MLB4937525717,VTK017552,active,item:MLB4937525717,80.57,,,,,False,AUTORIA_NAO_COMPROVADA_NAO_INFERIR_CUSTOM_PRICE
MLB4937525359,VTK005794,active,ml:MLB4937525359:MLB7317387446,347,,,,,False,AUTORIA_NAO_COMPROVADA_NAO_INFERIR_CUSTOM_PRICE
MLB4937524045,VTK017597,active,ml:MLB4937524045:MLB4942213571,49,,,,,False,AUTORIA_NAO_COMPROVADA_NAO_INFERIR_CUSTOM_PRICE
MLB4937523965,VTK018645,active,ml:MLB4937523965:MLB7314823954,423,,,,,False,AUTORIA_NAO_COMPROVADA_NAO_INFERIR_CUSTOM_PRICE
MLB4937523785,VTK017222,active,ml:MLB4937523785:MLB4942183847,46,,,,,False,AUTORIA_NAO_COMPROVADA_NAO_INFERIR_CUSTOM_PRICE
MLB4937519869,VTK019116,active,item:MLB4937519869,417,,,,,False,AUTORIA_NAO_COMPROVADA_NAO_INFERIR_CUSTOM_PRICE
MLB4937519569,VTK012916,active,item:MLB4937519569,227.3,,,,,False,AUTORIA_NAO_COMPROVADA_NAO_INFERIR_CUSTOM_PRICE
MLB4937490735,VTK018520,active,ml:MLB4937490735:MLB4942206195,228.94,,,,,False,AUTORIA_NAO_COMPROVADA_NAO_INFERIR_CUSTOM_PRICE
MLB4937490499,VTK018177,active,item:MLB4937490499,770,,,,,False,AUTORIA_NAO_COMPROVADA_NAO_INFERIR_CUSTOM_PRICE
MLB4937488947,VTK017622,active,item:MLB4937488947,299,,,,,False,AUTORIA_NAO_COMPROVADA_NAO_INFERIR_CUSTOM_PRICE
MLB4937486509,VTK003185,active,ml:MLB4937486509:MLB4981702765,59,,,,,False,AUTORIA_NAO_COMPROVADA_NAO_INFERIR_CUSTOM_PRICE
MLB4937486417,VTK005071,active,,59.58,,,,,False,AUTORIA_NAO_COMPROVADA_NAO_INFERIR_CUSTOM_PRICE
MLB4937486049,VTK017571,active,ml:MLB4937486049:MLB4942184071,103,,,,,False,AUTORIA_NAO_COMPROVADA_NAO_INFERIR_CUSTOM_PRICE
MLB4937480137,VTK017329,active,,57.93,,,,,False,AUTORIA_NAO_COMPROVADA_NAO_INFERIR_CUSTOM_PRICE
MLB4937479755,VTK017449,active,ml:MLB4937479755:MLB7314824104,55.31,,,,,False,AUTORIA_NAO_COMPROVADA_NAO_INFERIR_CUSTOM_PRICE
MLB4937479371,VTK019026,active,item:MLB4937479371,330,,,,,False,AUTORIA_NAO_COMPROVADA_NAO_INFERIR_CUSTOM_PRICE
MLB4937477631,VTK017213,active,,67.41,,,,,False,AUTORIA_NAO_COMPROVADA_NAO_INFERIR_CUSTOM_PRICE
MLB4937477495,VTK017755,active,item:MLB4937477495,65,,,,,False,AUTORIA_NAO_COMPROVADA_NAO_INFERIR_CUSTOM_PRICE
MLB4937477311,VTK018479,active,ml:MLB4937477311:MLB7298190078,286.25,,,,,False,AUTORIA_NAO_COMPROVADA_NAO_INFERIR_CUSTOM_PRICE
MLB4937477103,VTK017332,active,ml:MLB4937477103:MLB7298176942,46,,,,,False,AUTORIA_NAO_COMPROVADA_NAO_INFERIR_CUSTOM_PRICE
MLB4937477027,VTK017453,active,item:MLB4937477027,38,,,,,False,AUTORIA_NAO_COMPROVADA_NAO_INFERIR_CUSTOM_PRICE
MLB4937467285,VTK017679,active,ml:MLB4937467285:MLB4972470597,59.9,,,,,False,AUTORIA_NAO_COMPROVADA_NAO_INFERIR_CUSTOM_PRICE
MLB4937409883,VTK005814,active,ml:MLB4937409883:MLB4942213799,557,,,,,False,AUTORIA_NAO_COMPROVADA_NAO_INFERIR_CUSTOM_PRICE
MLB4937409025,VTK017876,active,ml:MLB4937409025:MLB4981702545,470,,,,,False,AUTORIA_NAO_COMPROVADA_NAO_INFERIR_CUSTOM_PRICE
MLB4937408849,VTK017836,active,ml:MLB4937408849:MLB4942213843,447,,,,,False,AUTORIA_NAO_COMPROVADA_NAO_INFERIR_CUSTOM_PRICE
MLB4937408639,VTK018489,active,item:MLB4937408639,2390,,,,,False,AUTORIA_NAO_COMPROVADA_NAO_INFERIR_CUSTOM_PRICE
MLB4937408283,VTK017940,active,ml:MLB4937408283:MLB7272652038,2099,,,,,False,AUTORIA_NAO_COMPROVADA_NAO_INFERIR_CUSTOM_PRICE
MLB4937407843,VTK018501,active,ml:MLB4937407843:MLB4945582837,970,,,,,False,AUTORIA_NAO_COMPROVADA_NAO_INFERIR_CUSTOM_PRICE
MLB4937405043,VTK018988,active,ml:MLB4937405043:MLB4945582851,899,,,,,False,AUTORIA_NAO_COMPROVADA_NAO_INFERIR_CUSTOM_PRICE
MLB4937404789,VTK018917,active,ml:MLB4937404789:MLB7253032596,899,,,,,False,AUTORIA_NAO_COMPROVADA_NAO_INFERIR_CUSTOM_PRICE
MLB4937404067,VTK017264,active,item:MLB4937404067,290,,,,,False,AUTORIA_NAO_COMPROVADA_NAO_INFERIR_CUSTOM_PRICE
MLB4937398279,VTK018568,active,ml:MLB4937398279:MLB7381240474,1011,,,,,False,AUTORIA_NAO_COMPROVADA_NAO_INFERIR_CUSTOM_PRICE
MLB4937398015,VTK017609,active,ml:MLB4937398015:MLB7253022242,600.74,,,,,False,AUTORIA_NAO_COMPROVADA_NAO_INFERIR_CUSTOM_PRICE
MLB4937396643,VTK019005,active,ml:MLB4937396643:MLB7313975858,2070,,,,,False,AUTORIA_NAO_COMPROVADA_NAO_INFERIR_CUSTOM_PRICE
MLB4937392937,VTK018500,active,ml:MLB4937392937:MLB7253022256,697,,,,,False,AUTORIA_NAO_COMPROVADA_NAO_INFERIR_CUSTOM_PRICE
MLB4937391243,VTK018238,active,ml:MLB4937391243:MLB4942213867,67,,,,,False,AUTORIA_NAO_COMPROVADA_NAO_INFERIR_CUSTOM_PRICE
MLB4937384875,VTK017229,active,ml:MLB4937384875:MLB4942206393,236.93,,,,,False,AUTORIA_NAO_COMPROVADA_NAO_INFERIR_CUSTOM_PRICE
MLB4937384547,VTK017221,active,,56.64,,,,,False,AUTORIA_NAO_COMPROVADA_NAO_INFERIR_CUSTOM_PRICE
MLB4937384359,VTK018239,active,,63.72,,,,,False,AUTORIA_NAO_COMPROVADA_NAO_INFERIR_CUSTOM_PRICE
MLB4937383945,VTK017920,active,ml:MLB4937383945:MLB4942184259,44,,,,,False,AUTORIA_NAO_COMPROVADA_NAO_INFERIR_CUSTOM_PRICE
MLB4935792289,VTK012820,active,ml:MLB4857539485:MLB4935792289,2140,,,,,False,AUTORIA_NAO_COMPROVADA_NAO_INFERIR_CUSTOM_PRICE
MLB4935792261,VTK012644,active,ml:MLB4935792261:MLB7111642248,1999,,,,,False,AUTORIA_NAO_COMPROVADA_NAO_INFERIR_CUSTOM_PRICE
MLB4935792221,VTK012773,active,ml:MLB4935792221:MLB7111642236,2099,,,,,False,AUTORIA_NAO_COMPROVADA_NAO_INFERIR_CUSTOM_PRICE
MLB4935792067,VTK016235,active,ml:MLB4935792067:MLB7184502700,52.68,,,,,False,AUTORIA_NAO_COMPROVADA_NAO_INFERIR_CUSTOM_PRICE
MLB4935791983,VTK000047,active,ml:MLB4841909841:MLB4935791983,141.09,,,,,False,AUTORIA_NAO_COMPROVADA_NAO_INFERIR_CUSTOM_PRICE
MLB4930416431,VTK012936,active,ml:MLB4930416431:MLB7316881438,53,,,,,False,AUTORIA_NAO_COMPROVADA_NAO_INFERIR_CUSTOM_PRICE
MLB7238967906,VTK017231,active,item:MLB7238967906,42,,,,,False,AUTORIA_NAO_COMPROVADA_NAO_INFERIR_CUSTOM_PRICE
MLB7111708258,VTK003684,active,ml:MLB7111708258:MLB7149327868,80.63,,,,,False,AUTORIA_NAO_COMPROVADA_NAO_INFERIR_CUSTOM_PRICE
MLB7149327868,VTK003684,active,ml:MLB7111708258:MLB7149327868,80.63,,,,,False,AUTORIA_NAO_COMPROVADA_NAO_INFERIR_CUSTOM_PRICE
MLB4800949791,VTK009709,active,ml:MLB4800943249:MLB4800949791,1589,,,,,False,AUTORIA_NAO_COMPROVADA_NAO_INFERIR_CUSTOM_PRICE
MLB4800943249,VTK009709,active,ml:MLB4800943249:MLB4800949791,1589,,,,,False,AUTORIA_NAO_COMPROVADA_NAO_INFERIR_CUSTOM_PRICE
MLB7239004176,VTK001028,active,ml:MLB4986647585:MLB7239004176,68.9,,,,,False,AUTORIA_NAO_COMPROVADA_NAO_INFERIR_CUSTOM_PRICE
MLB4937479947,VTK017945,active,,74.67,,,,,False,AUTORIA_NAO_COMPROVADA_NAO_INFERIR_CUSTOM_PRICE
MLB7227726872,VTK012790,active,item:MLB7227726872,78.9,,,,,False,AUTORIA_NAO_COMPROVADA_NAO_INFERIR_CUSTOM_PRICE
MLB4937546247,VTK017223,active,ml:MLB4937546247:MLB7253022344,78.9,,,,,False,AUTORIA_NAO_COMPROVADA_NAO_INFERIR_CUSTOM_PRICE
MLB4937488303,VTK017334,active,ml:MLB4937488303:MLB7330115330,78.9,,,,,False,AUTORIA_NAO_COMPROVADA_NAO_INFERIR_CUSTOM_PRICE
MLB4937523881,VTK017368,active,ml:MLB4937523881:MLB7313983882,78.9,,,,,False,AUTORIA_NAO_COMPROVADA_NAO_INFERIR_CUSTOM_PRICE
MLB7104350446,VTK000627,active,,84.85,,,,,False,AUTORIA_NAO_COMPROVADA_NAO_INFERIR_CUSTOM_PRICE
MLB7087121826,VTK000627,active,,84.85,,,,,False,AUTORIA_NAO_COMPROVADA_NAO_INFERIR_CUSTOM_PRICE
MLB7239025350,VTK001672,active,ml:MLB7239025350:MLB7253032724,78.9,,,,,False,AUTORIA_NAO_COMPROVADA_NAO_INFERIR_CUSTOM_PRICE
MLB4930775609,VTK012795,active,item:MLB4930775609,78.9,,,,,False,AUTORIA_NAO_COMPROVADA_NAO_INFERIR_CUSTOM_PRICE
MLB7247346484,VTK018041,active,ml:MLB7238910500:MLB7247346484,299,,,,,False,AUTORIA_NAO_COMPROVADA_NAO_INFERIR_CUSTOM_PRICE
MLB7247346250,VTK019180,active,ml:MLB7239003366:MLB7247346250,539,,,,,False,AUTORIA_NAO_COMPROVADA_NAO_INFERIR_CUSTOM_PRICE
MLB7247346200,VTK017640,active,ml:MLB7239005588:MLB7247346200,35,,,,,False,AUTORIA_NAO_COMPROVADA_NAO_INFERIR_CUSTOM_PRICE
MLB7247346172,VTK017323,active,ml:MLB7239005768:MLB7247346172,42,,,,,False,AUTORIA_NAO_COMPROVADA_NAO_INFERIR_CUSTOM_PRICE
MLB7247346062,VTK017186,active,ml:MLB7239010048:MLB7247346062,85.57,,,,,False,AUTORIA_NAO_COMPROVADA_NAO_INFERIR_CUSTOM_PRICE
MLB7247345986,VTK018245,active,ml:MLB7239014302:MLB7247345986,277,,,,,False,AUTORIA_NAO_COMPROVADA_NAO_INFERIR_CUSTOM_PRICE
MLB7247345954,VTK018759,active,ml:MLB7239014924:MLB7247345954,517,,,,,False,AUTORIA_NAO_COMPROVADA_NAO_INFERIR_CUSTOM_PRICE
MLB7247345856,VTK017537,active,,61.98,,,,,False,AUTORIA_NAO_COMPROVADA_NAO_INFERIR_CUSTOM_PRICE
MLB4942213867,VTK018238,active,ml:MLB4937391243:MLB4942213867,67,,,,,False,AUTORIA_NAO_COMPROVADA_NAO_INFERIR_CUSTOM_PRICE
MLB4942213843,VTK017836,active,ml:MLB4937408849:MLB4942213843,447,,,,,False,AUTORIA_NAO_COMPROVADA_NAO_INFERIR_CUSTOM_PRICE
MLB4942213799,VTK005814,active,ml:MLB4937409883:MLB4942213799,557,,,,,False,AUTORIA_NAO_COMPROVADA_NAO_INFERIR_CUSTOM_PRICE
MLB4942213571,VTK017597,active,ml:MLB4937524045:MLB4942213571,49,,,,,False,AUTORIA_NAO_COMPROVADA_NAO_INFERIR_CUSTOM_PRICE
MLB4942213343,VTK017932,active,ml:MLB4937547671:MLB4942213343,149.3,,,,,False,AUTORIA_NAO_COMPROVADA_NAO_INFERIR_CUSTOM_PRICE
MLB4942213135,VTK018643,active,,62.18,,,,,False,AUTORIA_NAO_COMPROVADA_NAO_INFERIR_CUSTOM_PRICE
MLB4942212903,VTK018118,active,ml:MLB4937563951:MLB4942212903,61.73,,,,,False,AUTORIA_NAO_COMPROVADA_NAO_INFERIR_CUSTOM_PRICE
MLB4942212841,VTK018559,active,ml:MLB4937567111:MLB4942212841,299,,,,,False,AUTORIA_NAO_COMPROVADA_NAO_INFERIR_CUSTOM_PRICE
MLB4942212661,VTK018080,active,ml:MLB4942212661:MLB7238824470,447,,,,,False,AUTORIA_NAO_COMPROVADA_NAO_INFERIR_CUSTOM_PRICE
MLB4942212637,VTK018349,active,ml:MLB4942212637:MLB7238836080,316,,,,,False,AUTORIA_NAO_COMPROVADA_NAO_INFERIR_CUSTOM_PRICE
MLB4942206393,VTK017229,active,ml:MLB4937384875:MLB4942206393,236.93,,,,,False,AUTORIA_NAO_COMPROVADA_NAO_INFERIR_CUSTOM_PRICE
MLB4942206195,VTK018520,active,ml:MLB4937490735:MLB4942206195,228.94,,,,,False,AUTORIA_NAO_COMPROVADA_NAO_INFERIR_CUSTOM_PRICE
MLB4942205913,VTK018086,active,ml:MLB4937528811:MLB4942205913,517,,,,,False,AUTORIA_NAO_COMPROVADA_NAO_INFERIR_CUSTOM_PRICE
MLB4942205867,VTK004012,active,ml:MLB4937529073:MLB4942205867,790,,,,,False,AUTORIA_NAO_COMPROVADA_NAO_INFERIR_CUSTOM_PRICE
MLB4942205823,VTK018637,active,ml:MLB4937531879:MLB4942205823,219.34,,,,,False,AUTORIA_NAO_COMPROVADA_NAO_INFERIR_CUSTOM_PRICE
MLB4942205583,VTK018979,active,ml:MLB4937548087:MLB4942205583,329,,,,,False,AUTORIA_NAO_COMPROVADA_NAO_INFERIR_CUSTOM_PRICE
MLB4942205527,VTK017162,active,,52.5,,,,,False,AUTORIA_NAO_COMPROVADA_NAO_INFERIR_CUSTOM_PRICE
MLB4942205487,VTK018278,active,ml:MLB4937554555:MLB4942205487,46,,,,,False,AUTORIA_NAO_COMPROVADA_NAO_INFERIR_CUSTOM_PRICE
MLB4942205407,VTK002745,active,ml:MLB4937560361:MLB4942205407,290,,,,,False,AUTORIA_NAO_COMPROVADA_NAO_INFERIR_CUSTOM_PRICE
MLB4942205239,VTK017398,active,ml:MLB4937563807:MLB4942205239,45.6,,,,,False,AUTORIA_NAO_COMPROVADA_NAO_INFERIR_CUSTOM_PRICE
MLB4942205025,VTK018179,active,,165.4,,,,,False,AUTORIA_NAO_COMPROVADA_NAO_INFERIR_CUSTOM_PRICE
MLB4942204815,VTK020760,active,ml:MLB4942204815:MLB7238889666,103.88,,,,,False,AUTORIA_NAO_COMPROVADA_NAO_INFERIR_CUSTOM_PRICE
MLB4942204703,VTK000337,active,ml:MLB4942204703:MLB7238968080,52,,,,,False,AUTORIA_NAO_COMPROVADA_NAO_INFERIR_CUSTOM_PRICE
MLB4942204669,VTK017997,active,ml:MLB4942204669:MLB7238968484,390,,,,,False,AUTORIA_NAO_COMPROVADA_NAO_INFERIR_CUSTOM_PRICE
MLB4942204637,VTK018800,active,ml:MLB4942204637:MLB7238970260,790,,,,,False,AUTORIA_NAO_COMPROVADA_NAO_INFERIR_CUSTOM_PRICE
MLB4942204541,VTK018384,active,,55.47,,,,,False,AUTORIA_NAO_COMPROVADA_NAO_INFERIR_CUSTOM_PRICE
MLB4942204411,VTK017228,active,ml:MLB4942204411:MLB7239007694,39,,,,,False,AUTORIA_NAO_COMPROVADA_NAO_INFERIR_CUSTOM_PRICE
MLB4942204387,VTK001736,active,,62.1,,,,,False,AUTORIA_NAO_COMPROVADA_NAO_INFERIR_CUSTOM_PRICE
MLB4942204341,VTK018758,active,ml:MLB4942204341:MLB7239010396,157,,,,,False,AUTORIA_NAO_COMPROVADA_NAO_INFERIR_CUSTOM_PRICE
MLB4942204321,VTK017225,active,ml:MLB4942204321:MLB7239010726,42,,,,,False,AUTORIA_NAO_COMPROVADA_NAO_INFERIR_CUSTOM_PRICE
MLB4942204245,VTK017739,active,ml:MLB4942204245:MLB7239018444,35,,,,,False,AUTORIA_NAO_COMPROVADA_NAO_INFERIR_CUSTOM_PRICE
MLB4942204211,VTK017962,active,ml:MLB4942204211:MLB7239021130,85.57,,,,,False,AUTORIA_NAO_COMPROVADA_NAO_INFERIR_CUSTOM_PRICE
MLB4942204179,VTK018132,active,ml:MLB4942204179:MLB7239023860,131,,,,,False,AUTORIA_NAO_COMPROVADA_NAO_INFERIR_CUSTOM_PRICE
MLB4942204135,VTK018727,active,ml:MLB4942204135:MLB7239066390,41,,,,,False,AUTORIA_NAO_COMPROVADA_NAO_INFERIR_CUSTOM_PRICE
MLB4942204073,VTK017604,active,,59.51,,,,,False,AUTORIA_NAO_COMPROVADA_NAO_INFERIR_CUSTOM_PRICE
MLB4942184259,VTK017920,active,ml:MLB4937383945:MLB4942184259,44,,,,,False,AUTORIA_NAO_COMPROVADA_NAO_INFERIR_CUSTOM_PRICE
MLB4942184227,VTK018239,active,,63.72,,,,,False,AUTORIA_NAO_COMPROVADA_NAO_INFERIR_CUSTOM_PRICE
MLB4942184071,VTK017571,active,ml:MLB4937486049:MLB4942184071,103,,,,,False,AUTORIA_NAO_COMPROVADA_NAO_INFERIR_CUSTOM_PRICE
MLB4942183847,VTK017222,active,ml:MLB4937523785:MLB4942183847,46,,,,,False,AUTORIA_NAO_COMPROVADA_NAO_INFERIR_CUSTOM_PRICE
MLB4942183783,VTK018595,active,ml:MLB4937527103:MLB4942183783,711,,,,,False,AUTORIA_NAO_COMPROVADA_NAO_INFERIR_CUSTOM_PRICE
MLB4942183635,VTK019115,active,ml:MLB4937546111:MLB4942183635,555,,,,,False,AUTORIA_NAO_COMPROVADA_NAO_INFERIR_CUSTOM_PRICE
MLB4942183533,VTK018981,active,ml:MLB4937547931:MLB4942183533,122,,,,,False,AUTORIA_NAO_COMPROVADA_NAO_INFERIR_CUSTOM_PRICE
MLB4942183509,VTK019132,active,ml:MLB4937548015:MLB4942183509,249,,,,,False,AUTORIA_NAO_COMPROVADA_NAO_INFERIR_CUSTOM_PRICE
MLB4942183017,VTK018503,active,ml:MLB4942183017:MLB7238804114,337,,,,,False,AUTORIA_NAO_COMPROVADA_NAO_INFERIR_CUSTOM_PRICE
MLB4942182987,VTK017861,active,,209.45,,,,,False,AUTORIA_NAO_COMPROVADA_NAO_INFERIR_CUSTOM_PRICE
MLB4942182959,VTK018009,active,ml:MLB4942182959:MLB7238823924,247,,,,,False,AUTORIA_NAO_COMPROVADA_NAO_INFERIR_CUSTOM_PRICE
MLB4942182707,VTK017338,active,ml:MLB4942182707:MLB7238967728,79,,,,,False,AUTORIA_NAO_COMPROVADA_NAO_INFERIR_CUSTOM_PRICE
MLB4942182601,VTK018063,active,,47.94,,,,,False,AUTORIA_NAO_COMPROVADA_NAO_INFERIR_CUSTOM_PRICE
MLB4942182573,VTK017992,active,ml:MLB4942182573:MLB7239001348,35,,,,,False,AUTORIA_NAO_COMPROVADA_NAO_INFERIR_CUSTOM_PRICE
MLB4942182437,VTK017688,active,ml:MLB4942182437:MLB7239005854,42,,,,,False,AUTORIA_NAO_COMPROVADA_NAO_INFERIR_CUSTOM_PRICE
MLB4942182145,VTK001157,active,,71.03,,,,,False,AUTORIA_NAO_COMPROVADA_NAO_INFERIR_CUSTOM_PRICE
MLB4942182107,VTK017454,active,ml:MLB4942182107:MLB7239068864,45,,,,,False,AUTORIA_NAO_COMPROVADA_NAO_INFERIR_CUSTOM_PRICE
MLB4612539573,VTK001528,active,ml:MLB4582573677:MLB4612539573,202.05,,,,,False,AUTORIA_NAO_COMPROVADA_NAO_INFERIR_CUSTOM_PRICE
MLB4582573677,VTK001528,active,ml:MLB4582573677:MLB4612539573,202.05,,,,,False,AUTORIA_NAO_COMPROVADA_NAO_INFERIR_CUSTOM_PRICE
MLB7108545962,VTK000036,active,,136.37,,,,,False,AUTORIA_NAO_COMPROVADA_NAO_INFERIR_CUSTOM_PRICE
MLB7076429362,VTK000036,active,,136.37,,,,,False,AUTORIA_NAO_COMPROVADA_NAO_INFERIR_CUSTOM_PRICE
MLB7253032724,VTK001672,active,ml:MLB7239025350:MLB7253032724,78.9,,,,,False,AUTORIA_NAO_COMPROVADA_NAO_INFERIR_CUSTOM_PRICE
MLB7253032596,VTK018917,active,ml:MLB4937404789:MLB7253032596,899,,,,,False,AUTORIA_NAO_COMPROVADA_NAO_INFERIR_CUSTOM_PRICE
MLB7253022344,VTK017223,active,ml:MLB4937546247:MLB7253022344,78.9,,,,,False,AUTORIA_NAO_COMPROVADA_NAO_INFERIR_CUSTOM_PRICE
MLB7253022256,VTK018500,active,ml:MLB4937392937:MLB7253022256,697,,,,,False,AUTORIA_NAO_COMPROVADA_NAO_INFERIR_CUSTOM_PRICE
MLB7253022242,VTK017609,active,ml:MLB4937398015:MLB7253022242,600.74,,,,,False,AUTORIA_NAO_COMPROVADA_NAO_INFERIR_CUSTOM_PRICE
MLB7253022130,VTK019049,active,ml:MLB7239068738:MLB7253022130,991,,,,,False,AUTORIA_NAO_COMPROVADA_NAO_INFERIR_CUSTOM_PRICE
MLB7252818098,VTK016152,active,ml:MLB4903839071:MLB7252818098,183.06,,,,,False,AUTORIA_NAO_COMPROVADA_NAO_INFERIR_CUSTOM_PRICE
MLB4945582851,VTK018988,active,ml:MLB4937405043:MLB4945582851,899,,,,,False,AUTORIA_NAO_COMPROVADA_NAO_INFERIR_CUSTOM_PRICE
MLB4945582837,VTK018501,active,ml:MLB4937407843:MLB4945582837,970,,,,,False,AUTORIA_NAO_COMPROVADA_NAO_INFERIR_CUSTOM_PRICE
MLB4945582777,VTK018674,active,ml:MLB4945582777:MLB7238974268,711,,,,,False,AUTORIA_NAO_COMPROVADA_NAO_INFERIR_CUSTOM_PRICE
MLB7258671368,VTK001122,active,,122.31,,,,,False,AUTORIA_NAO_COMPROVADA_NAO_INFERIR_CUSTOM_PRICE
MLB7257135796,VTK002611,active,ml:MLB7238823266:MLB7257135796,77.24,,,,,False,AUTORIA_NAO_COMPROVADA_NAO_INFERIR_CUSTOM_PRICE
MLB4949364223,VTK001220,active,ml:MLB4857485767:MLB4949364223,276.8,,,,,False,AUTORIA_NAO_COMPROVADA_NAO_INFERIR_CUSTOM_PRICE
MLB4947942215,VTK017475,active,ml:MLB4947942215:MLB7238963762,1390,,,,,False,AUTORIA_NAO_COMPROVADA_NAO_INFERIR_CUSTOM_PRICE
MLB7111644574,VTK012178,active,item:MLB7111644574,153,,,,,False,AUTORIA_NAO_COMPROVADA_NAO_INFERIR_CUSTOM_PRICE
MLB7276014356,VTK012049,active,,25.34,,,,,False,AUTORIA_NAO_COMPROVADA_NAO_INFERIR_CUSTOM_PRICE
MLB7272652038,VTK017940,active,ml:MLB4937408283:MLB7272652038,2099,,,,,False,AUTORIA_NAO_COMPROVADA_NAO_INFERIR_CUSTOM_PRICE
MLB7184713650,VTK016191,active,item:MLB7184713650,101,,,,,False,AUTORIA_NAO_COMPROVADA_NAO_INFERIR_CUSTOM_PRICE
MLB7287243078,VTK025254,active,ml:MLB7287243078:MLB7313972932,449.54,,,,,False,AUTORIA_NAO_COMPROVADA_NAO_INFERIR_CUSTOM_PRICE
MLB7287242104,VTK025252,active,ml:MLB7287242104:MLB7330400402,606.31,,,,,False,AUTORIA_NAO_COMPROVADA_NAO_INFERIR_CUSTOM_PRICE
MLB7287241400,VTK025251,active,item:MLB7287241400,475.59,,,,,False,AUTORIA_NAO_COMPROVADA_NAO_INFERIR_CUSTOM_PRICE
MLB7287239546,VTK025248,active,ml:MLB7287239546:MLB7330399364,500.69,,,,,False,AUTORIA_NAO_COMPROVADA_NAO_INFERIR_CUSTOM_PRICE
MLB7287228026,VTK025250,active,ml:MLB7287228026:MLB7314819606,449.54,,,,,False,AUTORIA_NAO_COMPROVADA_NAO_INFERIR_CUSTOM_PRICE
MLB7287177370,VTK025249,active,ml:MLB7287177370:MLB7313972248,410.22,,,,,False,AUTORIA_NAO_COMPROVADA_NAO_INFERIR_CUSTOM_PRICE
MLB7286157346,VTK018973,active,ml:MLB4987964051:MLB7286157346,370,,,,,False,AUTORIA_NAO_COMPROVADA_NAO_INFERIR_CUSTOM_PRICE
MLB7286157244,VTK018926,active,ml:MLB4971983041:MLB7286157244,290,,,,,False,AUTORIA_NAO_COMPROVADA_NAO_INFERIR_CUSTOM_PRICE
MLB7286157094,VTK018927,active,ml:MLB4971983099:MLB7286157094,269,,,,,False,AUTORIA_NAO_COMPROVADA_NAO_INFERIR_CUSTOM_PRICE
MLB7286156942,VTK018451,active,,164.11,,,,,False,AUTORIA_NAO_COMPROVADA_NAO_INFERIR_CUSTOM_PRICE
MLB7285987972,VTK017362,active,ml:MLB4971944461:MLB7285987972,55,,,,,False,AUTORIA_NAO_COMPROVADA_NAO_INFERIR_CUSTOM_PRICE
MLB7285987892,VTK017375,active,item:MLB7285987892,42,,,,,False,AUTORIA_NAO_COMPROVADA_NAO_INFERIR_CUSTOM_PRICE
MLB7285987734,VTK017787,active,ml:MLB4971983237:MLB7285987734,470,,,,,False,AUTORIA_NAO_COMPROVADA_NAO_INFERIR_CUSTOM_PRICE
MLB7285984342,VTK017955,active,ml:MLB7285984342:MLB7316879750,449,,,,,False,AUTORIA_NAO_COMPROVADA_NAO_INFERIR_CUSTOM_PRICE
MLB7285979328,VTK018602,active,ml:MLB4971983413:MLB7285979328,35,,,,,False,AUTORIA_NAO_COMPROVADA_NAO_INFERIR_CUSTOM_PRICE
MLB7285978902,VTK018910,active,ml:MLB4971983481:MLB7285978902,49,,,,,False,AUTORIA_NAO_COMPROVADA_NAO_INFERIR_CUSTOM_PRICE
MLB7285976880,VTK017760,active,ml:MLB7285976880:MLB7330397384,122.94,,,,,False,AUTORIA_NAO_COMPROVADA_NAO_INFERIR_CUSTOM_PRICE
MLB7285976496,VTK017599,active,ml:MLB4971957699:MLB7285976496,221.78,,,,,False,AUTORIA_NAO_COMPROVADA_NAO_INFERIR_CUSTOM_PRICE
MLB7285976274,VTK017328,active,,67.53,,,,,False,AUTORIA_NAO_COMPROVADA_NAO_INFERIR_CUSTOM_PRICE
MLB7285975146,VTK017363,active,ml:MLB7285975146:MLB7330396476,53.52,,,,,False,AUTORIA_NAO_COMPROVADA_NAO_INFERIR_CUSTOM_PRICE
MLB7285954730,VTK018773,active,ml:MLB4971945063:MLB7285954730,152.53,,,,,False,AUTORIA_NAO_COMPROVADA_NAO_INFERIR_CUSTOM_PRICE
MLB7285954282,VTK018376,active,,48.56,,,,,False,AUTORIA_NAO_COMPROVADA_NAO_INFERIR_CUSTOM_PRICE
MLB7285952348,VTK018198,active,item:MLB7285952348,240,,,,,False,AUTORIA_NAO_COMPROVADA_NAO_INFERIR_CUSTOM_PRICE
MLB7285950578,VTK018150,active,ml:MLB4971945209:MLB7285950578,330,,,,,False,AUTORIA_NAO_COMPROVADA_NAO_INFERIR_CUSTOM_PRICE
MLB7285499326,VTK018513,active,,101.72,,,,,False,AUTORIA_NAO_COMPROVADA_NAO_INFERIR_CUSTOM_PRICE
MLB7285498824,VTK018703,active,item:MLB7285498824,1099,,,,,False,AUTORIA_NAO_COMPROVADA_NAO_INFERIR_CUSTOM_PRICE
MLB7285487582,VTK018171,active,,134.52,,,,,False,AUTORIA_NAO_COMPROVADA_NAO_INFERIR_CUSTOM_PRICE
MLB4967208843,VTK025275,active,item:MLB4967208843,912.38,,,,,False,AUTORIA_NAO_COMPROVADA_NAO_INFERIR_CUSTOM_PRICE
MLB4967205255,VTK025269,active,item:MLB4967205255,934.97,,,,,False,AUTORIA_NAO_COMPROVADA_NAO_INFERIR_CUSTOM_PRICE
MLB4967203649,VTK025267,active,item:MLB4967203649,643.86,,,,,False,AUTORIA_NAO_COMPROVADA_NAO_INFERIR_CUSTOM_PRICE
MLB4967201979,VTK025264,active,item:MLB4967201979,697.49,,,,,False,AUTORIA_NAO_COMPROVADA_NAO_INFERIR_CUSTOM_PRICE
MLB4967194711,VTK025273,active,item:MLB4967194711,950.48,,,,,False,AUTORIA_NAO_COMPROVADA_NAO_INFERIR_CUSTOM_PRICE
MLB4967194049,VTK025272,active,item:MLB4967194049,965.16,,,,,False,AUTORIA_NAO_COMPROVADA_NAO_INFERIR_CUSTOM_PRICE
MLB4967188495,VTK025262,active,item:MLB4967188495,784.18,,,,,False,AUTORIA_NAO_COMPROVADA_NAO_INFERIR_CUSTOM_PRICE
MLB4967188037,VTK025261,active,ml:MLB4967188037:MLB7313983026,605.71,,,,,False,AUTORIA_NAO_COMPROVADA_NAO_INFERIR_CUSTOM_PRICE
MLB4967187517,VTK025260,active,item:MLB4967187517,572.82,,,,,False,AUTORIA_NAO_COMPROVADA_NAO_INFERIR_CUSTOM_PRICE
MLB4967187107,VTK025259,active,item:MLB4967187107,563.53,,,,,False,AUTORIA_NAO_COMPROVADA_NAO_INFERIR_CUSTOM_PRICE
MLB4967186763,VTK025258,active,ml:MLB4967186763:MLB7381240362,596.08,,,,,False,AUTORIA_NAO_COMPROVADA_NAO_INFERIR_CUSTOM_PRICE
MLB4967185851,VTK025255,active,item:MLB4967185851,595.62,,,,,False,AUTORIA_NAO_COMPROVADA_NAO_INFERIR_CUSTOM_PRICE
MLB4967171103,VTK025274,active,item:MLB4967171103,890.01,,,,,False,AUTORIA_NAO_COMPROVADA_NAO_INFERIR_CUSTOM_PRICE
MLB4967168963,VTK025270,active,item:MLB4967168963,566.05,,,,,False,AUTORIA_NAO_COMPROVADA_NAO_INFERIR_CUSTOM_PRICE
MLB4967167529,VTK025268,active,item:MLB4967167529,683.08,,,,,False,AUTORIA_NAO_COMPROVADA_NAO_INFERIR_CUSTOM_PRICE
MLB4967165957,VTK025266,active,item:MLB4967165957,977.72,,,,,False,AUTORIA_NAO_COMPROVADA_NAO_INFERIR_CUSTOM_PRICE
MLB4967165587,VTK025265,active,item:MLB4967165587,757.09,,,,,False,AUTORIA_NAO_COMPROVADA_NAO_INFERIR_CUSTOM_PRICE
MLB4967164665,VTK025263,active,item:MLB4967164665,642.63,,,,,False,AUTORIA_NAO_COMPROVADA_NAO_INFERIR_CUSTOM_PRICE
MLB4967162183,VTK025256,active,ml:MLB4967162183:MLB5108987865,389.48,,,,,False,AUTORIA_NAO_COMPROVADA_NAO_INFERIR_CUSTOM_PRICE
MLB4967160835,VTK025253,active,ml:MLB4967160835:MLB5034094891,421.75,,,,,False,AUTORIA_NAO_COMPROVADA_NAO_INFERIR_CUSTOM_PRICE
MLB4966508585,VTK018148,active,ml:MLB4966508585:MLB7313972378,299,,,,,False,AUTORIA_NAO_COMPROVADA_NAO_INFERIR_CUSTOM_PRICE
MLB4966507939,VTK018787,active,ml:MLB4966507939:MLB4971945255,470,,,,,False,AUTORIA_NAO_COMPROVADA_NAO_INFERIR_CUSTOM_PRICE
MLB4966092305,VTK018536,active,item:MLB4966092305,105.76,,,,,False,AUTORIA_NAO_COMPROVADA_NAO_INFERIR_CUSTOM_PRICE
MLB4966055261,VTK017521,active,,80.57,,,,,False,AUTORIA_NAO_COMPROVADA_NAO_INFERIR_CUSTOM_PRICE
MLB4966054577,VTK017173,active,,41,,,,,False,AUTORIA_NAO_COMPROVADA_NAO_INFERIR_CUSTOM_PRICE
MLB4966000715,VTK017592,active,,47.95,,,,,False,AUTORIA_NAO_COMPROVADA_NAO_INFERIR_CUSTOM_PRICE
MLB4965988433,VTK017837,active,ml:MLB4965988433:MLB5109036709,90.19,,,,,False,AUTORIA_NAO_COMPROVADA_NAO_INFERIR_CUSTOM_PRICE
MLB4965927843,VTK021130,active,item:MLB4965927843,56.35,,,,,False,AUTORIA_NAO_COMPROVADA_NAO_INFERIR_CUSTOM_PRICE
MLB4965919583,VTK019526,active,ml:MLB4965919583:MLB7529393556,206.82,,,,,False,AUTORIA_NAO_COMPROVADA_NAO_INFERIR_CUSTOM_PRICE
MLB4965893887,VTK021272,active,ml:MLB4965893887:MLB4971945321,370,,,,,False,AUTORIA_NAO_COMPROVADA_NAO_INFERIR_CUSTOM_PRICE
MLB4961750989,VTK021397,active,ml:MLB4961750989:MLB4971945377,185.75,,,,,False,AUTORIA_NAO_COMPROVADA_NAO_INFERIR_CUSTOM_PRICE
MLB4961738321,VTK021398,active,item:MLB4961738321,197,,,,,False,AUTORIA_NAO_COMPROVADA_NAO_INFERIR_CUSTOM_PRICE
MLB7298190078,VTK018479,active,ml:MLB4937477311:MLB7298190078,286.25,,,,,False,AUTORIA_NAO_COMPROVADA_NAO_INFERIR_CUSTOM_PRICE
MLB7298189920,VTK017396,active,ml:MLB7238965948:MLB7298189920,53,,,,,False,AUTORIA_NAO_COMPROVADA_NAO_INFERIR_CUSTOM_PRICE
MLB7298189818,VTK000591,active,ml:MLB4842007827:MLB7298189818,279,,,,,False,AUTORIA_NAO_COMPROVADA_NAO_INFERIR_CUSTOM_PRICE
MLB7298177184,VTK003308,active,ml:MLB4937563411:MLB7298177184,137,,,,,False,AUTORIA_NAO_COMPROVADA_NAO_INFERIR_CUSTOM_PRICE
MLB7298177172,VTK000541,active,,104.66,,,,,False,AUTORIA_NAO_COMPROVADA_NAO_INFERIR_CUSTOM_PRICE
MLB7298177126,VTK018969,active,ml:MLB7239003838:MLB7298177126,559,,,,,False,AUTORIA_NAO_COMPROVADA_NAO_INFERIR_CUSTOM_PRICE
MLB7298176950,VTK009839,active,ml:MLB7229843102:MLB7298176950,1012,,,,,False,AUTORIA_NAO_COMPROVADA_NAO_INFERIR_CUSTOM_PRICE
MLB7298176942,VTK017332,active,ml:MLB4937477103:MLB7298176942,46,,,,,False,AUTORIA_NAO_COMPROVADA_NAO_INFERIR_CUSTOM_PRICE
MLB7297407246,VTK025855,active,item:MLB7297407246,78.53,,,,,False,AUTORIA_NAO_COMPROVADA_NAO_INFERIR_CUSTOM_PRICE
MLB7297406948,VTK025853,active,item:MLB7297406948,114.28,,,,,False,AUTORIA_NAO_COMPROVADA_NAO_INFERIR_CUSTOM_PRICE
MLB7297406618,VTK025851,active,item:MLB7297406618,163.56,,,,,False,AUTORIA_NAO_COMPROVADA_NAO_INFERIR_CUSTOM_PRICE
MLB7297406256,VTK025847,active,ml:MLB7297406256:MLB7317384260,63.49,,,,,False,AUTORIA_NAO_COMPROVADA_NAO_INFERIR_CUSTOM_PRICE
MLB7297406140,VTK025846,active,item:MLB7297406140,65.59,,,,,False,AUTORIA_NAO_COMPROVADA_NAO_INFERIR_CUSTOM_PRICE
MLB7297406004,VTK025845,active,item:MLB7297406004,97.64,,,,,False,AUTORIA_NAO_COMPROVADA_NAO_INFERIR_CUSTOM_PRICE
MLB7297405884,VTK025844,active,item:MLB7297405884,329.66,,,,,False,AUTORIA_NAO_COMPROVADA_NAO_INFERIR_CUSTOM_PRICE
MLB7297405530,VTK025841,active,item:MLB7297405530,91.11,,,,,False,AUTORIA_NAO_COMPROVADA_NAO_INFERIR_CUSTOM_PRICE
MLB7297404292,VTK025813,active,item:MLB7297404292,243,,,,,False,AUTORIA_NAO_COMPROVADA_NAO_INFERIR_CUSTOM_PRICE
MLB7297403882,VTK025803,active,item:MLB7297403882,218.69,,,,,False,AUTORIA_NAO_COMPROVADA_NAO_INFERIR_CUSTOM_PRICE
MLB7297403792,VTK025802,active,item:MLB7297403792,62.89,,,,,False,AUTORIA_NAO_COMPROVADA_NAO_INFERIR_CUSTOM_PRICE
MLB7297403506,VTK025788,active,item:MLB7297403506,370.63,,,,,False,AUTORIA_NAO_COMPROVADA_NAO_INFERIR_CUSTOM_PRICE
MLB7297403428,VTK025787,active,item:MLB7297403428,753.22,,,,,False,AUTORIA_NAO_COMPROVADA_NAO_INFERIR_CUSTOM_PRICE
MLB7297403352,VTK025786,active,item:MLB7297403352,343,,,,,False,AUTORIA_NAO_COMPROVADA_NAO_INFERIR_CUSTOM_PRICE
MLB7297403074,VTK025783,active,item:MLB7297403074,143.36,,,,,False,AUTORIA_NAO_COMPROVADA_NAO_INFERIR_CUSTOM_PRICE
MLB7297402976,VTK025777,active,item:MLB7297402976,67.57,,,,,False,AUTORIA_NAO_COMPROVADA_NAO_INFERIR_CUSTOM_PRICE
MLB7297402876,VTK025776,active,item:MLB7297402876,66.69,,,,,False,AUTORIA_NAO_COMPROVADA_NAO_INFERIR_CUSTOM_PRICE
MLB7297402518,VTK025773,active,item:MLB7297402518,77.43,,,,,False,AUTORIA_NAO_COMPROVADA_NAO_INFERIR_CUSTOM_PRICE
MLB7297402428,VTK025772,active,item:MLB7297402428,106.38,,,,,False,AUTORIA_NAO_COMPROVADA_NAO_INFERIR_CUSTOM_PRICE
MLB7297401940,VTK025766,active,item:MLB7297401940,58.99,,,,,False,AUTORIA_NAO_COMPROVADA_NAO_INFERIR_CUSTOM_PRICE
MLB7297401850,VTK025765,active,item:MLB7297401850,69.67,,,,,False,AUTORIA_NAO_COMPROVADA_NAO_INFERIR_CUSTOM_PRICE
MLB7297401428,VTK025746,active,item:MLB7297401428,61.51,,,,,False,AUTORIA_NAO_COMPROVADA_NAO_INFERIR_CUSTOM_PRICE
MLB7297400606,VTK025740,active,item:MLB7297400606,55.08,,,,,False,AUTORIA_NAO_COMPROVADA_NAO_INFERIR_CUSTOM_PRICE
MLB7297400306,VTK025737,active,item:MLB7297400306,112.3,,,,,False,AUTORIA_NAO_COMPROVADA_NAO_INFERIR_CUSTOM_PRICE
MLB7297400140,VTK025732,active,item:MLB7297400140,161.73,,,,,False,AUTORIA_NAO_COMPROVADA_NAO_INFERIR_CUSTOM_PRICE
MLB7297400036,VTK025731,active,item:MLB7297400036,102.83,,,,,False,AUTORIA_NAO_COMPROVADA_NAO_INFERIR_CUSTOM_PRICE
MLB7297398722,VTK025719,active,item:MLB7297398722,95.99,,,,,False,AUTORIA_NAO_COMPROVADA_NAO_INFERIR_CUSTOM_PRICE
MLB7297398384,VTK025712,active,item:MLB7297398384,152.25,,,,,False,AUTORIA_NAO_COMPROVADA_NAO_INFERIR_CUSTOM_PRICE
MLB7297397864,VTK025706,active,ml:MLB7297397864:MLB7316881834,103.62,,,,,False,AUTORIA_NAO_COMPROVADA_NAO_INFERIR_CUSTOM_PRICE
MLB7297397256,VTK025701,active,ml:MLB7297397256:MLB7437026476,56.43,,,,,False,AUTORIA_NAO_COMPROVADA_NAO_INFERIR_CUSTOM_PRICE
MLB7297396992,VTK025699,active,item:MLB7297396992,52.36,,,,,False,AUTORIA_NAO_COMPROVADA_NAO_INFERIR_CUSTOM_PRICE
MLB7297396654,VTK025696,active,item:MLB7297396654,93.09,,,,,False,AUTORIA_NAO_COMPROVADA_NAO_INFERIR_CUSTOM_PRICE
MLB7297394518,VTK025857,active,item:MLB7297394518,107.34,,,,,False,AUTORIA_NAO_COMPROVADA_NAO_INFERIR_CUSTOM_PRICE
MLB7297393538,VTK025850,active,item:MLB7297393538,165.31,,,,,False,AUTORIA_NAO_COMPROVADA_NAO_INFERIR_CUSTOM_PRICE
MLB7297393438,VTK025848,active,item:MLB7297393438,65.46,,,,,False,AUTORIA_NAO_COMPROVADA_NAO_INFERIR_CUSTOM_PRICE
MLB7297392560,VTK025840,active,item:MLB7297392560,292.43,,,,,False,AUTORIA_NAO_COMPROVADA_NAO_INFERIR_CUSTOM_PRICE
MLB7297392320,VTK025838,active,item:MLB7297392320,89.41,,,,,False,AUTORIA_NAO_COMPROVADA_NAO_INFERIR_CUSTOM_PRICE
MLB7297392242,VTK025829,active,item:MLB7297392242,94.67,,,,,False,AUTORIA_NAO_COMPROVADA_NAO_INFERIR_CUSTOM_PRICE
MLB7297392006,VTK025826,active,item:MLB7297392006,59.93,,,,,False,AUTORIA_NAO_COMPROVADA_NAO_INFERIR_CUSTOM_PRICE
MLB7297391538,VTK025822,active,item:MLB7297391538,66.8,,,,,False,AUTORIA_NAO_COMPROVADA_NAO_INFERIR_CUSTOM_PRICE
MLB7297391458,VTK025821,active,item:MLB7297391458,82.83,,,,,False,AUTORIA_NAO_COMPROVADA_NAO_INFERIR_CUSTOM_PRICE
MLB7297391312,VTK025809,active,item:MLB7297391312,188.56,,,,,False,AUTORIA_NAO_COMPROVADA_NAO_INFERIR_CUSTOM_PRICE
MLB7297391216,VTK025808,active,item:MLB7297391216,247,,,,,False,AUTORIA_NAO_COMPROVADA_NAO_INFERIR_CUSTOM_PRICE
MLB7297391162,VTK025807,active,item:MLB7297391162,301.73,,,,,False,AUTORIA_NAO_COMPROVADA_NAO_INFERIR_CUSTOM_PRICE
MLB7297391050,VTK025804,active,item:MLB7297391050,78.03,,,,,False,AUTORIA_NAO_COMPROVADA_NAO_INFERIR_CUSTOM_PRICE
MLB7297390776,VTK025801,active,item:MLB7297390776,76.25,,,,,False,AUTORIA_NAO_COMPROVADA_NAO_INFERIR_CUSTOM_PRICE
MLB7297389848,VTK025775,active,item:MLB7297389848,75.88,,,,,False,AUTORIA_NAO_COMPROVADA_NAO_INFERIR_CUSTOM_PRICE
MLB7297389774,VTK025774,active,item:MLB7297389774,188,,,,,False,AUTORIA_NAO_COMPROVADA_NAO_INFERIR_CUSTOM_PRICE
MLB7297389410,VTK025770,active,item:MLB7297389410,54.41,,,,,False,AUTORIA_NAO_COMPROVADA_NAO_INFERIR_CUSTOM_PRICE
MLB7297389318,VTK025769,active,item:MLB7297389318,55.07,,,,,False,AUTORIA_NAO_COMPROVADA_NAO_INFERIR_CUSTOM_PRICE
MLB7297388426,VTK025745,active,item:MLB7297388426,61.1,,,,,False,AUTORIA_NAO_COMPROVADA_NAO_INFERIR_CUSTOM_PRICE
MLB7297387878,VTK025742,active,item:MLB7297387878,64.95,,,,,False,AUTORIA_NAO_COMPROVADA_NAO_INFERIR_CUSTOM_PRICE
MLB7297387500,VTK025738,active,item:MLB7297387500,63.09,,,,,False,AUTORIA_NAO_COMPROVADA_NAO_INFERIR_CUSTOM_PRICE
MLB7297386892,VTK025725,active,item:MLB7297386892,213.06,,,,,False,AUTORIA_NAO_COMPROVADA_NAO_INFERIR_CUSTOM_PRICE
MLB7297386726,VTK025722,active,item:MLB7297386726,101.25,,,,,False,AUTORIA_NAO_COMPROVADA_NAO_INFERIR_CUSTOM_PRICE
MLB7297386542,VTK025721,active,item:MLB7297386542,101.25,,,,,False,AUTORIA_NAO_COMPROVADA_NAO_INFERIR_CUSTOM_PRICE
MLB7297385700,VTK025718,active,item:MLB7297385700,95.99,,,,,False,AUTORIA_NAO_COMPROVADA_NAO_INFERIR_CUSTOM_PRICE
MLB7297385056,VTK025707,active,item:MLB7297385056,59.62,,,,,False,AUTORIA_NAO_COMPROVADA_NAO_INFERIR_CUSTOM_PRICE
MLB7297384492,VTK025704,active,item:MLB7297384492,141.86,,,,,False,AUTORIA_NAO_COMPROVADA_NAO_INFERIR_CUSTOM_PRICE
MLB7297384238,VTK025700,active,ml:MLB4987964387:MLB7297384238,117.04,,,,,False,AUTORIA_NAO_COMPROVADA_NAO_INFERIR_CUSTOM_PRICE
MLB7297383964,VTK025698,active,item:MLB7297383964,56.51,,,,,False,AUTORIA_NAO_COMPROVADA_NAO_INFERIR_CUSTOM_PRICE
MLB7297381740,VTK025856,active,item:MLB7297381740,366.89,,,,,False,AUTORIA_NAO_COMPROVADA_NAO_INFERIR_CUSTOM_PRICE
MLB7297381128,VTK025852,active,item:MLB7297381128,108.88,,,,,False,AUTORIA_NAO_COMPROVADA_NAO_INFERIR_CUSTOM_PRICE
MLB7297380096,VTK025843,active,item:MLB7297380096,74.62,,,,,False,AUTORIA_NAO_COMPROVADA_NAO_INFERIR_CUSTOM_PRICE
MLB7297379956,VTK025842,active,item:MLB7297379956,95.99,,,,,False,AUTORIA_NAO_COMPROVADA_NAO_INFERIR_CUSTOM_PRICE
MLB7297379674,VTK025839,active,item:MLB7297379674,70.71,,,,,False,AUTORIA_NAO_COMPROVADA_NAO_INFERIR_CUSTOM_PRICE
MLB7297379402,VTK025828,active,item:MLB7297379402,139.21,,,,,False,AUTORIA_NAO_COMPROVADA_NAO_INFERIR_CUSTOM_PRICE
MLB7297379158,VTK025825,active,item:MLB7297379158,60.33,,,,,False,AUTORIA_NAO_COMPROVADA_NAO_INFERIR_CUSTOM_PRICE
MLB7297379050,VTK025824,active,item:MLB7297379050,84.57,,,,,False,AUTORIA_NAO_COMPROVADA_NAO_INFERIR_CUSTOM_PRICE
MLB7297378922,VTK025823,active,item:MLB7297378922,255.2,,,,,False,AUTORIA_NAO_COMPROVADA_NAO_INFERIR_CUSTOM_PRICE
MLB7297377962,VTK025793,active,item:MLB7297377962,275.36,,,,,False,AUTORIA_NAO_COMPROVADA_NAO_INFERIR_CUSTOM_PRICE
MLB7297377540,VTK025784,active,item:MLB7297377540,143.36,,,,,False,AUTORIA_NAO_COMPROVADA_NAO_INFERIR_CUSTOM_PRICE
MLB7297376526,VTK025768,active,item:MLB7297376526,69.51,,,,,False,AUTORIA_NAO_COMPROVADA_NAO_INFERIR_CUSTOM_PRICE
MLB7297376392,VTK025767,active,item:MLB7297376392,187.44,,,,,False,AUTORIA_NAO_COMPROVADA_NAO_INFERIR_CUSTOM_PRICE
MLB7297376038,VTK025764,active,item:MLB7297376038,133.88,,,,,False,AUTORIA_NAO_COMPROVADA_NAO_INFERIR_CUSTOM_PRICE
MLB7297375900,VTK025756,active,item:MLB7297375900,124.41,,,,,False,AUTORIA_NAO_COMPROVADA_NAO_INFERIR_CUSTOM_PRICE
MLB7297375392,VTK025744,active,item:MLB7297375392,67.75,,,,,False,AUTORIA_NAO_COMPROVADA_NAO_INFERIR_CUSTOM_PRICE
MLB7297375214,VTK025743,active,item:MLB7297375214,191.73,,,,,False,AUTORIA_NAO_COMPROVADA_NAO_INFERIR_CUSTOM_PRICE
MLB7297374950,VTK025741,active,item:MLB7297374950,149.31,,,,,False,AUTORIA_NAO_COMPROVADA_NAO_INFERIR_CUSTOM_PRICE
MLB7297373506,VTK025720,active,item:MLB7297373506,90.72,,,,,False,AUTORIA_NAO_COMPROVADA_NAO_INFERIR_CUSTOM_PRICE
MLB7297372504,VTK025709,active,item:MLB7297372504,55.46,,,,,False,AUTORIA_NAO_COMPROVADA_NAO_INFERIR_CUSTOM_PRICE
MLB7297372340,VTK025708,active,item:MLB7297372340,55.52,,,,,False,AUTORIA_NAO_COMPROVADA_NAO_INFERIR_CUSTOM_PRICE
MLB7297370726,VTK025695,active,item:MLB7297370726,90.72,,,,,False,AUTORIA_NAO_COMPROVADA_NAO_INFERIR_CUSTOM_PRICE
MLB7296161092,VTK025594,active,item:MLB7296161092,131.51,,,,,False,AUTORIA_NAO_COMPROVADA_NAO_INFERIR_CUSTOM_PRICE
MLB7296160790,VTK025592,active,item:MLB7296160790,228.89,,,,,False,AUTORIA_NAO_COMPROVADA_NAO_INFERIR_CUSTOM_PRICE
MLB7296160218,VTK025584,active,item:MLB7296160218,2158.42,,,,,False,AUTORIA_NAO_COMPROVADA_NAO_INFERIR_CUSTOM_PRICE
MLB7296159420,VTK025579,active,item:MLB7296159420,371.7,,,,,False,AUTORIA_NAO_COMPROVADA_NAO_INFERIR_CUSTOM_PRICE
MLB7296159056,VTK025573,active,item:MLB7296159056,2073.22,,,,,False,AUTORIA_NAO_COMPROVADA_NAO_INFERIR_CUSTOM_PRICE
MLB7296158948,VTK025572,active,item:MLB7296158948,520.42,,,,,False,AUTORIA_NAO_COMPROVADA_NAO_INFERIR_CUSTOM_PRICE
MLB7296158818,VTK025567,active,item:MLB7296158818,4707.75,,,,,False,AUTORIA_NAO_COMPROVADA_NAO_INFERIR_CUSTOM_PRICE
MLB7296158654,VTK025566,active,item:MLB7296158654,304.94,,,,,False,AUTORIA_NAO_COMPROVADA_NAO_INFERIR_CUSTOM_PRICE
MLB7296158204,VTK025563,active,item:MLB7296158204,466.66,,,,,False,AUTORIA_NAO_COMPROVADA_NAO_INFERIR_CUSTOM_PRICE
MLB7296157506,VTK025559,active,ml:MLB7296157506:MLB7316879502,73.22,,,,,False,AUTORIA_NAO_COMPROVADA_NAO_INFERIR_CUSTOM_PRICE
MLB7296157318,VTK025558,active,item:MLB7296157318,52,,,,,False,AUTORIA_NAO_COMPROVADA_NAO_INFERIR_CUSTOM_PRICE
MLB7296157178,VTK025557,active,item:MLB7296157178,137.04,,,,,False,AUTORIA_NAO_COMPROVADA_NAO_INFERIR_CUSTOM_PRICE
MLB7296156800,VTK025555,active,item:MLB7296156800,180.06,,,,,False,AUTORIA_NAO_COMPROVADA_NAO_INFERIR_CUSTOM_PRICE
MLB7296156238,VTK025552,active,item:MLB7296156238,276.38,,,,,False,AUTORIA_NAO_COMPROVADA_NAO_INFERIR_CUSTOM_PRICE
MLB7296155312,VTK025544,active,item:MLB7296155312,242.96,,,,,False,AUTORIA_NAO_COMPROVADA_NAO_INFERIR_CUSTOM_PRICE
MLB7296155048,VTK025543,active,item:MLB7296155048,247.56,,,,,False,AUTORIA_NAO_COMPROVADA_NAO_INFERIR_CUSTOM_PRICE
MLB7296154786,VTK025542,active,item:MLB7296154786,244.11,,,,,False,AUTORIA_NAO_COMPROVADA_NAO_INFERIR_CUSTOM_PRICE
MLB7296153596,VTK025533,active,item:MLB7296153596,220.31,,,,,False,AUTORIA_NAO_COMPROVADA_NAO_INFERIR_CUSTOM_PRICE
MLB7296153222,VTK025531,active,item:MLB7296153222,3104.14,,,,,False,AUTORIA_NAO_COMPROVADA_NAO_INFERIR_CUSTOM_PRICE
MLB7296152400,VTK025526,active,item:MLB7296152400,191.31,,,,,False,AUTORIA_NAO_COMPROVADA_NAO_INFERIR_CUSTOM_PRICE
MLB7296152066,VTK025524,active,item:MLB7296152066,225.06,,,,,False,AUTORIA_NAO_COMPROVADA_NAO_INFERIR_CUSTOM_PRICE
MLB7296151942,VTK025519,active,item:MLB7296151942,898.07,,,,,False,AUTORIA_NAO_COMPROVADA_NAO_INFERIR_CUSTOM_PRICE
MLB7296148362,VTK025595,active,item:MLB7296148362,172.56,,,,,False,AUTORIA_NAO_COMPROVADA_NAO_INFERIR_CUSTOM_PRICE
MLB7296147708,VTK025591,active,item:MLB7296147708,406.9,,,,,False,AUTORIA_NAO_COMPROVADA_NAO_INFERIR_CUSTOM_PRICE
MLB7296146986,VTK025582,active,item:MLB7296146986,384.29,,,,,False,AUTORIA_NAO_COMPROVADA_NAO_INFERIR_CUSTOM_PRICE
MLB7296146828,VTK025581,active,item:MLB7296146828,359.69,,,,,False,AUTORIA_NAO_COMPROVADA_NAO_INFERIR_CUSTOM_PRICE
MLB7296146672,VTK025580,active,item:MLB7296146672,349.64,,,,,False,AUTORIA_NAO_COMPROVADA_NAO_INFERIR_CUSTOM_PRICE
MLB7296145074,VTK025562,active,item:MLB7296145074,1844.54,,,,,False,AUTORIA_NAO_COMPROVADA_NAO_INFERIR_CUSTOM_PRICE
MLB7296144896,VTK025561,active,item:MLB7296144896,150.44,,,,,False,AUTORIA_NAO_COMPROVADA_NAO_INFERIR_CUSTOM_PRICE
MLB7296144732,VTK025560,active,item:MLB7296144732,130.07,,,,,False,AUTORIA_NAO_COMPROVADA_NAO_INFERIR_CUSTOM_PRICE
MLB7296144084,VTK025556,active,item:MLB7296144084,101.25,,,,,False,AUTORIA_NAO_COMPROVADA_NAO_INFERIR_CUSTOM_PRICE
MLB7296143630,VTK025554,active,item:MLB7296143630,165.94,,,,,False,AUTORIA_NAO_COMPROVADA_NAO_INFERIR_CUSTOM_PRICE
MLB7296142742,VTK025546,active,item:MLB7296142742,403.4,,,,,False,AUTORIA_NAO_COMPROVADA_NAO_INFERIR_CUSTOM_PRICE
MLB7296141320,VTK025540,active,item:MLB7296141320,359.14,,,,,False,AUTORIA_NAO_COMPROVADA_NAO_INFERIR_CUSTOM_PRICE
MLB7296140946,VTK025535,active,item:MLB7296140946,1255.33,,,,,False,AUTORIA_NAO_COMPROVADA_NAO_INFERIR_CUSTOM_PRICE
MLB7296140714,VTK025534,active,item:MLB7296140714,148.81,,,,,False,AUTORIA_NAO_COMPROVADA_NAO_INFERIR_CUSTOM_PRICE
MLB7296140376,VTK025532,active,item:MLB7296140376,218.31,,,,,False,AUTORIA_NAO_COMPROVADA_NAO_INFERIR_CUSTOM_PRICE
MLB7296140036,VTK025530,active,item:MLB7296140036,295.88,,,,,False,AUTORIA_NAO_COMPROVADA_NAO_INFERIR_CUSTOM_PRICE
MLB7296139916,VTK025529,active,item:MLB7296139916,165.06,,,,,False,AUTORIA_NAO_COMPROVADA_NAO_INFERIR_CUSTOM_PRICE
MLB7296138590,VTK025517,active,item:MLB7296138590,145.69,,,,,False,AUTORIA_NAO_COMPROVADA_NAO_INFERIR_CUSTOM_PRICE
MLB7296138426,VTK025516,active,item:MLB7296138426,599.63,,,,,False,AUTORIA_NAO_COMPROVADA_NAO_INFERIR_CUSTOM_PRICE
MLB7296137722,VTK025512,active,item:MLB7296137722,169.31,,,,,False,AUTORIA_NAO_COMPROVADA_NAO_INFERIR_CUSTOM_PRICE
MLB7296135246,VTK025596,active,item:MLB7296135246,86.38,,,,,False,AUTORIA_NAO_COMPROVADA_NAO_INFERIR_CUSTOM_PRICE
MLB7296134736,VTK025593,active,item:MLB7296134736,252.45,,,,,False,AUTORIA_NAO_COMPROVADA_NAO_INFERIR_CUSTOM_PRICE
MLB7296134254,VTK025586,active,item:MLB7296134254,5750,,,,,False,AUTORIA_NAO_COMPROVADA_NAO_INFERIR_CUSTOM_PRICE
MLB7296134148,VTK025585,active,item:MLB7296134148,564.69,,,,,False,AUTORIA_NAO_COMPROVADA_NAO_INFERIR_CUSTOM_PRICE
MLB7296133876,VTK025583,active,item:MLB7296133876,218.69,,,,,False,AUTORIA_NAO_COMPROVADA_NAO_INFERIR_CUSTOM_PRICE
MLB7296133080,VTK025578,active,item:MLB7296133080,359.69,,,,,False,AUTORIA_NAO_COMPROVADA_NAO_INFERIR_CUSTOM_PRICE
MLB7296132420,VTK025565,active,item:MLB7296132420,295.88,,,,,False,AUTORIA_NAO_COMPROVADA_NAO_INFERIR_CUSTOM_PRICE
MLB7296132272,VTK025564,active,item:MLB7296132272,305.06,,,,,False,AUTORIA_NAO_COMPROVADA_NAO_INFERIR_CUSTOM_PRICE
MLB7296130486,VTK025553,active,item:MLB7296130486,2981.12,,,,,False,AUTORIA_NAO_COMPROVADA_NAO_INFERIR_CUSTOM_PRICE
MLB7296130044,VTK025551,active,item:MLB7296130044,272.88,,,,,False,AUTORIA_NAO_COMPROVADA_NAO_INFERIR_CUSTOM_PRICE
MLB7296129616,VTK025545,active,item:MLB7296129616,249.06,,,,,False,AUTORIA_NAO_COMPROVADA_NAO_INFERIR_CUSTOM_PRICE
MLB7296128736,VTK025541,active,item:MLB7296128736,240.82,,,,,False,AUTORIA_NAO_COMPROVADA_NAO_INFERIR_CUSTOM_PRICE
MLB7296126950,VTK025528,active,item:MLB7296126950,194.19,,,,,False,AUTORIA_NAO_COMPROVADA_NAO_INFERIR_CUSTOM_PRICE
MLB7296126808,VTK025527,active,item:MLB7296126808,220.44,,,,,False,AUTORIA_NAO_COMPROVADA_NAO_INFERIR_CUSTOM_PRICE
MLB7296126430,VTK025525,active,item:MLB7296126430,190.81,,,,,False,AUTORIA_NAO_COMPROVADA_NAO_INFERIR_CUSTOM_PRICE
MLB7296125966,VTK025518,active,item:MLB7296125966,2489.01,,,,,False,AUTORIA_NAO_COMPROVADA_NAO_INFERIR_CUSTOM_PRICE
MLB7296125532,VTK025515,active,item:MLB7296125532,463.5,,,,,False,AUTORIA_NAO_COMPROVADA_NAO_INFERIR_CUSTOM_PRICE
MLB7296125294,VTK025514,active,item:MLB7296125294,169.31,,,,,False,AUTORIA_NAO_COMPROVADA_NAO_INFERIR_CUSTOM_PRICE
MLB7296125150,VTK025513,active,item:MLB7296125150,186.81,,,,,False,AUTORIA_NAO_COMPROVADA_NAO_INFERIR_CUSTOM_PRICE
MLB7296124702,VTK025511,active,item:MLB7296124702,186.81,,,,,False,AUTORIA_NAO_COMPROVADA_NAO_INFERIR_CUSTOM_PRICE
MLB7296018224,VTK025492,active,item:MLB7296018224,159.56,,,,,False,AUTORIA_NAO_COMPROVADA_NAO_INFERIR_CUSTOM_PRICE
MLB7296017638,VTK025489,active,item:MLB7296017638,148.62,,,,,False,AUTORIA_NAO_COMPROVADA_NAO_INFERIR_CUSTOM_PRICE
MLB7296017430,VTK025488,active,item:MLB7296017430,148.62,,,,,False,AUTORIA_NAO_COMPROVADA_NAO_INFERIR_CUSTOM_PRICE
MLB7296016274,VTK025483,active,item:MLB7296016274,2515.33,,,,,False,AUTORIA_NAO_COMPROVADA_NAO_INFERIR_CUSTOM_PRICE
MLB7296015856,VTK025481,active,item:MLB7296015856,330.67,,,,,False,AUTORIA_NAO_COMPROVADA_NAO_INFERIR_CUSTOM_PRICE
MLB7296014882,VTK025476,active,item:MLB7296014882,372.5,,,,,False,AUTORIA_NAO_COMPROVADA_NAO_INFERIR_CUSTOM_PRICE
MLB7296014560,VTK025475,active,item:MLB7296014560,286.72,,,,,False,AUTORIA_NAO_COMPROVADA_NAO_INFERIR_CUSTOM_PRICE
MLB7296014216,VTK025474,active,item:MLB7296014216,136.25,,,,,False,AUTORIA_NAO_COMPROVADA_NAO_INFERIR_CUSTOM_PRICE
MLB7296013954,VTK025473,active,item:MLB7296013954,125.2,,,,,False,AUTORIA_NAO_COMPROVADA_NAO_INFERIR_CUSTOM_PRICE
MLB7296013772,VTK025472,active,item:MLB7296013772,136.25,,,,,False,AUTORIA_NAO_COMPROVADA_NAO_INFERIR_CUSTOM_PRICE
MLB7296012182,VTK025465,active,item:MLB7296012182,121.42,,,,,False,AUTORIA_NAO_COMPROVADA_NAO_INFERIR_CUSTOM_PRICE
MLB7296011088,VTK025459,active,item:MLB7296011088,242.53,,,,,False,AUTORIA_NAO_COMPROVADA_NAO_INFERIR_CUSTOM_PRICE
MLB7296008154,VTK025458,active,item:MLB7296008154,123.09,,,,,False,AUTORIA_NAO_COMPROVADA_NAO_INFERIR_CUSTOM_PRICE
MLB7296005180,VTK025491,active,item:MLB7296005180,146.69,,,,,False,AUTORIA_NAO_COMPROVADA_NAO_INFERIR_CUSTOM_PRICE
MLB7296004970,VTK025490,active,item:MLB7296004970,160.69,,,,,False,AUTORIA_NAO_COMPROVADA_NAO_INFERIR_CUSTOM_PRICE
MLB7296003984,VTK025485,active,item:MLB7296003984,189.06,,,,,False,AUTORIA_NAO_COMPROVADA_NAO_INFERIR_CUSTOM_PRICE
MLB7296003700,VTK025484,active,item:MLB7296003700,909.54,,,,,False,AUTORIA_NAO_COMPROVADA_NAO_INFERIR_CUSTOM_PRICE
MLB7296003210,VTK025482,active,item:MLB7296003210,429.28,,,,,False,AUTORIA_NAO_COMPROVADA_NAO_INFERIR_CUSTOM_PRICE
MLB7296002782,VTK025480,active,item:MLB7296002782,145.94,,,,,False,AUTORIA_NAO_COMPROVADA_NAO_INFERIR_CUSTOM_PRICE
MLB7296002556,VTK025479,active,item:MLB7296002556,149.01,,,,,False,AUTORIA_NAO_COMPROVADA_NAO_INFERIR_CUSTOM_PRICE
MLB7296000808,VTK025471,active,item:MLB7296000808,123.62,,,,,False,AUTORIA_NAO_COMPROVADA_NAO_INFERIR_CUSTOM_PRICE
MLB7296000354,VTK025469,active,item:MLB7296000354,219.06,,,,,False,AUTORIA_NAO_COMPROVADA_NAO_INFERIR_CUSTOM_PRICE
MLB7296000142,VTK025468,active,item:MLB7296000142,123.49,,,,,False,AUTORIA_NAO_COMPROVADA_NAO_INFERIR_CUSTOM_PRICE
MLB7295999924,VTK025467,active,item:MLB7295999924,124.81,,,,,False,AUTORIA_NAO_COMPROVADA_NAO_INFERIR_CUSTOM_PRICE
MLB7295999126,VTK025463,active,item:MLB7295999126,478.71,,,,,False,AUTORIA_NAO_COMPROVADA_NAO_INFERIR_CUSTOM_PRICE
MLB7295998622,VTK025460,active,item:MLB7295998622,314.47,,,,,False,AUTORIA_NAO_COMPROVADA_NAO_INFERIR_CUSTOM_PRICE
MLB7295993800,VTK025457,active,item:MLB7295993800,121.91,,,,,False,AUTORIA_NAO_COMPROVADA_NAO_INFERIR_CUSTOM_PRICE
MLB7295991674,VTK025487,active,item:MLB7295991674,557.36,,,,,False,AUTORIA_NAO_COMPROVADA_NAO_INFERIR_CUSTOM_PRICE
MLB7295991428,VTK025486,active,item:MLB7295991428,1873.88,,,,,False,AUTORIA_NAO_COMPROVADA_NAO_INFERIR_CUSTOM_PRICE
MLB7295989674,VTK025478,active,item:MLB7295989674,491.67,,,,,False,AUTORIA_NAO_COMPROVADA_NAO_INFERIR_CUSTOM_PRICE
MLB7295989448,VTK025477,active,item:MLB7295989448,107.17,,,,,False,AUTORIA_NAO_COMPROVADA_NAO_INFERIR_CUSTOM_PRICE
MLB7295987810,VTK025470,active,item:MLB7295987810,313.69,,,,,False,AUTORIA_NAO_COMPROVADA_NAO_INFERIR_CUSTOM_PRICE
MLB7295986978,VTK025466,active,item:MLB7295986978,123.49,,,,,False,AUTORIA_NAO_COMPROVADA_NAO_INFERIR_CUSTOM_PRICE
MLB7295986620,VTK025464,active,item:MLB7295986620,425.98,,,,,False,AUTORIA_NAO_COMPROVADA_NAO_INFERIR_CUSTOM_PRICE
MLB7295986230,VTK025462,active,item:MLB7295986230,1209.54,,,,,False,AUTORIA_NAO_COMPROVADA_NAO_INFERIR_CUSTOM_PRICE
MLB7295986058,VTK025461,active,item:MLB7295986058,4219.51,,,,,False,AUTORIA_NAO_COMPROVADA_NAO_INFERIR_CUSTOM_PRICE
MLB7294467270,VTK025384,active,item:MLB7294467270,112.17,,,,,False,AUTORIA_NAO_COMPROVADA_NAO_INFERIR_CUSTOM_PRICE
MLB7294464660,VTK025383,active,item:MLB7294464660,174.61,,,,,False,AUTORIA_NAO_COMPROVADA_NAO_INFERIR_CUSTOM_PRICE
MLB7294457572,VTK025385,active,item:MLB7294457572,98.31,,,,,False,AUTORIA_NAO_COMPROVADA_NAO_INFERIR_CUSTOM_PRICE
MLB7294449928,VTK025382,active,item:MLB7294449928,150.97,,,,,False,AUTORIA_NAO_COMPROVADA_NAO_INFERIR_CUSTOM_PRICE
MLB7294448136,VTK025380,active,ml:MLB7294448136:MLB7316879614,108.05,,,,,False,AUTORIA_NAO_COMPROVADA_NAO_INFERIR_CUSTOM_PRICE
MLB7294131088,VTK025371,active,item:MLB7294131088,159.44,,,,,False,AUTORIA_NAO_COMPROVADA_NAO_INFERIR_CUSTOM_PRICE
MLB7294101138,VTK025366,active,item:MLB7294101138,106.74,,,,,False,AUTORIA_NAO_COMPROVADA_NAO_INFERIR_CUSTOM_PRICE
MLB7294096024,VTK025361,active,item:MLB7294096024,99.43,,,,,False,AUTORIA_NAO_COMPROVADA_NAO_INFERIR_CUSTOM_PRICE
MLB7294090710,VTK025369,active,ml:MLB7294090710:MLB7316879796,143.38,,,,,False,AUTORIA_NAO_COMPROVADA_NAO_INFERIR_CUSTOM_PRICE
MLB7294084616,VTK025363,active,item:MLB7294084616,96.37,,,,,False,AUTORIA_NAO_COMPROVADA_NAO_INFERIR_CUSTOM_PRICE
MLB7293871650,VTK025353,active,item:MLB7293871650,103.12,,,,,False,AUTORIA_NAO_COMPROVADA_NAO_INFERIR_CUSTOM_PRICE
MLB7293869094,VTK025352,active,item:MLB7293869094,107.2,,,,,False,AUTORIA_NAO_COMPROVADA_NAO_INFERIR_CUSTOM_PRICE
MLB7293867118,VTK025351,active,item:MLB7293867118,107.2,,,,,False,AUTORIA_NAO_COMPROVADA_NAO_INFERIR_CUSTOM_PRICE
MLB7293862176,VTK025349,active,item:MLB7293862176,94.97,,,,,False,AUTORIA_NAO_COMPROVADA_NAO_INFERIR_CUSTOM_PRICE
MLB7293851236,VTK025350,active,ml:MLB4994225957:MLB7293851236,92.68,,,,,False,AUTORIA_NAO_COMPROVADA_NAO_INFERIR_CUSTOM_PRICE
MLB7293713782,VTK025341,active,item:MLB7293713782,90.25,,,,,False,AUTORIA_NAO_COMPROVADA_NAO_INFERIR_CUSTOM_PRICE
MLB7293711722,VTK025340,active,item:MLB7293711722,82.31,,,,,False,AUTORIA_NAO_COMPROVADA_NAO_INFERIR_CUSTOM_PRICE
MLB7288803756,VTK025333,active,item:MLB7288803756,367.66,,,,,False,AUTORIA_NAO_COMPROVADA_NAO_INFERIR_CUSTOM_PRICE
MLB7288765746,VTK025334,active,item:MLB7288765746,384.12,,,,,False,AUTORIA_NAO_COMPROVADA_NAO_INFERIR_CUSTOM_PRICE
MLB7287867298,VTK025296,active,ml:MLB7287867298:MLB7313984046,154.63,,,,,False,AUTORIA_NAO_COMPROVADA_NAO_INFERIR_CUSTOM_PRICE
MLB7287866394,VTK025294,active,item:MLB7287866394,171.81,,,,,False,AUTORIA_NAO_COMPROVADA_NAO_INFERIR_CUSTOM_PRICE
MLB7287865850,VTK025292,active,item:MLB7287865850,137.15,,,,,False,AUTORIA_NAO_COMPROVADA_NAO_INFERIR_CUSTOM_PRICE
MLB7287865406,VTK025291,active,item:MLB7287865406,155.9,,,,,False,AUTORIA_NAO_COMPROVADA_NAO_INFERIR_CUSTOM_PRICE
MLB7287861368,VTK025283,active,item:MLB7287861368,112.98,,,,,False,AUTORIA_NAO_COMPROVADA_NAO_INFERIR_CUSTOM_PRICE
MLB7287860626,VTK025282,active,item:MLB7287860626,421.88,,,,,False,AUTORIA_NAO_COMPROVADA_NAO_INFERIR_CUSTOM_PRICE
MLB7287858486,VTK025276,active,item:MLB7287858486,367.34,,,,,False,AUTORIA_NAO_COMPROVADA_NAO_INFERIR_CUSTOM_PRICE
MLB7287826656,VTK025289,active,item:MLB7287826656,117.92,,,,,False,AUTORIA_NAO_COMPROVADA_NAO_INFERIR_CUSTOM_PRICE
MLB7287821724,VTK025277,active,item:MLB7287821724,404.48,,,,,False,AUTORIA_NAO_COMPROVADA_NAO_INFERIR_CUSTOM_PRICE
MLB7287801574,VTK025290,active,item:MLB7287801574,147.08,,,,,False,AUTORIA_NAO_COMPROVADA_NAO_INFERIR_CUSTOM_PRICE
MLB7287799962,VTK025287,active,item:MLB7287799962,132.34,,,,,False,AUTORIA_NAO_COMPROVADA_NAO_INFERIR_CUSTOM_PRICE
MLB7287799488,VTK025285,active,item:MLB7287799488,105.08,,,,,False,AUTORIA_NAO_COMPROVADA_NAO_INFERIR_CUSTOM_PRICE
MLB7287798908,VTK025284,active,item:MLB7287798908,118.79,,,,,False,AUTORIA_NAO_COMPROVADA_NAO_INFERIR_CUSTOM_PRICE
MLB7287796908,VTK025278,active,item:MLB7287796908,422.76,,,,,False,AUTORIA_NAO_COMPROVADA_NAO_INFERIR_CUSTOM_PRICE
MLB4972532847,VTK012626,active,ml:MLB4972532847:MLB7111644566,199.34,,,,,False,AUTORIA_NAO_COMPROVADA_NAO_INFERIR_CUSTOM_PRICE
MLB4972470597,VTK017679,active,ml:MLB4937467285:MLB4972470597,59.9,,,,,False,AUTORIA_NAO_COMPROVADA_NAO_INFERIR_CUSTOM_PRICE
MLB4972449661,VTK025685,active,item:MLB4972449661,85.46,,,,,False,AUTORIA_NAO_COMPROVADA_NAO_INFERIR_CUSTOM_PRICE
MLB4972449565,VTK025684,active,ml:MLB4972449565:MLB7317384236,72.04,,,,,False,AUTORIA_NAO_COMPROVADA_NAO_INFERIR_CUSTOM_PRICE
MLB4972449035,VTK025675,active,ml:MLB4972449035:MLB7314819882,117.55,,,,,False,AUTORIA_NAO_COMPROVADA_NAO_INFERIR_CUSTOM_PRICE
MLB4972448357,VTK025669,active,item:MLB4972448357,144.54,,,,,False,AUTORIA_NAO_COMPROVADA_NAO_INFERIR_CUSTOM_PRICE
MLB4972447863,VTK025666,active,item:MLB4972447863,77.7,,,,,False,AUTORIA_NAO_COMPROVADA_NAO_INFERIR_CUSTOM_PRICE
MLB4972445433,VTK025641,active,item:MLB4972445433,84.22,,,,,False,AUTORIA_NAO_COMPROVADA_NAO_INFERIR_CUSTOM_PRICE
MLB4972444983,VTK025636,active,ml:MLB4972444983:MLB5108989351,79.68,,,,,False,AUTORIA_NAO_COMPROVADA_NAO_INFERIR_CUSTOM_PRICE
MLB4972437425,VTK025690,active,item:MLB4972437425,170.06,,,,,False,AUTORIA_NAO_COMPROVADA_NAO_INFERIR_CUSTOM_PRICE
MLB4972437001,VTK025687,active,item:MLB4972437001,87.57,,,,,False,AUTORIA_NAO_COMPROVADA_NAO_INFERIR_CUSTOM_PRICE
MLB4972436863,VTK025686,active,item:MLB4972436863,81.25,,,,,False,AUTORIA_NAO_COMPROVADA_NAO_INFERIR_CUSTOM_PRICE
MLB4972436535,VTK025679,active,item:MLB4972436535,118.14,,,,,False,AUTORIA_NAO_COMPROVADA_NAO_INFERIR_CUSTOM_PRICE
MLB4972436409,VTK025676,active,ml:MLB4972436409:MLB7330395160,86.58,,,,,False,AUTORIA_NAO_COMPROVADA_NAO_INFERIR_CUSTOM_PRICE
MLB4972435247,VTK025668,active,item:MLB4972435247,225.01,,,,,False,AUTORIA_NAO_COMPROVADA_NAO_INFERIR_CUSTOM_PRICE
MLB4972434315,VTK025654,active,item:MLB4972434315,106.51,,,,,False,AUTORIA_NAO_COMPROVADA_NAO_INFERIR_CUSTOM_PRICE
MLB4972433803,VTK025650,active,item:MLB4972433803,70.99,,,,,False,AUTORIA_NAO_COMPROVADA_NAO_INFERIR_CUSTOM_PRICE
MLB4972433603,VTK025649,active,ml:MLB4972433603:MLB7313980490,69.67,,,,,False,AUTORIA_NAO_COMPROVADA_NAO_INFERIR_CUSTOM_PRICE
MLB4972433445,VTK025648,active,item:MLB4972433445,113.88,,,,,False,AUTORIA_NAO_COMPROVADA_NAO_INFERIR_CUSTOM_PRICE
MLB4972433077,VTK025647,active,item:MLB4972433077,113.88,,,,,False,AUTORIA_NAO_COMPROVADA_NAO_INFERIR_CUSTOM_PRICE
MLB4972432875,VTK025646,active,item:MLB4972432875,402.88,,,,,False,AUTORIA_NAO_COMPROVADA_NAO_INFERIR_CUSTOM_PRICE
MLB4972432707,VTK025645,active,item:MLB4972432707,402.88,,,,,False,AUTORIA_NAO_COMPROVADA_NAO_INFERIR_CUSTOM_PRICE
MLB4972432413,VTK025639,active,item:MLB4972432413,82.43,,,,,False,AUTORIA_NAO_COMPROVADA_NAO_INFERIR_CUSTOM_PRICE
MLB4972432223,VTK025637,active,ml:MLB4972432223:MLB5109038099,72.17,,,,,False,AUTORIA_NAO_COMPROVADA_NAO_INFERIR_CUSTOM_PRICE
MLB4972424403,VTK025689,active,item:MLB4972424403,290.99,,,,,False,AUTORIA_NAO_COMPROVADA_NAO_INFERIR_CUSTOM_PRICE
MLB4972423021,VTK025671,active,item:MLB4972423021,75.72,,,,,False,AUTORIA_NAO_COMPROVADA_NAO_INFERIR_CUSTOM_PRICE
MLB4972422755,VTK025670,active,item:MLB4972422755,81.38,,,,,False,AUTORIA_NAO_COMPROVADA_NAO_INFERIR_CUSTOM_PRICE
MLB4972421597,VTK025665,active,item:MLB4972421597,72.96,,,,,False,AUTORIA_NAO_COMPROVADA_NAO_INFERIR_CUSTOM_PRICE
MLB4972421461,VTK025664,active,item:MLB4972421461,76.12,,,,,False,AUTORIA_NAO_COMPROVADA_NAO_INFERIR_CUSTOM_PRICE
MLB4972421181,VTK025653,active,item:MLB4972421181,116.57,,,,,False,AUTORIA_NAO_COMPROVADA_NAO_INFERIR_CUSTOM_PRICE
MLB4972421055,VTK025652,active,item:MLB4972421055,129.93,,,,,False,AUTORIA_NAO_COMPROVADA_NAO_INFERIR_CUSTOM_PRICE
MLB4971984035,VTK017592,active,,47.95,,,,,False,AUTORIA_NAO_COMPROVADA_NAO_INFERIR_CUSTOM_PRICE
MLB4971983481,VTK018910,active,ml:MLB4971983481:MLB7285978902,49,,,,,False,AUTORIA_NAO_COMPROVADA_NAO_INFERIR_CUSTOM_PRICE
MLB4971983413,VTK018602,active,ml:MLB4971983413:MLB7285979328,35,,,,,False,AUTORIA_NAO_COMPROVADA_NAO_INFERIR_CUSTOM_PRICE
MLB4971983237,VTK017787,active,ml:MLB4971983237:MLB7285987734,470,,,,,False,AUTORIA_NAO_COMPROVADA_NAO_INFERIR_CUSTOM_PRICE
MLB4971983099,VTK018927,active,ml:MLB4971983099:MLB7286157094,269,,,,,False,AUTORIA_NAO_COMPROVADA_NAO_INFERIR_CUSTOM_PRICE
MLB4971983041,VTK018926,active,ml:MLB4971983041:MLB7286157244,290,,,,,False,AUTORIA_NAO_COMPROVADA_NAO_INFERIR_CUSTOM_PRICE
MLB4971957747,VTK017328,active,,67.53,,,,,False,AUTORIA_NAO_COMPROVADA_NAO_INFERIR_CUSTOM_PRICE
MLB4971957699,VTK017599,active,ml:MLB4971957699:MLB7285976496,221.78,,,,,False,AUTORIA_NAO_COMPROVADA_NAO_INFERIR_CUSTOM_PRICE
MLB4971957217,VTK018451,active,,164.11,,,,,False,AUTORIA_NAO_COMPROVADA_NAO_INFERIR_CUSTOM_PRICE
MLB4971945377,VTK021397,active,ml:MLB4961750989:MLB4971945377,185.75,,,,,False,AUTORIA_NAO_COMPROVADA_NAO_INFERIR_CUSTOM_PRICE
MLB4971945321,VTK021272,active,ml:MLB4965893887:MLB4971945321,370,,,,,False,AUTORIA_NAO_COMPROVADA_NAO_INFERIR_CUSTOM_PRICE
MLB4971945255,VTK018787,active,ml:MLB4966507939:MLB4971945255,470,,,,,False,AUTORIA_NAO_COMPROVADA_NAO_INFERIR_CUSTOM_PRICE
MLB4971945209,VTK018150,active,ml:MLB4971945209:MLB7285950578,330,,,,,False,AUTORIA_NAO_COMPROVADA_NAO_INFERIR_CUSTOM_PRICE
MLB4971945165,VTK018376,active,,48.56,,,,,False,AUTORIA_NAO_COMPROVADA_NAO_INFERIR_CUSTOM_PRICE
MLB4971945063,VTK018773,active,ml:MLB4971945063:MLB7285954730,152.53,,,,,False,AUTORIA_NAO_COMPROVADA_NAO_INFERIR_CUSTOM_PRICE
MLB4971944461,VTK017362,active,ml:MLB4971944461:MLB7285987972,55,,,,,False,AUTORIA_NAO_COMPROVADA_NAO_INFERIR_CUSTOM_PRICE
MLB4971793783,VTK025632,active,item:MLB4971793783,3154.01,,,,,False,AUTORIA_NAO_COMPROVADA_NAO_INFERIR_CUSTOM_PRICE
MLB4971793599,VTK025631,active,item:MLB4971793599,2380.33,,,,,False,AUTORIA_NAO_COMPROVADA_NAO_INFERIR_CUSTOM_PRICE
MLB4971792161,VTK025626,active,item:MLB4971792161,739.22,,,,,False,AUTORIA_NAO_COMPROVADA_NAO_INFERIR_CUSTOM_PRICE
MLB4971791655,VTK025624,active,item:MLB4971791655,365.64,,,,,False,AUTORIA_NAO_COMPROVADA_NAO_INFERIR_CUSTOM_PRICE
MLB4971791503,VTK025623,active,item:MLB4971791503,703.49,,,,,False,AUTORIA_NAO_COMPROVADA_NAO_INFERIR_CUSTOM_PRICE
MLB4971791119,VTK025621,active,item:MLB4971791119,564.69,,,,,False,AUTORIA_NAO_COMPROVADA_NAO_INFERIR_CUSTOM_PRICE
MLB4971790055,VTK025615,active,item:MLB4971790055,103.36,,,,,False,AUTORIA_NAO_COMPROVADA_NAO_INFERIR_CUSTOM_PRICE
MLB4971789865,VTK025614,active,item:MLB4971789865,93.36,,,,,False,AUTORIA_NAO_COMPROVADA_NAO_INFERIR_CUSTOM_PRICE
MLB4971788485,VTK025609,active,item:MLB4971788485,520.42,,,,,False,AUTORIA_NAO_COMPROVADA_NAO_INFERIR_CUSTOM_PRICE
MLB4971788315,VTK025608,active,item:MLB4971788315,1984.54,,,,,False,AUTORIA_NAO_COMPROVADA_NAO_INFERIR_CUSTOM_PRICE
MLB4971788145,VTK025607,active,item:MLB4971788145,292.56,,,,,False,AUTORIA_NAO_COMPROVADA_NAO_INFERIR_CUSTOM_PRICE
MLB4971779907,VTK025628,active,item:MLB4971779907,736.54,,,,,False,AUTORIA_NAO_COMPROVADA_NAO_INFERIR_CUSTOM_PRICE
MLB4971779067,VTK025625,active,item:MLB4971779067,3756.76,,,,,False,AUTORIA_NAO_COMPROVADA_NAO_INFERIR_CUSTOM_PRICE
MLB4971778037,VTK025620,active,item:MLB4971778037,84.14,,,,,False,AUTORIA_NAO_COMPROVADA_NAO_INFERIR_CUSTOM_PRICE
MLB4971777851,VTK025619,active,item:MLB4971777851,257.69,,,,,False,AUTORIA_NAO_COMPROVADA_NAO_INFERIR_CUSTOM_PRICE
MLB4971777631,VTK025618,active,item:MLB4971777631,204.06,,,,,False,AUTORIA_NAO_COMPROVADA_NAO_INFERIR_CUSTOM_PRICE
MLB4971777505,VTK025617,active,item:MLB4971777505,104.93,,,,,False,AUTORIA_NAO_COMPROVADA_NAO_INFERIR_CUSTOM_PRICE
MLB4971776313,VTK025611,active,item:MLB4971776313,328.41,,,,,False,AUTORIA_NAO_COMPROVADA_NAO_INFERIR_CUSTOM_PRICE
MLB4971775189,VTK025606,active,item:MLB4971775189,459.61,,,,,False,AUTORIA_NAO_COMPROVADA_NAO_INFERIR_CUSTOM_PRICE
MLB4971775057,VTK025605,active,item:MLB4971775057,460.66,,,,,False,AUTORIA_NAO_COMPROVADA_NAO_INFERIR_CUSTOM_PRICE
MLB4971774935,VTK025604,active,item:MLB4971774935,459.32,,,,,False,AUTORIA_NAO_COMPROVADA_NAO_INFERIR_CUSTOM_PRICE
MLB4971774639,VTK025598,active,item:MLB4971774639,163.06,,,,,False,AUTORIA_NAO_COMPROVADA_NAO_INFERIR_CUSTOM_PRICE
MLB4971767375,VTK025629,active,item:MLB4971767375,856.7,,,,,False,AUTORIA_NAO_COMPROVADA_NAO_INFERIR_CUSTOM_PRICE
MLB4971766769,VTK025627,active,item:MLB4971766769,856.7,,,,,False,AUTORIA_NAO_COMPROVADA_NAO_INFERIR_CUSTOM_PRICE
MLB4971765563,VTK025622,active,item:MLB4971765563,564.95,,,,,False,AUTORIA_NAO_COMPROVADA_NAO_INFERIR_CUSTOM_PRICE
MLB4971764579,VTK025616,active,item:MLB4971764579,94.54,,,,,False,AUTORIA_NAO_COMPROVADA_NAO_INFERIR_CUSTOM_PRICE
MLB4971764101,VTK025613,active,item:MLB4971764101,217.06,,,,,False,AUTORIA_NAO_COMPROVADA_NAO_INFERIR_CUSTOM_PRICE
MLB4971763813,VTK025612,active,item:MLB4971763813,153.81,,,,,False,AUTORIA_NAO_COMPROVADA_NAO_INFERIR_CUSTOM_PRICE
MLB4971763115,VTK025610,active,item:MLB4971763115,294.59,,,,,False,AUTORIA_NAO_COMPROVADA_NAO_INFERIR_CUSTOM_PRICE
MLB4971761947,VTK025599,active,item:MLB4971761947,202.19,,,,,False,AUTORIA_NAO_COMPROVADA_NAO_INFERIR_CUSTOM_PRICE
MLB4971761649,VTK025597,active,item:MLB4971761649,87.57,,,,,False,AUTORIA_NAO_COMPROVADA_NAO_INFERIR_CUSTOM_PRICE
MLB4971641475,VTK025508,active,item:MLB4971641475,755.2,,,,,False,AUTORIA_NAO_COMPROVADA_NAO_INFERIR_CUSTOM_PRICE
MLB4971640667,VTK025504,active,item:MLB4971640667,542.97,,,,,False,AUTORIA_NAO_COMPROVADA_NAO_INFERIR_CUSTOM_PRICE
MLB4971632129,VTK025496,active,item:MLB4971632129,648.76,,,,,False,AUTORIA_NAO_COMPROVADA_NAO_INFERIR_CUSTOM_PRICE
MLB4971628841,VTK025509,active,item:MLB4971628841,851.38,,,,,False,AUTORIA_NAO_COMPROVADA_NAO_INFERIR_CUSTOM_PRICE
MLB4971628399,VTK025507,active,item:MLB4971628399,115.72,,,,,False,AUTORIA_NAO_COMPROVADA_NAO_INFERIR_CUSTOM_PRICE
MLB4971628035,VTK025505,active,item:MLB4971628035,1470.59,,,,,False,AUTORIA_NAO_COMPROVADA_NAO_INFERIR_CUSTOM_PRICE
MLB4971618579,VTK025493,active,item:MLB4971618579,372.11,,,,,False,AUTORIA_NAO_COMPROVADA_NAO_INFERIR_CUSTOM_PRICE
MLB4971617971,VTK025510,active,item:MLB4971617971,251.61,,,,,False,AUTORIA_NAO_COMPROVADA_NAO_INFERIR_CUSTOM_PRICE
MLB4971615329,VTK025506,active,item:MLB4971615329,1473.49,,,,,False,AUTORIA_NAO_COMPROVADA_NAO_INFERIR_CUSTOM_PRICE
MLB4971614669,VTK025503,active,item:MLB4971614669,418.06,,,,,False,AUTORIA_NAO_COMPROVADA_NAO_INFERIR_CUSTOM_PRICE
MLB4971614361,VTK025502,active,item:MLB4971614361,174.31,,,,,False,AUTORIA_NAO_COMPROVADA_NAO_INFERIR_CUSTOM_PRICE
MLB4971614189,VTK025501,active,item:MLB4971614189,171.44,,,,,False,AUTORIA_NAO_COMPROVADA_NAO_INFERIR_CUSTOM_PRICE
MLB4971606293,VTK025495,active,item:MLB4971606293,130.2,,,,,False,AUTORIA_NAO_COMPROVADA_NAO_INFERIR_CUSTOM_PRICE
MLB4971606053,VTK025494,active,item:MLB4971606053,484.81,,,,,False,AUTORIA_NAO_COMPROVADA_NAO_INFERIR_CUSTOM_PRICE
MLB4971513533,VTK025456,active,item:MLB4971513533,266.25,,,,,False,AUTORIA_NAO_COMPROVADA_NAO_INFERIR_CUSTOM_PRICE
MLB4971510899,VTK025455,active,item:MLB4971510899,180.06,,,,,False,AUTORIA_NAO_COMPROVADA_NAO_INFERIR_CUSTOM_PRICE
MLB4971508343,VTK025454,active,item:MLB4971508343,147.04,,,,,False,AUTORIA_NAO_COMPROVADA_NAO_INFERIR_CUSTOM_PRICE
MLB4971505965,VTK025453,active,item:MLB4971505965,360.28,,,,,False,AUTORIA_NAO_COMPROVADA_NAO_INFERIR_CUSTOM_PRICE
MLB4971478509,VTK025452,active,item:MLB4971478509,402.88,,,,,False,AUTORIA_NAO_COMPROVADA_NAO_INFERIR_CUSTOM_PRICE
MLB4970816113,VTK025389,active,ml:MLB4970816113:MLB7316881936,125.67,,,,,False,AUTORIA_NAO_COMPROVADA_NAO_INFERIR_CUSTOM_PRICE
MLB4970805149,VTK025390,active,item:MLB4970805149,170.99,,,,,False,AUTORIA_NAO_COMPROVADA_NAO_INFERIR_CUSTOM_PRICE
MLB4970799933,VTK025386,active,item:MLB4970799933,150.36,,,,,False,AUTORIA_NAO_COMPROVADA_NAO_INFERIR_CUSTOM_PRICE
MLB4970789649,VTK025387,active,item:MLB4970789649,132.42,,,,,False,AUTORIA_NAO_COMPROVADA_NAO_INFERIR_CUSTOM_PRICE
MLB4970649165,VTK025376,active,item:MLB4970649165,126.82,,,,,False,AUTORIA_NAO_COMPROVADA_NAO_INFERIR_CUSTOM_PRICE
MLB4970643115,VTK025379,active,item:MLB4970643115,133.44,,,,,False,AUTORIA_NAO_COMPROVADA_NAO_INFERIR_CUSTOM_PRICE
MLB4970641373,VTK025378,active,item:MLB4970641373,139.55,,,,,False,AUTORIA_NAO_COMPROVADA_NAO_INFERIR_CUSTOM_PRICE
MLB4970630735,VTK025372,active,item:MLB4970630735,144.39,,,,,False,AUTORIA_NAO_COMPROVADA_NAO_INFERIR_CUSTOM_PRICE
MLB4970613593,VTK025377,active,item:MLB4970613593,140.06,,,,,False,AUTORIA_NAO_COMPROVADA_NAO_INFERIR_CUSTOM_PRICE
MLB4970610271,VTK025375,active,ml:MLB4970610271:MLB7314820696,126.82,,,,,False,AUTORIA_NAO_COMPROVADA_NAO_INFERIR_CUSTOM_PRICE
MLB4970608687,VTK025374,active,ml:MLB4970608687:MLB7330397080,124.52,,,,,False,AUTORIA_NAO_COMPROVADA_NAO_INFERIR_CUSTOM_PRICE
MLB4970606941,VTK025373,active,item:MLB4970606941,153.63,,,,,False,AUTORIA_NAO_COMPROVADA_NAO_INFERIR_CUSTOM_PRICE
MLB4970469339,VTK025358,active,ml:MLB4970469339:MLB7330398476,73.41,,,,,False,AUTORIA_NAO_COMPROVADA_NAO_INFERIR_CUSTOM_PRICE
MLB4970467431,VTK025357,active,ml:MLB4970467431:MLB7320340366,113.75,,,,,False,AUTORIA_NAO_COMPROVADA_NAO_INFERIR_CUSTOM_PRICE
MLB4970463661,VTK025356,active,ml:MLB4970463661:MLB7317384112,133.24,,,,,False,AUTORIA_NAO_COMPROVADA_NAO_INFERIR_CUSTOM_PRICE
MLB4970461121,VTK025360,active,item:MLB4970461121,116.27,,,,,False,AUTORIA_NAO_COMPROVADA_NAO_INFERIR_CUSTOM_PRICE
MLB4970449457,VTK025354,active,item:MLB4970449457,85.01,,,,,False,AUTORIA_NAO_COMPROVADA_NAO_INFERIR_CUSTOM_PRICE
MLB4970446455,VTK025359,active,ml:MLB4970446455:MLB7381240938,83.5,,,,,False,AUTORIA_NAO_COMPROVADA_NAO_INFERIR_CUSTOM_PRICE
MLB4970336455,VTK025346,active,ml:MLB4970336455:MLB7314819678,108.47,,,,,False,AUTORIA_NAO_COMPROVADA_NAO_INFERIR_CUSTOM_PRICE
MLB4970333427,VTK025345,active,item:MLB4970333427,119.17,,,,,False,AUTORIA_NAO_COMPROVADA_NAO_INFERIR_CUSTOM_PRICE
MLB4970329507,VTK025348,active,ml:MLB4970329507:MLB4994228699,93.44,,,,,False,AUTORIA_NAO_COMPROVADA_NAO_INFERIR_CUSTOM_PRICE
MLB4970326945,VTK025347,active,item:MLB4970326945,113.41,,,,,False,AUTORIA_NAO_COMPROVADA_NAO_INFERIR_CUSTOM_PRICE
MLB4970305855,VTK025343,active,item:MLB4970305855,111.53,,,,,False,AUTORIA_NAO_COMPROVADA_NAO_INFERIR_CUSTOM_PRICE
MLB4967561865,VTK025338,active,item:MLB4967561865,379.75,,,,,False,AUTORIA_NAO_COMPROVADA_NAO_INFERIR_CUSTOM_PRICE
MLB4967559427,VTK025327,active,item:MLB4967559427,328.12,,,,,False,AUTORIA_NAO_COMPROVADA_NAO_INFERIR_CUSTOM_PRICE
MLB4967557183,VTK025322,active,item:MLB4967557183,356.54,,,,,False,AUTORIA_NAO_COMPROVADA_NAO_INFERIR_CUSTOM_PRICE
MLB4967556843,VTK025320,active,item:MLB4967556843,304.1,,,,,False,AUTORIA_NAO_COMPROVADA_NAO_INFERIR_CUSTOM_PRICE
MLB4967556439,VTK025319,active,item:MLB4967556439,294.04,,,,,False,AUTORIA_NAO_COMPROVADA_NAO_INFERIR_CUSTOM_PRICE
MLB4967553101,VTK025311,active,item:MLB4967553101,265.46,,,,,False,AUTORIA_NAO_COMPROVADA_NAO_INFERIR_CUSTOM_PRICE
MLB4967552445,VTK025308,active,ml:MLB4967552445:MLB7320340410,262.32,,,,,False,AUTORIA_NAO_COMPROVADA_NAO_INFERIR_CUSTOM_PRICE
MLB4967550511,VTK025299,active,item:MLB4967550511,179.91,,,,,False,AUTORIA_NAO_COMPROVADA_NAO_INFERIR_CUSTOM_PRICE
MLB4967549805,VTK025297,active,item:MLB4967549805,186.89,,,,,False,AUTORIA_NAO_COMPROVADA_NAO_INFERIR_CUSTOM_PRICE
MLB4967510399,VTK025332,active,item:MLB4967510399,334.24,,,,,False,AUTORIA_NAO_COMPROVADA_NAO_INFERIR_CUSTOM_PRICE
MLB4967509981,VTK025331,active,item:MLB4967509981,338.86,,,,,False,AUTORIA_NAO_COMPROVADA_NAO_INFERIR_CUSTOM_PRICE
MLB4967509591,VTK025328,active,item:MLB4967509591,345.48,,,,,False,AUTORIA_NAO_COMPROVADA_NAO_INFERIR_CUSTOM_PRICE
MLB4967507709,VTK025324,active,item:MLB4967507709,300.7,,,,,False,AUTORIA_NAO_COMPROVADA_NAO_INFERIR_CUSTOM_PRICE
MLB4967505465,VTK025318,active,item:MLB4967505465,265.3,,,,,False,AUTORIA_NAO_COMPROVADA_NAO_INFERIR_CUSTOM_PRICE
MLB4967504623,VTK025317,active,ml:MLB4967504623:MLB7330398878,255.84,,,,,False,AUTORIA_NAO_COMPROVADA_NAO_INFERIR_CUSTOM_PRICE
MLB4967503971,VTK025315,active,item:MLB4967503971,308.06,,,,,False,AUTORIA_NAO_COMPROVADA_NAO_INFERIR_CUSTOM_PRICE
MLB4967502955,VTK025312,active,item:MLB4967502955,232.2,,,,,False,AUTORIA_NAO_COMPROVADA_NAO_INFERIR_CUSTOM_PRICE
MLB4967496375,VTK025326,active,item:MLB4967496375,406.25,,,,,False,AUTORIA_NAO_COMPROVADA_NAO_INFERIR_CUSTOM_PRICE
MLB4967495817,VTK025325,active,item:MLB4967495817,298.4,,,,,False,AUTORIA_NAO_COMPROVADA_NAO_INFERIR_CUSTOM_PRICE
MLB4967490873,VTK025313,active,item:MLB4967490873,254.49,,,,,False,AUTORIA_NAO_COMPROVADA_NAO_INFERIR_CUSTOM_PRICE
MLB4967489729,VTK025310,active,item:MLB4967489729,224.39,,,,,False,AUTORIA_NAO_COMPROVADA_NAO_INFERIR_CUSTOM_PRICE
MLB4967489147,VTK025306,active,item:MLB4967489147,216.65,,,,,False,AUTORIA_NAO_COMPROVADA_NAO_INFERIR_CUSTOM_PRICE
MLB4967488809,VTK025305,active,item:MLB4967488809,199.01,,,,,False,AUTORIA_NAO_COMPROVADA_NAO_INFERIR_CUSTOM_PRICE
MLB4967488551,VTK025304,active,item:MLB4967488551,224.95,,,,,False,AUTORIA_NAO_COMPROVADA_NAO_INFERIR_CUSTOM_PRICE
MLB4967488273,VTK025303,active,item:MLB4967488273,185.2,,,,,False,AUTORIA_NAO_COMPROVADA_NAO_INFERIR_CUSTOM_PRICE
MLB4967487745,VTK025301,active,item:MLB4967487745,217.55,,,,,False,AUTORIA_NAO_COMPROVADA_NAO_INFERIR_CUSTOM_PRICE
MLB4967487089,VTK025298,active,item:MLB4967487089,170.22,,,,,False,AUTORIA_NAO_COMPROVADA_NAO_INFERIR_CUSTOM_PRICE
MLB4841873353,VTK000038,active,ml:MLB4836086361:MLB4841873353,1370,,,,,False,AUTORIA_NAO_COMPROVADA_NAO_INFERIR_CUSTOM_PRICE
MLB4836086361,VTK000038,active,ml:MLB4836086361:MLB4841873353,1370,,,,,False,AUTORIA_NAO_COMPROVADA_NAO_INFERIR_CUSTOM_PRICE
MLB7298190190,VTK012753,active,ml:MLB7111656132:MLB7298190190,331.11,,,,,False,AUTORIA_NAO_COMPROVADA_NAO_INFERIR_CUSTOM_PRICE
MLB7298190174,VTK012509,active,ml:MLB7111661128:MLB7298190174,95,,,,,False,AUTORIA_NAO_COMPROVADA_NAO_INFERIR_CUSTOM_PRICE
MLB7298177250,VTK017221,active,,56.64,,,,,False,AUTORIA_NAO_COMPROVADA_NAO_INFERIR_CUSTOM_PRICE
MLB7298177242,VTK012636,active,ml:MLB7111654754:MLB7298177242,2170,,,,,False,AUTORIA_NAO_COMPROVADA_NAO_INFERIR_CUSTOM_PRICE
MLB7298177226,VTK012637,active,ml:MLB7111643110:MLB7298177226,1140,,,,,False,AUTORIA_NAO_COMPROVADA_NAO_INFERIR_CUSTOM_PRICE
MLB7310368088,VTK025634,active,ml:MLB7310368088:MLB7317384276,65.14,,,,,False,AUTORIA_NAO_COMPROVADA_NAO_INFERIR_CUSTOM_PRICE
MLB7305856632,VTK015984,active,ml:MLB4903868313:MLB7305856632,635.75,,,,,False,AUTORIA_NAO_COMPROVADA_NAO_INFERIR_CUSTOM_PRICE
MLB7305856598,VTK016238,active,ml:MLB4903855799:MLB7305856598,361.3,,,,,False,AUTORIA_NAO_COMPROVADA_NAO_INFERIR_CUSTOM_PRICE
MLB4980622371,VTK025834,active,item:MLB4980622371,206.31,,,,,False,AUTORIA_NAO_COMPROVADA_NAO_INFERIR_CUSTOM_PRICE
MLB4980621051,VTK025833,active,item:MLB4980621051,208.06,,,,,False,AUTORIA_NAO_COMPROVADA_NAO_INFERIR_CUSTOM_PRICE
MLB4980620237,VTK025820,active,item:MLB4980620237,184.94,,,,,False,AUTORIA_NAO_COMPROVADA_NAO_INFERIR_CUSTOM_PRICE
MLB4980618633,VTK025790,active,item:MLB4980618633,158.44,,,,,False,AUTORIA_NAO_COMPROVADA_NAO_INFERIR_CUSTOM_PRICE
MLB4980618509,VTK025789,active,item:MLB4980618509,174.44,,,,,False,AUTORIA_NAO_COMPROVADA_NAO_INFERIR_CUSTOM_PRICE
MLB4980618439,VTK025763,active,item:MLB4980618439,144.54,,,,,False,AUTORIA_NAO_COMPROVADA_NAO_INFERIR_CUSTOM_PRICE
MLB4980617917,VTK025761,active,item:MLB4980617917,147.7,,,,,False,AUTORIA_NAO_COMPROVADA_NAO_INFERIR_CUSTOM_PRICE
MLB4980617349,VTK025729,active,item:MLB4980617349,111.38,,,,,False,AUTORIA_NAO_COMPROVADA_NAO_INFERIR_CUSTOM_PRICE
MLB4980617149,VTK025694,active,item:MLB4980617149,89.93,,,,,False,AUTORIA_NAO_COMPROVADA_NAO_INFERIR_CUSTOM_PRICE
MLB4980616347,VTK025691,active,item:MLB4980616347,94.28,,,,,False,AUTORIA_NAO_COMPROVADA_NAO_INFERIR_CUSTOM_PRICE
MLB4980616177,VTK025662,active,item:MLB4980616177,75.99,,,,,False,AUTORIA_NAO_COMPROVADA_NAO_INFERIR_CUSTOM_PRICE
MLB4980616077,VTK025660,active,item:MLB4980616077,79.28,,,,,False,AUTORIA_NAO_COMPROVADA_NAO_INFERIR_CUSTOM_PRICE
MLB4980610069,VTK025836,active,item:MLB4980610069,204.31,,,,,False,AUTORIA_NAO_COMPROVADA_NAO_INFERIR_CUSTOM_PRICE
MLB4980608215,VTK025831,active,item:MLB4980608215,247.94,,,,,False,AUTORIA_NAO_COMPROVADA_NAO_INFERIR_CUSTOM_PRICE
MLB4980607667,VTK025819,active,item:MLB4980607667,186.13,,,,,False,AUTORIA_NAO_COMPROVADA_NAO_INFERIR_CUSTOM_PRICE
MLB4980607567,VTK025818,active,item:MLB4980607567,188.94,,,,,False,AUTORIA_NAO_COMPROVADA_NAO_INFERIR_CUSTOM_PRICE
MLB4980607411,VTK025817,active,item:MLB4980607411,201.94,,,,,False,AUTORIA_NAO_COMPROVADA_NAO_INFERIR_CUSTOM_PRICE
MLB4980606501,VTK025792,active,item:MLB4980606501,156.06,,,,,False,AUTORIA_NAO_COMPROVADA_NAO_INFERIR_CUSTOM_PRICE
MLB4980606307,VTK025791,active,item:MLB4980606307,156.25,,,,,False,AUTORIA_NAO_COMPROVADA_NAO_INFERIR_CUSTOM_PRICE
MLB4980605821,VTK025762,active,item:MLB4980605821,145.72,,,,,False,AUTORIA_NAO_COMPROVADA_NAO_INFERIR_CUSTOM_PRICE
MLB4980605137,VTK025749,active,item:MLB4980605137,131.05,,,,,False,AUTORIA_NAO_COMPROVADA_NAO_INFERIR_CUSTOM_PRICE
MLB4980605101,VTK025748,active,item:MLB4980605101,131.64,,,,,False,AUTORIA_NAO_COMPROVADA_NAO_INFERIR_CUSTOM_PRICE
MLB4980604993,VTK025730,active,ml:MLB4980604993:MLB5005555553,110.59,,,,,False,AUTORIA_NAO_COMPROVADA_NAO_INFERIR_CUSTOM_PRICE
MLB4980604843,VTK025728,active,item:MLB4980604843,111.78,,,,,False,AUTORIA_NAO_COMPROVADA_NAO_INFERIR_CUSTOM_PRICE
MLB4980603739,VTK025663,active,item:MLB4980603739,74.41,,,,,False,AUTORIA_NAO_COMPROVADA_NAO_INFERIR_CUSTOM_PRICE
MLB4980603325,VTK025661,active,item:MLB4980603325,75.46,,,,,False,AUTORIA_NAO_COMPROVADA_NAO_INFERIR_CUSTOM_PRICE
MLB4980596715,VTK025830,active,item:MLB4980596715,247.94,,,,,False,AUTORIA_NAO_COMPROVADA_NAO_INFERIR_CUSTOM_PRICE
MLB4980595951,VTK025800,active,item:MLB4980595951,170.81,,,,,False,AUTORIA_NAO_COMPROVADA_NAO_INFERIR_CUSTOM_PRICE
MLB4980595833,VTK025799,active,item:MLB4980595833,171.69,,,,,False,AUTORIA_NAO_COMPROVADA_NAO_INFERIR_CUSTOM_PRICE
MLB4980595591,VTK025798,active,item:MLB4980595591,173.69,,,,,False,AUTORIA_NAO_COMPROVADA_NAO_INFERIR_CUSTOM_PRICE
MLB4980595457,VTK025797,active,item:MLB4980595457,181.19,,,,,False,AUTORIA_NAO_COMPROVADA_NAO_INFERIR_CUSTOM_PRICE
MLB4980594043,VTK025760,active,item:MLB4980594043,148.94,,,,,False,AUTORIA_NAO_COMPROVADA_NAO_INFERIR_CUSTOM_PRICE
MLB4980593935,VTK025750,active,item:MLB4980593935,132.43,,,,,False,AUTORIA_NAO_COMPROVADA_NAO_INFERIR_CUSTOM_PRICE
MLB4980593763,VTK025747,active,item:MLB4980593763,141.91,,,,,False,AUTORIA_NAO_COMPROVADA_NAO_INFERIR_CUSTOM_PRICE
MLB4980593519,VTK025727,active,item:MLB4980593519,116.38,,,,,False,AUTORIA_NAO_COMPROVADA_NAO_INFERIR_CUSTOM_PRICE
MLB4980593325,VTK025693,active,item:MLB4980593325,91.71,,,,,False,AUTORIA_NAO_COMPROVADA_NAO_INFERIR_CUSTOM_PRICE
MLB4980593067,VTK025692,active,item:MLB4980593067,89.17,,,,,False,AUTORIA_NAO_COMPROVADA_NAO_INFERIR_CUSTOM_PRICE
MLB4980470955,VTK025870,active,item:MLB4980470955,363.72,,,,,False,AUTORIA_NAO_COMPROVADA_NAO_INFERIR_CUSTOM_PRICE
MLB7009932680,VTK000192,active,ml:MLB4824321721:MLB7009932680,319,,,,,False,AUTORIA_NAO_COMPROVADA_NAO_INFERIR_CUSTOM_PRICE
MLB4824321721,VTK000192,active,ml:MLB4824321721:MLB7009932680,319,,,,,False,AUTORIA_NAO_COMPROVADA_NAO_INFERIR_CUSTOM_PRICE
MLB7314824310,VTK012706,active,ml:MLB7111654764:MLB7314824310,1989,,,,,False,AUTORIA_NAO_COMPROVADA_NAO_INFERIR_CUSTOM_PRICE
MLB7314824306,VTK003442,active,ml:MLB7111713306:MLB7314824306,41.44,,,,,False,AUTORIA_NAO_COMPROVADA_NAO_INFERIR_CUSTOM_PRICE
MLB7314824296,VTK000399,active,,64.56,,,,,False,AUTORIA_NAO_COMPROVADA_NAO_INFERIR_CUSTOM_PRICE
MLB7314824182,VTK012149,active,ml:MLB4857636983:MLB7314824182,37,,,,,False,AUTORIA_NAO_COMPROVADA_NAO_INFERIR_CUSTOM_PRICE
MLB7314824104,VTK017449,active,ml:MLB4937479755:MLB7314824104,55.31,,,,,False,AUTORIA_NAO_COMPROVADA_NAO_INFERIR_CUSTOM_PRICE
MLB7314823954,VTK018645,active,ml:MLB4937523965:MLB7314823954,423,,,,,False,AUTORIA_NAO_COMPROVADA_NAO_INFERIR_CUSTOM_PRICE
MLB7314823508,VTK016202,active,ml:MLB4903534405:MLB7314823508,66.16,,,,,False,AUTORIA_NAO_COMPROVADA_NAO_INFERIR_CUSTOM_PRICE
MLB7314823234,VTK002834,active,ml:MLB4857623479:MLB7314823234,45,,,,,False,AUTORIA_NAO_COMPROVADA_NAO_INFERIR_CUSTOM_PRICE
MLB7314823222,VTK000453,active,ml:MLB4841991409:MLB7314823222,267,,,,,False,AUTORIA_NAO_COMPROVADA_NAO_INFERIR_CUSTOM_PRICE
MLB7314823006,VTK012158,active,ml:MLB7111706604:MLB7314823006,94,,,,,False,AUTORIA_NAO_COMPROVADA_NAO_INFERIR_CUSTOM_PRICE
MLB7314822926,VTK012576,active,ml:MLB7111642212:MLB7314822926,2252.32,,,,,False,AUTORIA_NAO_COMPROVADA_NAO_INFERIR_CUSTOM_PRICE
MLB7314821136,VTK012005,active,ml:MLB7111658092:MLB7314821136,91.87,,,,,False,AUTORIA_NAO_COMPROVADA_NAO_INFERIR_CUSTOM_PRICE
MLB7314820970,VTK000044,active,ml:MLB7111713886:MLB7314820970,34,,,,,False,AUTORIA_NAO_COMPROVADA_NAO_INFERIR_CUSTOM_PRICE
MLB7314820914,VTK023620,active,ml:MLB4981506269:MLB7314820914,56,,,,,False,AUTORIA_NAO_COMPROVADA_NAO_INFERIR_CUSTOM_PRICE
MLB7314820764,VTK000534,active,ml:MLB7238909924:MLB7314820764,38,,,,,False,AUTORIA_NAO_COMPROVADA_NAO_INFERIR_CUSTOM_PRICE
MLB7314820706,VTK012752,active,ml:MLB4857540853:MLB7314820706,327.5,,,,,False,AUTORIA_NAO_COMPROVADA_NAO_INFERIR_CUSTOM_PRICE
MLB7314820696,VTK025375,active,ml:MLB4970610271:MLB7314820696,126.82,,,,,False,AUTORIA_NAO_COMPROVADA_NAO_INFERIR_CUSTOM_PRICE
MLB7314820690,VTK017389,active,,81.46,,,,,False,AUTORIA_NAO_COMPROVADA_NAO_INFERIR_CUSTOM_PRICE
MLB7314820636,VTK017576,active,,46.21,,,,,False,AUTORIA_NAO_COMPROVADA_NAO_INFERIR_CUSTOM_PRICE
MLB7314820634,VTK017792,active,ml:MLB7239012274:MLB7314820634,50,,,,,False,AUTORIA_NAO_COMPROVADA_NAO_INFERIR_CUSTOM_PRICE
MLB7314820046,VTK013077,active,ml:MLB4930461593:MLB7314820046,54,,,,,False,AUTORIA_NAO_COMPROVADA_NAO_INFERIR_CUSTOM_PRICE
MLB7314819908,VTK017347,active,,55.75,,,,,False,AUTORIA_NAO_COMPROVADA_NAO_INFERIR_CUSTOM_PRICE
MLB7314819882,VTK025675,active,ml:MLB4972449035:MLB7314819882,117.55,,,,,False,AUTORIA_NAO_COMPROVADA_NAO_INFERIR_CUSTOM_PRICE
MLB7314819690,VTK012181,active,ml:MLB4857625031:MLB7314819690,31.45,,,,,False,AUTORIA_NAO_COMPROVADA_NAO_INFERIR_CUSTOM_PRICE
MLB7314819678,VTK025346,active,ml:MLB4970336455:MLB7314819678,108.47,,,,,False,AUTORIA_NAO_COMPROVADA_NAO_INFERIR_CUSTOM_PRICE
MLB7314819664,VTK016234,active,ml:MLB4903508597:MLB7314819664,34.36,,,,,False,AUTORIA_NAO_COMPROVADA_NAO_INFERIR_CUSTOM_PRICE
MLB7314819606,VTK025250,active,ml:MLB7287228026:MLB7314819606,449.54,,,,,False,AUTORIA_NAO_COMPROVADA_NAO_INFERIR_CUSTOM_PRICE
MLB7314819554,VTK012019,active,ml:MLB7111645298:MLB7314819554,127.99,,,,,False,AUTORIA_NAO_COMPROVADA_NAO_INFERIR_CUSTOM_PRICE
MLB7314819544,VTK000411,active,ml:MLB7111661768:MLB7314819544,105,,,,,False,AUTORIA_NAO_COMPROVADA_NAO_INFERIR_CUSTOM_PRICE
MLB7313984046,VTK025296,active,ml:MLB7287867298:MLB7313984046,154.63,,,,,False,AUTORIA_NAO_COMPROVADA_NAO_INFERIR_CUSTOM_PRICE
MLB7313984042,VTK012594,active,ml:MLB7111708146:MLB7313984042,63,,,,,False,AUTORIA_NAO_COMPROVADA_NAO_INFERIR_CUSTOM_PRICE
MLB7313984020,VTK012028,active,,26.98,,,,,False,AUTORIA_NAO_COMPROVADA_NAO_INFERIR_CUSTOM_PRICE
MLB7313984018,VTK016206,active,ml:MLB7184762956:MLB7313984018,212.09,,,,,False,AUTORIA_NAO_COMPROVADA_NAO_INFERIR_CUSTOM_PRICE
MLB7313984006,VTK005803,active,ml:MLB4857530911:MLB7313984006,140.31,,,,,False,AUTORIA_NAO_COMPROVADA_NAO_INFERIR_CUSTOM_PRICE
MLB7313984002,VTK000230,active,ml:MLB4857636795:MLB7313984002,39,,,,,False,AUTORIA_NAO_COMPROVADA_NAO_INFERIR_CUSTOM_PRICE
MLB7313983882,VTK017368,active,ml:MLB4937523881:MLB7313983882,78.9,,,,,False,AUTORIA_NAO_COMPROVADA_NAO_INFERIR_CUSTOM_PRICE
MLB7313983342,VTK000449,active,ml:MLB7111706994:MLB7313983342,101.8,,,,,False,AUTORIA_NAO_COMPROVADA_NAO_INFERIR_CUSTOM_PRICE
MLB7313983026,VTK025261,active,ml:MLB4967188037:MLB7313983026,605.71,,,,,False,AUTORIA_NAO_COMPROVADA_NAO_INFERIR_CUSTOM_PRICE
MLB7313982872,VTK012000,active,ml:MLB7111711606:MLB7313982872,50,,,,,False,AUTORIA_NAO_COMPROVADA_NAO_INFERIR_CUSTOM_PRICE
MLB7313982646,VTK016003,active,ml:MLB4903509625:MLB7313982646,61.54,,,,,False,AUTORIA_NAO_COMPROVADA_NAO_INFERIR_CUSTOM_PRICE
MLB7313980660,VTK018526,active,,65.58,,,,,False,AUTORIA_NAO_COMPROVADA_NAO_INFERIR_CUSTOM_PRICE
MLB7313980490,VTK025649,active,ml:MLB4972433603:MLB7313980490,69.67,,,,,False,AUTORIA_NAO_COMPROVADA_NAO_INFERIR_CUSTOM_PRICE
MLB7313979706,VTK012696,active,ml:MLB4857622889:MLB7313979706,51,,,,,False,AUTORIA_NAO_COMPROVADA_NAO_INFERIR_CUSTOM_PRICE
MLB7313979680,VTK012119,active,ml:MLB4857623203:MLB7313979680,46,,,,,False,AUTORIA_NAO_COMPROVADA_NAO_INFERIR_CUSTOM_PRICE
MLB7313979674,VTK018408,active,ml:MLB4981360527:MLB7313979674,1590,,,,,False,AUTORIA_NAO_COMPROVADA_NAO_INFERIR_CUSTOM_PRICE
MLB7313979556,VTK013097,active,ml:MLB7227689886:MLB7313979556,2699,,,,,False,AUTORIA_NAO_COMPROVADA_NAO_INFERIR_CUSTOM_PRICE
MLB7313979460,VTK002315,active,ml:MLB4857636813:MLB7313979460,31,,,,,False,AUTORIA_NAO_COMPROVADA_NAO_INFERIR_CUSTOM_PRICE
MLB7313979446,VTK012438,active,,82.06,,,,,False,AUTORIA_NAO_COMPROVADA_NAO_INFERIR_CUSTOM_PRICE
MLB7313979440,VTK001624,active,,39.46,,,,,False,AUTORIA_NAO_COMPROVADA_NAO_INFERIR_CUSTOM_PRICE
MLB7313979402,VTK012535,active,,59.88,,,,,False,AUTORIA_NAO_COMPROVADA_NAO_INFERIR_CUSTOM_PRICE
MLB7313979328,VTK020597,active,ml:MLB4981312627:MLB7313979328,750,,,,,False,AUTORIA_NAO_COMPROVADA_NAO_INFERIR_CUSTOM_PRICE
MLB7313979306,VTK012021,active,ml:MLB7111648792:MLB7313979306,78.9,,,,,False,AUTORIA_NAO_COMPROVADA_NAO_INFERIR_CUSTOM_PRICE
MLB7313975858,VTK019005,active,ml:MLB4937396643:MLB7313975858,2070,,,,,False,AUTORIA_NAO_COMPROVADA_NAO_INFERIR_CUSTOM_PRICE
MLB7313975298,VTK012167,active,ml:MLB4857638535:MLB7313975298,26.1,,,,,False,AUTORIA_NAO_COMPROVADA_NAO_INFERIR_CUSTOM_PRICE
MLB7313972932,VTK025254,active,ml:MLB7287243078:MLB7313972932,449.54,,,,,False,AUTORIA_NAO_COMPROVADA_NAO_INFERIR_CUSTOM_PRICE
MLB7313972918,VTK001744,active,ml:MLB7111656974:MLB7313972918,213.99,,,,,False,AUTORIA_NAO_COMPROVADA_NAO_INFERIR_CUSTOM_PRICE
MLB7313972902,VTK000346,active,ml:MLB7009884118:MLB7313972902,280.87,,,,,False,AUTORIA_NAO_COMPROVADA_NAO_INFERIR_CUSTOM_PRICE
MLB7313972866,VTK018492,active,ml:MLB7239005700:MLB7313972866,890,,,,,False,AUTORIA_NAO_COMPROVADA_NAO_INFERIR_CUSTOM_PRICE
MLB7313972464,VTK016061,active,ml:MLB7184742950:MLB7313972464,135.33,,,,,False,AUTORIA_NAO_COMPROVADA_NAO_INFERIR_CUSTOM_PRICE
MLB7313972440,VTK003174,active,ml:MLB7111711676:MLB7313972440,51,,,,,False,AUTORIA_NAO_COMPROVADA_NAO_INFERIR_CUSTOM_PRICE
MLB7313972378,VTK018148,active,ml:MLB4966508585:MLB7313972378,299,,,,,False,AUTORIA_NAO_COMPROVADA_NAO_INFERIR_CUSTOM_PRICE
MLB7313972262,VTK017388,active,ml:MLB4937561087:MLB7313972262,67.81,,,,,False,AUTORIA_NAO_COMPROVADA_NAO_INFERIR_CUSTOM_PRICE
MLB7313972248,VTK025249,active,ml:MLB7287177370:MLB7313972248,410.22,,,,,False,AUTORIA_NAO_COMPROVADA_NAO_INFERIR_CUSTOM_PRICE
MLB7313972188,VTK003007,active,ml:MLB7087421362:MLB7313972188,218.65,,,,,False,AUTORIA_NAO_COMPROVADA_NAO_INFERIR_CUSTOM_PRICE
MLB7313972084,VTK000678,active,ml:MLB4842179537:MLB7313972084,340,,,,,False,AUTORIA_NAO_COMPROVADA_NAO_INFERIR_CUSTOM_PRICE
MLB7313516646,VTK015944,active,ml:MLB4903781749:MLB7313516646,74.51,,,,,False,AUTORIA_NAO_COMPROVADA_NAO_INFERIR_CUSTOM_PRICE
MLB7313516632,VTK016214,active,ml:MLB7184738624:MLB7313516632,95.46,,,,,False,AUTORIA_NAO_COMPROVADA_NAO_INFERIR_CUSTOM_PRICE
MLB7313273036,VTK018723,active,,102.46,,,,,False,AUTORIA_NAO_COMPROVADA_NAO_INFERIR_CUSTOM_PRICE
MLB7313273030,VTK017352,active,ml:MLB4981311687:MLB7313273030,94.33,,,,,False,AUTORIA_NAO_COMPROVADA_NAO_INFERIR_CUSTOM_PRICE
MLB7313007222,VTK000240,active,ml:MLB4981359099:MLB7313007222,47.18,,,,,False,AUTORIA_NAO_COMPROVADA_NAO_INFERIR_CUSTOM_PRICE
MLB7311698800,VTK019158,active,,181.28,,,,,False,AUTORIA_NAO_COMPROVADA_NAO_INFERIR_CUSTOM_PRICE
MLB7311575674,VTK018706,active,item:MLB7311575674,142.66,,,,,False,AUTORIA_NAO_COMPROVADA_NAO_INFERIR_CUSTOM_PRICE
MLB7311575302,VTK018130,active,item:MLB7311575302,59.35,,,,,False,AUTORIA_NAO_COMPROVADA_NAO_INFERIR_CUSTOM_PRICE
MLB7311574752,VTK017986,active,item:MLB7311574752,1099,,,,,False,AUTORIA_NAO_COMPROVADA_NAO_INFERIR_CUSTOM_PRICE
MLB7311574210,VTK017812,active,,46.82,,,,,False,AUTORIA_NAO_COMPROVADA_NAO_INFERIR_CUSTOM_PRICE
MLB7311573580,VTK017751,active,item:MLB7311573580,57.94,,,,,False,AUTORIA_NAO_COMPROVADA_NAO_INFERIR_CUSTOM_PRICE
MLB7311573484,VTK017645,active,item:MLB7311573484,62.77,,,,,False,AUTORIA_NAO_COMPROVADA_NAO_INFERIR_CUSTOM_PRICE
MLB7311573318,VTK017347,active,,55.75,,,,,False,AUTORIA_NAO_COMPROVADA_NAO_INFERIR_CUSTOM_PRICE
MLB7311540276,VTK018107,active,item:MLB7311540276,390,,,,,False,AUTORIA_NAO_COMPROVADA_NAO_INFERIR_CUSTOM_PRICE
MLB7311501764,VTK022968,active,ml:MLB7311501764:MLB7316879990,284.35,,,,,False,AUTORIA_NAO_COMPROVADA_NAO_INFERIR_CUSTOM_PRICE
MLB7311501514,VTK018930,active,ml:MLB7311501514:MLB7317383984,390,,,,,False,AUTORIA_NAO_COMPROVADA_NAO_INFERIR_CUSTOM_PRICE
MLB4983626609,VTK017360,active,ml:MLB4981311787:MLB4983626609,96.31,,,,,False,AUTORIA_NAO_COMPROVADA_NAO_INFERIR_CUSTOM_PRICE
MLB4981704163,VTK000115,active,ml:MLB4981704163:MLB7086959336,94.36,,,,,False,AUTORIA_NAO_COMPROVADA_NAO_INFERIR_CUSTOM_PRICE
MLB4981703335,VTK016233,active,ml:MLB4981703335:MLB7184362210,30.98,,,,,False,AUTORIA_NAO_COMPROVADA_NAO_INFERIR_CUSTOM_PRICE
MLB4981703069,VTK001502,active,ml:MLB4857625395:MLB4981703069,31.93,,,,,False,AUTORIA_NAO_COMPROVADA_NAO_INFERIR_CUSTOM_PRICE
MLB4981703063,VTK019038,active,ml:MLB4981703063:MLB7238804632,370,,,,,False,AUTORIA_NAO_COMPROVADA_NAO_INFERIR_CUSTOM_PRICE
MLB4981702769,VTK017886,active,ml:MLB4981702769:MLB7239003680,350,,,,,False,AUTORIA_NAO_COMPROVADA_NAO_INFERIR_CUSTOM_PRICE
MLB4981702765,VTK003185,active,ml:MLB4937486509:MLB4981702765,59,,,,,False,AUTORIA_NAO_COMPROVADA_NAO_INFERIR_CUSTOM_PRICE
MLB4981702607,VTK012059,active,ml:MLB4981702607:MLB7111652142,54,,,,,False,AUTORIA_NAO_COMPROVADA_NAO_INFERIR_CUSTOM_PRICE
MLB4981702571,VTK017945,active,,74.67,,,,,False,AUTORIA_NAO_COMPROVADA_NAO_INFERIR_CUSTOM_PRICE
MLB4981702545,VTK017876,active,ml:MLB4937409025:MLB4981702545,470,,,,,False,AUTORIA_NAO_COMPROVADA_NAO_INFERIR_CUSTOM_PRICE
MLB4981702537,VTK017329,active,,57.93,,,,,False,AUTORIA_NAO_COMPROVADA_NAO_INFERIR_CUSTOM_PRICE
MLB4981702363,VTK018458,active,ml:MLB4981702363:MLB7238969930,304,,,,,False,AUTORIA_NAO_COMPROVADA_NAO_INFERIR_CUSTOM_PRICE
MLB4981702361,VTK012623,active,ml:MLB4857540833:MLB4981702361,331.11,,,,,False,AUTORIA_NAO_COMPROVADA_NAO_INFERIR_CUSTOM_PRICE
MLB4981702355,VTK017181,active,,64.53,,,,,False,AUTORIA_NAO_COMPROVADA_NAO_INFERIR_CUSTOM_PRICE
MLB4981702339,VTK012190,active,ml:MLB4981702339:MLB7111708776,62.39,,,,,False,AUTORIA_NAO_COMPROVADA_NAO_INFERIR_CUSTOM_PRICE
MLB4981702287,VTK012010,active,ml:MLB4981702287:MLB7111648806,78.9,,,,,False,AUTORIA_NAO_COMPROVADA_NAO_INFERIR_CUSTOM_PRICE
MLB4981698839,VTK012197,active,ml:MLB4981698839:MLB7111645312,101,,,,,False,AUTORIA_NAO_COMPROVADA_NAO_INFERIR_CUSTOM_PRICE
MLB4981698407,VTK012113,active,ml:MLB4857626085:MLB4981698407,24.47,,,,,False,AUTORIA_NAO_COMPROVADA_NAO_INFERIR_CUSTOM_PRICE
MLB4981506269,VTK023620,active,ml:MLB4981506269:MLB7314820914,56,,,,,False,AUTORIA_NAO_COMPROVADA_NAO_INFERIR_CUSTOM_PRICE
MLB4981506115,VTK023619,active,,55.9,,,,,False,AUTORIA_NAO_COMPROVADA_NAO_INFERIR_CUSTOM_PRICE
MLB4981506047,VTK023618,active,item:MLB4981506047,45.85,,,,,False,AUTORIA_NAO_COMPROVADA_NAO_INFERIR_CUSTOM_PRICE
MLB4981505671,VTK018867,active,item:MLB4981505671,161.96,,,,,False,AUTORIA_NAO_COMPROVADA_NAO_INFERIR_CUSTOM_PRICE
MLB4981505549,VTK018549,active,item:MLB4981505549,270,,,,,False,AUTORIA_NAO_COMPROVADA_NAO_INFERIR_CUSTOM_PRICE
MLB4981505455,VTK018345,active,,173.73,,,,,False,AUTORIA_NAO_COMPROVADA_NAO_INFERIR_CUSTOM_PRICE
MLB4981505305,VTK018294,active,item:MLB4981505305,145.72,,,,,False,AUTORIA_NAO_COMPROVADA_NAO_INFERIR_CUSTOM_PRICE
MLB4981504807,VTK017885,active,item:MLB4981504807,61.84,,,,,False,AUTORIA_NAO_COMPROVADA_NAO_INFERIR_CUSTOM_PRICE
MLB4981504717,VTK017397,active,,38.03,,,,,False,AUTORIA_NAO_COMPROVADA_NAO_INFERIR_CUSTOM_PRICE
MLB4981504493,VTK017185,active,,37.55,,,,,False,AUTORIA_NAO_COMPROVADA_NAO_INFERIR_CUSTOM_PRICE
MLB4981496529,VTK018224,active,item:MLB4981496529,132.09,,,,,False,AUTORIA_NAO_COMPROVADA_NAO_INFERIR_CUSTOM_PRICE
MLB4981496363,VTK018089,active,item:MLB4981496363,195.75,,,,,False,AUTORIA_NAO_COMPROVADA_NAO_INFERIR_CUSTOM_PRICE
MLB4981496075,VTK017317,active,,56.57,,,,,False,AUTORIA_NAO_COMPROVADA_NAO_INFERIR_CUSTOM_PRICE
MLB4981486471,VTK019114,active,item:MLB4981486471,254.35,,,,,False,AUTORIA_NAO_COMPROVADA_NAO_INFERIR_CUSTOM_PRICE
MLB4981464231,VTK019168,active,item:MLB4981464231,413.59,,,,,False,AUTORIA_NAO_COMPROVADA_NAO_INFERIR_CUSTOM_PRICE
MLB4981463707,VTK019039,active,item:MLB4981463707,154.37,,,,,False,AUTORIA_NAO_COMPROVADA_NAO_INFERIR_CUSTOM_PRICE
MLB4981462505,VTK017995,active,,101.7,,,,,False,AUTORIA_NAO_COMPROVADA_NAO_INFERIR_CUSTOM_PRICE
MLB4981462239,VTK017968,active,,216.85,,,,,False,AUTORIA_NAO_COMPROVADA_NAO_INFERIR_CUSTOM_PRICE
MLB4981461981,VTK017819,active,,49.84,,,,,False,AUTORIA_NAO_COMPROVADA_NAO_INFERIR_CUSTOM_PRICE
MLB4981461191,VTK017608,active,,42.59,,,,,False,AUTORIA_NAO_COMPROVADA_NAO_INFERIR_CUSTOM_PRICE
MLB4981460951,VTK017267,active,,41.4,,,,,False,AUTORIA_NAO_COMPROVADA_NAO_INFERIR_CUSTOM_PRICE
MLB4981360853,VTK019623,active,item:MLB4981360853,1099,,,,,False,AUTORIA_NAO_COMPROVADA_NAO_INFERIR_CUSTOM_PRICE
MLB4981360801,VTK019485,active,item:MLB4981360801,890,,,,,False,AUTORIA_NAO_COMPROVADA_NAO_INFERIR_CUSTOM_PRICE
MLB4981360557,VTK018502,active,,43.23,,,,,False,AUTORIA_NAO_COMPROVADA_NAO_INFERIR_CUSTOM_PRICE
MLB4981360527,VTK018408,active,ml:MLB4981360527:MLB7313979674,1590,,,,,False,AUTORIA_NAO_COMPROVADA_NAO_INFERIR_CUSTOM_PRICE
MLB4981360445,VTK018218,active,ml:MLB4981360445:MLB7339962060,943,,,,,False,AUTORIA_NAO_COMPROVADA_NAO_INFERIR_CUSTOM_PRICE
MLB4981360347,VTK017907,active,ml:MLB4981360347:MLB4986120825,128,,,,,False,AUTORIA_NAO_COMPROVADA_NAO_INFERIR_CUSTOM_PRICE
MLB4981360153,VTK017389,active,,81.46,,,,,False,AUTORIA_NAO_COMPROVADA_NAO_INFERIR_CUSTOM_PRICE
MLB4981359145,VTK000462,active,,45.49,,,,,False,AUTORIA_NAO_COMPROVADA_NAO_INFERIR_CUSTOM_PRICE
MLB4981359099,VTK000240,active,ml:MLB4981359099:MLB7313007222,47.18,,,,,False,AUTORIA_NAO_COMPROVADA_NAO_INFERIR_CUSTOM_PRICE
MLB4981312713,VTK022016,active,,38.88,,,,,False,AUTORIA_NAO_COMPROVADA_NAO_INFERIR_CUSTOM_PRICE
MLB4981312627,VTK020597,active,ml:MLB4981312627:MLB7313979328,750,,,,,False,AUTORIA_NAO_COMPROVADA_NAO_INFERIR_CUSTOM_PRICE
MLB4981312507,VTK019046,active,item:MLB4981312507,563.53,,,,,False,AUTORIA_NAO_COMPROVADA_NAO_INFERIR_CUSTOM_PRICE
MLB4981312437,VTK018922,active,ml:MLB4981312437:MLB7320340672,527,,,,,False,AUTORIA_NAO_COMPROVADA_NAO_INFERIR_CUSTOM_PRICE
MLB4981312003,VTK017824,active,item:MLB4981312003,129.58,,,,,False,AUTORIA_NAO_COMPROVADA_NAO_INFERIR_CUSTOM_PRICE
MLB4981311917,VTK017708,active,,37.99,,,,,False,AUTORIA_NAO_COMPROVADA_NAO_INFERIR_CUSTOM_PRICE
MLB4981311787,VTK017360,active,ml:MLB4981311787:MLB4983626609,96.31,,,,,False,AUTORIA_NAO_COMPROVADA_NAO_INFERIR_CUSTOM_PRICE
MLB4981311687,VTK017352,active,ml:MLB4981311687:MLB7313273030,94.33,,,,,False,AUTORIA_NAO_COMPROVADA_NAO_INFERIR_CUSTOM_PRICE
MLB4981311655,VTK017219,active,ml:MLB4981311655:MLB7313982634,90.95,,,,,False,AUTORIA_NAO_COMPROVADA_NAO_INFERIR_CUSTOM_PRICE
MLB4981311607,VTK017181,active,,64.53,,,,,False,AUTORIA_NAO_COMPROVADA_NAO_INFERIR_CUSTOM_PRICE
MLB4981311011,VTK001491,active,,51.09,,,,,False,AUTORIA_NAO_COMPROVADA_NAO_INFERIR_CUSTOM_PRICE
MLB4981290435,VTK018723,active,,102.46,,,,,False,AUTORIA_NAO_COMPROVADA_NAO_INFERIR_CUSTOM_PRICE
MLB4981290407,VTK018526,active,,65.58,,,,,False,AUTORIA_NAO_COMPROVADA_NAO_INFERIR_CUSTOM_PRICE
MLB4981290297,VTK018344,active,item:MLB4981290297,223.52,,,,,False,AUTORIA_NAO_COMPROVADA_NAO_INFERIR_CUSTOM_PRICE
MLB4981290257,VTK018261,active,ml:MLB4981290257:MLB7316881852,126.99,,,,,False,AUTORIA_NAO_COMPROVADA_NAO_INFERIR_CUSTOM_PRICE
MLB4981290101,VTK017884,active,ml:MLB4981290101:MLB7330396504,41.3,,,,,False,AUTORIA_NAO_COMPROVADA_NAO_INFERIR_CUSTOM_PRICE
MLB4981289061,VTK003138,active,item:MLB4981289061,80.19,,,,,False,AUTORIA_NAO_COMPROVADA_NAO_INFERIR_CUSTOM_PRICE
MLB4981289011,VTK001628,active,,41.91,,,,,False,AUTORIA_NAO_COMPROVADA_NAO_INFERIR_CUSTOM_PRICE
MLB7322840598,VTK012425,active,item:MLB7322840598,418.62,,,,,False,AUTORIA_NAO_COMPROVADA_NAO_INFERIR_CUSTOM_PRICE
MLB7322687370,VTK002659,active,ml:MLB7322687370:MLB7330397662,977,,,,,False,AUTORIA_NAO_COMPROVADA_NAO_INFERIR_CUSTOM_PRICE
MLB7322675012,VTK009748,active,item:MLB7322675012,561.67,,,,,False,AUTORIA_NAO_COMPROVADA_NAO_INFERIR_CUSTOM_PRICE
MLB7320341490,VTK003981,active,,122.31,,,,,False,AUTORIA_NAO_COMPROVADA_NAO_INFERIR_CUSTOM_PRICE
MLB7320340944,VTK017268,active,ml:MLB4937565601:MLB7320340944,557,,,,,False,AUTORIA_NAO_COMPROVADA_NAO_INFERIR_CUSTOM_PRICE
MLB7320340672,VTK018922,active,ml:MLB4981312437:MLB7320340672,527,,,,,False,AUTORIA_NAO_COMPROVADA_NAO_INFERIR_CUSTOM_PRICE
MLB7320340410,VTK025308,active,ml:MLB4967552445:MLB7320340410,262.32,,,,,False,AUTORIA_NAO_COMPROVADA_NAO_INFERIR_CUSTOM_PRICE
MLB7320340366,VTK025357,active,ml:MLB4970467431:MLB7320340366,113.75,,,,,False,AUTORIA_NAO_COMPROVADA_NAO_INFERIR_CUSTOM_PRICE
MLB7320340216,VTK022016,active,,38.88,,,,,False,AUTORIA_NAO_COMPROVADA_NAO_INFERIR_CUSTOM_PRICE
MLB7320340204,VTK012603,active,ml:MLB4857540387:MLB7320340204,1170,,,,,False,AUTORIA_NAO_COMPROVADA_NAO_INFERIR_CUSTOM_PRICE
MLB7320224382,VTK017455,active,ml:MLB4937548153:MLB7320224382,39,,,,,False,AUTORIA_NAO_COMPROVADA_NAO_INFERIR_CUSTOM_PRICE
MLB7317390336,VTK012431,active,ml:MLB4857635239:MLB7317390336,51,,,,,False,AUTORIA_NAO_COMPROVADA_NAO_INFERIR_CUSTOM_PRICE
MLB7317390086,VTK018555,active,ml:MLB7239006272:MLB7317390086,185,,,,,False,AUTORIA_NAO_COMPROVADA_NAO_INFERIR_CUSTOM_PRICE
MLB7317389816,VTK016139,active,ml:MLB4903532497:MLB7317389816,57.54,,,,,False,AUTORIA_NAO_COMPROVADA_NAO_INFERIR_CUSTOM_PRICE
MLB7317389682,VTK001628,active,,41.91,,,,,False,AUTORIA_NAO_COMPROVADA_NAO_INFERIR_CUSTOM_PRICE
MLB7317387488,VTK012560,active,,107.05,,,,,False,AUTORIA_NAO_COMPROVADA_NAO_INFERIR_CUSTOM_PRICE
MLB7317387446,VTK005794,active,ml:MLB4937525359:MLB7317387446,347,,,,,False,AUTORIA_NAO_COMPROVADA_NAO_INFERIR_CUSTOM_PRICE
MLB7317385958,VTK000123,active,ml:MLB4800944705:MLB7317385958,2590,,,,,False,AUTORIA_NAO_COMPROVADA_NAO_INFERIR_CUSTOM_PRICE
MLB7317385664,VTK012907,active,ml:MLB4937922729:MLB7317385664,424.65,,,,,False,AUTORIA_NAO_COMPROVADA_NAO_INFERIR_CUSTOM_PRICE
MLB7317385612,VTK012443,active,ml:MLB7111710286:MLB7317385612,58.41,,,,,False,AUTORIA_NAO_COMPROVADA_NAO_INFERIR_CUSTOM_PRICE
MLB7317385518,VTK012429,active,,88.88,,,,,False,AUTORIA_NAO_COMPROVADA_NAO_INFERIR_CUSTOM_PRICE
MLB7317385298,VTK001354,active,ml:MLB7111548372:MLB7317385298,187.38,,,,,False,AUTORIA_NAO_COMPROVADA_NAO_INFERIR_CUSTOM_PRICE
MLB7317385146,VTK003773,active,ml:MLB4857624519:MLB7317385146,38.15,,,,,False,AUTORIA_NAO_COMPROVADA_NAO_INFERIR_CUSTOM_PRICE
MLB7317384972,VTK016194,active,ml:MLB7184722770:MLB7317384972,148.14,,,,,False,AUTORIA_NAO_COMPROVADA_NAO_INFERIR_CUSTOM_PRICE
MLB7317384588,VTK012033,active,ml:MLB4857636577:MLB7317384588,45,,,,,False,AUTORIA_NAO_COMPROVADA_NAO_INFERIR_CUSTOM_PRICE
MLB7317384576,VTK012180,active,ml:MLB7111714760:MLB7317384576,25.53,,,,,False,AUTORIA_NAO_COMPROVADA_NAO_INFERIR_CUSTOM_PRICE
MLB7317384416,VTK012287,active,ml:MLB7111657560:MLB7317384416,122,,,,,False,AUTORIA_NAO_COMPROVADA_NAO_INFERIR_CUSTOM_PRICE
MLB7317384276,VTK025634,active,ml:MLB7310368088:MLB7317384276,65.14,,,,,False,AUTORIA_NAO_COMPROVADA_NAO_INFERIR_CUSTOM_PRICE
MLB7317384260,VTK025847,active,ml:MLB7297406256:MLB7317384260,63.49,,,,,False,AUTORIA_NAO_COMPROVADA_NAO_INFERIR_CUSTOM_PRICE
MLB7317384244,VTK012677,active,ml:MLB4857539515:MLB7317384244,1960,,,,,False,AUTORIA_NAO_COMPROVADA_NAO_INFERIR_CUSTOM_PRICE
MLB7317384236,VTK025684,active,ml:MLB4972449565:MLB7317384236,72.04,,,,,False,AUTORIA_NAO_COMPROVADA_NAO_INFERIR_CUSTOM_PRICE
MLB7317384038,VTK000489,active,ml:MLB4801296963:MLB7317384038,235,,,,,False,AUTORIA_NAO_COMPROVADA_NAO_INFERIR_CUSTOM_PRICE
MLB7317384006,VTK012053,active,ml:MLB4857542005:MLB7317384006,144.42,,,,,False,AUTORIA_NAO_COMPROVADA_NAO_INFERIR_CUSTOM_PRICE
MLB7317383984,VTK018930,active,ml:MLB7311501514:MLB7317383984,390,,,,,False,AUTORIA_NAO_COMPROVADA_NAO_INFERIR_CUSTOM_PRICE
MLB7317383946,VTK016111,active,ml:MLB4903839363:MLB7317383946,187.16,,,,,False,AUTORIA_NAO_COMPROVADA_NAO_INFERIR_CUSTOM_PRICE
MLB7316881936,VTK025389,active,ml:MLB4970816113:MLB7316881936,125.67,,,,,False,AUTORIA_NAO_COMPROVADA_NAO_INFERIR_CUSTOM_PRICE
MLB7316881852,VTK018261,active,ml:MLB4981290257:MLB7316881852,126.99,,,,,False,AUTORIA_NAO_COMPROVADA_NAO_INFERIR_CUSTOM_PRICE
MLB7316881834,VTK025706,active,ml:MLB7297397864:MLB7316881834,103.62,,,,,False,AUTORIA_NAO_COMPROVADA_NAO_INFERIR_CUSTOM_PRICE
MLB7316881812,VTK002564,active,ml:MLB7111655680:MLB7316881812,1074.91,,,,,False,AUTORIA_NAO_COMPROVADA_NAO_INFERIR_CUSTOM_PRICE
MLB7316881438,VTK012936,active,ml:MLB4930416431:MLB7316881438,53,,,,,False,AUTORIA_NAO_COMPROVADA_NAO_INFERIR_CUSTOM_PRICE
MLB7316881426,VTK000372,active,ml:MLB7086990790:MLB7316881426,218.65,,,,,False,AUTORIA_NAO_COMPROVADA_NAO_INFERIR_CUSTOM_PRICE
MLB7316881416,VTK001718,active,ml:MLB7111652440:MLB7316881416,54,,,,,False,AUTORIA_NAO_COMPROVADA_NAO_INFERIR_CUSTOM_PRICE
MLB7316881386,VTK002431,active,ml:MLB7111656332:MLB7316881386,221.85,,,,,False,AUTORIA_NAO_COMPROVADA_NAO_INFERIR_CUSTOM_PRICE
MLB7316881314,VTK001796,active,,49.47,,,,,False,AUTORIA_NAO_COMPROVADA_NAO_INFERIR_CUSTOM_PRICE
MLB7316881180,VTK001348,active,ml:MLB7111643660:MLB7316881180,276,,,,,False,AUTORIA_NAO_COMPROVADA_NAO_INFERIR_CUSTOM_PRICE
MLB7316881074,VTK012098,active,,50.77,,,,,False,AUTORIA_NAO_COMPROVADA_NAO_INFERIR_CUSTOM_PRICE
MLB7316880258,VTK012025,active,ml:MLB4857626071:MLB7316880258,32.32,,,,,False,AUTORIA_NAO_COMPROVADA_NAO_INFERIR_CUSTOM_PRICE
MLB7316880226,VTK012169,active,,56.28,,,,,False,AUTORIA_NAO_COMPROVADA_NAO_INFERIR_CUSTOM_PRICE
MLB7316880106,VTK012674,active,ml:MLB7111651930:MLB7316880106,55,,,,,False,AUTORIA_NAO_COMPROVADA_NAO_INFERIR_CUSTOM_PRICE
MLB7316879990,VTK022968,active,ml:MLB7311501764:MLB7316879990,284.35,,,,,False,AUTORIA_NAO_COMPROVADA_NAO_INFERIR_CUSTOM_PRICE
MLB7316879796,VTK025369,active,ml:MLB7294090710:MLB7316879796,143.38,,,,,False,AUTORIA_NAO_COMPROVADA_NAO_INFERIR_CUSTOM_PRICE
MLB7316879752,VTK017774,active,ml:MLB7239096330:MLB7316879752,419,,,,,False,AUTORIA_NAO_COMPROVADA_NAO_INFERIR_CUSTOM_PRICE
MLB7316879750,VTK017955,active,ml:MLB7285984342:MLB7316879750,449,,,,,False,AUTORIA_NAO_COMPROVADA_NAO_INFERIR_CUSTOM_PRICE
MLB7316879614,VTK025380,active,ml:MLB7294448136:MLB7316879614,108.05,,,,,False,AUTORIA_NAO_COMPROVADA_NAO_INFERIR_CUSTOM_PRICE
MLB7316879502,VTK025559,active,ml:MLB7296157506:MLB7316879502,73.22,,,,,False,AUTORIA_NAO_COMPROVADA_NAO_INFERIR_CUSTOM_PRICE
MLB7316879214,VTK016004,active,ml:MLB4903510273:MLB7316879214,60.04,,,,,False,AUTORIA_NAO_COMPROVADA_NAO_INFERIR_CUSTOM_PRICE
MLB7316879120,VTK000376,active,ml:MLB7111714386:MLB7316879120,31.29,,,,,False,AUTORIA_NAO_COMPROVADA_NAO_INFERIR_CUSTOM_PRICE
MLB7316878514,VTK012676,active,ml:MLB7111642296:MLB7316878514,1620,,,,,False,AUTORIA_NAO_COMPROVADA_NAO_INFERIR_CUSTOM_PRICE
MLB4988648611,VTK012415,active,item:MLB4988648611,384,,,,,False,AUTORIA_NAO_COMPROVADA_NAO_INFERIR_CUSTOM_PRICE
MLB4988488947,VTK003157,active,,85.9,,,,,False,AUTORIA_NAO_COMPROVADA_NAO_INFERIR_CUSTOM_PRICE
MLB4988015169,VTK000478,active,ml:MLB4937567207:MLB4988015169,89,,,,,False,AUTORIA_NAO_COMPROVADA_NAO_INFERIR_CUSTOM_PRICE
MLB4988015093,VTK000484,active,ml:MLB4801155957:MLB4988015093,99,,,,,False,AUTORIA_NAO_COMPROVADA_NAO_INFERIR_CUSTOM_PRICE
MLB4988014461,VTK012627,active,ml:MLB4988014461:MLB7111661376,73.96,,,,,False,AUTORIA_NAO_COMPROVADA_NAO_INFERIR_CUSTOM_PRICE
MLB4988014411,VTK005328,active,ml:MLB4857623429:MLB4988014411,44,,,,,False,AUTORIA_NAO_COMPROVADA_NAO_INFERIR_CUSTOM_PRICE
MLB4988014399,VTK012006,active,ml:MLB4857541685:MLB4988014399,179.17,,,,,False,AUTORIA_NAO_COMPROVADA_NAO_INFERIR_CUSTOM_PRICE
MLB4988014369,VTK012372,active,ml:MLB4988014369:MLB7111711756,50.55,,,,,False,AUTORIA_NAO_COMPROVADA_NAO_INFERIR_CUSTOM_PRICE
MLB4988014307,VTK012339,active,ml:MLB4857637373:MLB4988014307,32,,,,,False,AUTORIA_NAO_COMPROVADA_NAO_INFERIR_CUSTOM_PRICE
MLB4988012017,VTK012085,active,,59.61,,,,,False,AUTORIA_NAO_COMPROVADA_NAO_INFERIR_CUSTOM_PRICE
MLB4987968089,VTK001491,active,,51.09,,,,,False,AUTORIA_NAO_COMPROVADA_NAO_INFERIR_CUSTOM_PRICE
MLB4987964911,VTK016212,active,ml:MLB4987964911:MLB7184716338,114,,,,,False,AUTORIA_NAO_COMPROVADA_NAO_INFERIR_CUSTOM_PRICE
MLB4987964887,VTK001071,active,ml:MLB4987964887:MLB6573117368,259,,,,,False,AUTORIA_NAO_COMPROVADA_NAO_INFERIR_CUSTOM_PRICE
MLB4987964387,VTK025700,active,ml:MLB4987964387:MLB7297384238,117.04,,,,,False,AUTORIA_NAO_COMPROVADA_NAO_INFERIR_CUSTOM_PRICE
MLB4987964345,VTK012034,active,ml:MLB4857627513:MLB4987964345,22,,,,,False,AUTORIA_NAO_COMPROVADA_NAO_INFERIR_CUSTOM_PRICE
MLB4987964051,VTK018973,active,ml:MLB4987964051:MLB7286157346,370,,,,,False,AUTORIA_NAO_COMPROVADA_NAO_INFERIR_CUSTOM_PRICE
MLB4987964023,VTK012908,active,,55.93,,,,,False,AUTORIA_NAO_COMPROVADA_NAO_INFERIR_CUSTOM_PRICE
MLB4987962307,VTK000473,active,ml:MLB4987962307:MLB7111713458,39.19,,,,,False,AUTORIA_NAO_COMPROVADA_NAO_INFERIR_CUSTOM_PRICE
MLB4987961323,VTK012485,active,ml:MLB4987961323:MLB7111655632,1149,,,,,False,AUTORIA_NAO_COMPROVADA_NAO_INFERIR_CUSTOM_PRICE
MLB4987960393,VTK000492,active,ml:MLB4987960393:MLB7010058418,282,,,,,False,AUTORIA_NAO_COMPROVADA_NAO_INFERIR_CUSTOM_PRICE
MLB4987960269,VTK017254,active,ml:MLB4987960269:MLB7238974184,119,,,,,False,AUTORIA_NAO_COMPROVADA_NAO_INFERIR_CUSTOM_PRICE
MLB4987960069,VTK013074,active,ml:MLB4930460847:MLB4987960069,40,,,,,False,AUTORIA_NAO_COMPROVADA_NAO_INFERIR_CUSTOM_PRICE
MLB4987959959,VTK016220,active,ml:MLB4987959959:MLB7184720876,114,,,,,False,AUTORIA_NAO_COMPROVADA_NAO_INFERIR_CUSTOM_PRICE
MLB4986647859,VTK012447,active,ml:MLB4986647859:MLB7111642262,1743,,,,,False,AUTORIA_NAO_COMPROVADA_NAO_INFERIR_CUSTOM_PRICE
MLB4986647585,VTK001028,active,ml:MLB4986647585:MLB7239004176,68.9,,,,,False,AUTORIA_NAO_COMPROVADA_NAO_INFERIR_CUSTOM_PRICE
MLB4986647231,VTK017909,active,ml:MLB4937566765:MLB4986647231,1270,,,,,False,AUTORIA_NAO_COMPROVADA_NAO_INFERIR_CUSTOM_PRICE
MLB4986647191,VTK019204,active,ml:MLB4986647191:MLB7238970088,690,,,,,False,AUTORIA_NAO_COMPROVADA_NAO_INFERIR_CUSTOM_PRICE
MLB4986120857,VTK017708,active,,37.99,,,,,False,AUTORIA_NAO_COMPROVADA_NAO_INFERIR_CUSTOM_PRICE
MLB4986120825,VTK017907,active,ml:MLB4981360347:MLB4986120825,128,,,,,False,AUTORIA_NAO_COMPROVADA_NAO_INFERIR_CUSTOM_PRICE
MLB7332789378,VTK018828,active,,54.49,,,,,False,AUTORIA_NAO_COMPROVADA_NAO_INFERIR_CUSTOM_PRICE
MLB7332789328,VTK018764,active,,104.33,,,,,False,AUTORIA_NAO_COMPROVADA_NAO_INFERIR_CUSTOM_PRICE
MLB7332789278,VTK018739,active,item:MLB7332789278,105.76,,,,,False,AUTORIA_NAO_COMPROVADA_NAO_INFERIR_CUSTOM_PRICE
MLB7332787836,VTK018497,active,item:MLB7332787836,1900,,,,,False,AUTORIA_NAO_COMPROVADA_NAO_INFERIR_CUSTOM_PRICE
MLB7332787718,VTK018438,active,item:MLB7332787718,149,,,,,False,AUTORIA_NAO_COMPROVADA_NAO_INFERIR_CUSTOM_PRICE
MLB7332787672,VTK018421,active,,346.73,,,,,False,AUTORIA_NAO_COMPROVADA_NAO_INFERIR_CUSTOM_PRICE
MLB7332785636,VTK017456,active,item:MLB7332785636,66.35,,,,,False,AUTORIA_NAO_COMPROVADA_NAO_INFERIR_CUSTOM_PRICE
MLB7332784730,VTK017331,active,,113.69,,,,,False,AUTORIA_NAO_COMPROVADA_NAO_INFERIR_CUSTOM_PRICE
MLB7332777004,VTK018874,active,,381.82,,,,,False,AUTORIA_NAO_COMPROVADA_NAO_INFERIR_CUSTOM_PRICE
MLB7332776554,VTK018795,active,item:MLB7332776554,118.04,,,,,False,AUTORIA_NAO_COMPROVADA_NAO_INFERIR_CUSTOM_PRICE
MLB7332776516,VTK018755,active,,136.82,,,,,False,AUTORIA_NAO_COMPROVADA_NAO_INFERIR_CUSTOM_PRICE
MLB7332776462,VTK018738,active,,104.33,,,,,False,AUTORIA_NAO_COMPROVADA_NAO_INFERIR_CUSTOM_PRICE
MLB7332776444,VTK018735,active,item:MLB7332776444,136.9,,,,,False,AUTORIA_NAO_COMPROVADA_NAO_INFERIR_CUSTOM_PRICE
MLB7332775978,VTK018668,active,item:MLB7332775978,1190,,,,,False,AUTORIA_NAO_COMPROVADA_NAO_INFERIR_CUSTOM_PRICE
MLB7332775906,VTK018648,active,item:MLB7332775906,142.72,,,,,False,AUTORIA_NAO_COMPROVADA_NAO_INFERIR_CUSTOM_PRICE
MLB7332775850,VTK018622,active,,90.45,,,,,False,AUTORIA_NAO_COMPROVADA_NAO_INFERIR_CUSTOM_PRICE
MLB7332775828,VTK018621,active,item:MLB7332775828,100.19,,,,,False,AUTORIA_NAO_COMPROVADA_NAO_INFERIR_CUSTOM_PRICE
MLB7332774856,VTK018424,active,,210.99,,,,,False,AUTORIA_NAO_COMPROVADA_NAO_INFERIR_CUSTOM_PRICE
MLB7332774174,VTK018069,active,,255.49,,,,,False,AUTORIA_NAO_COMPROVADA_NAO_INFERIR_CUSTOM_PRICE
MLB7332773180,VTK017781,active,item:MLB7332773180,76.43,,,,,False,AUTORIA_NAO_COMPROVADA_NAO_INFERIR_CUSTOM_PRICE
MLB7332763454,VTK018741,active,item:MLB7332763454,134.75,,,,,False,AUTORIA_NAO_COMPROVADA_NAO_INFERIR_CUSTOM_PRICE
MLB7332762890,VTK018647,active,item:MLB7332762890,142.72,,,,,False,AUTORIA_NAO_COMPROVADA_NAO_INFERIR_CUSTOM_PRICE
MLB7332762840,VTK018619,active,item:MLB7332762840,105.76,,,,,False,AUTORIA_NAO_COMPROVADA_NAO_INFERIR_CUSTOM_PRICE
MLB7332762800,VTK018566,active,item:MLB7332762800,70.71,,,,,False,AUTORIA_NAO_COMPROVADA_NAO_INFERIR_CUSTOM_PRICE
MLB7332762190,VTK018551,active,item:MLB7332762190,146.77,,,,,False,AUTORIA_NAO_COMPROVADA_NAO_INFERIR_CUSTOM_PRICE
MLB7332762150,VTK018535,active,item:MLB7332762150,105.76,,,,,False,AUTORIA_NAO_COMPROVADA_NAO_INFERIR_CUSTOM_PRICE
MLB7332762112,VTK018533,active,item:MLB7332762112,101.84,,,,,False,AUTORIA_NAO_COMPROVADA_NAO_INFERIR_CUSTOM_PRICE
MLB7332762044,VTK018466,active,,216.44,,,,,False,AUTORIA_NAO_COMPROVADA_NAO_INFERIR_CUSTOM_PRICE
MLB7332760652,VTK017959,active,item:MLB7332760652,64.22,,,,,False,AUTORIA_NAO_COMPROVADA_NAO_INFERIR_CUSTOM_PRICE
MLB7332135446,VTK018299,active,item:MLB7332135446,105.76,,,,,False,AUTORIA_NAO_COMPROVADA_NAO_INFERIR_CUSTOM_PRICE
MLB7332135416,VTK018286,active,item:MLB7332135416,105.76,,,,,False,AUTORIA_NAO_COMPROVADA_NAO_INFERIR_CUSTOM_PRICE
MLB7332135346,VTK018264,active,,45.41,,,,,False,AUTORIA_NAO_COMPROVADA_NAO_INFERIR_CUSTOM_PRICE
MLB7332135174,VTK018188,active,item:MLB7332135174,105.76,,,,,False,AUTORIA_NAO_COMPROVADA_NAO_INFERIR_CUSTOM_PRICE
MLB7332134478,VTK018185,active,item:MLB7332134478,132.85,,,,,False,AUTORIA_NAO_COMPROVADA_NAO_INFERIR_CUSTOM_PRICE
MLB7332134414,VTK018184,active,item:MLB7332134414,105.76,,,,,False,AUTORIA_NAO_COMPROVADA_NAO_INFERIR_CUSTOM_PRICE
MLB7332133252,VTK018098,active,item:MLB7332133252,101.84,,,,,False,AUTORIA_NAO_COMPROVADA_NAO_INFERIR_CUSTOM_PRICE
MLB7332133184,VTK018059,active,item:MLB7332133184,107.41,,,,,False,AUTORIA_NAO_COMPROVADA_NAO_INFERIR_CUSTOM_PRICE
MLB7332133158,VTK018058,active,item:MLB7332133158,109.18,,,,,False,AUTORIA_NAO_COMPROVADA_NAO_INFERIR_CUSTOM_PRICE
MLB7332133042,VTK018020,active,item:MLB7332133042,101.84,,,,,False,AUTORIA_NAO_COMPROVADA_NAO_INFERIR_CUSTOM_PRICE
MLB7332132664,VTK017972,active,item:MLB7332132664,132.85,,,,,False,AUTORIA_NAO_COMPROVADA_NAO_INFERIR_CUSTOM_PRICE
MLB7332132528,VTK017928,active,item:MLB7332132528,105.76,,,,,False,AUTORIA_NAO_COMPROVADA_NAO_INFERIR_CUSTOM_PRICE
MLB7332101000,VTK018414,active,item:MLB7332101000,105.76,,,,,False,AUTORIA_NAO_COMPROVADA_NAO_INFERIR_CUSTOM_PRICE
MLB7332100930,VTK018386,active,item:MLB7332100930,146.77,,,,,False,AUTORIA_NAO_COMPROVADA_NAO_INFERIR_CUSTOM_PRICE
MLB7332100906,VTK018385,active,,49.99,,,,,False,AUTORIA_NAO_COMPROVADA_NAO_INFERIR_CUSTOM_PRICE
MLB7332100806,VTK018367,active,item:MLB7332100806,144.87,,,,,False,AUTORIA_NAO_COMPROVADA_NAO_INFERIR_CUSTOM_PRICE
MLB7332100778,VTK018364,active,item:MLB7332100778,105.76,,,,,False,AUTORIA_NAO_COMPROVADA_NAO_INFERIR_CUSTOM_PRICE
MLB7332100710,VTK018362,active,item:MLB7332100710,101.84,,,,,False,AUTORIA_NAO_COMPROVADA_NAO_INFERIR_CUSTOM_PRICE
MLB7332100128,VTK018237,active,item:MLB7332100128,149,,,,,False,AUTORIA_NAO_COMPROVADA_NAO_INFERIR_CUSTOM_PRICE
MLB7332100106,VTK018235,active,item:MLB7332100106,105.76,,,,,False,AUTORIA_NAO_COMPROVADA_NAO_INFERIR_CUSTOM_PRICE
MLB7332100068,VTK018234,active,item:MLB7332100068,105.76,,,,,False,AUTORIA_NAO_COMPROVADA_NAO_INFERIR_CUSTOM_PRICE
MLB7332099078,VTK018183,active,,90.45,,,,,False,AUTORIA_NAO_COMPROVADA_NAO_INFERIR_CUSTOM_PRICE
MLB7332098680,VTK018140,active,item:MLB7332098680,105.76,,,,,False,AUTORIA_NAO_COMPROVADA_NAO_INFERIR_CUSTOM_PRICE
MLB7332098648,VTK018101,active,item:MLB7332098648,136.9,,,,,False,AUTORIA_NAO_COMPROVADA_NAO_INFERIR_CUSTOM_PRICE
MLB7332098070,VTK018099,active,item:MLB7332098070,107.41,,,,,False,AUTORIA_NAO_COMPROVADA_NAO_INFERIR_CUSTOM_PRICE
MLB7332097912,VTK018054,active,item:MLB7332097912,101.84,,,,,False,AUTORIA_NAO_COMPROVADA_NAO_INFERIR_CUSTOM_PRICE
MLB7332097896,VTK018053,active,item:MLB7332097896,107.41,,,,,False,AUTORIA_NAO_COMPROVADA_NAO_INFERIR_CUSTOM_PRICE
MLB7332097868,VTK018029,active,ml:MLB5005542963:MLB7332097868,149.29,,,,,False,AUTORIA_NAO_COMPROVADA_NAO_INFERIR_CUSTOM_PRICE
MLB7332097382,VTK017990,active,item:MLB7332097382,100.19,,,,,False,AUTORIA_NAO_COMPROVADA_NAO_INFERIR_CUSTOM_PRICE
MLB7332097332,VTK017967,active,item:MLB7332097332,183.48,,,,,False,AUTORIA_NAO_COMPROVADA_NAO_INFERIR_CUSTOM_PRICE
MLB7332097296,VTK017964,active,item:MLB7332097296,100.19,,,,,False,AUTORIA_NAO_COMPROVADA_NAO_INFERIR_CUSTOM_PRICE
MLB7332097192,VTK017927,active,item:MLB7332097192,100.19,,,,,False,AUTORIA_NAO_COMPROVADA_NAO_INFERIR_CUSTOM_PRICE
MLB7332096756,VTK017894,active,item:MLB7332096756,105.76,,,,,False,AUTORIA_NAO_COMPROVADA_NAO_INFERIR_CUSTOM_PRICE
MLB7332096712,VTK017892,active,,283.51,,,,,False,AUTORIA_NAO_COMPROVADA_NAO_INFERIR_CUSTOM_PRICE
MLB7332096556,VTK017845,active,item:MLB7332096556,136.9,,,,,False,AUTORIA_NAO_COMPROVADA_NAO_INFERIR_CUSTOM_PRICE
MLB7332096542,VTK017844,active,item:MLB7332096542,100.19,,,,,False,AUTORIA_NAO_COMPROVADA_NAO_INFERIR_CUSTOM_PRICE
MLB7332096172,VTK017815,active,item:MLB7332096172,105.76,,,,,False,AUTORIA_NAO_COMPROVADA_NAO_INFERIR_CUSTOM_PRICE
MLB7332096058,VTK017721,active,item:MLB7332096058,136.9,,,,,False,AUTORIA_NAO_COMPROVADA_NAO_INFERIR_CUSTOM_PRICE
MLB7332095674,VTK017687,active,item:MLB7332095674,107.41,,,,,False,AUTORIA_NAO_COMPROVADA_NAO_INFERIR_CUSTOM_PRICE
MLB7332095662,VTK017686,active,item:MLB7332095662,100.19,,,,,False,AUTORIA_NAO_COMPROVADA_NAO_INFERIR_CUSTOM_PRICE
MLB7332095634,VTK017644,active,,104.33,,,,,False,AUTORIA_NAO_COMPROVADA_NAO_INFERIR_CUSTOM_PRICE
MLB7332095530,VTK017391,active,ml:MLB7332095530:MLB7381240518,46.74,,,,,False,AUTORIA_NAO_COMPROVADA_NAO_INFERIR_CUSTOM_PRICE
MLB7332095162,VTK017371,active,item:MLB7332095162,68.91,,,,,False,AUTORIA_NAO_COMPROVADA_NAO_INFERIR_CUSTOM_PRICE
MLB7332095092,VTK017364,active,item:MLB7332095092,288.21,,,,,False,AUTORIA_NAO_COMPROVADA_NAO_INFERIR_CUSTOM_PRICE
MLB7332094580,VTK017344,active,item:MLB7332094580,69.02,,,,,False,AUTORIA_NAO_COMPROVADA_NAO_INFERIR_CUSTOM_PRICE
MLB7332094562,VTK017343,active,,56.34,,,,,False,AUTORIA_NAO_COMPROVADA_NAO_INFERIR_CUSTOM_PRICE
MLB7332094496,VTK017341,active,item:MLB7332094496,65,,,,,False,AUTORIA_NAO_COMPROVADA_NAO_INFERIR_CUSTOM_PRICE
MLB7331798958,VTK018282,active,,310.66,,,,,False,AUTORIA_NAO_COMPROVADA_NAO_INFERIR_CUSTOM_PRICE
MLB7331797658,VTK017823,active,item:MLB7331797658,100.19,,,,,False,AUTORIA_NAO_COMPROVADA_NAO_INFERIR_CUSTOM_PRICE
MLB7331797620,VTK017742,active,item:MLB7331797620,149,,,,,False,AUTORIA_NAO_COMPROVADA_NAO_INFERIR_CUSTOM_PRICE
MLB7331797296,VTK017350,active,,52.39,,,,,False,AUTORIA_NAO_COMPROVADA_NAO_INFERIR_CUSTOM_PRICE
MLB7331797086,VTK017342,active,,54.55,,,,,False,AUTORIA_NAO_COMPROVADA_NAO_INFERIR_CUSTOM_PRICE
MLB7331729024,VTK017372,active,item:MLB7331729024,47,,,,,False,AUTORIA_NAO_COMPROVADA_NAO_INFERIR_CUSTOM_PRICE
MLB7331728968,VTK017367,active,,226.95,,,,,False,AUTORIA_NAO_COMPROVADA_NAO_INFERIR_CUSTOM_PRICE
MLB7331728896,VTK017349,active,,160.42,,,,,False,AUTORIA_NAO_COMPROVADA_NAO_INFERIR_CUSTOM_PRICE
MLB7331728364,VTK017298,active,,154.68,,,,,False,AUTORIA_NAO_COMPROVADA_NAO_INFERIR_CUSTOM_PRICE
MLB7331728308,VTK017269,active,,42.29,,,,,False,AUTORIA_NAO_COMPROVADA_NAO_INFERIR_CUSTOM_PRICE
MLB7331721376,VTK017214,active,,162.83,,,,,False,AUTORIA_NAO_COMPROVADA_NAO_INFERIR_CUSTOM_PRICE
MLB7331721260,VTK005357,active,item:MLB7331721260,421.7,,,,,False,AUTORIA_NAO_COMPROVADA_NAO_INFERIR_CUSTOM_PRICE
MLB7331721088,VTK001707,active,,69.7,,,,,False,AUTORIA_NAO_COMPROVADA_NAO_INFERIR_CUSTOM_PRICE
MLB7330546610,VTK012774,active,ml:MLB7111654728:MLB7330546610,2699,,,,,False,AUTORIA_NAO_COMPROVADA_NAO_INFERIR_CUSTOM_PRICE
MLB7330400402,VTK025252,active,ml:MLB7287242104:MLB7330400402,606.31,,,,,False,AUTORIA_NAO_COMPROVADA_NAO_INFERIR_CUSTOM_PRICE
MLB7330399852,VTK012499,active,ml:MLB4857636715:MLB7330399852,43.37,,,,,False,AUTORIA_NAO_COMPROVADA_NAO_INFERIR_CUSTOM_PRICE
MLB7330399772,VTK017182,active,ml:MLB7238963230:MLB7330399772,36,,,,,False,AUTORIA_NAO_COMPROVADA_NAO_INFERIR_CUSTOM_PRICE
MLB7330399364,VTK025248,active,ml:MLB7287239546:MLB7330399364,500.69,,,,,False,AUTORIA_NAO_COMPROVADA_NAO_INFERIR_CUSTOM_PRICE
MLB7330399274,VTK012194,active,ml:MLB7111662560:MLB7330399274,62,,,,,False,AUTORIA_NAO_COMPROVADA_NAO_INFERIR_CUSTOM_PRICE
MLB7330398940,VTK009838,active,ml:MLB4932005863:MLB7330398940,1012,,,,,False,AUTORIA_NAO_COMPROVADA_NAO_INFERIR_CUSTOM_PRICE
MLB7330398878,VTK025317,active,ml:MLB4967504623:MLB7330398878,255.84,,,,,False,AUTORIA_NAO_COMPROVADA_NAO_INFERIR_CUSTOM_PRICE
MLB7330398476,VTK025358,active,ml:MLB4970469339:MLB7330398476,73.41,,,,,False,AUTORIA_NAO_COMPROVADA_NAO_INFERIR_CUSTOM_PRICE
MLB7330398336,VTK012153,active,,57.1,,,,,False,AUTORIA_NAO_COMPROVADA_NAO_INFERIR_CUSTOM_PRICE
MLB7330397702,VTK012593,active,ml:MLB7111658002:MLB7330397702,99,,,,,False,AUTORIA_NAO_COMPROVADA_NAO_INFERIR_CUSTOM_PRICE
MLB7330397662,VTK002659,active,ml:MLB7322687370:MLB7330397662,977,,,,,False,AUTORIA_NAO_COMPROVADA_NAO_INFERIR_CUSTOM_PRICE
MLB7330397642,VTK012510,active,ml:MLB7111708226:MLB7330397642,79,,,,,False,AUTORIA_NAO_COMPROVADA_NAO_INFERIR_CUSTOM_PRICE
MLB7330397384,VTK017760,active,ml:MLB7285976880:MLB7330397384,122.94,,,,,False,AUTORIA_NAO_COMPROVADA_NAO_INFERIR_CUSTOM_PRICE
MLB7330397152,VTK012015,active,ml:MLB7111709738:MLB7330397152,85.79,,,,,False,AUTORIA_NAO_COMPROVADA_NAO_INFERIR_CUSTOM_PRICE
MLB7330397116,VTK012530,active,ml:MLB4931997979:MLB7330397116,34,,,,,False,AUTORIA_NAO_COMPROVADA_NAO_INFERIR_CUSTOM_PRICE
MLB7330397080,VTK025374,active,ml:MLB4970608687:MLB7330397080,124.52,,,,,False,AUTORIA_NAO_COMPROVADA_NAO_INFERIR_CUSTOM_PRICE
MLB7330396528,VTK016069,active,ml:MLB7184741432:MLB7330396528,138.09,,,,,False,AUTORIA_NAO_COMPROVADA_NAO_INFERIR_CUSTOM_PRICE
MLB7330396504,VTK017884,active,ml:MLB4981290101:MLB7330396504,41.3,,,,,False,AUTORIA_NAO_COMPROVADA_NAO_INFERIR_CUSTOM_PRICE
MLB7330396476,VTK017363,active,ml:MLB7285975146:MLB7330396476,53.52,,,,,False,AUTORIA_NAO_COMPROVADA_NAO_INFERIR_CUSTOM_PRICE
MLB7330396298,VTK005835,active,ml:MLB4857540661:MLB7330396298,413.85,,,,,False,AUTORIA_NAO_COMPROVADA_NAO_INFERIR_CUSTOM_PRICE
MLB7330396250,VTK004783,active,ml:MLB4857485771:MLB7330396250,299.47,,,,,False,AUTORIA_NAO_COMPROVADA_NAO_INFERIR_CUSTOM_PRICE
MLB7330395310,VTK012755,active,ml:MLB4857540675:MLB7330395310,448.41,,,,,False,AUTORIA_NAO_COMPROVADA_NAO_INFERIR_CUSTOM_PRICE
MLB7330395160,VTK025676,active,ml:MLB4972436409:MLB7330395160,86.58,,,,,False,AUTORIA_NAO_COMPROVADA_NAO_INFERIR_CUSTOM_PRICE
MLB7330395094,VTK013012,active,,277.19,,,,,False,AUTORIA_NAO_COMPROVADA_NAO_INFERIR_CUSTOM_PRICE
MLB7330394498,VTK012013,active,ml:MLB7111661964:MLB7330394498,69,,,,,False,AUTORIA_NAO_COMPROVADA_NAO_INFERIR_CUSTOM_PRICE
MLB7330117036,VTK000048,active,ml:MLB4836087657:MLB7330117036,160,,,,,False,AUTORIA_NAO_COMPROVADA_NAO_INFERIR_CUSTOM_PRICE
MLB7330116996,VTK012124,active,ml:MLB7111708216:MLB7330116996,86.77,,,,,False,AUTORIA_NAO_COMPROVADA_NAO_INFERIR_CUSTOM_PRICE
MLB7330116900,VTK001006,active,ml:MLB7087104498:MLB7330116900,212.09,,,,,False,AUTORIA_NAO_COMPROVADA_NAO_INFERIR_CUSTOM_PRICE
MLB7330115638,VTK012115,active,,50.68,,,,,False,AUTORIA_NAO_COMPROVADA_NAO_INFERIR_CUSTOM_PRICE
MLB7330115398,VTK017191,active,ml:MLB7217182694:MLB7330115398,33.65,,,,,False,AUTORIA_NAO_COMPROVADA_NAO_INFERIR_CUSTOM_PRICE
MLB7330115330,VTK017334,active,ml:MLB4937488303:MLB7330115330,78.9,,,,,False,AUTORIA_NAO_COMPROVADA_NAO_INFERIR_CUSTOM_PRICE
MLB7330115322,VTK012378,active,ml:MLB7111655832:MLB7330115322,566.82,,,,,False,AUTORIA_NAO_COMPROVADA_NAO_INFERIR_CUSTOM_PRICE
MLB4995166689,VTK018388,active,,152.65,,,,,False,AUTORIA_NAO_COMPROVADA_NAO_INFERIR_CUSTOM_PRICE
MLB4995166573,VTK018380,active,item:MLB4995166573,105.76,,,,,False,AUTORIA_NAO_COMPROVADA_NAO_INFERIR_CUSTOM_PRICE
MLB4995166543,VTK018379,active,item:MLB4995166543,105.76,,,,,False,AUTORIA_NAO_COMPROVADA_NAO_INFERIR_CUSTOM_PRICE
MLB4995166453,VTK018363,active,item:MLB4995166453,107.41,,,,,False,AUTORIA_NAO_COMPROVADA_NAO_INFERIR_CUSTOM_PRICE
MLB4995164713,VTK018182,active,item:MLB4995164713,100.19,,,,,False,AUTORIA_NAO_COMPROVADA_NAO_INFERIR_CUSTOM_PRICE
MLB4995164527,VTK018142,active,item:MLB4995164527,132.85,,,,,False,AUTORIA_NAO_COMPROVADA_NAO_INFERIR_CUSTOM_PRICE
MLB4995164453,VTK018141,active,item:MLB4995164453,149,,,,,False,AUTORIA_NAO_COMPROVADA_NAO_INFERIR_CUSTOM_PRICE
MLB4995163743,VTK018060,active,item:MLB4995163743,120.57,,,,,False,AUTORIA_NAO_COMPROVADA_NAO_INFERIR_CUSTOM_PRICE
MLB4995163155,VTK017966,active,item:MLB4995163155,105.76,,,,,False,AUTORIA_NAO_COMPROVADA_NAO_INFERIR_CUSTOM_PRICE
MLB4995163103,VTK017929,active,item:MLB4995163103,100.19,,,,,False,AUTORIA_NAO_COMPROVADA_NAO_INFERIR_CUSTOM_PRICE
MLB4995162553,VTK017893,active,item:MLB4995162553,100.19,,,,,False,AUTORIA_NAO_COMPROVADA_NAO_INFERIR_CUSTOM_PRICE
MLB4995162417,VTK017847,active,ml:MLB4995162417:MLB5005542483,129.42,,,,,False,AUTORIA_NAO_COMPROVADA_NAO_INFERIR_CUSTOM_PRICE
MLB4995162393,VTK017846,active,item:MLB4995162393,105.76,,,,,False,AUTORIA_NAO_COMPROVADA_NAO_INFERIR_CUSTOM_PRICE
MLB4995162039,VTK017831,active,item:MLB4995162039,105.76,,,,,False,AUTORIA_NAO_COMPROVADA_NAO_INFERIR_CUSTOM_PRICE
MLB4995161953,VTK017806,active,ml:MLB4995161953:MLB5005555393,81.31,,,,,False,AUTORIA_NAO_COMPROVADA_NAO_INFERIR_CUSTOM_PRICE
MLB4995161925,VTK017754,active,item:MLB4995161925,105.76,,,,,False,AUTORIA_NAO_COMPROVADA_NAO_INFERIR_CUSTOM_PRICE
MLB4995161853,VTK017707,active,item:MLB4995161853,105.76,,,,,False,AUTORIA_NAO_COMPROVADA_NAO_INFERIR_CUSTOM_PRICE
MLB4994953433,VTK017895,active,item:MLB4994953433,149,,,,,False,AUTORIA_NAO_COMPROVADA_NAO_INFERIR_CUSTOM_PRICE
MLB4994952951,VTK017864,active,item:MLB4994952951,118.04,,,,,False,AUTORIA_NAO_COMPROVADA_NAO_INFERIR_CUSTOM_PRICE
MLB4994952933,VTK017862,active,item:MLB4994952933,107.41,,,,,False,AUTORIA_NAO_COMPROVADA_NAO_INFERIR_CUSTOM_PRICE
MLB4994952921,VTK017853,active,,40.24,,,,,False,AUTORIA_NAO_COMPROVADA_NAO_INFERIR_CUSTOM_PRICE
MLB4994952445,VTK017786,active,item:MLB4994952445,109.18,,,,,False,AUTORIA_NAO_COMPROVADA_NAO_INFERIR_CUSTOM_PRICE
MLB4994952055,VTK017701,active,item:MLB4994952055,100.19,,,,,False,AUTORIA_NAO_COMPROVADA_NAO_INFERIR_CUSTOM_PRICE
MLB4994952001,VTK017610,active,,214.64,,,,,False,AUTORIA_NAO_COMPROVADA_NAO_INFERIR_CUSTOM_PRICE
MLB4994951981,VTK017606,active,,70.97,,,,,False,AUTORIA_NAO_COMPROVADA_NAO_INFERIR_CUSTOM_PRICE
MLB4994951959,VTK017575,active,item:MLB4994951959,220.09,,,,,False,AUTORIA_NAO_COMPROVADA_NAO_INFERIR_CUSTOM_PRICE
MLB4994951569,VTK017382,active,,100.03,,,,,False,AUTORIA_NAO_COMPROVADA_NAO_INFERIR_CUSTOM_PRICE
MLB4994951555,VTK017377,active,ml:MLB4994951555:MLB7381239954,63.35,,,,,False,AUTORIA_NAO_COMPROVADA_NAO_INFERIR_CUSTOM_PRICE
MLB4994951319,VTK017346,active,,49.69,,,,,False,AUTORIA_NAO_COMPROVADA_NAO_INFERIR_CUSTOM_PRICE
MLB4994950929,VTK017345,active,,58.45,,,,,False,AUTORIA_NAO_COMPROVADA_NAO_INFERIR_CUSTOM_PRICE
MLB4994950779,VTK017283,active,item:MLB4994950779,204.34,,,,,False,AUTORIA_NAO_COMPROVADA_NAO_INFERIR_CUSTOM_PRICE
MLB4994950619,VTK005078,active,,59.29,,,,,False,AUTORIA_NAO_COMPROVADA_NAO_INFERIR_CUSTOM_PRICE
MLB4994944229,VTK017256,active,item:MLB4994944229,49,,,,,False,AUTORIA_NAO_COMPROVADA_NAO_INFERIR_CUSTOM_PRICE
MLB4994943971,VTK017244,active,,35.77,,,,,False,AUTORIA_NAO_COMPROVADA_NAO_INFERIR_CUSTOM_PRICE
MLB4994909013,VTK017257,active,,56.34,,,,,False,AUTORIA_NAO_COMPROVADA_NAO_INFERIR_CUSTOM_PRICE
MLB4994228699,VTK025348,active,ml:MLB4970329507:MLB4994228699,93.44,,,,,False,AUTORIA_NAO_COMPROVADA_NAO_INFERIR_CUSTOM_PRICE
MLB4994228469,VTK012273,active,ml:MLB4857625983:MLB4994228469,29,,,,,False,AUTORIA_NAO_COMPROVADA_NAO_INFERIR_CUSTOM_PRICE
MLB4994227259,VTK012023,active,ml:MLB4857638515:MLB4994227259,24.75,,,,,False,AUTORIA_NAO_COMPROVADA_NAO_INFERIR_CUSTOM_PRICE
MLB4994226875,VTK012048,active,ml:MLB4857624705:MLB4994226875,38,,,,,False,AUTORIA_NAO_COMPROVADA_NAO_INFERIR_CUSTOM_PRICE
MLB4994225957,VTK025350,active,ml:MLB4994225957:MLB7293851236,92.68,,,,,False,AUTORIA_NAO_COMPROVADA_NAO_INFERIR_CUSTOM_PRICE
MLB6630710448,VTK001008,active,ml:MLB4582573951:MLB6630710448,299,,,,,False,AUTORIA_NAO_COMPROVADA_NAO_INFERIR_CUSTOM_PRICE
MLB4582573951,VTK001008,active,ml:MLB4582573951:MLB6630710448,299,,,,,False,AUTORIA_NAO_COMPROVADA_NAO_INFERIR_CUSTOM_PRICE
MLB7330400068,VTK018195,active,ml:MLB7239019584:MLB7330400068,51.58,,,,,False,AUTORIA_NAO_COMPROVADA_NAO_INFERIR_CUSTOM_PRICE
MLB7239019584,VTK018195,active,ml:MLB7239019584:MLB7330400068,51.58,,,,,False,AUTORIA_NAO_COMPROVADA_NAO_INFERIR_CUSTOM_PRICE
MLB7184620482,VTK015943,active,item:MLB7184620482,87.86,,,,,False,AUTORIA_NAO_COMPROVADA_NAO_INFERIR_CUSTOM_PRICE
MLB7339962212,VTK015968,active,ml:MLB7184362764:MLB7339962212,36.33,,,,,False,AUTORIA_NAO_COMPROVADA_NAO_INFERIR_CUSTOM_PRICE
MLB7339962060,VTK018218,active,ml:MLB4981360445:MLB7339962060,943,,,,,False,AUTORIA_NAO_COMPROVADA_NAO_INFERIR_CUSTOM_PRICE
MLB7339962000,VTK012397,active,ml:MLB7111664418:MLB7339962000,57,,,,,False,AUTORIA_NAO_COMPROVADA_NAO_INFERIR_CUSTOM_PRICE
MLB7339960260,VTK017214,active,,162.83,,,,,False,AUTORIA_NAO_COMPROVADA_NAO_INFERIR_CUSTOM_PRICE
MLB7339018118,VTK016020,active,ml:MLB7184743082:MLB7339018118,121,,,,,False,AUTORIA_NAO_COMPROVADA_NAO_INFERIR_CUSTOM_PRICE
MLB7339018046,VTK012029,active,ml:MLB4857625901:MLB7339018046,26.51,,,,,False,AUTORIA_NAO_COMPROVADA_NAO_INFERIR_CUSTOM_PRICE
MLB7339017972,VTK016033,active,ml:MLB7184612784:MLB7339017972,60.6,,,,,False,AUTORIA_NAO_COMPROVADA_NAO_INFERIR_CUSTOM_PRICE
MLB7339016458,VTK012686,active,ml:MLB7227689604:MLB7339016458,44,,,,,False,AUTORIA_NAO_COMPROVADA_NAO_INFERIR_CUSTOM_PRICE
MLB7332793056,VTK018851,active,item:MLB7332793056,227,,,,,False,AUTORIA_NAO_COMPROVADA_NAO_INFERIR_CUSTOM_PRICE
MLB7332790540,VTK019004,active,item:MLB7332790540,146.77,,,,,False,AUTORIA_NAO_COMPROVADA_NAO_INFERIR_CUSTOM_PRICE
MLB7332789900,VTK018931,active,item:MLB7332789900,142.72,,,,,False,AUTORIA_NAO_COMPROVADA_NAO_INFERIR_CUSTOM_PRICE
MLB7332789868,VTK018919,active,,69.93,,,,,False,AUTORIA_NAO_COMPROVADA_NAO_INFERIR_CUSTOM_PRICE
MLB7332781300,VTK023354,active,,54.86,,,,,False,AUTORIA_NAO_COMPROVADA_NAO_INFERIR_CUSTOM_PRICE
MLB7332781214,VTK021105,active,item:MLB7332781214,202.89,,,,,False,AUTORIA_NAO_COMPROVADA_NAO_INFERIR_CUSTOM_PRICE
MLB7332780590,VTK018865,active,item:MLB7332780590,237,,,,,False,AUTORIA_NAO_COMPROVADA_NAO_INFERIR_CUSTOM_PRICE
MLB7332777990,VTK019387,active,item:MLB7332777990,390,,,,,False,AUTORIA_NAO_COMPROVADA_NAO_INFERIR_CUSTOM_PRICE
MLB7332777862,VTK019104,active,,155.81,,,,,False,AUTORIA_NAO_COMPROVADA_NAO_INFERIR_CUSTOM_PRICE
MLB7332777766,VTK019071,active,,101.23,,,,,False,AUTORIA_NAO_COMPROVADA_NAO_INFERIR_CUSTOM_PRICE
MLB7332777742,VTK019068,active,,90.45,,,,,False,AUTORIA_NAO_COMPROVADA_NAO_INFERIR_CUSTOM_PRICE
MLB7332777170,VTK018977,active,item:MLB7332777170,2871,,,,,False,AUTORIA_NAO_COMPROVADA_NAO_INFERIR_CUSTOM_PRICE
MLB7332777148,VTK018952,active,,53.83,,,,,False,AUTORIA_NAO_COMPROVADA_NAO_INFERIR_CUSTOM_PRICE
MLB7332777038,VTK018890,active,item:MLB7332777038,132.85,,,,,False,AUTORIA_NAO_COMPROVADA_NAO_INFERIR_CUSTOM_PRICE
MLB7332768248,VTK021855,active,item:MLB7332768248,470,,,,,False,AUTORIA_NAO_COMPROVADA_NAO_INFERIR_CUSTOM_PRICE
MLB7332764974,VTK019147,active,ml:MLB5005542975:MLB7332764974,229,,,,,False,AUTORIA_NAO_COMPROVADA_NAO_INFERIR_CUSTOM_PRICE
MLB7332764720,VTK019022,active,item:MLB7332764720,1202.98,,,,,False,AUTORIA_NAO_COMPROVADA_NAO_INFERIR_CUSTOM_PRICE
MLB7332764104,VTK018933,active,item:MLB7332764104,146.77,,,,,False,AUTORIA_NAO_COMPROVADA_NAO_INFERIR_CUSTOM_PRICE
MLB5005555553,VTK025730,active,ml:MLB4980604993:MLB5005555553,110.59,,,,,False,AUTORIA_NAO_COMPROVADA_NAO_INFERIR_CUSTOM_PRICE
MLB5005553293,VTK017606,active,,70.97,,,,,False,AUTORIA_NAO_COMPROVADA_NAO_INFERIR_CUSTOM_PRICE
MLB5005553223,VTK001707,active,,69.7,,,,,False,AUTORIA_NAO_COMPROVADA_NAO_INFERIR_CUSTOM_PRICE
MLB5005543231,VTK016071,active,ml:MLB5005543231:MLB7184745934,134,,,,,False,AUTORIA_NAO_COMPROVADA_NAO_INFERIR_CUSTOM_PRICE
MLB5005543193,VTK017349,active,,160.42,,,,,False,AUTORIA_NAO_COMPROVADA_NAO_INFERIR_CUSTOM_PRICE
MLB5005542975,VTK019147,active,ml:MLB5005542975:MLB7332764974,229,,,,,False,AUTORIA_NAO_COMPROVADA_NAO_INFERIR_CUSTOM_PRICE
MLB5005542963,VTK018029,active,ml:MLB5005542963:MLB7332097868,149.29,,,,,False,AUTORIA_NAO_COMPROVADA_NAO_INFERIR_CUSTOM_PRICE
MLB5005542855,VTK017345,active,,58.45,,,,,False,AUTORIA_NAO_COMPROVADA_NAO_INFERIR_CUSTOM_PRICE
MLB5005542765,VTK019104,active,,155.81,,,,,False,AUTORIA_NAO_COMPROVADA_NAO_INFERIR_CUSTOM_PRICE
MLB5005542483,VTK017847,active,ml:MLB4995162417:MLB5005542483,129.42,,,,,False,AUTORIA_NAO_COMPROVADA_NAO_INFERIR_CUSTOM_PRICE
MLB5005540513,VTK023354,active,,54.86,,,,,False,AUTORIA_NAO_COMPROVADA_NAO_INFERIR_CUSTOM_PRICE
MLB5007910637,,active,,339,,,,,False,AUTORIA_NAO_COMPROVADA_NAO_INFERIR_CUSTOM_PRICE
MLB7349903698,,active,,497.9,,,,,False,AUTORIA_NAO_COMPROVADA_NAO_INFERIR_CUSTOM_PRICE
MLB7381766316,VTK018854,active,item:MLB7381766316,37.99,,,,,False,AUTORIA_NAO_COMPROVADA_NAO_INFERIR_CUSTOM_PRICE
MLB7381763412,VTK025735,active,item:MLB7381763412,83.77,,,,,False,AUTORIA_NAO_COMPROVADA_NAO_INFERIR_CUSTOM_PRICE
MLB7381763010,VTK025657,active,item:MLB7381763010,222.56,,,,,False,AUTORIA_NAO_COMPROVADA_NAO_INFERIR_CUSTOM_PRICE
MLB7381762984,VTK025656,active,item:MLB7381762984,193.56,,,,,False,AUTORIA_NAO_COMPROVADA_NAO_INFERIR_CUSTOM_PRICE
MLB7381762804,VTK025794,active,item:MLB7381762804,157.44,,,,,False,AUTORIA_NAO_COMPROVADA_NAO_INFERIR_CUSTOM_PRICE
MLB7381762728,VTK025778,active,item:MLB7381762728,146.81,,,,,False,AUTORIA_NAO_COMPROVADA_NAO_INFERIR_CUSTOM_PRICE
MLB7381762644,VTK025816,active,item:MLB7381762644,138.09,,,,,False,AUTORIA_NAO_COMPROVADA_NAO_INFERIR_CUSTOM_PRICE
MLB7381762600,VTK025682,active,ml:MLB7381762600:MLB7400501086,65.86,,,,,False,AUTORIA_NAO_COMPROVADA_NAO_INFERIR_CUSTOM_PRICE
MLB7381762552,VTK025796,active,item:MLB7381762552,121.17,,,,,False,AUTORIA_NAO_COMPROVADA_NAO_INFERIR_CUSTOM_PRICE
MLB7381762520,VTK025815,active,item:MLB7381762520,113.77,,,,,False,AUTORIA_NAO_COMPROVADA_NAO_INFERIR_CUSTOM_PRICE
MLB7381762458,VTK025633,active,item:MLB7381762458,61.67,,,,,False,AUTORIA_NAO_COMPROVADA_NAO_INFERIR_CUSTOM_PRICE
MLB7381756542,VTK018381,active,item:MLB7381756542,267,,,,,False,AUTORIA_NAO_COMPROVADA_NAO_INFERIR_CUSTOM_PRICE
MLB7381756114,VTK012912,active,item:MLB7381756114,243.24,,,,,False,AUTORIA_NAO_COMPROVADA_NAO_INFERIR_CUSTOM_PRICE
MLB7381755980,VTK017539,active,,82.06,,,,,False,AUTORIA_NAO_COMPROVADA_NAO_INFERIR_CUSTOM_PRICE
MLB7381755840,VTK012200,active,,83.22,,,,,False,AUTORIA_NAO_COMPROVADA_NAO_INFERIR_CUSTOM_PRICE
MLB7381754952,VTK017801,active,item:MLB7381754952,58.86,,,,,False,AUTORIA_NAO_COMPROVADA_NAO_INFERIR_CUSTOM_PRICE
MLB7381754796,VTK018455,active,item:MLB7381754796,43.78,,,,,False,AUTORIA_NAO_COMPROVADA_NAO_INFERIR_CUSTOM_PRICE
MLB7381754732,VTK012857,active,item:MLB7381754732,890,,,,,False,AUTORIA_NAO_COMPROVADA_NAO_INFERIR_CUSTOM_PRICE
MLB7381754568,VTK018752,active,item:MLB7381754568,173.83,,,,,False,AUTORIA_NAO_COMPROVADA_NAO_INFERIR_CUSTOM_PRICE
MLB7381754448,VTK018133,active,item:MLB7381754448,49.15,,,,,False,AUTORIA_NAO_COMPROVADA_NAO_INFERIR_CUSTOM_PRICE
MLB7381754412,VTK001186,active,ml:MLB7381754412:MLB7390922480,159.68,,,,,False,AUTORIA_NAO_COMPROVADA_NAO_INFERIR_CUSTOM_PRICE
MLB7381753908,VTK017545,active,item:MLB7381753908,50.14,,,,,False,AUTORIA_NAO_COMPROVADA_NAO_INFERIR_CUSTOM_PRICE
MLB7381753878,VTK013009,active,ml:MLB7381753878:MLB7391076906,159,,,,,False,AUTORIA_NAO_COMPROVADA_NAO_INFERIR_CUSTOM_PRICE
MLB7381753726,VTK018753,active,item:MLB7381753726,47.71,,,,,False,AUTORIA_NAO_COMPROVADA_NAO_INFERIR_CUSTOM_PRICE
MLB7381753534,VTK003270,active,item:MLB7381753534,153.81,,,,,False,AUTORIA_NAO_COMPROVADA_NAO_INFERIR_CUSTOM_PRICE
MLB7381752856,VTK025733,active,item:MLB7381752856,99.81,,,,,False,AUTORIA_NAO_COMPROVADA_NAO_INFERIR_CUSTOM_PRICE
MLB7381752726,VTK025711,active,item:MLB7381752726,104.88,,,,,False,AUTORIA_NAO_COMPROVADA_NAO_INFERIR_CUSTOM_PRICE
MLB7381752632,VTK025753,active,item:MLB7381752632,91.05,,,,,False,AUTORIA_NAO_COMPROVADA_NAO_INFERIR_CUSTOM_PRICE
MLB7381752386,VTK025752,active,item:MLB7381752386,84.9,,,,,False,AUTORIA_NAO_COMPROVADA_NAO_INFERIR_CUSTOM_PRICE
MLB7381752110,VTK025703,active,item:MLB7381752110,81.57,,,,,False,AUTORIA_NAO_COMPROVADA_NAO_INFERIR_CUSTOM_PRICE
MLB7381751690,VTK025673,active,item:MLB7381751690,73.27,,,,,False,AUTORIA_NAO_COMPROVADA_NAO_INFERIR_CUSTOM_PRICE
MLB7381751642,VTK025674,active,item:MLB7381751642,71.35,,,,,False,AUTORIA_NAO_COMPROVADA_NAO_INFERIR_CUSTOM_PRICE
MLB7381751518,VTK025640,active,item:MLB7381751518,72.65,,,,,False,AUTORIA_NAO_COMPROVADA_NAO_INFERIR_CUSTOM_PRICE
MLB7381751416,VTK025736,active,item:MLB7381751416,503.67,,,,,False,AUTORIA_NAO_COMPROVADA_NAO_INFERIR_CUSTOM_PRICE
MLB7381751356,VTK025681,active,item:MLB7381751356,61.86,,,,,False,AUTORIA_NAO_COMPROVADA_NAO_INFERIR_CUSTOM_PRICE
MLB7381751224,VTK025655,active,item:MLB7381751224,302.06,,,,,False,AUTORIA_NAO_COMPROVADA_NAO_INFERIR_CUSTOM_PRICE
MLB7381751222,VTK025780,active,item:MLB7381751222,110.31,,,,,False,AUTORIA_NAO_COMPROVADA_NAO_INFERIR_CUSTOM_PRICE
MLB7381744424,VTK012984,active,ml:MLB7381744424:MLB7390923206,76.68,,,,,False,AUTORIA_NAO_COMPROVADA_NAO_INFERIR_CUSTOM_PRICE
MLB7381744360,VTK018027,active,item:MLB7381744360,240.56,,,,,False,AUTORIA_NAO_COMPROVADA_NAO_INFERIR_CUSTOM_PRICE
MLB7381744044,VTK018325,active,item:MLB7381744044,214.11,,,,,False,AUTORIA_NAO_COMPROVADA_NAO_INFERIR_CUSTOM_PRICE
MLB7381743794,VTK017238,active,ml:MLB7381743794:MLB7391077794,69,,,,,False,AUTORIA_NAO_COMPROVADA_NAO_INFERIR_CUSTOM_PRICE
MLB7381743394,VTK013010,active,item:MLB7381743394,170,,,,,False,AUTORIA_NAO_COMPROVADA_NAO_INFERIR_CUSTOM_PRICE
MLB7381742428,VTK021122,active,item:MLB7381742428,154.21,,,,,False,AUTORIA_NAO_COMPROVADA_NAO_INFERIR_CUSTOM_PRICE
MLB7381742282,VTK018663,active,item:MLB7381742282,46.71,,,,,False,AUTORIA_NAO_COMPROVADA_NAO_INFERIR_CUSTOM_PRICE
MLB7381742096,VTK017735,active,item:MLB7381742096,43.68,,,,,False,AUTORIA_NAO_COMPROVADA_NAO_INFERIR_CUSTOM_PRICE
MLB7381742094,VTK017724,active,ml:MLB7381742094:MLB7390923508,415,,,,,False,AUTORIA_NAO_COMPROVADA_NAO_INFERIR_CUSTOM_PRICE
MLB7381741820,VTK017212,active,ml:MLB7381741820:MLB7391077480,47.1,,,,,False,AUTORIA_NAO_COMPROVADA_NAO_INFERIR_CUSTOM_PRICE
MLB7381741220,VTK018712,active,item:MLB7381741220,297,,,,,False,AUTORIA_NAO_COMPROVADA_NAO_INFERIR_CUSTOM_PRICE
MLB7381740910,VTK018291,active,item:MLB7381740910,143.45,,,,,False,AUTORIA_NAO_COMPROVADA_NAO_INFERIR_CUSTOM_PRICE
MLB7381688554,VTK016248,active,ml:MLB4903858167:MLB7381688554,548.75,,,,,False,AUTORIA_NAO_COMPROVADA_NAO_INFERIR_CUSTOM_PRICE
MLB7381675254,VTK018448,active,ml:MLB5108989417:MLB7381675254,227.89,,,,,False,AUTORIA_NAO_COMPROVADA_NAO_INFERIR_CUSTOM_PRICE
MLB7381675066,VTK017924,active,item:MLB7381675066,75.3,,,,,False,AUTORIA_NAO_COMPROVADA_NAO_INFERIR_CUSTOM_PRICE
MLB7381674860,VTK017980,active,item:MLB7381674860,115.26,,,,,False,AUTORIA_NAO_COMPROVADA_NAO_INFERIR_CUSTOM_PRICE
MLB7381674662,VTK019466,active,item:MLB7381674662,66.46,,,,,False,AUTORIA_NAO_COMPROVADA_NAO_INFERIR_CUSTOM_PRICE
MLB7381674436,VTK018378,active,item:MLB7381674436,201.61,,,,,False,AUTORIA_NAO_COMPROVADA_NAO_INFERIR_CUSTOM_PRICE
MLB7381673590,VTK000787,active,ml:MLB7381673590:MLB7391077604,137.47,,,,,False,AUTORIA_NAO_COMPROVADA_NAO_INFERIR_CUSTOM_PRICE
MLB7381672458,VTK019181,active,item:MLB7381672458,399,,,,,False,AUTORIA_NAO_COMPROVADA_NAO_INFERIR_CUSTOM_PRICE
MLB7381672436,VTK018149,active,item:MLB7381672436,160.19,,,,,False,AUTORIA_NAO_COMPROVADA_NAO_INFERIR_CUSTOM_PRICE
MLB7381672068,VTK017899,active,item:MLB7381672068,43.97,,,,,False,AUTORIA_NAO_COMPROVADA_NAO_INFERIR_CUSTOM_PRICE
MLB7381671776,VTK019629,active,ml:MLB5048998289:MLB7381671776,38.11,,,,,False,AUTORIA_NAO_COMPROVADA_NAO_INFERIR_CUSTOM_PRICE
MLB7381671414,VTK017159,active,item:MLB7381671414,40.7,,,,,False,AUTORIA_NAO_COMPROVADA_NAO_INFERIR_CUSTOM_PRICE
MLB7381670832,VTK025644,active,ml:MLB7381670832:MLB7391077710,57.47,,,,,False,AUTORIA_NAO_COMPROVADA_NAO_INFERIR_CUSTOM_PRICE
MLB7381670494,VTK017534,active,item:MLB7381670494,143.21,,,,,False,AUTORIA_NAO_COMPROVADA_NAO_INFERIR_CUSTOM_PRICE
MLB7381670348,VTK025643,active,item:MLB7381670348,54.8,,,,,False,AUTORIA_NAO_COMPROVADA_NAO_INFERIR_CUSTOM_PRICE
MLB7381670118,VTK025759,active,item:MLB7381670118,99.44,,,,,False,AUTORIA_NAO_COMPROVADA_NAO_INFERIR_CUSTOM_PRICE
MLB7381670110,VTK004137,active,item:MLB7381670110,247,,,,,False,AUTORIA_NAO_COMPROVADA_NAO_INFERIR_CUSTOM_PRICE
MLB7381288892,VTK012101,active,item:MLB7381288892,30,,,,,False,AUTORIA_NAO_COMPROVADA_NAO_INFERIR_CUSTOM_PRICE
MLB7381276976,VTK000464,active,ml:MLB5112606079:MLB7381276976,67.99,,,,,False,AUTORIA_NAO_COMPROVADA_NAO_INFERIR_CUSTOM_PRICE
MLB7381240938,VTK025359,active,ml:MLB4970446455:MLB7381240938,83.5,,,,,False,AUTORIA_NAO_COMPROVADA_NAO_INFERIR_CUSTOM_PRICE
MLB7381240874,VTK016247,active,ml:MLB4903848245:MLB7381240874,503.08,,,,,False,AUTORIA_NAO_COMPROVADA_NAO_INFERIR_CUSTOM_PRICE
MLB7381240798,VTK012511,active,ml:MLB7111657432:MLB7381240798,128.98,,,,,False,AUTORIA_NAO_COMPROVADA_NAO_INFERIR_CUSTOM_PRICE
MLB7381240592,VTK017983,active,ml:MLB4937556401:MLB7381240592,1178,,,,,False,AUTORIA_NAO_COMPROVADA_NAO_INFERIR_CUSTOM_PRICE
MLB7381240568,VTK018565,active,ml:MLB4937565685:MLB7381240568,699,,,,,False,AUTORIA_NAO_COMPROVADA_NAO_INFERIR_CUSTOM_PRICE
MLB7381240556,VTK000980,active,ml:MLB6564925370:MLB7381240556,219,,,,,False,AUTORIA_NAO_COMPROVADA_NAO_INFERIR_CUSTOM_PRICE
MLB7381240518,VTK017391,active,ml:MLB7332095530:MLB7381240518,46.74,,,,,False,AUTORIA_NAO_COMPROVADA_NAO_INFERIR_CUSTOM_PRICE
MLB7381240474,VTK018568,active,ml:MLB4937398279:MLB7381240474,1011,,,,,False,AUTORIA_NAO_COMPROVADA_NAO_INFERIR_CUSTOM_PRICE
MLB7381240378,VTK017853,active,,40.24,,,,,False,AUTORIA_NAO_COMPROVADA_NAO_INFERIR_CUSTOM_PRICE
MLB7381240362,VTK025258,active,ml:MLB4967186763:MLB7381240362,596.08,,,,,False,AUTORIA_NAO_COMPROVADA_NAO_INFERIR_CUSTOM_PRICE
MLB7381240328,VTK016074,active,ml:MLB7184725216:MLB7381240328,194.6,,,,,False,AUTORIA_NAO_COMPROVADA_NAO_INFERIR_CUSTOM_PRICE
MLB7381239954,VTK017377,active,ml:MLB4994951555:MLB7381239954,63.35,,,,,False,AUTORIA_NAO_COMPROVADA_NAO_INFERIR_CUSTOM_PRICE
MLB7381239818,VTK016184,active,ml:MLB4894918741:MLB7381239818,275.22,,,,,False,AUTORIA_NAO_COMPROVADA_NAO_INFERIR_CUSTOM_PRICE
MLB7381239398,VTK017717,active,ml:MLB7238964084:MLB7381239398,217,,,,,False,AUTORIA_NAO_COMPROVADA_NAO_INFERIR_CUSTOM_PRICE
MLB7381239262,VTK013052,active,ml:MLB7227306200:MLB7381239262,74.27,,,,,False,AUTORIA_NAO_COMPROVADA_NAO_INFERIR_CUSTOM_PRICE
MLB7381238898,VTK016029,active,ml:MLB7184804052:MLB7381238898,891.12,,,,,False,AUTORIA_NAO_COMPROVADA_NAO_INFERIR_CUSTOM_PRICE
MLB7381238864,VTK017218,active,,67.08,,,,,False,AUTORIA_NAO_COMPROVADA_NAO_INFERIR_CUSTOM_PRICE
MLB5034826679,VTK018667,active,item:MLB5034826679,2789.72,,,,,False,AUTORIA_NAO_COMPROVADA_NAO_INFERIR_CUSTOM_PRICE
MLB5034826531,VTK018477,active,item:MLB5034826531,890,,,,,False,AUTORIA_NAO_COMPROVADA_NAO_INFERIR_CUSTOM_PRICE
MLB5034826495,VTK018176,active,item:MLB5034826495,449,,,,,False,AUTORIA_NAO_COMPROVADA_NAO_INFERIR_CUSTOM_PRICE
MLB5034826019,VTK018717,active,item:MLB5034826019,317,,,,,False,AUTORIA_NAO_COMPROVADA_NAO_INFERIR_CUSTOM_PRICE
MLB5034825983,VTK018913,active,item:MLB5034825983,470,,,,,False,AUTORIA_NAO_COMPROVADA_NAO_INFERIR_CUSTOM_PRICE
MLB5034825759,VTK018770,active,item:MLB5034825759,167.54,,,,,False,AUTORIA_NAO_COMPROVADA_NAO_INFERIR_CUSTOM_PRICE
MLB5034825645,VTK019017,active,item:MLB5034825645,158.05,,,,,False,AUTORIA_NAO_COMPROVADA_NAO_INFERIR_CUSTOM_PRICE
MLB5034825123,VTK017766,active,item:MLB5034825123,60,,,,,False,AUTORIA_NAO_COMPROVADA_NAO_INFERIR_CUSTOM_PRICE
MLB5034824745,VTK018310,active,item:MLB5034824745,55.29,,,,,False,AUTORIA_NAO_COMPROVADA_NAO_INFERIR_CUSTOM_PRICE
MLB5034789021,VTK018704,active,item:MLB5034789021,56.65,,,,,False,AUTORIA_NAO_COMPROVADA_NAO_INFERIR_CUSTOM_PRICE
MLB5034788795,VTK018600,active,item:MLB5034788795,377,,,,,False,AUTORIA_NAO_COMPROVADA_NAO_INFERIR_CUSTOM_PRICE
MLB5034788621,VTK018713,active,item:MLB5034788621,270,,,,,False,AUTORIA_NAO_COMPROVADA_NAO_INFERIR_CUSTOM_PRICE
MLB5034787395,VTK017631,active,item:MLB5034787395,93.46,,,,,False,AUTORIA_NAO_COMPROVADA_NAO_INFERIR_CUSTOM_PRICE
MLB5034787225,VTK017778,active,item:MLB5034787225,41.7,,,,,False,AUTORIA_NAO_COMPROVADA_NAO_INFERIR_CUSTOM_PRICE
MLB5034771539,VTK017217,active,item:MLB5034771539,97,,,,,False,AUTORIA_NAO_COMPROVADA_NAO_INFERIR_CUSTOM_PRICE
MLB5034771531,VTK019028,active,item:MLB5034771531,451,,,,,False,AUTORIA_NAO_COMPROVADA_NAO_INFERIR_CUSTOM_PRICE
MLB5034771305,VTK025406,active,item:MLB5034771305,1823.11,,,,,False,AUTORIA_NAO_COMPROVADA_NAO_INFERIR_CUSTOM_PRICE
MLB5034771253,VTK018985,active,item:MLB5034771253,699,,,,,False,AUTORIA_NAO_COMPROVADA_NAO_INFERIR_CUSTOM_PRICE
MLB5034771127,VTK018895,active,item:MLB5034771127,480.53,,,,,False,AUTORIA_NAO_COMPROVADA_NAO_INFERIR_CUSTOM_PRICE
MLB5034770067,VTK017216,active,item:MLB5034770067,64.63,,,,,False,AUTORIA_NAO_COMPROVADA_NAO_INFERIR_CUSTOM_PRICE
MLB5034769815,VTK017871,active,item:MLB5034769815,55.77,,,,,False,AUTORIA_NAO_COMPROVADA_NAO_INFERIR_CUSTOM_PRICE
MLB5034767251,VTK025779,active,item:MLB5034767251,98.28,,,,,False,AUTORIA_NAO_COMPROVADA_NAO_INFERIR_CUSTOM_PRICE
MLB5034767035,VTK025758,active,item:MLB5034767035,91.22,,,,,False,AUTORIA_NAO_COMPROVADA_NAO_INFERIR_CUSTOM_PRICE
MLB5034766977,VTK025713,active,item:MLB5034766977,88.21,,,,,False,AUTORIA_NAO_COMPROVADA_NAO_INFERIR_CUSTOM_PRICE
MLB5034766769,VTK025702,active,item:MLB5034766769,82.65,,,,,False,AUTORIA_NAO_COMPROVADA_NAO_INFERIR_CUSTOM_PRICE
MLB5034766479,VTK025678,active,item:MLB5034766479,86.98,,,,,False,AUTORIA_NAO_COMPROVADA_NAO_INFERIR_CUSTOM_PRICE
MLB5034766433,VTK025734,active,ml:MLB5034766433:MLB7391077666,77.84,,,,,False,AUTORIA_NAO_COMPROVADA_NAO_INFERIR_CUSTOM_PRICE
MLB5034766377,VTK025680,active,item:MLB5034766377,75.49,,,,,False,AUTORIA_NAO_COMPROVADA_NAO_INFERIR_CUSTOM_PRICE
MLB5034766339,VTK025715,active,item:MLB5034766339,74.26,,,,,False,AUTORIA_NAO_COMPROVADA_NAO_INFERIR_CUSTOM_PRICE
MLB5034766337,VTK025814,active,item:MLB5034766337,166.31,,,,,False,AUTORIA_NAO_COMPROVADA_NAO_INFERIR_CUSTOM_PRICE
MLB5034766285,VTK025805,active,item:MLB5034766285,161.69,,,,,False,AUTORIA_NAO_COMPROVADA_NAO_INFERIR_CUSTOM_PRICE
MLB5034766179,VTK025806,active,item:MLB5034766179,152.31,,,,,False,AUTORIA_NAO_COMPROVADA_NAO_INFERIR_CUSTOM_PRICE
MLB5034766137,VTK025714,active,item:MLB5034766137,70.04,,,,,False,AUTORIA_NAO_COMPROVADA_NAO_INFERIR_CUSTOM_PRICE
MLB5034766005,VTK025757,active,item:MLB5034766005,135.2,,,,,False,AUTORIA_NAO_COMPROVADA_NAO_INFERIR_CUSTOM_PRICE
MLB5034765947,VTK025642,active,item:MLB5034765947,65,,,,,False,AUTORIA_NAO_COMPROVADA_NAO_INFERIR_CUSTOM_PRICE
MLB5034765901,VTK025726,active,item:MLB5034765901,418.06,,,,,False,AUTORIA_NAO_COMPROVADA_NAO_INFERIR_CUSTOM_PRICE
MLB5034765835,VTK025751,active,item:MLB5034765835,112.78,,,,,False,AUTORIA_NAO_COMPROVADA_NAO_INFERIR_CUSTOM_PRICE
MLB5034765833,VTK025683,active,item:MLB5034765833,320.31,,,,,False,AUTORIA_NAO_COMPROVADA_NAO_INFERIR_CUSTOM_PRICE
MLB5034765767,VTK018015,active,item:MLB5034765767,39.99,,,,,False,AUTORIA_NAO_COMPROVADA_NAO_INFERIR_CUSTOM_PRICE
MLB5034759581,VTK017821,active,item:MLB5034759581,101.89,,,,,False,AUTORIA_NAO_COMPROVADA_NAO_INFERIR_CUSTOM_PRICE
MLB5034732715,VTK017577,active,item:MLB5034732715,144.91,,,,,False,AUTORIA_NAO_COMPROVADA_NAO_INFERIR_CUSTOM_PRICE
MLB5034732711,VTK023357,active,ml:MLB5034732711:MLB7390922484,290,,,,,False,AUTORIA_NAO_COMPROVADA_NAO_INFERIR_CUSTOM_PRICE
MLB5034732415,VTK018751,active,item:MLB5034732415,142.84,,,,,False,AUTORIA_NAO_COMPROVADA_NAO_INFERIR_CUSTOM_PRICE
MLB5034732297,VTK019006,active,item:MLB5034732297,277,,,,,False,AUTORIA_NAO_COMPROVADA_NAO_INFERIR_CUSTOM_PRICE
MLB5034732287,VTK018710,active,item:MLB5034732287,40.79,,,,,False,AUTORIA_NAO_COMPROVADA_NAO_INFERIR_CUSTOM_PRICE
MLB5034732279,VTK003259,active,ml:MLB5034732279:MLB7391077632,141.98,,,,,False,AUTORIA_NAO_COMPROVADA_NAO_INFERIR_CUSTOM_PRICE
MLB5034731187,VTK025795,active,item:MLB5034731187,106.7,,,,,False,AUTORIA_NAO_COMPROVADA_NAO_INFERIR_CUSTOM_PRICE
MLB5034707131,VTK018222,active,item:MLB5034707131,39.71,,,,,False,AUTORIA_NAO_COMPROVADA_NAO_INFERIR_CUSTOM_PRICE
MLB5034706983,VTK017868,active,item:MLB5034706983,36.36,,,,,False,AUTORIA_NAO_COMPROVADA_NAO_INFERIR_CUSTOM_PRICE
MLB5034706875,VTK017165,active,item:MLB5034706875,34.86,,,,,False,AUTORIA_NAO_COMPROVADA_NAO_INFERIR_CUSTOM_PRICE
MLB5034706797,VTK017872,active,item:MLB5034706797,106.58,,,,,False,AUTORIA_NAO_COMPROVADA_NAO_INFERIR_CUSTOM_PRICE
MLB5034706661,VTK019103,active,item:MLB5034706661,87.58,,,,,False,AUTORIA_NAO_COMPROVADA_NAO_INFERIR_CUSTOM_PRICE
MLB5034706529,VTK012037,active,item:MLB5034706529,25.86,,,,,False,AUTORIA_NAO_COMPROVADA_NAO_INFERIR_CUSTOM_PRICE
MLB5034704431,VTK012144,active,ml:MLB5034704431:MLB7391077510,25.67,,,,,False,AUTORIA_NAO_COMPROVADA_NAO_INFERIR_CUSTOM_PRICE
MLB5034096127,VTK017224,active,,46.66,,,,,False,AUTORIA_NAO_COMPROVADA_NAO_INFERIR_CUSTOM_PRICE
MLB5034095097,VTK012256,active,ml:MLB5034095097:MLB7111711736,50,,,,,False,AUTORIA_NAO_COMPROVADA_NAO_INFERIR_CUSTOM_PRICE
MLB5034094891,VTK025253,active,ml:MLB4967160835:MLB5034094891,421.75,,,,,False,AUTORIA_NAO_COMPROVADA_NAO_INFERIR_CUSTOM_PRICE
MLB5034094537,VTK002836,active,ml:MLB5034094537:MLB6563424810,101,,,,,False,AUTORIA_NAO_COMPROVADA_NAO_INFERIR_CUSTOM_PRICE
MLB7391077794,VTK017238,active,ml:MLB7381743794:MLB7391077794,69,,,,,False,AUTORIA_NAO_COMPROVADA_NAO_INFERIR_CUSTOM_PRICE
MLB7391077710,VTK025644,active,ml:MLB7381670832:MLB7391077710,57.47,,,,,False,AUTORIA_NAO_COMPROVADA_NAO_INFERIR_CUSTOM_PRICE
MLB7391077700,VTK012680,active,,56.71,,,,,False,AUTORIA_NAO_COMPROVADA_NAO_INFERIR_CUSTOM_PRICE
MLB7391077666,VTK025734,active,ml:MLB5034766433:MLB7391077666,77.84,,,,,False,AUTORIA_NAO_COMPROVADA_NAO_INFERIR_CUSTOM_PRICE
MLB7391077632,VTK003259,active,ml:MLB5034732279:MLB7391077632,141.98,,,,,False,AUTORIA_NAO_COMPROVADA_NAO_INFERIR_CUSTOM_PRICE
MLB7391077604,VTK000787,active,ml:MLB7381673590:MLB7391077604,137.47,,,,,False,AUTORIA_NAO_COMPROVADA_NAO_INFERIR_CUSTOM_PRICE
MLB7391077510,VTK012144,active,ml:MLB5034704431:MLB7391077510,25.67,,,,,False,AUTORIA_NAO_COMPROVADA_NAO_INFERIR_CUSTOM_PRICE
MLB7391077480,VTK017212,active,ml:MLB7381741820:MLB7391077480,47.1,,,,,False,AUTORIA_NAO_COMPROVADA_NAO_INFERIR_CUSTOM_PRICE
MLB7391076906,VTK013009,active,ml:MLB7381753878:MLB7391076906,159,,,,,False,AUTORIA_NAO_COMPROVADA_NAO_INFERIR_CUSTOM_PRICE
MLB7390923558,VTK000672,active,ml:MLB4842179487:MLB7390923558,337.21,,,,,False,AUTORIA_NAO_COMPROVADA_NAO_INFERIR_CUSTOM_PRICE
MLB7390923508,VTK017724,active,ml:MLB7381742094:MLB7390923508,415,,,,,False,AUTORIA_NAO_COMPROVADA_NAO_INFERIR_CUSTOM_PRICE
MLB7390923456,VTK000021,active,ml:MLB7009939716:MLB7390923456,279.27,,,,,False,AUTORIA_NAO_COMPROVADA_NAO_INFERIR_CUSTOM_PRICE
MLB7390923400,VTK016221,active,ml:MLB7184749312:MLB7390923400,179.04,,,,,False,AUTORIA_NAO_COMPROVADA_NAO_INFERIR_CUSTOM_PRICE
MLB7390923348,VTK016030,active,ml:MLB4903870163:MLB7390923348,846.15,,,,,False,AUTORIA_NAO_COMPROVADA_NAO_INFERIR_CUSTOM_PRICE
MLB7390923206,VTK012984,active,ml:MLB7381744424:MLB7390923206,76.68,,,,,False,AUTORIA_NAO_COMPROVADA_NAO_INFERIR_CUSTOM_PRICE
MLB7390922484,VTK023357,active,ml:MLB5034732711:MLB7390922484,290,,,,,False,AUTORIA_NAO_COMPROVADA_NAO_INFERIR_CUSTOM_PRICE
MLB7390922480,VTK001186,active,ml:MLB7381754412:MLB7390922480,159.68,,,,,False,AUTORIA_NAO_COMPROVADA_NAO_INFERIR_CUSTOM_PRICE
MLB7401437446,VTK002762,active,ml:MLB5079124237:MLB7401437446,101.61,,,,,False,AUTORIA_NAO_COMPROVADA_NAO_INFERIR_CUSTOM_PRICE
MLB7401437226,VTK001450,active,ml:MLB7401437226:MLB7437026456,81.97,,,,,False,AUTORIA_NAO_COMPROVADA_NAO_INFERIR_CUSTOM_PRICE
MLB7401437172,VTK000377,active,item:MLB7401437172,111.65,,,,,False,AUTORIA_NAO_COMPROVADA_NAO_INFERIR_CUSTOM_PRICE
MLB7401386338,VTK002772,active,ml:MLB5079124637:MLB7401386338,126.77,,,,,False,AUTORIA_NAO_COMPROVADA_NAO_INFERIR_CUSTOM_PRICE
MLB7401386206,VTK002697,active,item:MLB7401386206,179,,,,,False,AUTORIA_NAO_COMPROVADA_NAO_INFERIR_CUSTOM_PRICE
MLB7401385890,VTK000022,active,ml:MLB7401385890:MLB7492666754,129.03,,,,,False,AUTORIA_NAO_COMPROVADA_NAO_INFERIR_CUSTOM_PRICE
MLB7400501212,VTK012202,active,,74.85,,,,,False,AUTORIA_NAO_COMPROVADA_NAO_INFERIR_CUSTOM_PRICE
MLB7400501166,VTK012817,active,ml:MLB7111642726:MLB7400501166,1399,,,,,False,AUTORIA_NAO_COMPROVADA_NAO_INFERIR_CUSTOM_PRICE
MLB7400501086,VTK025682,active,ml:MLB7381762600:MLB7400501086,65.86,,,,,False,AUTORIA_NAO_COMPROVADA_NAO_INFERIR_CUSTOM_PRICE
MLB7400501048,VTK001634,active,ml:MLB7111657194:MLB7400501048,138.91,,,,,False,AUTORIA_NAO_COMPROVADA_NAO_INFERIR_CUSTOM_PRICE
MLB7400500962,VTK012200,active,,83.22,,,,,False,AUTORIA_NAO_COMPROVADA_NAO_INFERIR_CUSTOM_PRICE
MLB7400500890,VTK005557,active,ml:MLB7111657520:MLB7400500890,115,,,,,False,AUTORIA_NAO_COMPROVADA_NAO_INFERIR_CUSTOM_PRICE
MLB7400500870,VTK009840,active,ml:MLB7229867624:MLB7400500870,1039,,,,,False,AUTORIA_NAO_COMPROVADA_NAO_INFERIR_CUSTOM_PRICE
MLB7400500850,VTK000244,active,ml:MLB7009318968:MLB7400500850,194.68,,,,,False,AUTORIA_NAO_COMPROVADA_NAO_INFERIR_CUSTOM_PRICE
MLB5050065459,VTK002792,active,item:MLB5050065459,99,,,,,False,AUTORIA_NAO_COMPROVADA_NAO_INFERIR_CUSTOM_PRICE
MLB5050065207,VTK002550,active,ml:MLB5050065207:MLB5191246357,430.73,,,,,False,AUTORIA_NAO_COMPROVADA_NAO_INFERIR_CUSTOM_PRICE
MLB5050065065,VTK000054,active,,40.85,,,,,False,AUTORIA_NAO_COMPROVADA_NAO_INFERIR_CUSTOM_PRICE
MLB5048998421,VTK000696,active,ml:MLB5048998421:MLB7216679780,42,,,,,False,AUTORIA_NAO_COMPROVADA_NAO_INFERIR_CUSTOM_PRICE
MLB5048998323,VTK009837,active,ml:MLB5048998323:MLB7229842814,1061.37,,,,,False,AUTORIA_NAO_COMPROVADA_NAO_INFERIR_CUSTOM_PRICE
MLB5048998307,VTK000585,active,ml:MLB5048998307:MLB7238889442,110.13,,,,,False,AUTORIA_NAO_COMPROVADA_NAO_INFERIR_CUSTOM_PRICE
MLB5048998289,VTK019629,active,ml:MLB5048998289:MLB7381671776,38.11,,,,,False,AUTORIA_NAO_COMPROVADA_NAO_INFERIR_CUSTOM_PRICE
MLB5048998203,VTK004716,active,ml:MLB5048998203:MLB7238909634,102.44,,,,,False,AUTORIA_NAO_COMPROVADA_NAO_INFERIR_CUSTOM_PRICE
MLB5048998199,VTK018090,active,ml:MLB4937563737:MLB5048998199,76.9,,,,,False,AUTORIA_NAO_COMPROVADA_NAO_INFERIR_CUSTOM_PRICE
MLB4971945451,VTK021396,active,ml:MLB4961725223:MLB4971945451,123,,,,,False,AUTORIA_NAO_COMPROVADA_NAO_INFERIR_CUSTOM_PRICE
MLB4961725223,VTK021396,active,ml:MLB4961725223:MLB4971945451,123,,,,,False,AUTORIA_NAO_COMPROVADA_NAO_INFERIR_CUSTOM_PRICE
MLB7432766896,VTK004630,active,item:MLB7432766896,692,,,,,False,AUTORIA_NAO_COMPROVADA_NAO_INFERIR_CUSTOM_PRICE
MLB7432766370,VTK012842,active,item:MLB7432766370,94.21,,,,,False,AUTORIA_NAO_COMPROVADA_NAO_INFERIR_CUSTOM_PRICE
MLB7432633862,VTK004693,active,item:MLB7432633862,823,,,,,False,AUTORIA_NAO_COMPROVADA_NAO_INFERIR_CUSTOM_PRICE
MLB7432633540,VTK026035,active,item:MLB7432633540,189.9,,,,,False,AUTORIA_NAO_COMPROVADA_NAO_INFERIR_CUSTOM_PRICE
MLB7432633436,VTK026028,active,item:MLB7432633436,230,,,,,False,AUTORIA_NAO_COMPROVADA_NAO_INFERIR_CUSTOM_PRICE
MLB7432632852,VTK000039,active,item:MLB7432632852,159.83,,,,,False,AUTORIA_NAO_COMPROVADA_NAO_INFERIR_CUSTOM_PRICE
MLB7432625460,VTK021108,active,item:MLB7432625460,210,,,,,False,AUTORIA_NAO_COMPROVADA_NAO_INFERIR_CUSTOM_PRICE
MLB7432625408,VTK012839,active,,127.79,,,,,False,AUTORIA_NAO_COMPROVADA_NAO_INFERIR_CUSTOM_PRICE
MLB7432502048,VTK017933,active,,39.27,,,,,False,AUTORIA_NAO_COMPROVADA_NAO_INFERIR_CUSTOM_PRICE
MLB7432501874,VTK017508,active,item:MLB7432501874,159.9,,,,,False,AUTORIA_NAO_COMPROVADA_NAO_INFERIR_CUSTOM_PRICE
MLB7432492832,VTK026047,active,,79.27,,,,,False,AUTORIA_NAO_COMPROVADA_NAO_INFERIR_CUSTOM_PRICE
MLB7432492782,VTK017504,active,item:MLB7432492782,99.9,,,,,False,AUTORIA_NAO_COMPROVADA_NAO_INFERIR_CUSTOM_PRICE
MLB7432450528,VTK026043,active,item:MLB7432450528,27.24,,,,,False,AUTORIA_NAO_COMPROVADA_NAO_INFERIR_CUSTOM_PRICE
MLB7432450504,VTK017507,active,,119.9,,,,,False,AUTORIA_NAO_COMPROVADA_NAO_INFERIR_CUSTOM_PRICE
MLB7432445588,VTK026046,active,,165.36,,,,,False,AUTORIA_NAO_COMPROVADA_NAO_INFERIR_CUSTOM_PRICE
MLB5075857471,VTK018435,active,,213,,,,,False,AUTORIA_NAO_COMPROVADA_NAO_INFERIR_CUSTOM_PRICE
MLB5075857033,VTK026029,active,,140.7,,,,,False,AUTORIA_NAO_COMPROVADA_NAO_INFERIR_CUSTOM_PRICE
MLB5075856301,VTK026013,active,,199,,,,,False,AUTORIA_NAO_COMPROVADA_NAO_INFERIR_CUSTOM_PRICE
MLB5075856243,VTK026001,active,,29.54,,,,,False,AUTORIA_NAO_COMPROVADA_NAO_INFERIR_CUSTOM_PRICE
MLB5075703275,VTK017562,active,,119.9,,,,,False,AUTORIA_NAO_COMPROVADA_NAO_INFERIR_CUSTOM_PRICE
MLB5075703185,VTK019632,active,,99.9,,,,,False,AUTORIA_NAO_COMPROVADA_NAO_INFERIR_CUSTOM_PRICE
MLB5075703147,VTK017505,active,,99.9,,,,,False,AUTORIA_NAO_COMPROVADA_NAO_INFERIR_CUSTOM_PRICE
MLB5075703121,VTK013007,active,,124.7,,,,,False,AUTORIA_NAO_COMPROVADA_NAO_INFERIR_CUSTOM_PRICE
MLB5075703099,VTK013008,active,,82.77,,,,,False,AUTORIA_NAO_COMPROVADA_NAO_INFERIR_CUSTOM_PRICE
MLB5075698225,VTK017506,active,,119.9,,,,,False,AUTORIA_NAO_COMPROVADA_NAO_INFERIR_CUSTOM_PRICE
MLB5075665407,VTK026045,active,,110.68,,,,,False,AUTORIA_NAO_COMPROVADA_NAO_INFERIR_CUSTOM_PRICE
MLB7437026476,VTK025701,active,ml:MLB7297397256:MLB7437026476,56.43,,,,,False,AUTORIA_NAO_COMPROVADA_NAO_INFERIR_CUSTOM_PRICE
MLB7437026456,VTK001450,active,ml:MLB7401437226:MLB7437026456,81.97,,,,,False,AUTORIA_NAO_COMPROVADA_NAO_INFERIR_CUSTOM_PRICE
MLB7437026350,VTK012745,active,ml:MLB7111648964:MLB7437026350,78.9,,,,,False,AUTORIA_NAO_COMPROVADA_NAO_INFERIR_CUSTOM_PRICE
MLB7437026332,VTK012159,active,ml:MLB4857639883:MLB7437026332,22,,,,,False,AUTORIA_NAO_COMPROVADA_NAO_INFERIR_CUSTOM_PRICE
MLB7437026312,VTK012732,active,ml:MLB7111657816:MLB7437026312,104,,,,,False,AUTORIA_NAO_COMPROVADA_NAO_INFERIR_CUSTOM_PRICE
MLB7437026280,VTK012555,active,ml:MLB7111642276:MLB7437026280,1770,,,,,False,AUTORIA_NAO_COMPROVADA_NAO_INFERIR_CUSTOM_PRICE
MLB7437026210,VTK000054,active,,40.85,,,,,False,AUTORIA_NAO_COMPROVADA_NAO_INFERIR_CUSTOM_PRICE
MLB7437025648,VTK001957,active,ml:MLB7111644740:MLB7437025648,144.38,,,,,False,AUTORIA_NAO_COMPROVADA_NAO_INFERIR_CUSTOM_PRICE
MLB5079124789,VTK012068,active,,38.96,,,,,False,AUTORIA_NAO_COMPROVADA_NAO_INFERIR_CUSTOM_PRICE
MLB5079124731,VTK012120,active,ml:MLB5079124731:MLB7145205372,114.45,,,,,False,AUTORIA_NAO_COMPROVADA_NAO_INFERIR_CUSTOM_PRICE
MLB5079124691,VTK012396,active,ml:MLB5079124691:MLB7111714912,25,,,,,False,AUTORIA_NAO_COMPROVADA_NAO_INFERIR_CUSTOM_PRICE
MLB5079124637,VTK002772,active,ml:MLB5079124637:MLB7401386338,126.77,,,,,False,AUTORIA_NAO_COMPROVADA_NAO_INFERIR_CUSTOM_PRICE
MLB5079124601,VTK012104,active,,21.98,,,,,False,AUTORIA_NAO_COMPROVADA_NAO_INFERIR_CUSTOM_PRICE
MLB5079124237,VTK002762,active,ml:MLB5079124237:MLB7401437446,101.61,,,,,False,AUTORIA_NAO_COMPROVADA_NAO_INFERIR_CUSTOM_PRICE
MLB5109039701,VTK016231,active,ml:MLB4903760505:MLB5109039701,61.84,,,,,False,AUTORIA_NAO_COMPROVADA_NAO_INFERIR_CUSTOM_PRICE
MLB5109038839,VTK001806,active,ml:MLB4857631065:MLB5109038839,2290,,,,,False,AUTORIA_NAO_COMPROVADA_NAO_INFERIR_CUSTOM_PRICE
MLB5109038099,VTK025637,active,ml:MLB4972432223:MLB5109038099,72.17,,,,,False,AUTORIA_NAO_COMPROVADA_NAO_INFERIR_CUSTOM_PRICE
MLB5109038021,VTK001719,active,ml:MLB4842188165:MLB5109038021,572.64,,,,,False,AUTORIA_NAO_COMPROVADA_NAO_INFERIR_CUSTOM_PRICE
MLB5109037741,VTK003659,active,ml:MLB4857624717:MLB5109037741,37,,,,,False,AUTORIA_NAO_COMPROVADA_NAO_INFERIR_CUSTOM_PRICE
MLB5109036709,VTK017837,active,ml:MLB4965988433:MLB5109036709,90.19,,,,,False,AUTORIA_NAO_COMPROVADA_NAO_INFERIR_CUSTOM_PRICE
MLB5108989417,VTK018448,active,ml:MLB5108989417:MLB7381675254,227.89,,,,,False,AUTORIA_NAO_COMPROVADA_NAO_INFERIR_CUSTOM_PRICE
MLB5108989351,VTK025636,active,ml:MLB4972444983:MLB5108989351,79.68,,,,,False,AUTORIA_NAO_COMPROVADA_NAO_INFERIR_CUSTOM_PRICE
MLB5108988945,VTK009908,active,ml:MLB5108988945:MLB7229843632,591.78,,,,,False,AUTORIA_NAO_COMPROVADA_NAO_INFERIR_CUSTOM_PRICE
MLB5108987865,VTK025256,active,ml:MLB4967162183:MLB5108987865,389.48,,,,,False,AUTORIA_NAO_COMPROVADA_NAO_INFERIR_CUSTOM_PRICE
MLB5112642681,VTK012761,active,ml:MLB5112642681:MLB7111654916,1770,,,,,False,AUTORIA_NAO_COMPROVADA_NAO_INFERIR_CUSTOM_PRICE
MLB5112606079,VTK000464,active,ml:MLB5112606079:MLB7381276976,67.99,,,,,False,AUTORIA_NAO_COMPROVADA_NAO_INFERIR_CUSTOM_PRICE
MLB7331797046,VTK017258,active,,68.74,,,,,False,AUTORIA_NAO_COMPROVADA_NAO_INFERIR_CUSTOM_PRICE
MLB7381755654,VTK019019,active,,1290,,,,,False,AUTORIA_NAO_COMPROVADA_NAO_INFERIR_CUSTOM_PRICE
MLB7492666754,VTK000022,active,ml:MLB7401385890:MLB7492666754,129.03,,,,,False,AUTORIA_NAO_COMPROVADA_NAO_INFERIR_CUSTOM_PRICE
MLB7492666254,VTK012435,active,ml:MLB7111654922:MLB7492666254,1770,,,,,False,AUTORIA_NAO_COMPROVADA_NAO_INFERIR_CUSTOM_PRICE
MLB7492666108,VTK009909,active,ml:MLB7229843758:MLB7492666108,589.2,,,,,False,AUTORIA_NAO_COMPROVADA_NAO_INFERIR_CUSTOM_PRICE
MLB7501736578,VTK000795,active,ml:MLB7087100620:MLB7501736578,142.83,,,,,False,AUTORIA_NAO_COMPROVADA_NAO_INFERIR_CUSTOM_PRICE
MLB5124077185,VTK017562,active,,119.9,,,,,False,AUTORIA_NAO_COMPROVADA_NAO_INFERIR_CUSTOM_PRICE
MLB7510665990,VTK001026,active,ml:MLB4801295297:MLB7510665990,140.96,,,,,False,AUTORIA_NAO_COMPROVADA_NAO_INFERIR_CUSTOM_PRICE
MLB5131491783,VTK001696,active,ml:MLB4842175303:MLB5131491783,121,,,,,False,AUTORIA_NAO_COMPROVADA_NAO_INFERIR_CUSTOM_PRICE
MLB5131491715,VTK012583,active,ml:MLB5131491715:MLB7111661166,78.9,,,,,False,AUTORIA_NAO_COMPROVADA_NAO_INFERIR_CUSTOM_PRICE
MLB7524753486,VTK004830,active,,44.71,,,,,False,AUTORIA_NAO_COMPROVADA_NAO_INFERIR_CUSTOM_PRICE
MLB7531514934,VTK012484,active,ml:MLB4857540421:MLB7531514934,1036.3,,,,,False,AUTORIA_NAO_COMPROVADA_NAO_INFERIR_CUSTOM_PRICE
MLB7529393556,VTK019526,active,ml:MLB4965919583:MLB7529393556,206.82,,,,,False,AUTORIA_NAO_COMPROVADA_NAO_INFERIR_CUSTOM_PRICE
MLB5148294775,VTK017843,active,ml:MLB5148294775:MLB7239069016,428,,,,,False,AUTORIA_NAO_COMPROVADA_NAO_INFERIR_CUSTOM_PRICE
MLB7550642124,VTK018292,active,,663.7,,,,,False,AUTORIA_NAO_COMPROVADA_NAO_INFERIR_CUSTOM_PRICE
MLB7550641496,VTK018106,active,,764.06,,,,,False,AUTORIA_NAO_COMPROVADA_NAO_INFERIR_CUSTOM_PRICE
MLB7550640480,VTK019018,active,,980.05,,,,,False,AUTORIA_NAO_COMPROVADA_NAO_INFERIR_CUSTOM_PRICE
MLB7550639646,VTK018830,active,,1061.96,,,,,False,AUTORIA_NAO_COMPROVADA_NAO_INFERIR_CUSTOM_PRICE
MLB5157060519,VTK022568,active,,337.68,,,,,False,AUTORIA_NAO_COMPROVADA_NAO_INFERIR_CUSTOM_PRICE
MLB5157056389,VTK018639,active,,485.89,,,,,False,AUTORIA_NAO_COMPROVADA_NAO_INFERIR_CUSTOM_PRICE
MLB5157051383,VTK019003,active,,2170,,,,,False,AUTORIA_NAO_COMPROVADA_NAO_INFERIR_CUSTOM_PRICE
MLB5156995367,VTK018702,active,,929.55,,,,,False,AUTORIA_NAO_COMPROVADA_NAO_INFERIR_CUSTOM_PRICE
MLB5156993841,VTK018857,active,,1153.68,,,,,False,AUTORIA_NAO_COMPROVADA_NAO_INFERIR_CUSTOM_PRICE
MLB5156958987,VTK000216,active,,85.45,,,,,False,AUTORIA_NAO_COMPROVADA_NAO_INFERIR_CUSTOM_PRICE
MLB5160664497,VTK022568,active,,337.68,,,,,False,AUTORIA_NAO_COMPROVADA_NAO_INFERIR_CUSTOM_PRICE
MLB7087033170,VTK000310,active,,264.15,,,,,False,AUTORIA_NAO_COMPROVADA_NAO_INFERIR_CUSTOM_PRICE
MLB7149374856,VTK012279,active,,231,,,,,False,AUTORIA_NAO_COMPROVADA_NAO_INFERIR_CUSTOM_PRICE
MLB4857541269,VTK012279,active,,231,,,,,False,AUTORIA_NAO_COMPROVADA_NAO_INFERIR_CUSTOM_PRICE
MLB5187692705,VTK012302,active,ml:MLB4857637711:MLB5187692705,30,,,,,False,AUTORIA_NAO_COMPROVADA_NAO_INFERIR_CUSTOM_PRICE
MLB7594388458,VTK017481,active,item:MLB7594388458,47.49,radar_launch,M2M-PRC-01-v1,47.49,2026-09-05T20:53:41.890675+00:00,True,PRESERVAR_EXPERIMENTO_REAVALIAR_ANTES_DE_NOVA_ACAO
MLB7594388436,VTK026044,active,item:MLB7594388436,73.7,radar_launch,M2M-PRC-01-v1,73.7,2026-09-05T20:53:34.888939+00:00,True,PRESERVAR_EXPERIMENTO_REAVALIAR_ANTES_DE_NOVA_ACAO
MLB7594387528,VTK018319,active,item:MLB7594387528,258.72,radar_launch,M2M-PRC-01-v1,258.72,2026-09-05T20:51:10.625521+00:00,True,PRESERVAR_EXPERIMENTO_REAVALIAR_ANTES_DE_NOVA_ACAO
MLB7594384288,VTK017284,active,item:MLB7594384288,1291.84,,,,,False,AUTORIA_NAO_COMPROVADA_NAO_INFERIR_CUSTOM_PRICE
MLB7593394174,VTK012778,active,ml:MLB7111642228:MLB7593394174,2077,,,,,False,AUTORIA_NAO_COMPROVADA_NAO_INFERIR_CUSTOM_PRICE
MLB7593393876,VTK000201,active,ml:MLB4857637045:MLB7593393876,55.3,,,,,False,AUTORIA_NAO_COMPROVADA_NAO_INFERIR_CUSTOM_PRICE
MLB7593393830,VTK017386,active,ml:MLB4937550225:MLB7593393830,43,,,,,False,AUTORIA_NAO_COMPROVADA_NAO_INFERIR_CUSTOM_PRICE
MLB5192503807,VTK005849,active,item:MLB5192503807,76.28,radar_launch,M2M-PRC-01-v1,76.28,2026-09-05T21:00:45.938706+00:00,True,PRESERVAR_EXPERIMENTO_REAVALIAR_ANTES_DE_NOVA_ACAO
MLB5192491275,VTK018417,active,item:MLB5192491275,32.32,radar_launch,M2M-PRC-01-v1,32.32,2026-09-05T21:00:53.192671+00:00,True,PRESERVAR_EXPERIMENTO_REAVALIAR_ANTES_DE_NOVA_ACAO
MLB5192489345,VTK026052,active,item:MLB5192489345,93.92,radar_launch,M2M-PRC-01-v1,93.92,2026-09-05T20:59:22.986736+00:00,True,PRESERVAR_EXPERIMENTO_REAVALIAR_ANTES_DE_NOVA_ACAO
MLB5192489303,VTK018404,active,item:MLB5192489303,92.68,radar_launch,M2M-PRC-01-v1,92.68,2026-09-05T20:53:48.758362+00:00,True,PRESERVAR_EXPERIMENTO_REAVALIAR_ANTES_DE_NOVA_ACAO
MLB5192488569,VTK017249,active,item:MLB5192488569,70.08,radar_launch,M2M-PRC-01-v1,70.08,2026-09-05T20:53:27.977448+00:00,True,PRESERVAR_EXPERIMENTO_REAVALIAR_ANTES_DE_NOVA_ACAO
MLB5192060243,VTK005172,active,,329.9,,,,,False,AUTORIA_NAO_COMPROVADA_NAO_INFERIR_CUSTOM_PRICE
MLB5191246487,VTK000876,active,ml:MLB4582569783:MLB5191246487,68,,,,,False,AUTORIA_NAO_COMPROVADA_NAO_INFERIR_CUSTOM_PRICE
MLB5191246449,VTK017185,active,,37.55,,,,,False,AUTORIA_NAO_COMPROVADA_NAO_INFERIR_CUSTOM_PRICE
MLB5191246423,VTK012354,active,ml:MLB5191246423:MLB7111712006,69.55,,,,,False,AUTORIA_NAO_COMPROVADA_NAO_INFERIR_CUSTOM_PRICE
MLB5191246395,VTK012721,active,ml:MLB5191246395:MLB7111661482,78.9,,,,,False,AUTORIA_NAO_COMPROVADA_NAO_INFERIR_CUSTOM_PRICE
MLB5191246357,VTK002550,active,ml:MLB5050065207:MLB5191246357,430.73,,,,,False,AUTORIA_NAO_COMPROVADA_NAO_INFERIR_CUSTOM_PRICE
MLB5191246163,VTK012471,active,ml:MLB4857637341:MLB5191246163,32,,,,,False,AUTORIA_NAO_COMPROVADA_NAO_INFERIR_CUSTOM_PRICE
MLB5191246127,VTK012325,active,ml:MLB4857637767:MLB5191246127,30,,,,,False,AUTORIA_NAO_COMPROVADA_NAO_INFERIR_CUSTOM_PRICE
MLB5191246097,VTK012365,active,,56.13,,,,,False,AUTORIA_NAO_COMPROVADA_NAO_INFERIR_CUSTOM_PRICE
MLB5191246013,VTK018702,active,,929.55,,,,,False,AUTORIA_NAO_COMPROVADA_NAO_INFERIR_CUSTOM_PRICE
MLB7294124560,VTK025364,active,,130,,,,,False,AUTORIA_NAO_COMPROVADA_NAO_INFERIR_CUSTOM_PRICE
MLB6565184970,VTK006348,paused,ml:MLB6563347468:MLB6565184970,223.92,,,,,False,AUTORIA_NAO_COMPROVADA_NAO_INFERIR_CUSTOM_PRICE
MLB6564925448,VTK000967,paused,ml:MLB6564925448:MLB6646470888,259,,,,,False,AUTORIA_NAO_COMPROVADA_NAO_INFERIR_CUSTOM_PRICE
MLB6564925380,VTK000943,paused,ml:MLB6564925380:MLB7381240006,318.1,,,,,False,AUTORIA_NAO_COMPROVADA_NAO_INFERIR_CUSTOM_PRICE
MLB6564912582,VTK000854,paused,ml:MLB6564912582:MLB7314824262,365.42,,,,,False,AUTORIA_NAO_COMPROVADA_NAO_INFERIR_CUSTOM_PRICE
MLB6564912558,VTK000981,paused,ml:MLB6564912558:MLB7298190186,657.35,,,,,False,AUTORIA_NAO_COMPROVADA_NAO_INFERIR_CUSTOM_PRICE
MLB6563575262,VTK000420,paused,ml:MLB4621151867:MLB6563575262,490,,,,,False,AUTORIA_NAO_COMPROVADA_NAO_INFERIR_CUSTOM_PRICE
MLB6563508730,VTK000917,paused,ml:MLB4994227315:MLB6563508730,234.87,,,,,False,AUTORIA_NAO_COMPROVADA_NAO_INFERIR_CUSTOM_PRICE
MLB6563508512,VTK001365,paused,ml:MLB6563508512:MLB7313972420,414.85,,,,,False,AUTORIA_NAO_COMPROVADA_NAO_INFERIR_CUSTOM_PRICE
MLB6563508286,VTK001099,paused,ml:MLB6563508286:MLB6818543476,218.35,,,,,False,AUTORIA_NAO_COMPROVADA_NAO_INFERIR_CUSTOM_PRICE
MLB6563496888,VTK000883,paused,ml:MLB6563496888:MLB7320341036,321.82,,,,,False,AUTORIA_NAO_COMPROVADA_NAO_INFERIR_CUSTOM_PRICE
MLB6563495246,VTK001283,paused,item:MLB6563495246,556.48,,,,,False,AUTORIA_NAO_COMPROVADA_NAO_INFERIR_CUSTOM_PRICE
MLB6563495210,VTK006554,paused,ml:MLB6563495210:MLB6682013034,1170.27,,,,,False,AUTORIA_NAO_COMPROVADA_NAO_INFERIR_CUSTOM_PRICE
MLB6563438884,VTK000986,paused,ml:MLB4612540513:MLB6563438884,246.65,,,,,False,AUTORIA_NAO_COMPROVADA_NAO_INFERIR_CUSTOM_PRICE
MLB6563437514,VTK000968,paused,item:MLB6563437514,200.21,,,,,False,AUTORIA_NAO_COMPROVADA_NAO_INFERIR_CUSTOM_PRICE
MLB6563432358,VTK006488,paused,item:MLB6563432358,2253.5,,,,,False,AUTORIA_NAO_COMPROVADA_NAO_INFERIR_CUSTOM_PRICE
MLB6563432308,VTK000838,paused,ml:MLB6563432308:MLB7330115848,248.88,,,,,False,AUTORIA_NAO_COMPROVADA_NAO_INFERIR_CUSTOM_PRICE
MLB6563432022,VTK006518,paused,ml:MLB4621151671:MLB6563432022,1590.77,,,,,False,AUTORIA_NAO_COMPROVADA_NAO_INFERIR_CUSTOM_PRICE
MLB6563429986,VTK000936,paused,ml:MLB6563429986:MLB6681943434,281.08,,,,,False,AUTORIA_NAO_COMPROVADA_NAO_INFERIR_CUSTOM_PRICE
MLB6563429864,,paused,,87.46,,,,,False,AUTORIA_NAO_COMPROVADA_NAO_INFERIR_CUSTOM_PRICE
MLB6563424802,VTK001185,paused,item:MLB6563424802,1119,,,,,False,AUTORIA_NAO_COMPROVADA_NAO_INFERIR_CUSTOM_PRICE
MLB6563420636,VTK000887,paused,ml:MLB6563420636:MLB7381688534,250.71,,,,,False,AUTORIA_NAO_COMPROVADA_NAO_INFERIR_CUSTOM_PRICE
MLB6563418948,VTK001033,paused,ml:MLB6563418948:MLB6646382226,229.94,,,,,False,AUTORIA_NAO_COMPROVADA_NAO_INFERIR_CUSTOM_PRICE
MLB6563348882,VTK000851,paused,item:MLB6563348882,239.23,,,,,False,AUTORIA_NAO_COMPROVADA_NAO_INFERIR_CUSTOM_PRICE
MLB6563348752,VTK001073,paused,ml:MLB6563348752:MLB6681943378,1125.52,,,,,False,AUTORIA_NAO_COMPROVADA_NAO_INFERIR_CUSTOM_PRICE
MLB6563347468,VTK006348,paused,ml:MLB6563347468:MLB6565184970,223.92,,,,,False,AUTORIA_NAO_COMPROVADA_NAO_INFERIR_CUSTOM_PRICE
MLB6563345420,VTK001412,paused,ml:MLB4948889557:MLB6563345420,162.91,,,,,False,AUTORIA_NAO_COMPROVADA_NAO_INFERIR_CUSTOM_PRICE
MLB6563336144,VTK005700,paused,item:MLB6563336144,70.97,,,,,False,AUTORIA_NAO_COMPROVADA_NAO_INFERIR_CUSTOM_PRICE
MLB6563336120,VTK000835,paused,ml:MLB6563336120:MLB7298176506,305.9,,,,,False,AUTORIA_NAO_COMPROVADA_NAO_INFERIR_CUSTOM_PRICE
MLB6563335788,VTK000930,paused,ml:MLB4972532891:MLB6563335788,252.21,,,,,False,AUTORIA_NAO_COMPROVADA_NAO_INFERIR_CUSTOM_PRICE
MLB6563334594,VTK006523,paused,item:MLB6563334594,139.17,,,,,False,AUTORIA_NAO_COMPROVADA_NAO_INFERIR_CUSTOM_PRICE
MLB6563332484,VTK000459,paused,ml:MLB6563332484:MLB6646642718,345.73,,,,,False,AUTORIA_NAO_COMPROVADA_NAO_INFERIR_CUSTOM_PRICE
MLB6563332426,VTK000715,paused,ml:MLB6563332426:MLB6646469936,194.65,,,,,False,AUTORIA_NAO_COMPROVADA_NAO_INFERIR_CUSTOM_PRICE
MLB6563284994,VTK000844,paused,ml:MLB6563284994:MLB7330114966,282.93,,,,,False,AUTORIA_NAO_COMPROVADA_NAO_INFERIR_CUSTOM_PRICE
MLB6563284982,VTK000827,paused,item:MLB6563284982,283.46,,,,,False,AUTORIA_NAO_COMPROVADA_NAO_INFERIR_CUSTOM_PRICE
MLB6563284802,VTK000905,paused,ml:MLB6563284802:MLB6646642702,129,,,,,False,AUTORIA_NAO_COMPROVADA_NAO_INFERIR_CUSTOM_PRICE
MLB6563284622,VTK000915,paused,ml:MLB4947942071:MLB6563284622,289.71,,,,,False,AUTORIA_NAO_COMPROVADA_NAO_INFERIR_CUSTOM_PRICE
MLB6563284590,VTK000969,paused,ml:MLB6563284590:MLB7400501080,217,,,,,False,AUTORIA_NAO_COMPROVADA_NAO_INFERIR_CUSTOM_PRICE
MLB6563283480,VTK001066,paused,item:MLB6563283480,266.27,,,,,False,AUTORIA_NAO_COMPROVADA_NAO_INFERIR_CUSTOM_PRICE
MLB6563281152,VTK000931,paused,item:MLB6563281152,219.06,,,,,False,AUTORIA_NAO_COMPROVADA_NAO_INFERIR_CUSTOM_PRICE
MLB6559562070,VTK000422,paused,item:MLB6559562070,181.18,,,,,False,AUTORIA_NAO_COMPROVADA_NAO_INFERIR_CUSTOM_PRICE
MLB6559498300,VTK000463,paused,item:MLB6559498300,163.28,,,,,False,AUTORIA_NAO_COMPROVADA_NAO_INFERIR_CUSTOM_PRICE
MLB6559459496,VTK002591,paused,ml:MLB6559459496:MLB6646507038,176.04,,,,,False,AUTORIA_NAO_COMPROVADA_NAO_INFERIR_CUSTOM_PRICE
MLB4582622197,VTK001169,paused,ml:MLB4582583201:MLB4582622197,265.11,,,,,False,AUTORIA_NAO_COMPROVADA_NAO_INFERIR_CUSTOM_PRICE
MLB4582595257,VTK000912,paused,item:MLB4582595257,591.06,,,,,False,AUTORIA_NAO_COMPROVADA_NAO_INFERIR_CUSTOM_PRICE
MLB4582594023,VTK000524,paused,ml:MLB4582594023:MLB4591812661,591,,,,,False,AUTORIA_NAO_COMPROVADA_NAO_INFERIR_CUSTOM_PRICE
MLB4582583217,VTK006052,paused,ml:MLB4582583217:MLB6655134134,343.71,,,,,False,AUTORIA_NAO_COMPROVADA_NAO_INFERIR_CUSTOM_PRICE
MLB4582583201,VTK001169,paused,ml:MLB4582583201:MLB4582622197,265.11,,,,,False,AUTORIA_NAO_COMPROVADA_NAO_INFERIR_CUSTOM_PRICE
MLB4582583165,VTK001608,paused,ml:MLB4582583165:MLB6655134110,217.77,,,,,False,AUTORIA_NAO_COMPROVADA_NAO_INFERIR_CUSTOM_PRICE
MLB4582576805,VTK000939,paused,ml:MLB4582576805:MLB4620839811,394.67,,,,,False,AUTORIA_NAO_COMPROVADA_NAO_INFERIR_CUSTOM_PRICE
MLB4582575093,VTK000970,paused,ml:MLB4582575093:MLB4612598383,487,,,,,False,AUTORIA_NAO_COMPROVADA_NAO_INFERIR_CUSTOM_PRICE
MLB4582575051,VTK000940,paused,ml:MLB4582575051:MLB7330399058,246.65,,,,,False,AUTORIA_NAO_COMPROVADA_NAO_INFERIR_CUSTOM_PRICE
MLB4582569547,VTK000909,paused,item:MLB4582569547,80.1,,,,,False,AUTORIA_NAO_COMPROVADA_NAO_INFERIR_CUSTOM_PRICE
MLB4582568357,VTK001289,paused,ml:MLB4582568357:MLB4620602393,301.79,,,,,False,AUTORIA_NAO_COMPROVADA_NAO_INFERIR_CUSTOM_PRICE
MLB4582566777,VTK000950,paused,ml:MLB4582566777:MLB6732245312,218.35,,,,,False,AUTORIA_NAO_COMPROVADA_NAO_INFERIR_CUSTOM_PRICE
MLB4582564787,VTK000168,paused,item:MLB4582564787,322.05,,,,,False,AUTORIA_NAO_COMPROVADA_NAO_INFERIR_CUSTOM_PRICE
MLB4582559287,VTK000877,paused,ml:MLB4582559287:MLB6571298252,820.56,,,,,False,AUTORIA_NAO_COMPROVADA_NAO_INFERIR_CUSTOM_PRICE
MLB4582559185,VTK000873,paused,ml:MLB4582559185:MLB4981706295,213,,,,,False,AUTORIA_NAO_COMPROVADA_NAO_INFERIR_CUSTOM_PRICE
MLB4582558855,VTK006302,paused,ml:MLB4582558855:MLB4612539543,225.44,,,,,False,AUTORIA_NAO_COMPROVADA_NAO_INFERIR_CUSTOM_PRICE
MLB4582557863,VTK000860,paused,ml:MLB4582557863:MLB7298177214,599,,,,,False,AUTORIA_NAO_COMPROVADA_NAO_INFERIR_CUSTOM_PRICE
MLB4582557647,VTK001040,paused,item:MLB4582557647,262.81,,,,,False,AUTORIA_NAO_COMPROVADA_NAO_INFERIR_CUSTOM_PRICE
MLB4582557537,VTK001243,paused,ml:MLB4582557537:MLB7127839654,1283.62,,,,,False,AUTORIA_NAO_COMPROVADA_NAO_INFERIR_CUSTOM_PRICE
MLB4582557509,VTK001091,paused,ml:MLB4582557509:MLB6711764280,1770,,,,,False,AUTORIA_NAO_COMPROVADA_NAO_INFERIR_CUSTOM_PRICE
MLB4582557495,VTK001041,paused,ml:MLB4582557495:MLB7210659020,124.81,,,,,False,AUTORIA_NAO_COMPROVADA_NAO_INFERIR_CUSTOM_PRICE
MLB4582555513,VTK000992,paused,ml:MLB4582555513:MLB4591797813,301.27,,,,,False,AUTORIA_NAO_COMPROVADA_NAO_INFERIR_CUSTOM_PRICE
MLB4582555497,VTK000901,paused,ml:MLB4582555497:MLB4620397277,229,,,,,False,AUTORIA_NAO_COMPROVADA_NAO_INFERIR_CUSTOM_PRICE
MLB4582553613,,paused,,190.86,,,,,False,AUTORIA_NAO_COMPROVADA_NAO_INFERIR_CUSTOM_PRICE
MLB4582546217,VTK000984,paused,ml:MLB4582546217:MLB6732979218,78.8,,,,,False,AUTORIA_NAO_COMPROVADA_NAO_INFERIR_CUSTOM_PRICE
MLB4582542683,,paused,,238.17,,,,,False,AUTORIA_NAO_COMPROVADA_NAO_INFERIR_CUSTOM_PRICE
MLB4582542611,VTK006416,paused,item:MLB4582542611,223.19,,,,,False,AUTORIA_NAO_COMPROVADA_NAO_INFERIR_CUSTOM_PRICE
MLB4582536509,,paused,,86.43,,,,,False,AUTORIA_NAO_COMPROVADA_NAO_INFERIR_CUSTOM_PRICE
MLB4582536373,VTK001149,paused,ml:MLB4582536373:MLB5109039749,276,,,,,False,AUTORIA_NAO_COMPROVADA_NAO_INFERIR_CUSTOM_PRICE
MLB4582526883,VTK000971,paused,ml:MLB4582526883:MLB7298189922,895.27,,,,,False,AUTORIA_NAO_COMPROVADA_NAO_INFERIR_CUSTOM_PRICE
MLB4582525649,VTK001016,paused,ml:MLB4582525649:MLB7298189836,385,,,,,False,AUTORIA_NAO_COMPROVADA_NAO_INFERIR_CUSTOM_PRICE
MLB4582525449,VTK000972,paused,item:MLB4582525449,159.42,,,,,False,AUTORIA_NAO_COMPROVADA_NAO_INFERIR_CUSTOM_PRICE
MLB4582514335,VTK000963,paused,ml:MLB4582514335:MLB4981703053,394.96,,,,,False,AUTORIA_NAO_COMPROVADA_NAO_INFERIR_CUSTOM_PRICE
MLB4582514257,VTK000975,paused,ml:MLB4582514257:MLB4612599799,380.35,,,,,False,AUTORIA_NAO_COMPROVADA_NAO_INFERIR_CUSTOM_PRICE
MLB4582513985,VTK001000,paused,item:MLB4582513985,190.11,,,,,False,AUTORIA_NAO_COMPROVADA_NAO_INFERIR_CUSTOM_PRICE
MLB4581705537,VTK001392,paused,item:MLB4581705537,221.64,,,,,False,AUTORIA_NAO_COMPROVADA_NAO_INFERIR_CUSTOM_PRICE
MLB4581644093,VTK002417,paused,ml:MLB4581644093:MLB4612599523,215.21,,,,,False,AUTORIA_NAO_COMPROVADA_NAO_INFERIR_CUSTOM_PRICE
MLB6565840766,VTK000899,paused,item:MLB6565840766,181.42,,,,,False,AUTORIA_NAO_COMPROVADA_NAO_INFERIR_CUSTOM_PRICE
MLB6565497090,,paused,,672.1,,,,,False,AUTORIA_NAO_COMPROVADA_NAO_INFERIR_CUSTOM_PRICE
MLB6565497044,VTK000934,paused,ml:MLB6565497044:MLB6649111042,468,,,,,False,AUTORIA_NAO_COMPROVADA_NAO_INFERIR_CUSTOM_PRICE
MLB6565484242,VTK000858,paused,ml:MLB6565484242:MLB7313983998,576.13,,,,,False,AUTORIA_NAO_COMPROVADA_NAO_INFERIR_CUSTOM_PRICE
MLB6565484180,VTK000994,paused,ml:MLB6565484180:MLB6655262940,318.85,,,,,False,AUTORIA_NAO_COMPROVADA_NAO_INFERIR_CUSTOM_PRICE
MLB6565484164,VTK000925,paused,ml:MLB6565484164:MLB6646643668,167.1,,,,,False,AUTORIA_NAO_COMPROVADA_NAO_INFERIR_CUSTOM_PRICE
MLB6565484120,VTK000903,paused,item:MLB6565484120,142.27,,,,,False,AUTORIA_NAO_COMPROVADA_NAO_INFERIR_CUSTOM_PRICE
MLB6565445396,VTK000911,paused,ml:MLB5034095113:MLB6565445396,301.77,,,,,False,AUTORIA_NAO_COMPROVADA_NAO_INFERIR_CUSTOM_PRICE
MLB6565445204,,paused,,818.56,,,,,False,AUTORIA_NAO_COMPROVADA_NAO_INFERIR_CUSTOM_PRICE
MLB6565393528,VTK000904,paused,item:MLB6565393528,301.77,,,,,False,AUTORIA_NAO_COMPROVADA_NAO_INFERIR_CUSTOM_PRICE
MLB6565342036,VTK001228,paused,ml:MLB4612540545:MLB6565342036,536.08,,,,,False,AUTORIA_NAO_COMPROVADA_NAO_INFERIR_CUSTOM_PRICE
MLB6565330272,VTK000956,paused,ml:MLB6565330272:MLB6630711244,376.92,,,,,False,AUTORIA_NAO_COMPROVADA_NAO_INFERIR_CUSTOM_PRICE
MLB6565317276,VTK000974,paused,ml:MLB6565317276:MLB7524752200,208.58,,,,,False,AUTORIA_NAO_COMPROVADA_NAO_INFERIR_CUSTOM_PRICE
MLB6565317208,VTK000910,paused,ml:MLB5034094927:MLB6565317208,345.12,,,,,False,AUTORIA_NAO_COMPROVADA_NAO_INFERIR_CUSTOM_PRICE
MLB6565217556,VTK000802,paused,ml:MLB6565217556:MLB7330115772,283.02,,,,,False,AUTORIA_NAO_COMPROVADA_NAO_INFERIR_CUSTOM_PRICE
MLB6565217460,VTK006448,paused,ml:MLB6565217460:MLB6655262922,657.35,,,,,False,AUTORIA_NAO_COMPROVADA_NAO_INFERIR_CUSTOM_PRICE
MLB6565217410,VTK001369,paused,ml:MLB6565217410:MLB7298176900,1017.55,,,,,False,AUTORIA_NAO_COMPROVADA_NAO_INFERIR_CUSTOM_PRICE
MLB4583282163,VTK006155,paused,ml:MLB4583282163:MLB6655134142,149.6,,,,,False,AUTORIA_NAO_COMPROVADA_NAO_INFERIR_CUSTOM_PRICE
MLB4583282093,VTK000954,paused,ml:MLB4583282093:MLB4620602535,232.85,,,,,False,AUTORIA_NAO_COMPROVADA_NAO_INFERIR_CUSTOM_PRICE
MLB6573349768,VTK004010,paused,ml:MLB4620840041:MLB6573349768,345,,,,,False,AUTORIA_NAO_COMPROVADA_NAO_INFERIR_CUSTOM_PRICE
MLB6573325406,VTK005079,paused,ml:MLB6573325406:MLB6682013314,422.2,,,,,False,AUTORIA_NAO_COMPROVADA_NAO_INFERIR_CUSTOM_PRICE
MLB6573313934,,paused,,112.88,,,,,False,AUTORIA_NAO_COMPROVADA_NAO_INFERIR_CUSTOM_PRICE
MLB6573263036,VTK001279,paused,ml:MLB4948901627:MLB6573263036,334,,,,,False,AUTORIA_NAO_COMPROVADA_NAO_INFERIR_CUSTOM_PRICE
MLB6573257868,VTK000646,paused,ml:MLB6573257868:MLB7313982722,246,,,,,False,AUTORIA_NAO_COMPROVADA_NAO_INFERIR_CUSTOM_PRICE
MLB6573252202,VTK004508,paused,item:MLB6573252202,1321.67,,,,,False,AUTORIA_NAO_COMPROVADA_NAO_INFERIR_CUSTOM_PRICE
MLB6573246676,VTK001132,paused,item:MLB6573246676,1536.79,,,,,False,AUTORIA_NAO_COMPROVADA_NAO_INFERIR_CUSTOM_PRICE
MLB6573238544,VTK003601,paused,ml:MLB6573238544:MLB6649110780,208.7,,,,,False,AUTORIA_NAO_COMPROVADA_NAO_INFERIR_CUSTOM_PRICE
MLB6573234080,VTK000796,paused,ml:MLB6573234080:MLB6649085062,125,,,,,False,AUTORIA_NAO_COMPROVADA_NAO_INFERIR_CUSTOM_PRICE
MLB6573226934,VTK001013,paused,item:MLB6573226934,408.2,,,,,False,AUTORIA_NAO_COMPROVADA_NAO_INFERIR_CUSTOM_PRICE
MLB6573222236,VTK001167,paused,ml:MLB6573222236:MLB7263956890,164.67,,,,,False,AUTORIA_NAO_COMPROVADA_NAO_INFERIR_CUSTOM_PRICE
MLB6573221756,VTK005481,paused,item:MLB6573221756,719,,,,,False,AUTORIA_NAO_COMPROVADA_NAO_INFERIR_CUSTOM_PRICE
MLB6573221508,VTK006031,paused,item:MLB6573221508,1205.79,,,,,False,AUTORIA_NAO_COMPROVADA_NAO_INFERIR_CUSTOM_PRICE
MLB6573214278,VTK001342,paused,item:MLB6573214278,195.59,,,,,False,AUTORIA_NAO_COMPROVADA_NAO_INFERIR_CUSTOM_PRICE
MLB6573214184,VTK000649,paused,ml:MLB6573214184:MLB7313975346,201,,,,,False,AUTORIA_NAO_COMPROVADA_NAO_INFERIR_CUSTOM_PRICE
MLB6573199472,VTK000570,paused,ml:MLB6573199472:MLB6650868432,159,,,,,False,AUTORIA_NAO_COMPROVADA_NAO_INFERIR_CUSTOM_PRICE
MLB6573187244,VTK001142,paused,ml:MLB4623519189:MLB6573187244,216.16,,,,,False,AUTORIA_NAO_COMPROVADA_NAO_INFERIR_CUSTOM_PRICE
MLB6573186788,VTK005800,paused,ml:MLB6573186788:MLB6655262886,125,,,,,False,AUTORIA_NAO_COMPROVADA_NAO_INFERIR_CUSTOM_PRICE
MLB6573154766,VTK001391,paused,ml:MLB4585721933:MLB6573154766,288,,,,,False,AUTORIA_NAO_COMPROVADA_NAO_INFERIR_CUSTOM_PRICE
MLB6573154568,VTK005810,paused,ml:MLB6573154568:MLB6682013956,1082.19,,,,,False,AUTORIA_NAO_COMPROVADA_NAO_INFERIR_CUSTOM_PRICE
MLB6573153884,VTK001394,paused,item:MLB6573153884,601.45,,,,,False,AUTORIA_NAO_COMPROVADA_NAO_INFERIR_CUSTOM_PRICE
MLB6573153668,VTK001472,paused,ml:MLB4622927493:MLB6573153668,1107,,,,,False,AUTORIA_NAO_COMPROVADA_NAO_INFERIR_CUSTOM_PRICE
MLB6573143552,VTK005922,paused,item:MLB6573143552,909.53,,,,,False,AUTORIA_NAO_COMPROVADA_NAO_INFERIR_CUSTOM_PRICE
MLB6573143510,VTK005907,paused,item:MLB6573143510,521.4,,,,,False,AUTORIA_NAO_COMPROVADA_NAO_INFERIR_CUSTOM_PRICE
MLB6573142252,VTK001216,paused,ml:MLB6573142252:MLB6711246128,1504.45,,,,,False,AUTORIA_NAO_COMPROVADA_NAO_INFERIR_CUSTOM_PRICE
MLB6573142114,,paused,,95.32,,,,,False,AUTORIA_NAO_COMPROVADA_NAO_INFERIR_CUSTOM_PRICE
MLB6573142048,VTK000865,paused,item:MLB6573142048,88.83,,,,,False,AUTORIA_NAO_COMPROVADA_NAO_INFERIR_CUSTOM_PRICE
MLB6573141844,VTK000841,paused,item:MLB6573141844,226.21,,,,,False,AUTORIA_NAO_COMPROVADA_NAO_INFERIR_CUSTOM_PRICE
MLB6573141840,VTK000768,paused,item:MLB6573141840,172.64,,,,,False,AUTORIA_NAO_COMPROVADA_NAO_INFERIR_CUSTOM_PRICE
MLB6573141772,VTK000853,paused,item:MLB6573141772,197.42,,,,,False,AUTORIA_NAO_COMPROVADA_NAO_INFERIR_CUSTOM_PRICE
MLB6573141540,,paused,,269.92,,,,,False,AUTORIA_NAO_COMPROVADA_NAO_INFERIR_CUSTOM_PRICE
MLB6573141530,VTK001234,paused,ml:MLB4640509179:MLB6573141530,1015.13,,,,,False,AUTORIA_NAO_COMPROVADA_NAO_INFERIR_CUSTOM_PRICE
MLB6573141484,VTK000951,paused,item:MLB6573141484,100.88,,,,,False,AUTORIA_NAO_COMPROVADA_NAO_INFERIR_CUSTOM_PRICE
MLB6573130014,,paused,,1929.35,,,,,False,AUTORIA_NAO_COMPROVADA_NAO_INFERIR_CUSTOM_PRICE
MLB6573129966,,paused,,936.11,,,,,False,AUTORIA_NAO_COMPROVADA_NAO_INFERIR_CUSTOM_PRICE
MLB6573129808,VTK001453,paused,ml:MLB4620840011:MLB6573129808,733,,,,,False,AUTORIA_NAO_COMPROVADA_NAO_INFERIR_CUSTOM_PRICE
MLB6573129242,VTK000788,paused,item:MLB6573129242,329.88,,,,,False,AUTORIA_NAO_COMPROVADA_NAO_INFERIR_CUSTOM_PRICE
MLB6573129202,VTK001214,paused,ml:MLB4622928103:MLB6573129202,172.82,,,,,False,AUTORIA_NAO_COMPROVADA_NAO_INFERIR_CUSTOM_PRICE
MLB6573129120,VTK000869,paused,item:MLB6573129120,312.64,,,,,False,AUTORIA_NAO_COMPROVADA_NAO_INFERIR_CUSTOM_PRICE
MLB6573129050,VTK000701,paused,ml:MLB6573129050:MLB6649110310,474.04,,,,,False,AUTORIA_NAO_COMPROVADA_NAO_INFERIR_CUSTOM_PRICE
MLB6573129038,VTK000747,paused,item:MLB6573129038,250.71,,,,,False,AUTORIA_NAO_COMPROVADA_NAO_INFERIR_CUSTOM_PRICE
MLB6573128960,VTK000752,paused,item:MLB6573128960,1445.9,,,,,False,AUTORIA_NAO_COMPROVADA_NAO_INFERIR_CUSTOM_PRICE
MLB6573128902,VTK000836,paused,item:MLB6573128902,239.08,,,,,False,AUTORIA_NAO_COMPROVADA_NAO_INFERIR_CUSTOM_PRICE
MLB6573128802,VTK006025,paused,ml:MLB4981703175:MLB6573128802,154.64,,,,,False,AUTORIA_NAO_COMPROVADA_NAO_INFERIR_CUSTOM_PRICE
MLB6573128558,VTK000886,paused,ml:MLB4640509607:MLB6573128558,329.98,,,,,False,AUTORIA_NAO_COMPROVADA_NAO_INFERIR_CUSTOM_PRICE
MLB6573128550,,paused,,433,,,,,False,AUTORIA_NAO_COMPROVADA_NAO_INFERIR_CUSTOM_PRICE
MLB6573117496,VTK005944,paused,item:MLB6573117496,328.63,,,,,False,AUTORIA_NAO_COMPROVADA_NAO_INFERIR_CUSTOM_PRICE
MLB6573117416,VTK006085,paused,item:MLB6573117416,1446.97,,,,,False,AUTORIA_NAO_COMPROVADA_NAO_INFERIR_CUSTOM_PRICE
MLB6573117190,VTK005941,paused,item:MLB6573117190,417.94,,,,,False,AUTORIA_NAO_COMPROVADA_NAO_INFERIR_CUSTOM_PRICE
MLB6573117056,VTK006381,paused,item:MLB6573117056,291.48,,,,,False,AUTORIA_NAO_COMPROVADA_NAO_INFERIR_CUSTOM_PRICE
MLB6573116886,VTK006168,paused,item:MLB6573116886,463.16,,,,,False,AUTORIA_NAO_COMPROVADA_NAO_INFERIR_CUSTOM_PRICE
MLB6573116714,VTK001318,paused,ml:MLB6573116714:MLB7322680084,1042,,,,,False,AUTORIA_NAO_COMPROVADA_NAO_INFERIR_CUSTOM_PRICE
MLB6573116644,VTK001233,paused,ml:MLB4585709137:MLB6573116644,894.79,,,,,False,AUTORIA_NAO_COMPROVADA_NAO_INFERIR_CUSTOM_PRICE
MLB6573116110,VTK001154,paused,ml:MLB4612540587:MLB6573116110,148.27,,,,,False,AUTORIA_NAO_COMPROVADA_NAO_INFERIR_CUSTOM_PRICE
MLB6573115932,VTK000711,paused,ml:MLB6573115932:MLB7257085548,987.44,,,,,False,AUTORIA_NAO_COMPROVADA_NAO_INFERIR_CUSTOM_PRICE
MLB6573115898,VTK005682,paused,item:MLB6573115898,61.39,,,,,False,AUTORIA_NAO_COMPROVADA_NAO_INFERIR_CUSTOM_PRICE
MLB6573115726,VTK000847,paused,ml:MLB6573115726:MLB6646643854,204.37,,,,,False,AUTORIA_NAO_COMPROVADA_NAO_INFERIR_CUSTOM_PRICE
MLB6573115616,VTK000818,paused,ml:MLB4947942119:MLB6573115616,271.85,,,,,False,AUTORIA_NAO_COMPROVADA_NAO_INFERIR_CUSTOM_PRICE
MLB6573115600,VTK005732,paused,ml:MLB6573115600:MLB7330116614,923,,,,,False,AUTORIA_NAO_COMPROVADA_NAO_INFERIR_CUSTOM_PRICE
MLB6573115592,VTK000840,paused,ml:MLB4981698849:MLB6573115592,686,,,,,False,AUTORIA_NAO_COMPROVADA_NAO_INFERIR_CUSTOM_PRICE
MLB6573107920,VTK006000,paused,item:MLB6573107920,558.85,,,,,False,AUTORIA_NAO_COMPROVADA_NAO_INFERIR_CUSTOM_PRICE
MLB6573107862,,paused,,228.66,,,,,False,AUTORIA_NAO_COMPROVADA_NAO_INFERIR_CUSTOM_PRICE
MLB6573107798,,paused,,1136.91,,,,,False,AUTORIA_NAO_COMPROVADA_NAO_INFERIR_CUSTOM_PRICE
MLB6573107384,VTK001376,paused,ml:MLB6573107384:MLB6682014288,1085.71,,,,,False,AUTORIA_NAO_COMPROVADA_NAO_INFERIR_CUSTOM_PRICE
MLB6573107328,VTK005992,paused,ml:MLB6573107328:MLB6646643806,356.44,,,,,False,AUTORIA_NAO_COMPROVADA_NAO_INFERIR_CUSTOM_PRICE
MLB6573107240,,paused,,763.8,,,,,False,AUTORIA_NAO_COMPROVADA_NAO_INFERIR_CUSTOM_PRICE
MLB6573106972,,paused,,693,,,,,False,AUTORIA_NAO_COMPROVADA_NAO_INFERIR_CUSTOM_PRICE
MLB6573106934,VTK000973,paused,item:MLB6573106934,1032.6,,,,,False,AUTORIA_NAO_COMPROVADA_NAO_INFERIR_CUSTOM_PRICE
MLB6573106866,VTK001493,paused,item:MLB6573106866,636.07,,,,,False,AUTORIA_NAO_COMPROVADA_NAO_INFERIR_CUSTOM_PRICE
MLB6573106722,VTK006548,paused,ml:MLB5112612271:MLB6573106722,282.79,,,,,False,AUTORIA_NAO_COMPROVADA_NAO_INFERIR_CUSTOM_PRICE
MLB6573106622,VTK006418,paused,ml:MLB6573106622:MLB6646508220,220.45,,,,,False,AUTORIA_NAO_COMPROVADA_NAO_INFERIR_CUSTOM_PRICE
MLB6573106538,,paused,,133.13,,,,,False,AUTORIA_NAO_COMPROVADA_NAO_INFERIR_CUSTOM_PRICE
MLB6573106404,VTK006039,paused,ml:MLB4935792091:MLB6573106404,117.49,,,,,False,AUTORIA_NAO_COMPROVADA_NAO_INFERIR_CUSTOM_PRICE
MLB6573106380,VTK000810,paused,ml:MLB6573106380:MLB7381239024,162.04,,,,,False,AUTORIA_NAO_COMPROVADA_NAO_INFERIR_CUSTOM_PRICE
MLB6573106330,VTK000757,paused,ml:MLB5034096351:MLB6573106330,281.08,,,,,False,AUTORIA_NAO_COMPROVADA_NAO_INFERIR_CUSTOM_PRICE
MLB6573106264,,paused,,213.87,,,,,False,AUTORIA_NAO_COMPROVADA_NAO_INFERIR_CUSTOM_PRICE
MLB6573098518,VTK001082,paused,ml:MLB6573098518:MLB7330115410,1255,,,,,False,AUTORIA_NAO_COMPROVADA_NAO_INFERIR_CUSTOM_PRICE
MLB6573098442,VTK006033,paused,ml:MLB6573098442:MLB6711248344,239.27,,,,,False,AUTORIA_NAO_COMPROVADA_NAO_INFERIR_CUSTOM_PRICE
MLB6573098420,VTK005976,paused,item:MLB6573098420,155.21,,,,,False,AUTORIA_NAO_COMPROVADA_NAO_INFERIR_CUSTOM_PRICE
MLB6573098410,,paused,,1392.35,,,,,False,AUTORIA_NAO_COMPROVADA_NAO_INFERIR_CUSTOM_PRICE
MLB6573097258,VTK000928,paused,ml:MLB6573097258:MLB6649110226,307.83,,,,,False,AUTORIA_NAO_COMPROVADA_NAO_INFERIR_CUSTOM_PRICE
MLB6573097030,VTK000784,paused,ml:MLB5034096261:MLB6573097030,292.6,,,,,False,AUTORIA_NAO_COMPROVADA_NAO_INFERIR_CUSTOM_PRICE
MLB6573096826,VTK000716,paused,item:MLB6573096826,637.29,,,,,False,AUTORIA_NAO_COMPROVADA_NAO_INFERIR_CUSTOM_PRICE
MLB6573096622,VTK000769,paused,item:MLB6573096622,429.25,,,,,False,AUTORIA_NAO_COMPROVADA_NAO_INFERIR_CUSTOM_PRICE
MLB6573096602,VTK005702,paused,ml:MLB4612599209:MLB6573096602,468.87,,,,,False,AUTORIA_NAO_COMPROVADA_NAO_INFERIR_CUSTOM_PRICE
MLB6573096414,VTK000893,paused,ml:MLB6573096414:MLB6630723142,870,,,,,False,AUTORIA_NAO_COMPROVADA_NAO_INFERIR_CUSTOM_PRICE
MLB6573086770,VTK000733,paused,item:MLB6573086770,654.72,,,,,False,AUTORIA_NAO_COMPROVADA_NAO_INFERIR_CUSTOM_PRICE
MLB6573086754,VTK000714,paused,item:MLB6573086754,410.41,,,,,False,AUTORIA_NAO_COMPROVADA_NAO_INFERIR_CUSTOM_PRICE
MLB6573086564,VTK005920,paused,ml:MLB4612346041:MLB6573086564,221.28,,,,,False,AUTORIA_NAO_COMPROVADA_NAO_INFERIR_CUSTOM_PRICE
MLB6573086488,VTK001327,paused,ml:MLB4786789337:MLB6573086488,714.59,,,,,False,AUTORIA_NAO_COMPROVADA_NAO_INFERIR_CUSTOM_PRICE
MLB6573085840,VTK006369,paused,item:MLB6573085840,710.87,,,,,False,AUTORIA_NAO_COMPROVADA_NAO_INFERIR_CUSTOM_PRICE
MLB6573085684,VTK006354,paused,ml:MLB6573085684:MLB6807823666,244.57,,,,,False,AUTORIA_NAO_COMPROVADA_NAO_INFERIR_CUSTOM_PRICE
MLB6573085652,VTK001244,paused,ml:MLB4876902165:MLB6573085652,194,,,,,False,AUTORIA_NAO_COMPROVADA_NAO_INFERIR_CUSTOM_PRICE
MLB6573085208,VTK000762,paused,item:MLB6573085208,431.4,,,,,False,AUTORIA_NAO_COMPROVADA_NAO_INFERIR_CUSTOM_PRICE
MLB6573085174,VTK000731,paused,ml:MLB4640511379:MLB6573085174,305.9,,,,,False,AUTORIA_NAO_COMPROVADA_NAO_INFERIR_CUSTOM_PRICE
MLB6573084936,VTK000832,paused,ml:MLB4622930443:MLB6573084936,197.42,,,,,False,AUTORIA_NAO_COMPROVADA_NAO_INFERIR_CUSTOM_PRICE
MLB6573084854,VTK000874,paused,ml:MLB6573084854:MLB6682014812,251.19,,,,,False,AUTORIA_NAO_COMPROVADA_NAO_INFERIR_CUSTOM_PRICE
MLB6572993150,VTK001345,paused,ml:MLB6572993150:MLB6573106972,693,,,,,False,AUTORIA_NAO_COMPROVADA_NAO_INFERIR_CUSTOM_PRICE
MLB6572987194,,paused,,147.35,,,,,False,AUTORIA_NAO_COMPROVADA_NAO_INFERIR_CUSTOM_PRICE
MLB6572980086,VTK000804,paused,item:MLB6572980086,1000.38,,,,,False,AUTORIA_NAO_COMPROVADA_NAO_INFERIR_CUSTOM_PRICE
MLB6572979988,VTK006120,paused,ml:MLB4640509959:MLB6572979988,201,,,,,False,AUTORIA_NAO_COMPROVADA_NAO_INFERIR_CUSTOM_PRICE
MLB6572979958,VTK006135,paused,ml:MLB6572979958:MLB6655134278,145.12,,,,,False,AUTORIA_NAO_COMPROVADA_NAO_INFERIR_CUSTOM_PRICE
MLB6572979886,VTK000801,paused,ml:MLB6572979886:MLB7391077784,599,,,,,False,AUTORIA_NAO_COMPROVADA_NAO_INFERIR_CUSTOM_PRICE
MLB6572961568,VTK000736,paused,ml:MLB4585680325:MLB6572961568,195.02,,,,,False,AUTORIA_NAO_COMPROVADA_NAO_INFERIR_CUSTOM_PRICE
MLB6571298252,VTK000877,paused,ml:MLB4582559287:MLB6571298252,820.56,,,,,False,AUTORIA_NAO_COMPROVADA_NAO_INFERIR_CUSTOM_PRICE
MLB4585912283,VTK004663,paused,ml:MLB4585912283:MLB6573313934,112.88,,,,,False,AUTORIA_NAO_COMPROVADA_NAO_INFERIR_CUSTOM_PRICE
MLB4585898711,VTK000487,paused,ml:MLB4585898711:MLB4612598749,158.16,,,,,False,AUTORIA_NAO_COMPROVADA_NAO_INFERIR_CUSTOM_PRICE
MLB4585898339,VTK005921,paused,item:MLB4585898339,574.04,,,,,False,AUTORIA_NAO_COMPROVADA_NAO_INFERIR_CUSTOM_PRICE
MLB4585898231,VTK005650,paused,item:MLB4585898231,1145.5,,,,,False,AUTORIA_NAO_COMPROVADA_NAO_INFERIR_CUSTOM_PRICE
MLB4585898157,VTK001298,paused,item:MLB4585898157,191.04,,,,,False,AUTORIA_NAO_COMPROVADA_NAO_INFERIR_CUSTOM_PRICE
MLB4585898067,VTK001293,paused,item:MLB4585898067,328.25,,,,,False,AUTORIA_NAO_COMPROVADA_NAO_INFERIR_CUSTOM_PRICE
MLB4585881935,VTK000772,paused,ml:MLB4585881935:MLB6646506834,167,,,,,False,AUTORIA_NAO_COMPROVADA_NAO_INFERIR_CUSTOM_PRICE
MLB4585881313,VTK001128,paused,item:MLB4585881313,1536.79,,,,,False,AUTORIA_NAO_COMPROVADA_NAO_INFERIR_CUSTOM_PRICE
MLB4585881149,VTK000777,paused,ml:MLB4585881149:MLB7144592212,842.05,,,,,False,AUTORIA_NAO_COMPROVADA_NAO_INFERIR_CUSTOM_PRICE
MLB4585868485,VTK001316,paused,item:MLB4585868485,255.54,,,,,False,AUTORIA_NAO_COMPROVADA_NAO_INFERIR_CUSTOM_PRICE
MLB4585804393,VTK000781,paused,ml:MLB4585804393:MLB4972532867,284.17,,,,,False,AUTORIA_NAO_COMPROVADA_NAO_INFERIR_CUSTOM_PRICE
MLB4585804373,VTK000759,paused,item:MLB4585804373,473.1,,,,,False,AUTORIA_NAO_COMPROVADA_NAO_INFERIR_CUSTOM_PRICE
MLB4585804329,VTK006079,paused,ml:MLB4585804329:MLB6646506668,213,,,,,False,AUTORIA_NAO_COMPROVADA_NAO_INFERIR_CUSTOM_PRICE
MLB4585804315,VTK000834,paused,ml:MLB4585804315:MLB7176770574,1017.96,,,,,False,AUTORIA_NAO_COMPROVADA_NAO_INFERIR_CUSTOM_PRICE
MLB4585804283,VTK001473,paused,ml:MLB4585804283:MLB6646381536,171.31,,,,,False,AUTORIA_NAO_COMPROVADA_NAO_INFERIR_CUSTOM_PRICE
MLB4585804223,VTK000704,paused,ml:MLB4585804223:MLB4621088393,1483.02,,,,,False,AUTORIA_NAO_COMPROVADA_NAO_INFERIR_CUSTOM_PRICE
MLB4585804089,,paused,,187.72,,,,,False,AUTORIA_NAO_COMPROVADA_NAO_INFERIR_CUSTOM_PRICE
MLB4585804051,,paused,,130.79,,,,,False,AUTORIA_NAO_COMPROVADA_NAO_INFERIR_CUSTOM_PRICE
MLB4585803939,,paused,,270.91,,,,,False,AUTORIA_NAO_COMPROVADA_NAO_INFERIR_CUSTOM_PRICE
MLB4585803903,VTK000849,paused,ml:MLB4585803903:MLB4586999295,198,,,,,False,AUTORIA_NAO_COMPROVADA_NAO_INFERIR_CUSTOM_PRICE
MLB4585803833,VTK001340,paused,ml:MLB4585803833:MLB4587377809,1034.48,,,,,False,AUTORIA_NAO_COMPROVADA_NAO_INFERIR_CUSTOM_PRICE
MLB4585727511,VTK006229,paused,item:MLB4585727511,97.75,,,,,False,AUTORIA_NAO_COMPROVADA_NAO_INFERIR_CUSTOM_PRICE
MLB4585727431,VTK000819,paused,ml:MLB4585727431:MLB6646469754,328.06,,,,,False,AUTORIA_NAO_COMPROVADA_NAO_INFERIR_CUSTOM_PRICE
MLB4585727365,VTK000867,paused,ml:MLB4585727365:MLB4612598523,293.02,,,,,False,AUTORIA_NAO_COMPROVADA_NAO_INFERIR_CUSTOM_PRICE
MLB4585726999,VTK001397,paused,item:MLB4585726999,307.81,,,,,False,AUTORIA_NAO_COMPROVADA_NAO_INFERIR_CUSTOM_PRICE
MLB4585721933,VTK001391,paused,ml:MLB4585721933:MLB6573154766,288,,,,,False,AUTORIA_NAO_COMPROVADA_NAO_INFERIR_CUSTOM_PRICE
MLB4585709137,VTK001233,paused,ml:MLB4585709137:MLB6573116644,894.79,,,,,False,AUTORIA_NAO_COMPROVADA_NAO_INFERIR_CUSTOM_PRICE
MLB4585691987,VTK006287,paused,ml:MLB4585691987:MLB6646381418,285.71,,,,,False,AUTORIA_NAO_COMPROVADA_NAO_INFERIR_CUSTOM_PRICE
MLB4585691843,VTK000868,paused,item:MLB4585691843,1000.38,,,,,False,AUTORIA_NAO_COMPROVADA_NAO_INFERIR_CUSTOM_PRICE
MLB4585691813,,paused,,281.65,,,,,False,AUTORIA_NAO_COMPROVADA_NAO_INFERIR_CUSTOM_PRICE
MLB4585691773,VTK001004,paused,item:MLB4585691773,256.9,,,,,False,AUTORIA_NAO_COMPROVADA_NAO_INFERIR_CUSTOM_PRICE
MLB4585691695,VTK000862,paused,item:MLB4585691695,686.13,,,,,False,AUTORIA_NAO_COMPROVADA_NAO_INFERIR_CUSTOM_PRICE
MLB4585691647,VTK006159,paused,ml:MLB4585691647:MLB6646381324,215.95,,,,,False,AUTORIA_NAO_COMPROVADA_NAO_INFERIR_CUSTOM_PRICE
MLB4585691579,VTK000807,paused,item:MLB4585691579,78.23,,,,,False,AUTORIA_NAO_COMPROVADA_NAO_INFERIR_CUSTOM_PRICE
MLB4585680335,VTK005656,paused,ml:MLB4585680335:MLB6572987194,147.35,,,,,False,AUTORIA_NAO_COMPROVADA_NAO_INFERIR_CUSTOM_PRICE
MLB4585680325,VTK000736,paused,ml:MLB4585680325:MLB6572961568,195.02,,,,,False,AUTORIA_NAO_COMPROVADA_NAO_INFERIR_CUSTOM_PRICE
MLB4585680297,VTK005644,paused,item:MLB4585680297,218.64,,,,,False,AUTORIA_NAO_COMPROVADA_NAO_INFERIR_CUSTOM_PRICE
MLB4585680287,VTK000785,paused,ml:MLB4585680287:MLB6646469262,132.52,,,,,False,AUTORIA_NAO_COMPROVADA_NAO_INFERIR_CUSTOM_PRICE
MLB4585680231,,paused,,129.35,,,,,False,AUTORIA_NAO_COMPROVADA_NAO_INFERIR_CUSTOM_PRICE
MLB4585680199,VTK006107,paused,ml:MLB4585680199:MLB6646381024,182.13,,,,,False,AUTORIA_NAO_COMPROVADA_NAO_INFERIR_CUSTOM_PRICE
MLB4585679951,,paused,,879.38,,,,,False,AUTORIA_NAO_COMPROVADA_NAO_INFERIR_CUSTOM_PRICE
MLB4585679939,VTK000823,paused,ml:MLB4585679939:MLB7298177166,1169.87,,,,,False,AUTORIA_NAO_COMPROVADA_NAO_INFERIR_CUSTOM_PRICE
MLB4585679887,VTK000891,paused,ml:MLB4585679887:MLB6682014334,1325.62,,,,,False,AUTORIA_NAO_COMPROVADA_NAO_INFERIR_CUSTOM_PRICE
MLB4587377809,VTK001340,paused,ml:MLB4585803833:MLB4587377809,1034.48,,,,,False,AUTORIA_NAO_COMPROVADA_NAO_INFERIR_CUSTOM_PRICE
MLB4586999295,VTK000849,paused,ml:MLB4585803903:MLB4586999295,198,,,,,False,AUTORIA_NAO_COMPROVADA_NAO_INFERIR_CUSTOM_PRICE
MLB6588226160,VTK000950,paused,item:MLB6588226160,171.21,,,,,False,AUTORIA_NAO_COMPROVADA_NAO_INFERIR_CUSTOM_PRICE
MLB4591812661,VTK000524,paused,ml:MLB4582594023:MLB4591812661,591,,,,,False,AUTORIA_NAO_COMPROVADA_NAO_INFERIR_CUSTOM_PRICE
MLB4591797813,VTK000992,paused,ml:MLB4582555513:MLB4591797813,301.27,,,,,False,AUTORIA_NAO_COMPROVADA_NAO_INFERIR_CUSTOM_PRICE
MLB6619304628,VTK000979,paused,ml:MLB4582536509:MLB6619304628,86.43,,,,,False,AUTORIA_NAO_COMPROVADA_NAO_INFERIR_CUSTOM_PRICE
MLB6618198782,VTK006007,paused,ml:MLB6573130014:MLB6618198782,1929.35,,,,,False,AUTORIA_NAO_COMPROVADA_NAO_INFERIR_CUSTOM_PRICE
MLB6630723142,VTK000893,paused,ml:MLB6573096414:MLB6630723142,870,,,,,False,AUTORIA_NAO_COMPROVADA_NAO_INFERIR_CUSTOM_PRICE
MLB6630711244,VTK000956,paused,ml:MLB6565330272:MLB6630711244,376.92,,,,,False,AUTORIA_NAO_COMPROVADA_NAO_INFERIR_CUSTOM_PRICE
MLB4612599843,VTK001002,paused,ml:MLB4582542683:MLB4612599843,238.17,,,,,False,AUTORIA_NAO_COMPROVADA_NAO_INFERIR_CUSTOM_PRICE
MLB4612599799,VTK000975,paused,ml:MLB4582514257:MLB4612599799,380.35,,,,,False,AUTORIA_NAO_COMPROVADA_NAO_INFERIR_CUSTOM_PRICE
MLB4612599523,VTK002417,paused,ml:MLB4581644093:MLB4612599523,215.21,,,,,False,AUTORIA_NAO_COMPROVADA_NAO_INFERIR_CUSTOM_PRICE
MLB4612599209,VTK005702,paused,ml:MLB4612599209:MLB6573096602,468.87,,,,,False,AUTORIA_NAO_COMPROVADA_NAO_INFERIR_CUSTOM_PRICE
MLB4612598749,VTK000487,paused,ml:MLB4585898711:MLB4612598749,158.16,,,,,False,AUTORIA_NAO_COMPROVADA_NAO_INFERIR_CUSTOM_PRICE
MLB4612598523,VTK000867,paused,ml:MLB4585727365:MLB4612598523,293.02,,,,,False,AUTORIA_NAO_COMPROVADA_NAO_INFERIR_CUSTOM_PRICE
MLB4612598383,VTK000970,paused,ml:MLB4582575093:MLB4612598383,487,,,,,False,AUTORIA_NAO_COMPROVADA_NAO_INFERIR_CUSTOM_PRICE
MLB4612540587,VTK001154,paused,ml:MLB4612540587:MLB6573116110,148.27,,,,,False,AUTORIA_NAO_COMPROVADA_NAO_INFERIR_CUSTOM_PRICE
MLB4612540545,VTK001228,paused,ml:MLB4612540545:MLB6565342036,536.08,,,,,False,AUTORIA_NAO_COMPROVADA_NAO_INFERIR_CUSTOM_PRICE
MLB4612540513,VTK000986,paused,ml:MLB4612540513:MLB6563438884,246.65,,,,,False,AUTORIA_NAO_COMPROVADA_NAO_INFERIR_CUSTOM_PRICE
MLB4612539543,VTK006302,paused,ml:MLB4582558855:MLB4612539543,225.44,,,,,False,AUTORIA_NAO_COMPROVADA_NAO_INFERIR_CUSTOM_PRICE
MLB4612346041,VTK005920,paused,ml:MLB4612346041:MLB6573086564,221.28,,,,,False,AUTORIA_NAO_COMPROVADA_NAO_INFERIR_CUSTOM_PRICE
MLB6646643854,VTK000847,paused,ml:MLB6573115726:MLB6646643854,204.37,,,,,False,AUTORIA_NAO_COMPROVADA_NAO_INFERIR_CUSTOM_PRICE
MLB6646643806,VTK005992,paused,ml:MLB6573107328:MLB6646643806,356.44,,,,,False,AUTORIA_NAO_COMPROVADA_NAO_INFERIR_CUSTOM_PRICE
MLB6646643776,VTK000790,paused,ml:MLB6573106264:MLB6646643776,213.87,,,,,False,AUTORIA_NAO_COMPROVADA_NAO_INFERIR_CUSTOM_PRICE
MLB6646643668,VTK000925,paused,ml:MLB6565484164:MLB6646643668,167.1,,,,,False,AUTORIA_NAO_COMPROVADA_NAO_INFERIR_CUSTOM_PRICE
MLB6646642718,VTK000459,paused,ml:MLB6563332484:MLB6646642718,345.73,,,,,False,AUTORIA_NAO_COMPROVADA_NAO_INFERIR_CUSTOM_PRICE
MLB6646642702,VTK000905,paused,ml:MLB6563284802:MLB6646642702,129,,,,,False,AUTORIA_NAO_COMPROVADA_NAO_INFERIR_CUSTOM_PRICE
MLB6646508274,VTK001231,paused,ml:MLB6573107862:MLB6646508274,228.66,,,,,False,AUTORIA_NAO_COMPROVADA_NAO_INFERIR_CUSTOM_PRICE
MLB6646508266,VTK001500,paused,ml:MLB6573107798:MLB6646508266,1136.91,,,,,False,AUTORIA_NAO_COMPROVADA_NAO_INFERIR_CUSTOM_PRICE
MLB6646508220,VTK006418,paused,ml:MLB6573106622:MLB6646508220,220.45,,,,,False,AUTORIA_NAO_COMPROVADA_NAO_INFERIR_CUSTOM_PRICE
MLB6646508218,VTK000730,paused,ml:MLB6573106538:MLB6646508218,133.13,,,,,False,AUTORIA_NAO_COMPROVADA_NAO_INFERIR_CUSTOM_PRICE
MLB6646507790,VTK005160,paused,ml:MLB6563429864:MLB6646507790,87.46,,,,,False,AUTORIA_NAO_COMPROVADA_NAO_INFERIR_CUSTOM_PRICE
MLB6646506834,VTK000772,paused,ml:MLB4585881935:MLB6646506834,167,,,,,False,AUTORIA_NAO_COMPROVADA_NAO_INFERIR_CUSTOM_PRICE
MLB6646506668,VTK006079,paused,ml:MLB4585804329:MLB6646506668,213,,,,,False,AUTORIA_NAO_COMPROVADA_NAO_INFERIR_CUSTOM_PRICE
MLB6646470888,VTK000967,paused,ml:MLB6564925448:MLB6646470888,259,,,,,False,AUTORIA_NAO_COMPROVADA_NAO_INFERIR_CUSTOM_PRICE
MLB6646469936,VTK000715,paused,ml:MLB6563332426:MLB6646469936,194.65,,,,,False,AUTORIA_NAO_COMPROVADA_NAO_INFERIR_CUSTOM_PRICE
MLB6646469754,VTK000819,paused,ml:MLB4585727431:MLB6646469754,328.06,,,,,False,AUTORIA_NAO_COMPROVADA_NAO_INFERIR_CUSTOM_PRICE
MLB6646469628,VTK001272,paused,ml:MLB4585804051:MLB6646469628,130.79,,,,,False,AUTORIA_NAO_COMPROVADA_NAO_INFERIR_CUSTOM_PRICE
MLB6646469262,VTK000785,paused,ml:MLB4585680287:MLB6646469262,132.52,,,,,False,AUTORIA_NAO_COMPROVADA_NAO_INFERIR_CUSTOM_PRICE
MLB6646469162,VTK006283,paused,ml:MLB4585680231:MLB6646469162,129.35,,,,,False,AUTORIA_NAO_COMPROVADA_NAO_INFERIR_CUSTOM_PRICE
MLB6646382226,VTK001033,paused,ml:MLB6563418948:MLB6646382226,229.94,,,,,False,AUTORIA_NAO_COMPROVADA_NAO_INFERIR_CUSTOM_PRICE
MLB6646381536,VTK001473,paused,ml:MLB4585804283:MLB6646381536,171.31,,,,,False,AUTORIA_NAO_COMPROVADA_NAO_INFERIR_CUSTOM_PRICE
MLB6646381418,VTK006287,paused,ml:MLB4585691987:MLB6646381418,285.71,,,,,False,AUTORIA_NAO_COMPROVADA_NAO_INFERIR_CUSTOM_PRICE
MLB6646381324,VTK006159,paused,ml:MLB4585691647:MLB6646381324,215.95,,,,,False,AUTORIA_NAO_COMPROVADA_NAO_INFERIR_CUSTOM_PRICE
MLB6646381024,VTK006107,paused,ml:MLB4585680199:MLB6646381024,182.13,,,,,False,AUTORIA_NAO_COMPROVADA_NAO_INFERIR_CUSTOM_PRICE
MLB6646381020,VTK000897,paused,ml:MLB4585679951:MLB6646381020,879.38,,,,,False,AUTORIA_NAO_COMPROVADA_NAO_INFERIR_CUSTOM_PRICE
MLB6643950882,VTK000773,paused,ml:MLB4585803939:MLB6643950882,270.91,,,,,False,AUTORIA_NAO_COMPROVADA_NAO_INFERIR_CUSTOM_PRICE
MLB4621151867,VTK000420,paused,ml:MLB4621151867:MLB6563575262,490,,,,,False,AUTORIA_NAO_COMPROVADA_NAO_INFERIR_CUSTOM_PRICE
MLB4621151671,VTK006518,paused,ml:MLB4621151671:MLB6563432022,1590.77,,,,,False,AUTORIA_NAO_COMPROVADA_NAO_INFERIR_CUSTOM_PRICE
MLB4620840041,VTK004010,paused,ml:MLB4620840041:MLB6573349768,345,,,,,False,AUTORIA_NAO_COMPROVADA_NAO_INFERIR_CUSTOM_PRICE
MLB4620840011,VTK001453,paused,ml:MLB4620840011:MLB6573129808,733,,,,,False,AUTORIA_NAO_COMPROVADA_NAO_INFERIR_CUSTOM_PRICE
MLB4620839811,VTK000939,paused,ml:MLB4582576805:MLB4620839811,394.67,,,,,False,AUTORIA_NAO_COMPROVADA_NAO_INFERIR_CUSTOM_PRICE
MLB4620602535,VTK000954,paused,ml:MLB4583282093:MLB4620602535,232.85,,,,,False,AUTORIA_NAO_COMPROVADA_NAO_INFERIR_CUSTOM_PRICE
MLB4620602393,VTK001289,paused,ml:MLB4582568357:MLB4620602393,301.79,,,,,False,AUTORIA_NAO_COMPROVADA_NAO_INFERIR_CUSTOM_PRICE
MLB4620397277,VTK000901,paused,ml:MLB4582555497:MLB4620397277,229,,,,,False,AUTORIA_NAO_COMPROVADA_NAO_INFERIR_CUSTOM_PRICE
MLB6650868432,VTK000570,paused,ml:MLB6573199472:MLB6650868432,159,,,,,False,AUTORIA_NAO_COMPROVADA_NAO_INFERIR_CUSTOM_PRICE
MLB6650868306,VTK001314,paused,ml:MLB6573128550:MLB6650868306,433,,,,,False,AUTORIA_NAO_COMPROVADA_NAO_INFERIR_CUSTOM_PRICE
MLB6649111042,VTK000934,paused,ml:MLB6565497044:MLB6649111042,468,,,,,False,AUTORIA_NAO_COMPROVADA_NAO_INFERIR_CUSTOM_PRICE
MLB6649110780,VTK003601,paused,ml:MLB6573238544:MLB6649110780,208.7,,,,,False,AUTORIA_NAO_COMPROVADA_NAO_INFERIR_CUSTOM_PRICE
MLB6649110350,VTK000719,paused,ml:MLB6573142114:MLB6649110350,95.32,,,,,False,AUTORIA_NAO_COMPROVADA_NAO_INFERIR_CUSTOM_PRICE
MLB6649110310,VTK000701,paused,ml:MLB6573129050:MLB6649110310,474.04,,,,,False,AUTORIA_NAO_COMPROVADA_NAO_INFERIR_CUSTOM_PRICE
MLB6649110226,VTK000928,paused,ml:MLB6573097258:MLB6649110226,307.83,,,,,False,AUTORIA_NAO_COMPROVADA_NAO_INFERIR_CUSTOM_PRICE
MLB6649085110,VTK001400,paused,ml:MLB6565497090:MLB6649085110,672.1,,,,,False,AUTORIA_NAO_COMPROVADA_NAO_INFERIR_CUSTOM_PRICE
MLB6649085062,VTK000796,paused,ml:MLB6573234080:MLB6649085062,125,,,,,False,AUTORIA_NAO_COMPROVADA_NAO_INFERIR_CUSTOM_PRICE
MLB4623519189,VTK001142,paused,ml:MLB4623519189:MLB6573187244,216.16,,,,,False,AUTORIA_NAO_COMPROVADA_NAO_INFERIR_CUSTOM_PRICE
MLB4622930451,VTK000825,paused,ml:MLB4622930451:MLB6573129966,936.11,,,,,False,AUTORIA_NAO_COMPROVADA_NAO_INFERIR_CUSTOM_PRICE
MLB4622930443,VTK000832,paused,ml:MLB4622930443:MLB6573084936,197.42,,,,,False,AUTORIA_NAO_COMPROVADA_NAO_INFERIR_CUSTOM_PRICE
MLB4622928103,VTK001214,paused,ml:MLB4622928103:MLB6573129202,172.82,,,,,False,AUTORIA_NAO_COMPROVADA_NAO_INFERIR_CUSTOM_PRICE
MLB4622927493,VTK001472,paused,ml:MLB4622927493:MLB6573153668,1107,,,,,False,AUTORIA_NAO_COMPROVADA_NAO_INFERIR_CUSTOM_PRICE
MLB6655262940,VTK000994,paused,ml:MLB6565484180:MLB6655262940,318.85,,,,,False,AUTORIA_NAO_COMPROVADA_NAO_INFERIR_CUSTOM_PRICE
MLB6655262922,VTK006448,paused,ml:MLB6565217460:MLB6655262922,657.35,,,,,False,AUTORIA_NAO_COMPROVADA_NAO_INFERIR_CUSTOM_PRICE
MLB6655262886,VTK005800,paused,ml:MLB6573186788:MLB6655262886,125,,,,,False,AUTORIA_NAO_COMPROVADA_NAO_INFERIR_CUSTOM_PRICE
MLB6655134278,VTK006135,paused,ml:MLB6572979958:MLB6655134278,145.12,,,,,False,AUTORIA_NAO_COMPROVADA_NAO_INFERIR_CUSTOM_PRICE
MLB6655134272,VTK001160,paused,ml:MLB6565445204:MLB6655134272,818.56,,,,,False,AUTORIA_NAO_COMPROVADA_NAO_INFERIR_CUSTOM_PRICE
MLB6655134244,VTK001139,paused,ml:MLB4585804089:MLB6655134244,187.72,,,,,False,AUTORIA_NAO_COMPROVADA_NAO_INFERIR_CUSTOM_PRICE
MLB6655134160,VTK006153,paused,ml:MLB4585691813:MLB6655134160,281.65,,,,,False,AUTORIA_NAO_COMPROVADA_NAO_INFERIR_CUSTOM_PRICE
MLB6655134142,VTK006155,paused,ml:MLB4583282163:MLB6655134142,149.6,,,,,False,AUTORIA_NAO_COMPROVADA_NAO_INFERIR_CUSTOM_PRICE
MLB6655134134,VTK006052,paused,ml:MLB4582583217:MLB6655134134,343.71,,,,,False,AUTORIA_NAO_COMPROVADA_NAO_INFERIR_CUSTOM_PRICE
MLB6655134110,VTK001608,paused,ml:MLB4582583165:MLB6655134110,217.77,,,,,False,AUTORIA_NAO_COMPROVADA_NAO_INFERIR_CUSTOM_PRICE
MLB6682470600,VTK000850,paused,ml:MLB6573141540:MLB6682470600,269.92,,,,,False,AUTORIA_NAO_COMPROVADA_NAO_INFERIR_CUSTOM_PRICE
MLB6682014812,VTK000874,paused,ml:MLB6573084854:MLB6682014812,251.19,,,,,False,AUTORIA_NAO_COMPROVADA_NAO_INFERIR_CUSTOM_PRICE
MLB6682014334,,paused,,1325.62,,,,,False,AUTORIA_NAO_COMPROVADA_NAO_INFERIR_CUSTOM_PRICE
MLB6682014288,,paused,,1085.71,,,,,False,AUTORIA_NAO_COMPROVADA_NAO_INFERIR_CUSTOM_PRICE
MLB6682013956,VTK005810,paused,ml:MLB6573154568:MLB6682013956,1082.19,,,,,False,AUTORIA_NAO_COMPROVADA_NAO_INFERIR_CUSTOM_PRICE
MLB6682013314,VTK005079,paused,ml:MLB6573325406:MLB6682013314,422.2,,,,,False,AUTORIA_NAO_COMPROVADA_NAO_INFERIR_CUSTOM_PRICE
MLB6682013034,VTK006554,paused,ml:MLB6563495210:MLB6682013034,1170.27,,,,,False,AUTORIA_NAO_COMPROVADA_NAO_INFERIR_CUSTOM_PRICE
MLB6681943434,VTK000936,paused,ml:MLB6563429986:MLB6681943434,281.08,,,,,False,AUTORIA_NAO_COMPROVADA_NAO_INFERIR_CUSTOM_PRICE
MLB6681943378,,paused,,1125.52,,,,,False,AUTORIA_NAO_COMPROVADA_NAO_INFERIR_CUSTOM_PRICE
MLB4640511379,VTK000731,paused,ml:MLB4640511379:MLB6573085174,305.9,,,,,False,AUTORIA_NAO_COMPROVADA_NAO_INFERIR_CUSTOM_PRICE
MLB4640509959,VTK006120,paused,ml:MLB4640509959:MLB6572979988,201,,,,,False,AUTORIA_NAO_COMPROVADA_NAO_INFERIR_CUSTOM_PRICE
MLB4640509607,,paused,,329.98,,,,,False,AUTORIA_NAO_COMPROVADA_NAO_INFERIR_CUSTOM_PRICE
MLB4640509179,,paused,,1015.13,,,,,False,AUTORIA_NAO_COMPROVADA_NAO_INFERIR_CUSTOM_PRICE
MLB6565230570,VTK000888,paused,ml:MLB4981700575:MLB6565230570,669.35,,,,,False,AUTORIA_NAO_COMPROVADA_NAO_INFERIR_CUSTOM_PRICE
MLB6564925432,VTK000889,paused,item:MLB6564925432,303.85,,,,,False,AUTORIA_NAO_COMPROVADA_NAO_INFERIR_CUSTOM_PRICE
MLB4639428239,VTK000608,paused,ml:MLB4639428239:MLB6573313794,424,,,,,False,AUTORIA_NAO_COMPROVADA_NAO_INFERIR_CUSTOM_PRICE
MLB6573313794,VTK000608,paused,ml:MLB4639428239:MLB6573313794,424,,,,,False,AUTORIA_NAO_COMPROVADA_NAO_INFERIR_CUSTOM_PRICE
MLB6573153914,VTK006190,paused,item:MLB6573153914,151.5,,,,,False,AUTORIA_NAO_COMPROVADA_NAO_INFERIR_CUSTOM_PRICE
MLB4582586277,VTK001164,paused,ml:MLB4582586277:MLB4981705495,315,,,,,False,AUTORIA_NAO_COMPROVADA_NAO_INFERIR_CUSTOM_PRICE
MLB6565217562,VTK000813,paused,item:MLB6565217562,283.02,,,,,False,AUTORIA_NAO_COMPROVADA_NAO_INFERIR_CUSTOM_PRICE
MLB6573143040,VTK000875,paused,item:MLB6573143040,444.49,,,,,False,AUTORIA_NAO_COMPROVADA_NAO_INFERIR_CUSTOM_PRICE
MLB6635308528,,paused,,130,,,,,False,AUTORIA_NAO_COMPROVADA_NAO_INFERIR_CUSTOM_PRICE
MLB6635351972,,paused,,130,,,,,False,AUTORIA_NAO_COMPROVADA_NAO_INFERIR_CUSTOM_PRICE
MLB6711764280,VTK001091,paused,ml:MLB4582557509:MLB6711764280,1770,,,,,False,AUTORIA_NAO_COMPROVADA_NAO_INFERIR_CUSTOM_PRICE
MLB6711248344,,paused,,239.27,,,,,False,AUTORIA_NAO_COMPROVADA_NAO_INFERIR_CUSTOM_PRICE
MLB6711246128,,paused,,1504.45,,,,,False,AUTORIA_NAO_COMPROVADA_NAO_INFERIR_CUSTOM_PRICE
MLB4658011631,,paused,,150,,,,,False,AUTORIA_NAO_COMPROVADA_NAO_INFERIR_CUSTOM_PRICE
MLB6732979218,,paused,,78.8,,,,,False,AUTORIA_NAO_COMPROVADA_NAO_INFERIR_CUSTOM_PRICE
MLB6809421428,VTK001378,paused,ml:MLB6809421428:MLB7298189866,212.05,,,,,False,AUTORIA_NAO_COMPROVADA_NAO_INFERIR_CUSTOM_PRICE
MLB6807823666,,paused,,244.57,,,,,False,AUTORIA_NAO_COMPROVADA_NAO_INFERIR_CUSTOM_PRICE
MLB6818543476,,paused,,218.35,,,,,False,AUTORIA_NAO_COMPROVADA_NAO_INFERIR_CUSTOM_PRICE
MLB6895933442,VTK000946,paused,item:MLB6895933442,288.31,,,,,False,AUTORIA_NAO_COMPROVADA_NAO_INFERIR_CUSTOM_PRICE
MLB4773203697,VTK009696,paused,ml:MLB4773203697:MLB4786789617,1697,,,,,False,AUTORIA_NAO_COMPROVADA_NAO_INFERIR_CUSTOM_PRICE
MLB4585680183,VTK000826,paused,item:MLB4585680183,1074.54,,,,,False,AUTORIA_NAO_COMPROVADA_NAO_INFERIR_CUSTOM_PRICE
MLB4786789617,VTK009696,paused,ml:MLB4773203697:MLB4786789617,1697,,,,,False,AUTORIA_NAO_COMPROVADA_NAO_INFERIR_CUSTOM_PRICE
MLB4786789337,VTK001327,paused,ml:MLB4786789337:MLB6573086488,714.59,,,,,False,AUTORIA_NAO_COMPROVADA_NAO_INFERIR_CUSTOM_PRICE
MLB6985027478,VTK000861,paused,item:MLB6985027478,1127.35,,,,,False,AUTORIA_NAO_COMPROVADA_NAO_INFERIR_CUSTOM_PRICE
MLB6985025638,VTK001824,paused,ml:MLB4790326003:MLB6985025638,1290,,,,,False,AUTORIA_NAO_COMPROVADA_NAO_INFERIR_CUSTOM_PRICE
MLB6984706066,VTK000299,paused,ml:MLB4790325469:MLB6984706066,799,,,,,False,AUTORIA_NAO_COMPROVADA_NAO_INFERIR_CUSTOM_PRICE
MLB4790703129,VTK001019,paused,ml:MLB4790689477:MLB4790703129,2515,,,,,False,AUTORIA_NAO_COMPROVADA_NAO_INFERIR_CUSTOM_PRICE
MLB4790689477,VTK001019,paused,ml:MLB4790689477:MLB4790703129,2515,,,,,False,AUTORIA_NAO_COMPROVADA_NAO_INFERIR_CUSTOM_PRICE
MLB4790674369,VTK000864,paused,item:MLB4790674369,1325.03,,,,,False,AUTORIA_NAO_COMPROVADA_NAO_INFERIR_CUSTOM_PRICE
MLB4790326003,VTK001824,paused,ml:MLB4790326003:MLB6985025638,1290,,,,,False,AUTORIA_NAO_COMPROVADA_NAO_INFERIR_CUSTOM_PRICE
MLB4790325469,VTK000299,paused,ml:MLB4790325469:MLB6984706066,799,,,,,False,AUTORIA_NAO_COMPROVADA_NAO_INFERIR_CUSTOM_PRICE
MLB6655134370,VTK005304,paused,ml:MLB6573262962:MLB6655134370,139.04,,,,,False,AUTORIA_NAO_COMPROVADA_NAO_INFERIR_CUSTOM_PRICE
MLB6573262962,VTK005304,paused,ml:MLB6573262962:MLB6655134370,139.04,,,,,False,AUTORIA_NAO_COMPROVADA_NAO_INFERIR_CUSTOM_PRICE
MLB7009932912,VTK000431,paused,ml:MLB4807796125:MLB7009932912,300.87,,,,,False,AUTORIA_NAO_COMPROVADA_NAO_INFERIR_CUSTOM_PRICE
MLB7009920078,VTK002677,paused,ml:MLB7009920078:MLB7314820020,478.8,,,,,False,AUTORIA_NAO_COMPROVADA_NAO_INFERIR_CUSTOM_PRICE
MLB7009916650,VTK000137,paused,ml:MLB4801301565:MLB7009916650,148.63,,,,,False,AUTORIA_NAO_COMPROVADA_NAO_INFERIR_CUSTOM_PRICE
MLB7009884412,VTK000315,paused,ml:MLB7009884412:MLB7320340706,357,,,,,False,AUTORIA_NAO_COMPROVADA_NAO_INFERIR_CUSTOM_PRICE
MLB7009878392,VTK001079,paused,ml:MLB4803510211:MLB7009878392,1421.46,,,,,False,AUTORIA_NAO_COMPROVADA_NAO_INFERIR_CUSTOM_PRICE
MLB7009876106,VTK000327,paused,ml:MLB5034096493:MLB7009876106,1860.55,,,,,False,AUTORIA_NAO_COMPROVADA_NAO_INFERIR_CUSTOM_PRICE
MLB7009379520,VTK000441,paused,ml:MLB4803521739:MLB7009379520,315.58,,,,,False,AUTORIA_NAO_COMPROVADA_NAO_INFERIR_CUSTOM_PRICE
MLB7009379296,VTK000976,paused,ml:MLB7009379296:MLB7330546578,171.35,,,,,False,AUTORIA_NAO_COMPROVADA_NAO_INFERIR_CUSTOM_PRICE
MLB7009378818,VTK000564,paused,ml:MLB4801119455:MLB7009378818,429.1,,,,,False,AUTORIA_NAO_COMPROVADA_NAO_INFERIR_CUSTOM_PRICE
MLB7009378420,VTK000218,paused,ml:MLB4801130229:MLB7009378420,549.25,,,,,False,AUTORIA_NAO_COMPROVADA_NAO_INFERIR_CUSTOM_PRICE
MLB7009374392,VTK004842,paused,ml:MLB7009374392:MLB7313979300,214.68,,,,,False,AUTORIA_NAO_COMPROVADA_NAO_INFERIR_CUSTOM_PRICE
MLB7009341918,VTK000681,paused,ml:MLB4801130363:MLB7009341918,410.58,,,,,False,AUTORIA_NAO_COMPROVADA_NAO_INFERIR_CUSTOM_PRICE
MLB7009336838,VTK001238,paused,ml:MLB4898642931:MLB7009336838,114.56,,,,,False,AUTORIA_NAO_COMPROVADA_NAO_INFERIR_CUSTOM_PRICE
MLB7009332314,VTK000225,paused,ml:MLB7009332314:MLB7313982734,112,,,,,False,AUTORIA_NAO_COMPROVADA_NAO_INFERIR_CUSTOM_PRICE
MLB7009332038,VTK000362,paused,ml:MLB7009332038:MLB7330116662,200,,,,,False,AUTORIA_NAO_COMPROVADA_NAO_INFERIR_CUSTOM_PRICE
MLB7009330452,VTK000308,paused,item:MLB7009330452,235.37,,,,,False,AUTORIA_NAO_COMPROVADA_NAO_INFERIR_CUSTOM_PRICE
MLB7009329828,VTK005167,paused,ml:MLB4801143699:MLB7009329828,239,,,,,False,AUTORIA_NAO_COMPROVADA_NAO_INFERIR_CUSTOM_PRICE
MLB7009327658,VTK000529,paused,ml:MLB4801151759:MLB7009327658,449,,,,,False,AUTORIA_NAO_COMPROVADA_NAO_INFERIR_CUSTOM_PRICE
MLB7009327554,VTK000339,paused,item:MLB7009327554,159.3,,,,,False,AUTORIA_NAO_COMPROVADA_NAO_INFERIR_CUSTOM_PRICE
MLB7009325430,VTK000273,paused,ml:MLB4801151769:MLB7009325430,757.88,,,,,False,AUTORIA_NAO_COMPROVADA_NAO_INFERIR_CUSTOM_PRICE
MLB7009324658,VTK000468,paused,ml:MLB7009324658:MLB7012823156,1197.21,,,,,False,AUTORIA_NAO_COMPROVADA_NAO_INFERIR_CUSTOM_PRICE
MLB7009324448,VTK000276,paused,ml:MLB4803986793:MLB7009324448,86.86,,,,,False,AUTORIA_NAO_COMPROVADA_NAO_INFERIR_CUSTOM_PRICE
MLB7009324124,VTK000408,paused,ml:MLB4804981779:MLB7009324124,143.1,,,,,False,AUTORIA_NAO_COMPROVADA_NAO_INFERIR_CUSTOM_PRICE
MLB7009319526,VTK003918,paused,item:MLB7009319526,175.98,,,,,False,AUTORIA_NAO_COMPROVADA_NAO_INFERIR_CUSTOM_PRICE
MLB7009315872,VTK000312,paused,ml:MLB4801131087:MLB7009315872,614.52,,,,,False,AUTORIA_NAO_COMPROVADA_NAO_INFERIR_CUSTOM_PRICE
MLB7009314962,VTK000817,paused,ml:MLB4994228371:MLB7009314962,750.88,,,,,False,AUTORIA_NAO_COMPROVADA_NAO_INFERIR_CUSTOM_PRICE
MLB7009314016,VTK000321,paused,ml:MLB4818724693:MLB7009314016,853.48,,,,,False,AUTORIA_NAO_COMPROVADA_NAO_INFERIR_CUSTOM_PRICE
MLB7009307174,VTK004689,paused,ml:MLB7009307174:MLB7079067544,242.83,,,,,False,AUTORIA_NAO_COMPROVADA_NAO_INFERIR_CUSTOM_PRICE
MLB7009306352,VTK000355,paused,ml:MLB4801152207:MLB7009306352,254.19,,,,,False,AUTORIA_NAO_COMPROVADA_NAO_INFERIR_CUSTOM_PRICE
MLB7009306090,VTK004045,paused,item:MLB7009306090,283,,,,,False,AUTORIA_NAO_COMPROVADA_NAO_INFERIR_CUSTOM_PRICE
MLB7009304510,VTK000147,paused,ml:MLB4801152223:MLB7009304510,532.05,,,,,False,AUTORIA_NAO_COMPROVADA_NAO_INFERIR_CUSTOM_PRICE
MLB7009303688,VTK000274,paused,item:MLB7009303688,805.07,,,,,False,AUTORIA_NAO_COMPROVADA_NAO_INFERIR_CUSTOM_PRICE
MLB7009188896,VTK000675,paused,ml:MLB7009188896:MLB7298176834,654,,,,,False,AUTORIA_NAO_COMPROVADA_NAO_INFERIR_CUSTOM_PRICE
MLB7009187518,VTK000846,paused,item:MLB7009187518,210.53,,,,,False,AUTORIA_NAO_COMPROVADA_NAO_INFERIR_CUSTOM_PRICE
MLB7009176064,VTK000455,paused,ml:MLB4803521587:MLB7009176064,462,,,,,False,AUTORIA_NAO_COMPROVADA_NAO_INFERIR_CUSTOM_PRICE
MLB7009174132,VTK000129,paused,ml:MLB4803792889:MLB7009174132,1822.98,,,,,False,AUTORIA_NAO_COMPROVADA_NAO_INFERIR_CUSTOM_PRICE
MLB7009164160,VTK000413,paused,ml:MLB4801028673:MLB7009164160,529,,,,,False,AUTORIA_NAO_COMPROVADA_NAO_INFERIR_CUSTOM_PRICE
MLB7009162372,VTK000517,paused,ml:MLB4801052717:MLB7009162372,143.96,,,,,False,AUTORIA_NAO_COMPROVADA_NAO_INFERIR_CUSTOM_PRICE
MLB4801398843,VTK000358,paused,ml:MLB4801398843:MLB4804992063,1739.06,,,,,False,AUTORIA_NAO_COMPROVADA_NAO_INFERIR_CUSTOM_PRICE
MLB4801397973,VTK000257,paused,ml:MLB4801133641:MLB4801397973,549.19,,,,,False,AUTORIA_NAO_COMPROVADA_NAO_INFERIR_CUSTOM_PRICE
MLB4801397955,VTK000116,paused,ml:MLB4801144141:MLB4801397955,1790,,,,,False,AUTORIA_NAO_COMPROVADA_NAO_INFERIR_CUSTOM_PRICE
MLB4801377023,VTK000180,paused,ml:MLB4801144997:MLB4801377023,807.98,,,,,False,AUTORIA_NAO_COMPROVADA_NAO_INFERIR_CUSTOM_PRICE
MLB4801376963,VTK000305,paused,ml:MLB4801153401:MLB4801376963,745.77,,,,,False,AUTORIA_NAO_COMPROVADA_NAO_INFERIR_CUSTOM_PRICE
MLB4801371229,VTK002651,paused,ml:MLB4801301621:MLB4801371229,205.6,,,,,False,AUTORIA_NAO_COMPROVADA_NAO_INFERIR_CUSTOM_PRICE
MLB4801365325,VTK000342,paused,ml:MLB4801365325:MLB4804992081,1739.06,,,,,False,AUTORIA_NAO_COMPROVADA_NAO_INFERIR_CUSTOM_PRICE
MLB4801365299,VTK000239,paused,ml:MLB4801365299:MLB4804981929,1369,,,,,False,AUTORIA_NAO_COMPROVADA_NAO_INFERIR_CUSTOM_PRICE
MLB4801364523,VTK000490,paused,ml:MLB4801123231:MLB4801364523,377,,,,,False,AUTORIA_NAO_COMPROVADA_NAO_INFERIR_CUSTOM_PRICE
MLB4801364465,VTK000269,paused,ml:MLB4801147729:MLB4801364465,155.26,,,,,False,AUTORIA_NAO_COMPROVADA_NAO_INFERIR_CUSTOM_PRICE
MLB4801364399,VTK000158,paused,ml:MLB4801294145:MLB4801364399,398.75,,,,,False,AUTORIA_NAO_COMPROVADA_NAO_INFERIR_CUSTOM_PRICE
MLB4801357893,VTK000088,paused,ml:MLB4801357893:MLB7400500878,151.82,,,,,False,AUTORIA_NAO_COMPROVADA_NAO_INFERIR_CUSTOM_PRICE
MLB4801302741,VTK000319,paused,ml:MLB4801302741:MLB4820387953,1652,,,,,False,AUTORIA_NAO_COMPROVADA_NAO_INFERIR_CUSTOM_PRICE
MLB4801302687,VTK000882,paused,ml:MLB4801302687:MLB7330395104,1442.68,,,,,False,AUTORIA_NAO_COMPROVADA_NAO_INFERIR_CUSTOM_PRICE
MLB4801302619,VTK000271,paused,ml:MLB4801302619:MLB7313982752,1798.34,,,,,False,AUTORIA_NAO_COMPROVADA_NAO_INFERIR_CUSTOM_PRICE
MLB4801301621,VTK002651,paused,ml:MLB4801301621:MLB4801371229,205.6,,,,,False,AUTORIA_NAO_COMPROVADA_NAO_INFERIR_CUSTOM_PRICE
MLB4801301565,VTK000137,paused,ml:MLB4801301565:MLB7009916650,148.63,,,,,False,AUTORIA_NAO_COMPROVADA_NAO_INFERIR_CUSTOM_PRICE
MLB4801296503,VTK002771,paused,ml:MLB4801296503:MLB4808186965,596.33,,,,,False,AUTORIA_NAO_COMPROVADA_NAO_INFERIR_CUSTOM_PRICE
MLB4801295809,VTK002439,paused,item:MLB4801295809,1239.63,,,,,False,AUTORIA_NAO_COMPROVADA_NAO_INFERIR_CUSTOM_PRICE
MLB4801294771,VTK000270,paused,item:MLB4801294771,177.27,,,,,False,AUTORIA_NAO_COMPROVADA_NAO_INFERIR_CUSTOM_PRICE
MLB4801294145,VTK000158,paused,ml:MLB4801294145:MLB4801364399,398.75,,,,,False,AUTORIA_NAO_COMPROVADA_NAO_INFERIR_CUSTOM_PRICE
MLB4801159459,VTK000501,paused,item:MLB4801159459,3181.31,,,,,False,AUTORIA_NAO_COMPROVADA_NAO_INFERIR_CUSTOM_PRICE
MLB4801157027,VTK000480,paused,ml:MLB4801157027:MLB4804196409,173.79,,,,,False,AUTORIA_NAO_COMPROVADA_NAO_INFERIR_CUSTOM_PRICE
MLB4801154265,VTK000332,paused,ml:MLB4801154265:MLB4805037705,549.25,,,,,False,AUTORIA_NAO_COMPROVADA_NAO_INFERIR_CUSTOM_PRICE
MLB4801153741,VTK000351,paused,ml:MLB4801153741:MLB7044869070,491,,,,,False,AUTORIA_NAO_COMPROVADA_NAO_INFERIR_CUSTOM_PRICE
MLB4801153401,VTK000305,paused,ml:MLB4801153401:MLB4801376963,745.77,,,,,False,AUTORIA_NAO_COMPROVADA_NAO_INFERIR_CUSTOM_PRICE
MLB4801152793,VTK000104,paused,item:MLB4801152793,767.16,,,,,False,AUTORIA_NAO_COMPROVADA_NAO_INFERIR_CUSTOM_PRICE
MLB4801152351,VTK000142,paused,item:MLB4801152351,1671.31,,,,,False,AUTORIA_NAO_COMPROVADA_NAO_INFERIR_CUSTOM_PRICE
MLB4801152307,VTK000391,paused,ml:MLB4801126165:MLB4801152307,363.21,,,,,False,AUTORIA_NAO_COMPROVADA_NAO_INFERIR_CUSTOM_PRICE
MLB4801152261,VTK000640,paused,ml:MLB4801136701:MLB4801152261,335.71,,,,,False,AUTORIA_NAO_COMPROVADA_NAO_INFERIR_CUSTOM_PRICE
MLB4801152223,VTK000147,paused,ml:MLB4801152223:MLB7009304510,532.05,,,,,False,AUTORIA_NAO_COMPROVADA_NAO_INFERIR_CUSTOM_PRICE
MLB4801152207,VTK000355,paused,ml:MLB4801152207:MLB7009306352,254.19,,,,,False,AUTORIA_NAO_COMPROVADA_NAO_INFERIR_CUSTOM_PRICE
MLB4801151947,VTK000698,paused,ml:MLB4801151947:MLB7330396370,2914.64,,,,,False,AUTORIA_NAO_COMPROVADA_NAO_INFERIR_CUSTOM_PRICE
MLB4801151769,VTK000273,paused,ml:MLB4801151769:MLB7009325430,757.88,,,,,False,AUTORIA_NAO_COMPROVADA_NAO_INFERIR_CUSTOM_PRICE
MLB4801151759,VTK000529,paused,ml:MLB4801151759:MLB7009327658,449,,,,,False,AUTORIA_NAO_COMPROVADA_NAO_INFERIR_CUSTOM_PRICE
MLB4801151565,VTK000151,paused,item:MLB4801151565,3803.02,,,,,False,AUTORIA_NAO_COMPROVADA_NAO_INFERIR_CUSTOM_PRICE
MLB4801149473,VTK005092,paused,ml:MLB4801149473:MLB4804183997,1128.22,,,,,False,AUTORIA_NAO_COMPROVADA_NAO_INFERIR_CUSTOM_PRICE
MLB4801147729,VTK000269,paused,ml:MLB4801147729:MLB4801364465,155.26,,,,,False,AUTORIA_NAO_COMPROVADA_NAO_INFERIR_CUSTOM_PRICE
MLB4801147019,VTK000297,paused,ml:MLB4801147019:MLB4803986489,239.63,,,,,False,AUTORIA_NAO_COMPROVADA_NAO_INFERIR_CUSTOM_PRICE
MLB4801144997,VTK000180,paused,ml:MLB4801144997:MLB4801377023,807.98,,,,,False,AUTORIA_NAO_COMPROVADA_NAO_INFERIR_CUSTOM_PRICE
MLB4801144699,VTK000236,paused,ml:MLB4801076963:MLB4801144699,733,,,,,False,AUTORIA_NAO_COMPROVADA_NAO_INFERIR_CUSTOM_PRICE
MLB4801144675,VTK001305,paused,ml:MLB4801080387:MLB4801144675,295.66,,,,,False,AUTORIA_NAO_COMPROVADA_NAO_INFERIR_CUSTOM_PRICE
MLB4801144623,VTK001213,paused,ml:MLB4801144623:MLB7313972430,1265,,,,,False,AUTORIA_NAO_COMPROVADA_NAO_INFERIR_CUSTOM_PRICE
MLB4801144141,VTK000116,paused,ml:MLB4801144141:MLB4801397955,1790,,,,,False,AUTORIA_NAO_COMPROVADA_NAO_INFERIR_CUSTOM_PRICE
MLB4801143705,VTK005193,paused,item:MLB4801143705,3090.45,,,,,False,AUTORIA_NAO_COMPROVADA_NAO_INFERIR_CUSTOM_PRICE
MLB4801143699,VTK005167,paused,ml:MLB4801143699:MLB7009329828,239,,,,,False,AUTORIA_NAO_COMPROVADA_NAO_INFERIR_CUSTOM_PRICE
MLB4801137355,VTK000666,paused,ml:MLB4801137355:MLB5005555301,182.79,,,,,False,AUTORIA_NAO_COMPROVADA_NAO_INFERIR_CUSTOM_PRICE
MLB4801136701,VTK000640,paused,ml:MLB4801136701:MLB4801152261,335.71,,,,,False,AUTORIA_NAO_COMPROVADA_NAO_INFERIR_CUSTOM_PRICE
MLB4801133641,VTK000257,paused,ml:MLB4801133641:MLB4801397973,549.19,,,,,False,AUTORIA_NAO_COMPROVADA_NAO_INFERIR_CUSTOM_PRICE
MLB4801132129,VTK000093,paused,ml:MLB4801132129:MLB4804184071,797.1,,,,,False,AUTORIA_NAO_COMPROVADA_NAO_INFERIR_CUSTOM_PRICE
MLB4801131773,VTK000210,paused,ml:MLB4801032187:MLB4801131773,729.74,,,,,False,AUTORIA_NAO_COMPROVADA_NAO_INFERIR_CUSTOM_PRICE
MLB4801131629,VTK000476,paused,ml:MLB4801115067:MLB4801131629,347,,,,,False,AUTORIA_NAO_COMPROVADA_NAO_INFERIR_CUSTOM_PRICE
MLB4801131087,VTK000312,paused,ml:MLB4801131087:MLB7009315872,614.52,,,,,False,AUTORIA_NAO_COMPROVADA_NAO_INFERIR_CUSTOM_PRICE
MLB4801130363,VTK000681,paused,ml:MLB4801130363:MLB7009341918,410.58,,,,,False,AUTORIA_NAO_COMPROVADA_NAO_INFERIR_CUSTOM_PRICE
MLB4801130229,VTK000218,paused,ml:MLB4801130229:MLB7009378420,549.25,,,,,False,AUTORIA_NAO_COMPROVADA_NAO_INFERIR_CUSTOM_PRICE
MLB4801126165,VTK000391,paused,ml:MLB4801126165:MLB4801152307,363.21,,,,,False,AUTORIA_NAO_COMPROVADA_NAO_INFERIR_CUSTOM_PRICE
MLB4801125683,VTK000331,paused,ml:MLB4801120853:MLB4801125683,418.15,,,,,False,AUTORIA_NAO_COMPROVADA_NAO_INFERIR_CUSTOM_PRICE
MLB4801125421,VTK000587,paused,ml:MLB4801120923:MLB4801125421,410,,,,,False,AUTORIA_NAO_COMPROVADA_NAO_INFERIR_CUSTOM_PRICE
MLB4801123231,VTK000490,paused,ml:MLB4801123231:MLB4801364523,377,,,,,False,AUTORIA_NAO_COMPROVADA_NAO_INFERIR_CUSTOM_PRICE
MLB4801122291,VTK000102,paused,ml:MLB4801122291:MLB4987960471,472.1,,,,,False,AUTORIA_NAO_COMPROVADA_NAO_INFERIR_CUSTOM_PRICE
MLB4801120923,VTK000587,paused,ml:MLB4801120923:MLB4801125421,410,,,,,False,AUTORIA_NAO_COMPROVADA_NAO_INFERIR_CUSTOM_PRICE
MLB4801120853,VTK000331,paused,ml:MLB4801120853:MLB4801125683,418.15,,,,,False,AUTORIA_NAO_COMPROVADA_NAO_INFERIR_CUSTOM_PRICE
MLB4801119455,VTK000564,paused,ml:MLB4801119455:MLB7009378818,429.1,,,,,False,AUTORIA_NAO_COMPROVADA_NAO_INFERIR_CUSTOM_PRICE
MLB4801115067,VTK000476,paused,ml:MLB4801115067:MLB4801131629,347,,,,,False,AUTORIA_NAO_COMPROVADA_NAO_INFERIR_CUSTOM_PRICE
MLB4801080387,VTK001305,paused,ml:MLB4801080387:MLB4801144675,295.66,,,,,False,AUTORIA_NAO_COMPROVADA_NAO_INFERIR_CUSTOM_PRICE
MLB4801076963,VTK000236,paused,ml:MLB4801076963:MLB4801144699,733,,,,,False,AUTORIA_NAO_COMPROVADA_NAO_INFERIR_CUSTOM_PRICE
MLB4801075085,VTK005036,paused,ml:MLB4801075085:MLB4803805877,1590.92,,,,,False,AUTORIA_NAO_COMPROVADA_NAO_INFERIR_CUSTOM_PRICE
MLB4801057239,VTK000150,paused,item:MLB4801057239,641.39,,,,,False,AUTORIA_NAO_COMPROVADA_NAO_INFERIR_CUSTOM_PRICE
MLB4801057063,VTK000176,paused,ml:MLB4801057063:MLB4803806001,716,,,,,False,AUTORIA_NAO_COMPROVADA_NAO_INFERIR_CUSTOM_PRICE
MLB4801054957,VTK000776,paused,item:MLB4801054957,1520.43,,,,,False,AUTORIA_NAO_COMPROVADA_NAO_INFERIR_CUSTOM_PRICE
MLB4801054391,VTK000579,paused,item:MLB4801054391,1478.52,,,,,False,AUTORIA_NAO_COMPROVADA_NAO_INFERIR_CUSTOM_PRICE
MLB4801053191,VTK000610,paused,ml:MLB4801053191:MLB7025728582,1430,,,,,False,AUTORIA_NAO_COMPROVADA_NAO_INFERIR_CUSTOM_PRICE
MLB4801052717,VTK000517,paused,ml:MLB4801052717:MLB7009162372,143.96,,,,,False,AUTORIA_NAO_COMPROVADA_NAO_INFERIR_CUSTOM_PRICE
MLB4801044701,VTK000634,paused,ml:MLB4801044701:MLB4803969763,420,,,,,False,AUTORIA_NAO_COMPROVADA_NAO_INFERIR_CUSTOM_PRICE
MLB4801042871,VTK005645,paused,ml:MLB4801042871:MLB5138132481,1520.43,,,,,False,AUTORIA_NAO_COMPROVADA_NAO_INFERIR_CUSTOM_PRICE
MLB4801041119,VTK000782,paused,item:MLB4801041119,1617.44,,,,,False,AUTORIA_NAO_COMPROVADA_NAO_INFERIR_CUSTOM_PRICE
MLB4801040853,VTK000170,paused,item:MLB4801040853,1281.05,,,,,False,AUTORIA_NAO_COMPROVADA_NAO_INFERIR_CUSTOM_PRICE
MLB4801040365,VTK000435,paused,ml:MLB4800966579:MLB4801040365,311.27,,,,,False,AUTORIA_NAO_COMPROVADA_NAO_INFERIR_CUSTOM_PRICE
MLB4801040315,VTK000466,paused,ml:MLB4800988825:MLB4801040315,2108.85,,,,,False,AUTORIA_NAO_COMPROVADA_NAO_INFERIR_CUSTOM_PRICE
MLB4801032187,VTK000210,paused,ml:MLB4801032187:MLB4801131773,729.74,,,,,False,AUTORIA_NAO_COMPROVADA_NAO_INFERIR_CUSTOM_PRICE
MLB4801029887,VTK000754,paused,ml:MLB4801029887:MLB4818725003,1199,,,,,False,AUTORIA_NAO_COMPROVADA_NAO_INFERIR_CUSTOM_PRICE
MLB4801028789,VTK005346,paused,ml:MLB4800965513:MLB4801028789,2302,,,,,False,AUTORIA_NAO_COMPROVADA_NAO_INFERIR_CUSTOM_PRICE
MLB4801028673,VTK000413,paused,ml:MLB4801028673:MLB7009164160,529,,,,,False,AUTORIA_NAO_COMPROVADA_NAO_INFERIR_CUSTOM_PRICE
MLB4800990059,VTK006261,paused,ml:MLB4800990059:MLB4803521625,570,,,,,False,AUTORIA_NAO_COMPROVADA_NAO_INFERIR_CUSTOM_PRICE
MLB4800988825,VTK000466,paused,ml:MLB4800988825:MLB4801040315,2108.85,,,,,False,AUTORIA_NAO_COMPROVADA_NAO_INFERIR_CUSTOM_PRICE
MLB4800988221,VTK000348,paused,ml:MLB4800988221:MLB4803497557,207.62,,,,,False,AUTORIA_NAO_COMPROVADA_NAO_INFERIR_CUSTOM_PRICE
MLB4800987893,VTK004577,paused,item:MLB4800987893,184.95,,,,,False,AUTORIA_NAO_COMPROVADA_NAO_INFERIR_CUSTOM_PRICE
MLB4800966579,VTK000435,paused,ml:MLB4800966579:MLB4801040365,311.27,,,,,False,AUTORIA_NAO_COMPROVADA_NAO_INFERIR_CUSTOM_PRICE
MLB4800965513,VTK005346,paused,ml:MLB4800965513:MLB4801028789,2302,,,,,False,AUTORIA_NAO_COMPROVADA_NAO_INFERIR_CUSTOM_PRICE
MLB4800952793,VTK000509,paused,item:MLB4800952793,970,,,,,False,AUTORIA_NAO_COMPROVADA_NAO_INFERIR_CUSTOM_PRICE
MLB4800952671,VTK000189,paused,item:MLB4800952671,1606.04,,,,,False,AUTORIA_NAO_COMPROVADA_NAO_INFERIR_CUSTOM_PRICE
MLB4800949673,VTK009761,paused,ml:MLB4800947079:MLB4800949673,2031.4,,,,,False,AUTORIA_NAO_COMPROVADA_NAO_INFERIR_CUSTOM_PRICE
MLB4800947079,VTK009761,paused,ml:MLB4800947079:MLB4800949673,2031.4,,,,,False,AUTORIA_NAO_COMPROVADA_NAO_INFERIR_CUSTOM_PRICE
MLB4800946713,VTK009762,paused,item:MLB4800946713,3361.5,,,,,False,AUTORIA_NAO_COMPROVADA_NAO_INFERIR_CUSTOM_PRICE
MLB4800935349,VTK009763,paused,ml:MLB4800935349:MLB7012848428,2082.82,,,,,False,AUTORIA_NAO_COMPROVADA_NAO_INFERIR_CUSTOM_PRICE
MLB7012848428,VTK009763,paused,ml:MLB4800935349:MLB7012848428,2082.82,,,,,False,AUTORIA_NAO_COMPROVADA_NAO_INFERIR_CUSTOM_PRICE
MLB7012823156,VTK000468,paused,ml:MLB7009324658:MLB7012823156,1197.21,,,,,False,AUTORIA_NAO_COMPROVADA_NAO_INFERIR_CUSTOM_PRICE
MLB4804196409,VTK000480,paused,ml:MLB4801157027:MLB4804196409,173.79,,,,,False,AUTORIA_NAO_COMPROVADA_NAO_INFERIR_CUSTOM_PRICE
MLB4804184071,VTK000093,paused,ml:MLB4801132129:MLB4804184071,797.1,,,,,False,AUTORIA_NAO_COMPROVADA_NAO_INFERIR_CUSTOM_PRICE
MLB4804183997,VTK005092,paused,ml:MLB4801149473:MLB4804183997,1128.22,,,,,False,AUTORIA_NAO_COMPROVADA_NAO_INFERIR_CUSTOM_PRICE
MLB4803986793,VTK000276,paused,ml:MLB4803986793:MLB7009324448,86.86,,,,,False,AUTORIA_NAO_COMPROVADA_NAO_INFERIR_CUSTOM_PRICE
MLB4803986489,VTK000297,paused,ml:MLB4801147019:MLB4803986489,239.63,,,,,False,AUTORIA_NAO_COMPROVADA_NAO_INFERIR_CUSTOM_PRICE
MLB4803969763,VTK000634,paused,ml:MLB4801044701:MLB4803969763,420,,,,,False,AUTORIA_NAO_COMPROVADA_NAO_INFERIR_CUSTOM_PRICE
MLB4803806001,VTK000176,paused,ml:MLB4801057063:MLB4803806001,716,,,,,False,AUTORIA_NAO_COMPROVADA_NAO_INFERIR_CUSTOM_PRICE
MLB4803805877,VTK005036,paused,ml:MLB4801075085:MLB4803805877,1590.92,,,,,False,AUTORIA_NAO_COMPROVADA_NAO_INFERIR_CUSTOM_PRICE
MLB4803792889,VTK000129,paused,ml:MLB4803792889:MLB7009174132,1822.98,,,,,False,AUTORIA_NAO_COMPROVADA_NAO_INFERIR_CUSTOM_PRICE
MLB4803521739,VTK000441,paused,ml:MLB4803521739:MLB7009379520,315.58,,,,,False,AUTORIA_NAO_COMPROVADA_NAO_INFERIR_CUSTOM_PRICE
MLB4803521625,VTK006261,paused,ml:MLB4800990059:MLB4803521625,570,,,,,False,AUTORIA_NAO_COMPROVADA_NAO_INFERIR_CUSTOM_PRICE
MLB4803521587,VTK000455,paused,ml:MLB4803521587:MLB7009176064,462,,,,,False,AUTORIA_NAO_COMPROVADA_NAO_INFERIR_CUSTOM_PRICE
MLB4803510211,VTK001079,paused,ml:MLB4803510211:MLB7009878392,1421.46,,,,,False,AUTORIA_NAO_COMPROVADA_NAO_INFERIR_CUSTOM_PRICE
MLB4803497557,VTK000348,paused,ml:MLB4800988221:MLB4803497557,207.62,,,,,False,AUTORIA_NAO_COMPROVADA_NAO_INFERIR_CUSTOM_PRICE
MLB7025728582,VTK000610,paused,ml:MLB4801053191:MLB7025728582,1430,,,,,False,AUTORIA_NAO_COMPROVADA_NAO_INFERIR_CUSTOM_PRICE
MLB4808186965,VTK002771,paused,ml:MLB4801296503:MLB4808186965,596.33,,,,,False,AUTORIA_NAO_COMPROVADA_NAO_INFERIR_CUSTOM_PRICE
MLB4807796125,VTK000431,paused,ml:MLB4807796125:MLB7009932912,300.87,,,,,False,AUTORIA_NAO_COMPROVADA_NAO_INFERIR_CUSTOM_PRICE
MLB4805037705,VTK000332,paused,ml:MLB4801154265:MLB4805037705,549.25,,,,,False,AUTORIA_NAO_COMPROVADA_NAO_INFERIR_CUSTOM_PRICE
MLB4804992081,VTK000342,paused,ml:MLB4801365325:MLB4804992081,1739.06,,,,,False,AUTORIA_NAO_COMPROVADA_NAO_INFERIR_CUSTOM_PRICE
MLB4804992063,VTK000358,paused,ml:MLB4801398843:MLB4804992063,1739.06,,,,,False,AUTORIA_NAO_COMPROVADA_NAO_INFERIR_CUSTOM_PRICE
MLB4804981929,VTK000239,paused,ml:MLB4801365299:MLB4804981929,1369,,,,,False,AUTORIA_NAO_COMPROVADA_NAO_INFERIR_CUSTOM_PRICE
MLB4804981779,VTK000408,paused,ml:MLB4804981779:MLB7009324124,143.1,,,,,False,AUTORIA_NAO_COMPROVADA_NAO_INFERIR_CUSTOM_PRICE
MLB7044869070,VTK000351,paused,ml:MLB4801153741:MLB7044869070,491,,,,,False,AUTORIA_NAO_COMPROVADA_NAO_INFERIR_CUSTOM_PRICE
MLB4820387953,VTK000319,paused,ml:MLB4801302741:MLB4820387953,1652,,,,,False,AUTORIA_NAO_COMPROVADA_NAO_INFERIR_CUSTOM_PRICE
MLB4818725003,VTK000754,paused,ml:MLB4801029887:MLB4818725003,1199,,,,,False,AUTORIA_NAO_COMPROVADA_NAO_INFERIR_CUSTOM_PRICE
MLB4818724693,VTK000321,paused,ml:MLB4818724693:MLB7009314016,853.48,,,,,False,AUTORIA_NAO_COMPROVADA_NAO_INFERIR_CUSTOM_PRICE
MLB4585804309,VTK001469,paused,ml:MLB4585804309:MLB4621088401,870,,,,,False,AUTORIA_NAO_COMPROVADA_NAO_INFERIR_CUSTOM_PRICE
MLB4621088401,VTK001469,paused,ml:MLB4585804309:MLB4621088401,870,,,,,False,AUTORIA_NAO_COMPROVADA_NAO_INFERIR_CUSTOM_PRICE
MLB7062174544,VTK000327,paused,item:MLB7062174544,1860.55,,,,,False,AUTORIA_NAO_COMPROVADA_NAO_INFERIR_CUSTOM_PRICE
MLB7062096550,VTK000327,paused,item:MLB7062096550,1860.55,,,,,False,AUTORIA_NAO_COMPROVADA_NAO_INFERIR_CUSTOM_PRICE
MLB7061381564,VTK000327,paused,item:MLB7061381564,1860.55,,,,,False,AUTORIA_NAO_COMPROVADA_NAO_INFERIR_CUSTOM_PRICE
MLB7061199552,VTK000327,paused,item:MLB7061199552,1860.55,,,,,False,AUTORIA_NAO_COMPROVADA_NAO_INFERIR_CUSTOM_PRICE
MLB7079677860,VTK000526,paused,ml:MLB7079677860:MLB7313980906,685,,,,,False,AUTORIA_NAO_COMPROVADA_NAO_INFERIR_CUSTOM_PRICE
MLB7079674512,VTK000530,paused,ml:MLB7079674512:MLB7095025022,577,,,,,False,AUTORIA_NAO_COMPROVADA_NAO_INFERIR_CUSTOM_PRICE
MLB7079674026,VTK000516,paused,ml:MLB4846389363:MLB7079674026,392.98,,,,,False,AUTORIA_NAO_COMPROVADA_NAO_INFERIR_CUSTOM_PRICE
MLB7079673558,VTK000483,paused,ml:MLB4841869841:MLB7079673558,834.9,,,,,False,AUTORIA_NAO_COMPROVADA_NAO_INFERIR_CUSTOM_PRICE
MLB7079673336,VTK000457,paused,item:MLB7079673336,387.13,,,,,False,AUTORIA_NAO_COMPROVADA_NAO_INFERIR_CUSTOM_PRICE
MLB7079673052,VTK000443,paused,ml:MLB4852431487:MLB7079673052,540.77,,,,,False,AUTORIA_NAO_COMPROVADA_NAO_INFERIR_CUSTOM_PRICE
MLB7079613144,VTK000336,paused,ml:MLB4846389387:MLB7079613144,189.17,,,,,False,AUTORIA_NAO_COMPROVADA_NAO_INFERIR_CUSTOM_PRICE
MLB7079118766,VTK000255,paused,ml:MLB7077302118:MLB7079118766,145.41,,,,,False,AUTORIA_NAO_COMPROVADA_NAO_INFERIR_CUSTOM_PRICE
MLB7079079916,VTK000211,paused,ml:MLB7076624228:MLB7079079916,408.69,,,,,False,AUTORIA_NAO_COMPROVADA_NAO_INFERIR_CUSTOM_PRICE
MLB7079067544,VTK004689,paused,ml:MLB7009307174:MLB7079067544,242.83,,,,,False,AUTORIA_NAO_COMPROVADA_NAO_INFERIR_CUSTOM_PRICE
MLB7077302118,VTK000255,paused,ml:MLB7077302118:MLB7079118766,145.41,,,,,False,AUTORIA_NAO_COMPROVADA_NAO_INFERIR_CUSTOM_PRICE
MLB7076889032,VTK000354,paused,ml:MLB7076889032:MLB7086783518,354.67,,,,,False,AUTORIA_NAO_COMPROVADA_NAO_INFERIR_CUSTOM_PRICE
MLB7076689416,VTK000241,paused,ml:MLB4841870635:MLB7076689416,611.57,,,,,False,AUTORIA_NAO_COMPROVADA_NAO_INFERIR_CUSTOM_PRICE
MLB7076682892,VTK000222,paused,ml:MLB7076682892:MLB7086784104,2094.54,,,,,False,AUTORIA_NAO_COMPROVADA_NAO_INFERIR_CUSTOM_PRICE
MLB7076647144,VTK000191,paused,item:MLB7076647144,593.16,,,,,False,AUTORIA_NAO_COMPROVADA_NAO_INFERIR_CUSTOM_PRICE
MLB7076625564,VTK000231,paused,item:MLB7076625564,1200.49,,,,,False,AUTORIA_NAO_COMPROVADA_NAO_INFERIR_CUSTOM_PRICE
MLB7076624228,VTK000211,paused,ml:MLB7076624228:MLB7079079916,408.69,,,,,False,AUTORIA_NAO_COMPROVADA_NAO_INFERIR_CUSTOM_PRICE
MLB7076619816,VTK000182,paused,item:MLB7076619816,1790.39,,,,,False,AUTORIA_NAO_COMPROVADA_NAO_INFERIR_CUSTOM_PRICE
MLB7076602922,VTK000235,paused,item:MLB7076602922,137.31,,,,,False,AUTORIA_NAO_COMPROVADA_NAO_INFERIR_CUSTOM_PRICE
MLB7076601456,VTK000208,paused,ml:MLB4898613459:MLB7076601456,262.83,,,,,False,AUTORIA_NAO_COMPROVADA_NAO_INFERIR_CUSTOM_PRICE
MLB7076594962,VTK000171,paused,item:MLB7076594962,456.02,,,,,False,AUTORIA_NAO_COMPROVADA_NAO_INFERIR_CUSTOM_PRICE
MLB7076594728,VTK000162,paused,ml:MLB5124177111:MLB7076594728,728.09,,,,,False,AUTORIA_NAO_COMPROVADA_NAO_INFERIR_CUSTOM_PRICE
MLB7076591918,VTK000149,paused,ml:MLB4881447287:MLB7076591918,664.14,,,,,False,AUTORIA_NAO_COMPROVADA_NAO_INFERIR_CUSTOM_PRICE
MLB7076568016,VTK000121,paused,ml:MLB4855768919:MLB7076568016,195.5,,,,,False,AUTORIA_NAO_COMPROVADA_NAO_INFERIR_CUSTOM_PRICE
MLB7076434218,VTK000049,paused,ml:MLB7076434218:MLB7101684006,230.27,,,,,False,AUTORIA_NAO_COMPROVADA_NAO_INFERIR_CUSTOM_PRICE
MLB7076433422,VTK000043,paused,ml:MLB7076433422:MLB7314823416,410.18,,,,,False,AUTORIA_NAO_COMPROVADA_NAO_INFERIR_CUSTOM_PRICE
MLB4837734679,VTK000428,paused,ml:MLB4837734679:MLB4841872479,311.27,,,,,False,AUTORIA_NAO_COMPROVADA_NAO_INFERIR_CUSTOM_PRICE
MLB4837734235,VTK000424,paused,ml:MLB4837734235:MLB4898640057,209,,,,,False,AUTORIA_NAO_COMPROVADA_NAO_INFERIR_CUSTOM_PRICE
MLB4837732845,VTK000389,paused,item:MLB4837732845,249.81,,,,,False,AUTORIA_NAO_COMPROVADA_NAO_INFERIR_CUSTOM_PRICE
MLB4837715573,VTK000350,paused,item:MLB4837715573,246.48,,,,,False,AUTORIA_NAO_COMPROVADA_NAO_INFERIR_CUSTOM_PRICE
MLB4837703943,VTK000404,paused,item:MLB4837703943,837.31,,,,,False,AUTORIA_NAO_COMPROVADA_NAO_INFERIR_CUSTOM_PRICE
MLB4837702039,VTK000279,paused,item:MLB4837702039,2923.93,,,,,False,AUTORIA_NAO_COMPROVADA_NAO_INFERIR_CUSTOM_PRICE
MLB4837700753,VTK000194,paused,ml:MLB4837700753:MLB7120393996,166.94,,,,,False,AUTORIA_NAO_COMPROVADA_NAO_INFERIR_CUSTOM_PRICE
MLB4836801935,VTK000262,paused,item:MLB4836801935,1203.48,,,,,False,AUTORIA_NAO_COMPROVADA_NAO_INFERIR_CUSTOM_PRICE
MLB4836753147,VTK000260,paused,ml:MLB4836753147:MLB4841872755,887.86,,,,,False,AUTORIA_NAO_COMPROVADA_NAO_INFERIR_CUSTOM_PRICE
MLB4836613321,VTK000214,paused,ml:MLB4836613321:MLB7176569960,180.35,,,,,False,AUTORIA_NAO_COMPROVADA_NAO_INFERIR_CUSTOM_PRICE
MLB4836515359,VTK000248,paused,ml:MLB4836515359:MLB4841872973,1346,,,,,False,AUTORIA_NAO_COMPROVADA_NAO_INFERIR_CUSTOM_PRICE
MLB4836470155,VTK000245,paused,ml:MLB4836470155:MLB4881447119,1020,,,,,False,AUTORIA_NAO_COMPROVADA_NAO_INFERIR_CUSTOM_PRICE
MLB4836403213,VTK000151,paused,item:MLB4836403213,2999,,,,,False,AUTORIA_NAO_COMPROVADA_NAO_INFERIR_CUSTOM_PRICE
MLB4836303237,VTK000206,paused,ml:MLB4836303237:MLB7086786352,550.96,,,,,False,AUTORIA_NAO_COMPROVADA_NAO_INFERIR_CUSTOM_PRICE
MLB4836163151,VTK000118,paused,item:MLB4836163151,663.98,,,,,False,AUTORIA_NAO_COMPROVADA_NAO_INFERIR_CUSTOM_PRICE
MLB4836147319,VTK000066,paused,ml:MLB4836147319:MLB7086773766,225.1,,,,,False,AUTORIA_NAO_COMPROVADA_NAO_INFERIR_CUSTOM_PRICE
MLB4836146181,VTK000052,paused,item:MLB4836146181,185.75,,,,,False,AUTORIA_NAO_COMPROVADA_NAO_INFERIR_CUSTOM_PRICE
MLB4836093067,VTK000101,paused,ml:MLB4836093067:MLB7313983928,457.55,,,,,False,AUTORIA_NAO_COMPROVADA_NAO_INFERIR_CUSTOM_PRICE
MLB7087486026,VTK011957,paused,item:MLB7087486026,431.88,,,,,False,AUTORIA_NAO_COMPROVADA_NAO_INFERIR_CUSTOM_PRICE
MLB7087485804,VTK009141,paused,ml:MLB4850157939:MLB7087485804,1218.18,,,,,False,AUTORIA_NAO_COMPROVADA_NAO_INFERIR_CUSTOM_PRICE
MLB7087485696,VTK006600,paused,ml:MLB4857676945:MLB7087485696,599.48,,,,,False,AUTORIA_NAO_COMPROVADA_NAO_INFERIR_CUSTOM_PRICE
MLB7087445284,VTK000562,paused,ml:MLB4846389411:MLB7087445284,734.1,,,,,False,AUTORIA_NAO_COMPROVADA_NAO_INFERIR_CUSTOM_PRICE
MLB7087445036,VTK000527,paused,ml:MLB5112605797:MLB7087445036,290.11,,,,,False,AUTORIA_NAO_COMPROVADA_NAO_INFERIR_CUSTOM_PRICE
MLB7087441474,VTK011958,paused,ml:MLB7087441474:MLB7330399396,911,,,,,False,AUTORIA_NAO_COMPROVADA_NAO_INFERIR_CUSTOM_PRICE
MLB7087439556,VTK006484,paused,ml:MLB4852431539:MLB7087439556,288.94,,,,,False,AUTORIA_NAO_COMPROVADA_NAO_INFERIR_CUSTOM_PRICE
MLB7087439438,VTK006480,paused,item:MLB7087439438,574.62,,,,,False,AUTORIA_NAO_COMPROVADA_NAO_INFERIR_CUSTOM_PRICE
MLB7087438930,VTK006433,paused,item:MLB7087438930,1010.79,,,,,False,AUTORIA_NAO_COMPROVADA_NAO_INFERIR_CUSTOM_PRICE
MLB7087438514,VTK006419,paused,ml:MLB4981702293:MLB7087438514,333.94,,,,,False,AUTORIA_NAO_COMPROVADA_NAO_INFERIR_CUSTOM_PRICE
MLB7087438064,VTK006378,paused,ml:MLB4898612385:MLB7087438064,1326,,,,,False,AUTORIA_NAO_COMPROVADA_NAO_INFERIR_CUSTOM_PRICE
MLB7087437624,VTK005975,paused,ml:MLB4852431561:MLB7087437624,1774.5,,,,,False,AUTORIA_NAO_COMPROVADA_NAO_INFERIR_CUSTOM_PRICE
MLB7087437534,VTK005934,paused,ml:MLB7087437534:MLB7095324952,168.83,,,,,False,AUTORIA_NAO_COMPROVADA_NAO_INFERIR_CUSTOM_PRICE
MLB7087437228,VTK005653,paused,item:MLB7087437228,1512.24,,,,,False,AUTORIA_NAO_COMPROVADA_NAO_INFERIR_CUSTOM_PRICE
MLB7087437030,VTK005460,paused,ml:MLB7087437030:MLB7104387570,123.22,,,,,False,AUTORIA_NAO_COMPROVADA_NAO_INFERIR_CUSTOM_PRICE
MLB7087436612,VTK004760,paused,item:MLB7087436612,136.23,,,,,False,AUTORIA_NAO_COMPROVADA_NAO_INFERIR_CUSTOM_PRICE
MLB7087436550,VTK004757,paused,ml:MLB7087436550:MLB7097103266,175.29,,,,,False,AUTORIA_NAO_COMPROVADA_NAO_INFERIR_CUSTOM_PRICE
MLB7087436392,VTK004688,paused,ml:MLB4850157963:MLB7087436392,449.44,,,,,False,AUTORIA_NAO_COMPROVADA_NAO_INFERIR_CUSTOM_PRICE
MLB7087436192,VTK004556,paused,ml:MLB7087436192:MLB7101696320,184.95,,,,,False,AUTORIA_NAO_COMPROVADA_NAO_INFERIR_CUSTOM_PRICE
MLB7087436152,VTK004526,paused,ml:MLB7087436152:MLB7105511124,663.98,,,,,False,AUTORIA_NAO_COMPROVADA_NAO_INFERIR_CUSTOM_PRICE
MLB7087435920,VTK004410,paused,item:MLB7087435920,252.12,,,,,False,AUTORIA_NAO_COMPROVADA_NAO_INFERIR_CUSTOM_PRICE
MLB7087435854,VTK004387,paused,ml:MLB7087435854:MLB7316879600,142.97,,,,,False,AUTORIA_NAO_COMPROVADA_NAO_INFERIR_CUSTOM_PRICE
MLB7087435128,VTK003861,paused,ml:MLB7087435128:MLB7316880232,155.15,,,,,False,AUTORIA_NAO_COMPROVADA_NAO_INFERIR_CUSTOM_PRICE
MLB7087435088,VTK003796,paused,ml:MLB7087435088:MLB7127815018,209.84,,,,,False,AUTORIA_NAO_COMPROVADA_NAO_INFERIR_CUSTOM_PRICE
MLB7087435046,VTK003768,paused,ml:MLB4846402101:MLB7087435046,351.55,,,,,False,AUTORIA_NAO_COMPROVADA_NAO_INFERIR_CUSTOM_PRICE
MLB7087434718,VTK003585,paused,ml:MLB4981702585:MLB7087434718,268,,,,,False,AUTORIA_NAO_COMPROVADA_NAO_INFERIR_CUSTOM_PRICE
MLB7087434566,VTK003453,paused,ml:MLB4852431573:MLB7087434566,270.62,,,,,False,AUTORIA_NAO_COMPROVADA_NAO_INFERIR_CUSTOM_PRICE
MLB7087433998,VTK003017,paused,ml:MLB7087433998:MLB7101696340,1613.23,,,,,False,AUTORIA_NAO_COMPROVADA_NAO_INFERIR_CUSTOM_PRICE
MLB7087433156,VTK000688,paused,ml:MLB7087433156:MLB7108545974,444,,,,,False,AUTORIA_NAO_COMPROVADA_NAO_INFERIR_CUSTOM_PRICE
MLB7087433098,VTK000668,paused,ml:MLB7087433098:MLB7316878818,206.65,,,,,False,AUTORIA_NAO_COMPROVADA_NAO_INFERIR_CUSTOM_PRICE
MLB7087432992,VTK000630,paused,ml:MLB4846402123:MLB7087432992,247.04,,,,,False,AUTORIA_NAO_COMPROVADA_NAO_INFERIR_CUSTOM_PRICE
MLB7087432308,VTK000539,paused,ml:MLB7087432308:MLB7095325014,177,,,,,False,AUTORIA_NAO_COMPROVADA_NAO_INFERIR_CUSTOM_PRICE
MLB7087427774,VTK006540,paused,ml:MLB7087427774:MLB7320340348,599.48,,,,,False,AUTORIA_NAO_COMPROVADA_NAO_INFERIR_CUSTOM_PRICE
MLB7087427162,VTK006497,paused,ml:MLB4846389497:MLB7087427162,338.78,,,,,False,AUTORIA_NAO_COMPROVADA_NAO_INFERIR_CUSTOM_PRICE
MLB7087426632,VTK006472,paused,item:MLB7087426632,563.22,,,,,False,AUTORIA_NAO_COMPROVADA_NAO_INFERIR_CUSTOM_PRICE
MLB7087426426,VTK006453,paused,item:MLB7087426426,670.9,,,,,False,AUTORIA_NAO_COMPROVADA_NAO_INFERIR_CUSTOM_PRICE
MLB7087426120,VTK006426,paused,item:MLB7087426120,352.31,,,,,False,AUTORIA_NAO_COMPROVADA_NAO_INFERIR_CUSTOM_PRICE
MLB7087425408,VTK006405,paused,ml:MLB4846402213:MLB7087425408,759,,,,,False,AUTORIA_NAO_COMPROVADA_NAO_INFERIR_CUSTOM_PRICE
MLB7087424928,VTK006189,paused,ml:MLB5109039835:MLB7087424928,453,,,,,False,AUTORIA_NAO_COMPROVADA_NAO_INFERIR_CUSTOM_PRICE
MLB7087424780,VTK005817,paused,item:MLB7087424780,742.65,,,,,False,AUTORIA_NAO_COMPROVADA_NAO_INFERIR_CUSTOM_PRICE
MLB7087424322,VTK005389,paused,item:MLB7087424322,299.09,,,,,False,AUTORIA_NAO_COMPROVADA_NAO_INFERIR_CUSTOM_PRICE
MLB7087424114,VTK005113,paused,item:MLB7087424114,179.38,,,,,False,AUTORIA_NAO_COMPROVADA_NAO_INFERIR_CUSTOM_PRICE
MLB7087423622,VTK004606,paused,item:MLB7087423622,177,,,,,False,AUTORIA_NAO_COMPROVADA_NAO_INFERIR_CUSTOM_PRICE
MLB7087423144,VTK004359,paused,ml:MLB7087423144:MLB7316879196,274.78,,,,,False,AUTORIA_NAO_COMPROVADA_NAO_INFERIR_CUSTOM_PRICE
MLB7087422968,VTK004099,paused,ml:MLB7087422968:MLB7101684116,397,,,,,False,AUTORIA_NAO_COMPROVADA_NAO_INFERIR_CUSTOM_PRICE
MLB7087421608,VTK003148,paused,item:MLB7087421608,161.65,,,,,False,AUTORIA_NAO_COMPROVADA_NAO_INFERIR_CUSTOM_PRICE
MLB7087416826,VTK006577,paused,ml:MLB7087416826:MLB7095337598,266.72,,,,,False,AUTORIA_NAO_COMPROVADA_NAO_INFERIR_CUSTOM_PRICE
MLB7087416462,VTK006550,paused,ml:MLB7087416462:MLB7137214452,251.56,,,,,False,AUTORIA_NAO_COMPROVADA_NAO_INFERIR_CUSTOM_PRICE
MLB7087415928,VTK006499,paused,ml:MLB7087415928:MLB7157760736,205,,,,,False,AUTORIA_NAO_COMPROVADA_NAO_INFERIR_CUSTOM_PRICE
MLB7087415548,VTK006492,paused,ml:MLB4846402257:MLB7087415548,314.8,,,,,False,AUTORIA_NAO_COMPROVADA_NAO_INFERIR_CUSTOM_PRICE
MLB7087415182,VTK006469,paused,ml:MLB7087415182:MLB7095325162,773,,,,,False,AUTORIA_NAO_COMPROVADA_NAO_INFERIR_CUSTOM_PRICE
MLB7087414922,VTK006435,paused,item:MLB7087414922,490.48,,,,,False,AUTORIA_NAO_COMPROVADA_NAO_INFERIR_CUSTOM_PRICE
MLB7087414236,VTK006414,paused,item:MLB7087414236,600.28,,,,,False,AUTORIA_NAO_COMPROVADA_NAO_INFERIR_CUSTOM_PRICE
MLB7087414128,VTK006407,paused,ml:MLB7087414128:MLB7095325170,323.85,,,,,False,AUTORIA_NAO_COMPROVADA_NAO_INFERIR_CUSTOM_PRICE
MLB7087413356,VTK005811,paused,ml:MLB7087413356:MLB7316880078,131,,,,,False,AUTORIA_NAO_COMPROVADA_NAO_INFERIR_CUSTOM_PRICE
MLB7087412780,VTK005232,paused,ml:MLB7087412780:MLB7104350400,2299,,,,,False,AUTORIA_NAO_COMPROVADA_NAO_INFERIR_CUSTOM_PRICE
MLB7087412236,VTK004670,paused,ml:MLB7087412236:MLB7101684142,79.49,,,,,False,AUTORIA_NAO_COMPROVADA_NAO_INFERIR_CUSTOM_PRICE
MLB7087411978,VTK004441,paused,item:MLB7087411978,225.52,,,,,False,AUTORIA_NAO_COMPROVADA_NAO_INFERIR_CUSTOM_PRICE
MLB7087411922,VTK004438,paused,ml:MLB7087411922:MLB7330396490,614.28,,,,,False,AUTORIA_NAO_COMPROVADA_NAO_INFERIR_CUSTOM_PRICE
MLB7087411322,VTK004062,paused,ml:MLB7087411322:MLB7095325192,212.29,,,,,False,AUTORIA_NAO_COMPROVADA_NAO_INFERIR_CUSTOM_PRICE
MLB7087410670,VTK003636,paused,ml:MLB7087410670:MLB7150323352,1539.44,,,,,False,AUTORIA_NAO_COMPROVADA_NAO_INFERIR_CUSTOM_PRICE
MLB7087410170,VTK003184,paused,item:MLB7087410170,287.33,,,,,False,AUTORIA_NAO_COMPROVADA_NAO_INFERIR_CUSTOM_PRICE
MLB7087409964,VTK003077,paused,ml:MLB7087409964:MLB7101696398,2643.2,,,,,False,AUTORIA_NAO_COMPROVADA_NAO_INFERIR_CUSTOM_PRICE
MLB7087409938,VTK003056,paused,item:MLB7087409938,182,,,,,False,AUTORIA_NAO_COMPROVADA_NAO_INFERIR_CUSTOM_PRICE
MLB7087409490,VTK002720,paused,ml:MLB7087409490:MLB7104387582,147.38,,,,,False,AUTORIA_NAO_COMPROVADA_NAO_INFERIR_CUSTOM_PRICE
MLB7087409374,VTK002586,paused,item:MLB7087409374,297.59,,,,,False,AUTORIA_NAO_COMPROVADA_NAO_INFERIR_CUSTOM_PRICE
MLB7087408948,VTK002461,paused,ml:MLB7087408948:MLB7095337710,273.39,,,,,False,AUTORIA_NAO_COMPROVADA_NAO_INFERIR_CUSTOM_PRICE
MLB7087408894,VTK002458,paused,item:MLB7087408894,1322.88,,,,,False,AUTORIA_NAO_COMPROVADA_NAO_INFERIR_CUSTOM_PRICE
MLB7087408712,VTK002373,paused,ml:MLB7087408712:MLB7101696412,421.21,,,,,False,AUTORIA_NAO_COMPROVADA_NAO_INFERIR_CUSTOM_PRICE
MLB7087408614,VTK002333,paused,ml:MLB7087408614:MLB7524752238,149,,,,,False,AUTORIA_NAO_COMPROVADA_NAO_INFERIR_CUSTOM_PRICE
MLB7087408198,VTK002159,paused,ml:MLB7087408198:MLB7104387586,104.14,,,,,False,AUTORIA_NAO_COMPROVADA_NAO_INFERIR_CUSTOM_PRICE
MLB7087407760,VTK001969,paused,ml:MLB7087407760:MLB7101696438,726.6,,,,,False,AUTORIA_NAO_COMPROVADA_NAO_INFERIR_CUSTOM_PRICE
MLB7087310556,VTK000665,paused,ml:MLB7087310556:MLB7313979666,2221.38,,,,,False,AUTORIA_NAO_COMPROVADA_NAO_INFERIR_CUSTOM_PRICE
MLB7087310222,VTK000659,paused,ml:MLB7087310222:MLB7095337744,243,,,,,False,AUTORIA_NAO_COMPROVADA_NAO_INFERIR_CUSTOM_PRICE
MLB7087160216,VTK001310,paused,ml:MLB4981702753:MLB7087160216,2149.55,,,,,False,AUTORIA_NAO_COMPROVADA_NAO_INFERIR_CUSTOM_PRICE
MLB7087159922,VTK001296,paused,ml:MLB7087159922:MLB7313979704,1514.79,,,,,False,AUTORIA_NAO_COMPROVADA_NAO_INFERIR_CUSTOM_PRICE
MLB7087159626,VTK001292,paused,item:MLB7087159626,253.52,,,,,False,AUTORIA_NAO_COMPROVADA_NAO_INFERIR_CUSTOM_PRICE
MLB7087158886,VTK001270,paused,ml:MLB7087158886:MLB7095325286,669.42,,,,,False,AUTORIA_NAO_COMPROVADA_NAO_INFERIR_CUSTOM_PRICE
MLB7087158376,VTK001266,paused,ml:MLB7087158376:MLB7101755122,1027,,,,,False,AUTORIA_NAO_COMPROVADA_NAO_INFERIR_CUSTOM_PRICE
MLB7087157484,VTK001251,paused,ml:MLB7087157484:MLB7330399016,1280.85,,,,,False,AUTORIA_NAO_COMPROVADA_NAO_INFERIR_CUSTOM_PRICE
MLB7087157020,VTK001237,paused,item:MLB7087157020,2629.02,,,,,False,AUTORIA_NAO_COMPROVADA_NAO_INFERIR_CUSTOM_PRICE
MLB7087156688,VTK001221,paused,item:MLB7087156688,469.4,,,,,False,AUTORIA_NAO_COMPROVADA_NAO_INFERIR_CUSTOM_PRICE
MLB7087155314,VTK001189,paused,ml:MLB4888389571:MLB7087155314,375.89,,,,,False,AUTORIA_NAO_COMPROVADA_NAO_INFERIR_CUSTOM_PRICE
MLB7087154568,VTK001177,paused,ml:MLB7087154568:MLB7095337782,408.16,,,,,False,AUTORIA_NAO_COMPROVADA_NAO_INFERIR_CUSTOM_PRICE
MLB7087153930,VTK001153,paused,item:MLB7087153930,445.59,,,,,False,AUTORIA_NAO_COMPROVADA_NAO_INFERIR_CUSTOM_PRICE
MLB7087153828,VTK001152,paused,item:MLB7087153828,1215.59,,,,,False,AUTORIA_NAO_COMPROVADA_NAO_INFERIR_CUSTOM_PRICE
MLB7087153656,VTK001150,paused,ml:MLB7087153656:MLB7095325328,400.45,,,,,False,AUTORIA_NAO_COMPROVADA_NAO_INFERIR_CUSTOM_PRICE
MLB7087153288,VTK001144,paused,item:MLB7087153288,2164.8,,,,,False,AUTORIA_NAO_COMPROVADA_NAO_INFERIR_CUSTOM_PRICE
MLB7087153112,VTK001141,paused,ml:MLB7087153112:MLB7101684212,2762,,,,,False,AUTORIA_NAO_COMPROVADA_NAO_INFERIR_CUSTOM_PRICE
MLB7087153026,VTK001138,paused,ml:MLB7087153026:MLB7141383362,1564.69,,,,,False,AUTORIA_NAO_COMPROVADA_NAO_INFERIR_CUSTOM_PRICE
MLB7087152804,VTK001129,paused,item:MLB7087152804,485.68,,,,,False,AUTORIA_NAO_COMPROVADA_NAO_INFERIR_CUSTOM_PRICE
MLB7087152648,VTK001127,paused,item:MLB7087152648,2107.9,,,,,False,AUTORIA_NAO_COMPROVADA_NAO_INFERIR_CUSTOM_PRICE
MLB7087150710,VTK001085,paused,item:MLB7087150710,462.8,,,,,False,AUTORIA_NAO_COMPROVADA_NAO_INFERIR_CUSTOM_PRICE
MLB7087149522,VTK001056,paused,item:MLB7087149522,349.85,,,,,False,AUTORIA_NAO_COMPROVADA_NAO_INFERIR_CUSTOM_PRICE
MLB7087147890,VTK001009,paused,ml:MLB7087147890:MLB7095325336,575,,,,,False,AUTORIA_NAO_COMPROVADA_NAO_INFERIR_CUSTOM_PRICE
MLB7087134448,VTK001133,paused,ml:MLB7087134448:MLB7313980754,647,,,,,False,AUTORIA_NAO_COMPROVADA_NAO_INFERIR_CUSTOM_PRICE
MLB7087133582,VTK001123,paused,item:MLB7087133582,328.11,,,,,False,AUTORIA_NAO_COMPROVADA_NAO_INFERIR_CUSTOM_PRICE
MLB7087133084,VTK001116,paused,item:MLB7087133084,1221.05,,,,,False,AUTORIA_NAO_COMPROVADA_NAO_INFERIR_CUSTOM_PRICE
MLB7087132280,VTK001088,paused,item:MLB7087132280,1257.58,,,,,False,AUTORIA_NAO_COMPROVADA_NAO_INFERIR_CUSTOM_PRICE
MLB7087131276,VTK001065,paused,item:MLB7087131276,2190.87,,,,,False,AUTORIA_NAO_COMPROVADA_NAO_INFERIR_CUSTOM_PRICE
MLB7087131166,VTK001064,paused,ml:MLB7087131166:MLB7095337830,1860.55,,,,,False,AUTORIA_NAO_COMPROVADA_NAO_INFERIR_CUSTOM_PRICE
MLB7087130794,VTK001053,paused,item:MLB7087130794,1047.2,,,,,False,AUTORIA_NAO_COMPROVADA_NAO_INFERIR_CUSTOM_PRICE
MLB7087130498,VTK001044,paused,ml:MLB7087130498:MLB7104350424,257.44,,,,,False,AUTORIA_NAO_COMPROVADA_NAO_INFERIR_CUSTOM_PRICE
MLB7087130104,VTK001032,paused,item:MLB7087130104,164.8,,,,,False,AUTORIA_NAO_COMPROVADA_NAO_INFERIR_CUSTOM_PRICE
MLB7087125908,VTK000837,paused,ml:MLB5138187107:MLB7087125908,167.38,,,,,False,AUTORIA_NAO_COMPROVADA_NAO_INFERIR_CUSTOM_PRICE
MLB7087125024,VTK000767,paused,ml:MLB5005542295:MLB7087125024,519,,,,,False,AUTORIA_NAO_COMPROVADA_NAO_INFERIR_CUSTOM_PRICE
MLB7087124382,VTK000700,paused,ml:MLB7087124382:MLB7313972116,856.17,,,,,False,AUTORIA_NAO_COMPROVADA_NAO_INFERIR_CUSTOM_PRICE
MLB7087123632,VTK000685,paused,ml:MLB7087123632:MLB7330115816,2906.62,,,,,False,AUTORIA_NAO_COMPROVADA_NAO_INFERIR_CUSTOM_PRICE
MLB7087123350,VTK000656,paused,item:MLB7087123350,3784.24,,,,,False,AUTORIA_NAO_COMPROVADA_NAO_INFERIR_CUSTOM_PRICE
MLB7087123272,VTK000654,paused,item:MLB7087123272,3782.37,,,,,False,AUTORIA_NAO_COMPROVADA_NAO_INFERIR_CUSTOM_PRICE
MLB7087122948,VTK000647,paused,item:MLB7087122948,2914.64,,,,,False,AUTORIA_NAO_COMPROVADA_NAO_INFERIR_CUSTOM_PRICE
MLB7087122780,VTK000644,paused,item:MLB7087122780,1613.21,,,,,False,AUTORIA_NAO_COMPROVADA_NAO_INFERIR_CUSTOM_PRICE
MLB7087122498,VTK000641,paused,ml:MLB7087122498:MLB7316878842,2035.9,,,,,False,AUTORIA_NAO_COMPROVADA_NAO_INFERIR_CUSTOM_PRICE
MLB7087121676,VTK000622,paused,ml:MLB7087121676:MLB7330397332,366.72,,,,,False,AUTORIA_NAO_COMPROVADA_NAO_INFERIR_CUSTOM_PRICE
MLB7087120752,VTK001120,paused,ml:MLB7087120752:MLB7313983504,1994.75,,,,,False,AUTORIA_NAO_COMPROVADA_NAO_INFERIR_CUSTOM_PRICE
MLB7087120658,VTK001118,paused,ml:MLB4898613525:MLB7087120658,1792.9,,,,,False,AUTORIA_NAO_COMPROVADA_NAO_INFERIR_CUSTOM_PRICE
MLB7087120288,VTK001106,paused,ml:MLB7087120288:MLB7330396518,1191,,,,,False,AUTORIA_NAO_COMPROVADA_NAO_INFERIR_CUSTOM_PRICE
MLB7087119962,VTK001097,paused,ml:MLB4846402497:MLB7087119962,1007,,,,,False,AUTORIA_NAO_COMPROVADA_NAO_INFERIR_CUSTOM_PRICE
MLB7087117798,VTK001043,paused,item:MLB7087117798,292.91,,,,,False,AUTORIA_NAO_COMPROVADA_NAO_INFERIR_CUSTOM_PRICE
MLB7087117346,VTK001023,paused,item:MLB7087117346,225.28,,,,,False,AUTORIA_NAO_COMPROVADA_NAO_INFERIR_CUSTOM_PRICE
MLB7087117248,VTK001022,paused,ml:MLB7087117248:MLB7095389518,165.1,,,,,False,AUTORIA_NAO_COMPROVADA_NAO_INFERIR_CUSTOM_PRICE
MLB7087116914,VTK001015,paused,item:MLB7087116914,176.63,,,,,False,AUTORIA_NAO_COMPROVADA_NAO_INFERIR_CUSTOM_PRICE
MLB7087116784,VTK001012,paused,ml:MLB7087116784:MLB7095337920,152,,,,,False,AUTORIA_NAO_COMPROVADA_NAO_INFERIR_CUSTOM_PRICE
MLB7087116122,VTK000993,paused,item:MLB7087116122,167.94,,,,,False,AUTORIA_NAO_COMPROVADA_NAO_INFERIR_CUSTOM_PRICE
MLB7087114790,VTK000938,paused,ml:MLB7087114790:MLB7314824198,169.27,,,,,False,AUTORIA_NAO_COMPROVADA_NAO_INFERIR_CUSTOM_PRICE
MLB7087113992,VTK000879,paused,item:MLB7087113992,82.57,,,,,False,AUTORIA_NAO_COMPROVADA_NAO_INFERIR_CUSTOM_PRICE
MLB7087111358,VTK000689,paused,item:MLB7087111358,483.98,,,,,False,AUTORIA_NAO_COMPROVADA_NAO_INFERIR_CUSTOM_PRICE
MLB7087111110,VTK000686,paused,ml:MLB7087111110:MLB7381240616,2299,,,,,False,AUTORIA_NAO_COMPROVADA_NAO_INFERIR_CUSTOM_PRICE
MLB7087109110,VTK000620,paused,ml:MLB7087109110:MLB7314824264,189.08,,,,,False,AUTORIA_NAO_COMPROVADA_NAO_INFERIR_CUSTOM_PRICE
MLB7087108388,VTK001112,paused,item:MLB7087108388,1634.77,,,,,False,AUTORIA_NAO_COMPROVADA_NAO_INFERIR_CUSTOM_PRICE
MLB7087108194,VTK001102,paused,ml:MLB7087108194:MLB7095337932,248.68,,,,,False,AUTORIA_NAO_COMPROVADA_NAO_INFERIR_CUSTOM_PRICE
MLB7087107918,VTK001096,paused,ml:MLB7087107918:MLB7095325462,263.5,,,,,False,AUTORIA_NAO_COMPROVADA_NAO_INFERIR_CUSTOM_PRICE
MLB7087107810,VTK001090,paused,ml:MLB4881447243:MLB7087107810,1195,,,,,False,AUTORIA_NAO_COMPROVADA_NAO_INFERIR_CUSTOM_PRICE
MLB7087106440,VTK001062,paused,item:MLB7087106440,418.18,,,,,False,AUTORIA_NAO_COMPROVADA_NAO_INFERIR_CUSTOM_PRICE
MLB7087103632,VTK000965,paused,ml:MLB7087103632:MLB7095325492,131.13,,,,,False,AUTORIA_NAO_COMPROVADA_NAO_INFERIR_CUSTOM_PRICE
MLB7087103486,VTK000960,paused,ml:MLB7087103486:MLB7314821038,300.04,,,,,False,AUTORIA_NAO_COMPROVADA_NAO_INFERIR_CUSTOM_PRICE
MLB7087103398,VTK000959,paused,ml:MLB4852431615:MLB7087103398,527.94,,,,,False,AUTORIA_NAO_COMPROVADA_NAO_INFERIR_CUSTOM_PRICE
MLB7087102154,VTK000906,paused,item:MLB7087102154,170.72,,,,,False,AUTORIA_NAO_COMPROVADA_NAO_INFERIR_CUSTOM_PRICE
MLB7087102032,VTK000898,paused,item:MLB7087102032,528,,,,,False,AUTORIA_NAO_COMPROVADA_NAO_INFERIR_CUSTOM_PRICE
MLB7087100340,VTK000771,paused,ml:MLB7087100340:MLB7314824142,2866,,,,,False,AUTORIA_NAO_COMPROVADA_NAO_INFERIR_CUSTOM_PRICE
MLB7087099352,VTK000695,paused,item:MLB7087099352,2621.55,,,,,False,AUTORIA_NAO_COMPROVADA_NAO_INFERIR_CUSTOM_PRICE
MLB7087099276,VTK000693,paused,ml:MLB7087099276:MLB7097126744,512.52,,,,,False,AUTORIA_NAO_COMPROVADA_NAO_INFERIR_CUSTOM_PRICE
MLB7087098166,VTK000648,paused,ml:MLB7087098166:MLB7313980728,1220,,,,,False,AUTORIA_NAO_COMPROVADA_NAO_INFERIR_CUSTOM_PRICE
MLB7087097302,VTK000631,paused,item:MLB7087097302,2940.47,,,,,False,AUTORIA_NAO_COMPROVADA_NAO_INFERIR_CUSTOM_PRICE
MLB7087096476,VTK000616,paused,ml:MLB7087096476:MLB7272724706,144.55,,,,,False,AUTORIA_NAO_COMPROVADA_NAO_INFERIR_CUSTOM_PRICE
MLB7087096390,VTK000614,paused,ml:MLB7087096390:MLB7104387624,477.58,,,,,False,AUTORIA_NAO_COMPROVADA_NAO_INFERIR_CUSTOM_PRICE
MLB7087096314,VTK000609,paused,ml:MLB4987959723:MLB7087096314,268,,,,,False,AUTORIA_NAO_COMPROVADA_NAO_INFERIR_CUSTOM_PRICE
MLB7087039266,VTK000415,paused,ml:MLB7087039266:MLB7330116816,1980,,,,,False,AUTORIA_NAO_COMPROVADA_NAO_INFERIR_CUSTOM_PRICE
MLB7087038646,VTK000383,paused,ml:MLB4857689233:MLB7087038646,414,,,,,False,AUTORIA_NAO_COMPROVADA_NAO_INFERIR_CUSTOM_PRICE
MLB7087038170,VTK000309,paused,ml:MLB7087038170:MLB7097126760,516.4,,,,,False,AUTORIA_NAO_COMPROVADA_NAO_INFERIR_CUSTOM_PRICE
MLB7087037576,VTK000207,paused,ml:MLB7087037576:MLB7095338362,590.77,,,,,False,AUTORIA_NAO_COMPROVADA_NAO_INFERIR_CUSTOM_PRICE
MLB7087035502,VTK000396,paused,ml:MLB7087035502:MLB7095390042,1295.1,,,,,False,AUTORIA_NAO_COMPROVADA_NAO_INFERIR_CUSTOM_PRICE
MLB7087034132,VTK000338,paused,ml:MLB4850158155:MLB7087034132,113,,,,,False,AUTORIA_NAO_COMPROVADA_NAO_INFERIR_CUSTOM_PRICE
MLB7087033726,VTK000328,paused,ml:MLB7087033726:MLB7317390010,292.07,,,,,False,AUTORIA_NAO_COMPROVADA_NAO_INFERIR_CUSTOM_PRICE
MLB7087033006,VTK000307,paused,ml:MLB4972470619:MLB7087033006,208.98,,,,,False,AUTORIA_NAO_COMPROVADA_NAO_INFERIR_CUSTOM_PRICE
MLB7087032006,VTK000267,paused,ml:MLB7087032006:MLB7298190156,460,,,,,False,AUTORIA_NAO_COMPROVADA_NAO_INFERIR_CUSTOM_PRICE
MLB7086991154,VTK000379,paused,ml:MLB4852431647:MLB7086991154,350.25,,,,,False,AUTORIA_NAO_COMPROVADA_NAO_INFERIR_CUSTOM_PRICE
MLB7086990710,VTK000353,paused,ml:MLB4881447331:MLB7086990710,357,,,,,False,AUTORIA_NAO_COMPROVADA_NAO_INFERIR_CUSTOM_PRICE
MLB7086990248,VTK000335,paused,ml:MLB4881024413:MLB7086990248,833,,,,,False,AUTORIA_NAO_COMPROVADA_NAO_INFERIR_CUSTOM_PRICE
MLB7086989850,VTK000326,paused,ml:MLB7086989850:MLB7317390008,357,,,,,False,AUTORIA_NAO_COMPROVADA_NAO_INFERIR_CUSTOM_PRICE
MLB7086989750,VTK000325,paused,ml:MLB7086989750:MLB7313973014,292.07,,,,,False,AUTORIA_NAO_COMPROVADA_NAO_INFERIR_CUSTOM_PRICE
MLB7086989538,VTK000311,paused,ml:MLB7086989538:MLB7095326014,199,,,,,False,AUTORIA_NAO_COMPROVADA_NAO_INFERIR_CUSTOM_PRICE
MLB7086987432,VTK000264,paused,ml:MLB4850158181:MLB7086987432,235.28,,,,,False,AUTORIA_NAO_COMPROVADA_NAO_INFERIR_CUSTOM_PRICE
MLB7086985642,VTK000178,paused,ml:MLB7086985642:MLB7095390074,1860.55,,,,,False,AUTORIA_NAO_COMPROVADA_NAO_INFERIR_CUSTOM_PRICE
MLB7086985168,VTK000152,paused,ml:MLB4857539027:MLB7086985168,129,,,,,False,AUTORIA_NAO_COMPROVADA_NAO_INFERIR_CUSTOM_PRICE
MLB7086982022,VTK000095,paused,item:MLB7086982022,233.75,,,,,False,AUTORIA_NAO_COMPROVADA_NAO_INFERIR_CUSTOM_PRICE
MLB7086981900,VTK000071,paused,item:MLB7086981900,300.6,,,,,False,AUTORIA_NAO_COMPROVADA_NAO_INFERIR_CUSTOM_PRICE
MLB7086981684,VTK000014,paused,item:MLB7086981684,463.03,,,,,False,AUTORIA_NAO_COMPROVADA_NAO_INFERIR_CUSTOM_PRICE
MLB7086977842,VTK000349,paused,ml:MLB7086977842:MLB7316878600,357,,,,,False,AUTORIA_NAO_COMPROVADA_NAO_INFERIR_CUSTOM_PRICE
MLB7086975088,VTK000266,paused,item:MLB7086975088,1248.99,,,,,False,AUTORIA_NAO_COMPROVADA_NAO_INFERIR_CUSTOM_PRICE
MLB7086973158,VTK000196,paused,ml:MLB4850158315:MLB7086973158,530,,,,,False,AUTORIA_NAO_COMPROVADA_NAO_INFERIR_CUSTOM_PRICE
MLB7086971984,VTK000131,paused,ml:MLB7086971984:MLB7236458150,140,,,,,False,AUTORIA_NAO_COMPROVADA_NAO_INFERIR_CUSTOM_PRICE
MLB7086971880,VTK000130,paused,ml:MLB7086971880:MLB7095326042,1502.5,,,,,False,AUTORIA_NAO_COMPROVADA_NAO_INFERIR_CUSTOM_PRICE
MLB7086965010,VTK000334,paused,ml:MLB7086965010:MLB7317387478,357,,,,,False,AUTORIA_NAO_COMPROVADA_NAO_INFERIR_CUSTOM_PRICE
MLB7086961556,VTK000242,paused,item:MLB7086961556,240.68,,,,,False,AUTORIA_NAO_COMPROVADA_NAO_INFERIR_CUSTOM_PRICE
MLB7086960644,VTK000187,paused,ml:MLB7086960644:MLB7104352428,146.94,,,,,False,AUTORIA_NAO_COMPROVADA_NAO_INFERIR_CUSTOM_PRICE
MLB7086959720,VTK000138,paused,ml:MLB7086959720:MLB7176770982,277.47,,,,,False,AUTORIA_NAO_COMPROVADA_NAO_INFERIR_CUSTOM_PRICE
MLB7086959070,VTK000068,paused,item:MLB7086959070,643.46,,,,,False,AUTORIA_NAO_COMPROVADA_NAO_INFERIR_CUSTOM_PRICE
MLB7086956578,VTK000062,paused,item:MLB7086956578,650.35,,,,,False,AUTORIA_NAO_COMPROVADA_NAO_INFERIR_CUSTOM_PRICE
MLB7086955866,VTK000081,paused,ml:MLB4898612533:MLB7086955866,1295.1,,,,,False,AUTORIA_NAO_COMPROVADA_NAO_INFERIR_CUSTOM_PRICE
MLB7086786352,VTK000206,paused,ml:MLB4836303237:MLB7086786352,550.96,,,,,False,AUTORIA_NAO_COMPROVADA_NAO_INFERIR_CUSTOM_PRICE
MLB7086784104,VTK000222,paused,ml:MLB7076682892:MLB7086784104,2094.54,,,,,False,AUTORIA_NAO_COMPROVADA_NAO_INFERIR_CUSTOM_PRICE
MLB7086783518,VTK000354,paused,ml:MLB7076889032:MLB7086783518,354.67,,,,,False,AUTORIA_NAO_COMPROVADA_NAO_INFERIR_CUSTOM_PRICE
MLB7086773766,VTK000066,paused,ml:MLB4836147319:MLB7086773766,225.1,,,,,False,AUTORIA_NAO_COMPROVADA_NAO_INFERIR_CUSTOM_PRICE
MLB4842270933,VTK001010,paused,item:MLB4842270933,712.3,,,,,False,AUTORIA_NAO_COMPROVADA_NAO_INFERIR_CUSTOM_PRICE
MLB4842269565,VTK000624,paused,ml:MLB4842269565:MLB7313984024,297.38,,,,,False,AUTORIA_NAO_COMPROVADA_NAO_INFERIR_CUSTOM_PRICE
MLB4842216197,VTK006562,paused,item:MLB4842216197,970,,,,,False,AUTORIA_NAO_COMPROVADA_NAO_INFERIR_CUSTOM_PRICE
MLB4842215967,VTK006531,paused,ml:MLB4842215967:MLB4852433633,708.22,,,,,False,AUTORIA_NAO_COMPROVADA_NAO_INFERIR_CUSTOM_PRICE
MLB4842215299,VTK006494,paused,ml:MLB4842215299:MLB7391077854,267,,,,,False,AUTORIA_NAO_COMPROVADA_NAO_INFERIR_CUSTOM_PRICE
MLB4842215155,VTK006482,paused,ml:MLB4842215155:MLB4987962261,433.94,,,,,False,AUTORIA_NAO_COMPROVADA_NAO_INFERIR_CUSTOM_PRICE
MLB4842214881,VTK006470,paused,ml:MLB4842214881:MLB7330397762,352.31,,,,,False,AUTORIA_NAO_COMPROVADA_NAO_INFERIR_CUSTOM_PRICE
MLB4842213761,VTK006402,paused,ml:MLB4842213761:MLB7095390132,323.85,,,,,False,AUTORIA_NAO_COMPROVADA_NAO_INFERIR_CUSTOM_PRICE
MLB4842213067,VTK005685,paused,ml:MLB4842213067:MLB7400500942,2149.55,,,,,False,AUTORIA_NAO_COMPROVADA_NAO_INFERIR_CUSTOM_PRICE
MLB4842212927,VTK005636,paused,ml:MLB4842212927:MLB7108546010,2035.9,,,,,False,AUTORIA_NAO_COMPROVADA_NAO_INFERIR_CUSTOM_PRICE
MLB4842212773,VTK005420,paused,ml:MLB4842212773:MLB7095338504,651.17,,,,,False,AUTORIA_NAO_COMPROVADA_NAO_INFERIR_CUSTOM_PRICE
MLB4842211867,VTK004501,paused,ml:MLB4842211867:MLB7095390172,1990,,,,,False,AUTORIA_NAO_COMPROVADA_NAO_INFERIR_CUSTOM_PRICE
MLB4842211483,VTK004357,paused,ml:MLB4842211483:MLB7101684462,137.24,,,,,False,AUTORIA_NAO_COMPROVADA_NAO_INFERIR_CUSTOM_PRICE
MLB4842210925,VTK003902,paused,ml:MLB4842210925:MLB7400501028,181.44,,,,,False,AUTORIA_NAO_COMPROVADA_NAO_INFERIR_CUSTOM_PRICE
MLB4842210135,VTK003245,paused,ml:MLB4842210135:MLB7104389564,144.08,,,,,False,AUTORIA_NAO_COMPROVADA_NAO_INFERIR_CUSTOM_PRICE
MLB4842209909,VTK003165,paused,ml:MLB4842209909:MLB7095326146,236,,,,,False,AUTORIA_NAO_COMPROVADA_NAO_INFERIR_CUSTOM_PRICE
MLB4842209769,VTK003020,paused,ml:MLB4842209769:MLB7095326162,1538.65,,,,,False,AUTORIA_NAO_COMPROVADA_NAO_INFERIR_CUSTOM_PRICE
MLB4842209623,VTK003006,paused,ml:MLB4842209623:MLB4852433647,182,,,,,False,AUTORIA_NAO_COMPROVADA_NAO_INFERIR_CUSTOM_PRICE
MLB4842209417,VTK002778,paused,ml:MLB4842209417:MLB7095390216,134,,,,,False,AUTORIA_NAO_COMPROVADA_NAO_INFERIR_CUSTOM_PRICE
MLB4842209171,VTK002584,paused,item:MLB4842209171,1203.48,,,,,False,AUTORIA_NAO_COMPROVADA_NAO_INFERIR_CUSTOM_PRICE
MLB4842209113,VTK002557,paused,item:MLB4842209113,1159.59,,,,,False,AUTORIA_NAO_COMPROVADA_NAO_INFERIR_CUSTOM_PRICE
MLB4842208919,VTK002530,paused,ml:MLB4842208919:MLB7095326188,186.83,,,,,False,AUTORIA_NAO_COMPROVADA_NAO_INFERIR_CUSTOM_PRICE
MLB4842208633,VTK002383,paused,ml:MLB4842208633:MLB7095390244,168.9,,,,,False,AUTORIA_NAO_COMPROVADA_NAO_INFERIR_CUSTOM_PRICE
MLB4842208441,VTK002320,paused,ml:MLB4842208441:MLB4892628805,587.37,,,,,False,AUTORIA_NAO_COMPROVADA_NAO_INFERIR_CUSTOM_PRICE
MLB4842207579,VTK001927,paused,item:MLB4842207579,1990,,,,,False,AUTORIA_NAO_COMPROVADA_NAO_INFERIR_CUSTOM_PRICE
MLB4842207261,VTK001851,paused,ml:MLB4842207261:MLB7104389618,250,,,,,False,AUTORIA_NAO_COMPROVADA_NAO_INFERIR_CUSTOM_PRICE
MLB4842207161,VTK001828,paused,ml:MLB4842207161:MLB7095326252,164.47,,,,,False,AUTORIA_NAO_COMPROVADA_NAO_INFERIR_CUSTOM_PRICE
MLB4842206427,VTK001610,paused,item:MLB4842206427,783.14,,,,,False,AUTORIA_NAO_COMPROVADA_NAO_INFERIR_CUSTOM_PRICE
MLB4842206261,VTK001592,paused,ml:MLB4842206261:MLB7298176838,756,,,,,False,AUTORIA_NAO_COMPROVADA_NAO_INFERIR_CUSTOM_PRICE
MLB4842205725,VTK001487,paused,ml:MLB4842205725:MLB7126951868,338.78,,,,,False,AUTORIA_NAO_COMPROVADA_NAO_INFERIR_CUSTOM_PRICE
MLB4842205237,VTK001479,paused,ml:MLB4842205237:MLB7264832830,590.61,,,,,False,AUTORIA_NAO_COMPROVADA_NAO_INFERIR_CUSTOM_PRICE
MLB4842190207,VTK002547,paused,item:MLB4842190207,1203.48,,,,,False,AUTORIA_NAO_COMPROVADA_NAO_INFERIR_CUSTOM_PRICE
MLB4842190157,VTK002541,paused,ml:MLB4842190157:MLB7317384130,1039,,,,,False,AUTORIA_NAO_COMPROVADA_NAO_INFERIR_CUSTOM_PRICE
MLB4842190029,VTK002484,paused,ml:MLB4842190029:MLB7101755148,175.96,,,,,False,AUTORIA_NAO_COMPROVADA_NAO_INFERIR_CUSTOM_PRICE
MLB4842189823,VTK002432,paused,ml:MLB4842189823:MLB7097115526,570.52,,,,,False,AUTORIA_NAO_COMPROVADA_NAO_INFERIR_CUSTOM_PRICE
MLB4842189225,VTK002156,paused,ml:MLB4842189225:MLB7095390302,457.81,,,,,False,AUTORIA_NAO_COMPROVADA_NAO_INFERIR_CUSTOM_PRICE
MLB4842189049,VTK002089,paused,ml:MLB4842189049:MLB7339962326,225.73,,,,,False,AUTORIA_NAO_COMPROVADA_NAO_INFERIR_CUSTOM_PRICE
MLB4842189001,VTK002024,paused,ml:MLB4842189001:MLB7137239400,495.06,,,,,False,AUTORIA_NAO_COMPROVADA_NAO_INFERIR_CUSTOM_PRICE
MLB4842188963,VTK002011,paused,ml:MLB4842188963:MLB7104352534,190.68,,,,,False,AUTORIA_NAO_COMPROVADA_NAO_INFERIR_CUSTOM_PRICE
MLB4842188645,VTK001885,paused,item:MLB4842188645,1011.96,,,,,False,AUTORIA_NAO_COMPROVADA_NAO_INFERIR_CUSTOM_PRICE
MLB4842188575,VTK001880,paused,ml:MLB4842188575:MLB7095339024,208.89,,,,,False,AUTORIA_NAO_COMPROVADA_NAO_INFERIR_CUSTOM_PRICE
MLB4842188519,VTK001878,paused,ml:MLB4842188519:MLB7095339046,183,,,,,False,AUTORIA_NAO_COMPROVADA_NAO_INFERIR_CUSTOM_PRICE
MLB4842188319,VTK001769,paused,ml:MLB4842188319:MLB7095339072,134,,,,,False,AUTORIA_NAO_COMPROVADA_NAO_INFERIR_CUSTOM_PRICE
MLB4842187595,VTK001596,paused,ml:MLB4842187595:MLB7105511166,185.48,,,,,False,AUTORIA_NAO_COMPROVADA_NAO_INFERIR_CUSTOM_PRICE
MLB4842187315,VTK001498,paused,ml:MLB4842187315:MLB4892490729,1506.56,,,,,False,AUTORIA_NAO_COMPROVADA_NAO_INFERIR_CUSTOM_PRICE
MLB4842179631,VTK000682,paused,item:MLB4842179631,614.52,,,,,False,AUTORIA_NAO_COMPROVADA_NAO_INFERIR_CUSTOM_PRICE
MLB4842178987,VTK000664,paused,item:MLB4842178987,3866.49,,,,,False,AUTORIA_NAO_COMPROVADA_NAO_INFERIR_CUSTOM_PRICE
MLB4842176947,VTK002300,paused,ml:MLB4842176947:MLB7144611732,475.65,,,,,False,AUTORIA_NAO_COMPROVADA_NAO_INFERIR_CUSTOM_PRICE
MLB4842176773,VTK002163,paused,ml:MLB4842176773:MLB7095326702,342.81,,,,,False,AUTORIA_NAO_COMPROVADA_NAO_INFERIR_CUSTOM_PRICE
MLB4842175999,VTK001881,paused,item:MLB4842175999,300.47,,,,,False,AUTORIA_NAO_COMPROVADA_NAO_INFERIR_CUSTOM_PRICE
MLB4842175237,VTK001681,paused,ml:MLB4842175237:MLB4972532895,135,,,,,False,AUTORIA_NAO_COMPROVADA_NAO_INFERIR_CUSTOM_PRICE
MLB4842175195,VTK001679,paused,ml:MLB4842175195:MLB7381238988,156.57,,,,,False,AUTORIA_NAO_COMPROVADA_NAO_INFERIR_CUSTOM_PRICE
MLB4842174917,VTK001604,paused,ml:MLB4842174917:MLB4880517087,297.79,,,,,False,AUTORIA_NAO_COMPROVADA_NAO_INFERIR_CUSTOM_PRICE
MLB4842174641,VTK001523,paused,ml:MLB4842174641:MLB7101755168,169.2,,,,,False,AUTORIA_NAO_COMPROVADA_NAO_INFERIR_CUSTOM_PRICE
MLB4842173941,VTK001484,paused,ml:MLB4842173941:MLB7101755178,484,,,,,False,AUTORIA_NAO_COMPROVADA_NAO_INFERIR_CUSTOM_PRICE
MLB4842166539,VTK000671,paused,ml:MLB4842166539:MLB4994226805,2921,,,,,False,AUTORIA_NAO_COMPROVADA_NAO_INFERIR_CUSTOM_PRICE
MLB4842166119,VTK000663,paused,ml:MLB4842166119:MLB7510665790,3306,,,,,False,AUTORIA_NAO_COMPROVADA_NAO_INFERIR_CUSTOM_PRICE
MLB4842164373,VTK001839,paused,item:MLB4842164373,302.59,,,,,False,AUTORIA_NAO_COMPROVADA_NAO_INFERIR_CUSTOM_PRICE
MLB4842164133,VTK001722,paused,ml:MLB4842164133:MLB7109542028,559,,,,,False,AUTORIA_NAO_COMPROVADA_NAO_INFERIR_CUSTOM_PRICE
MLB4842163681,VTK001651,paused,ml:MLB4842163681:MLB7095339096,145.93,,,,,False,AUTORIA_NAO_COMPROVADA_NAO_INFERIR_CUSTOM_PRICE
MLB4842163361,VTK001561,paused,ml:MLB4842163361:MLB7313973114,446,,,,,False,AUTORIA_NAO_COMPROVADA_NAO_INFERIR_CUSTOM_PRICE
MLB4842160907,VTK001124,paused,ml:MLB4842160907:MLB7095390750,854,,,,,False,AUTORIA_NAO_COMPROVADA_NAO_INFERIR_CUSTOM_PRICE
MLB4842155149,VTK000670,paused,ml:MLB4842155149:MLB7298190202,394.71,,,,,False,AUTORIA_NAO_COMPROVADA_NAO_INFERIR_CUSTOM_PRICE
MLB4842155063,VTK000669,paused,item:MLB4842155063,2840.47,,,,,False,AUTORIA_NAO_COMPROVADA_NAO_INFERIR_CUSTOM_PRICE
MLB4842154693,VTK000660,paused,item:MLB4842154693,2324.37,,,,,False,AUTORIA_NAO_COMPROVADA_NAO_INFERIR_CUSTOM_PRICE
MLB4842153665,VTK000554,paused,ml:MLB4842153665:MLB7097115538,181.91,,,,,False,AUTORIA_NAO_COMPROVADA_NAO_INFERIR_CUSTOM_PRICE
MLB4842130095,VTK001456,paused,ml:MLB4842130095:MLB7095390798,345.66,,,,,False,AUTORIA_NAO_COMPROVADA_NAO_INFERIR_CUSTOM_PRICE
MLB4842129805,VTK001415,paused,ml:MLB4842129805:MLB7095326792,1295.1,,,,,False,AUTORIA_NAO_COMPROVADA_NAO_INFERIR_CUSTOM_PRICE
MLB4842129695,VTK001413,paused,item:MLB4842129695,1899.12,,,,,False,AUTORIA_NAO_COMPROVADA_NAO_INFERIR_CUSTOM_PRICE
MLB4842129549,VTK001396,paused,ml:MLB4842129549:MLB4976869951,178.83,,,,,False,AUTORIA_NAO_COMPROVADA_NAO_INFERIR_CUSTOM_PRICE
MLB4842128401,VTK001363,paused,ml:MLB4842128401:MLB7095390830,926.46,,,,,False,AUTORIA_NAO_COMPROVADA_NAO_INFERIR_CUSTOM_PRICE
MLB4842127833,VTK001360,paused,item:MLB4842127833,1067.1,,,,,False,AUTORIA_NAO_COMPROVADA_NAO_INFERIR_CUSTOM_PRICE
MLB4842126453,VTK001335,paused,ml:MLB4842126453:MLB4860776827,1990,,,,,False,AUTORIA_NAO_COMPROVADA_NAO_INFERIR_CUSTOM_PRICE
MLB4842126261,VTK001331,paused,item:MLB4842126261,1338.51,,,,,False,AUTORIA_NAO_COMPROVADA_NAO_INFERIR_CUSTOM_PRICE
MLB4842125525,VTK001321,paused,ml:MLB4842125525:MLB7095327208,2172,,,,,False,AUTORIA_NAO_COMPROVADA_NAO_INFERIR_CUSTOM_PRICE
MLB4842111973,VTK001465,paused,ml:MLB4842111973:MLB7119494534,596,,,,,False,AUTORIA_NAO_COMPROVADA_NAO_INFERIR_CUSTOM_PRICE
MLB4842110923,VTK001387,paused,ml:MLB4842110923:MLB4880524379,1782,,,,,False,AUTORIA_NAO_COMPROVADA_NAO_INFERIR_CUSTOM_PRICE
MLB4842110537,VTK001375,paused,item:MLB4842110537,1506.56,,,,,False,AUTORIA_NAO_COMPROVADA_NAO_INFERIR_CUSTOM_PRICE
MLB4842110297,VTK001370,paused,ml:MLB4842110297:MLB7149271684,1004,,,,,False,AUTORIA_NAO_COMPROVADA_NAO_INFERIR_CUSTOM_PRICE
MLB4842108203,VTK001338,paused,item:MLB4842108203,2830.35,,,,,False,AUTORIA_NAO_COMPROVADA_NAO_INFERIR_CUSTOM_PRICE
MLB4842105543,VTK001271,paused,ml:MLB4842105543:MLB7181841368,2359,,,,,False,AUTORIA_NAO_COMPROVADA_NAO_INFERIR_CUSTOM_PRICE
MLB4842105291,VTK001269,paused,ml:MLB4842105291:MLB7339960198,398,,,,,False,AUTORIA_NAO_COMPROVADA_NAO_INFERIR_CUSTOM_PRICE
MLB4842105051,VTK001267,paused,ml:MLB4842105051:MLB7095327248,314.8,,,,,False,AUTORIA_NAO_COMPROVADA_NAO_INFERIR_CUSTOM_PRICE
MLB4842103739,VTK001240,paused,ml:MLB4842103739:MLB7095391366,201.03,,,,,False,AUTORIA_NAO_COMPROVADA_NAO_INFERIR_CUSTOM_PRICE
MLB4842101293,VTK001181,paused,ml:MLB4842101293:MLB4880558889,146.19,,,,,False,AUTORIA_NAO_COMPROVADA_NAO_INFERIR_CUSTOM_PRICE
MLB4842100999,VTK001174,paused,ml:MLB4842100999:MLB7095339734,1462.45,,,,,False,AUTORIA_NAO_COMPROVADA_NAO_INFERIR_CUSTOM_PRICE
MLB4842098243,VTK001389,paused,ml:MLB4842098243:MLB7330397482,1683.93,,,,,False,AUTORIA_NAO_COMPROVADA_NAO_INFERIR_CUSTOM_PRICE
MLB4842098199,VTK001388,paused,item:MLB4842098199,295.33,,,,,False,AUTORIA_NAO_COMPROVADA_NAO_INFERIR_CUSTOM_PRICE
MLB4842097755,VTK001382,paused,ml:MLB4842097755:MLB4988014439,1417.39,,,,,False,AUTORIA_NAO_COMPROVADA_NAO_INFERIR_CUSTOM_PRICE
MLB4842097327,VTK001367,paused,item:MLB4842097327,1892.92,,,,,False,AUTORIA_NAO_COMPROVADA_NAO_INFERIR_CUSTOM_PRICE
MLB4842096409,VTK001358,paused,ml:MLB4842096409:MLB7520874782,1333.06,,,,,False,AUTORIA_NAO_COMPROVADA_NAO_INFERIR_CUSTOM_PRICE
MLB4842094541,VTK001323,paused,ml:MLB4842094541:MLB7510665842,1237.2,,,,,False,AUTORIA_NAO_COMPROVADA_NAO_INFERIR_CUSTOM_PRICE
MLB4842094405,VTK001322,paused,ml:MLB4842094405:MLB4880558911,360.46,,,,,False,AUTORIA_NAO_COMPROVADA_NAO_INFERIR_CUSTOM_PRICE
MLB4842093521,VTK001295,paused,ml:MLB4842093521:MLB4981705625,250.32,,,,,False,AUTORIA_NAO_COMPROVADA_NAO_INFERIR_CUSTOM_PRICE
MLB4842092903,VTK001273,paused,ml:MLB4842092903:MLB7095391438,420.13,,,,,False,AUTORIA_NAO_COMPROVADA_NAO_INFERIR_CUSTOM_PRICE
MLB4842091625,VTK001255,paused,ml:MLB4842091625:MLB7095339778,393.93,,,,,False,AUTORIA_NAO_COMPROVADA_NAO_INFERIR_CUSTOM_PRICE
MLB4842091213,VTK001248,paused,item:MLB4842091213,474.73,,,,,False,AUTORIA_NAO_COMPROVADA_NAO_INFERIR_CUSTOM_PRICE
MLB4842089561,VTK001192,paused,ml:MLB4842089561:MLB7149271832,645.99,,,,,False,AUTORIA_NAO_COMPROVADA_NAO_INFERIR_CUSTOM_PRICE
MLB4842088795,VTK001182,paused,item:MLB4842088795,1264.43,,,,,False,AUTORIA_NAO_COMPROVADA_NAO_INFERIR_CUSTOM_PRICE
MLB4842087595,VTK001151,paused,item:MLB4842087595,177.98,,,,,False,AUTORIA_NAO_COMPROVADA_NAO_INFERIR_CUSTOM_PRICE
MLB4842087347,VTK001147,paused,ml:MLB4842087347:MLB4880558963,1590.92,,,,,False,AUTORIA_NAO_COMPROVADA_NAO_INFERIR_CUSTOM_PRICE
MLB4842086399,VTK001384,paused,ml:MLB4842086399:MLB7095327384,2745.81,,,,,False,AUTORIA_NAO_COMPROVADA_NAO_INFERIR_CUSTOM_PRICE
MLB4842086297,VTK001383,paused,item:MLB4842086297,313.59,,,,,False,AUTORIA_NAO_COMPROVADA_NAO_INFERIR_CUSTOM_PRICE
MLB4842085407,VTK001362,paused,ml:MLB4842085407:MLB7330397272,1297.34,,,,,False,AUTORIA_NAO_COMPROVADA_NAO_INFERIR_CUSTOM_PRICE
MLB4842085211,VTK001361,paused,ml:MLB4842085211:MLB7317385230,1193,,,,,False,AUTORIA_NAO_COMPROVADA_NAO_INFERIR_CUSTOM_PRICE
MLB4842083043,VTK001328,paused,item:MLB4842083043,1322.88,,,,,False,AUTORIA_NAO_COMPROVADA_NAO_INFERIR_CUSTOM_PRICE
MLB4842082035,VTK001304,paused,item:MLB4842082035,287.61,,,,,False,AUTORIA_NAO_COMPROVADA_NAO_INFERIR_CUSTOM_PRICE
MLB4842080587,VTK001268,paused,ml:MLB4842080587:MLB7095339820,215.26,,,,,False,AUTORIA_NAO_COMPROVADA_NAO_INFERIR_CUSTOM_PRICE
MLB4842077501,VTK001193,paused,item:MLB4842077501,94.86,,,,,False,AUTORIA_NAO_COMPROVADA_NAO_INFERIR_CUSTOM_PRICE
MLB4842076751,VTK001184,paused,ml:MLB4842076751:MLB7263957340,270.35,,,,,False,AUTORIA_NAO_COMPROVADA_NAO_INFERIR_CUSTOM_PRICE
MLB4842076403,VTK001180,paused,item:MLB4842076403,1210.88,,,,,False,AUTORIA_NAO_COMPROVADA_NAO_INFERIR_CUSTOM_PRICE
MLB4842075999,VTK001163,paused,item:MLB4842075999,321.6,,,,,False,AUTORIA_NAO_COMPROVADA_NAO_INFERIR_CUSTOM_PRICE
MLB4842075851,VTK001159,paused,ml:MLB4842075851:MLB4880524671,206.27,,,,,False,AUTORIA_NAO_COMPROVADA_NAO_INFERIR_CUSTOM_PRICE
MLB4842020973,VTK000982,paused,ml:MLB4842020973:MLB7095339854,134.89,,,,,False,AUTORIA_NAO_COMPROVADA_NAO_INFERIR_CUSTOM_PRICE
MLB4842020235,VTK000944,paused,ml:MLB4842020235:MLB4880524735,220.1,,,,,False,AUTORIA_NAO_COMPROVADA_NAO_INFERIR_CUSTOM_PRICE
MLB4842020159,VTK000942,paused,ml:MLB4842020159:MLB7095340584,133.02,,,,,False,AUTORIA_NAO_COMPROVADA_NAO_INFERIR_CUSTOM_PRICE
MLB4842019821,VTK000933,paused,ml:MLB4842019821:MLB4987962289,1583.28,,,,,False,AUTORIA_NAO_COMPROVADA_NAO_INFERIR_CUSTOM_PRICE
MLB4842019227,VTK000894,paused,ml:MLB4842019227:MLB7176771054,201.85,,,,,False,AUTORIA_NAO_COMPROVADA_NAO_INFERIR_CUSTOM_PRICE
MLB4842017575,VTK000764,paused,ml:MLB4842017575:MLB7316880120,247.21,,,,,False,AUTORIA_NAO_COMPROVADA_NAO_INFERIR_CUSTOM_PRICE
MLB4842017217,VTK000720,paused,ml:MLB4842017217:MLB4981703093,154.39,,,,,False,AUTORIA_NAO_COMPROVADA_NAO_INFERIR_CUSTOM_PRICE
MLB4842016369,VTK000687,paused,ml:MLB4842016369:MLB4994226061,1613.21,,,,,False,AUTORIA_NAO_COMPROVADA_NAO_INFERIR_CUSTOM_PRICE
MLB4842016017,VTK000657,paused,ml:MLB4842016017:MLB7313979356,324.58,,,,,False,AUTORIA_NAO_COMPROVADA_NAO_INFERIR_CUSTOM_PRICE
MLB4842015763,VTK000652,paused,ml:MLB4842015763:MLB4986647501,179.91,,,,,False,AUTORIA_NAO_COMPROVADA_NAO_INFERIR_CUSTOM_PRICE
MLB4842015275,VTK000643,paused,item:MLB4842015275,2940.47,,,,,False,AUTORIA_NAO_COMPROVADA_NAO_INFERIR_CUSTOM_PRICE
MLB4842014571,VTK000628,paused,ml:MLB4842014571:MLB7095327864,540.6,,,,,False,AUTORIA_NAO_COMPROVADA_NAO_INFERIR_CUSTOM_PRICE
MLB4842012493,VTK000575,paused,item:MLB4842012493,202.74,,,,,False,AUTORIA_NAO_COMPROVADA_NAO_INFERIR_CUSTOM_PRICE
MLB4842010335,VTK000506,paused,ml:MLB4842010335:MLB4881447111,274.78,,,,,False,AUTORIA_NAO_COMPROVADA_NAO_INFERIR_CUSTOM_PRICE
MLB4842008483,VTK000618,paused,ml:MLB4842008483:MLB7095392000,1277,,,,,False,AUTORIA_NAO_COMPROVADA_NAO_INFERIR_CUSTOM_PRICE
MLB4842008201,VTK000602,paused,ml:MLB4842008201:MLB7145000692,2871,,,,,False,AUTORIA_NAO_COMPROVADA_NAO_INFERIR_CUSTOM_PRICE
MLB4842007005,VTK000574,paused,ml:MLB4842007005:MLB7095392034,152,,,,,False,AUTORIA_NAO_COMPROVADA_NAO_INFERIR_CUSTOM_PRICE
MLB4842006189,VTK000551,paused,ml:MLB4842006189:MLB4981702415,369.21,,,,,False,AUTORIA_NAO_COMPROVADA_NAO_INFERIR_CUSTOM_PRICE
MLB4842005819,VTK000544,paused,ml:MLB4842005819:MLB7381688682,749.31,,,,,False,AUTORIA_NAO_COMPROVADA_NAO_INFERIR_CUSTOM_PRICE
MLB4842005609,VTK000537,paused,item:MLB4842005609,3174.39,,,,,False,AUTORIA_NAO_COMPROVADA_NAO_INFERIR_CUSTOM_PRICE
MLB4842004263,VTK000467,paused,ml:MLB4842004263:MLB4880524851,513.15,,,,,False,AUTORIA_NAO_COMPROVADA_NAO_INFERIR_CUSTOM_PRICE
MLB4842003797,VTK000446,paused,ml:MLB4842003797:MLB4881438241,940,,,,,False,AUTORIA_NAO_COMPROVADA_NAO_INFERIR_CUSTOM_PRICE
MLB4842003219,VTK000426,paused,ml:MLB4842003219:MLB7095327934,640.65,,,,,False,AUTORIA_NAO_COMPROVADA_NAO_INFERIR_CUSTOM_PRICE
MLB4841999565,VTK000417,paused,ml:MLB4841999565:MLB7149272156,335,,,,,False,AUTORIA_NAO_COMPROVADA_NAO_INFERIR_CUSTOM_PRICE
MLB4841999459,VTK000416,paused,item:MLB4841999459,230,,,,,False,AUTORIA_NAO_COMPROVADA_NAO_INFERIR_CUSTOM_PRICE
MLB4841999223,VTK000407,paused,item:MLB4841999223,160.38,,,,,False,AUTORIA_NAO_COMPROVADA_NAO_INFERIR_CUSTOM_PRICE
MLB4841999089,VTK000402,paused,item:MLB4841999089,397.45,,,,,False,AUTORIA_NAO_COMPROVADA_NAO_INFERIR_CUSTOM_PRICE
MLB4841998615,VTK000333,paused,ml:MLB4841998615:MLB4880559291,145,,,,,False,AUTORIA_NAO_COMPROVADA_NAO_INFERIR_CUSTOM_PRICE
MLB4841997661,VTK000205,paused,ml:MLB4841997661:MLB7095392076,553.58,,,,,False,AUTORIA_NAO_COMPROVADA_NAO_INFERIR_CUSTOM_PRICE
MLB4841995135,VTK000584,paused,ml:MLB4841995135:MLB7145007444,210.28,,,,,False,AUTORIA_NAO_COMPROVADA_NAO_INFERIR_CUSTOM_PRICE
MLB4841994489,VTK000571,paused,item:MLB4841994489,752.11,,,,,False,AUTORIA_NAO_COMPROVADA_NAO_INFERIR_CUSTOM_PRICE
MLB4841993877,VTK000561,paused,ml:MLB4841993877:MLB7095392094,280,,,,,False,AUTORIA_NAO_COMPROVADA_NAO_INFERIR_CUSTOM_PRICE
MLB4841992873,VTK000535,paused,ml:MLB4841992873:MLB7095340394,469.56,,,,,False,AUTORIA_NAO_COMPROVADA_NAO_INFERIR_CUSTOM_PRICE
MLB4841992221,VTK000497,paused,item:MLB4841992221,376.87,,,,,False,AUTORIA_NAO_COMPROVADA_NAO_INFERIR_CUSTOM_PRICE
MLB4841991975,VTK000479,paused,ml:MLB4841991975:MLB4880524927,339,,,,,False,AUTORIA_NAO_COMPROVADA_NAO_INFERIR_CUSTOM_PRICE
MLB4841991207,VTK000445,paused,ml:MLB4841991207:MLB7095392142,278.74,,,,,False,AUTORIA_NAO_COMPROVADA_NAO_INFERIR_CUSTOM_PRICE
MLB4841990983,VTK000438,paused,ml:MLB4841990983:MLB4880559383,482.75,,,,,False,AUTORIA_NAO_COMPROVADA_NAO_INFERIR_CUSTOM_PRICE
MLB4841990459,VTK000421,paused,ml:MLB4841990459:MLB4880525019,407.08,,,,,False,AUTORIA_NAO_COMPROVADA_NAO_INFERIR_CUSTOM_PRICE
MLB4841986403,VTK000400,paused,ml:MLB4841986403:MLB7095340438,196,,,,,False,AUTORIA_NAO_COMPROVADA_NAO_INFERIR_CUSTOM_PRICE
MLB4841984913,VTK000204,paused,ml:MLB4841984913:MLB4880559445,328.39,,,,,False,AUTORIA_NAO_COMPROVADA_NAO_INFERIR_CUSTOM_PRICE
MLB4841982879,VTK000387,paused,ml:MLB4841982879:MLB7314819622,357,,,,,False,AUTORIA_NAO_COMPROVADA_NAO_INFERIR_CUSTOM_PRICE
MLB4841982429,VTK000583,paused,ml:MLB4841982429:MLB4880559473,2892,,,,,False,AUTORIA_NAO_COMPROVADA_NAO_INFERIR_CUSTOM_PRICE
MLB4841980131,VTK000508,paused,ml:MLB4841980131:MLB4880525123,557.38,,,,,False,AUTORIA_NAO_COMPROVADA_NAO_INFERIR_CUSTOM_PRICE
MLB4841979661,VTK000494,paused,item:MLB4841979661,148.1,,,,,False,AUTORIA_NAO_COMPROVADA_NAO_INFERIR_CUSTOM_PRICE
MLB4841979197,VTK000461,paused,ml:MLB4841979197:MLB7314821064,294,,,,,False,AUTORIA_NAO_COMPROVADA_NAO_INFERIR_CUSTOM_PRICE
MLB4841979001,VTK000454,paused,ml:MLB4841979001:MLB7149272484,562.85,,,,,False,AUTORIA_NAO_COMPROVADA_NAO_INFERIR_CUSTOM_PRICE
MLB4841978365,VTK000436,paused,item:MLB4841978365,481.11,,,,,False,AUTORIA_NAO_COMPROVADA_NAO_INFERIR_CUSTOM_PRICE
MLB4841978013,VTK000425,paused,ml:MLB4841978013:MLB4880525293,383,,,,,False,AUTORIA_NAO_COMPROVADA_NAO_INFERIR_CUSTOM_PRICE
MLB4841972823,VTK000220,paused,ml:MLB4841972823:MLB7298190090,513.08,,,,,False,AUTORIA_NAO_COMPROVADA_NAO_INFERIR_CUSTOM_PRICE
MLB4841970175,VTK000386,paused,ml:MLB4841970175:MLB7095328234,1295.1,,,,,False,AUTORIA_NAO_COMPROVADA_NAO_INFERIR_CUSTOM_PRICE
MLB4841956051,VTK000198,paused,ml:MLB4841956051:MLB7149272618,602.95,,,,,False,AUTORIA_NAO_COMPROVADA_NAO_INFERIR_CUSTOM_PRICE
MLB4841955539,VTK000183,paused,ml:MLB4841955539:MLB7314820974,136.17,,,,,False,AUTORIA_NAO_COMPROVADA_NAO_INFERIR_CUSTOM_PRICE
MLB4841955299,VTK000177,paused,ml:MLB4841955299:MLB7095392380,271,,,,,False,AUTORIA_NAO_COMPROVADA_NAO_INFERIR_CUSTOM_PRICE
MLB4841955029,VTK000159,paused,item:MLB4841955029,363.15,,,,,False,AUTORIA_NAO_COMPROVADA_NAO_INFERIR_CUSTOM_PRICE
MLB4841934609,VTK000013,paused,ml:MLB4841934609:MLB5118807219,286.21,,,,,False,AUTORIA_NAO_COMPROVADA_NAO_INFERIR_CUSTOM_PRICE
MLB4841922567,VTK000059,paused,item:MLB4841922567,462.04,,,,,False,AUTORIA_NAO_COMPROVADA_NAO_INFERIR_CUSTOM_PRICE
MLB4841922307,VTK000046,paused,item:MLB4841922307,643.46,,,,,False,AUTORIA_NAO_COMPROVADA_NAO_INFERIR_CUSTOM_PRICE
MLB4841914265,VTK000099,paused,item:MLB4841914265,144.96,,,,,False,AUTORIA_NAO_COMPROVADA_NAO_INFERIR_CUSTOM_PRICE
MLB4841913775,VTK000042,paused,ml:MLB4841913775:MLB7097115554,417.07,,,,,False,AUTORIA_NAO_COMPROVADA_NAO_INFERIR_CUSTOM_PRICE
MLB4841872973,VTK000248,paused,ml:MLB4836515359:MLB4841872973,1346,,,,,False,AUTORIA_NAO_COMPROVADA_NAO_INFERIR_CUSTOM_PRICE
MLB4841872755,VTK000260,paused,ml:MLB4836753147:MLB4841872755,887.86,,,,,False,AUTORIA_NAO_COMPROVADA_NAO_INFERIR_CUSTOM_PRICE
MLB4841872479,VTK000428,paused,ml:MLB4837734679:MLB4841872479,311.27,,,,,False,AUTORIA_NAO_COMPROVADA_NAO_INFERIR_CUSTOM_PRICE
MLB4841870635,VTK000241,paused,ml:MLB4841870635:MLB7076689416,611.57,,,,,False,AUTORIA_NAO_COMPROVADA_NAO_INFERIR_CUSTOM_PRICE
MLB4841869841,VTK000483,paused,ml:MLB4841869841:MLB7079673558,834.9,,,,,False,AUTORIA_NAO_COMPROVADA_NAO_INFERIR_CUSTOM_PRICE
MLB7097126760,VTK000309,paused,ml:MLB7087038170:MLB7097126760,516.4,,,,,False,AUTORIA_NAO_COMPROVADA_NAO_INFERIR_CUSTOM_PRICE
MLB7097126744,VTK000693,paused,ml:MLB7087099276:MLB7097126744,512.52,,,,,False,AUTORIA_NAO_COMPROVADA_NAO_INFERIR_CUSTOM_PRICE
MLB7097115554,VTK000042,paused,ml:MLB4841913775:MLB7097115554,417.07,,,,,False,AUTORIA_NAO_COMPROVADA_NAO_INFERIR_CUSTOM_PRICE
MLB7097115538,VTK000554,paused,ml:MLB4842153665:MLB7097115538,181.91,,,,,False,AUTORIA_NAO_COMPROVADA_NAO_INFERIR_CUSTOM_PRICE
MLB7097115526,VTK002432,paused,ml:MLB4842189823:MLB7097115526,570.52,,,,,False,AUTORIA_NAO_COMPROVADA_NAO_INFERIR_CUSTOM_PRICE
MLB7097103266,VTK004757,paused,ml:MLB7087436550:MLB7097103266,175.29,,,,,False,AUTORIA_NAO_COMPROVADA_NAO_INFERIR_CUSTOM_PRICE
MLB7096960792,VTK000845,paused,ml:MLB4880559723:MLB7096960792,574.15,,,,,False,AUTORIA_NAO_COMPROVADA_NAO_INFERIR_CUSTOM_PRICE
MLB7096943296,VTK000783,paused,item:MLB7096943296,1618.75,,,,,False,AUTORIA_NAO_COMPROVADA_NAO_INFERIR_CUSTOM_PRICE
MLB7096941120,VTK000472,paused,ml:MLB4880559857:MLB7096941120,594.04,,,,,False,AUTORIA_NAO_COMPROVADA_NAO_INFERIR_CUSTOM_PRICE
MLB7096376022,VTK000988,paused,item:MLB7096376022,890,,,,,False,AUTORIA_NAO_COMPROVADA_NAO_INFERIR_CUSTOM_PRICE
MLB7096373244,VTK000952,paused,item:MLB7096373244,1102.36,,,,,False,AUTORIA_NAO_COMPROVADA_NAO_INFERIR_CUSTOM_PRICE
MLB7096334166,VTK000999,paused,ml:MLB7096334166:MLB7149272796,503.39,,,,,False,AUTORIA_NAO_COMPROVADA_NAO_INFERIR_CUSTOM_PRICE
MLB7095643498,VTK000789,paused,item:MLB7095643498,180.21,,,,,False,AUTORIA_NAO_COMPROVADA_NAO_INFERIR_CUSTOM_PRICE
MLB7095639836,VTK000599,paused,ml:MLB7095639836:MLB7149272886,200.84,,,,,False,AUTORIA_NAO_COMPROVADA_NAO_INFERIR_CUSTOM_PRICE
MLB7095638400,VTK000576,paused,ml:MLB4880559997:MLB7095638400,171.88,,,,,False,AUTORIA_NAO_COMPROVADA_NAO_INFERIR_CUSTOM_PRICE
MLB7095602252,VTK000636,paused,ml:MLB5048998385:MLB7095602252,2949.21,,,,,False,AUTORIA_NAO_COMPROVADA_NAO_INFERIR_CUSTOM_PRICE
MLB7095600886,VTK000577,paused,ml:MLB4880560029:MLB7095600886,190.19,,,,,False,AUTORIA_NAO_COMPROVADA_NAO_INFERIR_CUSTOM_PRICE
MLB7095392380,VTK000177,paused,ml:MLB4841955299:MLB7095392380,271,,,,,False,AUTORIA_NAO_COMPROVADA_NAO_INFERIR_CUSTOM_PRICE
MLB7095392142,VTK000445,paused,ml:MLB4841991207:MLB7095392142,278.74,,,,,False,AUTORIA_NAO_COMPROVADA_NAO_INFERIR_CUSTOM_PRICE
MLB7095392094,VTK000561,paused,ml:MLB4841993877:MLB7095392094,280,,,,,False,AUTORIA_NAO_COMPROVADA_NAO_INFERIR_CUSTOM_PRICE
MLB7095392076,VTK000205,paused,ml:MLB4841997661:MLB7095392076,553.58,,,,,False,AUTORIA_NAO_COMPROVADA_NAO_INFERIR_CUSTOM_PRICE
MLB7095392034,VTK000574,paused,ml:MLB4842007005:MLB7095392034,152,,,,,False,AUTORIA_NAO_COMPROVADA_NAO_INFERIR_CUSTOM_PRICE
MLB7095392000,VTK000618,paused,ml:MLB4842008483:MLB7095392000,1277,,,,,False,AUTORIA_NAO_COMPROVADA_NAO_INFERIR_CUSTOM_PRICE
MLB7095391438,VTK001273,paused,ml:MLB4842092903:MLB7095391438,420.13,,,,,False,AUTORIA_NAO_COMPROVADA_NAO_INFERIR_CUSTOM_PRICE
MLB7095391366,VTK001240,paused,ml:MLB4842103739:MLB7095391366,201.03,,,,,False,AUTORIA_NAO_COMPROVADA_NAO_INFERIR_CUSTOM_PRICE
MLB7095390830,VTK001363,paused,ml:MLB4842128401:MLB7095390830,926.46,,,,,False,AUTORIA_NAO_COMPROVADA_NAO_INFERIR_CUSTOM_PRICE
MLB7095390798,VTK001456,paused,ml:MLB4842130095:MLB7095390798,345.66,,,,,False,AUTORIA_NAO_COMPROVADA_NAO_INFERIR_CUSTOM_PRICE
MLB7095390750,VTK001124,paused,ml:MLB4842160907:MLB7095390750,854,,,,,False,AUTORIA_NAO_COMPROVADA_NAO_INFERIR_CUSTOM_PRICE
MLB7095390302,VTK002156,paused,ml:MLB4842189225:MLB7095390302,457.81,,,,,False,AUTORIA_NAO_COMPROVADA_NAO_INFERIR_CUSTOM_PRICE
MLB7095390244,VTK002383,paused,ml:MLB4842208633:MLB7095390244,168.9,,,,,False,AUTORIA_NAO_COMPROVADA_NAO_INFERIR_CUSTOM_PRICE
MLB7095390216,VTK002778,paused,ml:MLB4842209417:MLB7095390216,134,,,,,False,AUTORIA_NAO_COMPROVADA_NAO_INFERIR_CUSTOM_PRICE
MLB7095390172,VTK004501,paused,ml:MLB4842211867:MLB7095390172,1990,,,,,False,AUTORIA_NAO_COMPROVADA_NAO_INFERIR_CUSTOM_PRICE
MLB7095390132,VTK006402,paused,ml:MLB4842213761:MLB7095390132,323.85,,,,,False,AUTORIA_NAO_COMPROVADA_NAO_INFERIR_CUSTOM_PRICE
MLB7095390074,VTK000178,paused,ml:MLB7086985642:MLB7095390074,1860.55,,,,,False,AUTORIA_NAO_COMPROVADA_NAO_INFERIR_CUSTOM_PRICE
MLB7095390042,VTK000396,paused,ml:MLB7087035502:MLB7095390042,1295.1,,,,,False,AUTORIA_NAO_COMPROVADA_NAO_INFERIR_CUSTOM_PRICE
MLB7095389518,VTK001022,paused,ml:MLB7087117248:MLB7095389518,165.1,,,,,False,AUTORIA_NAO_COMPROVADA_NAO_INFERIR_CUSTOM_PRICE
MLB7095340584,VTK000942,paused,ml:MLB4842020159:MLB7095340584,133.02,,,,,False,AUTORIA_NAO_COMPROVADA_NAO_INFERIR_CUSTOM_PRICE
MLB7095340438,VTK000400,paused,ml:MLB4841986403:MLB7095340438,196,,,,,False,AUTORIA_NAO_COMPROVADA_NAO_INFERIR_CUSTOM_PRICE
MLB7095340394,VTK000535,paused,ml:MLB4841992873:MLB7095340394,469.56,,,,,False,AUTORIA_NAO_COMPROVADA_NAO_INFERIR_CUSTOM_PRICE
MLB7095339854,VTK000982,paused,ml:MLB4842020973:MLB7095339854,134.89,,,,,False,AUTORIA_NAO_COMPROVADA_NAO_INFERIR_CUSTOM_PRICE
MLB7095339820,VTK001268,paused,ml:MLB4842080587:MLB7095339820,215.26,,,,,False,AUTORIA_NAO_COMPROVADA_NAO_INFERIR_CUSTOM_PRICE
MLB7095339778,VTK001255,paused,ml:MLB4842091625:MLB7095339778,393.93,,,,,False,AUTORIA_NAO_COMPROVADA_NAO_INFERIR_CUSTOM_PRICE
MLB7095339734,VTK001174,paused,ml:MLB4842100999:MLB7095339734,1462.45,,,,,False,AUTORIA_NAO_COMPROVADA_NAO_INFERIR_CUSTOM_PRICE
MLB7095339096,VTK001651,paused,ml:MLB4842163681:MLB7095339096,145.93,,,,,False,AUTORIA_NAO_COMPROVADA_NAO_INFERIR_CUSTOM_PRICE
MLB7095339072,VTK001769,paused,ml:MLB4842188319:MLB7095339072,134,,,,,False,AUTORIA_NAO_COMPROVADA_NAO_INFERIR_CUSTOM_PRICE
MLB7095339046,VTK001878,paused,ml:MLB4842188519:MLB7095339046,183,,,,,False,AUTORIA_NAO_COMPROVADA_NAO_INFERIR_CUSTOM_PRICE
MLB7095339024,VTK001880,paused,ml:MLB4842188575:MLB7095339024,208.89,,,,,False,AUTORIA_NAO_COMPROVADA_NAO_INFERIR_CUSTOM_PRICE
MLB7095338504,VTK005420,paused,ml:MLB4842212773:MLB7095338504,651.17,,,,,False,AUTORIA_NAO_COMPROVADA_NAO_INFERIR_CUSTOM_PRICE
MLB7095338362,VTK000207,paused,ml:MLB7087037576:MLB7095338362,590.77,,,,,False,AUTORIA_NAO_COMPROVADA_NAO_INFERIR_CUSTOM_PRICE
MLB7095337932,VTK001102,paused,ml:MLB7087108194:MLB7095337932,248.68,,,,,False,AUTORIA_NAO_COMPROVADA_NAO_INFERIR_CUSTOM_PRICE
MLB7095337920,VTK001012,paused,ml:MLB7087116784:MLB7095337920,152,,,,,False,AUTORIA_NAO_COMPROVADA_NAO_INFERIR_CUSTOM_PRICE
MLB7095337830,VTK001064,paused,ml:MLB7087131166:MLB7095337830,1860.55,,,,,False,AUTORIA_NAO_COMPROVADA_NAO_INFERIR_CUSTOM_PRICE
MLB7095337782,VTK001177,paused,ml:MLB7087154568:MLB7095337782,408.16,,,,,False,AUTORIA_NAO_COMPROVADA_NAO_INFERIR_CUSTOM_PRICE
MLB7095337744,VTK000659,paused,ml:MLB7087310222:MLB7095337744,243,,,,,False,AUTORIA_NAO_COMPROVADA_NAO_INFERIR_CUSTOM_PRICE
MLB7095337710,VTK002461,paused,ml:MLB7087408948:MLB7095337710,273.39,,,,,False,AUTORIA_NAO_COMPROVADA_NAO_INFERIR_CUSTOM_PRICE
MLB7095337598,VTK006577,paused,ml:MLB7087416826:MLB7095337598,266.72,,,,,False,AUTORIA_NAO_COMPROVADA_NAO_INFERIR_CUSTOM_PRICE
MLB7095328234,VTK000386,paused,ml:MLB4841970175:MLB7095328234,1295.1,,,,,False,AUTORIA_NAO_COMPROVADA_NAO_INFERIR_CUSTOM_PRICE
MLB7095327934,VTK000426,paused,ml:MLB4842003219:MLB7095327934,640.65,,,,,False,AUTORIA_NAO_COMPROVADA_NAO_INFERIR_CUSTOM_PRICE
MLB7095327864,VTK000628,paused,ml:MLB4842014571:MLB7095327864,540.6,,,,,False,AUTORIA_NAO_COMPROVADA_NAO_INFERIR_CUSTOM_PRICE
MLB7095327384,VTK001384,paused,ml:MLB4842086399:MLB7095327384,2745.81,,,,,False,AUTORIA_NAO_COMPROVADA_NAO_INFERIR_CUSTOM_PRICE
MLB7095327248,VTK001267,paused,ml:MLB4842105051:MLB7095327248,314.8,,,,,False,AUTORIA_NAO_COMPROVADA_NAO_INFERIR_CUSTOM_PRICE
MLB7095327208,VTK001321,paused,ml:MLB4842125525:MLB7095327208,2172,,,,,False,AUTORIA_NAO_COMPROVADA_NAO_INFERIR_CUSTOM_PRICE
MLB7095326792,VTK001415,paused,ml:MLB4842129805:MLB7095326792,1295.1,,,,,False,AUTORIA_NAO_COMPROVADA_NAO_INFERIR_CUSTOM_PRICE
MLB7095326702,VTK002163,paused,ml:MLB4842176773:MLB7095326702,342.81,,,,,False,AUTORIA_NAO_COMPROVADA_NAO_INFERIR_CUSTOM_PRICE
MLB7095326252,VTK001828,paused,ml:MLB4842207161:MLB7095326252,164.47,,,,,False,AUTORIA_NAO_COMPROVADA_NAO_INFERIR_CUSTOM_PRICE
MLB7095326188,VTK002530,paused,ml:MLB4842208919:MLB7095326188,186.83,,,,,False,AUTORIA_NAO_COMPROVADA_NAO_INFERIR_CUSTOM_PRICE
MLB7095326162,VTK003020,paused,ml:MLB4842209769:MLB7095326162,1538.65,,,,,False,AUTORIA_NAO_COMPROVADA_NAO_INFERIR_CUSTOM_PRICE
MLB7095326146,VTK003165,paused,ml:MLB4842209909:MLB7095326146,236,,,,,False,AUTORIA_NAO_COMPROVADA_NAO_INFERIR_CUSTOM_PRICE
MLB7095326042,VTK000130,paused,ml:MLB7086971880:MLB7095326042,1502.5,,,,,False,AUTORIA_NAO_COMPROVADA_NAO_INFERIR_CUSTOM_PRICE
MLB7095326014,VTK000311,paused,ml:MLB7086989538:MLB7095326014,199,,,,,False,AUTORIA_NAO_COMPROVADA_NAO_INFERIR_CUSTOM_PRICE
MLB7095325492,VTK000965,paused,ml:MLB7087103632:MLB7095325492,131.13,,,,,False,AUTORIA_NAO_COMPROVADA_NAO_INFERIR_CUSTOM_PRICE
MLB7095325462,VTK001096,paused,ml:MLB7087107918:MLB7095325462,263.5,,,,,False,AUTORIA_NAO_COMPROVADA_NAO_INFERIR_CUSTOM_PRICE
MLB7095325336,VTK001009,paused,ml:MLB7087147890:MLB7095325336,575,,,,,False,AUTORIA_NAO_COMPROVADA_NAO_INFERIR_CUSTOM_PRICE
MLB7095325328,VTK001150,paused,ml:MLB7087153656:MLB7095325328,400.45,,,,,False,AUTORIA_NAO_COMPROVADA_NAO_INFERIR_CUSTOM_PRICE
MLB7095325286,VTK001270,paused,ml:MLB7087158886:MLB7095325286,669.42,,,,,False,AUTORIA_NAO_COMPROVADA_NAO_INFERIR_CUSTOM_PRICE
MLB7095325192,VTK004062,paused,ml:MLB7087411322:MLB7095325192,212.29,,,,,False,AUTORIA_NAO_COMPROVADA_NAO_INFERIR_CUSTOM_PRICE
MLB7095325170,VTK006407,paused,ml:MLB7087414128:MLB7095325170,323.85,,,,,False,AUTORIA_NAO_COMPROVADA_NAO_INFERIR_CUSTOM_PRICE
MLB7095325162,VTK006469,paused,ml:MLB7087415182:MLB7095325162,773,,,,,False,AUTORIA_NAO_COMPROVADA_NAO_INFERIR_CUSTOM_PRICE
MLB7095325014,VTK000539,paused,ml:MLB7087432308:MLB7095325014,177,,,,,False,AUTORIA_NAO_COMPROVADA_NAO_INFERIR_CUSTOM_PRICE
MLB7095324952,VTK005934,paused,ml:MLB7087437534:MLB7095324952,168.83,,,,,False,AUTORIA_NAO_COMPROVADA_NAO_INFERIR_CUSTOM_PRICE
MLB7095025022,VTK000530,paused,ml:MLB7079674512:MLB7095025022,577,,,,,False,AUTORIA_NAO_COMPROVADA_NAO_INFERIR_CUSTOM_PRICE
MLB4847438681,VTK001229,paused,ml:MLB4847438681:MLB4880525685,628.19,,,,,False,AUTORIA_NAO_COMPROVADA_NAO_INFERIR_CUSTOM_PRICE
MLB4847434101,VTK001148,paused,ml:MLB4847434101:MLB4880525713,376.34,,,,,False,AUTORIA_NAO_COMPROVADA_NAO_INFERIR_CUSTOM_PRICE
MLB4847422349,VTK001161,paused,item:MLB4847422349,846.14,,,,,False,AUTORIA_NAO_COMPROVADA_NAO_INFERIR_CUSTOM_PRICE
MLB4847281703,VTK000128,paused,ml:MLB4847281703:MLB7298177102,1879,,,,,False,AUTORIA_NAO_COMPROVADA_NAO_INFERIR_CUSTOM_PRICE
MLB4847280759,VTK000148,paused,ml:MLB4847280759:MLB4880525789,1878.81,,,,,False,AUTORIA_NAO_COMPROVADA_NAO_INFERIR_CUSTOM_PRICE
MLB4847280021,VTK000127,paused,ml:MLB4847280021:MLB7298177206,1879,,,,,False,AUTORIA_NAO_COMPROVADA_NAO_INFERIR_CUSTOM_PRICE
MLB4847222213,VTK000567,paused,ml:MLB4847222213:MLB5034095031,520,,,,,False,AUTORIA_NAO_COMPROVADA_NAO_INFERIR_CUSTOM_PRICE
MLB4847210363,VTK000565,paused,ml:MLB4847210363:MLB4880560187,307.83,,,,,False,AUTORIA_NAO_COMPROVADA_NAO_INFERIR_CUSTOM_PRICE
MLB4846755327,VTK000935,paused,ml:MLB4846755327:MLB4947942137,433.31,,,,,False,AUTORIA_NAO_COMPROVADA_NAO_INFERIR_CUSTOM_PRICE
MLB4846742751,VTK000987,paused,ml:MLB4846742751:MLB7314822944,179,,,,,False,AUTORIA_NAO_COMPROVADA_NAO_INFERIR_CUSTOM_PRICE
MLB4846729879,VTK000920,paused,item:MLB4846729879,304.26,,,,,False,AUTORIA_NAO_COMPROVADA_NAO_INFERIR_CUSTOM_PRICE
MLB4846582793,VTK000439,paused,ml:MLB4846582793:MLB4880525961,169.62,,,,,False,AUTORIA_NAO_COMPROVADA_NAO_INFERIR_CUSTOM_PRICE
MLB4846557543,VTK000477,paused,item:MLB4846557543,238.79,,,,,False,AUTORIA_NAO_COMPROVADA_NAO_INFERIR_CUSTOM_PRICE
MLB4846536875,VTK000212,paused,ml:MLB4846536875:MLB7314820880,151.54,,,,,False,AUTORIA_NAO_COMPROVADA_NAO_INFERIR_CUSTOM_PRICE
MLB4846402497,VTK001097,paused,ml:MLB4846402497:MLB7087119962,1007,,,,,False,AUTORIA_NAO_COMPROVADA_NAO_INFERIR_CUSTOM_PRICE
MLB4846402257,VTK006492,paused,ml:MLB4846402257:MLB7087415548,314.8,,,,,False,AUTORIA_NAO_COMPROVADA_NAO_INFERIR_CUSTOM_PRICE
MLB4846402213,VTK006405,paused,ml:MLB4846402213:MLB7087425408,759,,,,,False,AUTORIA_NAO_COMPROVADA_NAO_INFERIR_CUSTOM_PRICE
MLB4846402123,VTK000630,paused,ml:MLB4846402123:MLB7087432992,247.04,,,,,False,AUTORIA_NAO_COMPROVADA_NAO_INFERIR_CUSTOM_PRICE
MLB4846402101,VTK003768,paused,ml:MLB4846402101:MLB7087435046,351.55,,,,,False,AUTORIA_NAO_COMPROVADA_NAO_INFERIR_CUSTOM_PRICE
MLB4846389497,VTK006497,paused,ml:MLB4846389497:MLB7087427162,338.78,,,,,False,AUTORIA_NAO_COMPROVADA_NAO_INFERIR_CUSTOM_PRICE
MLB4846389411,VTK000562,paused,ml:MLB4846389411:MLB7087445284,734.1,,,,,False,AUTORIA_NAO_COMPROVADA_NAO_INFERIR_CUSTOM_PRICE
MLB4846389387,VTK000336,paused,ml:MLB4846389387:MLB7079613144,189.17,,,,,False,AUTORIA_NAO_COMPROVADA_NAO_INFERIR_CUSTOM_PRICE
MLB4846389363,VTK000516,paused,ml:MLB4846389363:MLB7079674026,392.98,,,,,False,AUTORIA_NAO_COMPROVADA_NAO_INFERIR_CUSTOM_PRICE
MLB7101755178,VTK001484,paused,ml:MLB4842173941:MLB7101755178,484,,,,,False,AUTORIA_NAO_COMPROVADA_NAO_INFERIR_CUSTOM_PRICE
MLB7101755168,VTK001523,paused,ml:MLB4842174641:MLB7101755168,169.2,,,,,False,AUTORIA_NAO_COMPROVADA_NAO_INFERIR_CUSTOM_PRICE
MLB7101755148,VTK002484,paused,ml:MLB4842190029:MLB7101755148,175.96,,,,,False,AUTORIA_NAO_COMPROVADA_NAO_INFERIR_CUSTOM_PRICE
MLB7101755122,VTK001266,paused,ml:MLB7087158376:MLB7101755122,1027,,,,,False,AUTORIA_NAO_COMPROVADA_NAO_INFERIR_CUSTOM_PRICE
MLB7101696438,VTK001969,paused,ml:MLB7087407760:MLB7101696438,726.6,,,,,False,AUTORIA_NAO_COMPROVADA_NAO_INFERIR_CUSTOM_PRICE
MLB7101696412,VTK002373,paused,ml:MLB7087408712:MLB7101696412,421.21,,,,,False,AUTORIA_NAO_COMPROVADA_NAO_INFERIR_CUSTOM_PRICE
MLB7101696398,VTK003077,paused,ml:MLB7087409964:MLB7101696398,2643.2,,,,,False,AUTORIA_NAO_COMPROVADA_NAO_INFERIR_CUSTOM_PRICE
MLB7101696340,VTK003017,paused,ml:MLB7087433998:MLB7101696340,1613.23,,,,,False,AUTORIA_NAO_COMPROVADA_NAO_INFERIR_CUSTOM_PRICE
MLB7101696320,VTK004556,paused,ml:MLB7087436192:MLB7101696320,184.95,,,,,False,AUTORIA_NAO_COMPROVADA_NAO_INFERIR_CUSTOM_PRICE
MLB7101684462,VTK004357,paused,ml:MLB4842211483:MLB7101684462,137.24,,,,,False,AUTORIA_NAO_COMPROVADA_NAO_INFERIR_CUSTOM_PRICE
MLB7101684212,VTK001141,paused,ml:MLB7087153112:MLB7101684212,2762,,,,,False,AUTORIA_NAO_COMPROVADA_NAO_INFERIR_CUSTOM_PRICE
MLB7101684142,VTK004670,paused,ml:MLB7087412236:MLB7101684142,79.49,,,,,False,AUTORIA_NAO_COMPROVADA_NAO_INFERIR_CUSTOM_PRICE
MLB7101684116,VTK004099,paused,ml:MLB7087422968:MLB7101684116,397,,,,,False,AUTORIA_NAO_COMPROVADA_NAO_INFERIR_CUSTOM_PRICE
MLB7101684006,VTK000049,paused,ml:MLB7076434218:MLB7101684006,230.27,,,,,False,AUTORIA_NAO_COMPROVADA_NAO_INFERIR_CUSTOM_PRICE
MLB4850158315,VTK000196,paused,ml:MLB4850158315:MLB7086973158,530,,,,,False,AUTORIA_NAO_COMPROVADA_NAO_INFERIR_CUSTOM_PRICE
MLB4850158181,VTK000264,paused,ml:MLB4850158181:MLB7086987432,235.28,,,,,False,AUTORIA_NAO_COMPROVADA_NAO_INFERIR_CUSTOM_PRICE
MLB4850158155,VTK000338,paused,ml:MLB4850158155:MLB7087034132,113,,,,,False,AUTORIA_NAO_COMPROVADA_NAO_INFERIR_CUSTOM_PRICE
MLB4850157963,VTK004688,paused,ml:MLB4850157963:MLB7087436392,449.44,,,,,False,AUTORIA_NAO_COMPROVADA_NAO_INFERIR_CUSTOM_PRICE
MLB4850157939,VTK009141,paused,ml:MLB4850157939:MLB7087485804,1218.18,,,,,False,AUTORIA_NAO_COMPROVADA_NAO_INFERIR_CUSTOM_PRICE
MLB7105511166,VTK001596,paused,ml:MLB4842187595:MLB7105511166,185.48,,,,,False,AUTORIA_NAO_COMPROVADA_NAO_INFERIR_CUSTOM_PRICE
MLB7105511124,VTK004526,paused,ml:MLB7087436152:MLB7105511124,663.98,,,,,False,AUTORIA_NAO_COMPROVADA_NAO_INFERIR_CUSTOM_PRICE
MLB7104389618,VTK001851,paused,ml:MLB4842207261:MLB7104389618,250,,,,,False,AUTORIA_NAO_COMPROVADA_NAO_INFERIR_CUSTOM_PRICE
MLB7104389564,VTK003245,paused,ml:MLB4842210135:MLB7104389564,144.08,,,,,False,AUTORIA_NAO_COMPROVADA_NAO_INFERIR_CUSTOM_PRICE
MLB7104387624,VTK000614,paused,ml:MLB7087096390:MLB7104387624,477.58,,,,,False,AUTORIA_NAO_COMPROVADA_NAO_INFERIR_CUSTOM_PRICE
MLB7104387582,VTK002720,paused,ml:MLB7087409490:MLB7104387582,147.38,,,,,False,AUTORIA_NAO_COMPROVADA_NAO_INFERIR_CUSTOM_PRICE
MLB7104387570,VTK005460,paused,ml:MLB7087437030:MLB7104387570,123.22,,,,,False,AUTORIA_NAO_COMPROVADA_NAO_INFERIR_CUSTOM_PRICE
MLB7104352534,VTK002011,paused,ml:MLB4842188963:MLB7104352534,190.68,,,,,False,AUTORIA_NAO_COMPROVADA_NAO_INFERIR_CUSTOM_PRICE
MLB7104352428,VTK000187,paused,ml:MLB7086960644:MLB7104352428,146.94,,,,,False,AUTORIA_NAO_COMPROVADA_NAO_INFERIR_CUSTOM_PRICE
MLB7104350424,VTK001044,paused,ml:MLB7087130498:MLB7104350424,257.44,,,,,False,AUTORIA_NAO_COMPROVADA_NAO_INFERIR_CUSTOM_PRICE
MLB7104350400,VTK005232,paused,ml:MLB7087412780:MLB7104350400,2299,,,,,False,AUTORIA_NAO_COMPROVADA_NAO_INFERIR_CUSTOM_PRICE
MLB4853397111,VTK002239,paused,item:MLB4853397111,252.43,,,,,False,AUTORIA_NAO_COMPROVADA_NAO_INFERIR_CUSTOM_PRICE
MLB4852433647,VTK003006,paused,ml:MLB4842209623:MLB4852433647,182,,,,,False,AUTORIA_NAO_COMPROVADA_NAO_INFERIR_CUSTOM_PRICE
MLB4852433633,VTK006531,paused,ml:MLB4842215967:MLB4852433633,708.22,,,,,False,AUTORIA_NAO_COMPROVADA_NAO_INFERIR_CUSTOM_PRICE
MLB4852431647,VTK000379,paused,ml:MLB4852431647:MLB7086991154,350.25,,,,,False,AUTORIA_NAO_COMPROVADA_NAO_INFERIR_CUSTOM_PRICE
MLB4852431615,VTK000959,paused,ml:MLB4852431615:MLB7087103398,527.94,,,,,False,AUTORIA_NAO_COMPROVADA_NAO_INFERIR_CUSTOM_PRICE
MLB4852431573,VTK003453,paused,ml:MLB4852431573:MLB7087434566,270.62,,,,,False,AUTORIA_NAO_COMPROVADA_NAO_INFERIR_CUSTOM_PRICE
MLB4852431561,VTK005975,paused,ml:MLB4852431561:MLB7087437624,1774.5,,,,,False,AUTORIA_NAO_COMPROVADA_NAO_INFERIR_CUSTOM_PRICE
MLB4852431539,VTK006484,paused,ml:MLB4852431539:MLB7087439556,288.94,,,,,False,AUTORIA_NAO_COMPROVADA_NAO_INFERIR_CUSTOM_PRICE
MLB4852431487,VTK000443,paused,ml:MLB4852431487:MLB7079673052,540.77,,,,,False,AUTORIA_NAO_COMPROVADA_NAO_INFERIR_CUSTOM_PRICE
MLB4623519119,VTK006584,paused,ml:MLB4623519119:MLB6573097102,116,,,,,False,AUTORIA_NAO_COMPROVADA_NAO_INFERIR_CUSTOM_PRICE
MLB6573097102,VTK006584,paused,ml:MLB4623519119:MLB6573097102,116,,,,,False,AUTORIA_NAO_COMPROVADA_NAO_INFERIR_CUSTOM_PRICE
MLB7009377236,VTK000697,paused,ml:MLB7009377236:MLB7298190138,189,,,,,False,AUTORIA_NAO_COMPROVADA_NAO_INFERIR_CUSTOM_PRICE
MLB7111711476,VTK012568,paused,item:MLB7111711476,74.87,,,,,False,AUTORIA_NAO_COMPROVADA_NAO_INFERIR_CUSTOM_PRICE
MLB7111661150,VTK012643,paused,item:MLB7111661150,113.27,,,,,False,AUTORIA_NAO_COMPROVADA_NAO_INFERIR_CUSTOM_PRICE
MLB7111656708,VTK003963,paused,ml:MLB7111656708:MLB7313982730,214.62,,,,,False,AUTORIA_NAO_COMPROVADA_NAO_INFERIR_CUSTOM_PRICE
MLB7111654964,VTK012822,paused,item:MLB7111654964,1514.36,,,,,False,AUTORIA_NAO_COMPROVADA_NAO_INFERIR_CUSTOM_PRICE
MLB7111654714,VTK012776,paused,item:MLB7111654714,3858.71,,,,,False,AUTORIA_NAO_COMPROVADA_NAO_INFERIR_CUSTOM_PRICE
MLB7111654498,VTK012814,paused,item:MLB7111654498,4748.27,,,,,False,AUTORIA_NAO_COMPROVADA_NAO_INFERIR_CUSTOM_PRICE
MLB7111654452,VTK012512,paused,item:MLB7111654452,5409.4,,,,,False,AUTORIA_NAO_COMPROVADA_NAO_INFERIR_CUSTOM_PRICE
MLB7111654284,VTK012656,paused,item:MLB7111654284,6173.93,,,,,False,AUTORIA_NAO_COMPROVADA_NAO_INFERIR_CUSTOM_PRICE
MLB7111654140,VTK012779,paused,ml:MLB5112644353:MLB7111654140,6899,,,,,False,AUTORIA_NAO_COMPROVADA_NAO_INFERIR_CUSTOM_PRICE
MLB7111654076,VTK012782,paused,ml:MLB7111654076:MLB7127532580,6990,,,,,False,AUTORIA_NAO_COMPROVADA_NAO_INFERIR_CUSTOM_PRICE
MLB7111644312,VTK012792,paused,item:MLB7111644312,208.96,,,,,False,AUTORIA_NAO_COMPROVADA_NAO_INFERIR_CUSTOM_PRICE
MLB7111643332,VTK012826,paused,ml:MLB4935792355:MLB7111643332,477,,,,,False,AUTORIA_NAO_COMPROVADA_NAO_INFERIR_CUSTOM_PRICE
MLB7111642126,VTK012819,paused,item:MLB7111642126,3090,,,,,False,AUTORIA_NAO_COMPROVADA_NAO_INFERIR_CUSTOM_PRICE
MLB7111641632,VTK012818,paused,item:MLB7111641632,6900.65,,,,,False,AUTORIA_NAO_COMPROVADA_NAO_INFERIR_CUSTOM_PRICE
MLB7111641622,VTK012786,paused,item:MLB7111641622,7074.29,,,,,False,AUTORIA_NAO_COMPROVADA_NAO_INFERIR_CUSTOM_PRICE
MLB7111641596,VTK012787,paused,item:MLB7111641596,8318.7,,,,,False,AUTORIA_NAO_COMPROVADA_NAO_INFERIR_CUSTOM_PRICE
MLB7111548428,VTK001446,paused,item:MLB7111548428,598.97,,,,,False,AUTORIA_NAO_COMPROVADA_NAO_INFERIR_CUSTOM_PRICE
MLB7111548354,VTK001083,paused,ml:MLB4882821599:MLB7111548354,212.01,,,,,False,AUTORIA_NAO_COMPROVADA_NAO_INFERIR_CUSTOM_PRICE
MLB7111548344,VTK006454,paused,item:MLB7111548344,233.68,,,,,False,AUTORIA_NAO_COMPROVADA_NAO_INFERIR_CUSTOM_PRICE
MLB7111548314,VTK006423,paused,ml:MLB4892650437:MLB7111548314,251.27,,,,,False,AUTORIA_NAO_COMPROVADA_NAO_INFERIR_CUSTOM_PRICE
MLB7111548298,VTK003921,paused,ml:MLB7111548298:MLB7149335022,245.27,,,,,False,AUTORIA_NAO_COMPROVADA_NAO_INFERIR_CUSTOM_PRICE
MLB7111548288,VTK000523,paused,item:MLB7111548288,266,,,,,False,AUTORIA_NAO_COMPROVADA_NAO_INFERIR_CUSTOM_PRICE
MLB7111548264,VTK011955,paused,ml:MLB7111548264:MLB7149369318,492.48,,,,,False,AUTORIA_NAO_COMPROVADA_NAO_INFERIR_CUSTOM_PRICE
MLB7111548236,VTK006573,paused,ml:MLB4880588171:MLB7111548236,496.26,,,,,False,AUTORIA_NAO_COMPROVADA_NAO_INFERIR_CUSTOM_PRICE
MLB7111548226,VTK001235,paused,item:MLB7111548226,781.23,,,,,False,AUTORIA_NAO_COMPROVADA_NAO_INFERIR_CUSTOM_PRICE
MLB7111548128,VTK006456,paused,item:MLB7111548128,677.47,,,,,False,AUTORIA_NAO_COMPROVADA_NAO_INFERIR_CUSTOM_PRICE
MLB7111548116,VTK006427,paused,item:MLB7111548116,500.32,,,,,False,AUTORIA_NAO_COMPROVADA_NAO_INFERIR_CUSTOM_PRICE
MLB7111548104,VTK002113,paused,item:MLB7111548104,913.96,,,,,False,AUTORIA_NAO_COMPROVADA_NAO_INFERIR_CUSTOM_PRICE
MLB7111548096,VTK006512,paused,ml:MLB7111548096:MLB7149335316,544,,,,,False,AUTORIA_NAO_COMPROVADA_NAO_INFERIR_CUSTOM_PRICE
MLB7111548068,VTK003679,paused,ml:MLB7111548068:MLB7520874628,1400.6,,,,,False,AUTORIA_NAO_COMPROVADA_NAO_INFERIR_CUSTOM_PRICE
MLB7111548062,VTK001307,paused,item:MLB7111548062,1938.79,,,,,False,AUTORIA_NAO_COMPROVADA_NAO_INFERIR_CUSTOM_PRICE
MLB7111548026,VTK000842,paused,ml:MLB7111548026:MLB7314820698,1006,,,,,False,AUTORIA_NAO_COMPROVADA_NAO_INFERIR_CUSTOM_PRICE
MLB7111548016,VTK001426,paused,item:MLB7111548016,992.52,,,,,False,AUTORIA_NAO_COMPROVADA_NAO_INFERIR_CUSTOM_PRICE
MLB7111547940,VTK001253,paused,ml:MLB7111547940:MLB7149335436,479.54,,,,,False,AUTORIA_NAO_COMPROVADA_NAO_INFERIR_CUSTOM_PRICE
MLB7111547750,VTK001275,paused,item:MLB7111547750,3466.67,,,,,False,AUTORIA_NAO_COMPROVADA_NAO_INFERIR_CUSTOM_PRICE
MLB7111545782,VTK001428,paused,ml:MLB7111545782:MLB7149369770,863.4,,,,,False,AUTORIA_NAO_COMPROVADA_NAO_INFERIR_CUSTOM_PRICE
MLB7111545754,VTK003638,paused,ml:MLB7111545754:MLB7149369808,183,,,,,False,AUTORIA_NAO_COMPROVADA_NAO_INFERIR_CUSTOM_PRICE
MLB7111545710,VTK006473,paused,ml:MLB7111545710:MLB7150553642,267,,,,,False,AUTORIA_NAO_COMPROVADA_NAO_INFERIR_CUSTOM_PRICE
MLB7111545682,VTK006430,paused,ml:MLB7111545682:MLB7149369852,277.5,,,,,False,AUTORIA_NAO_COMPROVADA_NAO_INFERIR_CUSTOM_PRICE
MLB7111545666,VTK006506,paused,ml:MLB4880588573:MLB7111545666,266.72,,,,,False,AUTORIA_NAO_COMPROVADA_NAO_INFERIR_CUSTOM_PRICE
MLB7111545656,VTK006568,paused,ml:MLB4882855435:MLB7111545656,266.72,,,,,False,AUTORIA_NAO_COMPROVADA_NAO_INFERIR_CUSTOM_PRICE
MLB7111545648,VTK006586,paused,ml:MLB4880588611:MLB7111545648,266.72,,,,,False,AUTORIA_NAO_COMPROVADA_NAO_INFERIR_CUSTOM_PRICE
MLB7111545556,VTK006203,paused,ml:MLB7111545556:MLB7149335708,283.37,,,,,False,AUTORIA_NAO_COMPROVADA_NAO_INFERIR_CUSTOM_PRICE
MLB7111545450,VTK001206,paused,ml:MLB7111545450:MLB7330396952,598,,,,,False,AUTORIA_NAO_COMPROVADA_NAO_INFERIR_CUSTOM_PRICE
MLB7111545404,VTK000329,paused,ml:MLB4935792673:MLB7111545404,1286.7,,,,,False,AUTORIA_NAO_COMPROVADA_NAO_INFERIR_CUSTOM_PRICE
MLB7111545360,VTK009661,paused,ml:MLB7111545360:MLB7149335744,433.7,,,,,False,AUTORIA_NAO_COMPROVADA_NAO_INFERIR_CUSTOM_PRICE
MLB7111545350,VTK001300,paused,item:MLB7111545350,593.54,,,,,False,AUTORIA_NAO_COMPROVADA_NAO_INFERIR_CUSTOM_PRICE
MLB7111545318,VTK006552,paused,item:MLB7111545318,524.06,,,,,False,AUTORIA_NAO_COMPROVADA_NAO_INFERIR_CUSTOM_PRICE
MLB7111544766,VTK001098,paused,item:MLB7111544766,1539.19,,,,,False,AUTORIA_NAO_COMPROVADA_NAO_INFERIR_CUSTOM_PRICE
MLB7111544750,VTK002306,paused,ml:MLB7111544750:MLB7149335806,1990,,,,,False,AUTORIA_NAO_COMPROVADA_NAO_INFERIR_CUSTOM_PRICE
MLB7111544726,VTK000233,paused,ml:MLB4881447101:MLB7111544726,1459.51,,,,,False,AUTORIA_NAO_COMPROVADA_NAO_INFERIR_CUSTOM_PRICE
MLB7111544682,VTK000298,paused,ml:MLB7111544682:MLB7298190124,1459.51,,,,,False,AUTORIA_NAO_COMPROVADA_NAO_INFERIR_CUSTOM_PRICE
MLB7111544660,VTK000165,paused,ml:MLB7111544660:MLB7316879806,1545,,,,,False,AUTORIA_NAO_COMPROVADA_NAO_INFERIR_CUSTOM_PRICE
MLB7111544644,VTK000593,paused,item:MLB7111544644,1879,,,,,False,AUTORIA_NAO_COMPROVADA_NAO_INFERIR_CUSTOM_PRICE
MLB7111544598,VTK004093,paused,ml:MLB4971982535:MLB7111544598,1985,,,,,False,AUTORIA_NAO_COMPROVADA_NAO_INFERIR_CUSTOM_PRICE
MLB7111544584,VTK001021,paused,item:MLB7111544584,2190,,,,,False,AUTORIA_NAO_COMPROVADA_NAO_INFERIR_CUSTOM_PRICE
MLB7111544468,VTK006254,paused,ml:MLB7111544468:MLB7149335840,2885.19,,,,,False,AUTORIA_NAO_COMPROVADA_NAO_INFERIR_CUSTOM_PRICE
MLB7111544424,VTK000852,paused,ml:MLB4986647209:MLB7111544424,2255,,,,,False,AUTORIA_NAO_COMPROVADA_NAO_INFERIR_CUSTOM_PRICE
MLB7111544388,VTK000895,paused,ml:MLB7111544388:MLB7316881362,2997.09,,,,,False,AUTORIA_NAO_COMPROVADA_NAO_INFERIR_CUSTOM_PRICE
MLB7111544372,VTK000839,paused,ml:MLB7111544372:MLB7305856512,2358,,,,,False,AUTORIA_NAO_COMPROVADA_NAO_INFERIR_CUSTOM_PRICE
MLB7111544324,VTK004377,paused,ml:MLB7111544324:MLB7317385152,2750.48,,,,,False,AUTORIA_NAO_COMPROVADA_NAO_INFERIR_CUSTOM_PRICE
MLB7111544270,VTK006330,paused,ml:MLB7111544270:MLB7391077950,3685,,,,,False,AUTORIA_NAO_COMPROVADA_NAO_INFERIR_CUSTOM_PRICE
MLB7109542028,VTK001722,paused,ml:MLB4842164133:MLB7109542028,559,,,,,False,AUTORIA_NAO_COMPROVADA_NAO_INFERIR_CUSTOM_PRICE
MLB7108546010,VTK005636,paused,ml:MLB4842212927:MLB7108546010,2035.9,,,,,False,AUTORIA_NAO_COMPROVADA_NAO_INFERIR_CUSTOM_PRICE
MLB7108545974,VTK000688,paused,ml:MLB7087433156:MLB7108545974,444,,,,,False,AUTORIA_NAO_COMPROVADA_NAO_INFERIR_CUSTOM_PRICE
MLB4857689233,VTK000383,paused,ml:MLB4857689233:MLB7087038646,414,,,,,False,AUTORIA_NAO_COMPROVADA_NAO_INFERIR_CUSTOM_PRICE
MLB4857676945,VTK006600,paused,ml:MLB4857676945:MLB7087485696,599.48,,,,,False,AUTORIA_NAO_COMPROVADA_NAO_INFERIR_CUSTOM_PRICE
MLB4857662865,VTK002560,paused,item:MLB4857662865,245.6,,,,,False,AUTORIA_NAO_COMPROVADA_NAO_INFERIR_CUSTOM_PRICE
MLB4857643809,VTK001506,paused,item:MLB4857643809,291.08,,,,,False,AUTORIA_NAO_COMPROVADA_NAO_INFERIR_CUSTOM_PRICE
MLB4857631257,VTK002599,paused,ml:MLB4857631257:MLB7149338588,889,,,,,False,AUTORIA_NAO_COMPROVADA_NAO_INFERIR_CUSTOM_PRICE
MLB4857541513,VTK012823,paused,item:MLB4857541513,201.56,,,,,False,AUTORIA_NAO_COMPROVADA_NAO_INFERIR_CUSTOM_PRICE
MLB4857541505,VTK002002,paused,item:MLB4857541505,286.39,,,,,False,AUTORIA_NAO_COMPROVADA_NAO_INFERIR_CUSTOM_PRICE
MLB4857541493,VTK002038,paused,ml:MLB4857541493:MLB7151451634,229,,,,,False,AUTORIA_NAO_COMPROVADA_NAO_INFERIR_CUSTOM_PRICE
MLB4857541483,VTK012424,paused,ml:MLB4857541483:MLB4935792035,187,,,,,False,AUTORIA_NAO_COMPROVADA_NAO_INFERIR_CUSTOM_PRICE
MLB4857540703,VTK012767,paused,item:MLB4857540703,370.44,,,,,False,AUTORIA_NAO_COMPROVADA_NAO_INFERIR_CUSTOM_PRICE
MLB4857540479,VTK012624,paused,item:MLB4857540479,717,,,,,False,AUTORIA_NAO_COMPROVADA_NAO_INFERIR_CUSTOM_PRICE
MLB4857540399,VTK012821,paused,ml:MLB4857540399:MLB7149375006,1138.74,,,,,False,AUTORIA_NAO_COMPROVADA_NAO_INFERIR_CUSTOM_PRICE
MLB4857539381,VTK012783,paused,item:MLB4857539381,4373.19,,,,,False,AUTORIA_NAO_COMPROVADA_NAO_INFERIR_CUSTOM_PRICE
MLB4857539317,VTK012812,paused,item:MLB4857539317,4652.81,,,,,False,AUTORIA_NAO_COMPROVADA_NAO_INFERIR_CUSTOM_PRICE
MLB4857539043,VTK012707,paused,item:MLB4857539043,6062.78,,,,,False,AUTORIA_NAO_COMPROVADA_NAO_INFERIR_CUSTOM_PRICE
MLB4857539027,VTK000152,paused,ml:MLB4857539027:MLB7086985168,129,,,,,False,AUTORIA_NAO_COMPROVADA_NAO_INFERIR_CUSTOM_PRICE
MLB4857539009,VTK012771,paused,item:MLB4857539009,6367.46,,,,,False,AUTORIA_NAO_COMPROVADA_NAO_INFERIR_CUSTOM_PRICE
MLB4857531925,VTK000306,paused,item:MLB4857531925,578.08,,,,,False,AUTORIA_NAO_COMPROVADA_NAO_INFERIR_CUSTOM_PRICE
MLB4857530893,VTK003500,paused,ml:MLB4857530893:MLB7149405640,173.69,,,,,False,AUTORIA_NAO_COMPROVADA_NAO_INFERIR_CUSTOM_PRICE
MLB4857530875,VTK001212,paused,item:MLB4857530875,358.58,,,,,False,AUTORIA_NAO_COMPROVADA_NAO_INFERIR_CUSTOM_PRICE
MLB4857530845,VTK001111,paused,ml:MLB4857530845:MLB7149405652,362.66,,,,,False,AUTORIA_NAO_COMPROVADA_NAO_INFERIR_CUSTOM_PRICE
MLB4857530827,VTK000154,paused,item:MLB4857530827,211.73,,,,,False,AUTORIA_NAO_COMPROVADA_NAO_INFERIR_CUSTOM_PRICE
MLB4857530777,VTK003572,paused,ml:MLB4857530777:MLB7149375154,402.9,,,,,False,AUTORIA_NAO_COMPROVADA_NAO_INFERIR_CUSTOM_PRICE
MLB4857530763,VTK001449,paused,item:MLB4857530763,409.23,,,,,False,AUTORIA_NAO_COMPROVADA_NAO_INFERIR_CUSTOM_PRICE
MLB4857530707,VTK004788,paused,item:MLB4857530707,284.4,,,,,False,AUTORIA_NAO_COMPROVADA_NAO_INFERIR_CUSTOM_PRICE
MLB4857530651,VTK006635,paused,ml:MLB4857530651:MLB7149405678,646.62,,,,,False,AUTORIA_NAO_COMPROVADA_NAO_INFERIR_CUSTOM_PRICE
MLB4857530635,VTK000197,paused,item:MLB4857530635,607.52,,,,,False,AUTORIA_NAO_COMPROVADA_NAO_INFERIR_CUSTOM_PRICE
MLB4857530587,VTK001373,paused,ml:MLB4857530587:MLB7149375172,1640.44,,,,,False,AUTORIA_NAO_COMPROVADA_NAO_INFERIR_CUSTOM_PRICE
MLB4857499467,VTK001495,paused,item:MLB4857499467,172.19,,,,,False,AUTORIA_NAO_COMPROVADA_NAO_INFERIR_CUSTOM_PRICE
MLB4857498401,VTK002683,paused,ml:MLB4857498401:MLB7149405728,140.58,,,,,False,AUTORIA_NAO_COMPROVADA_NAO_INFERIR_CUSTOM_PRICE
MLB4857498369,VTK002619,paused,item:MLB4857498369,91.88,,,,,False,AUTORIA_NAO_COMPROVADA_NAO_INFERIR_CUSTOM_PRICE
MLB4857498365,VTK003957,paused,item:MLB4857498365,269.26,,,,,False,AUTORIA_NAO_COMPROVADA_NAO_INFERIR_CUSTOM_PRICE
MLB4857498359,VTK000592,paused,ml:MLB4857498359:MLB4974718569,253.77,,,,,False,AUTORIA_NAO_COMPROVADA_NAO_INFERIR_CUSTOM_PRICE
MLB4857498313,VTK003516,paused,ml:MLB4857498313:MLB4880633159,382.88,,,,,False,AUTORIA_NAO_COMPROVADA_NAO_INFERIR_CUSTOM_PRICE
MLB4857498247,VTK001190,paused,item:MLB4857498247,518.96,,,,,False,AUTORIA_NAO_COMPROVADA_NAO_INFERIR_CUSTOM_PRICE
MLB4857498187,VTK003879,paused,item:MLB4857498187,147.48,,,,,False,AUTORIA_NAO_COMPROVADA_NAO_INFERIR_CUSTOM_PRICE
MLB4857498159,VTK001359,paused,ml:MLB4857498159:MLB7149375248,1560.16,,,,,False,AUTORIA_NAO_COMPROVADA_NAO_INFERIR_CUSTOM_PRICE
MLB4857498147,VTK001347,paused,item:MLB4857498147,302.42,,,,,False,AUTORIA_NAO_COMPROVADA_NAO_INFERIR_CUSTOM_PRICE
MLB4857498089,VTK006411,paused,ml:MLB4857498089:MLB7520656338,181.44,,,,,False,AUTORIA_NAO_COMPROVADA_NAO_INFERIR_CUSTOM_PRICE
MLB4857498065,VTK006437,paused,ml:MLB4857498065:MLB7149405758,189,,,,,False,AUTORIA_NAO_COMPROVADA_NAO_INFERIR_CUSTOM_PRICE
MLB4857497975,VTK001403,paused,item:MLB4857497975,242.95,,,,,False,AUTORIA_NAO_COMPROVADA_NAO_INFERIR_CUSTOM_PRICE
MLB4857497923,VTK001031,paused,ml:MLB4857497923:MLB7149375302,222.34,,,,,False,AUTORIA_NAO_COMPROVADA_NAO_INFERIR_CUSTOM_PRICE
MLB4857497905,VTK000597,paused,ml:MLB4857497905:MLB7149375314,306.98,,,,,False,AUTORIA_NAO_COMPROVADA_NAO_INFERIR_CUSTOM_PRICE
MLB4857497865,VTK006571,paused,ml:MLB4857497865:MLB7149375338,291.93,,,,,False,AUTORIA_NAO_COMPROVADA_NAO_INFERIR_CUSTOM_PRICE
MLB4857497845,VTK006597,paused,ml:MLB4857497845:MLB4880633277,291.93,,,,,False,AUTORIA_NAO_COMPROVADA_NAO_INFERIR_CUSTOM_PRICE
MLB4857497831,VTK011954,paused,ml:MLB4857497831:MLB4880633285,492.48,,,,,False,AUTORIA_NAO_COMPROVADA_NAO_INFERIR_CUSTOM_PRICE
MLB4857497823,VTK003763,paused,ml:MLB4857497823:MLB4880633331,603.34,,,,,False,AUTORIA_NAO_COMPROVADA_NAO_INFERIR_CUSTOM_PRICE
MLB4857497799,VTK001433,paused,item:MLB4857497799,301.21,,,,,False,AUTORIA_NAO_COMPROVADA_NAO_INFERIR_CUSTOM_PRICE
MLB4857497773,VTK006509,paused,ml:MLB4857497773:MLB7149405858,527.94,,,,,False,AUTORIA_NAO_COMPROVADA_NAO_INFERIR_CUSTOM_PRICE
MLB4857497711,VTK001366,paused,item:MLB4857497711,674.85,,,,,False,AUTORIA_NAO_COMPROVADA_NAO_INFERIR_CUSTOM_PRICE
MLB4857497669,VTK001364,paused,item:MLB4857497669,1253.2,,,,,False,AUTORIA_NAO_COMPROVADA_NAO_INFERIR_CUSTOM_PRICE
MLB4857497595,VTK001087,paused,ml:MLB4857497595:MLB4880633353,1479,,,,,False,AUTORIA_NAO_COMPROVADA_NAO_INFERIR_CUSTOM_PRICE
MLB4857497565,VTK001227,paused,ml:MLB4857497565:MLB7150062240,681.15,,,,,False,AUTORIA_NAO_COMPROVADA_NAO_INFERIR_CUSTOM_PRICE
MLB4857497551,VTK002582,paused,ml:MLB4857497551:MLB7149405892,1579.96,,,,,False,AUTORIA_NAO_COMPROVADA_NAO_INFERIR_CUSTOM_PRICE
MLB4857497541,VTK002581,paused,item:MLB4857497541,1579.96,,,,,False,AUTORIA_NAO_COMPROVADA_NAO_INFERIR_CUSTOM_PRICE
MLB4857497429,VTK001105,paused,item:MLB4857497429,1973.42,,,,,False,AUTORIA_NAO_COMPROVADA_NAO_INFERIR_CUSTOM_PRICE
MLB4857495507,VTK006410,paused,ml:MLB4857495507:MLB7317383936,234.59,,,,,False,AUTORIA_NAO_COMPROVADA_NAO_INFERIR_CUSTOM_PRICE
MLB4857495481,VTK006493,paused,ml:MLB4857495481:MLB7149375450,337.41,,,,,False,AUTORIA_NAO_COMPROVADA_NAO_INFERIR_CUSTOM_PRICE
MLB4857495397,VTK000961,paused,ml:MLB4857495397:MLB7313982682,266.72,,,,,False,AUTORIA_NAO_COMPROVADA_NAO_INFERIR_CUSTOM_PRICE
MLB4857495265,VTK001218,paused,ml:MLB4857495265:MLB4880633389,813.71,,,,,False,AUTORIA_NAO_COMPROVADA_NAO_INFERIR_CUSTOM_PRICE
MLB4857495097,VTK004779,paused,ml:MLB4857495097:MLB7150533984,714.71,,,,,False,AUTORIA_NAO_COMPROVADA_NAO_INFERIR_CUSTOM_PRICE
MLB4857494517,VTK002877,paused,ml:MLB4857494517:MLB7149405934,1709.9,,,,,False,AUTORIA_NAO_COMPROVADA_NAO_INFERIR_CUSTOM_PRICE
MLB4857494485,VTK000221,paused,ml:MLB4857494485:MLB7149375476,1459.51,,,,,False,AUTORIA_NAO_COMPROVADA_NAO_INFERIR_CUSTOM_PRICE
MLB4857494477,VTK000588,paused,ml:MLB4857494477:MLB5034095623,1459.51,,,,,False,AUTORIA_NAO_COMPROVADA_NAO_INFERIR_CUSTOM_PRICE
MLB4857494457,VTK000553,paused,ml:MLB4857494457:MLB7149405950,1090,,,,,False,AUTORIA_NAO_COMPROVADA_NAO_INFERIR_CUSTOM_PRICE
MLB4857494429,VTK000996,paused,ml:MLB4857494429:MLB4880633419,1201,,,,,False,AUTORIA_NAO_COMPROVADA_NAO_INFERIR_CUSTOM_PRICE
MLB4857494415,VTK000590,paused,ml:MLB4857494415:MLB7176569980,1798.34,,,,,False,AUTORIA_NAO_COMPROVADA_NAO_INFERIR_CUSTOM_PRICE
MLB4857494373,VTK000581,paused,ml:MLB4857494373:MLB7151451924,2018.75,,,,,False,AUTORIA_NAO_COMPROVADA_NAO_INFERIR_CUSTOM_PRICE
MLB4857494359,VTK004054,paused,item:MLB4857494359,2096.62,,,,,False,AUTORIA_NAO_COMPROVADA_NAO_INFERIR_CUSTOM_PRICE
MLB4857494313,VTK001005,paused,ml:MLB4857494313:MLB7149405972,3223,,,,,False,AUTORIA_NAO_COMPROVADA_NAO_INFERIR_CUSTOM_PRICE
MLB4857494309,VTK000923,paused,ml:MLB4857494309:MLB7330115414,2674.19,,,,,False,AUTORIA_NAO_COMPROVADA_NAO_INFERIR_CUSTOM_PRICE
MLB4857494289,VTK001078,paused,item:MLB4857494289,2674.19,,,,,False,AUTORIA_NAO_COMPROVADA_NAO_INFERIR_CUSTOM_PRICE
MLB4857494269,VTK001018,paused,ml:MLB4857494269:MLB7149405992,2674.19,,,,,False,AUTORIA_NAO_COMPROVADA_NAO_INFERIR_CUSTOM_PRICE
MLB4857494187,VTK001001,paused,ml:MLB4857494187:MLB7149406008,2863.75,,,,,False,AUTORIA_NAO_COMPROVADA_NAO_INFERIR_CUSTOM_PRICE
MLB4857494161,VTK000828,paused,ml:MLB4857494161:MLB7151451744,2997.09,,,,,False,AUTORIA_NAO_COMPROVADA_NAO_INFERIR_CUSTOM_PRICE
MLB4857494113,VTK000816,paused,ml:MLB4857494113:MLB7149406018,2290,,,,,False,AUTORIA_NAO_COMPROVADA_NAO_INFERIR_CUSTOM_PRICE
MLB4857494075,VTK004003,paused,ml:MLB4857494075:MLB4981702463,2715.29,,,,,False,AUTORIA_NAO_COMPROVADA_NAO_INFERIR_CUSTOM_PRICE
MLB4857494065,VTK001003,paused,ml:MLB4857494065:MLB7313972272,2711,,,,,False,AUTORIA_NAO_COMPROVADA_NAO_INFERIR_CUSTOM_PRICE
MLB4857486027,VTK001467,paused,item:MLB4857486027,386.09,,,,,False,AUTORIA_NAO_COMPROVADA_NAO_INFERIR_CUSTOM_PRICE
MLB4857485945,VTK002631,paused,ml:MLB4857485945:MLB7316880512,116.69,,,,,False,AUTORIA_NAO_COMPROVADA_NAO_INFERIR_CUSTOM_PRICE
MLB4857485927,VTK002815,paused,ml:MLB4857485927:MLB7149375564,167.75,,,,,False,AUTORIA_NAO_COMPROVADA_NAO_INFERIR_CUSTOM_PRICE
MLB4857485881,VTK001339,paused,item:MLB4857485881,332.21,,,,,False,AUTORIA_NAO_COMPROVADA_NAO_INFERIR_CUSTOM_PRICE
MLB4857485847,VTK001086,paused,item:MLB4857485847,358.58,,,,,False,AUTORIA_NAO_COMPROVADA_NAO_INFERIR_CUSTOM_PRICE
MLB4857485813,VTK000531,paused,ml:MLB4857485813:MLB4880633497,235.31,,,,,False,AUTORIA_NAO_COMPROVADA_NAO_INFERIR_CUSTOM_PRICE
MLB4857485805,VTK000639,paused,ml:MLB4857485805:MLB7149406066,301.27,,,,,False,AUTORIA_NAO_COMPROVADA_NAO_INFERIR_CUSTOM_PRICE
MLB4857485757,VTK001374,paused,item:MLB4857485757,530.41,,,,,False,AUTORIA_NAO_COMPROVADA_NAO_INFERIR_CUSTOM_PRICE
MLB4857485749,VTK001823,paused,item:MLB4857485749,694.35,,,,,False,AUTORIA_NAO_COMPROVADA_NAO_INFERIR_CUSTOM_PRICE
MLB4857485739,VTK005822,paused,ml:MLB4857485739:MLB7316880310,748.84,,,,,False,AUTORIA_NAO_COMPROVADA_NAO_INFERIR_CUSTOM_PRICE
MLB4857485733,VTK001061,paused,ml:MLB4857485733:MLB4880633537,606.04,,,,,False,AUTORIA_NAO_COMPROVADA_NAO_INFERIR_CUSTOM_PRICE
MLB4857485713,VTK004281,paused,ml:MLB4857485713:MLB7492666896,290.11,,,,,False,AUTORIA_NAO_COMPROVADA_NAO_INFERIR_CUSTOM_PRICE
MLB4857485705,VTK002494,paused,ml:MLB4857485705:MLB4994226359,537.08,,,,,False,AUTORIA_NAO_COMPROVADA_NAO_INFERIR_CUSTOM_PRICE
MLB4857485639,VTK001317,paused,item:MLB4857485639,1260.32,,,,,False,AUTORIA_NAO_COMPROVADA_NAO_INFERIR_CUSTOM_PRICE
MLB4857485603,VTK001411,paused,ml:MLB4857485603:MLB4880633545,288.12,,,,,False,AUTORIA_NAO_COMPROVADA_NAO_INFERIR_CUSTOM_PRICE
MLB4857485579,VTK001436,paused,ml:MLB4857485579:MLB7330395454,130.69,,,,,False,AUTORIA_NAO_COMPROVADA_NAO_INFERIR_CUSTOM_PRICE
MLB4857485559,VTK006451,paused,ml:MLB4857485559:MLB7529393594,177.19,,,,,False,AUTORIA_NAO_COMPROVADA_NAO_INFERIR_CUSTOM_PRICE
MLB4857485535,VTK001478,paused,item:MLB4857485535,404.37,,,,,False,AUTORIA_NAO_COMPROVADA_NAO_INFERIR_CUSTOM_PRICE
MLB4857485481,VTK001045,paused,item:MLB4857485481,248.1,,,,,False,AUTORIA_NAO_COMPROVADA_NAO_INFERIR_CUSTOM_PRICE
MLB4857485471,VTK006570,paused,ml:MLB4857485471:MLB7157761264,175,,,,,False,AUTORIA_NAO_COMPROVADA_NAO_INFERIR_CUSTOM_PRICE
MLB4857485445,VTK006436,paused,ml:MLB4857485445:MLB7149375696,242.74,,,,,False,AUTORIA_NAO_COMPROVADA_NAO_INFERIR_CUSTOM_PRICE
MLB4857485439,VTK005150,paused,ml:MLB4857485439:MLB7149375716,137,,,,,False,AUTORIA_NAO_COMPROVADA_NAO_INFERIR_CUSTOM_PRICE
MLB4857485403,VTK006452,paused,ml:MLB4857485403:MLB7149406184,262.02,,,,,False,AUTORIA_NAO_COMPROVADA_NAO_INFERIR_CUSTOM_PRICE
MLB4857485353,VTK006429,paused,item:MLB4857485353,333.68,,,,,False,AUTORIA_NAO_COMPROVADA_NAO_INFERIR_CUSTOM_PRICE
MLB4857485317,VTK001344,paused,item:MLB4857485317,774.9,,,,,False,AUTORIA_NAO_COMPROVADA_NAO_INFERIR_CUSTOM_PRICE
MLB4857485311,VTK001311,paused,ml:MLB4857485311:MLB7149375754,891.08,,,,,False,AUTORIA_NAO_COMPROVADA_NAO_INFERIR_CUSTOM_PRICE
MLB4857485303,VTK001482,paused,item:MLB4857485303,1256.95,,,,,False,AUTORIA_NAO_COMPROVADA_NAO_INFERIR_CUSTOM_PRICE
MLB4857485293,VTK006475,paused,item:MLB4857485293,387.06,,,,,False,AUTORIA_NAO_COMPROVADA_NAO_INFERIR_CUSTOM_PRICE
MLB4857485283,VTK002174,paused,item:MLB4857485283,571.21,,,,,False,AUTORIA_NAO_COMPROVADA_NAO_INFERIR_CUSTOM_PRICE
MLB4857485271,VTK006525,paused,ml:MLB4857485271:MLB4880633663,496.26,,,,,False,AUTORIA_NAO_COMPROVADA_NAO_INFERIR_CUSTOM_PRICE
MLB4857485261,VTK011956,paused,ml:MLB4857485261:MLB4880633673,576.13,,,,,False,AUTORIA_NAO_COMPROVADA_NAO_INFERIR_CUSTOM_PRICE
MLB4857485249,VTK006447,paused,item:MLB4857485249,462.6,,,,,False,AUTORIA_NAO_COMPROVADA_NAO_INFERIR_CUSTOM_PRICE
MLB4857485241,VTK000542,paused,item:MLB4857485241,638.85,,,,,False,AUTORIA_NAO_COMPROVADA_NAO_INFERIR_CUSTOM_PRICE
MLB4857485235,VTK006521,paused,ml:MLB4857485235:MLB7149406348,441,,,,,False,AUTORIA_NAO_COMPROVADA_NAO_INFERIR_CUSTOM_PRICE
MLB4857485223,VTK006522,paused,ml:MLB4857485223:MLB7316879712,486.24,,,,,False,AUTORIA_NAO_COMPROVADA_NAO_INFERIR_CUSTOM_PRICE
MLB4857485179,VTK001827,paused,ml:MLB4857485179:MLB4986647317,788.06,,,,,False,AUTORIA_NAO_COMPROVADA_NAO_INFERIR_CUSTOM_PRICE
MLB4857485103,VTK006425,paused,item:MLB4857485103,872.67,,,,,False,AUTORIA_NAO_COMPROVADA_NAO_INFERIR_CUSTOM_PRICE
MLB4857485083,VTK000872,paused,ml:MLB4857485083:MLB7298177144,1190,,,,,False,AUTORIA_NAO_COMPROVADA_NAO_INFERIR_CUSTOM_PRICE
MLB4857484983,VTK006323,paused,ml:MLB4857484983:MLB4881024459,652.06,,,,,False,AUTORIA_NAO_COMPROVADA_NAO_INFERIR_CUSTOM_PRICE
MLB4857482663,VTK001320,paused,item:MLB4857482663,719.73,,,,,False,AUTORIA_NAO_COMPROVADA_NAO_INFERIR_CUSTOM_PRICE
MLB4857482541,VTK000344,paused,ml:MLB4857482541:MLB7320340116,1739.06,,,,,False,AUTORIA_NAO_COMPROVADA_NAO_INFERIR_CUSTOM_PRICE
MLB4857482537,VTK000320,paused,ml:MLB4857482537:MLB4898611535,1433,,,,,False,AUTORIA_NAO_COMPROVADA_NAO_INFERIR_CUSTOM_PRICE
MLB4857482463,VTK001256,paused,item:MLB4857482463,652.63,,,,,False,AUTORIA_NAO_COMPROVADA_NAO_INFERIR_CUSTOM_PRICE
MLB4857481873,VTK006417,paused,ml:MLB4857481873:MLB7149406786,1417.39,,,,,False,AUTORIA_NAO_COMPROVADA_NAO_INFERIR_CUSTOM_PRICE
MLB4857481783,VTK000596,paused,ml:MLB4857481783:MLB7149376384,1099,,,,,False,AUTORIA_NAO_COMPROVADA_NAO_INFERIR_CUSTOM_PRICE
MLB4857481707,VTK000525,paused,ml:MLB4857481707:MLB7316880274,1879,,,,,False,AUTORIA_NAO_COMPROVADA_NAO_INFERIR_CUSTOM_PRICE
MLB4857481641,VTK001076,paused,item:MLB4857481641,2174,,,,,False,AUTORIA_NAO_COMPROVADA_NAO_INFERIR_CUSTOM_PRICE
MLB4857481557,VTK000983,paused,ml:MLB4857481557:MLB7330396220,1960,,,,,False,AUTORIA_NAO_COMPROVADA_NAO_INFERIR_CUSTOM_PRICE
MLB4857481517,VTK000814,paused,ml:MLB4857481517:MLB7330546652,2270,,,,,False,AUTORIA_NAO_COMPROVADA_NAO_INFERIR_CUSTOM_PRICE
MLB4857481503,VTK006265,paused,item:MLB4857481503,2885.19,,,,,False,AUTORIA_NAO_COMPROVADA_NAO_INFERIR_CUSTOM_PRICE
MLB4857481465,VTK000808,paused,ml:MLB4857481465:MLB4981702351,2501,,,,,False,AUTORIA_NAO_COMPROVADA_NAO_INFERIR_CUSTOM_PRICE
MLB4857481411,VTK000870,paused,ml:MLB4857481411:MLB7330115368,2506,,,,,False,AUTORIA_NAO_COMPROVADA_NAO_INFERIR_CUSTOM_PRICE
MLB4857481389,VTK000863,paused,ml:MLB4857481389:MLB7330399918,2368,,,,,False,AUTORIA_NAO_COMPROVADA_NAO_INFERIR_CUSTOM_PRICE
MLB4857481363,VTK000547,paused,item:MLB4857481363,3177.38,,,,,False,AUTORIA_NAO_COMPROVADA_NAO_INFERIR_CUSTOM_PRICE
MLB4855768919,VTK000121,paused,ml:MLB4855768919:MLB7076568016,195.5,,,,,False,AUTORIA_NAO_COMPROVADA_NAO_INFERIR_CUSTOM_PRICE
MLB7120393996,VTK000194,paused,ml:MLB4837700753:MLB7120393996,166.94,,,,,False,AUTORIA_NAO_COMPROVADA_NAO_INFERIR_CUSTOM_PRICE
MLB7119494534,VTK001465,paused,ml:MLB4842111973:MLB7119494534,596,,,,,False,AUTORIA_NAO_COMPROVADA_NAO_INFERIR_CUSTOM_PRICE
MLB4860776827,VTK001335,paused,ml:MLB4842126453:MLB4860776827,1990,,,,,False,AUTORIA_NAO_COMPROVADA_NAO_INFERIR_CUSTOM_PRICE
MLB7127815018,VTK003796,paused,ml:MLB7087435088:MLB7127815018,209.84,,,,,False,AUTORIA_NAO_COMPROVADA_NAO_INFERIR_CUSTOM_PRICE
MLB7127532580,VTK012782,paused,ml:MLB7111654076:MLB7127532580,6990,,,,,False,AUTORIA_NAO_COMPROVADA_NAO_INFERIR_CUSTOM_PRICE
MLB7126951868,VTK001487,paused,ml:MLB4842205725:MLB7126951868,338.78,,,,,False,AUTORIA_NAO_COMPROVADA_NAO_INFERIR_CUSTOM_PRICE
MLB4866768059,VTK000225,paused,item:MLB4866768059,162.48,,,,,False,AUTORIA_NAO_COMPROVADA_NAO_INFERIR_CUSTOM_PRICE
MLB4866768017,VTK000672,paused,ml:MLB4866768017:MLB7314820760,329.9,,,,,False,AUTORIA_NAO_COMPROVADA_NAO_INFERIR_CUSTOM_PRICE
MLB4866766425,VTK000777,paused,ml:MLB4866766425:MLB4898634797,783,,,,,False,AUTORIA_NAO_COMPROVADA_NAO_INFERIR_CUSTOM_PRICE
MLB4866766223,VTK001244,paused,ml:MLB4866766223:MLB7313973044,194,,,,,False,AUTORIA_NAO_COMPROVADA_NAO_INFERIR_CUSTOM_PRICE
MLB4866754837,VTK001434,paused,item:MLB4866754837,1808.75,,,,,False,AUTORIA_NAO_COMPROVADA_NAO_INFERIR_CUSTOM_PRICE
MLB4866744249,VTK004842,paused,item:MLB4866744249,281,,,,,False,AUTORIA_NAO_COMPROVADA_NAO_INFERIR_CUSTOM_PRICE
MLB4866744227,VTK001238,paused,ml:MLB4866744227:MLB4892650483,114.56,,,,,False,AUTORIA_NAO_COMPROVADA_NAO_INFERIR_CUSTOM_PRICE
MLB4866742421,VTK006494,paused,ml:MLB4866742421:MLB7313972062,268,,,,,False,AUTORIA_NAO_COMPROVADA_NAO_INFERIR_CUSTOM_PRICE
MLB7137239400,VTK002024,paused,ml:MLB4842189001:MLB7137239400,495.06,,,,,False,AUTORIA_NAO_COMPROVADA_NAO_INFERIR_CUSTOM_PRICE
MLB7137214452,VTK006550,paused,ml:MLB7087416462:MLB7137214452,251.56,,,,,False,AUTORIA_NAO_COMPROVADA_NAO_INFERIR_CUSTOM_PRICE
MLB7145284172,VTK011965,paused,ml:MLB7145284172:MLB7151451642,1591.5,,,,,False,AUTORIA_NAO_COMPROVADA_NAO_INFERIR_CUSTOM_PRICE
MLB7145211172,VTK000760,paused,ml:MLB7145211172:MLB7330398912,2018.75,,,,,False,AUTORIA_NAO_COMPROVADA_NAO_INFERIR_CUSTOM_PRICE
MLB7145210472,VTK012784,paused,item:MLB7145210472,1223.88,,,,,False,AUTORIA_NAO_COMPROVADA_NAO_INFERIR_CUSTOM_PRICE
MLB7145210360,VTK001094,paused,item:MLB7145210360,1524.15,,,,,False,AUTORIA_NAO_COMPROVADA_NAO_INFERIR_CUSTOM_PRICE
MLB7145208300,VTK000293,paused,item:MLB7145208300,515.19,,,,,False,AUTORIA_NAO_COMPROVADA_NAO_INFERIR_CUSTOM_PRICE
MLB7145000692,VTK000602,paused,ml:MLB4842008201:MLB7145000692,2871,,,,,False,AUTORIA_NAO_COMPROVADA_NAO_INFERIR_CUSTOM_PRICE
MLB7144611732,VTK002300,paused,ml:MLB4842176947:MLB7144611732,475.65,,,,,False,AUTORIA_NAO_COMPROVADA_NAO_INFERIR_CUSTOM_PRICE
MLB7141383362,VTK001138,paused,ml:MLB7087153026:MLB7141383362,1564.69,,,,,False,AUTORIA_NAO_COMPROVADA_NAO_INFERIR_CUSTOM_PRICE
MLB4877490799,VTK006102,paused,item:MLB4877490799,248.83,,,,,False,AUTORIA_NAO_COMPROVADA_NAO_INFERIR_CUSTOM_PRICE
MLB4877490365,VTK006235,paused,item:MLB4877490365,835.66,,,,,False,AUTORIA_NAO_COMPROVADA_NAO_INFERIR_CUSTOM_PRICE
MLB4877488721,VTK000119,paused,item:MLB4877488721,515.19,,,,,False,AUTORIA_NAO_COMPROVADA_NAO_INFERIR_CUSTOM_PRICE
MLB4877487805,VTK001483,paused,item:MLB4877487805,252.83,,,,,False,AUTORIA_NAO_COMPROVADA_NAO_INFERIR_CUSTOM_PRICE
MLB4877487123,VTK001046,paused,ml:MLB4877487123:MLB4880634321,145.14,,,,,False,AUTORIA_NAO_COMPROVADA_NAO_INFERIR_CUSTOM_PRICE
MLB4877418501,VTK000265,paused,item:MLB4877418501,515.19,,,,,False,AUTORIA_NAO_COMPROVADA_NAO_INFERIR_CUSTOM_PRICE
MLB4877418085,VTK001259,paused,ml:MLB4877418085:MLB7149376504,295,,,,,False,AUTORIA_NAO_COMPROVADA_NAO_INFERIR_CUSTOM_PRICE
MLB4877415847,VTK001226,paused,item:MLB4877415847,129.4,,,,,False,AUTORIA_NAO_COMPROVADA_NAO_INFERIR_CUSTOM_PRICE
MLB6646381018,VTK006361,paused,ml:MLB6573107760:MLB6646381018,89.9,,,,,False,AUTORIA_NAO_COMPROVADA_NAO_INFERIR_CUSTOM_PRICE
MLB6573107760,VTK006361,paused,ml:MLB6573107760:MLB6646381018,89.9,,,,,False,AUTORIA_NAO_COMPROVADA_NAO_INFERIR_CUSTOM_PRICE
MLB6573107140,VTK006362,paused,item:MLB6573107140,99.83,,,,,False,AUTORIA_NAO_COMPROVADA_NAO_INFERIR_CUSTOM_PRICE
MLB4786753035,VTK006173,paused,ml:MLB4786753035:MLB6573097424,103.87,,,,,False,AUTORIA_NAO_COMPROVADA_NAO_INFERIR_CUSTOM_PRICE
MLB6573097424,VTK006173,paused,ml:MLB4786753035:MLB6573097424,103.87,,,,,False,AUTORIA_NAO_COMPROVADA_NAO_INFERIR_CUSTOM_PRICE
MLB7040921798,VTK000110,paused,ml:MLB4801145175:MLB7040921798,379,,,,,False,AUTORIA_NAO_COMPROVADA_NAO_INFERIR_CUSTOM_PRICE
MLB4801145175,VTK000110,paused,ml:MLB4801145175:MLB7040921798,379,,,,,False,AUTORIA_NAO_COMPROVADA_NAO_INFERIR_CUSTOM_PRICE
MLB7150553642,VTK006473,paused,ml:MLB7111545710:MLB7150553642,267,,,,,False,AUTORIA_NAO_COMPROVADA_NAO_INFERIR_CUSTOM_PRICE
MLB7150533984,VTK004779,paused,ml:MLB4857495097:MLB7150533984,714.71,,,,,False,AUTORIA_NAO_COMPROVADA_NAO_INFERIR_CUSTOM_PRICE
MLB7150323352,VTK003636,paused,ml:MLB7087410670:MLB7150323352,1539.44,,,,,False,AUTORIA_NAO_COMPROVADA_NAO_INFERIR_CUSTOM_PRICE
MLB7149406786,VTK006417,paused,ml:MLB4857481873:MLB7149406786,1417.39,,,,,False,AUTORIA_NAO_COMPROVADA_NAO_INFERIR_CUSTOM_PRICE
MLB7149406348,VTK006521,paused,ml:MLB4857485235:MLB7149406348,441,,,,,False,AUTORIA_NAO_COMPROVADA_NAO_INFERIR_CUSTOM_PRICE
MLB7149406184,VTK006452,paused,ml:MLB4857485403:MLB7149406184,262.02,,,,,False,AUTORIA_NAO_COMPROVADA_NAO_INFERIR_CUSTOM_PRICE
MLB7149406066,VTK000639,paused,ml:MLB4857485805:MLB7149406066,301.27,,,,,False,AUTORIA_NAO_COMPROVADA_NAO_INFERIR_CUSTOM_PRICE
MLB7149406018,VTK000816,paused,ml:MLB4857494113:MLB7149406018,2290,,,,,False,AUTORIA_NAO_COMPROVADA_NAO_INFERIR_CUSTOM_PRICE
MLB7149406008,VTK001001,paused,ml:MLB4857494187:MLB7149406008,2863.75,,,,,False,AUTORIA_NAO_COMPROVADA_NAO_INFERIR_CUSTOM_PRICE
MLB7149405992,VTK001018,paused,ml:MLB4857494269:MLB7149405992,2674.19,,,,,False,AUTORIA_NAO_COMPROVADA_NAO_INFERIR_CUSTOM_PRICE
MLB7149405972,VTK001005,paused,ml:MLB4857494313:MLB7149405972,3223,,,,,False,AUTORIA_NAO_COMPROVADA_NAO_INFERIR_CUSTOM_PRICE
MLB7149405950,VTK000553,paused,ml:MLB4857494457:MLB7149405950,1090,,,,,False,AUTORIA_NAO_COMPROVADA_NAO_INFERIR_CUSTOM_PRICE
MLB7149405934,VTK002877,paused,ml:MLB4857494517:MLB7149405934,1709.9,,,,,False,AUTORIA_NAO_COMPROVADA_NAO_INFERIR_CUSTOM_PRICE
MLB7149405892,VTK002582,paused,ml:MLB4857497551:MLB7149405892,1579.96,,,,,False,AUTORIA_NAO_COMPROVADA_NAO_INFERIR_CUSTOM_PRICE
MLB7149405858,VTK006509,paused,ml:MLB4857497773:MLB7149405858,527.94,,,,,False,AUTORIA_NAO_COMPROVADA_NAO_INFERIR_CUSTOM_PRICE
MLB7149405758,VTK006437,paused,ml:MLB4857498065:MLB7149405758,189,,,,,False,AUTORIA_NAO_COMPROVADA_NAO_INFERIR_CUSTOM_PRICE
MLB7149405728,VTK002683,paused,ml:MLB4857498401:MLB7149405728,140.58,,,,,False,AUTORIA_NAO_COMPROVADA_NAO_INFERIR_CUSTOM_PRICE
MLB7149405678,VTK006635,paused,ml:MLB4857530651:MLB7149405678,646.62,,,,,False,AUTORIA_NAO_COMPROVADA_NAO_INFERIR_CUSTOM_PRICE
MLB7149405652,VTK001111,paused,ml:MLB4857530845:MLB7149405652,362.66,,,,,False,AUTORIA_NAO_COMPROVADA_NAO_INFERIR_CUSTOM_PRICE
MLB7149405640,VTK003500,paused,ml:MLB4857530893:MLB7149405640,173.69,,,,,False,AUTORIA_NAO_COMPROVADA_NAO_INFERIR_CUSTOM_PRICE
MLB7149376504,VTK001259,paused,ml:MLB4877418085:MLB7149376504,295,,,,,False,AUTORIA_NAO_COMPROVADA_NAO_INFERIR_CUSTOM_PRICE
MLB7149376384,VTK000596,paused,ml:MLB4857481783:MLB7149376384,1099,,,,,False,AUTORIA_NAO_COMPROVADA_NAO_INFERIR_CUSTOM_PRICE
MLB7149375754,VTK001311,paused,ml:MLB4857485311:MLB7149375754,891.08,,,,,False,AUTORIA_NAO_COMPROVADA_NAO_INFERIR_CUSTOM_PRICE
MLB7149375716,VTK005150,paused,ml:MLB4857485439:MLB7149375716,137,,,,,False,AUTORIA_NAO_COMPROVADA_NAO_INFERIR_CUSTOM_PRICE
MLB7149375696,VTK006436,paused,ml:MLB4857485445:MLB7149375696,242.74,,,,,False,AUTORIA_NAO_COMPROVADA_NAO_INFERIR_CUSTOM_PRICE
MLB7149375564,VTK002815,paused,ml:MLB4857485927:MLB7149375564,167.75,,,,,False,AUTORIA_NAO_COMPROVADA_NAO_INFERIR_CUSTOM_PRICE
MLB7149375476,VTK000221,paused,ml:MLB4857494485:MLB7149375476,1459.51,,,,,False,AUTORIA_NAO_COMPROVADA_NAO_INFERIR_CUSTOM_PRICE
MLB7149375450,VTK006493,paused,ml:MLB4857495481:MLB7149375450,337.41,,,,,False,AUTORIA_NAO_COMPROVADA_NAO_INFERIR_CUSTOM_PRICE
MLB7149375338,VTK006571,paused,ml:MLB4857497865:MLB7149375338,291.93,,,,,False,AUTORIA_NAO_COMPROVADA_NAO_INFERIR_CUSTOM_PRICE
MLB7149375314,VTK000597,paused,ml:MLB4857497905:MLB7149375314,306.98,,,,,False,AUTORIA_NAO_COMPROVADA_NAO_INFERIR_CUSTOM_PRICE
MLB7149375302,VTK001031,paused,ml:MLB4857497923:MLB7149375302,222.34,,,,,False,AUTORIA_NAO_COMPROVADA_NAO_INFERIR_CUSTOM_PRICE
MLB7149375248,VTK001359,paused,ml:MLB4857498159:MLB7149375248,1560.16,,,,,False,AUTORIA_NAO_COMPROVADA_NAO_INFERIR_CUSTOM_PRICE
MLB7149375172,VTK001373,paused,ml:MLB4857530587:MLB7149375172,1640.44,,,,,False,AUTORIA_NAO_COMPROVADA_NAO_INFERIR_CUSTOM_PRICE
MLB7149375154,VTK003572,paused,ml:MLB4857530777:MLB7149375154,402.9,,,,,False,AUTORIA_NAO_COMPROVADA_NAO_INFERIR_CUSTOM_PRICE
MLB7149375006,VTK012821,paused,ml:MLB4857540399:MLB7149375006,1138.74,,,,,False,AUTORIA_NAO_COMPROVADA_NAO_INFERIR_CUSTOM_PRICE
MLB7149369852,VTK006430,paused,ml:MLB7111545682:MLB7149369852,277.5,,,,,False,AUTORIA_NAO_COMPROVADA_NAO_INFERIR_CUSTOM_PRICE
MLB7149369808,VTK003638,paused,ml:MLB7111545754:MLB7149369808,183,,,,,False,AUTORIA_NAO_COMPROVADA_NAO_INFERIR_CUSTOM_PRICE
MLB7149369770,VTK001428,paused,ml:MLB7111545782:MLB7149369770,863.4,,,,,False,AUTORIA_NAO_COMPROVADA_NAO_INFERIR_CUSTOM_PRICE
MLB7149369318,VTK011955,paused,ml:MLB7111548264:MLB7149369318,492.48,,,,,False,AUTORIA_NAO_COMPROVADA_NAO_INFERIR_CUSTOM_PRICE
MLB7149338588,VTK002599,paused,ml:MLB4857631257:MLB7149338588,889,,,,,False,AUTORIA_NAO_COMPROVADA_NAO_INFERIR_CUSTOM_PRICE
MLB7149335840,VTK006254,paused,ml:MLB7111544468:MLB7149335840,2885.19,,,,,False,AUTORIA_NAO_COMPROVADA_NAO_INFERIR_CUSTOM_PRICE
MLB7149335806,VTK002306,paused,ml:MLB7111544750:MLB7149335806,1990,,,,,False,AUTORIA_NAO_COMPROVADA_NAO_INFERIR_CUSTOM_PRICE
MLB7149335744,VTK009661,paused,ml:MLB7111545360:MLB7149335744,433.7,,,,,False,AUTORIA_NAO_COMPROVADA_NAO_INFERIR_CUSTOM_PRICE
MLB7149335708,VTK006203,paused,ml:MLB7111545556:MLB7149335708,283.37,,,,,False,AUTORIA_NAO_COMPROVADA_NAO_INFERIR_CUSTOM_PRICE
MLB7149335436,VTK001253,paused,ml:MLB7111547940:MLB7149335436,479.54,,,,,False,AUTORIA_NAO_COMPROVADA_NAO_INFERIR_CUSTOM_PRICE
MLB7149335316,VTK006512,paused,ml:MLB7111548096:MLB7149335316,544,,,,,False,AUTORIA_NAO_COMPROVADA_NAO_INFERIR_CUSTOM_PRICE
MLB7149335022,VTK003921,paused,ml:MLB7111548298:MLB7149335022,245.27,,,,,False,AUTORIA_NAO_COMPROVADA_NAO_INFERIR_CUSTOM_PRICE
MLB7149272886,VTK000599,paused,ml:MLB7095639836:MLB7149272886,200.84,,,,,False,AUTORIA_NAO_COMPROVADA_NAO_INFERIR_CUSTOM_PRICE
MLB7149272796,VTK000999,paused,ml:MLB7096334166:MLB7149272796,503.39,,,,,False,AUTORIA_NAO_COMPROVADA_NAO_INFERIR_CUSTOM_PRICE
MLB7149272618,VTK000198,paused,ml:MLB4841956051:MLB7149272618,602.95,,,,,False,AUTORIA_NAO_COMPROVADA_NAO_INFERIR_CUSTOM_PRICE
MLB7149272484,VTK000454,paused,ml:MLB4841979001:MLB7149272484,562.85,,,,,False,AUTORIA_NAO_COMPROVADA_NAO_INFERIR_CUSTOM_PRICE
MLB7149272156,VTK000417,paused,ml:MLB4841999565:MLB7149272156,335,,,,,False,AUTORIA_NAO_COMPROVADA_NAO_INFERIR_CUSTOM_PRICE
MLB7149271832,VTK001192,paused,ml:MLB4842089561:MLB7149271832,645.99,,,,,False,AUTORIA_NAO_COMPROVADA_NAO_INFERIR_CUSTOM_PRICE
MLB7149271684,VTK001370,paused,ml:MLB4842110297:MLB7149271684,1004,,,,,False,AUTORIA_NAO_COMPROVADA_NAO_INFERIR_CUSTOM_PRICE
MLB7145007444,VTK000584,paused,ml:MLB4841995135:MLB7145007444,210.28,,,,,False,AUTORIA_NAO_COMPROVADA_NAO_INFERIR_CUSTOM_PRICE
MLB4881438241,VTK000446,paused,ml:MLB4842003797:MLB4881438241,940,,,,,False,AUTORIA_NAO_COMPROVADA_NAO_INFERIR_CUSTOM_PRICE
MLB4881024413,VTK000335,paused,ml:MLB4881024413:MLB7086990248,833,,,,,False,AUTORIA_NAO_COMPROVADA_NAO_INFERIR_CUSTOM_PRICE
MLB4880634321,VTK001046,paused,ml:MLB4877487123:MLB4880634321,145.14,,,,,False,AUTORIA_NAO_COMPROVADA_NAO_INFERIR_CUSTOM_PRICE
MLB4880633673,VTK011956,paused,ml:MLB4857485261:MLB4880633673,576.13,,,,,False,AUTORIA_NAO_COMPROVADA_NAO_INFERIR_CUSTOM_PRICE
MLB4880633663,VTK006525,paused,ml:MLB4857485271:MLB4880633663,496.26,,,,,False,AUTORIA_NAO_COMPROVADA_NAO_INFERIR_CUSTOM_PRICE
MLB4880633545,VTK001411,paused,ml:MLB4857485603:MLB4880633545,288.12,,,,,False,AUTORIA_NAO_COMPROVADA_NAO_INFERIR_CUSTOM_PRICE
MLB4880633537,VTK001061,paused,ml:MLB4857485733:MLB4880633537,606.04,,,,,False,AUTORIA_NAO_COMPROVADA_NAO_INFERIR_CUSTOM_PRICE
MLB4880633497,VTK000531,paused,ml:MLB4857485813:MLB4880633497,235.31,,,,,False,AUTORIA_NAO_COMPROVADA_NAO_INFERIR_CUSTOM_PRICE
MLB4880633419,VTK000996,paused,ml:MLB4857494429:MLB4880633419,1201,,,,,False,AUTORIA_NAO_COMPROVADA_NAO_INFERIR_CUSTOM_PRICE
MLB4880633389,VTK001218,paused,ml:MLB4857495265:MLB4880633389,813.71,,,,,False,AUTORIA_NAO_COMPROVADA_NAO_INFERIR_CUSTOM_PRICE
MLB4880633353,VTK001087,paused,ml:MLB4857497595:MLB4880633353,1479,,,,,False,AUTORIA_NAO_COMPROVADA_NAO_INFERIR_CUSTOM_PRICE
MLB4880633331,VTK003763,paused,ml:MLB4857497823:MLB4880633331,603.34,,,,,False,AUTORIA_NAO_COMPROVADA_NAO_INFERIR_CUSTOM_PRICE
MLB4880633285,VTK011954,paused,ml:MLB4857497831:MLB4880633285,492.48,,,,,False,AUTORIA_NAO_COMPROVADA_NAO_INFERIR_CUSTOM_PRICE
MLB4880633277,VTK006597,paused,ml:MLB4857497845:MLB4880633277,291.93,,,,,False,AUTORIA_NAO_COMPROVADA_NAO_INFERIR_CUSTOM_PRICE
MLB4880633159,VTK003516,paused,ml:MLB4857498313:MLB4880633159,382.88,,,,,False,AUTORIA_NAO_COMPROVADA_NAO_INFERIR_CUSTOM_PRICE
MLB4880588611,VTK006586,paused,ml:MLB4880588611:MLB7111545648,266.72,,,,,False,AUTORIA_NAO_COMPROVADA_NAO_INFERIR_CUSTOM_PRICE
MLB4880588573,VTK006506,paused,ml:MLB4880588573:MLB7111545666,266.72,,,,,False,AUTORIA_NAO_COMPROVADA_NAO_INFERIR_CUSTOM_PRICE
MLB4880588171,VTK006573,paused,ml:MLB4880588171:MLB7111548236,496.26,,,,,False,AUTORIA_NAO_COMPROVADA_NAO_INFERIR_CUSTOM_PRICE
MLB4880560187,VTK000565,paused,ml:MLB4847210363:MLB4880560187,307.83,,,,,False,AUTORIA_NAO_COMPROVADA_NAO_INFERIR_CUSTOM_PRICE
MLB4880560029,VTK000577,paused,ml:MLB4880560029:MLB7095600886,190.19,,,,,False,AUTORIA_NAO_COMPROVADA_NAO_INFERIR_CUSTOM_PRICE
MLB4880559997,VTK000576,paused,ml:MLB4880559997:MLB7095638400,171.88,,,,,False,AUTORIA_NAO_COMPROVADA_NAO_INFERIR_CUSTOM_PRICE
MLB4880559857,VTK000472,paused,ml:MLB4880559857:MLB7096941120,594.04,,,,,False,AUTORIA_NAO_COMPROVADA_NAO_INFERIR_CUSTOM_PRICE
MLB4880559723,VTK000845,paused,ml:MLB4880559723:MLB7096960792,574.15,,,,,False,AUTORIA_NAO_COMPROVADA_NAO_INFERIR_CUSTOM_PRICE
MLB4880559473,VTK000583,paused,ml:MLB4841982429:MLB4880559473,2892,,,,,False,AUTORIA_NAO_COMPROVADA_NAO_INFERIR_CUSTOM_PRICE
MLB4880559445,VTK000204,paused,ml:MLB4841984913:MLB4880559445,328.39,,,,,False,AUTORIA_NAO_COMPROVADA_NAO_INFERIR_CUSTOM_PRICE
MLB4880559383,VTK000438,paused,ml:MLB4841990983:MLB4880559383,482.75,,,,,False,AUTORIA_NAO_COMPROVADA_NAO_INFERIR_CUSTOM_PRICE
MLB4880559291,VTK000333,paused,ml:MLB4841998615:MLB4880559291,145,,,,,False,AUTORIA_NAO_COMPROVADA_NAO_INFERIR_CUSTOM_PRICE
MLB4880558963,VTK001147,paused,ml:MLB4842087347:MLB4880558963,1590.92,,,,,False,AUTORIA_NAO_COMPROVADA_NAO_INFERIR_CUSTOM_PRICE
MLB4880558911,VTK001322,paused,ml:MLB4842094405:MLB4880558911,360.46,,,,,False,AUTORIA_NAO_COMPROVADA_NAO_INFERIR_CUSTOM_PRICE
MLB4880558889,VTK001181,paused,ml:MLB4842101293:MLB4880558889,146.19,,,,,False,AUTORIA_NAO_COMPROVADA_NAO_INFERIR_CUSTOM_PRICE
MLB4880525961,VTK000439,paused,ml:MLB4846582793:MLB4880525961,169.62,,,,,False,AUTORIA_NAO_COMPROVADA_NAO_INFERIR_CUSTOM_PRICE
MLB4880525789,VTK000148,paused,ml:MLB4847280759:MLB4880525789,1878.81,,,,,False,AUTORIA_NAO_COMPROVADA_NAO_INFERIR_CUSTOM_PRICE
MLB4880525713,VTK001148,paused,ml:MLB4847434101:MLB4880525713,376.34,,,,,False,AUTORIA_NAO_COMPROVADA_NAO_INFERIR_CUSTOM_PRICE
MLB4880525685,VTK001229,paused,ml:MLB4847438681:MLB4880525685,628.19,,,,,False,AUTORIA_NAO_COMPROVADA_NAO_INFERIR_CUSTOM_PRICE
MLB4880525293,VTK000425,paused,ml:MLB4841978013:MLB4880525293,383,,,,,False,AUTORIA_NAO_COMPROVADA_NAO_INFERIR_CUSTOM_PRICE
MLB4880525123,VTK000508,paused,ml:MLB4841980131:MLB4880525123,557.38,,,,,False,AUTORIA_NAO_COMPROVADA_NAO_INFERIR_CUSTOM_PRICE
MLB4880525019,VTK000421,paused,ml:MLB4841990459:MLB4880525019,407.08,,,,,False,AUTORIA_NAO_COMPROVADA_NAO_INFERIR_CUSTOM_PRICE
MLB4880524927,VTK000479,paused,ml:MLB4841991975:MLB4880524927,339,,,,,False,AUTORIA_NAO_COMPROVADA_NAO_INFERIR_CUSTOM_PRICE
MLB4880524851,VTK000467,paused,ml:MLB4842004263:MLB4880524851,513.15,,,,,False,AUTORIA_NAO_COMPROVADA_NAO_INFERIR_CUSTOM_PRICE
MLB4880524735,VTK000944,paused,ml:MLB4842020235:MLB4880524735,220.1,,,,,False,AUTORIA_NAO_COMPROVADA_NAO_INFERIR_CUSTOM_PRICE
MLB4880524671,VTK001159,paused,ml:MLB4842075851:MLB4880524671,206.27,,,,,False,AUTORIA_NAO_COMPROVADA_NAO_INFERIR_CUSTOM_PRICE
MLB4880524379,VTK001387,paused,ml:MLB4842110923:MLB4880524379,1782,,,,,False,AUTORIA_NAO_COMPROVADA_NAO_INFERIR_CUSTOM_PRICE
MLB4880517087,VTK001604,paused,ml:MLB4842174917:MLB4880517087,297.79,,,,,False,AUTORIA_NAO_COMPROVADA_NAO_INFERIR_CUSTOM_PRICE
MLB4841980907,VTK000546,paused,item:MLB4841980907,119.19,,,,,False,AUTORIA_NAO_COMPROVADA_NAO_INFERIR_CUSTOM_PRICE
MLB6573086526,VTK000921,paused,item:MLB6573086526,679.83,,,,,False,AUTORIA_NAO_COMPROVADA_NAO_INFERIR_CUSTOM_PRICE
MLB6573116398,VTK000991,paused,ml:MLB6573116398:MLB7330546720,84.34,,,,,False,AUTORIA_NAO_COMPROVADA_NAO_INFERIR_CUSTOM_PRICE
MLB7009331470,VTK004400,paused,ml:MLB7009331470:MLB7044869208,199,,,,,False,AUTORIA_NAO_COMPROVADA_NAO_INFERIR_CUSTOM_PRICE
MLB7044869208,VTK004400,paused,ml:MLB7009331470:MLB7044869208,199,,,,,False,AUTORIA_NAO_COMPROVADA_NAO_INFERIR_CUSTOM_PRICE
MLB7096942182,VTK000742,paused,item:MLB7096942182,168.86,,,,,False,AUTORIA_NAO_COMPROVADA_NAO_INFERIR_CUSTOM_PRICE
MLB6564859394,VTK006308,paused,ml:MLB6563432026:MLB6564859394,126.53,,,,,False,AUTORIA_NAO_COMPROVADA_NAO_INFERIR_CUSTOM_PRICE
MLB6563432026,VTK006308,paused,ml:MLB6563432026:MLB6564859394,126.53,,,,,False,AUTORIA_NAO_COMPROVADA_NAO_INFERIR_CUSTOM_PRICE
MLB7151451924,VTK000581,paused,ml:MLB4857494373:MLB7151451924,2018.75,,,,,False,AUTORIA_NAO_COMPROVADA_NAO_INFERIR_CUSTOM_PRICE
MLB7151451642,VTK011965,paused,ml:MLB7145284172:MLB7151451642,1591.5,,,,,False,AUTORIA_NAO_COMPROVADA_NAO_INFERIR_CUSTOM_PRICE
MLB7151451634,VTK002038,paused,ml:MLB4857541493:MLB7151451634,229,,,,,False,AUTORIA_NAO_COMPROVADA_NAO_INFERIR_CUSTOM_PRICE
MLB4882855435,VTK006568,paused,ml:MLB4882855435:MLB7111545656,266.72,,,,,False,AUTORIA_NAO_COMPROVADA_NAO_INFERIR_CUSTOM_PRICE
MLB4882821599,VTK001083,paused,ml:MLB4882821599:MLB7111548354,212.01,,,,,False,AUTORIA_NAO_COMPROVADA_NAO_INFERIR_CUSTOM_PRICE
MLB4881447331,VTK000353,paused,ml:MLB4881447331:MLB7086990710,357,,,,,False,AUTORIA_NAO_COMPROVADA_NAO_INFERIR_CUSTOM_PRICE
MLB4881447287,VTK000149,paused,ml:MLB4881447287:MLB7076591918,664.14,,,,,False,AUTORIA_NAO_COMPROVADA_NAO_INFERIR_CUSTOM_PRICE
MLB4881447243,VTK001090,paused,ml:MLB4881447243:MLB7087107810,1195,,,,,False,AUTORIA_NAO_COMPROVADA_NAO_INFERIR_CUSTOM_PRICE
MLB4881447119,VTK000245,paused,ml:MLB4836470155:MLB4881447119,1020,,,,,False,AUTORIA_NAO_COMPROVADA_NAO_INFERIR_CUSTOM_PRICE
MLB4881447111,VTK000506,paused,ml:MLB4842010335:MLB4881447111,274.78,,,,,False,AUTORIA_NAO_COMPROVADA_NAO_INFERIR_CUSTOM_PRICE
MLB4881447101,VTK000233,paused,ml:MLB4881447101:MLB7111544726,1459.51,,,,,False,AUTORIA_NAO_COMPROVADA_NAO_INFERIR_CUSTOM_PRICE
MLB4841979583,VTK000482,paused,ml:MLB4841979583:MLB7149272442,395.42,,,,,False,AUTORIA_NAO_COMPROVADA_NAO_INFERIR_CUSTOM_PRICE
MLB7149272442,VTK000482,paused,ml:MLB4841979583:MLB7149272442,395.42,,,,,False,AUTORIA_NAO_COMPROVADA_NAO_INFERIR_CUSTOM_PRICE
MLB7157761264,VTK006570,paused,ml:MLB4857485471:MLB7157761264,175,,,,,False,AUTORIA_NAO_COMPROVADA_NAO_INFERIR_CUSTOM_PRICE
MLB7157760736,VTK006499,paused,ml:MLB7087415928:MLB7157760736,205,,,,,False,AUTORIA_NAO_COMPROVADA_NAO_INFERIR_CUSTOM_PRICE
MLB4888389571,VTK001189,paused,ml:MLB4888389571:MLB7087155314,375.89,,,,,False,AUTORIA_NAO_COMPROVADA_NAO_INFERIR_CUSTOM_PRICE
MLB7149273414,VTK012049,paused,ml:MLB7111714858:MLB7149273414,30.93,,,,,False,AUTORIA_NAO_COMPROVADA_NAO_INFERIR_CUSTOM_PRICE
MLB7111714858,VTK012049,paused,ml:MLB7111714858:MLB7149273414,30.93,,,,,False,AUTORIA_NAO_COMPROVADA_NAO_INFERIR_CUSTOM_PRICE
MLB7170081338,VTK015924,paused,item:MLB7170081338,86.27,,,,,False,AUTORIA_NAO_COMPROVADA_NAO_INFERIR_CUSTOM_PRICE
MLB7169862868,VTK015931,paused,item:MLB7169862868,125.2,,,,,False,AUTORIA_NAO_COMPROVADA_NAO_INFERIR_CUSTOM_PRICE
MLB4895036265,VTK016182,paused,item:MLB4895036265,460,,,,,False,AUTORIA_NAO_COMPROVADA_NAO_INFERIR_CUSTOM_PRICE
MLB4895031745,VTK016048,paused,item:MLB4895031745,362.91,,,,,False,AUTORIA_NAO_COMPROVADA_NAO_INFERIR_CUSTOM_PRICE
MLB4895031657,VTK015937,paused,item:MLB4895031657,181.45,,,,,False,AUTORIA_NAO_COMPROVADA_NAO_INFERIR_CUSTOM_PRICE
MLB4894912881,VTK016043,paused,item:MLB4894912881,221.73,,,,,False,AUTORIA_NAO_COMPROVADA_NAO_INFERIR_CUSTOM_PRICE
MLB4892650437,VTK006423,paused,ml:MLB4892650437:MLB7111548314,251.27,,,,,False,AUTORIA_NAO_COMPROVADA_NAO_INFERIR_CUSTOM_PRICE
MLB4892490729,VTK001498,paused,ml:MLB4842187315:MLB4892490729,1506.56,,,,,False,AUTORIA_NAO_COMPROVADA_NAO_INFERIR_CUSTOM_PRICE
MLB7176569980,VTK000590,paused,ml:MLB4857494415:MLB7176569980,1798.34,,,,,False,AUTORIA_NAO_COMPROVADA_NAO_INFERIR_CUSTOM_PRICE
MLB7176569960,VTK000214,paused,ml:MLB4836613321:MLB7176569960,180.35,,,,,False,AUTORIA_NAO_COMPROVADA_NAO_INFERIR_CUSTOM_PRICE
MLB7174433724,VTK000607,paused,ml:MLB4898640209:MLB7174433724,700.69,,,,,False,AUTORIA_NAO_COMPROVADA_NAO_INFERIR_CUSTOM_PRICE
MLB7174433040,VTK000765,paused,item:MLB7174433040,509.44,,,,,False,AUTORIA_NAO_COMPROVADA_NAO_INFERIR_CUSTOM_PRICE
MLB7174400132,VTK000569,paused,item:MLB7174400132,1553.47,,,,,False,AUTORIA_NAO_COMPROVADA_NAO_INFERIR_CUSTOM_PRICE
MLB7174288312,VTK003521,paused,item:MLB7174288312,770,,,,,False,AUTORIA_NAO_COMPROVADA_NAO_INFERIR_CUSTOM_PRICE
MLB4898642931,VTK001238,paused,ml:MLB4898642931:MLB7009336838,114.56,,,,,False,AUTORIA_NAO_COMPROVADA_NAO_INFERIR_CUSTOM_PRICE
MLB4898640209,VTK000607,paused,ml:MLB4898640209:MLB7174433724,700.69,,,,,False,AUTORIA_NAO_COMPROVADA_NAO_INFERIR_CUSTOM_PRICE
MLB4898640057,VTK000424,paused,ml:MLB4837734235:MLB4898640057,209,,,,,False,AUTORIA_NAO_COMPROVADA_NAO_INFERIR_CUSTOM_PRICE
MLB4898634797,VTK000777,paused,ml:MLB4866766425:MLB4898634797,783,,,,,False,AUTORIA_NAO_COMPROVADA_NAO_INFERIR_CUSTOM_PRICE
MLB4898613525,VTK001118,paused,ml:MLB4898613525:MLB7087120658,1792.9,,,,,False,AUTORIA_NAO_COMPROVADA_NAO_INFERIR_CUSTOM_PRICE
MLB4898613459,VTK000208,paused,ml:MLB4898613459:MLB7076601456,262.83,,,,,False,AUTORIA_NAO_COMPROVADA_NAO_INFERIR_CUSTOM_PRICE
MLB4898612533,VTK000081,paused,ml:MLB4898612533:MLB7086955866,1295.1,,,,,False,AUTORIA_NAO_COMPROVADA_NAO_INFERIR_CUSTOM_PRICE
MLB4898612385,VTK006378,paused,ml:MLB4898612385:MLB7087438064,1326,,,,,False,AUTORIA_NAO_COMPROVADA_NAO_INFERIR_CUSTOM_PRICE
MLB4898611535,VTK000320,paused,ml:MLB4857482537:MLB4898611535,1433,,,,,False,AUTORIA_NAO_COMPROVADA_NAO_INFERIR_CUSTOM_PRICE
MLB4897283937,VTK001276,paused,item:MLB4897283937,211.23,,,,,False,AUTORIA_NAO_COMPROVADA_NAO_INFERIR_CUSTOM_PRICE
MLB4897283119,VTK004352,paused,ml:MLB4897283119:MLB7184892436,1375,,,,,False,AUTORIA_NAO_COMPROVADA_NAO_INFERIR_CUSTOM_PRICE
MLB4897279509,VTK001945,paused,item:MLB4897279509,132.77,,,,,False,AUTORIA_NAO_COMPROVADA_NAO_INFERIR_CUSTOM_PRICE
MLB4897272457,VTK005935,paused,item:MLB4897272457,444.98,,,,,False,AUTORIA_NAO_COMPROVADA_NAO_INFERIR_CUSTOM_PRICE
MLB4897265025,VTK005320,paused,ml:MLB4897265025:MLB4903944809,1089,,,,,False,AUTORIA_NAO_COMPROVADA_NAO_INFERIR_CUSTOM_PRICE
MLB6649110192,VTK006136,paused,ml:MLB6573086080:MLB6649110192,94.32,,,,,False,AUTORIA_NAO_COMPROVADA_NAO_INFERIR_CUSTOM_PRICE
MLB6573086080,VTK006136,paused,ml:MLB6573086080:MLB6649110192,94.32,,,,,False,AUTORIA_NAO_COMPROVADA_NAO_INFERIR_CUSTOM_PRICE
MLB7184892436,VTK004352,paused,ml:MLB4897283119:MLB7184892436,1375,,,,,False,AUTORIA_NAO_COMPROVADA_NAO_INFERIR_CUSTOM_PRICE
MLB7181841368,VTK001271,paused,ml:MLB4842105543:MLB7181841368,2359,,,,,False,AUTORIA_NAO_COMPROVADA_NAO_INFERIR_CUSTOM_PRICE
MLB4903944809,VTK005320,paused,ml:MLB4897265025:MLB4903944809,1089,,,,,False,AUTORIA_NAO_COMPROVADA_NAO_INFERIR_CUSTOM_PRICE
MLB7193721894,VTK000395,paused,ml:MLB7193721894:MLB7216335096,1750,,,,,False,AUTORIA_NAO_COMPROVADA_NAO_INFERIR_CUSTOM_PRICE
MLB7193441742,VTK000184,paused,ml:MLB4935792425:MLB7193441742,685.28,,,,,False,AUTORIA_NAO_COMPROVADA_NAO_INFERIR_CUSTOM_PRICE
MLB7193277152,VTK000139,paused,ml:MLB7193277152:MLB7317386734,860,,,,,False,AUTORIA_NAO_COMPROVADA_NAO_INFERIR_CUSTOM_PRICE
MLB4907843439,VTK000182,paused,item:MLB4907843439,1439.22,,,,,False,AUTORIA_NAO_COMPROVADA_NAO_INFERIR_CUSTOM_PRICE
MLB4907843257,VTK001369,paused,item:MLB4907843257,1077,,,,,False,AUTORIA_NAO_COMPROVADA_NAO_INFERIR_CUSTOM_PRICE
MLB4907843219,VTK005732,paused,item:MLB4907843219,1270.9,,,,,False,AUTORIA_NAO_COMPROVADA_NAO_INFERIR_CUSTOM_PRICE
MLB4907827141,VTK006323,paused,item:MLB4907827141,498.58,,,,,False,AUTORIA_NAO_COMPROVADA_NAO_INFERIR_CUSTOM_PRICE
MLB4907827113,VTK001227,paused,item:MLB4907827113,521.03,,,,,False,AUTORIA_NAO_COMPROVADA_NAO_INFERIR_CUSTOM_PRICE
MLB7210659020,VTK001041,paused,ml:MLB4582557495:MLB7210659020,124.81,,,,,False,AUTORIA_NAO_COMPROVADA_NAO_INFERIR_CUSTOM_PRICE
MLB7149337306,VTK012411,paused,ml:MLB4857638243:MLB7149337306,44.7,,,,,False,AUTORIA_NAO_COMPROVADA_NAO_INFERIR_CUSTOM_PRICE
MLB4857624769,VTK012630,paused,item:MLB4857624769,29,,,,,False,AUTORIA_NAO_COMPROVADA_NAO_INFERIR_CUSTOM_PRICE
MLB4857638243,VTK012411,paused,ml:MLB4857638243:MLB7149337306,44.7,,,,,False,AUTORIA_NAO_COMPROVADA_NAO_INFERIR_CUSTOM_PRICE
MLB7152529522,VTK003590,paused,ml:MLB4857625809:MLB7152529522,29,,,,,False,AUTORIA_NAO_COMPROVADA_NAO_INFERIR_CUSTOM_PRICE
MLB4857625865,VTK012713,paused,item:MLB4857625865,27,,,,,False,AUTORIA_NAO_COMPROVADA_NAO_INFERIR_CUSTOM_PRICE
MLB4857637349,VTK012290,paused,item:MLB4857637349,31,,,,,False,AUTORIA_NAO_COMPROVADA_NAO_INFERIR_CUSTOM_PRICE
MLB4857625123,VTK012340,paused,item:MLB4857625123,33,,,,,False,AUTORIA_NAO_COMPROVADA_NAO_INFERIR_CUSTOM_PRICE
MLB4857637361,VTK012341,paused,item:MLB4857637361,32,,,,,False,AUTORIA_NAO_COMPROVADA_NAO_INFERIR_CUSTOM_PRICE
MLB4857637383,VTK012366,paused,item:MLB4857637383,32,,,,,False,AUTORIA_NAO_COMPROVADA_NAO_INFERIR_CUSTOM_PRICE
MLB7111713772,VTK012342,paused,item:MLB7111713772,32,,,,,False,AUTORIA_NAO_COMPROVADA_NAO_INFERIR_CUSTOM_PRICE
MLB4857637381,VTK012391,paused,item:MLB4857637381,35,,,,,False,AUTORIA_NAO_COMPROVADA_NAO_INFERIR_CUSTOM_PRICE
MLB4857625059,VTK003115,paused,ml:MLB4857625059:MLB7390923094,52.52,,,,,False,AUTORIA_NAO_COMPROVADA_NAO_INFERIR_CUSTOM_PRICE
MLB7149370218,VTK009778,paused,ml:MLB4857662983:MLB7149370218,58.75,,,,,False,AUTORIA_NAO_COMPROVADA_NAO_INFERIR_CUSTOM_PRICE
MLB4857662983,VTK009778,paused,ml:MLB4857662983:MLB7149370218,58.75,,,,,False,AUTORIA_NAO_COMPROVADA_NAO_INFERIR_CUSTOM_PRICE
MLB7149337892,VTK012086,paused,ml:MLB4857636971:MLB7149337892,47.96,,,,,False,AUTORIA_NAO_COMPROVADA_NAO_INFERIR_CUSTOM_PRICE
MLB7111713518,VTK012685,paused,item:MLB7111713518,38,,,,,False,AUTORIA_NAO_COMPROVADA_NAO_INFERIR_CUSTOM_PRICE
MLB4880527391,VTK005331,paused,ml:MLB4880527391:MLB7111710310,57,,,,,False,AUTORIA_NAO_COMPROVADA_NAO_INFERIR_CUSTOM_PRICE
MLB7111710310,VTK005331,paused,ml:MLB4880527391:MLB7111710310,57,,,,,False,AUTORIA_NAO_COMPROVADA_NAO_INFERIR_CUSTOM_PRICE
MLB4857636971,VTK012086,paused,ml:MLB4857636971:MLB7149337892,47.96,,,,,False,AUTORIA_NAO_COMPROVADA_NAO_INFERIR_CUSTOM_PRICE
MLB7149332722,VTK012505,paused,ml:MLB7111650388:MLB7149332722,59.99,,,,,False,AUTORIA_NAO_COMPROVADA_NAO_INFERIR_CUSTOM_PRICE
MLB7111650388,VTK012505,paused,ml:MLB7111650388:MLB7149332722,59.99,,,,,False,AUTORIA_NAO_COMPROVADA_NAO_INFERIR_CUSTOM_PRICE
MLB4857625809,VTK003590,paused,ml:MLB4857625809:MLB7152529522,29,,,,,False,AUTORIA_NAO_COMPROVADA_NAO_INFERIR_CUSTOM_PRICE
MLB4857634787,VTK003192,paused,item:MLB4857634787,55,,,,,False,AUTORIA_NAO_COMPROVADA_NAO_INFERIR_CUSTOM_PRICE
MLB4857643925,VTK009757,paused,item:MLB4857643925,54,,,,,False,AUTORIA_NAO_COMPROVADA_NAO_INFERIR_CUSTOM_PRICE
MLB7111664544,VTK006335,paused,item:MLB7111664544,74.71,,,,,False,AUTORIA_NAO_COMPROVADA_NAO_INFERIR_CUSTOM_PRICE
MLB7149326718,VTK001765,paused,ml:MLB7111709870:MLB7149326718,61,,,,,False,AUTORIA_NAO_COMPROVADA_NAO_INFERIR_CUSTOM_PRICE
MLB7149332532,VTK005044,paused,ml:MLB7111651872:MLB7149332532,55,,,,,False,AUTORIA_NAO_COMPROVADA_NAO_INFERIR_CUSTOM_PRICE
MLB7111709870,VTK001765,paused,ml:MLB7111709870:MLB7149326718,61,,,,,False,AUTORIA_NAO_COMPROVADA_NAO_INFERIR_CUSTOM_PRICE
MLB7111651872,VTK005044,paused,ml:MLB7111651872:MLB7149332532,55,,,,,False,AUTORIA_NAO_COMPROVADA_NAO_INFERIR_CUSTOM_PRICE
MLB4882821551,VTK012703,paused,ml:MLB4882821551:MLB7111661456,78.9,,,,,False,AUTORIA_NAO_COMPROVADA_NAO_INFERIR_CUSTOM_PRICE
MLB4880563379,VTK012600,paused,ml:MLB4880563379:MLB7111707010,73.35,,,,,False,AUTORIA_NAO_COMPROVADA_NAO_INFERIR_CUSTOM_PRICE
MLB7111661456,VTK012703,paused,ml:MLB4882821551:MLB7111661456,78.9,,,,,False,AUTORIA_NAO_COMPROVADA_NAO_INFERIR_CUSTOM_PRICE
MLB7111707010,VTK012600,paused,ml:MLB4880563379:MLB7111707010,73.35,,,,,False,AUTORIA_NAO_COMPROVADA_NAO_INFERIR_CUSTOM_PRICE
MLB6573086292,VTK000932,paused,item:MLB6573086292,101.95,,,,,False,AUTORIA_NAO_COMPROVADA_NAO_INFERIR_CUSTOM_PRICE
MLB7111650618,VTK012736,paused,item:MLB7111650618,61,,,,,False,AUTORIA_NAO_COMPROVADA_NAO_INFERIR_CUSTOM_PRICE
MLB4880591349,VTK009758,paused,ml:MLB4857631379:MLB4880591349,62,,,,,False,AUTORIA_NAO_COMPROVADA_NAO_INFERIR_CUSTOM_PRICE
MLB4857631379,VTK009758,paused,ml:MLB4857631379:MLB4880591349,62,,,,,False,AUTORIA_NAO_COMPROVADA_NAO_INFERIR_CUSTOM_PRICE
MLB4857485987,VTK000502,paused,item:MLB4857485987,117.04,,,,,False,AUTORIA_NAO_COMPROVADA_NAO_INFERIR_CUSTOM_PRICE
MLB4621152049,VTK005927,paused,ml:MLB4621152049:MLB6573107632,87.74,,,,,False,AUTORIA_NAO_COMPROVADA_NAO_INFERIR_CUSTOM_PRICE
MLB6573107632,VTK005927,paused,ml:MLB4621152049:MLB6573107632,87.74,,,,,False,AUTORIA_NAO_COMPROVADA_NAO_INFERIR_CUSTOM_PRICE
MLB4850157951,VTK006572,paused,ml:MLB4850157951:MLB7087440712,100.26,,,,,False,AUTORIA_NAO_COMPROVADA_NAO_INFERIR_CUSTOM_PRICE
MLB7087440712,VTK006572,paused,ml:MLB4850157951:MLB7087440712,100.26,,,,,False,AUTORIA_NAO_COMPROVADA_NAO_INFERIR_CUSTOM_PRICE
MLB4857486005,VTK005351,paused,item:MLB4857486005,117.88,,,,,False,AUTORIA_NAO_COMPROVADA_NAO_INFERIR_CUSTOM_PRICE
MLB6646470674,VTK003325,paused,ml:MLB6563424318:MLB6646470674,116.05,,,,,False,AUTORIA_NAO_COMPROVADA_NAO_INFERIR_CUSTOM_PRICE
MLB6573141820,VTK000803,paused,item:MLB6573141820,108.58,,,,,False,AUTORIA_NAO_COMPROVADA_NAO_INFERIR_CUSTOM_PRICE
MLB6563424318,VTK003325,paused,ml:MLB6563424318:MLB6646470674,116.05,,,,,False,AUTORIA_NAO_COMPROVADA_NAO_INFERIR_CUSTOM_PRICE
MLB6587836774,VTK006342,paused,ml:MLB4583293593:MLB6587836774,104.04,,,,,False,AUTORIA_NAO_COMPROVADA_NAO_INFERIR_CUSTOM_PRICE
MLB6646470912,VTK000927,paused,ml:MLB6565496978:MLB6646470912,104.37,,,,,False,AUTORIA_NAO_COMPROVADA_NAO_INFERIR_CUSTOM_PRICE
MLB4620602381,VTK002455,paused,ml:MLB4582563237:MLB4620602381,119.38,,,,,False,AUTORIA_NAO_COMPROVADA_NAO_INFERIR_CUSTOM_PRICE
MLB7149406020,VTK005385,paused,ml:MLB4857486023:MLB7149406020,85.08,,,,,False,AUTORIA_NAO_COMPROVADA_NAO_INFERIR_CUSTOM_PRICE
MLB6565496978,VTK000927,paused,ml:MLB6565496978:MLB6646470912,104.37,,,,,False,AUTORIA_NAO_COMPROVADA_NAO_INFERIR_CUSTOM_PRICE
MLB4582563237,VTK002455,paused,ml:MLB4582563237:MLB4620602381,119.38,,,,,False,AUTORIA_NAO_COMPROVADA_NAO_INFERIR_CUSTOM_PRICE
MLB4857486023,VTK005385,paused,ml:MLB4857486023:MLB7149406020,85.08,,,,,False,AUTORIA_NAO_COMPROVADA_NAO_INFERIR_CUSTOM_PRICE
MLB4612540573,VTK006134,paused,ml:MLB4612540573:MLB6573107080,87.14,,,,,False,AUTORIA_NAO_COMPROVADA_NAO_INFERIR_CUSTOM_PRICE
MLB4583293593,VTK006342,paused,ml:MLB4583293593:MLB6587836774,104.04,,,,,False,AUTORIA_NAO_COMPROVADA_NAO_INFERIR_CUSTOM_PRICE
MLB4880634371,VTK001294,paused,ml:MLB4877416391:MLB4880634371,109,,,,,False,AUTORIA_NAO_COMPROVADA_NAO_INFERIR_CUSTOM_PRICE
MLB4620396985,VTK006594,paused,ml:MLB4620396985:MLB6573116420,84.86,,,,,False,AUTORIA_NAO_COMPROVADA_NAO_INFERIR_CUSTOM_PRICE
MLB4880633089,VTK003004,paused,ml:MLB4857530547:MLB4880633089,103.72,,,,,False,AUTORIA_NAO_COMPROVADA_NAO_INFERIR_CUSTOM_PRICE
MLB6573141688,VTK000878,paused,item:MLB6573141688,109.54,,,,,False,AUTORIA_NAO_COMPROVADA_NAO_INFERIR_CUSTOM_PRICE
MLB7145205308,VTK000989,paused,item:MLB7145205308,78.36,,,,,False,AUTORIA_NAO_COMPROVADA_NAO_INFERIR_CUSTOM_PRICE
MLB6573116420,VTK006594,paused,ml:MLB4620396985:MLB6573116420,84.86,,,,,False,AUTORIA_NAO_COMPROVADA_NAO_INFERIR_CUSTOM_PRICE
MLB4880586075,VTK012690,paused,ml:MLB4880586075:MLB7111649224,79,,,,,False,AUTORIA_NAO_COMPROVADA_NAO_INFERIR_CUSTOM_PRICE
MLB4877416299,VTK001135,paused,item:MLB4877416299,118.43,,,,,False,AUTORIA_NAO_COMPROVADA_NAO_INFERIR_CUSTOM_PRICE
MLB4877416391,VTK001294,paused,ml:MLB4877416391:MLB4880634371,109,,,,,False,AUTORIA_NAO_COMPROVADA_NAO_INFERIR_CUSTOM_PRICE
MLB7111649224,VTK012690,paused,ml:MLB4880586075:MLB7111649224,79,,,,,False,AUTORIA_NAO_COMPROVADA_NAO_INFERIR_CUSTOM_PRICE
MLB6649085078,VTK000995,paused,ml:MLB6565641530:MLB6649085078,97.49,,,,,False,AUTORIA_NAO_COMPROVADA_NAO_INFERIR_CUSTOM_PRICE
MLB4582607833,VTK000340,paused,ml:MLB4582607833:MLB4981705481,129.09,,,,,False,AUTORIA_NAO_COMPROVADA_NAO_INFERIR_CUSTOM_PRICE
MLB4857530547,VTK003004,paused,ml:MLB4857530547:MLB4880633089,103.72,,,,,False,AUTORIA_NAO_COMPROVADA_NAO_INFERIR_CUSTOM_PRICE
MLB6563281186,VTK000713,paused,item:MLB6563281186,99.2,,,,,False,AUTORIA_NAO_COMPROVADA_NAO_INFERIR_CUSTOM_PRICE
MLB7116149454,VTK001657,paused,ml:MLB4842175091:MLB7116149454,90.31,,,,,False,AUTORIA_NAO_COMPROVADA_NAO_INFERIR_CUSTOM_PRICE
MLB6655134104,VTK000964,paused,ml:MLB4582557683:MLB6655134104,106.67,,,,,False,AUTORIA_NAO_COMPROVADA_NAO_INFERIR_CUSTOM_PRICE
MLB4842017071,VTK000717,paused,ml:MLB4842017071:MLB4981703181,86.64,,,,,False,AUTORIA_NAO_COMPROVADA_NAO_INFERIR_CUSTOM_PRICE
MLB6565641530,VTK000995,paused,ml:MLB6565641530:MLB6649085078,97.49,,,,,False,AUTORIA_NAO_COMPROVADA_NAO_INFERIR_CUSTOM_PRICE
MLB4842206203,VTK001573,paused,item:MLB4842206203,114.55,,,,,False,AUTORIA_NAO_COMPROVADA_NAO_INFERIR_CUSTOM_PRICE
MLB4846743633,VTK001081,paused,ml:MLB4846743633:MLB4994227489,99.2,,,,,False,AUTORIA_NAO_COMPROVADA_NAO_INFERIR_CUSTOM_PRICE
MLB4842175091,VTK001657,paused,ml:MLB4842175091:MLB7116149454,90.31,,,,,False,AUTORIA_NAO_COMPROVADA_NAO_INFERIR_CUSTOM_PRICE
MLB7087427922,VTK006566,paused,ml:MLB7087427922:MLB7313983872,100.26,,,,,False,AUTORIA_NAO_COMPROVADA_NAO_INFERIR_CUSTOM_PRICE
MLB7087416326,VTK006535,paused,ml:MLB7087416326:MLB7320340896,100.26,,,,,False,AUTORIA_NAO_COMPROVADA_NAO_INFERIR_CUSTOM_PRICE
MLB4582557683,VTK000964,paused,ml:MLB4582557683:MLB6655134104,106.67,,,,,False,AUTORIA_NAO_COMPROVADA_NAO_INFERIR_CUSTOM_PRICE
MLB7111649002,VTK012742,paused,item:MLB7111649002,78.9,,,,,False,AUTORIA_NAO_COMPROVADA_NAO_INFERIR_CUSTOM_PRICE
MLB7079612744,VTK000195,paused,ml:MLB7079612744:MLB7313972630,102.25,,,,,False,AUTORIA_NAO_COMPROVADA_NAO_INFERIR_CUSTOM_PRICE
MLB7087428180,VTK006579,paused,item:MLB7087428180,100.26,,,,,False,AUTORIA_NAO_COMPROVADA_NAO_INFERIR_CUSTOM_PRICE
MLB4908882679,VTK001549,paused,item:MLB4908882679,53.44,,,,,False,AUTORIA_NAO_COMPROVADA_NAO_INFERIR_CUSTOM_PRICE
MLB7086786548,VTK000061,paused,ml:MLB4836135765:MLB7086786548,120.44,,,,,False,AUTORIA_NAO_COMPROVADA_NAO_INFERIR_CUSTOM_PRICE
MLB7111657796,VTK012645,paused,item:MLB7111657796,103,,,,,False,AUTORIA_NAO_COMPROVADA_NAO_INFERIR_CUSTOM_PRICE
MLB4841914053,VTK000075,paused,item:MLB4841914053,103.42,,,,,False,AUTORIA_NAO_COMPROVADA_NAO_INFERIR_CUSTOM_PRICE
MLB7009322722,VTK000515,paused,item:MLB7009322722,102.74,,,,,False,AUTORIA_NAO_COMPROVADA_NAO_INFERIR_CUSTOM_PRICE
MLB4857485137,VTK001222,paused,ml:MLB4857485137:MLB7313972338,105.63,,,,,False,AUTORIA_NAO_COMPROVADA_NAO_INFERIR_CUSTOM_PRICE
MLB6655134254,VTK006372,paused,ml:MLB6563508424:MLB6655134254,128.47,,,,,False,AUTORIA_NAO_COMPROVADA_NAO_INFERIR_CUSTOM_PRICE
MLB7095326060,VTK000167,paused,ml:MLB7086960274:MLB7095326060,104,,,,,False,AUTORIA_NAO_COMPROVADA_NAO_INFERIR_CUSTOM_PRICE
MLB4836135765,VTK000061,paused,ml:MLB4836135765:MLB7086786548,120.44,,,,,False,AUTORIA_NAO_COMPROVADA_NAO_INFERIR_CUSTOM_PRICE
MLB7095324934,VTK006215,paused,ml:MLB7087437800:MLB7095324934,118.28,,,,,False,AUTORIA_NAO_COMPROVADA_NAO_INFERIR_CUSTOM_PRICE
MLB6563508424,VTK006372,paused,ml:MLB6563508424:MLB6655134254,128.47,,,,,False,AUTORIA_NAO_COMPROVADA_NAO_INFERIR_CUSTOM_PRICE
MLB7087408434,VTK002245,paused,item:MLB7087408434,106.54,,,,,False,AUTORIA_NAO_COMPROVADA_NAO_INFERIR_CUSTOM_PRICE
MLB6956456920,VTK000005,paused,item:MLB6956456920,93.5,,,,,False,AUTORIA_NAO_COMPROVADA_NAO_INFERIR_CUSTOM_PRICE
MLB7149406138,VTK005313,paused,ml:MLB4857485593:MLB7149406138,106.04,,,,,False,AUTORIA_NAO_COMPROVADA_NAO_INFERIR_CUSTOM_PRICE
MLB7086960274,VTK000167,paused,ml:MLB7086960274:MLB7095326060,104,,,,,False,AUTORIA_NAO_COMPROVADA_NAO_INFERIR_CUSTOM_PRICE
MLB7192106230,VTK005811,paused,item:MLB7192106230,98,,,,,False,AUTORIA_NAO_COMPROVADA_NAO_INFERIR_CUSTOM_PRICE
MLB7087437800,VTK006215,paused,ml:MLB7087437800:MLB7095324934,118.28,,,,,False,AUTORIA_NAO_COMPROVADA_NAO_INFERIR_CUSTOM_PRICE
MLB7095391332,VTK001393,paused,ml:MLB4842111141:MLB7095391332,105.25,,,,,False,AUTORIA_NAO_COMPROVADA_NAO_INFERIR_CUSTOM_PRICE
MLB7095340304,VTK000595,paused,ml:MLB4842007997:MLB7095340304,94.14,,,,,False,AUTORIA_NAO_COMPROVADA_NAO_INFERIR_CUSTOM_PRICE
MLB4582542537,VTK000998,paused,ml:MLB4582542537:MLB4972532855,99,,,,,False,AUTORIA_NAO_COMPROVADA_NAO_INFERIR_CUSTOM_PRICE
MLB6572968828,VTK000755,paused,ml:MLB6572968828:MLB6573129108,106.09,,,,,False,AUTORIA_NAO_COMPROVADA_NAO_INFERIR_CUSTOM_PRICE
MLB4842111141,VTK001393,paused,ml:MLB4842111141:MLB7095391332,105.25,,,,,False,AUTORIA_NAO_COMPROVADA_NAO_INFERIR_CUSTOM_PRICE
MLB4846402221,VTK006375,paused,ml:MLB4846402221:MLB7087425244,106.44,,,,,False,AUTORIA_NAO_COMPROVADA_NAO_INFERIR_CUSTOM_PRICE
MLB4846389351,VTK000520,paused,ml:MLB4846389351:MLB7079674262,111,,,,,False,AUTORIA_NAO_COMPROVADA_NAO_INFERIR_CUSTOM_PRICE
MLB6649085068,VTK000414,paused,ml:MLB6573313860:MLB6649085068,103,,,,,False,AUTORIA_NAO_COMPROVADA_NAO_INFERIR_CUSTOM_PRICE
MLB4857531025,VTK002187,paused,item:MLB4857531025,107.72,,,,,False,AUTORIA_NAO_COMPROVADA_NAO_INFERIR_CUSTOM_PRICE
MLB4842175151,VTK001659,paused,item:MLB4842175151,95.68,,,,,False,AUTORIA_NAO_COMPROVADA_NAO_INFERIR_CUSTOM_PRICE
MLB4852431589,VTK001052,paused,ml:MLB4852431589:MLB7087130720,48.73,,,,,False,AUTORIA_NAO_COMPROVADA_NAO_INFERIR_CUSTOM_PRICE
MLB6573129108,VTK000755,paused,ml:MLB6572968828:MLB6573129108,106.09,,,,,False,AUTORIA_NAO_COMPROVADA_NAO_INFERIR_CUSTOM_PRICE
MLB6563344986,VTK001778,paused,item:MLB6563344986,115.49,,,,,False,AUTORIA_NAO_COMPROVADA_NAO_INFERIR_CUSTOM_PRICE
MLB6573313860,VTK000414,paused,ml:MLB6573313860:MLB6649085068,103,,,,,False,AUTORIA_NAO_COMPROVADA_NAO_INFERIR_CUSTOM_PRICE
MLB6573198944,VTK000797,paused,item:MLB6573198944,125.09,,,,,False,AUTORIA_NAO_COMPROVADA_NAO_INFERIR_CUSTOM_PRICE
MLB7137189150,VTK004736,paused,ml:MLB7087436506:MLB7137189150,96.87,,,,,False,AUTORIA_NAO_COMPROVADA_NAO_INFERIR_CUSTOM_PRICE
MLB7149271954,VTK001117,paused,ml:MLB4842073585:MLB7149271954,109.86,,,,,False,AUTORIA_NAO_COMPROVADA_NAO_INFERIR_CUSTOM_PRICE
MLB7111661206,VTK012592,paused,item:MLB7111661206,78.9,,,,,False,AUTORIA_NAO_COMPROVADA_NAO_INFERIR_CUSTOM_PRICE
MLB7087436506,VTK004736,paused,ml:MLB7087436506:MLB7137189150,96.87,,,,,False,AUTORIA_NAO_COMPROVADA_NAO_INFERIR_CUSTOM_PRICE
MLB6573107814,VTK000774,paused,item:MLB6573107814,101.28,,,,,False,AUTORIA_NAO_COMPROVADA_NAO_INFERIR_CUSTOM_PRICE
MLB7009319798,VTK000172,paused,ml:MLB7009319798:MLB7313980650,139.93,,,,,False,AUTORIA_NAO_COMPROVADA_NAO_INFERIR_CUSTOM_PRICE
MLB4842073585,VTK001117,paused,ml:MLB4842073585:MLB7149271954,109.86,,,,,False,AUTORIA_NAO_COMPROVADA_NAO_INFERIR_CUSTOM_PRICE
MLB4591747113,VTK006476,paused,ml:MLB4582536603:MLB4591747113,119.1,,,,,False,AUTORIA_NAO_COMPROVADA_NAO_INFERIR_CUSTOM_PRICE
MLB4857485969,VTK004072,paused,item:MLB4857485969,120.64,,,,,False,AUTORIA_NAO_COMPROVADA_NAO_INFERIR_CUSTOM_PRICE
MLB6565317422,VTK000812,paused,item:MLB6565317422,117.65,,,,,False,AUTORIA_NAO_COMPROVADA_NAO_INFERIR_CUSTOM_PRICE
MLB4582536603,VTK006476,paused,ml:MLB4582536603:MLB4591747113,119.1,,,,,False,AUTORIA_NAO_COMPROVADA_NAO_INFERIR_CUSTOM_PRICE
MLB4620839889,VTK000833,paused,ml:MLB4585679895:MLB4620839889,133.11,,,,,False,AUTORIA_NAO_COMPROVADA_NAO_INFERIR_CUSTOM_PRICE
MLB6573107080,VTK006134,paused,ml:MLB4612540573:MLB6573107080,87.14,,,,,False,AUTORIA_NAO_COMPROVADA_NAO_INFERIR_CUSTOM_PRICE
MLB7009369518,VTK000080,paused,ml:MLB7009369518:MLB7390923360,141.28,,,,,False,AUTORIA_NAO_COMPROVADA_NAO_INFERIR_CUSTOM_PRICE
MLB4880633189,VTK001261,paused,ml:MLB4857498123:MLB4880633189,120.86,,,,,False,AUTORIA_NAO_COMPROVADA_NAO_INFERIR_CUSTOM_PRICE
MLB4857485593,VTK005313,paused,ml:MLB4857485593:MLB7149406138,106.04,,,,,False,AUTORIA_NAO_COMPROVADA_NAO_INFERIR_CUSTOM_PRICE
MLB4907843043,VTK006039,paused,item:MLB4907843043,107,,,,,False,AUTORIA_NAO_COMPROVADA_NAO_INFERIR_CUSTOM_PRICE
MLB4857485665,VTK001494,paused,ml:MLB4857485665:MLB7314824106,113.4,,,,,False,AUTORIA_NAO_COMPROVADA_NAO_INFERIR_CUSTOM_PRICE
MLB6563345066,VTK000977,paused,item:MLB6563345066,143,,,,,False,AUTORIA_NAO_COMPROVADA_NAO_INFERIR_CUSTOM_PRICE
MLB6573084704,VTK000728,paused,item:MLB6573084704,141.67,,,,,False,AUTORIA_NAO_COMPROVADA_NAO_INFERIR_CUSTOM_PRICE
MLB4857498123,VTK001261,paused,ml:MLB4857498123:MLB4880633189,120.86,,,,,False,AUTORIA_NAO_COMPROVADA_NAO_INFERIR_CUSTOM_PRICE
MLB7111658076,VTK012111,paused,item:MLB7111658076,98,,,,,False,AUTORIA_NAO_COMPROVADA_NAO_INFERIR_CUSTOM_PRICE
MLB4857485961,VTK005402,paused,item:MLB4857485961,128.82,,,,,False,AUTORIA_NAO_COMPROVADA_NAO_INFERIR_CUSTOM_PRICE
MLB4772564165,VTK000006,paused,item:MLB4772564165,122.67,,,,,False,AUTORIA_NAO_COMPROVADA_NAO_INFERIR_CUSTOM_PRICE
MLB7087118300,VTK001055,paused,item:MLB7087118300,132.71,,,,,False,AUTORIA_NAO_COMPROVADA_NAO_INFERIR_CUSTOM_PRICE
MLB7095325228,VTK002863,paused,ml:MLB7087409654:MLB7095325228,86.91,,,,,False,AUTORIA_NAO_COMPROVADA_NAO_INFERIR_CUSTOM_PRICE
MLB7087424282,VTK005379,paused,item:MLB7087424282,121.78,,,,,False,AUTORIA_NAO_COMPROVADA_NAO_INFERIR_CUSTOM_PRICE
MLB4591747155,VTK001136,paused,ml:MLB4582557623:MLB4591747155,103,,,,,False,AUTORIA_NAO_COMPROVADA_NAO_INFERIR_CUSTOM_PRICE
MLB6565317260,VTK006449,paused,item:MLB6565317260,123.68,,,,,False,AUTORIA_NAO_COMPROVADA_NAO_INFERIR_CUSTOM_PRICE
MLB4585721531,VTK000709,paused,ml:MLB4585721531:MLB6573097014,142.19,,,,,False,AUTORIA_NAO_COMPROVADA_NAO_INFERIR_CUSTOM_PRICE
MLB7149405618,VTK004435,paused,ml:MLB4857530945:MLB7149405618,122.7,,,,,False,AUTORIA_NAO_COMPROVADA_NAO_INFERIR_CUSTOM_PRICE
MLB4582557623,,paused,,103,,,,,False,AUTORIA_NAO_COMPROVADA_NAO_INFERIR_CUSTOM_PRICE
MLB4842209069,VTK002556,paused,item:MLB4842209069,124.39,,,,,False,AUTORIA_NAO_COMPROVADA_NAO_INFERIR_CUSTOM_PRICE
MLB4612598715,VTK005862,paused,ml:MLB4585881567:MLB4612598715,125.09,,,,,False,AUTORIA_NAO_COMPROVADA_NAO_INFERIR_CUSTOM_PRICE
MLB4857542665,VTK012450,paused,item:MLB4857542665,125.14,,,,,False,AUTORIA_NAO_COMPROVADA_NAO_INFERIR_CUSTOM_PRICE
MLB7087409654,VTK002863,paused,ml:MLB7087409654:MLB7095325228,86.91,,,,,False,AUTORIA_NAO_COMPROVADA_NAO_INFERIR_CUSTOM_PRICE
MLB7101684476,VTK003247,paused,ml:MLB4842210187:MLB7101684476,97.44,,,,,False,AUTORIA_NAO_COMPROVADA_NAO_INFERIR_CUSTOM_PRICE
MLB4857530945,VTK004435,paused,ml:MLB4857530945:MLB7149405618,122.7,,,,,False,AUTORIA_NAO_COMPROVADA_NAO_INFERIR_CUSTOM_PRICE
MLB6573097014,VTK000709,paused,ml:MLB4585721531:MLB6573097014,142.19,,,,,False,AUTORIA_NAO_COMPROVADA_NAO_INFERIR_CUSTOM_PRICE
MLB7087425244,VTK006375,paused,ml:MLB4846402221:MLB7087425244,106.44,,,,,False,AUTORIA_NAO_COMPROVADA_NAO_INFERIR_CUSTOM_PRICE
MLB4842020097,VTK000941,paused,item:MLB4842020097,106.44,,,,,False,AUTORIA_NAO_COMPROVADA_NAO_INFERIR_CUSTOM_PRICE
MLB4842007997,VTK000595,paused,ml:MLB4842007997:MLB7095340304,94.14,,,,,False,AUTORIA_NAO_COMPROVADA_NAO_INFERIR_CUSTOM_PRICE
MLB7079674262,VTK000520,paused,ml:MLB4846389351:MLB7079674262,111,,,,,False,AUTORIA_NAO_COMPROVADA_NAO_INFERIR_CUSTOM_PRICE
MLB7087130720,VTK001052,paused,ml:MLB4852431589:MLB7087130720,48.73,,,,,False,AUTORIA_NAO_COMPROVADA_NAO_INFERIR_CUSTOM_PRICE
MLB4585679895,VTK000833,paused,ml:MLB4585679895:MLB4620839889,133.11,,,,,False,AUTORIA_NAO_COMPROVADA_NAO_INFERIR_CUSTOM_PRICE
MLB4883548623,VTK012702,paused,ml:MLB4857635687:MLB4883548623,43,,,,,False,AUTORIA_NAO_COMPROVADA_NAO_INFERIR_CUSTOM_PRICE
MLB4857635687,VTK012702,paused,ml:MLB4857635687:MLB4883548623,43,,,,,False,AUTORIA_NAO_COMPROVADA_NAO_INFERIR_CUSTOM_PRICE
MLB4585881567,VTK005862,paused,ml:MLB4585881567:MLB4612598715,125.09,,,,,False,AUTORIA_NAO_COMPROVADA_NAO_INFERIR_CUSTOM_PRICE
MLB4842210187,VTK003247,paused,ml:MLB4842210187:MLB7101684476,97.44,,,,,False,AUTORIA_NAO_COMPROVADA_NAO_INFERIR_CUSTOM_PRICE
MLB4857622987,VTK012801,paused,ml:MLB4857622987:MLB7381240536,48,,,,,False,AUTORIA_NAO_COMPROVADA_NAO_INFERIR_CUSTOM_PRICE
MLB7111712020,VTK003144,paused,item:MLB7111712020,40.74,,,,,False,AUTORIA_NAO_COMPROVADA_NAO_INFERIR_CUSTOM_PRICE
MLB4857485991,VTK004349,paused,ml:MLB4857485991:MLB7313975450,91.9,,,,,False,AUTORIA_NAO_COMPROVADA_NAO_INFERIR_CUSTOM_PRICE
MLB7149405608,VTK004318,paused,ml:MLB4857530965:MLB7149405608,101.69,,,,,False,AUTORIA_NAO_COMPROVADA_NAO_INFERIR_CUSTOM_PRICE
MLB4857530965,VTK004318,paused,ml:MLB4857530965:MLB7149405608,101.69,,,,,False,AUTORIA_NAO_COMPROVADA_NAO_INFERIR_CUSTOM_PRICE
MLB6573096876,VTK000743,paused,item:MLB6573096876,101.03,,,,,False,AUTORIA_NAO_COMPROVADA_NAO_INFERIR_CUSTOM_PRICE
MLB6573085696,VTK001068,paused,item:MLB6573085696,109.79,,,,,False,AUTORIA_NAO_COMPROVADA_NAO_INFERIR_CUSTOM_PRICE
MLB4877416163,VTK001104,paused,ml:MLB4877416163:MLB4994228041,118.43,,,,,False,AUTORIA_NAO_COMPROVADA_NAO_INFERIR_CUSTOM_PRICE
MLB7086758274,VTK000434,paused,ml:MLB7079399594:MLB7086758274,89.91,,,,,False,AUTORIA_NAO_COMPROVADA_NAO_INFERIR_CUSTOM_PRICE
MLB7079399594,VTK000434,paused,ml:MLB7079399594:MLB7086758274,89.91,,,,,False,AUTORIA_NAO_COMPROVADA_NAO_INFERIR_CUSTOM_PRICE
MLB7216335096,VTK000395,paused,ml:MLB7193721894:MLB7216335096,1750,,,,,False,AUTORIA_NAO_COMPROVADA_NAO_INFERIR_CUSTOM_PRICE
MLB4923539289,VTK017266,paused,item:MLB4923539289,53.27,,,,,False,AUTORIA_NAO_COMPROVADA_NAO_INFERIR_CUSTOM_PRICE
MLB4923257553,VTK000188,paused,item:MLB4923257553,60,,,,,False,AUTORIA_NAO_COMPROVADA_NAO_INFERIR_CUSTOM_PRICE
MLB4582815039,VTK006321,paused,ml:MLB4582569523:MLB4582815039,170,,,,,False,AUTORIA_NAO_COMPROVADA_NAO_INFERIR_CUSTOM_PRICE
MLB4582569523,VTK006321,paused,ml:MLB4582569523:MLB4582815039,170,,,,,False,AUTORIA_NAO_COMPROVADA_NAO_INFERIR_CUSTOM_PRICE
MLB7229843494,VTK009907,paused,ml:MLB7229843494:MLB7503139954,589.2,,,,,False,AUTORIA_NAO_COMPROVADA_NAO_INFERIR_CUSTOM_PRICE
MLB7226881368,VTK000166,paused,item:MLB7226881368,1018.99,,,,,False,AUTORIA_NAO_COMPROVADA_NAO_INFERIR_CUSTOM_PRICE
MLB7226787680,VTK000160,paused,ml:MLB7226787680:MLB7330399736,765.28,,,,,False,AUTORIA_NAO_COMPROVADA_NAO_INFERIR_CUSTOM_PRICE
MLB4931799403,VTK015987,paused,item:MLB4931799403,93,,,,,False,AUTORIA_NAO_COMPROVADA_NAO_INFERIR_CUSTOM_PRICE
MLB4930227275,VTK001103,paused,ml:MLB4930227275:MLB4981702907,1508.36,,,,,False,AUTORIA_NAO_COMPROVADA_NAO_INFERIR_CUSTOM_PRICE
MLB7239105048,VTK018545,paused,item:MLB7239105048,61.08,,,,,False,AUTORIA_NAO_COMPROVADA_NAO_INFERIR_CUSTOM_PRICE
MLB7239070510,VTK018980,paused,ml:MLB7239070510:MLB7247345678,477,,,,,False,AUTORIA_NAO_COMPROVADA_NAO_INFERIR_CUSTOM_PRICE
MLB7239069120,VTK018921,paused,ml:MLB7239069120:MLB7247345748,346,,,,,False,AUTORIA_NAO_COMPROVADA_NAO_INFERIR_CUSTOM_PRICE
MLB7239068304,VTK000384,paused,item:MLB7239068304,86,,,,,False,AUTORIA_NAO_COMPROVADA_NAO_INFERIR_CUSTOM_PRICE
MLB7239021514,VTK017239,paused,,53.29,,,,,False,AUTORIA_NAO_COMPROVADA_NAO_INFERIR_CUSTOM_PRICE
MLB7239021244,VTK017603,paused,ml:MLB4986647171:MLB7239021244,75,,,,,False,AUTORIA_NAO_COMPROVADA_NAO_INFERIR_CUSTOM_PRICE
MLB7239014824,VTK019007,paused,ml:MLB7239014824:MLB7253032522,1857.64,,,,,False,AUTORIA_NAO_COMPROVADA_NAO_INFERIR_CUSTOM_PRICE
MLB7238972514,VTK017996,paused,item:MLB7238972514,109,,,,,False,AUTORIA_NAO_COMPROVADA_NAO_INFERIR_CUSTOM_PRICE
MLB7238889924,VTK018929,paused,ml:MLB4942212513:MLB7238889924,38,,,,,False,AUTORIA_NAO_COMPROVADA_NAO_INFERIR_CUSTOM_PRICE
MLB7238889146,VTK000275,paused,,55.09,,,,,False,AUTORIA_NAO_COMPROVADA_NAO_INFERIR_CUSTOM_PRICE
MLB7238888912,VTK005880,paused,item:MLB7238888912,3135.11,,,,,False,AUTORIA_NAO_COMPROVADA_NAO_INFERIR_CUSTOM_PRICE
MLB7238802778,VTK001685,paused,ml:MLB4942183065:MLB7238802778,36,,,,,False,AUTORIA_NAO_COMPROVADA_NAO_INFERIR_CUSTOM_PRICE
MLB7236458150,VTK000131,paused,ml:MLB7086971984:MLB7236458150,140,,,,,False,AUTORIA_NAO_COMPROVADA_NAO_INFERIR_CUSTOM_PRICE
MLB4937563877,VTK018665,paused,ml:MLB4937563877:MLB4942212965,85.4,,,,,False,AUTORIA_NAO_COMPROVADA_NAO_INFERIR_CUSTOM_PRICE
MLB4937563583,VTK018860,paused,ml:MLB4937563583:MLB4942205285,100.19,,,,,False,AUTORIA_NAO_COMPROVADA_NAO_INFERIR_CUSTOM_PRICE
MLB4937563495,VTK022563,paused,ml:MLB4937563495:MLB7314821010,1056.25,,,,,False,AUTORIA_NAO_COMPROVADA_NAO_INFERIR_CUSTOM_PRICE
MLB4937560855,VTK017785,paused,ml:MLB4937560855:MLB4942205363,39,,,,,False,AUTORIA_NAO_COMPROVADA_NAO_INFERIR_CUSTOM_PRICE
MLB4937560615,VTK018499,paused,ml:MLB4937560615:MLB4945582793,755.75,,,,,False,AUTORIA_NAO_COMPROVADA_NAO_INFERIR_CUSTOM_PRICE
MLB4937554143,VTK017825,paused,item:MLB4937554143,139.69,,,,,False,AUTORIA_NAO_COMPROVADA_NAO_INFERIR_CUSTOM_PRICE
MLB4937549629,VTK018210,paused,item:MLB4937549629,960.87,,,,,False,AUTORIA_NAO_COMPROVADA_NAO_INFERIR_CUSTOM_PRICE
MLB4937547837,VTK017769,paused,ml:MLB4937547837:MLB7391077812,212.98,,,,,False,AUTORIA_NAO_COMPROVADA_NAO_INFERIR_CUSTOM_PRICE
MLB4937547495,VTK017991,paused,ml:MLB4937547495:MLB4942183589,730,,,,,False,AUTORIA_NAO_COMPROVADA_NAO_INFERIR_CUSTOM_PRICE
MLB4937545933,VTK017358,paused,ml:MLB4937545933:MLB4942213459,205,,,,,False,AUTORIA_NAO_COMPROVADA_NAO_INFERIR_CUSTOM_PRICE
MLB4937526951,VTK002218,paused,item:MLB4937526951,148.21,,,,,False,AUTORIA_NAO_COMPROVADA_NAO_INFERIR_CUSTOM_PRICE
MLB4937525807,VTK004423,paused,ml:MLB4937525807:MLB4972812865,397,,,,,False,AUTORIA_NAO_COMPROVADA_NAO_INFERIR_CUSTOM_PRICE
MLB4937523479,VTK017607,paused,ml:MLB4937523479:MLB4942206117,57,,,,,False,AUTORIA_NAO_COMPROVADA_NAO_INFERIR_CUSTOM_PRICE
MLB4937521489,VTK018336,paused,item:MLB4937521489,65,,,,,False,AUTORIA_NAO_COMPROVADA_NAO_INFERIR_CUSTOM_PRICE
MLB4937519675,VTK001671,paused,item:MLB4937519675,77.92,,,,,False,AUTORIA_NAO_COMPROVADA_NAO_INFERIR_CUSTOM_PRICE
MLB4937492925,VTK018298,paused,ml:MLB4937492925:MLB7314819674,60.57,,,,,False,AUTORIA_NAO_COMPROVADA_NAO_INFERIR_CUSTOM_PRICE
MLB4937492823,VTK018453,paused,item:MLB4937492823,37,,,,,False,AUTORIA_NAO_COMPROVADA_NAO_INFERIR_CUSTOM_PRICE
MLB4937490941,VTK017183,paused,item:MLB4937490941,64.29,,,,,False,AUTORIA_NAO_COMPROVADA_NAO_INFERIR_CUSTOM_PRICE
MLB4937486637,VTK018652,paused,item:MLB4937486637,201.06,,,,,False,AUTORIA_NAO_COMPROVADA_NAO_INFERIR_CUSTOM_PRICE
MLB4937486141,VTK017908,paused,ml:MLB4937486141:MLB4942206239,167.6,,,,,False,AUTORIA_NAO_COMPROVADA_NAO_INFERIR_CUSTOM_PRICE
MLB4937475593,VTK019031,paused,item:MLB4937475593,1007.6,,,,,False,AUTORIA_NAO_COMPROVADA_NAO_INFERIR_CUSTOM_PRICE
MLB4937474577,VTK017900,paused,ml:MLB4937474577:MLB7313517024,284.69,,,,,False,AUTORIA_NAO_COMPROVADA_NAO_INFERIR_CUSTOM_PRICE
MLB4937392735,VTK019205,paused,ml:MLB4937392735:MLB7253022334,742.27,,,,,False,AUTORIA_NAO_COMPROVADA_NAO_INFERIR_CUSTOM_PRICE
MLB4935792673,VTK000329,paused,ml:MLB4935792673:MLB7111545404,1286.7,,,,,False,AUTORIA_NAO_COMPROVADA_NAO_INFERIR_CUSTOM_PRICE
MLB4935792425,VTK000184,paused,ml:MLB4935792425:MLB7193441742,685.28,,,,,False,AUTORIA_NAO_COMPROVADA_NAO_INFERIR_CUSTOM_PRICE
MLB4935792355,VTK012826,paused,ml:MLB4935792355:MLB7111643332,477,,,,,False,AUTORIA_NAO_COMPROVADA_NAO_INFERIR_CUSTOM_PRICE
MLB4935792091,VTK006039,paused,ml:MLB4935792091:MLB6573106404,117.49,,,,,False,AUTORIA_NAO_COMPROVADA_NAO_INFERIR_CUSTOM_PRICE
MLB4935792035,VTK012424,paused,ml:MLB4857541483:MLB4935792035,187,,,,,False,AUTORIA_NAO_COMPROVADA_NAO_INFERIR_CUSTOM_PRICE
MLB4640510315,VTK001101,paused,ml:MLB4640510315:MLB6573085312,98.01,,,,,False,AUTORIA_NAO_COMPROVADA_NAO_INFERIR_CUSTOM_PRICE
MLB6573085312,VTK001101,paused,ml:MLB4640510315:MLB6573085312,98.01,,,,,False,AUTORIA_NAO_COMPROVADA_NAO_INFERIR_CUSTOM_PRICE
MLB7227248380,VTK013072,paused,item:MLB7227248380,65,,,,,False,AUTORIA_NAO_COMPROVADA_NAO_INFERIR_CUSTOM_PRICE
MLB7239006366,VTK001740,paused,ml:MLB4942213957:MLB7239006366,86.33,,,,,False,AUTORIA_NAO_COMPROVADA_NAO_INFERIR_CUSTOM_PRICE
MLB7239010584,VTK017451,paused,ml:MLB4942213981:MLB7239010584,69,,,,,False,AUTORIA_NAO_COMPROVADA_NAO_INFERIR_CUSTOM_PRICE
MLB7239010338,VTK021889,paused,ml:MLB7239010338:MLB7316879608,87.77,,,,,False,AUTORIA_NAO_COMPROVADA_NAO_INFERIR_CUSTOM_PRICE
MLB7149376582,VTK002507,paused,ml:MLB4877406405:MLB7149376582,87.57,,,,,False,AUTORIA_NAO_COMPROVADA_NAO_INFERIR_CUSTOM_PRICE
MLB4877406405,VTK002507,paused,ml:MLB4877406405:MLB7149376582,87.57,,,,,False,AUTORIA_NAO_COMPROVADA_NAO_INFERIR_CUSTOM_PRICE
MLB4937527631,VTK018584,paused,ml:MLB4937527631:MLB4986647159,99,,,,,False,AUTORIA_NAO_COMPROVADA_NAO_INFERIR_CUSTOM_PRICE
MLB7238799642,VTK019167,paused,ml:MLB4981702689:MLB7238799642,99,,,,,False,AUTORIA_NAO_COMPROVADA_NAO_INFERIR_CUSTOM_PRICE
MLB7247345748,VTK018921,paused,ml:MLB7239069120:MLB7247345748,346,,,,,False,AUTORIA_NAO_COMPROVADA_NAO_INFERIR_CUSTOM_PRICE
MLB7247345678,VTK018980,paused,ml:MLB7239070510:MLB7247345678,477,,,,,False,AUTORIA_NAO_COMPROVADA_NAO_INFERIR_CUSTOM_PRICE
MLB4942213981,VTK017451,paused,ml:MLB4942213981:MLB7239010584,69,,,,,False,AUTORIA_NAO_COMPROVADA_NAO_INFERIR_CUSTOM_PRICE
MLB4942213957,VTK001740,paused,ml:MLB4942213957:MLB7239006366,86.33,,,,,False,AUTORIA_NAO_COMPROVADA_NAO_INFERIR_CUSTOM_PRICE
MLB4942213459,VTK017358,paused,ml:MLB4937545933:MLB4942213459,205,,,,,False,AUTORIA_NAO_COMPROVADA_NAO_INFERIR_CUSTOM_PRICE
MLB4942212965,VTK018665,paused,ml:MLB4937563877:MLB4942212965,85.4,,,,,False,AUTORIA_NAO_COMPROVADA_NAO_INFERIR_CUSTOM_PRICE
MLB4942212513,VTK018929,paused,ml:MLB4942212513:MLB7238889924,38,,,,,False,AUTORIA_NAO_COMPROVADA_NAO_INFERIR_CUSTOM_PRICE
MLB4942206239,VTK017908,paused,ml:MLB4937486141:MLB4942206239,167.6,,,,,False,AUTORIA_NAO_COMPROVADA_NAO_INFERIR_CUSTOM_PRICE
MLB4942206117,VTK017607,paused,ml:MLB4937523479:MLB4942206117,57,,,,,False,AUTORIA_NAO_COMPROVADA_NAO_INFERIR_CUSTOM_PRICE
MLB4942205363,VTK017785,paused,ml:MLB4937560855:MLB4942205363,39,,,,,False,AUTORIA_NAO_COMPROVADA_NAO_INFERIR_CUSTOM_PRICE
MLB4942205285,VTK018860,paused,ml:MLB4937563583:MLB4942205285,100.19,,,,,False,AUTORIA_NAO_COMPROVADA_NAO_INFERIR_CUSTOM_PRICE
MLB4942204851,VTK000275,paused,,55.09,,,,,False,AUTORIA_NAO_COMPROVADA_NAO_INFERIR_CUSTOM_PRICE
MLB4942183589,VTK017991,paused,ml:MLB4937547495:MLB4942183589,730,,,,,False,AUTORIA_NAO_COMPROVADA_NAO_INFERIR_CUSTOM_PRICE
MLB4942183065,VTK001685,paused,ml:MLB4942183065:MLB7238802778,36,,,,,False,AUTORIA_NAO_COMPROVADA_NAO_INFERIR_CUSTOM_PRICE
MLB7253032522,VTK019007,paused,ml:MLB7239014824:MLB7253032522,1857.64,,,,,False,AUTORIA_NAO_COMPROVADA_NAO_INFERIR_CUSTOM_PRICE
MLB7253022334,VTK019205,paused,ml:MLB4937392735:MLB7253022334,742.27,,,,,False,AUTORIA_NAO_COMPROVADA_NAO_INFERIR_CUSTOM_PRICE
MLB4945582793,VTK018499,paused,ml:MLB4937560615:MLB4945582793,755.75,,,,,False,AUTORIA_NAO_COMPROVADA_NAO_INFERIR_CUSTOM_PRICE
MLB7259096372,VTK001269,paused,item:MLB7259096372,347,,,,,False,AUTORIA_NAO_COMPROVADA_NAO_INFERIR_CUSTOM_PRICE
MLB7257085548,VTK000711,paused,ml:MLB6573115932:MLB7257085548,987.44,,,,,False,AUTORIA_NAO_COMPROVADA_NAO_INFERIR_CUSTOM_PRICE
MLB4949364847,VTK001185,paused,item:MLB4949364847,1119,,,,,False,AUTORIA_NAO_COMPROVADA_NAO_INFERIR_CUSTOM_PRICE
MLB4948901627,VTK001279,paused,ml:MLB4948901627:MLB6573263036,334,,,,,False,AUTORIA_NAO_COMPROVADA_NAO_INFERIR_CUSTOM_PRICE
MLB4948889557,VTK001412,paused,ml:MLB4948889557:MLB6563345420,162.91,,,,,False,AUTORIA_NAO_COMPROVADA_NAO_INFERIR_CUSTOM_PRICE
MLB4947942137,VTK000935,paused,ml:MLB4846755327:MLB4947942137,433.31,,,,,False,AUTORIA_NAO_COMPROVADA_NAO_INFERIR_CUSTOM_PRICE
MLB4947942119,VTK000818,paused,ml:MLB4947942119:MLB6573115616,271.85,,,,,False,AUTORIA_NAO_COMPROVADA_NAO_INFERIR_CUSTOM_PRICE
MLB4947942071,VTK000915,paused,ml:MLB4947942071:MLB6563284622,289.71,,,,,False,AUTORIA_NAO_COMPROVADA_NAO_INFERIR_CUSTOM_PRICE
MLB7264832830,VTK001479,paused,ml:MLB4842205237:MLB7264832830,590.61,,,,,False,AUTORIA_NAO_COMPROVADA_NAO_INFERIR_CUSTOM_PRICE
MLB7263957340,VTK001184,paused,ml:MLB4842076751:MLB7263957340,270.35,,,,,False,AUTORIA_NAO_COMPROVADA_NAO_INFERIR_CUSTOM_PRICE
MLB7263956890,VTK001167,paused,ml:MLB6573222236:MLB7263956890,164.67,,,,,False,AUTORIA_NAO_COMPROVADA_NAO_INFERIR_CUSTOM_PRICE
MLB7276493534,VTK000998,paused,ml:MLB7276493532:MLB7276493534,97,,,,,False,AUTORIA_NAO_COMPROVADA_NAO_INFERIR_CUSTOM_PRICE
MLB7276493532,,paused,,97,,,,,False,AUTORIA_NAO_COMPROVADA_NAO_INFERIR_CUSTOM_PRICE
MLB7272724706,VTK000616,paused,ml:MLB7087096476:MLB7272724706,144.55,,,,,False,AUTORIA_NAO_COMPROVADA_NAO_INFERIR_CUSTOM_PRICE
MLB4800938113,VTK009724,paused,ml:MLB4800938113:MLB4800958745,252.46,,,,,False,AUTORIA_NAO_COMPROVADA_NAO_INFERIR_CUSTOM_PRICE
MLB4800958745,VTK009724,paused,ml:MLB4800938113:MLB4800958745,252.46,,,,,False,AUTORIA_NAO_COMPROVADA_NAO_INFERIR_CUSTOM_PRICE
MLB7286113796,VTK019951,paused,item:MLB7286113796,339.91,,,,,False,AUTORIA_NAO_COMPROVADA_NAO_INFERIR_CUSTOM_PRICE
MLB7285980812,VTK018766,paused,ml:MLB4971983301:MLB7285980812,230,,,,,False,AUTORIA_NAO_COMPROVADA_NAO_INFERIR_CUSTOM_PRICE
MLB7285954586,VTK018928,paused,ml:MLB4971957869:MLB7285954586,91.67,,,,,False,AUTORIA_NAO_COMPROVADA_NAO_INFERIR_CUSTOM_PRICE
MLB7285499626,VTK017714,paused,ml:MLB7285499626:MLB7330399238,74.29,,,,,False,AUTORIA_NAO_COMPROVADA_NAO_INFERIR_CUSTOM_PRICE
MLB7285499010,VTK017889,paused,ml:MLB4988011613:MLB7285499010,499,,,,,False,AUTORIA_NAO_COMPROVADA_NAO_INFERIR_CUSTOM_PRICE
MLB4966508243,VTK018925,paused,item:MLB4966508243,832.5,,,,,False,AUTORIA_NAO_COMPROVADA_NAO_INFERIR_CUSTOM_PRICE
MLB4965921771,VTK020780,paused,item:MLB4965921771,922.52,,,,,False,AUTORIA_NAO_COMPROVADA_NAO_INFERIR_CUSTOM_PRICE
MLB7298190156,VTK000267,paused,ml:MLB7087032006:MLB7298190156,460,,,,,False,AUTORIA_NAO_COMPROVADA_NAO_INFERIR_CUSTOM_PRICE
MLB7298190138,VTK000697,paused,ml:MLB7009377236:MLB7298190138,189,,,,,False,AUTORIA_NAO_COMPROVADA_NAO_INFERIR_CUSTOM_PRICE
MLB7298190124,VTK000298,paused,ml:MLB7111544682:MLB7298190124,1459.51,,,,,False,AUTORIA_NAO_COMPROVADA_NAO_INFERIR_CUSTOM_PRICE
MLB7298190090,VTK000220,paused,ml:MLB4841972823:MLB7298190090,513.08,,,,,False,AUTORIA_NAO_COMPROVADA_NAO_INFERIR_CUSTOM_PRICE
MLB7298189922,VTK000971,paused,ml:MLB4582526883:MLB7298189922,895.27,,,,,False,AUTORIA_NAO_COMPROVADA_NAO_INFERIR_CUSTOM_PRICE
MLB7298189866,VTK001378,paused,ml:MLB6809421428:MLB7298189866,212.05,,,,,False,AUTORIA_NAO_COMPROVADA_NAO_INFERIR_CUSTOM_PRICE
MLB7298189836,VTK001016,paused,ml:MLB4582525649:MLB7298189836,385,,,,,False,AUTORIA_NAO_COMPROVADA_NAO_INFERIR_CUSTOM_PRICE
MLB7298177166,VTK000823,paused,ml:MLB4585679939:MLB7298177166,1169.87,,,,,False,AUTORIA_NAO_COMPROVADA_NAO_INFERIR_CUSTOM_PRICE
MLB7298177144,VTK000872,paused,ml:MLB4857485083:MLB7298177144,1190,,,,,False,AUTORIA_NAO_COMPROVADA_NAO_INFERIR_CUSTOM_PRICE
MLB7298177102,VTK000128,paused,ml:MLB4847281703:MLB7298177102,1879,,,,,False,AUTORIA_NAO_COMPROVADA_NAO_INFERIR_CUSTOM_PRICE
MLB7298176838,VTK001592,paused,ml:MLB4842206261:MLB7298176838,756,,,,,False,AUTORIA_NAO_COMPROVADA_NAO_INFERIR_CUSTOM_PRICE
MLB7298176834,VTK000675,paused,ml:MLB7009188896:MLB7298176834,654,,,,,False,AUTORIA_NAO_COMPROVADA_NAO_INFERIR_CUSTOM_PRICE
MLB7298176506,VTK000835,paused,ml:MLB6563336120:MLB7298176506,305.9,,,,,False,AUTORIA_NAO_COMPROVADA_NAO_INFERIR_CUSTOM_PRICE
MLB7297407072,VTK025854,paused,item:MLB7297407072,104.41,,,,,False,AUTORIA_NAO_COMPROVADA_NAO_INFERIR_CUSTOM_PRICE
MLB7297397610,VTK025705,paused,item:MLB7297397610,173.06,,,,,False,AUTORIA_NAO_COMPROVADA_NAO_INFERIR_CUSTOM_PRICE
MLB7297377648,VTK025785,paused,item:MLB7297377648,1026.76,,,,,False,AUTORIA_NAO_COMPROVADA_NAO_INFERIR_CUSTOM_PRICE
MLB7295701238,VTK025447,paused,item:MLB7295701238,1157.96,,,,,False,AUTORIA_NAO_COMPROVADA_NAO_INFERIR_CUSTOM_PRICE
MLB7295695244,VTK025431,paused,item:MLB7295695244,1099,,,,,False,AUTORIA_NAO_COMPROVADA_NAO_INFERIR_CUSTOM_PRICE
MLB7295690858,VTK025449,paused,item:MLB7295690858,1309.06,,,,,False,AUTORIA_NAO_COMPROVADA_NAO_INFERIR_CUSTOM_PRICE
MLB7295672568,VTK025432,paused,item:MLB7295672568,2490,,,,,False,AUTORIA_NAO_COMPROVADA_NAO_INFERIR_CUSTOM_PRICE
MLB7295515888,VTK025404,paused,item:MLB7295515888,1321.69,,,,,False,AUTORIA_NAO_COMPROVADA_NAO_INFERIR_CUSTOM_PRICE
MLB7295509874,VTK025421,paused,item:MLB7295509874,553.43,,,,,False,AUTORIA_NAO_COMPROVADA_NAO_INFERIR_CUSTOM_PRICE
MLB7295500118,VTK025402,paused,item:MLB7295500118,560.18,,,,,False,AUTORIA_NAO_COMPROVADA_NAO_INFERIR_CUSTOM_PRICE
MLB7295379120,VTK025393,paused,item:MLB7295379120,593.19,,,,,False,AUTORIA_NAO_COMPROVADA_NAO_INFERIR_CUSTOM_PRICE
MLB7295377986,VTK025392,paused,item:MLB7295377986,311.69,,,,,False,AUTORIA_NAO_COMPROVADA_NAO_INFERIR_CUSTOM_PRICE
MLB7287863776,VTK025288,paused,item:MLB7287863776,136.96,,,,,False,AUTORIA_NAO_COMPROVADA_NAO_INFERIR_CUSTOM_PRICE
MLB4972532895,VTK001681,paused,ml:MLB4842175237:MLB4972532895,135,,,,,False,AUTORIA_NAO_COMPROVADA_NAO_INFERIR_CUSTOM_PRICE
MLB4972532891,VTK000930,paused,ml:MLB4972532891:MLB6563335788,252.21,,,,,False,AUTORIA_NAO_COMPROVADA_NAO_INFERIR_CUSTOM_PRICE
MLB4972532867,VTK000781,paused,ml:MLB4585804393:MLB4972532867,284.17,,,,,False,AUTORIA_NAO_COMPROVADA_NAO_INFERIR_CUSTOM_PRICE
MLB4972532855,VTK000998,paused,ml:MLB4582542537:MLB4972532855,99,,,,,False,AUTORIA_NAO_COMPROVADA_NAO_INFERIR_CUSTOM_PRICE
MLB4972470619,VTK000307,paused,ml:MLB4972470619:MLB7087033006,208.98,,,,,False,AUTORIA_NAO_COMPROVADA_NAO_INFERIR_CUSTOM_PRICE
MLB4972430569,VTK025635,paused,item:MLB4972430569,110.99,,,,,False,AUTORIA_NAO_COMPROVADA_NAO_INFERIR_CUSTOM_PRICE
MLB4971983301,VTK018766,paused,ml:MLB4971983301:MLB7285980812,230,,,,,False,AUTORIA_NAO_COMPROVADA_NAO_INFERIR_CUSTOM_PRICE
MLB4971982535,VTK004093,paused,ml:MLB4971982535:MLB7111544598,1985,,,,,False,AUTORIA_NAO_COMPROVADA_NAO_INFERIR_CUSTOM_PRICE
MLB4971957869,VTK018928,paused,ml:MLB4971957869:MLB7285954586,91.67,,,,,False,AUTORIA_NAO_COMPROVADA_NAO_INFERIR_CUSTOM_PRICE
MLB4971793381,VTK025630,paused,item:MLB4971793381,738.33,,,,,False,AUTORIA_NAO_COMPROVADA_NAO_INFERIR_CUSTOM_PRICE
MLB4971399249,VTK025410,paused,item:MLB4971399249,3490,,,,,False,AUTORIA_NAO_COMPROVADA_NAO_INFERIR_CUSTOM_PRICE
MLB4971297395,VTK025424,paused,item:MLB4971297395,1292.44,,,,,False,AUTORIA_NAO_COMPROVADA_NAO_INFERIR_CUSTOM_PRICE
MLB4971294701,VTK025423,paused,item:MLB4971294701,643.72,,,,,False,AUTORIA_NAO_COMPROVADA_NAO_INFERIR_CUSTOM_PRICE
MLB4971292359,VTK025430,paused,item:MLB4971292359,1099.44,,,,,False,AUTORIA_NAO_COMPROVADA_NAO_INFERIR_CUSTOM_PRICE
MLB4971289667,VTK025429,paused,item:MLB4971289667,956.81,,,,,False,AUTORIA_NAO_COMPROVADA_NAO_INFERIR_CUSTOM_PRICE
MLB4971274469,VTK025426,paused,item:MLB4971274469,2170,,,,,False,AUTORIA_NAO_COMPROVADA_NAO_INFERIR_CUSTOM_PRICE
MLB4971199005,VTK025400,paused,item:MLB4971199005,462.01,,,,,False,AUTORIA_NAO_COMPROVADA_NAO_INFERIR_CUSTOM_PRICE
MLB4971196329,VTK025398,paused,item:MLB4971196329,520.91,,,,,False,AUTORIA_NAO_COMPROVADA_NAO_INFERIR_CUSTOM_PRICE
MLB4971194093,VTK025396,paused,item:MLB4971194093,771.73,,,,,False,AUTORIA_NAO_COMPROVADA_NAO_INFERIR_CUSTOM_PRICE
MLB4971192099,VTK025395,paused,item:MLB4971192099,656.44,,,,,False,AUTORIA_NAO_COMPROVADA_NAO_INFERIR_CUSTOM_PRICE
MLB4971188971,VTK025401,paused,item:MLB4971188971,574.21,,,,,False,AUTORIA_NAO_COMPROVADA_NAO_INFERIR_CUSTOM_PRICE
MLB4971164275,VTK025394,paused,item:MLB4971164275,374.94,,,,,False,AUTORIA_NAO_COMPROVADA_NAO_INFERIR_CUSTOM_PRICE
MLB4967485725,VTK025295,paused,item:MLB4967485725,175.58,,,,,False,AUTORIA_NAO_COMPROVADA_NAO_INFERIR_CUSTOM_PRICE
MLB7298190202,VTK000670,paused,ml:MLB4842155149:MLB7298190202,394.71,,,,,False,AUTORIA_NAO_COMPROVADA_NAO_INFERIR_CUSTOM_PRICE
MLB7298190186,VTK000981,paused,ml:MLB6564912558:MLB7298190186,657.35,,,,,False,AUTORIA_NAO_COMPROVADA_NAO_INFERIR_CUSTOM_PRICE
MLB7298177214,VTK000860,paused,ml:MLB4582557863:MLB7298177214,599,,,,,False,AUTORIA_NAO_COMPROVADA_NAO_INFERIR_CUSTOM_PRICE
MLB7298177206,VTK000127,paused,ml:MLB4847280021:MLB7298177206,1879,,,,,False,AUTORIA_NAO_COMPROVADA_NAO_INFERIR_CUSTOM_PRICE
MLB4974718569,VTK000592,paused,ml:MLB4857498359:MLB4974718569,253.77,,,,,False,AUTORIA_NAO_COMPROVADA_NAO_INFERIR_CUSTOM_PRICE
MLB4972812865,VTK004423,paused,ml:MLB4937525807:MLB4972812865,397,,,,,False,AUTORIA_NAO_COMPROVADA_NAO_INFERIR_CUSTOM_PRICE
MLB4640509095,VTK005786,paused,ml:MLB4640509095:MLB6573141732,93,,,,,False,AUTORIA_NAO_COMPROVADA_NAO_INFERIR_CUSTOM_PRICE
MLB6573141732,VTK005786,paused,ml:MLB4640509095:MLB6573141732,93,,,,,False,AUTORIA_NAO_COMPROVADA_NAO_INFERIR_CUSTOM_PRICE
MLB7305856512,VTK000839,paused,ml:MLB7111544372:MLB7305856512,2358,,,,,False,AUTORIA_NAO_COMPROVADA_NAO_INFERIR_CUSTOM_PRICE
MLB4979869595,VTK000743,paused,item:MLB4979869595,89.1,,,,,False,AUTORIA_NAO_COMPROVADA_NAO_INFERIR_CUSTOM_PRICE
MLB4976869951,VTK001396,paused,ml:MLB4842129549:MLB4976869951,178.83,,,,,False,AUTORIA_NAO_COMPROVADA_NAO_INFERIR_CUSTOM_PRICE
MLB7314824264,VTK000620,paused,ml:MLB7087109110:MLB7314824264,189.08,,,,,False,AUTORIA_NAO_COMPROVADA_NAO_INFERIR_CUSTOM_PRICE
MLB7314824262,VTK000854,paused,ml:MLB6564912582:MLB7314824262,365.42,,,,,False,AUTORIA_NAO_COMPROVADA_NAO_INFERIR_CUSTOM_PRICE
MLB7314824198,VTK000938,paused,ml:MLB7087114790:MLB7314824198,169.27,,,,,False,AUTORIA_NAO_COMPROVADA_NAO_INFERIR_CUSTOM_PRICE
MLB7314824142,VTK000771,paused,ml:MLB7087100340:MLB7314824142,2866,,,,,False,AUTORIA_NAO_COMPROVADA_NAO_INFERIR_CUSTOM_PRICE
MLB7314824106,VTK001494,paused,ml:MLB4857485665:MLB7314824106,113.4,,,,,False,AUTORIA_NAO_COMPROVADA_NAO_INFERIR_CUSTOM_PRICE
MLB7314823416,VTK000043,paused,ml:MLB7076433422:MLB7314823416,410.18,,,,,False,AUTORIA_NAO_COMPROVADA_NAO_INFERIR_CUSTOM_PRICE
MLB7314822944,VTK000987,paused,ml:MLB4846742751:MLB7314822944,179,,,,,False,AUTORIA_NAO_COMPROVADA_NAO_INFERIR_CUSTOM_PRICE
MLB7314821064,VTK000461,paused,ml:MLB4841979197:MLB7314821064,294,,,,,False,AUTORIA_NAO_COMPROVADA_NAO_INFERIR_CUSTOM_PRICE
MLB7314821038,VTK000960,paused,ml:MLB7087103486:MLB7314821038,300.04,,,,,False,AUTORIA_NAO_COMPROVADA_NAO_INFERIR_CUSTOM_PRICE
MLB7314821010,VTK022563,paused,ml:MLB4937563495:MLB7314821010,1056.25,,,,,False,AUTORIA_NAO_COMPROVADA_NAO_INFERIR_CUSTOM_PRICE
MLB7314820974,VTK000183,paused,ml:MLB4841955539:MLB7314820974,136.17,,,,,False,AUTORIA_NAO_COMPROVADA_NAO_INFERIR_CUSTOM_PRICE
MLB7314820880,VTK000212,paused,ml:MLB4846536875:MLB7314820880,151.54,,,,,False,AUTORIA_NAO_COMPROVADA_NAO_INFERIR_CUSTOM_PRICE
MLB7314820760,VTK000672,paused,ml:MLB4866768017:MLB7314820760,329.9,,,,,False,AUTORIA_NAO_COMPROVADA_NAO_INFERIR_CUSTOM_PRICE
MLB7314820698,VTK000842,paused,ml:MLB7111548026:MLB7314820698,1006,,,,,False,AUTORIA_NAO_COMPROVADA_NAO_INFERIR_CUSTOM_PRICE
MLB7314820020,VTK002677,paused,ml:MLB7009920078:MLB7314820020,478.8,,,,,False,AUTORIA_NAO_COMPROVADA_NAO_INFERIR_CUSTOM_PRICE
MLB7314819674,VTK018298,paused,ml:MLB4937492925:MLB7314819674,60.57,,,,,False,AUTORIA_NAO_COMPROVADA_NAO_INFERIR_CUSTOM_PRICE
MLB7314819622,VTK000387,paused,ml:MLB4841982879:MLB7314819622,357,,,,,False,AUTORIA_NAO_COMPROVADA_NAO_INFERIR_CUSTOM_PRICE
MLB7313984024,VTK000624,paused,ml:MLB4842269565:MLB7313984024,297.38,,,,,False,AUTORIA_NAO_COMPROVADA_NAO_INFERIR_CUSTOM_PRICE
MLB7313983998,VTK000858,paused,ml:MLB6565484242:MLB7313983998,576.13,,,,,False,AUTORIA_NAO_COMPROVADA_NAO_INFERIR_CUSTOM_PRICE
MLB7313983928,VTK000101,paused,ml:MLB4836093067:MLB7313983928,457.55,,,,,False,AUTORIA_NAO_COMPROVADA_NAO_INFERIR_CUSTOM_PRICE
MLB7313983872,VTK006566,paused,ml:MLB7087427922:MLB7313983872,100.26,,,,,False,AUTORIA_NAO_COMPROVADA_NAO_INFERIR_CUSTOM_PRICE
MLB7313983504,VTK001120,paused,ml:MLB7087120752:MLB7313983504,1994.75,,,,,False,AUTORIA_NAO_COMPROVADA_NAO_INFERIR_CUSTOM_PRICE
MLB7313982752,VTK000271,paused,ml:MLB4801302619:MLB7313982752,1798.34,,,,,False,AUTORIA_NAO_COMPROVADA_NAO_INFERIR_CUSTOM_PRICE
MLB7313982734,VTK000225,paused,ml:MLB7009332314:MLB7313982734,112,,,,,False,AUTORIA_NAO_COMPROVADA_NAO_INFERIR_CUSTOM_PRICE
MLB7313982730,VTK003963,paused,ml:MLB7111656708:MLB7313982730,214.62,,,,,False,AUTORIA_NAO_COMPROVADA_NAO_INFERIR_CUSTOM_PRICE
MLB7313982722,VTK000646,paused,ml:MLB6573257868:MLB7313982722,246,,,,,False,AUTORIA_NAO_COMPROVADA_NAO_INFERIR_CUSTOM_PRICE
MLB7313982712,VTK017791,paused,ml:MLB4981311959:MLB7313982712,470.63,,,,,False,AUTORIA_NAO_COMPROVADA_NAO_INFERIR_CUSTOM_PRICE
MLB7313982682,VTK000961,paused,ml:MLB4857495397:MLB7313982682,266.72,,,,,False,AUTORIA_NAO_COMPROVADA_NAO_INFERIR_CUSTOM_PRICE
MLB7313980906,VTK000526,paused,ml:MLB7079677860:MLB7313980906,685,,,,,False,AUTORIA_NAO_COMPROVADA_NAO_INFERIR_CUSTOM_PRICE
MLB7313980754,VTK001133,paused,ml:MLB7087134448:MLB7313980754,647,,,,,False,AUTORIA_NAO_COMPROVADA_NAO_INFERIR_CUSTOM_PRICE
MLB7313980728,VTK000648,paused,ml:MLB7087098166:MLB7313980728,1220,,,,,False,AUTORIA_NAO_COMPROVADA_NAO_INFERIR_CUSTOM_PRICE
MLB7313980650,VTK000172,paused,ml:MLB7009319798:MLB7313980650,139.93,,,,,False,AUTORIA_NAO_COMPROVADA_NAO_INFERIR_CUSTOM_PRICE
MLB7313980568,VTK023621,paused,ml:MLB4981506373:MLB7313980568,108.8,,,,,False,AUTORIA_NAO_COMPROVADA_NAO_INFERIR_CUSTOM_PRICE
MLB7313979704,VTK001296,paused,ml:MLB7087159922:MLB7313979704,1514.79,,,,,False,AUTORIA_NAO_COMPROVADA_NAO_INFERIR_CUSTOM_PRICE
MLB7313979666,VTK000665,paused,ml:MLB7087310556:MLB7313979666,2221.38,,,,,False,AUTORIA_NAO_COMPROVADA_NAO_INFERIR_CUSTOM_PRICE
MLB7313979356,VTK000657,paused,ml:MLB4842016017:MLB7313979356,324.58,,,,,False,AUTORIA_NAO_COMPROVADA_NAO_INFERIR_CUSTOM_PRICE
MLB7313979300,VTK004842,paused,ml:MLB7009374392:MLB7313979300,214.68,,,,,False,AUTORIA_NAO_COMPROVADA_NAO_INFERIR_CUSTOM_PRICE
MLB7313975450,VTK004349,paused,ml:MLB4857485991:MLB7313975450,91.9,,,,,False,AUTORIA_NAO_COMPROVADA_NAO_INFERIR_CUSTOM_PRICE
MLB7313975346,VTK000649,paused,ml:MLB6573214184:MLB7313975346,201,,,,,False,AUTORIA_NAO_COMPROVADA_NAO_INFERIR_CUSTOM_PRICE
MLB7313973114,VTK001561,paused,ml:MLB4842163361:MLB7313973114,446,,,,,False,AUTORIA_NAO_COMPROVADA_NAO_INFERIR_CUSTOM_PRICE
MLB7313973044,VTK001244,paused,ml:MLB4866766223:MLB7313973044,194,,,,,False,AUTORIA_NAO_COMPROVADA_NAO_INFERIR_CUSTOM_PRICE
MLB7313973014,VTK000325,paused,ml:MLB7086989750:MLB7313973014,292.07,,,,,False,AUTORIA_NAO_COMPROVADA_NAO_INFERIR_CUSTOM_PRICE
MLB7313972630,VTK000195,paused,ml:MLB7079612744:MLB7313972630,102.25,,,,,False,AUTORIA_NAO_COMPROVADA_NAO_INFERIR_CUSTOM_PRICE
MLB7313972430,VTK001213,paused,ml:MLB4801144623:MLB7313972430,1265,,,,,False,AUTORIA_NAO_COMPROVADA_NAO_INFERIR_CUSTOM_PRICE
MLB7313972420,VTK001365,paused,ml:MLB6563508512:MLB7313972420,414.85,,,,,False,AUTORIA_NAO_COMPROVADA_NAO_INFERIR_CUSTOM_PRICE
MLB7313972338,VTK001222,paused,ml:MLB4857485137:MLB7313972338,105.63,,,,,False,AUTORIA_NAO_COMPROVADA_NAO_INFERIR_CUSTOM_PRICE
MLB7313972272,VTK001003,paused,ml:MLB4857494065:MLB7313972272,2711,,,,,False,AUTORIA_NAO_COMPROVADA_NAO_INFERIR_CUSTOM_PRICE
MLB7313972116,VTK000700,paused,ml:MLB7087124382:MLB7313972116,856.17,,,,,False,AUTORIA_NAO_COMPROVADA_NAO_INFERIR_CUSTOM_PRICE
MLB7313972062,VTK006494,paused,ml:MLB4866742421:MLB7313972062,268,,,,,False,AUTORIA_NAO_COMPROVADA_NAO_INFERIR_CUSTOM_PRICE
MLB7313517024,VTK017900,paused,ml:MLB4937474577:MLB7313517024,284.69,,,,,False,AUTORIA_NAO_COMPROVADA_NAO_INFERIR_CUSTOM_PRICE
MLB7311576166,VTK019052,paused,item:MLB7311576166,224.06,,,,,False,AUTORIA_NAO_COMPROVADA_NAO_INFERIR_CUSTOM_PRICE
MLB7311575792,VTK018941,paused,item:MLB7311575792,2704.9,,,,,False,AUTORIA_NAO_COMPROVADA_NAO_INFERIR_CUSTOM_PRICE
MLB7311574984,VTK018013,paused,item:MLB7311574984,259.91,,,,,False,AUTORIA_NAO_COMPROVADA_NAO_INFERIR_CUSTOM_PRICE
MLB7311539882,VTK017969,paused,item:MLB7311539882,206.13,,,,,False,AUTORIA_NAO_COMPROVADA_NAO_INFERIR_CUSTOM_PRICE
MLB4981706295,VTK000873,paused,ml:MLB4582559185:MLB4981706295,213,,,,,False,AUTORIA_NAO_COMPROVADA_NAO_INFERIR_CUSTOM_PRICE
MLB4981705625,VTK001295,paused,ml:MLB4842093521:MLB4981705625,250.32,,,,,False,AUTORIA_NAO_COMPROVADA_NAO_INFERIR_CUSTOM_PRICE
MLB4981705495,VTK001164,paused,ml:MLB4582586277:MLB4981705495,315,,,,,False,AUTORIA_NAO_COMPROVADA_NAO_INFERIR_CUSTOM_PRICE
MLB4981705481,VTK000340,paused,ml:MLB4582607833:MLB4981705481,129.09,,,,,False,AUTORIA_NAO_COMPROVADA_NAO_INFERIR_CUSTOM_PRICE
MLB4981703181,VTK000717,paused,ml:MLB4842017071:MLB4981703181,86.64,,,,,False,AUTORIA_NAO_COMPROVADA_NAO_INFERIR_CUSTOM_PRICE
MLB4981703175,VTK006025,paused,ml:MLB4981703175:MLB6573128802,154.64,,,,,False,AUTORIA_NAO_COMPROVADA_NAO_INFERIR_CUSTOM_PRICE
MLB4981703093,VTK000720,paused,ml:MLB4842017217:MLB4981703093,154.39,,,,,False,AUTORIA_NAO_COMPROVADA_NAO_INFERIR_CUSTOM_PRICE
MLB4981703053,VTK000963,paused,ml:MLB4582514335:MLB4981703053,394.96,,,,,False,AUTORIA_NAO_COMPROVADA_NAO_INFERIR_CUSTOM_PRICE
MLB4981702907,VTK001103,paused,ml:MLB4930227275:MLB4981702907,1508.36,,,,,False,AUTORIA_NAO_COMPROVADA_NAO_INFERIR_CUSTOM_PRICE
MLB4981702753,VTK001310,paused,ml:MLB4981702753:MLB7087160216,2149.55,,,,,False,AUTORIA_NAO_COMPROVADA_NAO_INFERIR_CUSTOM_PRICE
MLB4981702689,VTK019167,paused,ml:MLB4981702689:MLB7238799642,99,,,,,False,AUTORIA_NAO_COMPROVADA_NAO_INFERIR_CUSTOM_PRICE
MLB4981702585,VTK003585,paused,ml:MLB4981702585:MLB7087434718,268,,,,,False,AUTORIA_NAO_COMPROVADA_NAO_INFERIR_CUSTOM_PRICE
MLB4981702463,VTK004003,paused,ml:MLB4857494075:MLB4981702463,2715.29,,,,,False,AUTORIA_NAO_COMPROVADA_NAO_INFERIR_CUSTOM_PRICE
MLB4981702415,VTK000551,paused,ml:MLB4842006189:MLB4981702415,369.21,,,,,False,AUTORIA_NAO_COMPROVADA_NAO_INFERIR_CUSTOM_PRICE
MLB4981702351,VTK000808,paused,ml:MLB4857481465:MLB4981702351,2501,,,,,False,AUTORIA_NAO_COMPROVADA_NAO_INFERIR_CUSTOM_PRICE
MLB4981702293,VTK006419,paused,ml:MLB4981702293:MLB7087438514,333.94,,,,,False,AUTORIA_NAO_COMPROVADA_NAO_INFERIR_CUSTOM_PRICE
MLB4981700575,VTK000888,paused,ml:MLB4981700575:MLB6565230570,669.35,,,,,False,AUTORIA_NAO_COMPROVADA_NAO_INFERIR_CUSTOM_PRICE
MLB4981698849,VTK000840,paused,ml:MLB4981698849:MLB6573115592,686,,,,,False,AUTORIA_NAO_COMPROVADA_NAO_INFERIR_CUSTOM_PRICE
MLB4981506373,VTK023621,paused,ml:MLB4981506373:MLB7313980568,108.8,,,,,False,AUTORIA_NAO_COMPROVADA_NAO_INFERIR_CUSTOM_PRICE
MLB4981464537,VTK019659,paused,item:MLB4981464537,56.01,,,,,False,AUTORIA_NAO_COMPROVADA_NAO_INFERIR_CUSTOM_PRICE
MLB4981360395,VTK018044,paused,item:MLB4981360395,120.96,,,,,False,AUTORIA_NAO_COMPROVADA_NAO_INFERIR_CUSTOM_PRICE
MLB4981312325,VTK018524,paused,ml:MLB4981312325:MLB7317385558,195.29,,,,,False,AUTORIA_NAO_COMPROVADA_NAO_INFERIR_CUSTOM_PRICE
MLB4981311959,VTK017791,paused,ml:MLB4981311959:MLB7313982712,470.63,,,,,False,AUTORIA_NAO_COMPROVADA_NAO_INFERIR_CUSTOM_PRICE
MLB7322687094,VTK000706,paused,ml:MLB7322687094:MLB7339962176,1111,,,,,False,AUTORIA_NAO_COMPROVADA_NAO_INFERIR_CUSTOM_PRICE
MLB7322680084,VTK001318,paused,ml:MLB6573116714:MLB7322680084,1042,,,,,False,AUTORIA_NAO_COMPROVADA_NAO_INFERIR_CUSTOM_PRICE
MLB7320341036,VTK000883,paused,ml:MLB6563496888:MLB7320341036,321.82,,,,,False,AUTORIA_NAO_COMPROVADA_NAO_INFERIR_CUSTOM_PRICE
MLB7320340896,VTK006535,paused,ml:MLB7087416326:MLB7320340896,100.26,,,,,False,AUTORIA_NAO_COMPROVADA_NAO_INFERIR_CUSTOM_PRICE
MLB7320340706,VTK000315,paused,ml:MLB7009884412:MLB7320340706,357,,,,,False,AUTORIA_NAO_COMPROVADA_NAO_INFERIR_CUSTOM_PRICE
MLB7320340348,VTK006540,paused,ml:MLB7087427774:MLB7320340348,599.48,,,,,False,AUTORIA_NAO_COMPROVADA_NAO_INFERIR_CUSTOM_PRICE
MLB7320340116,VTK000344,paused,ml:MLB4857482541:MLB7320340116,1739.06,,,,,False,AUTORIA_NAO_COMPROVADA_NAO_INFERIR_CUSTOM_PRICE
MLB7317390010,VTK000328,paused,ml:MLB7087033726:MLB7317390010,292.07,,,,,False,AUTORIA_NAO_COMPROVADA_NAO_INFERIR_CUSTOM_PRICE
MLB7317390008,VTK000326,paused,ml:MLB7086989850:MLB7317390008,357,,,,,False,AUTORIA_NAO_COMPROVADA_NAO_INFERIR_CUSTOM_PRICE
MLB7317387478,VTK000334,paused,ml:MLB7086965010:MLB7317387478,357,,,,,False,AUTORIA_NAO_COMPROVADA_NAO_INFERIR_CUSTOM_PRICE
MLB7317386734,VTK000139,paused,ml:MLB7193277152:MLB7317386734,860,,,,,False,AUTORIA_NAO_COMPROVADA_NAO_INFERIR_CUSTOM_PRICE
MLB7317385558,VTK018524,paused,ml:MLB4981312325:MLB7317385558,195.29,,,,,False,AUTORIA_NAO_COMPROVADA_NAO_INFERIR_CUSTOM_PRICE
MLB7317385230,VTK001361,paused,ml:MLB4842085211:MLB7317385230,1193,,,,,False,AUTORIA_NAO_COMPROVADA_NAO_INFERIR_CUSTOM_PRICE
MLB7317385152,VTK004377,paused,ml:MLB7111544324:MLB7317385152,2750.48,,,,,False,AUTORIA_NAO_COMPROVADA_NAO_INFERIR_CUSTOM_PRICE
MLB7317384130,VTK002541,paused,ml:MLB4842190157:MLB7317384130,1039,,,,,False,AUTORIA_NAO_COMPROVADA_NAO_INFERIR_CUSTOM_PRICE
MLB7317383936,VTK006410,paused,ml:MLB4857495507:MLB7317383936,234.59,,,,,False,AUTORIA_NAO_COMPROVADA_NAO_INFERIR_CUSTOM_PRICE
MLB7316881362,VTK000895,paused,ml:MLB7111544388:MLB7316881362,2997.09,,,,,False,AUTORIA_NAO_COMPROVADA_NAO_INFERIR_CUSTOM_PRICE
MLB7316880512,VTK002631,paused,ml:MLB4857485945:MLB7316880512,116.69,,,,,False,AUTORIA_NAO_COMPROVADA_NAO_INFERIR_CUSTOM_PRICE
MLB7316880310,VTK005822,paused,ml:MLB4857485739:MLB7316880310,748.84,,,,,False,AUTORIA_NAO_COMPROVADA_NAO_INFERIR_CUSTOM_PRICE
MLB7316880274,VTK000525,paused,ml:MLB4857481707:MLB7316880274,1879,,,,,False,AUTORIA_NAO_COMPROVADA_NAO_INFERIR_CUSTOM_PRICE
MLB7316880232,VTK003861,paused,ml:MLB7087435128:MLB7316880232,155.15,,,,,False,AUTORIA_NAO_COMPROVADA_NAO_INFERIR_CUSTOM_PRICE
MLB7316880120,VTK000764,paused,ml:MLB4842017575:MLB7316880120,247.21,,,,,False,AUTORIA_NAO_COMPROVADA_NAO_INFERIR_CUSTOM_PRICE
MLB7316880078,VTK005811,paused,ml:MLB7087413356:MLB7316880078,131,,,,,False,AUTORIA_NAO_COMPROVADA_NAO_INFERIR_CUSTOM_PRICE
MLB7316879806,VTK000165,paused,ml:MLB7111544660:MLB7316879806,1545,,,,,False,AUTORIA_NAO_COMPROVADA_NAO_INFERIR_CUSTOM_PRICE
MLB7316879712,VTK006522,paused,ml:MLB4857485223:MLB7316879712,486.24,,,,,False,AUTORIA_NAO_COMPROVADA_NAO_INFERIR_CUSTOM_PRICE
MLB7316879608,VTK021889,paused,ml:MLB7239010338:MLB7316879608,87.77,,,,,False,AUTORIA_NAO_COMPROVADA_NAO_INFERIR_CUSTOM_PRICE
MLB7316879600,VTK004387,paused,ml:MLB7087435854:MLB7316879600,142.97,,,,,False,AUTORIA_NAO_COMPROVADA_NAO_INFERIR_CUSTOM_PRICE
MLB7316879196,VTK004359,paused,ml:MLB7087423144:MLB7316879196,274.78,,,,,False,AUTORIA_NAO_COMPROVADA_NAO_INFERIR_CUSTOM_PRICE
MLB7316878842,VTK000641,paused,ml:MLB7087122498:MLB7316878842,2035.9,,,,,False,AUTORIA_NAO_COMPROVADA_NAO_INFERIR_CUSTOM_PRICE
MLB7316878818,VTK000668,paused,ml:MLB7087433098:MLB7316878818,206.65,,,,,False,AUTORIA_NAO_COMPROVADA_NAO_INFERIR_CUSTOM_PRICE
MLB7316878600,VTK000349,paused,ml:MLB7086977842:MLB7316878600,357,,,,,False,AUTORIA_NAO_COMPROVADA_NAO_INFERIR_CUSTOM_PRICE
MLB4988489695,VTK001459,paused,item:MLB4988489695,2576.29,,,,,False,AUTORIA_NAO_COMPROVADA_NAO_INFERIR_CUSTOM_PRICE
MLB4988488561,VTK000427,paused,ml:MLB4988488561:MLB7331666460,316.33,,,,,False,AUTORIA_NAO_COMPROVADA_NAO_INFERIR_CUSTOM_PRICE
MLB4988014439,VTK001382,paused,ml:MLB4842097755:MLB4988014439,1417.39,,,,,False,AUTORIA_NAO_COMPROVADA_NAO_INFERIR_CUSTOM_PRICE
MLB4988011613,VTK017889,paused,ml:MLB4988011613:MLB7285499010,499,,,,,False,AUTORIA_NAO_COMPROVADA_NAO_INFERIR_CUSTOM_PRICE
MLB4987962289,VTK000933,paused,ml:MLB4842019821:MLB4987962289,1583.28,,,,,False,AUTORIA_NAO_COMPROVADA_NAO_INFERIR_CUSTOM_PRICE
MLB4987962261,VTK006482,paused,ml:MLB4842215155:MLB4987962261,433.94,,,,,False,AUTORIA_NAO_COMPROVADA_NAO_INFERIR_CUSTOM_PRICE
MLB4987960471,VTK000102,paused,ml:MLB4801122291:MLB4987960471,472.1,,,,,False,AUTORIA_NAO_COMPROVADA_NAO_INFERIR_CUSTOM_PRICE
MLB4987959723,VTK000609,paused,ml:MLB4987959723:MLB7087096314,268,,,,,False,AUTORIA_NAO_COMPROVADA_NAO_INFERIR_CUSTOM_PRICE
MLB4986647501,VTK000652,paused,ml:MLB4842015763:MLB4986647501,179.91,,,,,False,AUTORIA_NAO_COMPROVADA_NAO_INFERIR_CUSTOM_PRICE
MLB4986647317,VTK001827,paused,ml:MLB4857485179:MLB4986647317,788.06,,,,,False,AUTORIA_NAO_COMPROVADA_NAO_INFERIR_CUSTOM_PRICE
MLB4986647209,VTK000852,paused,ml:MLB4986647209:MLB7111544424,2255,,,,,False,AUTORIA_NAO_COMPROVADA_NAO_INFERIR_CUSTOM_PRICE
MLB4986647171,VTK017603,paused,ml:MLB4986647171:MLB7239021244,75,,,,,False,AUTORIA_NAO_COMPROVADA_NAO_INFERIR_CUSTOM_PRICE
MLB4986647159,VTK018584,paused,ml:MLB4937527631:MLB4986647159,99,,,,,False,AUTORIA_NAO_COMPROVADA_NAO_INFERIR_CUSTOM_PRICE
MLB7332776980,VTK018866,paused,item:MLB7332776980,278.4,,,,,False,AUTORIA_NAO_COMPROVADA_NAO_INFERIR_CUSTOM_PRICE
MLB7332774984,VTK018470,paused,item:MLB7332774984,397,,,,,False,AUTORIA_NAO_COMPROVADA_NAO_INFERIR_CUSTOM_PRICE
MLB7332763544,VTK018796,paused,item:MLB7332763544,136.9,,,,,False,AUTORIA_NAO_COMPROVADA_NAO_INFERIR_CUSTOM_PRICE
MLB7332762982,VTK018649,paused,item:MLB7332762982,158.8,,,,,False,AUTORIA_NAO_COMPROVADA_NAO_INFERIR_CUSTOM_PRICE
MLB7332100144,VTK018242,paused,item:MLB7332100144,128.54,,,,,False,AUTORIA_NAO_COMPROVADA_NAO_INFERIR_CUSTOM_PRICE
MLB7332100044,VTK018216,paused,item:MLB7332100044,142.72,,,,,False,AUTORIA_NAO_COMPROVADA_NAO_INFERIR_CUSTOM_PRICE
MLB7332098614,VTK018100,paused,item:MLB7332098614,109.18,,,,,False,AUTORIA_NAO_COMPROVADA_NAO_INFERIR_CUSTOM_PRICE
MLB7332095554,VTK017570,paused,item:MLB7332095554,233.75,,,,,False,AUTORIA_NAO_COMPROVADA_NAO_INFERIR_CUSTOM_PRICE
MLB7331728880,VTK017348,paused,item:MLB7331728880,197.43,,,,,False,AUTORIA_NAO_COMPROVADA_NAO_INFERIR_CUSTOM_PRICE
MLB7331666460,VTK000427,paused,ml:MLB4988488561:MLB7331666460,316.33,,,,,False,AUTORIA_NAO_COMPROVADA_NAO_INFERIR_CUSTOM_PRICE
MLB7331075308,VTK001242,paused,ml:MLB5109038623:MLB7331075308,662.73,,,,,False,AUTORIA_NAO_COMPROVADA_NAO_INFERIR_CUSTOM_PRICE
MLB7330546720,VTK000991,paused,ml:MLB6573116398:MLB7330546720,84.34,,,,,False,AUTORIA_NAO_COMPROVADA_NAO_INFERIR_CUSTOM_PRICE
MLB7330546652,VTK000814,paused,ml:MLB4857481517:MLB7330546652,2270,,,,,False,AUTORIA_NAO_COMPROVADA_NAO_INFERIR_CUSTOM_PRICE
MLB7330546578,VTK000976,paused,ml:MLB7009379296:MLB7330546578,171.35,,,,,False,AUTORIA_NAO_COMPROVADA_NAO_INFERIR_CUSTOM_PRICE
MLB7330399918,VTK000863,paused,ml:MLB4857481389:MLB7330399918,2368,,,,,False,AUTORIA_NAO_COMPROVADA_NAO_INFERIR_CUSTOM_PRICE
MLB7330399736,VTK000160,paused,ml:MLB7226787680:MLB7330399736,765.28,,,,,False,AUTORIA_NAO_COMPROVADA_NAO_INFERIR_CUSTOM_PRICE
MLB7330399396,VTK011958,paused,ml:MLB7087441474:MLB7330399396,911,,,,,False,AUTORIA_NAO_COMPROVADA_NAO_INFERIR_CUSTOM_PRICE
MLB7330399238,VTK017714,paused,ml:MLB7285499626:MLB7330399238,74.29,,,,,False,AUTORIA_NAO_COMPROVADA_NAO_INFERIR_CUSTOM_PRICE
MLB7330399058,VTK000940,paused,ml:MLB4582575051:MLB7330399058,246.65,,,,,False,AUTORIA_NAO_COMPROVADA_NAO_INFERIR_CUSTOM_PRICE
MLB7330399016,VTK001251,paused,ml:MLB7087157484:MLB7330399016,1280.85,,,,,False,AUTORIA_NAO_COMPROVADA_NAO_INFERIR_CUSTOM_PRICE
MLB7330398912,VTK000760,paused,ml:MLB7145211172:MLB7330398912,2018.75,,,,,False,AUTORIA_NAO_COMPROVADA_NAO_INFERIR_CUSTOM_PRICE
MLB7330397762,VTK006470,paused,ml:MLB4842214881:MLB7330397762,352.31,,,,,False,AUTORIA_NAO_COMPROVADA_NAO_INFERIR_CUSTOM_PRICE
MLB7330397482,VTK001389,paused,ml:MLB4842098243:MLB7330397482,1683.93,,,,,False,AUTORIA_NAO_COMPROVADA_NAO_INFERIR_CUSTOM_PRICE
MLB7330397332,VTK000622,paused,ml:MLB7087121676:MLB7330397332,366.72,,,,,False,AUTORIA_NAO_COMPROVADA_NAO_INFERIR_CUSTOM_PRICE
MLB7330397272,VTK001362,paused,ml:MLB4842085407:MLB7330397272,1297.34,,,,,False,AUTORIA_NAO_COMPROVADA_NAO_INFERIR_CUSTOM_PRICE
MLB7330396952,VTK001206,paused,ml:MLB7111545450:MLB7330396952,598,,,,,False,AUTORIA_NAO_COMPROVADA_NAO_INFERIR_CUSTOM_PRICE
MLB7330396518,VTK001106,paused,ml:MLB7087120288:MLB7330396518,1191,,,,,False,AUTORIA_NAO_COMPROVADA_NAO_INFERIR_CUSTOM_PRICE
MLB7330396490,VTK004438,paused,ml:MLB7087411922:MLB7330396490,614.28,,,,,False,AUTORIA_NAO_COMPROVADA_NAO_INFERIR_CUSTOM_PRICE
MLB7330396370,VTK000698,paused,ml:MLB4801151947:MLB7330396370,2914.64,,,,,False,AUTORIA_NAO_COMPROVADA_NAO_INFERIR_CUSTOM_PRICE
MLB7330396220,VTK000983,paused,ml:MLB4857481557:MLB7330396220,1960,,,,,False,AUTORIA_NAO_COMPROVADA_NAO_INFERIR_CUSTOM_PRICE
MLB7330395454,VTK001436,paused,ml:MLB4857485579:MLB7330395454,130.69,,,,,False,AUTORIA_NAO_COMPROVADA_NAO_INFERIR_CUSTOM_PRICE
MLB7330395104,VTK000882,paused,ml:MLB4801302687:MLB7330395104,1442.68,,,,,False,AUTORIA_NAO_COMPROVADA_NAO_INFERIR_CUSTOM_PRICE
MLB7330116816,VTK000415,paused,ml:MLB7087039266:MLB7330116816,1980,,,,,False,AUTORIA_NAO_COMPROVADA_NAO_INFERIR_CUSTOM_PRICE
MLB7330116662,VTK000362,paused,ml:MLB7009332038:MLB7330116662,200,,,,,False,AUTORIA_NAO_COMPROVADA_NAO_INFERIR_CUSTOM_PRICE
MLB7330115848,VTK000838,paused,ml:MLB6563432308:MLB7330115848,248.88,,,,,False,AUTORIA_NAO_COMPROVADA_NAO_INFERIR_CUSTOM_PRICE
MLB7330115816,VTK000685,paused,ml:MLB7087123632:MLB7330115816,2906.62,,,,,False,AUTORIA_NAO_COMPROVADA_NAO_INFERIR_CUSTOM_PRICE
MLB7330115772,VTK000802,paused,ml:MLB6565217556:MLB7330115772,283.02,,,,,False,AUTORIA_NAO_COMPROVADA_NAO_INFERIR_CUSTOM_PRICE
MLB7330115414,VTK000923,paused,ml:MLB4857494309:MLB7330115414,2674.19,,,,,False,AUTORIA_NAO_COMPROVADA_NAO_INFERIR_CUSTOM_PRICE
MLB7330115410,VTK001082,paused,ml:MLB6573098518:MLB7330115410,1255,,,,,False,AUTORIA_NAO_COMPROVADA_NAO_INFERIR_CUSTOM_PRICE
MLB7330115368,VTK000870,paused,ml:MLB4857481411:MLB7330115368,2506,,,,,False,AUTORIA_NAO_COMPROVADA_NAO_INFERIR_CUSTOM_PRICE
MLB7330114966,VTK000844,paused,ml:MLB6563284994:MLB7330114966,282.93,,,,,False,AUTORIA_NAO_COMPROVADA_NAO_INFERIR_CUSTOM_PRICE
MLB4994943851,VTK017209,paused,ml:MLB4994943851:MLB5005543119,80.87,,,,,False,AUTORIA_NAO_COMPROVADA_NAO_INFERIR_CUSTOM_PRICE
MLB4994228371,VTK000817,paused,ml:MLB4994228371:MLB7009314962,750.88,,,,,False,AUTORIA_NAO_COMPROVADA_NAO_INFERIR_CUSTOM_PRICE
MLB4994228041,VTK001104,paused,ml:MLB4877416163:MLB4994228041,118.43,,,,,False,AUTORIA_NAO_COMPROVADA_NAO_INFERIR_CUSTOM_PRICE
MLB4994227489,VTK001081,paused,ml:MLB4846743633:MLB4994227489,99.2,,,,,False,AUTORIA_NAO_COMPROVADA_NAO_INFERIR_CUSTOM_PRICE
MLB4994227315,VTK000917,paused,ml:MLB4994227315:MLB6563508730,234.87,,,,,False,AUTORIA_NAO_COMPROVADA_NAO_INFERIR_CUSTOM_PRICE
MLB4994226805,VTK000671,paused,ml:MLB4842166539:MLB4994226805,2921,,,,,False,AUTORIA_NAO_COMPROVADA_NAO_INFERIR_CUSTOM_PRICE
MLB4994226359,VTK002494,paused,ml:MLB4857485705:MLB4994226359,537.08,,,,,False,AUTORIA_NAO_COMPROVADA_NAO_INFERIR_CUSTOM_PRICE
MLB4994226061,VTK000687,paused,ml:MLB4842016369:MLB4994226061,1613.21,,,,,False,AUTORIA_NAO_COMPROVADA_NAO_INFERIR_CUSTOM_PRICE
MLB6646642686,VTK001381,paused,ml:MLB6558628048:MLB6646642686,377,,,,,False,AUTORIA_NAO_COMPROVADA_NAO_INFERIR_CUSTOM_PRICE
MLB6558628048,VTK001381,paused,ml:MLB6558628048:MLB6646642686,377,,,,,False,AUTORIA_NAO_COMPROVADA_NAO_INFERIR_CUSTOM_PRICE
MLB7314820682,VTK001681,paused,ml:MLB4866742445:MLB7314820682,129,,,,,False,AUTORIA_NAO_COMPROVADA_NAO_INFERIR_CUSTOM_PRICE
MLB4866742445,VTK001681,paused,ml:MLB4866742445:MLB7314820682,129,,,,,False,AUTORIA_NAO_COMPROVADA_NAO_INFERIR_CUSTOM_PRICE
MLB7339962326,VTK002089,paused,ml:MLB4842189049:MLB7339962326,225.73,,,,,False,AUTORIA_NAO_COMPROVADA_NAO_INFERIR_CUSTOM_PRICE
MLB7339962176,VTK000706,paused,ml:MLB7322687094:MLB7339962176,1111,,,,,False,AUTORIA_NAO_COMPROVADA_NAO_INFERIR_CUSTOM_PRICE
MLB7332789808,VTK018886,paused,item:MLB7332789808,107.41,,,,,False,AUTORIA_NAO_COMPROVADA_NAO_INFERIR_CUSTOM_PRICE
MLB7332777894,VTK019122,paused,item:MLB7332777894,146.77,,,,,False,AUTORIA_NAO_COMPROVADA_NAO_INFERIR_CUSTOM_PRICE
MLB7332777834,VTK019101,paused,item:MLB7332777834,307.98,,,,,False,AUTORIA_NAO_COMPROVADA_NAO_INFERIR_CUSTOM_PRICE
MLB7332777798,VTK019098,paused,item:MLB7332777798,200.66,,,,,False,AUTORIA_NAO_COMPROVADA_NAO_INFERIR_CUSTOM_PRICE
MLB7332768980,VTK019484,paused,item:MLB7332768980,847.79,,,,,False,AUTORIA_NAO_COMPROVADA_NAO_INFERIR_CUSTOM_PRICE
MLB5005555301,VTK000666,paused,ml:MLB4801137355:MLB5005555301,182.79,,,,,False,AUTORIA_NAO_COMPROVADA_NAO_INFERIR_CUSTOM_PRICE
MLB5005543119,VTK017209,paused,ml:MLB4994943851:MLB5005543119,80.87,,,,,False,AUTORIA_NAO_COMPROVADA_NAO_INFERIR_CUSTOM_PRICE
MLB5005542295,VTK000767,paused,ml:MLB5005542295:MLB7087125024,519,,,,,False,AUTORIA_NAO_COMPROVADA_NAO_INFERIR_CUSTOM_PRICE
MLB7366791266,VTK000770,paused,item:MLB7366791266,2639,,,,,False,AUTORIA_NAO_COMPROVADA_NAO_INFERIR_CUSTOM_PRICE
MLB5022328269,VTK000748,paused,item:MLB5022328269,2639,,,,,False,AUTORIA_NAO_COMPROVADA_NAO_INFERIR_CUSTOM_PRICE
MLB4981702311,VTK006350,paused,ml:MLB4981702311:MLB6563418904,210.19,,,,,False,AUTORIA_NAO_COMPROVADA_NAO_INFERIR_CUSTOM_PRICE
MLB6563418904,VTK006350,paused,ml:MLB4981702311:MLB6563418904,210.19,,,,,False,AUTORIA_NAO_COMPROVADA_NAO_INFERIR_CUSTOM_PRICE
MLB7381756406,VTK000556,paused,item:MLB7381756406,288.31,,,,,False,AUTORIA_NAO_COMPROVADA_NAO_INFERIR_CUSTOM_PRICE
MLB7381756002,VTK000028,paused,item:MLB7381756002,220.86,,,,,False,AUTORIA_NAO_COMPROVADA_NAO_INFERIR_CUSTOM_PRICE
MLB7381755908,VTK001353,paused,item:MLB7381755908,2442.6,,,,,False,AUTORIA_NAO_COMPROVADA_NAO_INFERIR_CUSTOM_PRICE
MLB7381755494,VTK002305,paused,item:MLB7381755494,223.65,,,,,False,AUTORIA_NAO_COMPROVADA_NAO_INFERIR_CUSTOM_PRICE
MLB7381755252,VTK003685,paused,item:MLB7381755252,209.67,,,,,False,AUTORIA_NAO_COMPROVADA_NAO_INFERIR_CUSTOM_PRICE
MLB7381755228,VTK001416,paused,ml:MLB7381755228:MLB7390922982,1523.07,,,,,False,AUTORIA_NAO_COMPROVADA_NAO_INFERIR_CUSTOM_PRICE
MLB7381754912,VTK001330,paused,item:MLB7381754912,181.62,,,,,False,AUTORIA_NAO_COMPROVADA_NAO_INFERIR_CUSTOM_PRICE
MLB7381754608,VTK017970,paused,item:MLB7381754608,53.86,,,,,False,AUTORIA_NAO_COMPROVADA_NAO_INFERIR_CUSTOM_PRICE
MLB7381754400,VTK003318,paused,item:MLB7381754400,1071.66,,,,,False,AUTORIA_NAO_COMPROVADA_NAO_INFERIR_CUSTOM_PRICE
MLB7381753888,VTK001241,paused,item:MLB7381753888,506.24,,,,,False,AUTORIA_NAO_COMPROVADA_NAO_INFERIR_CUSTOM_PRICE
MLB7381744504,VTK001977,paused,ml:MLB7381744504:MLB7390923232,1398,,,,,False,AUTORIA_NAO_COMPROVADA_NAO_INFERIR_CUSTOM_PRICE
MLB7381743724,VTK001252,paused,ml:MLB7381743724:MLB7391077614,1207.97,,,,,False,AUTORIA_NAO_COMPROVADA_NAO_INFERIR_CUSTOM_PRICE
MLB7381743580,VTK002571,paused,ml:MLB7381743580:MLB7390923172,1372.11,,,,,False,AUTORIA_NAO_COMPROVADA_NAO_INFERIR_CUSTOM_PRICE
MLB7381742270,VTK000096,paused,item:MLB7381742270,561.04,,,,,False,AUTORIA_NAO_COMPROVADA_NAO_INFERIR_CUSTOM_PRICE
MLB7381741608,VTK000507,paused,ml:MLB7381741608:MLB7390923304,467.68,,,,,False,AUTORIA_NAO_COMPROVADA_NAO_INFERIR_CUSTOM_PRICE
MLB7381741334,VTK001386,paused,ml:MLB7381741334:MLB7437026176,346.07,,,,,False,AUTORIA_NAO_COMPROVADA_NAO_INFERIR_CUSTOM_PRICE
MLB7381740906,VTK017189,paused,item:MLB7381740906,41.57,,,,,False,AUTORIA_NAO_COMPROVADA_NAO_INFERIR_CUSTOM_PRICE
MLB7381688682,VTK000544,paused,ml:MLB4842005819:MLB7381688682,749.31,,,,,False,AUTORIA_NAO_COMPROVADA_NAO_INFERIR_CUSTOM_PRICE
MLB7381688534,VTK000887,paused,ml:MLB6563420636:MLB7381688534,250.71,,,,,False,AUTORIA_NAO_COMPROVADA_NAO_INFERIR_CUSTOM_PRICE
MLB7381675360,VTK019124,paused,item:MLB7381675360,244.26,,,,,False,AUTORIA_NAO_COMPROVADA_NAO_INFERIR_CUSTOM_PRICE
MLB7381674962,VTK001399,paused,ml:MLB7381674962:MLB7391077690,1644.71,,,,,False,AUTORIA_NAO_COMPROVADA_NAO_INFERIR_CUSTOM_PRICE
MLB7381673914,VTK001733,paused,ml:MLB7381673914:MLB7391077468,1238.58,,,,,False,AUTORIA_NAO_COMPROVADA_NAO_INFERIR_CUSTOM_PRICE
MLB7381673588,VTK001308,paused,ml:MLB7381673588:MLB7391077536,979.07,,,,,False,AUTORIA_NAO_COMPROVADA_NAO_INFERIR_CUSTOM_PRICE
MLB7381673042,VTK002144,paused,ml:MLB7381673042:MLB7437026180,589.32,,,,,False,AUTORIA_NAO_COMPROVADA_NAO_INFERIR_CUSTOM_PRICE
MLB7381671410,VTK017156,paused,item:MLB7381671410,381.52,,,,,False,AUTORIA_NAO_COMPROVADA_NAO_INFERIR_CUSTOM_PRICE
MLB7381288752,VTK000890,paused,ml:MLB5108987737:MLB7381288752,2535,,,,,False,AUTORIA_NAO_COMPROVADA_NAO_INFERIR_CUSTOM_PRICE
MLB7381288678,VTK001959,paused,ml:MLB7381240976:MLB7381288678,2439.05,,,,,False,AUTORIA_NAO_COMPROVADA_NAO_INFERIR_CUSTOM_PRICE
MLB7381262192,VTK000361,paused,ml:MLB7381240660:MLB7381262192,2164.08,,,,,False,AUTORIA_NAO_COMPROVADA_NAO_INFERIR_CUSTOM_PRICE
MLB7381240976,VTK001959,paused,ml:MLB7381240976:MLB7381288678,2439.05,,,,,False,AUTORIA_NAO_COMPROVADA_NAO_INFERIR_CUSTOM_PRICE
MLB7381240660,VTK000361,paused,ml:MLB7381240660:MLB7381262192,2164.08,,,,,False,AUTORIA_NAO_COMPROVADA_NAO_INFERIR_CUSTOM_PRICE
MLB7381240616,VTK000686,paused,ml:MLB7087111110:MLB7381240616,2299,,,,,False,AUTORIA_NAO_COMPROVADA_NAO_INFERIR_CUSTOM_PRICE
MLB7381240536,VTK012801,paused,ml:MLB4857622987:MLB7381240536,48,,,,,False,AUTORIA_NAO_COMPROVADA_NAO_INFERIR_CUSTOM_PRICE
MLB7381240006,VTK000943,paused,ml:MLB6564925380:MLB7381240006,318.1,,,,,False,AUTORIA_NAO_COMPROVADA_NAO_INFERIR_CUSTOM_PRICE
MLB7381239024,VTK000810,paused,ml:MLB6573106380:MLB7381239024,162.04,,,,,False,AUTORIA_NAO_COMPROVADA_NAO_INFERIR_CUSTOM_PRICE
MLB7381238988,VTK001679,paused,ml:MLB4842175195:MLB7381238988,156.57,,,,,False,AUTORIA_NAO_COMPROVADA_NAO_INFERIR_CUSTOM_PRICE
MLB5034788561,VTK012766,paused,item:MLB5034788561,192.19,,,,,False,AUTORIA_NAO_COMPROVADA_NAO_INFERIR_CUSTOM_PRICE
MLB5034771739,VTK025397,paused,item:MLB5034771739,1304.17,,,,,False,AUTORIA_NAO_COMPROVADA_NAO_INFERIR_CUSTOM_PRICE
MLB5034766291,VTK012418,paused,ml:MLB5034766291:MLB7391077868,54.44,,,,,False,AUTORIA_NAO_COMPROVADA_NAO_INFERIR_CUSTOM_PRICE
MLB5034759733,VTK002371,paused,item:MLB5034759733,272.44,,,,,False,AUTORIA_NAO_COMPROVADA_NAO_INFERIR_CUSTOM_PRICE
MLB5034731379,VTK001093,paused,item:MLB5034731379,111.88,,,,,False,AUTORIA_NAO_COMPROVADA_NAO_INFERIR_CUSTOM_PRICE
MLB5034096351,VTK000757,paused,ml:MLB5034096351:MLB6573106330,281.08,,,,,False,AUTORIA_NAO_COMPROVADA_NAO_INFERIR_CUSTOM_PRICE
MLB5034096261,VTK000784,paused,ml:MLB5034096261:MLB6573097030,292.6,,,,,False,AUTORIA_NAO_COMPROVADA_NAO_INFERIR_CUSTOM_PRICE
MLB5034095623,VTK000588,paused,ml:MLB4857494477:MLB5034095623,1459.51,,,,,False,AUTORIA_NAO_COMPROVADA_NAO_INFERIR_CUSTOM_PRICE
MLB5034095113,VTK000911,paused,ml:MLB5034095113:MLB6565445396,301.77,,,,,False,AUTORIA_NAO_COMPROVADA_NAO_INFERIR_CUSTOM_PRICE
MLB5034095031,VTK000567,paused,ml:MLB4847222213:MLB5034095031,520,,,,,False,AUTORIA_NAO_COMPROVADA_NAO_INFERIR_CUSTOM_PRICE
MLB5034094927,VTK000910,paused,ml:MLB5034094927:MLB6565317208,345.12,,,,,False,AUTORIA_NAO_COMPROVADA_NAO_INFERIR_CUSTOM_PRICE
MLB7391077978,VTK017239,paused,,53.29,,,,,False,AUTORIA_NAO_COMPROVADA_NAO_INFERIR_CUSTOM_PRICE
MLB7391077950,VTK006330,paused,ml:MLB7111544270:MLB7391077950,3685,,,,,False,AUTORIA_NAO_COMPROVADA_NAO_INFERIR_CUSTOM_PRICE
MLB7391077868,VTK012418,paused,ml:MLB5034766291:MLB7391077868,54.44,,,,,False,AUTORIA_NAO_COMPROVADA_NAO_INFERIR_CUSTOM_PRICE
MLB7391077812,VTK017769,paused,ml:MLB4937547837:MLB7391077812,212.98,,,,,False,AUTORIA_NAO_COMPROVADA_NAO_INFERIR_CUSTOM_PRICE
MLB7391077784,VTK000801,paused,ml:MLB6572979886:MLB7391077784,599,,,,,False,AUTORIA_NAO_COMPROVADA_NAO_INFERIR_CUSTOM_PRICE
MLB7391077690,VTK001399,paused,ml:MLB7381674962:MLB7391077690,1644.71,,,,,False,AUTORIA_NAO_COMPROVADA_NAO_INFERIR_CUSTOM_PRICE
MLB7391077614,VTK001252,paused,ml:MLB7381743724:MLB7391077614,1207.97,,,,,False,AUTORIA_NAO_COMPROVADA_NAO_INFERIR_CUSTOM_PRICE
MLB7391077536,VTK001308,paused,ml:MLB7381673588:MLB7391077536,979.07,,,,,False,AUTORIA_NAO_COMPROVADA_NAO_INFERIR_CUSTOM_PRICE
MLB7391077468,VTK001733,paused,ml:MLB7381673914:MLB7391077468,1238.58,,,,,False,AUTORIA_NAO_COMPROVADA_NAO_INFERIR_CUSTOM_PRICE
MLB7390923360,VTK000080,paused,ml:MLB7009369518:MLB7390923360,141.28,,,,,False,AUTORIA_NAO_COMPROVADA_NAO_INFERIR_CUSTOM_PRICE
MLB7390923304,VTK000507,paused,ml:MLB7381741608:MLB7390923304,467.68,,,,,False,AUTORIA_NAO_COMPROVADA_NAO_INFERIR_CUSTOM_PRICE
MLB7390923232,VTK001977,paused,ml:MLB7381744504:MLB7390923232,1398,,,,,False,AUTORIA_NAO_COMPROVADA_NAO_INFERIR_CUSTOM_PRICE
MLB7390923172,VTK002571,paused,ml:MLB7381743580:MLB7390923172,1372.11,,,,,False,AUTORIA_NAO_COMPROVADA_NAO_INFERIR_CUSTOM_PRICE
MLB7390923094,VTK003115,paused,ml:MLB4857625059:MLB7390923094,52.52,,,,,False,AUTORIA_NAO_COMPROVADA_NAO_INFERIR_CUSTOM_PRICE
MLB7390922982,VTK001416,paused,ml:MLB7381755228:MLB7390922982,1523.07,,,,,False,AUTORIA_NAO_COMPROVADA_NAO_INFERIR_CUSTOM_PRICE
MLB7400501080,VTK000969,paused,ml:MLB6563284590:MLB7400501080,217,,,,,False,AUTORIA_NAO_COMPROVADA_NAO_INFERIR_CUSTOM_PRICE
MLB7400501028,VTK003902,paused,ml:MLB4842210925:MLB7400501028,181.44,,,,,False,AUTORIA_NAO_COMPROVADA_NAO_INFERIR_CUSTOM_PRICE
MLB7400500942,VTK005685,paused,ml:MLB4842213067:MLB7400500942,2149.55,,,,,False,AUTORIA_NAO_COMPROVADA_NAO_INFERIR_CUSTOM_PRICE
MLB7400500878,VTK000088,paused,ml:MLB4801357893:MLB7400500878,151.82,,,,,False,AUTORIA_NAO_COMPROVADA_NAO_INFERIR_CUSTOM_PRICE
MLB5048998385,VTK000636,paused,ml:MLB5048998385:MLB7095602252,2949.21,,,,,False,AUTORIA_NAO_COMPROVADA_NAO_INFERIR_CUSTOM_PRICE
MLB5009527951,VTK012762,paused,ml:MLB5009527951:MLB7111643486,299,,,,,False,AUTORIA_NAO_COMPROVADA_NAO_INFERIR_CUSTOM_PRICE
MLB7111643486,VTK012762,paused,ml:MLB5009527951:MLB7111643486,299,,,,,False,AUTORIA_NAO_COMPROVADA_NAO_INFERIR_CUSTOM_PRICE
MLB7432766466,VTK026018,paused,item:MLB7432766466,179.9,,,,,False,AUTORIA_NAO_COMPROVADA_NAO_INFERIR_CUSTOM_PRICE
MLB7432766214,VTK022455,paused,item:MLB7432766214,249,,,,,False,AUTORIA_NAO_COMPROVADA_NAO_INFERIR_CUSTOM_PRICE
MLB7432766170,VTK001572,paused,item:MLB7432766170,179,,,,,False,AUTORIA_NAO_COMPROVADA_NAO_INFERIR_CUSTOM_PRICE
MLB7432766020,VTK006158,paused,item:MLB7432766020,99,,,,,False,AUTORIA_NAO_COMPROVADA_NAO_INFERIR_CUSTOM_PRICE
MLB7432765754,VTK006192,paused,item:MLB7432765754,86.48,,,,,False,AUTORIA_NAO_COMPROVADA_NAO_INFERIR_CUSTOM_PRICE
MLB7432633734,VTK021001,paused,item:MLB7432633734,849.9,,,,,False,AUTORIA_NAO_COMPROVADA_NAO_INFERIR_CUSTOM_PRICE
MLB7432633498,VTK001011,paused,item:MLB7432633498,159,,,,,False,AUTORIA_NAO_COMPROVADA_NAO_INFERIR_CUSTOM_PRICE
MLB7432633282,VTK003839,paused,item:MLB7432633282,985,,,,,False,AUTORIA_NAO_COMPROVADA_NAO_INFERIR_CUSTOM_PRICE
MLB7432633246,VTK000809,paused,item:MLB7432633246,137.61,,,,,False,AUTORIA_NAO_COMPROVADA_NAO_INFERIR_CUSTOM_PRICE
MLB7432632892,VTK001762,paused,item:MLB7432632892,289.9,,,,,False,AUTORIA_NAO_COMPROVADA_NAO_INFERIR_CUSTOM_PRICE
MLB7432632684,VTK001978,paused,item:MLB7432632684,267,,,,,False,AUTORIA_NAO_COMPROVADA_NAO_INFERIR_CUSTOM_PRICE
MLB7432625710,VTK002528,paused,item:MLB7432625710,77.62,,,,,False,AUTORIA_NAO_COMPROVADA_NAO_INFERIR_CUSTOM_PRICE
MLB7432625640,VTK001288,paused,item:MLB7432625640,191.52,,,,,False,AUTORIA_NAO_COMPROVADA_NAO_INFERIR_CUSTOM_PRICE
MLB7432625530,VTK000378,paused,item:MLB7432625530,1564,,,,,False,AUTORIA_NAO_COMPROVADA_NAO_INFERIR_CUSTOM_PRICE
MLB7432502350,VTK006152,paused,item:MLB7432502350,89.8,,,,,False,AUTORIA_NAO_COMPROVADA_NAO_INFERIR_CUSTOM_PRICE
MLB7432502310,VTK001155,paused,item:MLB7432502310,187.63,,,,,False,AUTORIA_NAO_COMPROVADA_NAO_INFERIR_CUSTOM_PRICE
MLB7432502292,VTK002577,paused,item:MLB7432502292,279.9,,,,,False,AUTORIA_NAO_COMPROVADA_NAO_INFERIR_CUSTOM_PRICE
MLB7432502124,VTK000568,paused,item:MLB7432502124,377,,,,,False,AUTORIA_NAO_COMPROVADA_NAO_INFERIR_CUSTOM_PRICE
MLB7432492844,VTK017376,paused,item:MLB7432492844,35.91,,,,,False,AUTORIA_NAO_COMPROVADA_NAO_INFERIR_CUSTOM_PRICE
MLB7432322488,VTK000392,paused,,599.9,,,,,False,AUTORIA_NAO_COMPROVADA_NAO_INFERIR_CUSTOM_PRICE
MLB7432157712,VTK000486,paused,,187.22,,,,,False,AUTORIA_NAO_COMPROVADA_NAO_INFERIR_CUSTOM_PRICE
MLB5075857497,VTK006377,paused,,2404,,,,,False,AUTORIA_NAO_COMPROVADA_NAO_INFERIR_CUSTOM_PRICE
MLB5075856847,VTK001732,paused,,289.9,,,,,False,AUTORIA_NAO_COMPROVADA_NAO_INFERIR_CUSTOM_PRICE
MLB5075856705,VTK001246,paused,,289.9,,,,,False,AUTORIA_NAO_COMPROVADA_NAO_INFERIR_CUSTOM_PRICE
MLB5075856655,VTK000619,paused,,1180,,,,,False,AUTORIA_NAO_COMPROVADA_NAO_INFERIR_CUSTOM_PRICE
MLB5075856591,VTK003366,paused,,259.9,,,,,False,AUTORIA_NAO_COMPROVADA_NAO_INFERIR_CUSTOM_PRICE
MLB5075856565,VTK001077,paused,,619.9,,,,,False,AUTORIA_NAO_COMPROVADA_NAO_INFERIR_CUSTOM_PRICE
MLB5075856443,VTK025953,paused,,859.9,,,,,False,AUTORIA_NAO_COMPROVADA_NAO_INFERIR_CUSTOM_PRICE
MLB5075741815,VTK006193,paused,,99,,,,,False,AUTORIA_NAO_COMPROVADA_NAO_INFERIR_CUSTOM_PRICE
MLB5075741783,VTK003043,paused,,1270,,,,,False,AUTORIA_NAO_COMPROVADA_NAO_INFERIR_CUSTOM_PRICE
MLB5075741727,VTK000223,paused,,1280,,,,,False,AUTORIA_NAO_COMPROVADA_NAO_INFERIR_CUSTOM_PRICE
MLB5075741703,VTK000799,paused,,1461,,,,,False,AUTORIA_NAO_COMPROVADA_NAO_INFERIR_CUSTOM_PRICE
MLB5075741535,VTK021012,paused,,79,,,,,False,AUTORIA_NAO_COMPROVADA_NAO_INFERIR_CUSTOM_PRICE
MLB7440213282,VTK001303,paused,,917,,,,,False,AUTORIA_NAO_COMPROVADA_NAO_INFERIR_CUSTOM_PRICE
MLB7437026180,VTK002144,paused,ml:MLB7381673042:MLB7437026180,589.32,,,,,False,AUTORIA_NAO_COMPROVADA_NAO_INFERIR_CUSTOM_PRICE
MLB7437026176,VTK001386,paused,ml:MLB7381741334:MLB7437026176,346.07,,,,,False,AUTORIA_NAO_COMPROVADA_NAO_INFERIR_CUSTOM_PRICE
MLB7461511580,VTK000456,paused,,226.37,,,,,False,AUTORIA_NAO_COMPROVADA_NAO_INFERIR_CUSTOM_PRICE
MLB5109039835,VTK006189,paused,ml:MLB5109039835:MLB7087424928,453,,,,,False,AUTORIA_NAO_COMPROVADA_NAO_INFERIR_CUSTOM_PRICE
MLB5109039749,VTK001149,paused,ml:MLB4582536373:MLB5109039749,276,,,,,False,AUTORIA_NAO_COMPROVADA_NAO_INFERIR_CUSTOM_PRICE
MLB5109038623,VTK001242,paused,ml:MLB5109038623:MLB7331075308,662.73,,,,,False,AUTORIA_NAO_COMPROVADA_NAO_INFERIR_CUSTOM_PRICE
MLB5108988137,VTK000486,paused,,187.22,,,,,False,AUTORIA_NAO_COMPROVADA_NAO_INFERIR_CUSTOM_PRICE
MLB5108987737,VTK000890,paused,ml:MLB5108987737:MLB7381288752,2535,,,,,False,AUTORIA_NAO_COMPROVADA_NAO_INFERIR_CUSTOM_PRICE
MLB4701050595,,paused,,437.92,,,,,False,AUTORIA_NAO_COMPROVADA_NAO_INFERIR_CUSTOM_PRICE
MLB6573107112,VTK001030,paused,,437.92,,,,,False,AUTORIA_NAO_COMPROVADA_NAO_INFERIR_CUSTOM_PRICE
MLB5112644353,VTK012779,paused,ml:MLB5112644353:MLB7111654140,6899,,,,,False,AUTORIA_NAO_COMPROVADA_NAO_INFERIR_CUSTOM_PRICE
MLB5112612271,VTK006548,paused,ml:MLB5112612271:MLB6573106722,282.79,,,,,False,AUTORIA_NAO_COMPROVADA_NAO_INFERIR_CUSTOM_PRICE
MLB7492666896,VTK004281,paused,ml:MLB4857485713:MLB7492666896,290.11,,,,,False,AUTORIA_NAO_COMPROVADA_NAO_INFERIR_CUSTOM_PRICE
MLB5118807219,VTK000013,paused,ml:MLB4841934609:MLB5118807219,286.21,,,,,False,AUTORIA_NAO_COMPROVADA_NAO_INFERIR_CUSTOM_PRICE
MLB7503139954,VTK009907,paused,ml:MLB7229843494:MLB7503139954,589.2,,,,,False,AUTORIA_NAO_COMPROVADA_NAO_INFERIR_CUSTOM_PRICE
MLB5124177111,VTK000162,paused,ml:MLB5124177111:MLB7076594728,728.09,,,,,False,AUTORIA_NAO_COMPROVADA_NAO_INFERIR_CUSTOM_PRICE
MLB7510665842,VTK001323,paused,ml:MLB4842094541:MLB7510665842,1237.2,,,,,False,AUTORIA_NAO_COMPROVADA_NAO_INFERIR_CUSTOM_PRICE
MLB7510665790,VTK000663,paused,ml:MLB4842166119:MLB7510665790,3306,,,,,False,AUTORIA_NAO_COMPROVADA_NAO_INFERIR_CUSTOM_PRICE
MLB7524752238,VTK002333,paused,ml:MLB7087408614:MLB7524752238,149,,,,,False,AUTORIA_NAO_COMPROVADA_NAO_INFERIR_CUSTOM_PRICE
MLB7524752200,VTK000974,paused,ml:MLB6565317276:MLB7524752200,208.58,,,,,False,AUTORIA_NAO_COMPROVADA_NAO_INFERIR_CUSTOM_PRICE
MLB7520874782,VTK001358,paused,ml:MLB4842096409:MLB7520874782,1333.06,,,,,False,AUTORIA_NAO_COMPROVADA_NAO_INFERIR_CUSTOM_PRICE
MLB7520874628,VTK003679,paused,ml:MLB7111548068:MLB7520874628,1400.6,,,,,False,AUTORIA_NAO_COMPROVADA_NAO_INFERIR_CUSTOM_PRICE
MLB7520656338,VTK006411,paused,ml:MLB4857498089:MLB7520656338,181.44,,,,,False,AUTORIA_NAO_COMPROVADA_NAO_INFERIR_CUSTOM_PRICE
MLB5138187107,VTK000837,paused,ml:MLB5138187107:MLB7087125908,167.38,,,,,False,AUTORIA_NAO_COMPROVADA_NAO_INFERIR_CUSTOM_PRICE
MLB5138132481,VTK005645,paused,ml:MLB4801042871:MLB5138132481,1520.43,,,,,False,AUTORIA_NAO_COMPROVADA_NAO_INFERIR_CUSTOM_PRICE
MLB7529393594,VTK006451,paused,ml:MLB4857485559:MLB7529393594,177.19,,,,,False,AUTORIA_NAO_COMPROVADA_NAO_INFERIR_CUSTOM_PRICE
MLB5150718875,VTK000456,paused,,157.82,,,,,False,AUTORIA_NAO_COMPROVADA_NAO_INFERIR_CUSTOM_PRICE
MLB7550480120,VTK004115,paused,,247.91,,,,,False,AUTORIA_NAO_COMPROVADA_NAO_INFERIR_CUSTOM_PRICE
MLB5157053479,VTK018918,paused,,1058.48,,,,,False,AUTORIA_NAO_COMPROVADA_NAO_INFERIR_CUSTOM_PRICE
