ml_item_id,sku,produto_id,avaliacao_id,preco,cmv,componentes,tarifa,origem_tarifa,frete,origem_frete,tributo_aliquota,tributo_status,resultado,margem,piso,alvo,limite,status,pendencias,regra,avaliado_em
MLB6564925370,VTK000980,bb7cec2f-9a63-4053-9821-78f611c0c726,8cdd9bcd-506b-4645-bc1f-f4270de677d3,219,,null,39.42,ml_live,50.75,ml_live,0.08279935223578168,estimated,,,0.07,0.1,0.15,inconclusive,CUSTO_INDISPONIVEL,VORTEK-CANON-1.0-ECON-2,2026-09-06T03:40:32.184Z
MLB7009939716,VTK000021,2d01d838-97d2-4d70-816a-4eafef68c286,cf97741b-1e48-4255-9e97-113a3c958d78,279.27,160.9,"[{""productId"": ""2d01d838-97d2-4d70-816a-4eafef68c286"", ""offerId"": ""40d30b11-505f-45d1-899e-846faeb7be61"", ""supplierId"": ""133"", ""unitCost"": 160.9, ""quantity"": 1, ""observedAt"": ""2026-09-05T23:44:32.769+00:00""}]",50.27,ml_live,,unknown,0.08279935223578168,estimated,,,0.07,0.1,0.15,inconclusive,INCONCLUSIVO_FONTE_ML_INDISPONIVEL;FRETE_INDISPONIVEL,VORTEK-CANON-1.0-ECON-2,2026-09-06T03:40:38.575Z
MLB7009927448,VTK000132,2fd6e9ee-a246-429f-952b-44f531b0c703,b6ca9cf8-c675-4641-a972-5a92c66da124,203.25,106.5,"[{""productId"": ""2fd6e9ee-a246-429f-952b-44f531b0c703"", ""offerId"": ""a4ebea97-4def-4cde-a8a0-1b9aa9349c60"", ""supplierId"": ""133"", ""unitCost"": 106.5, ""quantity"": 1, ""observedAt"": ""2026-09-06T00:06:32.508+00:00""}]",36.58,ml_live,,unknown,0.08279935223578168,estimated,,,0.07,0.1,0.15,inconclusive,INCONCLUSIVO_FONTE_ML_INDISPONIVEL;FRETE_INDISPONIVEL,VORTEK-CANON-1.0-ECON-2,2026-09-06T03:40:38.574Z
MLB7009921386,VTK000185,d2435385-d9b1-4485-ac66-bd838343790f,49cc8318-f789-4af8-a35f-b8946f1e9f2f,229.81,89.5,"[{""productId"": ""d2435385-d9b1-4485-ac66-bd838343790f"", ""offerId"": ""0532c39b-769f-45da-a192-9c6f70129d04"", ""supplierId"": ""133"", ""unitCost"": 89.5, ""quantity"": 1, ""observedAt"": ""2026-09-05T23:47:16.203+00:00""}]",41.37,ml_live,,unknown,0.08279935223578168,estimated,,,0.07,0.1,0.15,inconclusive,INCONCLUSIVO_FONTE_ML_INDISPONIVEL;FRETE_INDISPONIVEL,VORTEK-CANON-1.0-ECON-2,2026-09-06T03:40:38.586Z
MLB7009318968,VTK000244,908597bc-ffb3-4481-a8ac-fe59607034be,1e8959f1-6c00-4a69-8fca-c3f1ce786cc9,194.68,99.9,"[{""productId"": ""908597bc-ffb3-4481-a8ac-fe59607034be"", ""offerId"": ""e9e58c6e-a022-49fe-af6c-0acb1262d089"", ""supplierId"": ""133"", ""unitCost"": 99.9, ""quantity"": 1, ""observedAt"": ""2026-09-05T23:34:29.139+00:00""}]",35.04,ml_live,,unknown,0.08279935223578168,estimated,,,0.05,0.07,0.1,inconclusive,INCONCLUSIVO_FONTE_ML_INDISPONIVEL;FRETE_INDISPONIVEL,VORTEK-CANON-1.0-ECON-2,2026-09-06T03:40:39.815Z
MLB4801397717,VTK000132,2fd6e9ee-a246-429f-952b-44f531b0c703,a8be06ac-6f27-4d31-b87f-e5ff9f051ca3,203.25,106.5,"[{""productId"": ""2fd6e9ee-a246-429f-952b-44f531b0c703"", ""offerId"": ""a4ebea97-4def-4cde-a8a0-1b9aa9349c60"", ""supplierId"": ""133"", ""unitCost"": 106.5, ""quantity"": 1, ""observedAt"": ""2026-09-06T00:06:32.508+00:00""}]",36.58,ml_live,,unknown,0.08279935223578168,estimated,,,0.07,0.1,0.15,inconclusive,INCONCLUSIVO_FONTE_ML_INDISPONIVEL;FRETE_INDISPONIVEL,VORTEK-CANON-1.0-ECON-2,2026-09-06T03:40:41.295Z
MLB4801364301,VTK000185,d2435385-d9b1-4485-ac66-bd838343790f,42559e71-fc21-4629-bb0e-1a41fcfed0d9,229.81,89.5,"[{""productId"": ""d2435385-d9b1-4485-ac66-bd838343790f"", ""offerId"": ""0532c39b-769f-45da-a192-9c6f70129d04"", ""supplierId"": ""133"", ""unitCost"": 89.5, ""quantity"": 1, ""observedAt"": ""2026-09-05T23:47:16.203+00:00""}]",41.37,ml_live,,unknown,0.08279935223578168,estimated,,,0.07,0.1,0.15,inconclusive,INCONCLUSIVO_FONTE_ML_INDISPONIVEL;FRETE_INDISPONIVEL,VORTEK-CANON-1.0-ECON-2,2026-09-06T03:40:41.969Z
MLB4801295297,VTK001026,3f549ed1-c4fa-49d4-8eff-e69b905095cf,2ff11ec6-8393-46dc-b9f4-3f958c6433ed,140.96,59.95,"[{""productId"": ""3f549ed1-c4fa-49d4-8eff-e69b905095cf"", ""offerId"": ""871ff6e5-adf9-43ae-ab7c-b8c3f57f39eb"", ""supplierId"": ""133"", ""unitCost"": 59.95, ""quantity"": 1, ""observedAt"": ""2026-09-05T23:39:34.295+00:00""}]",25.37,ml_live,,unknown,0.08279935223578168,estimated,,,0.05,0.07,0.1,inconclusive,INCONCLUSIVO_FONTE_ML_INDISPONIVEL;FRETE_INDISPONIVEL,VORTEK-CANON-1.0-ECON-2,2026-09-06T03:40:41.966Z
MLB7238909634,VTK004716,2d3c2932-8844-4fd5-9727-2a80d82b3c5a,6aad16d7-908a-412c-a743-18f0ac557b00,102.44,29.9,"[{""productId"": ""2d3c2932-8844-4fd5-9727-2a80d82b3c5a"", ""offerId"": ""ea0a1431-ae60-4dbf-857c-534202041eab"", ""supplierId"": ""133"", ""unitCost"": 29.9, ""quantity"": 1, ""observedAt"": ""2026-09-05T23:54:23.934+00:00""}]",18.44,ml_live,,unknown,0.08279935223578168,estimated,,,0.05,0.07,0.1,inconclusive,INCONCLUSIVO_FONTE_ML_INDISPONIVEL;FRETE_INDISPONIVEL,VORTEK-CANON-1.0-ECON-2,2026-09-06T03:44:05.710Z
MLB7238889666,VTK020760,2b3dbc5d-3fcf-4445-b10e-a34dba4a9e3e,cdca4793-58d0-48f0-80f2-9c99e858298f,103.88,29.99,"[{""productId"": ""2b3dbc5d-3fcf-4445-b10e-a34dba4a9e3e"", ""offerId"": ""6950941c-937c-44e2-8630-aa94e57c8743"", ""supplierId"": ""133"", ""unitCost"": 29.99, ""quantity"": 1, ""observedAt"": ""2026-09-06T03:41:17.163+00:00""}]",18.7,ml_live,,unknown,0.08279935223578168,estimated,,,0.05,0.07,0.1,inconclusive,INCONCLUSIVO_FONTE_ML_INDISPONIVEL;FRETE_INDISPONIVEL,VORTEK-CANON-1.0-ECON-2,2026-09-06T03:44:06.069Z
MLB7238889442,VTK000585,d48054f1-8ad9-470a-a00a-79ac81a4aa8e,df7019b1-0aef-42a4-9cd7-89489e62d30c,110.13,35.9,"[{""productId"": ""d48054f1-8ad9-470a-a00a-79ac81a4aa8e"", ""offerId"": ""59fbe872-b30f-4020-9d54-2163c39c0787"", ""supplierId"": ""133"", ""unitCost"": 35.9, ""quantity"": 1, ""observedAt"": ""2026-09-05T23:42:16.18+00:00""}]",19.82,ml_live,,unknown,0.08279935223578168,estimated,,,0.05,0.07,0.1,inconclusive,INCONCLUSIVO_FONTE_ML_INDISPONIVEL;FRETE_INDISPONIVEL,VORTEK-CANON-1.0-ECON-2,2026-09-06T03:44:06.076Z
MLB7381674860,VTK017980,d8263926-b944-4847-9b7f-ace42c2f5dcf,17823d72-3f85-4002-995d-b51ddb38d4b9,115.26,39.9,"[{""productId"": ""d8263926-b944-4847-9b7f-ace42c2f5dcf"", ""offerId"": ""832d0d81-2f90-431c-b6e2-1217c56579b6"", ""supplierId"": ""133"", ""unitCost"": 39.9, ""quantity"": 1, ""observedAt"": ""2026-09-05T23:47:16.203+00:00""}]",19.59,ml_live,,unknown,0.08279935223578168,estimated,,,0.05,0.07,0.1,inconclusive,INCONCLUSIVO_FONTE_ML_INDISPONIVEL;FRETE_INDISPONIVEL,VORTEK-CANON-1.0-ECON-2,2026-09-06T03:46:08.101Z
MLB7381240556,VTK000980,bb7cec2f-9a63-4053-9821-78f611c0c726,0436af30-441d-4d98-a17e-1a63730d6067,219,,null,39.42,ml_live,50.75,ml_live,0.08279935223578168,estimated,,,0.07,0.1,0.15,inconclusive,CUSTO_INDISPONIVEL,VORTEK-CANON-1.0-ECON-2,2026-09-06T03:46:10.087Z
MLB5034787395,VTK017631,7bfebc32-b761-4e70-8cca-958317adb165,f709b771-bece-4640-b605-7394621e6024,93.46,22.9,"[{""productId"": ""7bfebc32-b761-4e70-8cca-958317adb165"", ""offerId"": ""ae1d3c72-abed-49c4-af95-7627a0767471"", ""supplierId"": ""133"", ""unitCost"": 22.9, ""quantity"": 1, ""observedAt"": ""2026-09-05T23:39:34.295+00:00""}]",15.89,ml_live,,unknown,0.08279935223578168,estimated,,,0.05,0.07,0.1,inconclusive,INCONCLUSIVO_FONTE_ML_INDISPONIVEL;FRETE_INDISPONIVEL,VORTEK-CANON-1.0-ECON-2,2026-09-06T03:46:12.594Z
MLB7390923456,VTK000021,2d01d838-97d2-4d70-816a-4eafef68c286,a3d8b452-11a6-4f0e-b4c9-031f279102f8,279.27,160.9,"[{""productId"": ""2d01d838-97d2-4d70-816a-4eafef68c286"", ""offerId"": ""40d30b11-505f-45d1-899e-846faeb7be61"", ""supplierId"": ""133"", ""unitCost"": 160.9, ""quantity"": 1, ""observedAt"": ""2026-09-05T23:44:32.769+00:00""}]",50.27,ml_live,,unknown,0.08279935223578168,estimated,,,0.07,0.1,0.15,inconclusive,INCONCLUSIVO_FONTE_ML_INDISPONIVEL;FRETE_INDISPONIVEL,VORTEK-CANON-1.0-ECON-2,2026-09-06T03:46:18.705Z
MLB5048998307,VTK000585,d48054f1-8ad9-470a-a00a-79ac81a4aa8e,66539086-a1fc-4ffb-8df6-eefa8008fc8d,110.13,35.9,"[{""productId"": ""d48054f1-8ad9-470a-a00a-79ac81a4aa8e"", ""offerId"": ""59fbe872-b30f-4020-9d54-2163c39c0787"", ""supplierId"": ""133"", ""unitCost"": 35.9, ""quantity"": 1, ""observedAt"": ""2026-09-05T23:42:16.18+00:00""}]",19.82,ml_live,,unknown,0.08279935223578168,estimated,,,0.05,0.07,0.1,inconclusive,INCONCLUSIVO_FONTE_ML_INDISPONIVEL;FRETE_INDISPONIVEL,VORTEK-CANON-1.0-ECON-2,2026-09-06T03:46:21.227Z
MLB5048998203,VTK004716,2d3c2932-8844-4fd5-9727-2a80d82b3c5a,c73e67bf-15f9-447d-a90d-fe7f5d78a149,102.44,29.9,"[{""productId"": ""2d3c2932-8844-4fd5-9727-2a80d82b3c5a"", ""offerId"": ""ea0a1431-ae60-4dbf-857c-534202041eab"", ""supplierId"": ""133"", ""unitCost"": 29.9, ""quantity"": 1, ""observedAt"": ""2026-09-05T23:54:23.934+00:00""}]",18.44,ml_live,,unknown,0.08279935223578168,estimated,,,0.05,0.07,0.1,inconclusive,INCONCLUSIVO_FONTE_ML_INDISPONIVEL;FRETE_INDISPONIVEL,VORTEK-CANON-1.0-ECON-2,2026-09-06T03:46:21.226Z
MLB7510665990,VTK001026,3f549ed1-c4fa-49d4-8eff-e69b905095cf,dae3e409-8db8-4378-83a2-97f46b859e7e,140.96,59.95,"[{""productId"": ""3f549ed1-c4fa-49d4-8eff-e69b905095cf"", ""offerId"": ""871ff6e5-adf9-43ae-ab7c-b8c3f57f39eb"", ""supplierId"": ""133"", ""unitCost"": 59.95, ""quantity"": 1, ""observedAt"": ""2026-09-06T03:46:19.333+00:00""}]",25.37,ml_live,,unknown,0.08279935223578168,estimated,,,0.05,0.07,0.1,inconclusive,INCONCLUSIVO_FONTE_ML_INDISPONIVEL;FRETE_INDISPONIVEL,VORTEK-CANON-1.0-ECON-2,2026-09-06T03:46:28.431Z
MLB6565184970,VTK006348,703f9380-1ad6-4ee8-9f7c-9058f7f03c1d,270ce7fd-78b5-469b-8829-973843a7e64a,223.92,,null,40.31,ml_live,21.65,ml_live,0.08279935223578168,estimated,,,0.07,0.1,0.15,inconclusive,CUSTO_INDISPONIVEL,VORTEK-CANON-1.0-ECON-2,2026-09-06T03:46:33.525Z
MLB6564925448,VTK000967,9178b6f9-d4a7-4f13-8e68-7c788d36d84f,a40e372c-5f1f-4a75-a613-16c1afa9a211,259,,null,46.62,ml_live,45.25,ml_live,0.08279935223578168,estimated,,,0.07,0.1,0.15,inconclusive,CUSTO_INDISPONIVEL,VORTEK-CANON-1.0-ECON-2,2026-09-06T03:46:33.902Z
MLB6564925380,VTK000943,4395e4d8-aded-4d05-8843-c31a58ffb712,a04c4deb-b4b6-48f9-9a7f-179d361b85dc,318.1,,null,57.26,ml_live,50.75,ml_live,0.08279935223578168,estimated,,,0.07,0.1,0.15,inconclusive,CUSTO_INDISPONIVEL,VORTEK-CANON-1.0-ECON-2,2026-09-06T03:46:33.900Z
MLB6564912582,VTK000854,954bdb37-d08e-40f3-b0b6-c285c27390a3,d92767b2-04de-42da-9a13-f368c9a573fc,365.42,,null,65.78,ml_live,29.25,ml_live,0.08279935223578168,estimated,,,0.07,0.1,0.15,inconclusive,CUSTO_INDISPONIVEL,VORTEK-CANON-1.0-ECON-2,2026-09-06T03:46:33.901Z
MLB6564912558,VTK000981,c26f3caf-73d3-4aaf-9ebf-ebb2a4b03b5d,4f81693f-25ba-49ca-9eff-9f142740a143,657.35,,null,118.32,ml_live,69.35,ml_live,0.08279935223578168,estimated,,,0.07,0.1,0.15,inconclusive,CUSTO_INDISPONIVEL,VORTEK-CANON-1.0-ECON-2,2026-09-06T03:46:33.903Z
MLB6563575262,VTK000420,270c5590-a626-4368-8821-0b457cac9a8d,7e6411f2-c013-43bf-be9c-88a141f0da3d,490,,null,78.4,ml_live,25.45,ml_live,0.08279935223578168,estimated,,,0.07,0.1,0.15,inconclusive,CUSTO_INDISPONIVEL,VORTEK-CANON-1.0-ECON-2,2026-09-06T03:46:34.546Z
MLB6563508730,VTK000917,22be3bbb-10d8-4919-91c0-51381e49124c,fb5a988b-c27f-4d3c-9e9b-2eb647455082,234.87,,null,42.28,ml_live,21.65,ml_live,0.08279935223578168,estimated,,,0.07,0.1,0.15,inconclusive,CUSTO_INDISPONIVEL,VORTEK-CANON-1.0-ECON-2,2026-09-06T03:46:34.302Z
MLB6563508512,VTK001365,9ebed057-373c-4d6b-a242-d5d78c88fe0d,49793472-f898-429a-a1f8-d78f11ea3334,414.85,,null,74.67,ml_live,29.25,ml_live,0.08279935223578168,estimated,,,0.07,0.1,0.15,inconclusive,CUSTO_INDISPONIVEL,VORTEK-CANON-1.0-ECON-2,2026-09-06T03:46:34.301Z
MLB6563508286,VTK001099,f98627ff-e823-4d14-88be-51a957c2bdc1,0dd3d6c0-066f-4e67-9310-2c5bb05af02c,218.35,,null,39.3,ml_live,24.45,ml_live,0.08279935223578168,estimated,,,0.07,0.1,0.15,inconclusive,CUSTO_INDISPONIVEL,VORTEK-CANON-1.0-ECON-2,2026-09-06T03:46:34.304Z
MLB6563495246,VTK001283,ceaed32b-02d7-4a7c-a20c-a3007be7c392,085e52d0-d05b-4def-8854-597e925f9e5a,556.48,,null,100.17,ml_live,27.05,ml_live,0.08279935223578168,estimated,,,0.07,0.1,0.15,inconclusive,CUSTO_INDISPONIVEL,VORTEK-CANON-1.0-ECON-2,2026-09-06T03:46:34.922Z
MLB6563495210,VTK006554,8af7167f-9849-478a-8935-f9f718a3c2f8,d5ffc0ae-44b6-47d4-9b05-1f5b2397b2dc,1170.27,,null,210.65,ml_live,75.65,ml_live,0.08279935223578168,estimated,,,0.1,0.15,0.2,inconclusive,CUSTO_INDISPONIVEL,VORTEK-CANON-1.0-ECON-2,2026-09-06T03:46:34.926Z
MLB6563438884,VTK000986,cfed53b3-2a31-406f-a4ae-6d5e095e7e72,3c23957b-9ee1-431d-8546-d1bc2792eb43,246.65,,null,39.46,ml_live,24.45,ml_live,0.08279935223578168,estimated,,,0.07,0.1,0.15,inconclusive,CUSTO_INDISPONIVEL,VORTEK-CANON-1.0-ECON-2,2026-09-06T03:46:34.918Z
MLB6563437514,VTK000968,91fd8148-79f6-4dca-a279-f6896aa59008,1e127eee-53a8-4062-9c5d-0aab5ab9868c,200.21,,null,36.04,ml_live,24.45,ml_live,0.08279935223578168,estimated,,,0.07,0.1,0.15,inconclusive,CUSTO_INDISPONIVEL,VORTEK-CANON-1.0-ECON-2,2026-09-06T03:46:35.320Z
MLB6563432358,VTK006488,e3fd0340-9608-44d2-9500-6cf94d87c51f,0fe3671e-2230-411d-ab18-62cbe779a77d,2253.5,,null,360.56,ml_live,25.55,ml_live,0.08279935223578168,estimated,,,0.1,0.15,0.2,inconclusive,CUSTO_INDISPONIVEL,VORTEK-CANON-1.0-ECON-2,2026-09-06T03:46:35.321Z
MLB6563432308,VTK000838,6aac649e-a422-4fc3-a933-1a8a578e6881,81bfd6cf-f369-4f3f-805f-108ffb70dec0,248.88,,null,44.8,ml_live,27.05,ml_live,0.08279935223578168,estimated,,,0.07,0.1,0.15,inconclusive,CUSTO_INDISPONIVEL,VORTEK-CANON-1.0-ECON-2,2026-09-06T03:46:35.322Z
MLB6563432022,VTK006518,290f7605-f028-4c6f-aea5-faa87c42a408,92692571-c9c0-4255-af2f-4e27f6727fa7,1590.77,,null,286.34,ml_live,69.35,ml_live,0.08279935223578168,estimated,,,0.1,0.15,0.2,inconclusive,CUSTO_INDISPONIVEL,VORTEK-CANON-1.0-ECON-2,2026-09-06T03:46:35.317Z
MLB6563429986,VTK000936,3bb2917e-58b6-4176-99b7-01c923953da5,2ab6dce3-88d7-4185-9502-78dcfb7664ed,281.08,,null,50.59,ml_live,24.45,ml_live,0.08279935223578168,estimated,,,0.07,0.1,0.15,inconclusive,CUSTO_INDISPONIVEL,VORTEK-CANON-1.0-ECON-2,2026-09-06T03:46:35.721Z
MLB6563420636,VTK000887,df7fc63d-3e83-4136-ad7b-cfb0b6a54dc2,408b3581-621c-418f-8983-cabab70f3951,250.71,,null,45.13,ml_live,24.45,ml_live,0.08279935223578168,estimated,,,0.07,0.1,0.15,inconclusive,CUSTO_INDISPONIVEL,VORTEK-CANON-1.0-ECON-2,2026-09-06T03:46:35.710Z
MLB6563418948,VTK001033,50d1e44e-5dee-4462-aeb1-6e5e308f7525,d3933760-4271-4569-b227-f80a0b75e7bd,229.94,,null,39.09,ml_live,27.05,ml_live,0.08279935223578168,estimated,,,0.07,0.1,0.15,inconclusive,CUSTO_INDISPONIVEL,VORTEK-CANON-1.0-ECON-2,2026-09-06T03:46:35.717Z
MLB6563348882,VTK000851,8e8d924f-53a4-4678-9331-bf90c67aa939,8fa06472-659a-4db9-89ea-a1fe2c23814f,239.23,,null,39.47,ml_live,40.85,ml_live,0.08279935223578168,estimated,,,0.07,0.1,0.15,inconclusive,CUSTO_INDISPONIVEL,VORTEK-CANON-1.0-ECON-2,2026-09-06T03:46:36.121Z
MLB6563347468,VTK006348,703f9380-1ad6-4ee8-9f7c-9058f7f03c1d,c08293bf-9539-41ca-80a8-01a6ba790f98,223.92,,null,40.31,ml_live,21.65,ml_live,0.08279935223578168,estimated,,,0.07,0.1,0.15,inconclusive,CUSTO_INDISPONIVEL,VORTEK-CANON-1.0-ECON-2,2026-09-06T03:46:36.120Z
MLB6563336144,VTK005700,fc52fdf7-247c-4181-bff3-12a1c7024e1b,50bac1ea-7527-405f-a06d-2da66913bbaa,70.97,,null,12.77,ml_live,8.45,ml_live,0.08279935223578168,estimated,,,0.05,0.07,0.1,inconclusive,CUSTO_INDISPONIVEL,VORTEK-CANON-1.0-ECON-2,2026-09-06T03:46:36.534Z
MLB6563336120,VTK000835,5d7ce9ce-7529-4225-aebc-8c19347aeb31,15d1bd2d-6867-4481-aee3-75527732c28f,305.9,,null,55.06,ml_live,24.45,ml_live,0.08279935223578168,estimated,,,0.07,0.1,0.15,inconclusive,CUSTO_INDISPONIVEL,VORTEK-CANON-1.0-ECON-2,2026-09-06T03:46:36.532Z
MLB6563335788,VTK000930,36acfdda-f51d-45c3-9429-052e175ce95a,58d7184b-38cb-488d-93df-70efd7aceea5,252.21,,null,45.4,ml_live,21.65,ml_live,0.08279935223578168,estimated,,,0.07,0.1,0.15,inconclusive,CUSTO_INDISPONIVEL,VORTEK-CANON-1.0-ECON-2,2026-09-06T03:46:36.533Z
MLB6563332484,VTK000459,95436bbb-f051-4bc1-89de-b0500a4047f1,348cd0ce-d46f-411f-9144-d43205effab9,345.73,,null,62.23,ml_live,24.45,ml_live,0.08279935223578168,estimated,,,0.07,0.1,0.15,inconclusive,CUSTO_INDISPONIVEL,VORTEK-CANON-1.0-ECON-2,2026-09-06T03:46:36.953Z
MLB6563332426,VTK000715,2753716d-842f-4878-a5db-7710fc96e942,41281f41-0931-4353-91f9-be48876db340,194.65,,null,35.04,ml_live,19.05,ml_live,0.08279935223578168,estimated,,,0.05,0.07,0.1,inconclusive,CUSTO_INDISPONIVEL,VORTEK-CANON-1.0-ECON-2,2026-09-06T03:46:36.949Z
MLB6563284994,VTK000844,7fb13c1f-579b-4c0b-96fe-bcf330b2561a,67c4afff-314b-4a85-983a-da2e67012317,282.93,,null,39.61,ml_live,40.85,ml_live,0.08279935223578168,estimated,,,0.07,0.1,0.15,inconclusive,CUSTO_INDISPONIVEL,VORTEK-CANON-1.0-ECON-2,2026-09-06T03:46:36.949Z
MLB6563284982,VTK000827,45df8435-c945-4cea-b10a-5832a318de34,790460ec-bacf-459a-9c79-edc999831ede,283.46,,null,39.68,ml_live,45.25,ml_live,0.08279935223578168,estimated,,,0.07,0.1,0.15,inconclusive,CUSTO_INDISPONIVEL,VORTEK-CANON-1.0-ECON-2,2026-09-06T03:46:36.950Z
MLB6563284802,VTK000905,0f13c696-7936-4ad7-bdfe-b62fd08ba67a,ff224d2f-cec7-4258-ba66-955b182904d5,129,,null,23.22,ml_live,18.15,ml_live,0.08279935223578168,estimated,,,0.05,0.07,0.1,inconclusive,CUSTO_INDISPONIVEL,VORTEK-CANON-1.0-ECON-2,2026-09-06T03:46:37.351Z
MLB6563284622,VTK000915,219bc5d7-570e-43b4-b8b3-798a9104ce71,a533ab6c-8590-4243-9c9f-4ad10784053a,289.71,,null,52.15,ml_live,21.65,ml_live,0.08279935223578168,estimated,,,0.07,0.1,0.15,inconclusive,CUSTO_INDISPONIVEL,VORTEK-CANON-1.0-ECON-2,2026-09-06T03:46:37.352Z
MLB6563284590,VTK000969,974831eb-0646-4189-a5da-b7e74cf49931,79094da8-9c4d-4d21-8bd9-a7a6112fcbd5,217,,null,39.06,ml_live,21.65,ml_live,0.08279935223578168,estimated,,,0.07,0.1,0.15,inconclusive,CUSTO_INDISPONIVEL,VORTEK-CANON-1.0-ECON-2,2026-09-06T03:46:37.352Z
MLB6563283480,VTK001066,9403cb92-5618-4124-b7bf-4559f3478306,8cc6e011-a9eb-42a5-af64-3b5d12d1c4cf,266.27,,null,47.93,ml_live,23.25,ml_live,0.08279935223578168,estimated,,,0.07,0.1,0.15,inconclusive,CUSTO_INDISPONIVEL,VORTEK-CANON-1.0-ECON-2,2026-09-06T03:46:37.352Z
MLB6563281152,VTK000931,375beb9c-4bb2-469d-8e22-e6a3ab2bf54e,f438f552-c5ab-4abf-8bc9-804f9418699c,219.06,,null,39.43,ml_live,27.05,ml_live,0.08279935223578168,estimated,,,0.07,0.1,0.15,inconclusive,CUSTO_INDISPONIVEL,VORTEK-CANON-1.0-ECON-2,2026-09-06T03:46:37.737Z
MLB6559498300,VTK000463,9fe320dc-c991-424c-a5b3-282668fd88ac,00709f87-e16a-4cca-bc0c-913a3ed93593,163.28,,null,23.68,ml_live,24.35,ml_live,0.08279935223578168,estimated,,,0.05,0.07,0.1,inconclusive,CUSTO_INDISPONIVEL,VORTEK-CANON-1.0-ECON-2,2026-09-06T03:46:37.737Z
MLB6559459496,VTK002591,dd8671bb-3add-4d84-8179-fadb175346de,21954d3f-da85-416e-8cee-fb5365f19fd0,176.04,,null,26.41,ml_live,22.25,ml_live,0.08279935223578168,estimated,,,0.05,0.07,0.1,inconclusive,CUSTO_INDISPONIVEL,VORTEK-CANON-1.0-ECON-2,2026-09-06T03:46:37.737Z
MLB4582595257,VTK000912,1a2ec406-faab-4c11-a3e8-d6738ec8dfd7,03c9dd79-ecd4-436a-823b-0ead6329de51,591.06,,null,106.39,ml_live,75.65,ml_live,0.08279935223578168,estimated,,,0.07,0.1,0.15,inconclusive,CUSTO_INDISPONIVEL,VORTEK-CANON-1.0-ECON-2,2026-09-06T03:46:38.128Z
MLB4582594023,VTK000524,2df9ce35-0bf3-45fb-a61f-904d4435a0ed,ebc3f21f-76d7-4e27-af70-a309b4d18e76,591,,null,94.56,ml_live,27.05,ml_live,0.08279935223578168,estimated,,,0.07,0.1,0.15,inconclusive,CUSTO_INDISPONIVEL,VORTEK-CANON-1.0-ECON-2,2026-09-06T03:46:38.135Z
MLB4582583217,VTK006052,858ab255-4665-4579-9d78-bbf03ec4b838,bb6e2281-f39e-4f29-9d9b-11fee53d50b7,343.71,,null,61.87,ml_live,27.05,ml_live,0.08279935223578168,estimated,,,0.07,0.1,0.15,inconclusive,CUSTO_INDISPONIVEL,VORTEK-CANON-1.0-ECON-2,2026-09-06T03:46:38.136Z
MLB4582576805,VTK000939,3ec8cc70-027b-4f3d-87d1-62dc06f4c587,60854985-bc57-4a4f-8efc-b9db300df0a4,394.67,,null,71.04,ml_live,25.45,ml_live,0.08279935223578168,estimated,,,0.07,0.1,0.15,inconclusive,CUSTO_INDISPONIVEL,VORTEK-CANON-1.0-ECON-2,2026-09-06T03:46:38.516Z
MLB4582575093,VTK000970,9a934275-f69d-4c69-a4e1-04004d8e5af0,199b72a8-fd2c-45c9-91cb-680a5c139157,487,,null,87.66,ml_live,75.65,ml_live,0.08279935223578168,estimated,,,0.07,0.1,0.15,inconclusive,CUSTO_INDISPONIVEL,VORTEK-CANON-1.0-ECON-2,2026-09-06T03:46:38.513Z
MLB4582575051,VTK000940,3f3d89e4-1f44-478c-9054-dae20ba2dc93,539b8c54-84de-4109-a8e2-c07da732473c,246.65,,null,39.46,ml_live,24.45,ml_live,0.08279935223578168,estimated,,,0.07,0.1,0.15,inconclusive,CUSTO_INDISPONIVEL,VORTEK-CANON-1.0-ECON-2,2026-09-06T03:46:38.938Z
MLB4582569547,VTK000909,1091395b-936f-4d58-826e-753a230f2273,820b18c2-88c8-4696-8065-2d6850798355,80.1,,null,14.42,ml_live,14.75,ml_live,0.08279935223578168,estimated,,,0.05,0.07,0.1,inconclusive,CUSTO_INDISPONIVEL,VORTEK-CANON-1.0-ECON-2,2026-09-06T03:46:38.939Z
MLB4582568357,VTK001289,ebddceec-c599-40b4-a279-713ca003de91,032871ee-33a8-4033-afb7-5a931d137a32,301.79,,null,54.32,ml_live,24.45,ml_live,0.08279935223578168,estimated,,,0.07,0.1,0.15,inconclusive,CUSTO_INDISPONIVEL,VORTEK-CANON-1.0-ECON-2,2026-09-06T03:46:38.939Z
MLB4582566777,VTK000950,6645b2f5-7d44-4bd2-b402-ffd452aa4faa,56bf299f-40df-46a7-b496-a466470eb52f,218.35,,null,39.3,ml_live,24.45,ml_live,0.08279935223578168,estimated,,,0.07,0.1,0.15,inconclusive,CUSTO_INDISPONIVEL,VORTEK-CANON-1.0-ECON-2,2026-09-06T03:46:38.937Z
MLB4582564787,VTK000168,9edd3c23-e464-421e-b159-31e5bfc57e6c,60d8ca9c-d8fc-4cb8-8446-1b8782dfe0af,322.05,,null,43.48,ml_live,29.25,ml_live,0.08279935223578168,estimated,,,0.07,0.1,0.15,inconclusive,CUSTO_INDISPONIVEL,VORTEK-CANON-1.0-ECON-2,2026-09-06T03:46:39.325Z
MLB4582559185,VTK000873,b82cc89a-1c69-46f9-9634-8b654c59aef9,4db0cd3f-cdcd-4c2b-a0ef-36bfa0e63ee9,213,,null,29.82,ml_live,40.85,ml_live,0.08279935223578168,estimated,,,0.07,0.1,0.15,inconclusive,CUSTO_INDISPONIVEL,VORTEK-CANON-1.0-ECON-2,2026-09-06T03:46:39.327Z
MLB4582558855,VTK006302,0457e976-339f-4e4a-9232-665e3cf08fa0,052aaa8f-e461-429b-a232-edb960061816,225.44,,null,40.58,ml_live,24.45,ml_live,0.08279935223578168,estimated,,,0.07,0.1,0.15,inconclusive,CUSTO_INDISPONIVEL,VORTEK-CANON-1.0-ECON-2,2026-09-06T03:46:39.329Z
MLB4582557863,VTK000860,a81e3e51-74bf-4099-8d2a-0589874d95be,372534cc-fb11-48b1-a3ad-d5c86e0196a9,599,,null,98.84,ml_live,25.45,ml_live,0.08279935223578168,estimated,,,0.07,0.1,0.15,inconclusive,CUSTO_INDISPONIVEL,VORTEK-CANON-1.0-ECON-2,2026-09-06T03:46:39.723Z
MLB4582557647,VTK001040,61693311-2cc0-448b-9ca5-f3716addc938,792f7969-cb19-455a-a599-34bfd9209a6d,262.81,,null,47.31,ml_live,24.45,ml_live,0.08279935223578168,estimated,,,0.07,0.1,0.15,inconclusive,CUSTO_INDISPONIVEL,VORTEK-CANON-1.0-ECON-2,2026-09-06T03:46:39.718Z
MLB4582557537,VTK001243,5ed6befa-8fda-41c7-a20b-8c0067a726b7,2fefc3ff-64fe-49bd-8ac1-b79d4e533eeb,1283.62,,null,231.05,ml_live,32.45,ml_live,0.08279935223578168,estimated,,,0.1,0.15,0.2,inconclusive,CUSTO_INDISPONIVEL,VORTEK-CANON-1.0-ECON-2,2026-09-06T03:46:39.712Z
MLB4582557509,VTK001091,e39c9685-f7ad-4153-aca5-696b476d3750,55681435-e1df-44cb-9262-405fb2eb2041,1770,,null,318.6,ml_live,65.85,ml_live,0.08279935223578168,estimated,,,0.1,0.15,0.2,inconclusive,CUSTO_INDISPONIVEL,VORTEK-CANON-1.0-ECON-2,2026-09-06T03:46:39.709Z
MLB4582557495,VTK001041,64cd51a1-c586-46f5-8686-40bfab655853,fa7ccb9d-22c0-4aed-bf75-5cda8fd14f38,124.81,,null,22.47,ml_live,16.95,ml_live,0.08279935223578168,estimated,,,0.05,0.07,0.1,inconclusive,CUSTO_INDISPONIVEL,VORTEK-CANON-1.0-ECON-2,2026-09-06T03:46:40.101Z
MLB4582555513,VTK000992,e50f20e7-7a55-4548-8b4d-36b0d29756f9,2818e5d7-e7bc-44e2-a287-1a7e6e59786b,301.27,,null,49.71,ml_live,21.65,ml_live,0.08279935223578168,estimated,,,0.07,0.1,0.15,inconclusive,CUSTO_INDISPONIVEL,VORTEK-CANON-1.0-ECON-2,2026-09-06T03:46:40.100Z
MLB4582555497,VTK000901,002ad542-14ea-494f-ba77-43920a5bf8d0,d26718e1-fc41-49a3-b1ec-f1aacf85723f,229,,null,41.22,ml_live,23.25,ml_live,0.08279935223578168,estimated,,,0.07,0.1,0.15,inconclusive,CUSTO_INDISPONIVEL,VORTEK-CANON-1.0-ECON-2,2026-09-06T03:46:40.103Z
MLB4582546217,VTK000984,c9f42ea1-5a80-4c08-b9fd-fff346394058,4e13fcfa-299e-460c-af30-1b33cf8831f5,78.8,,null,14.18,ml_live,8.25,ml_live,0.08279935223578168,estimated,,,0.05,0.07,0.1,inconclusive,CUSTO_INDISPONIVEL,VORTEK-CANON-1.0-ECON-2,2026-09-06T03:46:40.101Z
MLB4582542611,VTK006416,2d163401-e84d-4828-b51d-711094f346f4,535b7a60-1895-4e12-9afe-4c112fc62ae4,223.19,,null,40.17,ml_live,24.45,ml_live,0.08279935223578168,estimated,,,0.07,0.1,0.15,inconclusive,CUSTO_INDISPONIVEL,VORTEK-CANON-1.0-ECON-2,2026-09-06T03:46:40.487Z
MLB4582536373,VTK001149,81b26a86-02d8-474c-9b7c-8570e4a5a3e0,775b790b-f76d-4ce1-8d20-d77ac1672542,276,,null,49.68,ml_live,25.45,ml_live,0.08279935223578168,estimated,,,0.07,0.1,0.15,inconclusive,CUSTO_INDISPONIVEL,VORTEK-CANON-1.0-ECON-2,2026-09-06T03:46:40.495Z
MLB4582526883,VTK000971,a091e6e8-502d-431a-8f8b-b2094e2bb57e,44d57c2b-df84-48af-9fbc-6bf86d164ceb,895.27,,null,161.15,ml_live,24.45,ml_live,0.08279935223578168,estimated,,,0.07,0.1,0.15,inconclusive,CUSTO_INDISPONIVEL,VORTEK-CANON-1.0-ECON-2,2026-09-06T03:46:40.498Z
MLB4582525649,VTK001016,20998149-ff5a-49f6-adf6-94b88d5bb4e4,f68f12be-30b4-4be4-aee9-c43b54d52a8d,385,,null,69.3,ml_live,24.45,ml_live,0.08279935223578168,estimated,,,0.07,0.1,0.15,inconclusive,CUSTO_INDISPONIVEL,VORTEK-CANON-1.0-ECON-2,2026-09-06T03:46:40.491Z
MLB4582525449,VTK000972,a7523938-fec7-4bac-8780-f5c3f080cf30,40d23002-e849-40cc-8dd6-d87e8e54f15a,159.42,,null,28.7,ml_live,21.35,ml_live,0.08279935223578168,estimated,,,0.05,0.07,0.1,inconclusive,CUSTO_INDISPONIVEL,VORTEK-CANON-1.0-ECON-2,2026-09-06T03:46:40.882Z
MLB4582514335,VTK000963,8bf6b22a-3a7a-49d6-b415-b711a573c720,077db75b-7c33-4ea8-975a-69303a10936d,394.96,,null,71.09,ml_live,24.45,ml_live,0.08279935223578168,estimated,,,0.07,0.1,0.15,inconclusive,CUSTO_INDISPONIVEL,VORTEK-CANON-1.0-ECON-2,2026-09-06T03:46:40.884Z
MLB4582514257,VTK000975,a9a659fe-639e-4c8e-b644-13470c4d3522,ccfdd7b4-be19-412b-a56b-d21c7c38565e,380.35,,null,68.46,ml_live,24.45,ml_live,0.08279935223578168,estimated,,,0.07,0.1,0.15,inconclusive,CUSTO_INDISPONIVEL,VORTEK-CANON-1.0-ECON-2,2026-09-06T03:46:40.887Z
MLB4582513985,VTK001000,fa97f0fd-2d68-48a6-a477-aa4b36ac4734,7c9e8908-d6b4-4782-a394-002be0c8115f,190.11,,null,30.42,ml_live,26.35,ml_live,0.08279935223578168,estimated,,,0.05,0.07,0.1,inconclusive,CUSTO_INDISPONIVEL,VORTEK-CANON-1.0-ECON-2,2026-09-06T03:46:40.886Z
MLB4581705537,VTK001392,e7e4c9c9-66c9-44d9-b79c-e2fe33ca4126,59fafda1-9ad6-4913-8b81-e89be7fc80d5,221.64,,null,39.9,ml_live,24.45,ml_live,0.08279935223578168,estimated,,,0.07,0.1,0.15,inconclusive,CUSTO_INDISPONIVEL,VORTEK-CANON-1.0-ECON-2,2026-09-06T03:46:41.267Z
MLB4581644093,VTK002417,3072ac4d-d1d3-45b8-8212-49b13f5cf13e,815bdf09-174a-48c7-89a9-2612ce8b8fe8,215.21,,null,38.74,ml_live,24.45,ml_live,0.08279935223578168,estimated,,,0.07,0.1,0.15,inconclusive,CUSTO_INDISPONIVEL,VORTEK-CANON-1.0-ECON-2,2026-09-06T03:46:41.270Z
MLB6565840766,VTK000899,fbc0758d-a127-4fd9-b8f5-1d677b0ed9b9,8f94c18d-07ad-4e78-ad47-e127d19fe738,181.42,,null,32.66,ml_live,19.05,ml_live,0.08279935223578168,estimated,,,0.05,0.07,0.1,inconclusive,CUSTO_INDISPONIVEL,VORTEK-CANON-1.0-ECON-2,2026-09-06T03:46:41.271Z
MLB6565497044,VTK000934,398976c5-dd47-414c-8da3-615168512647,8a0021fb-f9e8-4ad0-9be4-86c7a7138386,468,,null,84.24,ml_live,25.55,ml_live,0.08279935223578168,estimated,,,0.07,0.1,0.15,inconclusive,CUSTO_INDISPONIVEL,VORTEK-CANON-1.0-ECON-2,2026-09-06T03:46:41.272Z
MLB6565484242,VTK000858,a24b65dd-a445-4fff-8b12-140b5123ebef,979a3971-aa92-47e4-9b5c-20e2db867dbe,576.13,,null,103.7,ml_live,25.55,ml_live,0.08279935223578168,estimated,,,0.07,0.1,0.15,inconclusive,CUSTO_INDISPONIVEL,VORTEK-CANON-1.0-ECON-2,2026-09-06T03:46:41.654Z
MLB6565484180,VTK000994,eb34c576-7937-4a0c-b582-e2334c3fa0ba,790fe7b3-0e04-49bd-9715-0eb7de53be67,318.85,,null,57.39,ml_live,25.45,ml_live,0.08279935223578168,estimated,,,0.07,0.1,0.15,inconclusive,CUSTO_INDISPONIVEL,VORTEK-CANON-1.0-ECON-2,2026-09-06T03:46:41.652Z
MLB6565484164,VTK000925,31810b33-102c-4ab6-9c4d-53a88181934b,5a1f62bf-e54f-43f5-9e46-d64b93c53658,167.1,,null,30.08,ml_live,21.75,ml_live,0.08279935223578168,estimated,,,0.05,0.07,0.1,inconclusive,CUSTO_INDISPONIVEL,VORTEK-CANON-1.0-ECON-2,2026-09-06T03:46:41.658Z
MLB6565484120,VTK000903,029d811f-c2de-4030-aa99-0fa773ff6ef2,9c9bf22e-c0cf-4622-9e9f-6a5eecc17930,142.27,,null,27.03,ml_live,16.95,ml_live,0.08279935223578168,estimated,,,0.05,0.07,0.1,inconclusive,CUSTO_INDISPONIVEL,VORTEK-CANON-1.0-ECON-2,2026-09-06T03:46:41.653Z
MLB6565445396,VTK000911,154bbff8-9918-49d3-8993-7b8e91ecfa2a,816b5950-dff1-4e56-8a22-9bd23c2d8d50,301.77,,null,54.32,ml_live,24.45,ml_live,0.08279935223578168,estimated,,,0.07,0.1,0.15,inconclusive,CUSTO_INDISPONIVEL,VORTEK-CANON-1.0-ECON-2,2026-09-06T03:46:42.045Z
MLB6565393528,VTK000904,0a59211f-6ed4-41c4-8edf-458f3950a767,88308e0a-da30-4215-8811-ac9ca91d09fb,301.77,,null,54.32,ml_live,24.45,ml_live,0.08279935223578168,estimated,,,0.07,0.1,0.15,inconclusive,CUSTO_INDISPONIVEL,VORTEK-CANON-1.0-ECON-2,2026-09-06T03:46:42.046Z
MLB6565342036,VTK001228,418c2864-589b-496b-aa1b-35c877cc2c56,701d10aa-3daa-472a-8d08-87b182f07cbc,536.08,,null,96.49,ml_live,69.35,ml_live,0.08279935223578168,estimated,,,0.07,0.1,0.15,inconclusive,CUSTO_INDISPONIVEL,VORTEK-CANON-1.0-ECON-2,2026-09-06T03:46:42.046Z
MLB6565330272,VTK000956,7a5c46b5-b9dc-4b6e-a832-686387565608,678f8c35-b7fa-4c99-9af2-abf1e03e1177,376.92,,null,67.85,ml_live,25.45,ml_live,0.08279935223578168,estimated,,,0.07,0.1,0.15,inconclusive,CUSTO_INDISPONIVEL,VORTEK-CANON-1.0-ECON-2,2026-09-06T03:46:42.054Z
MLB6565317276,VTK000974,a98dfce0-a975-4e9d-89ee-41ea9bbfd05f,bf0d4207-72b5-40a1-8e7a-301850a4d31f,208.58,,null,37.54,ml_live,24.45,ml_live,0.08279935223578168,estimated,,,0.07,0.1,0.15,inconclusive,CUSTO_INDISPONIVEL,VORTEK-CANON-1.0-ECON-2,2026-09-06T03:46:42.635Z
MLB6565317208,VTK000910,10cf854c-467e-490a-918d-6e4104b01751,3995a6a1-824c-40fa-bb7d-5c3b000e0078,345.12,,null,62.12,ml_live,45.25,ml_live,0.08279935223578168,estimated,,,0.07,0.1,0.15,inconclusive,CUSTO_INDISPONIVEL,VORTEK-CANON-1.0-ECON-2,2026-09-06T03:46:42.632Z
MLB6565217556,VTK000802,03609ed0-28bb-4752-baa5-65ed84bf1aa8,d1004434-1c3e-4797-a85a-3a489ac9a235,283.02,,null,50.94,ml_live,25.45,ml_live,0.08279935223578168,estimated,,,0.07,0.1,0.15,inconclusive,CUSTO_INDISPONIVEL,VORTEK-CANON-1.0-ECON-2,2026-09-06T03:46:42.638Z
MLB6565217460,VTK006448,78a3565d-6f9c-400a-ae43-3cc81020907d,3979f184-9e92-4bbc-94c9-d3c9472405a0,657.35,,null,118.32,ml_live,69.35,ml_live,0.08279935223578168,estimated,,,0.07,0.1,0.15,inconclusive,CUSTO_INDISPONIVEL,VORTEK-CANON-1.0-ECON-2,2026-09-06T03:46:42.638Z
MLB4583282163,VTK006155,95584035-2fda-4d10-a606-afe00f672a61,160aa554-0918-4354-890d-e8ef1ff4c31a,149.6,,null,26.93,ml_live,19.45,ml_live,0.08279935223578168,estimated,,,0.05,0.07,0.1,inconclusive,CUSTO_INDISPONIVEL,VORTEK-CANON-1.0-ECON-2,2026-09-06T03:46:43.020Z
MLB4583282093,VTK000954,74ba9f53-a823-417a-a290-2644b500501f,285e6c97-fd93-46bd-af7f-70a95485a610,232.85,,null,41.91,ml_live,25.45,ml_live,0.08279935223578168,estimated,,,0.07,0.1,0.15,inconclusive,CUSTO_INDISPONIVEL,VORTEK-CANON-1.0-ECON-2,2026-09-06T03:46:43.019Z
MLB6573349768,VTK004010,123b71b5-8525-44cf-ba9e-a29d2a7289ec,8c24a47e-d3b9-456b-a62b-26cd32a92edb,345,,null,48.3,ml_live,24.45,ml_live,0.08279935223578168,estimated,,,0.07,0.1,0.15,inconclusive,CUSTO_INDISPONIVEL,VORTEK-CANON-1.0-ECON-2,2026-09-06T03:46:43.021Z
MLB6573325406,VTK005079,c35620a8-f728-43c3-8cc7-a861a18489f0,12dc8685-685d-4857-b57d-929aa033db82,422.2,,null,59.11,ml_live,32.45,ml_live,0.08279935223578168,estimated,,,0.07,0.1,0.15,inconclusive,CUSTO_INDISPONIVEL,VORTEK-CANON-1.0-ECON-2,2026-09-06T03:46:43.416Z
MLB6573263036,VTK001279,c34dc7ca-dde5-4588-b59e-1b97657b71b2,909c9e12-98cc-4b5f-9a90-c700ef680cf9,334,,null,48.43,ml_live,21.65,ml_live,0.08279935223578168,estimated,,,0.07,0.1,0.15,inconclusive,CUSTO_INDISPONIVEL,VORTEK-CANON-1.0-ECON-2,2026-09-06T03:46:43.419Z
MLB6573257868,VTK000646,6742d3e6-fb62-48de-a0f6-570b50107d4b,6387009f-46c2-406c-ab24-6bfd7ab39058,246,,null,35.67,ml_live,29.25,ml_live,0.08279935223578168,estimated,,,0.07,0.1,0.15,inconclusive,CUSTO_INDISPONIVEL,VORTEK-CANON-1.0-ECON-2,2026-09-06T03:46:43.419Z
MLB6573252202,VTK004508,0c431f33-2078-4039-ae55-036411b08f30,91a5b5f0-ead0-4a47-8ddb-72ecfa6e391e,1321.67,,null,211.47,ml_live,29.25,ml_live,0.08279935223578168,estimated,,,0.1,0.15,0.2,inconclusive,CUSTO_INDISPONIVEL,VORTEK-CANON-1.0-ECON-2,2026-09-06T03:46:43.418Z
MLB6573246676,VTK001132,5a1d62b7-fd9a-4629-a26e-f51488fa7416,6580ab4e-13f7-4d1a-b445-3ae4ae764cc4,1536.79,,null,253.57,ml_live,49.35,ml_live,0.08279935223578168,estimated,,,0.1,0.15,0.2,inconclusive,CUSTO_INDISPONIVEL,VORTEK-CANON-1.0-ECON-2,2026-09-06T03:46:43.808Z
MLB6573238544,VTK003601,01b23e3b-0598-44af-bffb-3068864c4b73,f3a65c23-310b-47b9-baf3-23d3ba6cbbb8,208.7,,null,30.26,ml_live,21.65,ml_live,0.08279935223578168,estimated,,,0.07,0.1,0.15,inconclusive,CUSTO_INDISPONIVEL,VORTEK-CANON-1.0-ECON-2,2026-09-06T03:46:43.808Z
MLB6573234080,VTK000796,ed64e79f-7b4f-426a-88b9-e92093ddf3ec,bd5e3656-29a6-48a9-bde5-ea4af08f8fb0,125,,null,20.62,ml_live,16.95,ml_live,0.08279935223578168,estimated,,,0.05,0.07,0.1,inconclusive,CUSTO_INDISPONIVEL,VORTEK-CANON-1.0-ECON-2,2026-09-06T03:46:43.807Z
MLB6573226934,VTK001013,15b00595-0638-41e4-87fa-9483ea65bb1b,6f6abe98-5bb3-4273-a5f6-053453f1d9cd,408.2,,null,59.19,ml_live,21.65,ml_live,0.08279935223578168,estimated,,,0.07,0.1,0.15,inconclusive,CUSTO_INDISPONIVEL,VORTEK-CANON-1.0-ECON-2,2026-09-06T03:46:43.815Z
MLB6573222236,VTK001167,9edd18d6-9449-438f-8b78-2bbc914b4586,013e8114-b45d-4881-8698-1adc8f98360e,164.67,,null,23.88,ml_live,21.35,ml_live,0.08279935223578168,estimated,,,0.05,0.07,0.1,inconclusive,CUSTO_INDISPONIVEL,VORTEK-CANON-1.0-ECON-2,2026-09-06T03:46:44.199Z
MLB6573221756,VTK005481,c035462c-124a-4e68-bd64-ec515dd561b9,a1052890-2fc4-44e5-89d4-bb86f4cb73d2,719,,null,129.42,ml_live,32.45,ml_live,0.08279935223578168,estimated,,,0.07,0.1,0.15,inconclusive,CUSTO_INDISPONIVEL,VORTEK-CANON-1.0-ECON-2,2026-09-06T03:46:44.199Z
MLB6573221508,VTK006031,5076a0c9-32b4-41c1-b797-fcacc056d77e,463b8e0a-7866-47f6-9653-dd882e8baae3,1205.79,,null,198.96,ml_live,45.25,ml_live,0.08279935223578168,estimated,,,0.1,0.15,0.2,inconclusive,CUSTO_INDISPONIVEL,VORTEK-CANON-1.0-ECON-2,2026-09-06T03:46:44.199Z
MLB6573214278,VTK001342,6f73b8e2-7488-4332-b78e-6554ac165a89,6ba3bd6f-8d3c-49a0-a5eb-642d7b7095c0,195.59,,null,28.36,ml_live,19.05,ml_live,0.08279935223578168,estimated,,,0.05,0.07,0.1,inconclusive,CUSTO_INDISPONIVEL,VORTEK-CANON-1.0-ECON-2,2026-09-06T03:46:44.198Z
MLB6573214184,VTK000649,6aa099d2-3ceb-4530-9da2-9f90b68c7c05,b8340e38-1224-4b56-82ab-a65a41796b0f,201,,null,36.18,ml_live,25.45,ml_live,0.08279935223578168,estimated,,,0.07,0.1,0.15,inconclusive,CUSTO_INDISPONIVEL,VORTEK-CANON-1.0-ECON-2,2026-09-06T03:46:44.592Z
MLB6573199472,VTK000570,a47e2306-0a95-40c0-9f86-a8088a4cfa4d,8b88a0b8-a357-4dd5-996b-78757ab0518a,159,,null,23.06,ml_live,24.35,ml_live,0.08279935223578168,estimated,,,0.05,0.07,0.1,inconclusive,CUSTO_INDISPONIVEL,VORTEK-CANON-1.0-ECON-2,2026-09-06T03:46:44.588Z
MLB6573187244,VTK001142,6fb8bfe9-60d6-4fa5-9ff3-fe1eaaf8d5e2,5c34bf13-3ac2-47cd-9a38-8b7d6fd11754,216.16,,null,31.34,ml_live,24.45,ml_live,0.08279935223578168,estimated,,,0.07,0.1,0.15,inconclusive,CUSTO_INDISPONIVEL,VORTEK-CANON-1.0-ECON-2,2026-09-06T03:46:44.586Z
MLB6573186788,VTK005800,fd1320b7-8881-45b6-8e49-2582f5db59a3,aaef23ab-6374-47a3-a817-2dafb0b96418,125,,null,20.62,ml_live,16.95,ml_live,0.08279935223578168,estimated,,,0.05,0.07,0.1,inconclusive,CUSTO_INDISPONIVEL,VORTEK-CANON-1.0-ECON-2,2026-09-06T03:46:44.588Z
MLB6573154766,VTK001391,e63633f5-1cf4-44e4-94f6-5b31871259c2,eced97aa-853b-428b-a93e-6a06bfafda5b,288,,null,51.84,ml_live,25.55,ml_live,0.08279935223578168,estimated,,,0.07,0.1,0.15,inconclusive,CUSTO_INDISPONIVEL,VORTEK-CANON-1.0-ECON-2,2026-09-06T03:46:44.994Z
MLB6573153884,VTK001394,ee4501c1-aba0-4199-a3b6-a3ad81a24bc6,bdace226-8f89-400e-8f9a-18f47e67f5b4,601.45,,null,84.2,ml_live,24.45,ml_live,0.08279935223578168,estimated,,,0.07,0.1,0.15,inconclusive,CUSTO_INDISPONIVEL,VORTEK-CANON-1.0-ECON-2,2026-09-06T03:46:44.993Z
MLB6573153668,VTK001472,b5e25c01-6c82-456f-8a14-7b69bda40458,cada8656-6548-4293-bcd9-19aeca82ecee,1107,,null,199.26,ml_live,69.35,ml_live,0.08279935223578168,estimated,,,0.1,0.15,0.2,inconclusive,CUSTO_INDISPONIVEL,VORTEK-CANON-1.0-ECON-2,2026-09-06T03:46:44.993Z
MLB6573143552,VTK005922,415d9320-7455-4cf9-ad35-8618bf9c50c1,2d41b6a2-bc13-4dab-8b9b-13676c51b23a,909.53,,null,150.07,ml_live,23.25,ml_live,0.08279935223578168,estimated,,,0.07,0.1,0.15,inconclusive,CUSTO_INDISPONIVEL,VORTEK-CANON-1.0-ECON-2,2026-09-06T03:46:45.386Z
MLB6573143510,VTK005907,179df108-2491-4ad4-820d-93560b203ae7,a002a77c-01ee-4dbf-80c5-d412338a07d6,521.4,,null,93.85,ml_live,27.05,ml_live,0.08279935223578168,estimated,,,0.07,0.1,0.15,inconclusive,CUSTO_INDISPONIVEL,VORTEK-CANON-1.0-ECON-2,2026-09-06T03:46:45.385Z
MLB6573142252,VTK001216,26c70f50-b754-462d-917e-9b5a676ddc81,1d69308c-cb54-42b6-8da4-e46017d993ba,1504.45,,null,248.23,ml_live,32.45,ml_live,0.08279935223578168,estimated,,,0.1,0.15,0.2,inconclusive,CUSTO_INDISPONIVEL,VORTEK-CANON-1.0-ECON-2,2026-09-06T03:46:45.387Z
MLB6573142048,VTK000865,aeaf91e3-d1c2-49f0-a632-c9bd1449b0fc,b7ac347e-026d-434e-91ff-4f78b142516a,88.83,,null,14.21,ml_live,12.95,ml_live,0.08279935223578168,estimated,,,0.05,0.07,0.1,inconclusive,CUSTO_INDISPONIVEL,VORTEK-CANON-1.0-ECON-2,2026-09-06T03:46:45.386Z
MLB6573141844,VTK000841,7bfec5d7-4b7d-4d68-810a-19ac1f3cb024,8ab92f8e-0057-45ad-8337-08fd38acb6c9,226.21,,null,40.72,ml_live,25.45,ml_live,0.08279935223578168,estimated,,,0.07,0.1,0.15,inconclusive,CUSTO_INDISPONIVEL,VORTEK-CANON-1.0-ECON-2,2026-09-06T03:46:45.785Z
MLB6573141840,VTK000768,b4d09f73-b9ae-4dd7-a262-e31f1b8d01b1,a3aeb3b0-37cb-4a9e-94e7-9392c681d248,172.64,,null,28.49,ml_live,19.05,ml_live,0.08279935223578168,estimated,,,0.05,0.07,0.1,inconclusive,CUSTO_INDISPONIVEL,VORTEK-CANON-1.0-ECON-2,2026-09-06T03:46:45.779Z
MLB6573141772,VTK000853,94ba0f09-e7fe-4110-b18a-a88d7ada6416,a7aa44a5-0444-43d1-8489-6d37e258b1ad,197.42,,null,35.54,ml_live,40.85,ml_live,0.08279935223578168,estimated,,,0.05,0.07,0.1,inconclusive,CUSTO_INDISPONIVEL,VORTEK-CANON-1.0-ECON-2,2026-09-06T03:46:45.784Z
MLB6573141530,VTK001234,4e8ffc56-7120-433a-a92f-5b674b5fa6d5,8f7b2e34-8f31-4651-afef-34be7f4dea6a,1015.13,,null,182.72,ml_live,40.85,ml_live,0.08279935223578168,estimated,,,0.1,0.15,0.2,inconclusive,CUSTO_INDISPONIVEL,VORTEK-CANON-1.0-ECON-2,2026-09-06T03:46:45.778Z
MLB6573141484,VTK000951,6865976d-f292-4bc7-a905-c0739d8a231c,9d838406-788a-4682-8069-411db251f362,100.88,,null,16.65,ml_live,19.15,ml_live,0.08279935223578168,estimated,,,0.05,0.07,0.1,inconclusive,CUSTO_INDISPONIVEL,VORTEK-CANON-1.0-ECON-2,2026-09-06T03:46:46.202Z
MLB6573129808,VTK001453,82ec7d3c-eb98-4026-a068-f4cb6c2ed5a4,fc91612f-d8ab-4f71-a90b-33d840bc4937,733,,null,124.61,ml_live,23.25,ml_live,0.08279935223578168,estimated,,,0.07,0.1,0.15,inconclusive,CUSTO_INDISPONIVEL,VORTEK-CANON-1.0-ECON-2,2026-09-06T03:46:46.198Z
MLB6573129242,VTK000788,dd25385c-3d61-4427-8342-577f286abdbc,11b82a6e-775b-4372-a16a-5d8eb41f0f04,329.88,,null,59.38,ml_live,25.55,ml_live,0.08279935223578168,estimated,,,0.07,0.1,0.15,inconclusive,CUSTO_INDISPONIVEL,VORTEK-CANON-1.0-ECON-2,2026-09-06T03:46:46.206Z
MLB6573129202,VTK001214,233424ea-761e-4232-8cef-87966637bd15,4a2e4fdf-247f-49ea-b842-77b872f35a00,172.82,,null,23.33,ml_live,22.25,ml_live,0.08279935223578168,estimated,,,0.05,0.07,0.1,inconclusive,CUSTO_INDISPONIVEL,VORTEK-CANON-1.0-ECON-2,2026-09-06T03:46:46.204Z
MLB6573129050,VTK000701,0663badd-00a8-4802-b882-8dbb6c510e95,35994bca-d02a-42ff-b77d-3b1dd710e4a8,474.04,,null,85.33,ml_live,32.45,ml_live,0.08279935223578168,estimated,,,0.07,0.1,0.15,inconclusive,CUSTO_INDISPONIVEL,VORTEK-CANON-1.0-ECON-2,2026-09-06T03:46:46.590Z
MLB6573129038,VTK000747,725fcf9d-a516-4d6b-997b-181b461d19dc,cb33d86d-1b0e-4361-ba70-dfab54950b34,250.71,,null,45.13,ml_live,24.45,ml_live,0.08279935223578168,estimated,,,0.07,0.1,0.15,inconclusive,CUSTO_INDISPONIVEL,VORTEK-CANON-1.0-ECON-2,2026-09-06T03:46:46.594Z
MLB6573128960,VTK000752,8641cc38-330d-4d35-8148-d9307ee4f321,ce1c9598-42af-4ff6-9b7e-a166289b4704,1445.9,,null,260.26,ml_live,50.75,ml_live,0.08279935223578168,estimated,,,0.1,0.15,0.2,inconclusive,CUSTO_INDISPONIVEL,VORTEK-CANON-1.0-ECON-2,2026-09-06T03:46:46.592Z
MLB6573128902,VTK000836,5ff5ab37-69ce-462e-826a-73e08549bfe2,7cfda19f-b757-4712-882d-3030cefad061,239.08,,null,43.03,ml_live,21.65,ml_live,0.08279935223578168,estimated,,,0.07,0.1,0.15,inconclusive,CUSTO_INDISPONIVEL,VORTEK-CANON-1.0-ECON-2,2026-09-06T03:46:47.024Z
MLB6573128558,VTK000886,def2a076-eaab-4116-8ee9-96fb75ae9f5b,b777bf53-b79a-4d91-8396-e8f35007f4be,329.98,,null,59.4,ml_live,25.55,ml_live,0.08279935223578168,estimated,,,0.07,0.1,0.15,inconclusive,CUSTO_INDISPONIVEL,VORTEK-CANON-1.0-ECON-2,2026-09-06T03:46:47.023Z
MLB6573117496,VTK005944,68a6f8a5-9c61-4356-81c4-5fc36356de60,2d1bde86-7626-4763-9bad-8634a4c64321,328.63,,null,59.15,ml_live,25.55,ml_live,0.08279935223578168,estimated,,,0.07,0.1,0.15,inconclusive,CUSTO_INDISPONIVEL,VORTEK-CANON-1.0-ECON-2,2026-09-06T03:46:47.021Z
MLB6573117416,VTK006085,d5c4725a-1e9e-480b-b442-41fa551286d4,265a5d1b-c7e6-4dd4-9754-026e360e72b3,1446.97,,null,238.75,ml_live,32.45,ml_live,0.08279935223578168,estimated,,,0.1,0.15,0.2,inconclusive,CUSTO_INDISPONIVEL,VORTEK-CANON-1.0-ECON-2,2026-09-06T03:46:47.400Z
MLB6573117190,VTK005941,609b7ad1-4334-4bb7-94c8-ae0a28640d27,3b1e2ea0-feca-4357-a962-a0b3c04e102d,417.94,,null,75.23,ml_live,25.55,ml_live,0.08279935223578168,estimated,,,0.07,0.1,0.15,inconclusive,CUSTO_INDISPONIVEL,VORTEK-CANON-1.0-ECON-2,2026-09-06T03:46:47.406Z
MLB6573117056,VTK006381,caf844a4-15f9-401c-b75d-5636cc312f8a,439b3118-f8a8-46a8-9254-9ddd656e6264,291.48,,null,40.81,ml_live,25.45,ml_live,0.08279935223578168,estimated,,,0.07,0.1,0.15,inconclusive,CUSTO_INDISPONIVEL,VORTEK-CANON-1.0-ECON-2,2026-09-06T03:46:47.401Z
MLB6573116886,VTK006168,af7178fa-bd63-40ab-a9d2-0887fdeea053,975daac6-4d92-4d35-9435-ba0a34a49f82,463.16,,null,64.84,ml_live,25.45,ml_live,0.08279935223578168,estimated,,,0.07,0.1,0.15,inconclusive,CUSTO_INDISPONIVEL,VORTEK-CANON-1.0-ECON-2,2026-09-06T03:46:47.401Z
MLB6573116714,VTK001318,24b72799-ff7c-4d90-ae5f-3541084a7cc5,847d0097-77b3-4075-93af-5ad1b37e4d3d,1042,,null,177.14,ml_live,27.05,ml_live,0.08279935223578168,estimated,,,0.1,0.15,0.2,inconclusive,CUSTO_INDISPONIVEL,VORTEK-CANON-1.0-ECON-2,2026-09-06T03:46:47.883Z
MLB6573116644,VTK001233,4d8e45f8-b672-44b9-9bdc-297d9afb45d3,099aef08-ff12-4dc4-b850-5a954f3a1b9a,894.79,,null,161.06,ml_live,27.05,ml_live,0.08279935223578168,estimated,,,0.07,0.1,0.15,inconclusive,CUSTO_INDISPONIVEL,VORTEK-CANON-1.0-ECON-2,2026-09-06T03:46:47.878Z
MLB6573116110,VTK001154,8b5f6849-bd02-487c-bd2e-ee98f960a86f,c45bc53d-4a99-473d-ba51-0357d35a96cc,148.27,,null,26.69,ml_live,16.95,ml_live,0.08279935223578168,estimated,,,0.05,0.07,0.1,inconclusive,CUSTO_INDISPONIVEL,VORTEK-CANON-1.0-ECON-2,2026-09-06T03:46:47.878Z
MLB6573115932,VTK000711,24b1ad88-b7d7-4af4-b9cb-0a1473fa67e2,1999bce5-cbf2-4420-a73e-4caace890392,987.44,,null,177.74,ml_live,65.85,ml_live,0.08279935223578168,estimated,,,0.07,0.1,0.15,inconclusive,CUSTO_INDISPONIVEL,VORTEK-CANON-1.0-ECON-2,2026-09-06T03:46:47.884Z
MLB6573115898,VTK005682,d9ce20ff-13c5-451f-b56c-ea5eef2c496c,dc7f6bcc-998d-447b-9ada-2c65f75cdb65,61.39,,null,11.05,ml_live,8.45,ml_live,0.08279935223578168,estimated,,,0.05,0.07,0.1,inconclusive,CUSTO_INDISPONIVEL,VORTEK-CANON-1.0-ECON-2,2026-09-06T03:46:48.287Z
MLB6573115726,VTK000847,880b1e22-869c-4747-a881-66e177868cbd,441f4365-d874-47a6-bb91-a826ce6d1e62,204.37,,null,36.79,ml_live,21.65,ml_live,0.08279935223578168,estimated,,,0.07,0.1,0.15,inconclusive,CUSTO_INDISPONIVEL,VORTEK-CANON-1.0-ECON-2,2026-09-06T03:46:48.284Z
MLB6573115616,VTK000818,323249e3-be67-4f31-b74f-855bea5040b0,51dafea8-0c1f-48f7-9abd-e5d8381f7f26,271.85,,null,48.93,ml_live,25.45,ml_live,0.08279935223578168,estimated,,,0.07,0.1,0.15,inconclusive,CUSTO_INDISPONIVEL,VORTEK-CANON-1.0-ECON-2,2026-09-06T03:46:48.289Z
MLB6573115600,VTK005732,51b1b425-3a1e-4b0c-be53-f7033573ab50,22fd367a-8313-4645-b51f-760e27d1bf9b,923,,null,166.14,ml_live,21.65,ml_live,0.08279935223578168,estimated,,,0.07,0.1,0.15,inconclusive,CUSTO_INDISPONIVEL,VORTEK-CANON-1.0-ECON-2,2026-09-06T03:46:48.286Z
MLB6573115592,VTK000840,78643592-adbc-4e69-861d-be2a1f4152a3,10a30928-5d04-4739-b39b-86edd0a9f0b7,686,,null,123.48,ml_live,50.75,ml_live,0.08279935223578168,estimated,,,0.07,0.1,0.15,inconclusive,CUSTO_INDISPONIVEL,VORTEK-CANON-1.0-ECON-2,2026-09-06T03:46:48.841Z
MLB6573107920,VTK006000,fb1d396a-3f9a-4bbf-b449-9a565a93bd90,c77baf81-d575-403a-bf17-e55d18fea79b,558.85,,null,100.59,ml_live,25.55,ml_live,0.08279935223578168,estimated,,,0.07,0.1,0.15,inconclusive,CUSTO_INDISPONIVEL,VORTEK-CANON-1.0-ECON-2,2026-09-06T03:46:48.842Z
MLB6573107384,VTK001376,c4f1a4ec-8a93-4fd4-acbe-9c9556a92c22,16b8e790-d451-4286-ba78-5fb42c50b51d,1085.71,,null,195.43,ml_live,25.55,ml_live,0.08279935223578168,estimated,,,0.1,0.15,0.2,inconclusive,CUSTO_INDISPONIVEL,VORTEK-CANON-1.0-ECON-2,2026-09-06T03:46:48.852Z
MLB6573107328,VTK005992,e9f81b03-9dd8-483e-b044-4cc43d4d8692,cea373dd-7f86-4916-a377-5b311491765a,356.44,,null,49.9,ml_live,24.45,ml_live,0.08279935223578168,estimated,,,0.07,0.1,0.15,inconclusive,CUSTO_INDISPONIVEL,VORTEK-CANON-1.0-ECON-2,2026-09-06T03:46:48.834Z
MLB6573106934,VTK000973,a7c5fe66-ac6c-413a-8099-1d31c618bee2,96bdeb7d-b6dc-446c-8fe5-32987f62b357,1032.6,,null,185.87,ml_live,25.55,ml_live,0.08279935223578168,estimated,,,0.1,0.15,0.2,inconclusive,CUSTO_INDISPONIVEL,VORTEK-CANON-1.0-ECON-2,2026-09-06T03:46:49.228Z
MLB6573106866,VTK001493,e6770965-91b3-4d3d-9875-daa674d3026d,d5ce39a3-ccfd-478a-8909-5dafc1e8c0d0,636.07,,null,101.77,ml_live,27.05,ml_live,0.08279935223578168,estimated,,,0.07,0.1,0.15,inconclusive,CUSTO_INDISPONIVEL,VORTEK-CANON-1.0-ECON-2,2026-09-06T03:46:49.227Z
MLB6573106722,VTK006548,87de7374-e4fc-401f-8334-a1e587ddaf43,3f06eb72-7060-4c6d-86e2-570baf99e6aa,282.79,,null,41,ml_live,25.55,ml_live,0.08279935223578168,estimated,,,0.07,0.1,0.15,inconclusive,CUSTO_INDISPONIVEL,VORTEK-CANON-1.0-ECON-2,2026-09-06T03:46:49.227Z
MLB6573106622,VTK006418,3085838e-d9e4-462f-8951-fe9ddc285d82,b40c634a-174a-4422-9445-de9f60416851,220.45,,null,30.86,ml_live,23.25,ml_live,0.08279935223578168,estimated,,,0.07,0.1,0.15,inconclusive,CUSTO_INDISPONIVEL,VORTEK-CANON-1.0-ECON-2,2026-09-06T03:46:49.229Z
MLB6573106404,VTK006039,61b05930-9243-44d1-8082-bd7a8504feb0,727a32a5-2e06-4782-9c4e-9f04a1e6b6c2,117.49,,null,21.15,ml_live,16.85,ml_live,0.08279935223578168,estimated,,,0.05,0.07,0.1,inconclusive,CUSTO_INDISPONIVEL,VORTEK-CANON-1.0-ECON-2,2026-09-06T03:46:49.621Z
MLB6573106380,VTK000810,1322eb0a-4c89-41f2-bbb4-414122b8546f,32e684a5-0ac9-42f4-896b-3f2bdee4fae0,162.04,,null,29.17,ml_live,20.45,ml_live,0.08279935223578168,estimated,,,0.05,0.07,0.1,inconclusive,CUSTO_INDISPONIVEL,VORTEK-CANON-1.0-ECON-2,2026-09-06T03:46:49.620Z
MLB6573106330,VTK000757,99564042-52b2-4844-9ea9-2b998efe89e6,ae45ac20-a64a-4623-badf-a202749af1a6,281.08,,null,50.59,ml_live,24.45,ml_live,0.08279935223578168,estimated,,,0.07,0.1,0.15,inconclusive,CUSTO_INDISPONIVEL,VORTEK-CANON-1.0-ECON-2,2026-09-06T03:46:49.621Z
MLB6573098518,VTK001082,c4ca1e27-a9eb-4489-aede-8406bc2b029c,89b40cb9-906d-451b-b510-179912238e94,1255,,null,207.08,ml_live,49.35,ml_live,0.08279935223578168,estimated,,,0.1,0.15,0.2,inconclusive,CUSTO_INDISPONIVEL,VORTEK-CANON-1.0-ECON-2,2026-09-06T03:46:49.623Z
MLB6573098442,VTK006033,519ecba5-f198-4133-ab6e-7ec163cc9151,e0336706-6329-4bea-9e81-a259ab4b090a,239.27,,null,43.07,ml_live,25.45,ml_live,0.08279935223578168,estimated,,,0.07,0.1,0.15,inconclusive,CUSTO_INDISPONIVEL,VORTEK-CANON-1.0-ECON-2,2026-09-06T03:46:50.008Z
MLB6573098420,VTK005976,b3569389-5d89-4e14-a093-2242b67b97e1,303833db-aaad-405b-8508-6530b1d8ba59,155.21,,null,22.51,ml_live,19.05,ml_live,0.08279935223578168,estimated,,,0.05,0.07,0.1,inconclusive,CUSTO_INDISPONIVEL,VORTEK-CANON-1.0-ECON-2,2026-09-06T03:46:50.009Z
MLB6573097258,VTK000928,348c19fa-5e5f-406c-af0c-aa138da59e1a,bcd0ec52-514b-499c-84cb-a787c94942e2,307.83,,null,50.79,ml_live,21.65,ml_live,0.08279935223578168,estimated,,,0.07,0.1,0.15,inconclusive,CUSTO_INDISPONIVEL,VORTEK-CANON-1.0-ECON-2,2026-09-06T03:46:50.008Z
MLB6573097030,VTK000784,d690f327-1683-4f61-b6f9-c3002e74ccb0,ed2ca5ff-ae98-4dd1-a00a-6393596b8f15,292.6,,null,52.67,ml_live,24.45,ml_live,0.08279935223578168,estimated,,,0.07,0.1,0.15,inconclusive,CUSTO_INDISPONIVEL,VORTEK-CANON-1.0-ECON-2,2026-09-06T03:46:50.009Z
MLB6573096826,VTK000716,27854d09-586d-47ad-959c-b8d1661810b5,02f05fee-e3c6-4da9-a451-1dd83d139586,637.29,,null,114.71,ml_live,50.75,ml_live,0.08279935223578168,estimated,,,0.07,0.1,0.15,inconclusive,CUSTO_INDISPONIVEL,VORTEK-CANON-1.0-ECON-2,2026-09-06T03:46:50.387Z
MLB6573096622,VTK000769,b523fd0b-2b8a-4b72-8e22-c118454e80bb,ac3044f0-7ec1-4820-beed-7fb55311262b,429.25,,null,77.26,ml_live,49.35,ml_live,0.08279935223578168,estimated,,,0.07,0.1,0.15,inconclusive,CUSTO_INDISPONIVEL,VORTEK-CANON-1.0-ECON-2,2026-09-06T03:46:50.387Z
MLB6573096602,VTK005702,0de08bcc-ae46-4573-b06c-7987623f4540,e89cba37-b920-4bbf-b7a3-c4a6b818bcd5,468.87,,null,84.4,ml_live,69.35,ml_live,0.08279935223578168,estimated,,,0.07,0.1,0.15,inconclusive,CUSTO_INDISPONIVEL,VORTEK-CANON-1.0-ECON-2,2026-09-06T03:46:50.386Z
MLB6573096414,VTK000893,ec7424cc-4281-42de-9895-9f36d15dfa83,9d741e82-78d7-44a1-985d-38f0b3914fb8,870,,null,156.6,ml_live,75.65,ml_live,0.08279935223578168,estimated,,,0.07,0.1,0.15,inconclusive,CUSTO_INDISPONIVEL,VORTEK-CANON-1.0-ECON-2,2026-09-06T03:46:50.397Z
MLB6573086754,VTK000714,27123b59-b893-4692-828f-1279bbcebe71,c0ac080f-b97c-4e32-b049-186d5c289cbb,410.41,,null,55.41,ml_live,24.45,ml_live,0.08279935223578168,estimated,,,0.07,0.1,0.15,inconclusive,CUSTO_INDISPONIVEL,VORTEK-CANON-1.0-ECON-2,2026-09-06T03:46:50.854Z
MLB6573086564,VTK005920,401d9f8c-0786-4da4-89c4-152a604850a1,6ecd83db-a008-4b65-81d1-5492647d7d57,221.28,,null,30.98,ml_live,25.45,ml_live,0.08279935223578168,estimated,,,0.07,0.1,0.15,inconclusive,CUSTO_INDISPONIVEL,VORTEK-CANON-1.0-ECON-2,2026-09-06T03:46:50.854Z
MLB6573085840,VTK006369,a9848136-0dca-4e70-bb25-8d95f09edf26,5aeea137-6e01-4bbd-bd4f-5e29e740e47b,710.87,,null,113.74,ml_live,24.45,ml_live,0.08279935223578168,estimated,,,0.07,0.1,0.15,inconclusive,CUSTO_INDISPONIVEL,VORTEK-CANON-1.0-ECON-2,2026-09-06T03:46:51.236Z
MLB6573085684,VTK006354,80f91ef2-5d25-4bdb-a3c3-fd6dc7049564,f0fb7260-6b34-4c6c-be93-7bc7258449e3,244.57,,null,34.24,ml_live,23.25,ml_live,0.08279935223578168,estimated,,,0.07,0.1,0.15,inconclusive,CUSTO_INDISPONIVEL,VORTEK-CANON-1.0-ECON-2,2026-09-06T03:46:51.241Z
MLB6573085652,VTK001244,648705d7-8cd3-473c-9377-b8dda40f2c66,38d3a554-98cb-4ac4-abe2-abe6626c805f,194,,null,27.16,ml_live,21.35,ml_live,0.08279935223578168,estimated,,,0.05,0.07,0.1,inconclusive,CUSTO_INDISPONIVEL,VORTEK-CANON-1.0-ECON-2,2026-09-06T03:46:51.235Z
MLB6573085208,VTK000762,a8cffd54-d195-4095-b8c6-6910eeb74b2b,6a4c9af8-d51d-42f2-9ef7-c8d8ed47fb89,431.4,,null,77.65,ml_live,45.25,ml_live,0.08279935223578168,estimated,,,0.07,0.1,0.15,inconclusive,CUSTO_INDISPONIVEL,VORTEK-CANON-1.0-ECON-2,2026-09-06T03:46:51.237Z
MLB6573085174,VTK000731,48f78b90-4aa4-4cec-abcb-e155a30e5fed,78dae98a-eae2-4512-8a56-c9eff598a4c4,305.9,,null,55.06,ml_live,24.45,ml_live,0.08279935223578168,estimated,,,0.07,0.1,0.15,inconclusive,CUSTO_INDISPONIVEL,VORTEK-CANON-1.0-ECON-2,2026-09-06T03:46:51.616Z
MLB6573084936,VTK000832,4e54af17-9d5a-47f3-85ed-a97dc445226a,33b00f15-76a8-4a47-b56d-b2a47268ce63,197.42,,null,35.54,ml_live,21.75,ml_live,0.08279935223578168,estimated,,,0.05,0.07,0.1,inconclusive,CUSTO_INDISPONIVEL,VORTEK-CANON-1.0-ECON-2,2026-09-06T03:46:51.617Z
MLB6573084854,VTK000874,b8fbabf4-7749-4a84-8330-ac6bf0666778,bd18c2ae-dc98-44e8-927e-0398ebd48aa1,251.19,,null,45.21,ml_live,25.55,ml_live,0.08279935223578168,estimated,,,0.07,0.1,0.15,inconclusive,CUSTO_INDISPONIVEL,VORTEK-CANON-1.0-ECON-2,2026-09-06T03:46:51.611Z
MLB6572993150,VTK001345,76207cf9-4138-42cb-80c9-3c39ecf6e961,04f2e899-2cc7-4256-a9fe-ab7c0bc1e2e8,693,,null,110.88,ml_live,25.55,ml_live,0.08279935223578168,estimated,,,0.07,0.1,0.15,inconclusive,CUSTO_INDISPONIVEL,VORTEK-CANON-1.0-ECON-2,2026-09-06T03:46:51.617Z
MLB6572980086,VTK000804,054ecbef-bf42-4677-9a20-a0ba2b7e6851,8ec1c77d-6cba-4651-9d2b-d9d0b6152baa,1000.38,,null,180.07,ml_live,65.85,ml_live,0.08279935223578168,estimated,,,0.1,0.15,0.2,inconclusive,CUSTO_INDISPONIVEL,VORTEK-CANON-1.0-ECON-2,2026-09-06T03:46:51.992Z
MLB6572979988,VTK006120,2b57ca28-7b6f-4afa-851c-b84fddcc041a,70c6c724-7a78-4d42-ab37-5ba336babbf3,201,,null,36.18,ml_live,21.65,ml_live,0.08279935223578168,estimated,,,0.07,0.1,0.15,inconclusive,CUSTO_INDISPONIVEL,VORTEK-CANON-1.0-ECON-2,2026-09-06T03:46:51.991Z
MLB6572979958,VTK006135,4d3a4ca1-5ef1-416e-b4d8-63c904b5e1e8,bc8154a0-0d8f-4774-a1ac-52473c489b56,145.12,,null,23.94,ml_live,18.15,ml_live,0.08279935223578168,estimated,,,0.05,0.07,0.1,inconclusive,CUSTO_INDISPONIVEL,VORTEK-CANON-1.0-ECON-2,2026-09-06T03:46:51.999Z
MLB6572979886,VTK000801,02e45833-27fc-4005-be29-3caecad986d5,540127db-b7bc-441d-ac9c-7b694c350d5f,599,,null,107.82,ml_live,65.85,ml_live,0.08279935223578168,estimated,,,0.07,0.1,0.15,inconclusive,CUSTO_INDISPONIVEL,VORTEK-CANON-1.0-ECON-2,2026-09-06T03:46:51.997Z
MLB6572961568,VTK000736,57bf624e-e3f8-4109-978f-1c74ba835abf,29b737fc-4b13-4915-b7bf-58df675f6738,195.02,,null,35.1,ml_live,19.05,ml_live,0.08279935223578168,estimated,,,0.05,0.07,0.1,inconclusive,CUSTO_INDISPONIVEL,VORTEK-CANON-1.0-ECON-2,2026-09-06T03:46:52.384Z
MLB4585912283,VTK004663,97dcc78e-3c01-4d7f-b3bf-24fa216d1184,06622558-08f7-45d7-8460-6e0454b68694,112.88,,null,20.32,ml_live,16.15,ml_live,0.08279935223578168,estimated,,,0.05,0.07,0.1,inconclusive,CUSTO_INDISPONIVEL,VORTEK-CANON-1.0-ECON-2,2026-09-06T03:46:52.376Z
MLB4585898711,VTK000487,e358b2c2-5344-4e02-8f4a-8d88c83feefc,c9a126ae-ecbe-43d6-94df-b6cdec62bbcd,158.16,,null,22.93,ml_live,21.75,ml_live,0.08279935223578168,estimated,,,0.05,0.07,0.1,inconclusive,CUSTO_INDISPONIVEL,VORTEK-CANON-1.0-ECON-2,2026-09-06T03:46:52.378Z
MLB4585898339,VTK005921,407280e7-2b30-43d0-906d-a3be8a4491a4,7f04c196-1485-45c9-89d8-defd74a42017,574.04,,null,103.33,ml_live,32.45,ml_live,0.08279935223578168,estimated,,,0.07,0.1,0.15,inconclusive,CUSTO_INDISPONIVEL,VORTEK-CANON-1.0-ECON-2,2026-09-06T03:46:52.801Z
MLB4585898231,VTK005650,7d0309a8-c308-4c17-b1fa-8a05169cb99b,3cb57229-2457-4bf4-85e6-bae85dccfd86,1145.5,,null,189.01,ml_live,25.45,ml_live,0.08279935223578168,estimated,,,0.1,0.15,0.2,inconclusive,CUSTO_INDISPONIVEL,VORTEK-CANON-1.0-ECON-2,2026-09-06T03:46:52.801Z
MLB4585898157,VTK001298,fb959bb6-1533-43d4-9ede-f35c10c703e8,ef9205fe-e0c3-4173-a771-35c774340bd8,191.04,,null,28.66,ml_live,21.75,ml_live,0.08279935223578168,estimated,,,0.05,0.07,0.1,inconclusive,CUSTO_INDISPONIVEL,VORTEK-CANON-1.0-ECON-2,2026-09-06T03:46:52.793Z
MLB4585898067,VTK001293,f2952501-7923-492e-ad45-27778837ee7b,c1d142f5-9670-4428-8434-f76f810891eb,328.25,,null,47.6,ml_live,21.65,ml_live,0.08279935223578168,estimated,,,0.07,0.1,0.15,inconclusive,CUSTO_INDISPONIVEL,VORTEK-CANON-1.0-ECON-2,2026-09-06T03:46:52.792Z
MLB4585881935,VTK000772,c0205d70-4a95-4373-9631-42f298c433b6,d5171875-6a33-461f-8271-cf90a1826a19,167,,null,24.22,ml_live,19.05,ml_live,0.08279935223578168,estimated,,,0.05,0.07,0.1,inconclusive,CUSTO_INDISPONIVEL,VORTEK-CANON-1.0-ECON-2,2026-09-06T03:46:53.188Z
MLB4585881313,VTK001128,48b20a22-6daa-4193-b516-7f40cb2280cf,414f4db4-e6ea-4631-9209-182c9fa8b498,1536.79,,null,253.57,ml_live,49.35,ml_live,0.08279935223578168,estimated,,,0.1,0.15,0.2,inconclusive,CUSTO_INDISPONIVEL,VORTEK-CANON-1.0-ECON-2,2026-09-06T03:46:53.191Z
MLB4585881149,VTK000777,cadb6db9-2cdc-48b3-a7df-b04e4888373e,98732dd2-b960-48e0-9e43-cbd5f6035eb7,842.05,,null,138.94,ml_live,27.05,ml_live,0.08279935223578168,estimated,,,0.07,0.1,0.15,inconclusive,CUSTO_INDISPONIVEL,VORTEK-CANON-1.0-ECON-2,2026-09-06T03:46:53.200Z
MLB4585868485,VTK001316,21b6af8c-fe93-4b44-992f-5605d7798edb,c9c38774-9d15-4b19-a45f-ffb7b5c8a41c,255.54,,null,46,ml_live,25.55,ml_live,0.08279935223578168,estimated,,,0.07,0.1,0.15,inconclusive,CUSTO_INDISPONIVEL,VORTEK-CANON-1.0-ECON-2,2026-09-06T03:46:53.189Z
MLB4585804393,VTK000781,d3880b1b-d178-42fc-9ff8-2cfafefcf7b2,98a4b09e-71c6-4a4a-b7ff-606533f50fb3,284.17,,null,51.15,ml_live,27.05,ml_live,0.08279935223578168,estimated,,,0.07,0.1,0.15,inconclusive,CUSTO_INDISPONIVEL,VORTEK-CANON-1.0-ECON-2,2026-09-06T03:46:53.592Z
MLB4585804373,VTK000759,9a39e33d-0110-4684-9a8f-ec0dc7604d2e,1aff51de-ae25-4a05-900f-9aef2cf11dac,473.1,,null,85.16,ml_live,25.55,ml_live,0.08279935223578168,estimated,,,0.07,0.1,0.15,inconclusive,CUSTO_INDISPONIVEL,VORTEK-CANON-1.0-ECON-2,2026-09-06T03:46:53.584Z
MLB4585804329,VTK006079,cf5f5c46-7779-4292-b6fa-5fbc381c2d87,688b88a3-3991-49d1-8257-23cd34f40d65,213,,null,28.76,ml_live,27.05,ml_live,0.08279935223578168,estimated,,,0.07,0.1,0.15,inconclusive,CUSTO_INDISPONIVEL,VORTEK-CANON-1.0-ECON-2,2026-09-06T03:46:53.597Z
MLB4585804283,VTK001473,b69b6822-ea83-41f0-be4b-14d9d587ff10,114cf218-2170-4852-ad5b-24e34231c2d0,171.31,,null,30.84,ml_live,21.75,ml_live,0.08279935223578168,estimated,,,0.05,0.07,0.1,inconclusive,CUSTO_INDISPONIVEL,VORTEK-CANON-1.0-ECON-2,2026-09-06T03:46:53.978Z
MLB4585804223,VTK000704,0c18cab6-522c-4d0b-9a3b-83a86fbb7d5f,effc51a4-da9a-4b40-a197-620f2944215d,1483.02,,null,266.94,ml_live,65.85,ml_live,0.08279935223578168,estimated,,,0.1,0.15,0.2,inconclusive,CUSTO_INDISPONIVEL,VORTEK-CANON-1.0-ECON-2,2026-09-06T03:46:53.977Z
MLB4585803903,VTK000849,8b14f1a1-954a-41e0-98fb-13ee51fc50b8,ed1495f0-e6f8-4275-91b2-ad71a5cfc0ed,198,,null,35.64,ml_live,22.25,ml_live,0.08279935223578168,estimated,,,0.05,0.07,0.1,inconclusive,CUSTO_INDISPONIVEL,VORTEK-CANON-1.0-ECON-2,2026-09-06T03:46:53.983Z
MLB4585803833,VTK001340,6d7fe6b9-29c0-4522-acf3-70c91dfa361f,179369c2-d345-4e99-8810-91e3e5338828,1034.48,,null,186.21,ml_live,24.45,ml_live,0.08279935223578168,estimated,,,0.1,0.15,0.2,inconclusive,CUSTO_INDISPONIVEL,VORTEK-CANON-1.0-ECON-2,2026-09-06T03:46:53.978Z
MLB4585727511,VTK006229,3ed5670a-b5bc-4200-bc4d-d737ef0c4703,ead64b72-fd49-4445-8e16-e64635455415,97.75,,null,17.6,ml_live,13.85,ml_live,0.08279935223578168,estimated,,,0.05,0.07,0.1,inconclusive,CUSTO_INDISPONIVEL,VORTEK-CANON-1.0-ECON-2,2026-09-06T03:46:54.380Z
MLB4585727431,VTK000819,32e4102e-b996-42c0-b463-1ac433f3e5be,ed7dc9bf-f19d-4c67-941f-ba65e07ceb18,328.06,,null,59.05,ml_live,24.45,ml_live,0.08279935223578168,estimated,,,0.07,0.1,0.15,inconclusive,CUSTO_INDISPONIVEL,VORTEK-CANON-1.0-ECON-2,2026-09-06T03:46:54.376Z
MLB4585727365,VTK000867,aff53221-12c8-44c0-a7e4-e8324c6fd5fb,37e81d36-6978-449b-abab-8548dabf0c1c,293.02,,null,52.74,ml_live,24.45,ml_live,0.08279935223578168,estimated,,,0.07,0.1,0.15,inconclusive,CUSTO_INDISPONIVEL,VORTEK-CANON-1.0-ECON-2,2026-09-06T03:46:54.376Z
MLB4585721933,VTK001391,e63633f5-1cf4-44e4-94f6-5b31871259c2,9dc4602b-1880-4e8a-b485-d26f5b36b68f,288,,null,51.84,ml_live,25.55,ml_live,0.08279935223578168,estimated,,,0.07,0.1,0.15,inconclusive,CUSTO_INDISPONIVEL,VORTEK-CANON-1.0-ECON-2,2026-09-06T03:46:54.766Z
MLB4585709137,VTK001233,4d8e45f8-b672-44b9-9bdc-297d9afb45d3,04d0ccfb-2829-4917-87a3-b842ef646c78,894.79,,null,161.06,ml_live,27.05,ml_live,0.08279935223578168,estimated,,,0.07,0.1,0.15,inconclusive,CUSTO_INDISPONIVEL,VORTEK-CANON-1.0-ECON-2,2026-09-06T03:46:54.760Z
MLB4585691987,VTK006287,e8dbb885-4109-4d2c-a03e-1ecd387375ec,e2248bee-6b76-4a8a-8195-7146a6293357,285.71,,null,51.43,ml_live,21.65,ml_live,0.08279935223578168,estimated,,,0.07,0.1,0.15,inconclusive,CUSTO_INDISPONIVEL,VORTEK-CANON-1.0-ECON-2,2026-09-06T03:46:54.760Z
MLB4585691843,VTK000868,b218b191-fef3-4f0f-88dd-482731443114,ea1832d4-8c09-4a7a-8883-2a0f840b26c1,1000.38,,null,180.07,ml_live,65.85,ml_live,0.08279935223578168,estimated,,,0.1,0.15,0.2,inconclusive,CUSTO_INDISPONIVEL,VORTEK-CANON-1.0-ECON-2,2026-09-06T03:46:54.765Z
MLB4585691773,VTK001004,069e8efa-a053-4fc5-ae53-00d9b85c88b0,98ea0b37-e702-4f03-a23e-daf4d77998cb,256.9,,null,46.24,ml_live,24.45,ml_live,0.08279935223578168,estimated,,,0.07,0.1,0.15,inconclusive,CUSTO_INDISPONIVEL,VORTEK-CANON-1.0-ECON-2,2026-09-06T03:46:55.363Z
MLB4585691695,VTK000862,ac2fff63-e00d-427c-841f-05961b3ca509,bb35e4c1-05e1-418c-af11-d3341975ad64,686.13,,null,123.5,ml_live,69.35,ml_live,0.08279935223578168,estimated,,,0.07,0.1,0.15,inconclusive,CUSTO_INDISPONIVEL,VORTEK-CANON-1.0-ECON-2,2026-09-06T03:46:55.363Z
MLB4585691647,VTK006159,9d5347d3-caba-4b6b-8ced-6c1f5fc2fb74,244484bd-5796-4ad2-ad81-04a95fa7f566,215.95,,null,29.15,ml_live,23.25,ml_live,0.08279935223578168,estimated,,,0.07,0.1,0.15,inconclusive,CUSTO_INDISPONIVEL,VORTEK-CANON-1.0-ECON-2,2026-09-06T03:46:55.364Z
MLB4585691579,VTK000807,08bbf451-c4e5-41bb-8731-2aed1fd54d9a,6b7c22a6-9533-4c89-8604-40687922cdf8,78.23,,null,12.52,ml_live,8.15,ml_live,0.08279935223578168,estimated,,,0.05,0.07,0.1,inconclusive,CUSTO_INDISPONIVEL,VORTEK-CANON-1.0-ECON-2,2026-09-06T03:46:55.362Z
MLB4585680325,VTK000736,57bf624e-e3f8-4109-978f-1c74ba835abf,eeb1300d-61a4-4dff-a486-542a7522978e,195.02,,null,35.1,ml_live,19.05,ml_live,0.08279935223578168,estimated,,,0.05,0.07,0.1,inconclusive,CUSTO_INDISPONIVEL,VORTEK-CANON-1.0-ECON-2,2026-09-06T03:46:55.993Z
MLB4585680199,VTK006107,09967072-c04d-4ba0-94cc-ac51431c30ec,56733beb-6c6e-422a-8015-15287d9b433c,182.13,,null,32.78,ml_live,22.25,ml_live,0.08279935223578168,estimated,,,0.05,0.07,0.1,inconclusive,CUSTO_INDISPONIVEL,VORTEK-CANON-1.0-ECON-2,2026-09-06T03:46:56.368Z
MLB4585679939,VTK000823,3b0f5918-73fb-41f5-994d-fd915ea1c11a,19f6e0cd-7a57-46ee-aaa9-9ee697276cf2,1169.87,,null,210.58,ml_live,65.85,ml_live,0.08279935223578168,estimated,,,0.1,0.15,0.2,inconclusive,CUSTO_INDISPONIVEL,VORTEK-CANON-1.0-ECON-2,2026-09-06T03:46:56.365Z
MLB4587377809,VTK001340,6d7fe6b9-29c0-4522-acf3-70c91dfa361f,9f66b993-8344-426f-a48c-ef10cf22b9a1,1034.48,,null,186.21,ml_live,24.45,ml_live,0.08279935223578168,estimated,,,0.1,0.15,0.2,inconclusive,CUSTO_INDISPONIVEL,VORTEK-CANON-1.0-ECON-2,2026-09-06T03:46:56.369Z
MLB4586999295,VTK000849,8b14f1a1-954a-41e0-98fb-13ee51fc50b8,ca9b3dd9-bfce-4a17-ac7a-ff3aa6337b15,198,,null,35.64,ml_live,22.25,ml_live,0.08279935223578168,estimated,,,0.05,0.07,0.1,inconclusive,CUSTO_INDISPONIVEL,VORTEK-CANON-1.0-ECON-2,2026-09-06T03:46:56.756Z
MLB6588226160,VTK000950,6645b2f5-7d44-4bd2-b402-ffd452aa4faa,9e59e9da-6a78-413e-8def-52009c3207e7,171.21,,null,30.82,ml_live,21.35,ml_live,0.08279935223578168,estimated,,,0.05,0.07,0.1,inconclusive,CUSTO_INDISPONIVEL,VORTEK-CANON-1.0-ECON-2,2026-09-06T03:46:56.757Z
MLB4591812661,VTK000524,2df9ce35-0bf3-45fb-a61f-904d4435a0ed,446e3018-d57d-40de-bae4-5a2915a3b2b7,591,,null,94.56,ml_live,27.05,ml_live,0.08279935223578168,estimated,,,0.07,0.1,0.15,inconclusive,CUSTO_INDISPONIVEL,VORTEK-CANON-1.0-ECON-2,2026-09-06T03:46:56.758Z
MLB4591797813,VTK000992,e50f20e7-7a55-4548-8b4d-36b0d29756f9,a6d07ff3-a0f6-458e-a44b-712128b83096,301.27,,null,49.71,ml_live,21.65,ml_live,0.08279935223578168,estimated,,,0.07,0.1,0.15,inconclusive,CUSTO_INDISPONIVEL,VORTEK-CANON-1.0-ECON-2,2026-09-06T03:46:56.760Z
MLB6619304628,VTK000979,b4a17f8b-ec94-4a2d-a3a2-7913bca0391c,bf7f66e7-6b79-44c5-a194-312b87363630,86.43,,null,15.56,ml_live,13.85,ml_live,0.08279935223578168,estimated,,,0.05,0.07,0.1,inconclusive,CUSTO_INDISPONIVEL,VORTEK-CANON-1.0-ECON-2,2026-09-06T03:46:57.136Z
MLB6618198782,VTK006007,11da2aa7-052c-4213-b0e0-c7a8e13b7c59,7badaf5c-b0e1-41a1-9144-7a4143b340d6,1929.35,,null,318.34,ml_live,65.85,ml_live,0.08279935223578168,estimated,,,0.1,0.15,0.2,inconclusive,CUSTO_INDISPONIVEL,VORTEK-CANON-1.0-ECON-2,2026-09-06T03:46:57.134Z
MLB6630723142,VTK000893,ec7424cc-4281-42de-9895-9f36d15dfa83,f0cf4375-6b83-4cf0-bc7f-cad3acece002,870,,null,156.6,ml_live,75.65,ml_live,0.08279935223578168,estimated,,,0.07,0.1,0.15,inconclusive,CUSTO_INDISPONIVEL,VORTEK-CANON-1.0-ECON-2,2026-09-06T03:46:57.135Z
MLB6630711244,VTK000956,7a5c46b5-b9dc-4b6e-a832-686387565608,1998fcc4-966c-4c57-be11-035e09b895a1,376.92,,null,67.85,ml_live,25.45,ml_live,0.08279935223578168,estimated,,,0.07,0.1,0.15,inconclusive,CUSTO_INDISPONIVEL,VORTEK-CANON-1.0-ECON-2,2026-09-06T03:46:57.135Z
MLB4612599843,VTK001002,040d2ed2-062a-40ed-8ec7-3efae7256fce,258f8fdf-c655-4488-9a9f-e94a2f0c9a58,238.17,,null,42.87,ml_live,27.05,ml_live,0.08279935223578168,estimated,,,0.07,0.1,0.15,inconclusive,CUSTO_INDISPONIVEL,VORTEK-CANON-1.0-ECON-2,2026-09-06T03:46:57.546Z
MLB4612599799,VTK000975,a9a659fe-639e-4c8e-b644-13470c4d3522,b9a4f789-8b09-46e9-8a87-81d6dd5bd28f,380.35,,null,68.46,ml_live,24.45,ml_live,0.08279935223578168,estimated,,,0.07,0.1,0.15,inconclusive,CUSTO_INDISPONIVEL,VORTEK-CANON-1.0-ECON-2,2026-09-06T03:46:57.549Z
MLB4612599523,VTK002417,3072ac4d-d1d3-45b8-8212-49b13f5cf13e,39cab23e-2e94-4257-9ee4-35b0fe4ca7fb,215.21,,null,38.74,ml_live,24.45,ml_live,0.08279935223578168,estimated,,,0.07,0.1,0.15,inconclusive,CUSTO_INDISPONIVEL,VORTEK-CANON-1.0-ECON-2,2026-09-06T03:46:57.545Z
MLB4612599209,VTK005702,0de08bcc-ae46-4573-b06c-7987623f4540,1b572df9-c686-4103-aad4-e7ed7939ac55,468.87,,null,84.4,ml_live,69.35,ml_live,0.08279935223578168,estimated,,,0.07,0.1,0.15,inconclusive,CUSTO_INDISPONIVEL,VORTEK-CANON-1.0-ECON-2,2026-09-06T03:46:57.548Z
MLB4612598749,VTK000487,e358b2c2-5344-4e02-8f4a-8d88c83feefc,912e42ad-5414-41f6-ae94-7dcb4290d45b,158.16,,null,22.93,ml_live,21.75,ml_live,0.08279935223578168,estimated,,,0.05,0.07,0.1,inconclusive,CUSTO_INDISPONIVEL,VORTEK-CANON-1.0-ECON-2,2026-09-06T03:46:57.931Z
MLB4612598523,VTK000867,aff53221-12c8-44c0-a7e4-e8324c6fd5fb,2c5ebb7f-81d2-449a-b7a0-10f4dddd087e,293.02,,null,52.74,ml_live,24.45,ml_live,0.08279935223578168,estimated,,,0.07,0.1,0.15,inconclusive,CUSTO_INDISPONIVEL,VORTEK-CANON-1.0-ECON-2,2026-09-06T03:46:57.936Z
MLB4612598383,VTK000970,9a934275-f69d-4c69-a4e1-04004d8e5af0,3bed80b6-235a-4372-8ef9-26c9c446e631,487,,null,87.66,ml_live,75.65,ml_live,0.08279935223578168,estimated,,,0.07,0.1,0.15,inconclusive,CUSTO_INDISPONIVEL,VORTEK-CANON-1.0-ECON-2,2026-09-06T03:46:57.939Z
MLB4612540587,VTK001154,8b5f6849-bd02-487c-bd2e-ee98f960a86f,11608ea7-8cf8-4318-af9d-86b72ebfe2fc,148.27,,null,26.69,ml_live,16.95,ml_live,0.08279935223578168,estimated,,,0.05,0.07,0.1,inconclusive,CUSTO_INDISPONIVEL,VORTEK-CANON-1.0-ECON-2,2026-09-06T03:46:57.933Z
MLB4612540545,VTK001228,418c2864-589b-496b-aa1b-35c877cc2c56,66c014e5-5fbf-4014-9b3d-25660b491f40,536.08,,null,96.49,ml_live,69.35,ml_live,0.08279935223578168,estimated,,,0.07,0.1,0.15,inconclusive,CUSTO_INDISPONIVEL,VORTEK-CANON-1.0-ECON-2,2026-09-06T03:46:58.320Z
MLB4612540513,VTK000986,cfed53b3-2a31-406f-a4ae-6d5e095e7e72,3cec99e5-06f4-4ffa-a79e-d8ab625636d3,246.65,,null,39.46,ml_live,24.45,ml_live,0.08279935223578168,estimated,,,0.07,0.1,0.15,inconclusive,CUSTO_INDISPONIVEL,VORTEK-CANON-1.0-ECON-2,2026-09-06T03:46:58.311Z
MLB4612539543,VTK006302,0457e976-339f-4e4a-9232-665e3cf08fa0,f4ca81fe-17b2-4cbb-979c-8a909b490c5e,225.44,,null,40.58,ml_live,24.45,ml_live,0.08279935223578168,estimated,,,0.07,0.1,0.15,inconclusive,CUSTO_INDISPONIVEL,VORTEK-CANON-1.0-ECON-2,2026-09-06T03:46:58.314Z
MLB4612346041,VTK005920,401d9f8c-0786-4da4-89c4-152a604850a1,7aae10d4-7471-4b18-aaf0-106ca992e6cf,221.28,,null,30.98,ml_live,25.45,ml_live,0.08279935223578168,estimated,,,0.07,0.1,0.15,inconclusive,CUSTO_INDISPONIVEL,VORTEK-CANON-1.0-ECON-2,2026-09-06T03:46:58.307Z
MLB6646643854,VTK000847,880b1e22-869c-4747-a881-66e177868cbd,0e62c5d6-4f14-46e8-b0bd-4541852713d1,204.37,,null,36.79,ml_live,21.65,ml_live,0.08279935223578168,estimated,,,0.07,0.1,0.15,inconclusive,CUSTO_INDISPONIVEL,VORTEK-CANON-1.0-ECON-2,2026-09-06T03:46:58.693Z
MLB6646643806,VTK005992,e9f81b03-9dd8-483e-b044-4cc43d4d8692,5b2c074c-8d43-4420-bfb6-b7157fcc4379,356.44,,null,49.9,ml_live,24.45,ml_live,0.08279935223578168,estimated,,,0.07,0.1,0.15,inconclusive,CUSTO_INDISPONIVEL,VORTEK-CANON-1.0-ECON-2,2026-09-06T03:46:58.692Z
MLB6646643668,VTK000925,31810b33-102c-4ab6-9c4d-53a88181934b,a4a6116a-be17-44e7-b91a-3e60079f254d,167.1,,null,30.08,ml_live,21.75,ml_live,0.08279935223578168,estimated,,,0.05,0.07,0.1,inconclusive,CUSTO_INDISPONIVEL,VORTEK-CANON-1.0-ECON-2,2026-09-06T03:46:58.698Z
MLB6646642718,VTK000459,95436bbb-f051-4bc1-89de-b0500a4047f1,5e43e983-a70e-47ed-8118-2ca5442f952a,345.73,,null,62.23,ml_live,24.45,ml_live,0.08279935223578168,estimated,,,0.07,0.1,0.15,inconclusive,CUSTO_INDISPONIVEL,VORTEK-CANON-1.0-ECON-2,2026-09-06T03:46:59.086Z
MLB6646642702,VTK000905,0f13c696-7936-4ad7-bdfe-b62fd08ba67a,d35c686e-eb73-40f6-8602-0e2f0bdfe2b9,129,,null,23.22,ml_live,18.15,ml_live,0.08279935223578168,estimated,,,0.05,0.07,0.1,inconclusive,CUSTO_INDISPONIVEL,VORTEK-CANON-1.0-ECON-2,2026-09-06T03:46:59.085Z
MLB6646508274,VTK001231,49151a42-5a94-4bf3-9513-c2fed82a44f3,fcb2cdf7-0741-4f3c-b7fa-fa5800132b36,228.66,,null,33.16,ml_live,45.25,ml_live,0.08279935223578168,estimated,,,0.07,0.1,0.15,inconclusive,CUSTO_INDISPONIVEL,VORTEK-CANON-1.0-ECON-2,2026-09-06T03:46:59.087Z
MLB6646508266,VTK001500,fb6f3d1f-8832-4652-8229-843387fdd266,a5862764-c0f6-4b8c-aaf6-08d828119dc4,1136.91,,null,193.27,ml_live,27.05,ml_live,0.08279935223578168,estimated,,,0.1,0.15,0.2,inconclusive,CUSTO_INDISPONIVEL,VORTEK-CANON-1.0-ECON-2,2026-09-06T03:46:59.084Z
MLB6646508220,VTK006418,3085838e-d9e4-462f-8951-fe9ddc285d82,6983ec47-b498-4b8d-a4a0-7dd752eedd09,220.45,,null,30.86,ml_live,23.25,ml_live,0.08279935223578168,estimated,,,0.07,0.1,0.15,inconclusive,CUSTO_INDISPONIVEL,VORTEK-CANON-1.0-ECON-2,2026-09-06T03:46:59.469Z
MLB6646508218,VTK000730,4346f839-6287-405d-bd2d-e0a35cfa480f,a6a9c570-3edb-4e32-90b3-061ebe941020,133.13,,null,23.96,ml_live,19.45,ml_live,0.08279935223578168,estimated,,,0.05,0.07,0.1,inconclusive,CUSTO_INDISPONIVEL,VORTEK-CANON-1.0-ECON-2,2026-09-06T03:46:59.466Z
MLB6646507790,VTK005160,8e6c6d5c-138c-4202-964d-f509337444cc,6946b383-b64a-416a-b55b-294211b85c3a,87.46,,null,15.74,ml_live,13.85,ml_live,0.08279935223578168,estimated,,,0.05,0.07,0.1,inconclusive,CUSTO_INDISPONIVEL,VORTEK-CANON-1.0-ECON-2,2026-09-06T03:46:59.462Z
MLB6646506834,VTK000772,c0205d70-4a95-4373-9631-42f298c433b6,5bff563e-40a5-4508-9a89-fcbe753f9579,167,,null,24.22,ml_live,19.05,ml_live,0.08279935223578168,estimated,,,0.05,0.07,0.1,inconclusive,CUSTO_INDISPONIVEL,VORTEK-CANON-1.0-ECON-2,2026-09-06T03:46:59.466Z
MLB6646506668,VTK006079,cf5f5c46-7779-4292-b6fa-5fbc381c2d87,3709dedc-88e7-445c-a295-91db6c69bc8c,213,,null,28.76,ml_live,27.05,ml_live,0.08279935223578168,estimated,,,0.07,0.1,0.15,inconclusive,CUSTO_INDISPONIVEL,VORTEK-CANON-1.0-ECON-2,2026-09-06T03:46:59.846Z
MLB6646470888,VTK000967,9178b6f9-d4a7-4f13-8e68-7c788d36d84f,fbce93ea-82ba-42d6-9a23-86a699811e42,259,,null,46.62,ml_live,45.25,ml_live,0.08279935223578168,estimated,,,0.07,0.1,0.15,inconclusive,CUSTO_INDISPONIVEL,VORTEK-CANON-1.0-ECON-2,2026-09-06T03:46:59.864Z
MLB6646469936,VTK000715,2753716d-842f-4878-a5db-7710fc96e942,23503862-f6b4-4626-8cf7-678c0b890069,194.65,,null,35.04,ml_live,19.05,ml_live,0.08279935223578168,estimated,,,0.05,0.07,0.1,inconclusive,CUSTO_INDISPONIVEL,VORTEK-CANON-1.0-ECON-2,2026-09-06T03:46:59.843Z
MLB6646469754,VTK000819,32e4102e-b996-42c0-b463-1ac433f3e5be,238354c2-21da-4c5d-bfa3-cc290137e31a,328.06,,null,59.05,ml_live,24.45,ml_live,0.08279935223578168,estimated,,,0.07,0.1,0.15,inconclusive,CUSTO_INDISPONIVEL,VORTEK-CANON-1.0-ECON-2,2026-09-06T03:47:00.077Z
MLB6646469628,VTK001272,a59f6d7f-5196-4568-83df-e518b2cdc575,b051d427-8346-4983-8798-2524b66954b7,130.79,,null,22.23,ml_live,19.05,ml_live,0.08279935223578168,estimated,,,0.05,0.07,0.1,inconclusive,CUSTO_INDISPONIVEL,VORTEK-CANON-1.0-ECON-2,2026-09-06T03:47:00.490Z
MLB6646469162,VTK006283,df9960f9-53b5-4aea-9f8f-43b07b9b8546,a867125e-1a49-4429-aeb9-504adda99dba,129.35,,null,23.28,ml_live,18.15,ml_live,0.08279935223578168,estimated,,,0.05,0.07,0.1,inconclusive,CUSTO_INDISPONIVEL,VORTEK-CANON-1.0-ECON-2,2026-09-06T03:47:00.486Z
MLB6646382226,VTK001033,50d1e44e-5dee-4462-aeb1-6e5e308f7525,48066696-0e2d-4fff-93ac-9c0f1a9bdfd4,229.94,,null,39.09,ml_live,27.05,ml_live,0.08279935223578168,estimated,,,0.07,0.1,0.15,inconclusive,CUSTO_INDISPONIVEL,VORTEK-CANON-1.0-ECON-2,2026-09-06T03:47:00.500Z
MLB6646381536,VTK001473,b69b6822-ea83-41f0-be4b-14d9d587ff10,d7afb9a2-9b97-45ed-bf32-705123ca93e3,171.31,,null,30.84,ml_live,21.75,ml_live,0.08279935223578168,estimated,,,0.05,0.07,0.1,inconclusive,CUSTO_INDISPONIVEL,VORTEK-CANON-1.0-ECON-2,2026-09-06T03:47:00.864Z
MLB6646381418,VTK006287,e8dbb885-4109-4d2c-a03e-1ecd387375ec,8247af23-3611-48a2-84eb-b16652f14e00,285.71,,null,51.43,ml_live,21.65,ml_live,0.08279935223578168,estimated,,,0.07,0.1,0.15,inconclusive,CUSTO_INDISPONIVEL,VORTEK-CANON-1.0-ECON-2,2026-09-06T03:47:00.864Z
MLB6646381324,VTK006159,9d5347d3-caba-4b6b-8ced-6c1f5fc2fb74,98ea29ad-7688-42f7-aad2-995dd6c77d2b,215.95,,null,29.15,ml_live,23.25,ml_live,0.08279935223578168,estimated,,,0.07,0.1,0.15,inconclusive,CUSTO_INDISPONIVEL,VORTEK-CANON-1.0-ECON-2,2026-09-06T03:47:00.868Z
MLB6646381024,VTK006107,09967072-c04d-4ba0-94cc-ac51431c30ec,0fecaeb5-93ba-4fb8-8077-afb69898b54f,182.13,,null,32.78,ml_live,22.25,ml_live,0.08279935223578168,estimated,,,0.05,0.07,0.1,inconclusive,CUSTO_INDISPONIVEL,VORTEK-CANON-1.0-ECON-2,2026-09-06T03:47:00.871Z
MLB6646381020,VTK000897,f5290346-4821-49b0-af7a-502ba0c34e5c,a690eaff-8e8d-4ddc-ad10-092848a32820,879.38,,null,158.29,ml_live,70.95,ml_live,0.08279935223578168,estimated,,,0.07,0.1,0.15,inconclusive,CUSTO_INDISPONIVEL,VORTEK-CANON-1.0-ECON-2,2026-09-06T03:47:01.246Z
MLB4621151867,VTK000420,270c5590-a626-4368-8821-0b457cac9a8d,5e7d9157-36ce-4c0c-87ac-1895ac707c1f,490,,null,78.4,ml_live,25.45,ml_live,0.08279935223578168,estimated,,,0.07,0.1,0.15,inconclusive,CUSTO_INDISPONIVEL,VORTEK-CANON-1.0-ECON-2,2026-09-06T03:47:01.246Z
MLB4621151671,VTK006518,290f7605-f028-4c6f-aea5-faa87c42a408,9c605358-a24f-4133-8ece-c048f1372e13,1590.77,,null,286.34,ml_live,69.35,ml_live,0.08279935223578168,estimated,,,0.1,0.15,0.2,inconclusive,CUSTO_INDISPONIVEL,VORTEK-CANON-1.0-ECON-2,2026-09-06T03:47:01.248Z
MLB4620840041,VTK004010,123b71b5-8525-44cf-ba9e-a29d2a7289ec,815d13f1-defb-4e73-bdc4-2e8af1dd26da,345,,null,48.3,ml_live,24.45,ml_live,0.08279935223578168,estimated,,,0.07,0.1,0.15,inconclusive,CUSTO_INDISPONIVEL,VORTEK-CANON-1.0-ECON-2,2026-09-06T03:47:01.638Z
MLB4620840011,VTK001453,82ec7d3c-eb98-4026-a068-f4cb6c2ed5a4,13e170ec-bfba-45d9-b7b4-48cc87426fb1,733,,null,124.61,ml_live,23.25,ml_live,0.08279935223578168,estimated,,,0.07,0.1,0.15,inconclusive,CUSTO_INDISPONIVEL,VORTEK-CANON-1.0-ECON-2,2026-09-06T03:47:01.640Z
MLB4620839811,VTK000939,3ec8cc70-027b-4f3d-87d1-62dc06f4c587,f1945a93-37ec-49c4-a9fd-5c2028c67382,394.67,,null,71.04,ml_live,25.45,ml_live,0.08279935223578168,estimated,,,0.07,0.1,0.15,inconclusive,CUSTO_INDISPONIVEL,VORTEK-CANON-1.0-ECON-2,2026-09-06T03:47:01.636Z
MLB4620602535,VTK000954,74ba9f53-a823-417a-a290-2644b500501f,db885430-2bf1-4a39-a14f-8acb78a897f5,232.85,,null,41.91,ml_live,25.45,ml_live,0.08279935223578168,estimated,,,0.07,0.1,0.15,inconclusive,CUSTO_INDISPONIVEL,VORTEK-CANON-1.0-ECON-2,2026-09-06T03:47:01.677Z
MLB4620602393,VTK001289,ebddceec-c599-40b4-a279-713ca003de91,55957158-e50a-4d02-8c32-75b37aa449c2,301.79,,null,54.32,ml_live,24.45,ml_live,0.08279935223578168,estimated,,,0.07,0.1,0.15,inconclusive,CUSTO_INDISPONIVEL,VORTEK-CANON-1.0-ECON-2,2026-09-06T03:47:02.053Z
MLB4620397277,VTK000901,002ad542-14ea-494f-ba77-43920a5bf8d0,6756e73a-b2eb-498b-b96d-82f485f8a32a,229,,null,41.22,ml_live,23.25,ml_live,0.08279935223578168,estimated,,,0.07,0.1,0.15,inconclusive,CUSTO_INDISPONIVEL,VORTEK-CANON-1.0-ECON-2,2026-09-06T03:47:02.054Z
MLB6650868432,VTK000570,a47e2306-0a95-40c0-9f86-a8088a4cfa4d,75af333c-a27b-4f03-9739-22f8d6757d5a,159,,null,23.06,ml_live,24.35,ml_live,0.08279935223578168,estimated,,,0.05,0.07,0.1,inconclusive,CUSTO_INDISPONIVEL,VORTEK-CANON-1.0-ECON-2,2026-09-06T03:47:02.054Z
MLB6650868306,VTK001314,1f750b4a-e92f-4ca1-b467-4261111ae695,b3cc0a61-4b51-4b01-99bf-2a2cda0e2d8b,433,,null,77.94,ml_live,25.55,ml_live,0.08279935223578168,estimated,,,0.07,0.1,0.15,inconclusive,CUSTO_INDISPONIVEL,VORTEK-CANON-1.0-ECON-2,2026-09-06T03:47:02.055Z
MLB6649111042,VTK000934,398976c5-dd47-414c-8da3-615168512647,e121f59d-434e-46b9-b7d7-a79f8823638d,468,,null,84.24,ml_live,25.55,ml_live,0.08279935223578168,estimated,,,0.07,0.1,0.15,inconclusive,CUSTO_INDISPONIVEL,VORTEK-CANON-1.0-ECON-2,2026-09-06T03:47:02.438Z
MLB6649110780,VTK003601,01b23e3b-0598-44af-bffb-3068864c4b73,51983ad2-83a2-44ec-a796-70574af8187c,208.7,,null,30.26,ml_live,21.65,ml_live,0.08279935223578168,estimated,,,0.07,0.1,0.15,inconclusive,CUSTO_INDISPONIVEL,VORTEK-CANON-1.0-ECON-2,2026-09-06T03:47:02.431Z
MLB6649110350,VTK000719,32955b71-33fd-4b85-bffc-4fe3461703a6,fd186f17-cafa-49c2-885c-9f1d7d64390f,95.32,,null,17.16,ml_live,14.45,ml_live,0.08279935223578168,estimated,,,0.05,0.07,0.1,inconclusive,CUSTO_INDISPONIVEL,VORTEK-CANON-1.0-ECON-2,2026-09-06T03:47:02.436Z
MLB6649110310,VTK000701,0663badd-00a8-4802-b882-8dbb6c510e95,131e903f-6452-4aca-a358-13264019e0fa,474.04,,null,85.33,ml_live,32.45,ml_live,0.08279935223578168,estimated,,,0.07,0.1,0.15,inconclusive,CUSTO_INDISPONIVEL,VORTEK-CANON-1.0-ECON-2,2026-09-06T03:47:02.434Z
MLB6649110226,VTK000928,348c19fa-5e5f-406c-af0c-aa138da59e1a,56c7b640-ed1d-4f51-8929-3b38ae14e4f8,307.83,,null,50.79,ml_live,21.65,ml_live,0.08279935223578168,estimated,,,0.07,0.1,0.15,inconclusive,CUSTO_INDISPONIVEL,VORTEK-CANON-1.0-ECON-2,2026-09-06T03:47:02.824Z
MLB6649085110,VTK001400,ff917ca2-9da7-49bb-a81b-3686af93e1bd,26a696d4-3ec5-4f63-a8e3-037c79020add,672.1,,null,120.98,ml_live,45.25,ml_live,0.08279935223578168,estimated,,,0.07,0.1,0.15,inconclusive,CUSTO_INDISPONIVEL,VORTEK-CANON-1.0-ECON-2,2026-09-06T03:47:02.826Z
MLB6649085062,VTK000796,ed64e79f-7b4f-426a-88b9-e92093ddf3ec,7545421f-35ef-4cef-90a7-4336eed59c20,125,,null,20.62,ml_live,16.95,ml_live,0.08279935223578168,estimated,,,0.05,0.07,0.1,inconclusive,CUSTO_INDISPONIVEL,VORTEK-CANON-1.0-ECON-2,2026-09-06T03:47:02.826Z
MLB4623519189,VTK001142,6fb8bfe9-60d6-4fa5-9ff3-fe1eaaf8d5e2,3ca28744-95f0-4fc1-be35-b24ab4c38850,216.16,,null,31.34,ml_live,24.45,ml_live,0.08279935223578168,estimated,,,0.07,0.1,0.15,inconclusive,CUSTO_INDISPONIVEL,VORTEK-CANON-1.0-ECON-2,2026-09-06T03:47:02.833Z
MLB4622930451,VTK000825,43195ca5-ffcb-4673-a4b3-194d71db9695,4940522b-b37d-4c54-991d-6cf11723e2b8,936.11,,null,154.46,ml_live,65.85,ml_live,0.08279935223578168,estimated,,,0.07,0.1,0.15,inconclusive,CUSTO_INDISPONIVEL,VORTEK-CANON-1.0-ECON-2,2026-09-06T03:47:03.202Z
MLB4622930443,VTK000832,4e54af17-9d5a-47f3-85ed-a97dc445226a,e5b84b23-d266-496c-bea1-8e4c7327bf9a,197.42,,null,35.54,ml_live,21.75,ml_live,0.08279935223578168,estimated,,,0.05,0.07,0.1,inconclusive,CUSTO_INDISPONIVEL,VORTEK-CANON-1.0-ECON-2,2026-09-06T03:47:03.196Z
MLB4622928103,VTK001214,233424ea-761e-4232-8cef-87966637bd15,eba25a36-1652-48d6-b811-722a1919c4ef,172.82,,null,23.33,ml_live,22.25,ml_live,0.08279935223578168,estimated,,,0.05,0.07,0.1,inconclusive,CUSTO_INDISPONIVEL,VORTEK-CANON-1.0-ECON-2,2026-09-06T03:47:03.200Z
MLB4622927493,VTK001472,b5e25c01-6c82-456f-8a14-7b69bda40458,74526f57-87f9-4c95-9479-630d0af1953e,1107,,null,199.26,ml_live,69.35,ml_live,0.08279935223578168,estimated,,,0.1,0.15,0.2,inconclusive,CUSTO_INDISPONIVEL,VORTEK-CANON-1.0-ECON-2,2026-09-06T03:47:03.199Z
MLB6655262940,VTK000994,eb34c576-7937-4a0c-b582-e2334c3fa0ba,c3571a2e-48a2-4383-8e1a-632fcc03d155,318.85,,null,57.39,ml_live,25.45,ml_live,0.08279935223578168,estimated,,,0.07,0.1,0.15,inconclusive,CUSTO_INDISPONIVEL,VORTEK-CANON-1.0-ECON-2,2026-09-06T03:47:03.608Z
MLB6655262922,VTK006448,78a3565d-6f9c-400a-ae43-3cc81020907d,3f665f59-9c71-419d-99c1-cbb8d2512e5a,657.35,,null,118.32,ml_live,69.35,ml_live,0.08279935223578168,estimated,,,0.07,0.1,0.15,inconclusive,CUSTO_INDISPONIVEL,VORTEK-CANON-1.0-ECON-2,2026-09-06T03:47:03.588Z
MLB6655262886,VTK005800,fd1320b7-8881-45b6-8e49-2582f5db59a3,61fb8f16-4561-41be-a682-cb9e0e2a0bb7,125,,null,20.62,ml_live,16.95,ml_live,0.08279935223578168,estimated,,,0.05,0.07,0.1,inconclusive,CUSTO_INDISPONIVEL,VORTEK-CANON-1.0-ECON-2,2026-09-06T03:47:03.589Z
MLB6655134278,VTK006135,4d3a4ca1-5ef1-416e-b4d8-63c904b5e1e8,7952d0f8-8bb8-4f48-b793-e8e9ecf1dcf4,145.12,,null,23.94,ml_live,18.15,ml_live,0.08279935223578168,estimated,,,0.05,0.07,0.1,inconclusive,CUSTO_INDISPONIVEL,VORTEK-CANON-1.0-ECON-2,2026-09-06T03:47:03.588Z
MLB6655134272,VTK001160,92952e44-09fa-4510-9b40-6e00c5a9cf6a,36f45613-6336-49a9-9ee0-2fd3dbb26da4,818.56,,null,147.34,ml_live,49.35,ml_live,0.08279935223578168,estimated,,,0.07,0.1,0.15,inconclusive,CUSTO_INDISPONIVEL,VORTEK-CANON-1.0-ECON-2,2026-09-06T03:47:03.968Z
MLB6655134160,VTK006153,93efc2ec-b8ae-40db-b819-3fa6ae5d1738,c3af7926-1e92-43a2-94db-0813f49d8d27,281.65,,null,50.7,ml_live,24.45,ml_live,0.08279935223578168,estimated,,,0.07,0.1,0.15,inconclusive,CUSTO_INDISPONIVEL,VORTEK-CANON-1.0-ECON-2,2026-09-06T03:47:03.968Z
MLB6655134142,VTK006155,95584035-2fda-4d10-a606-afe00f672a61,22bc070a-33a5-405a-ab4b-f94d3378163b,149.6,,null,26.93,ml_live,19.45,ml_live,0.08279935223578168,estimated,,,0.05,0.07,0.1,inconclusive,CUSTO_INDISPONIVEL,VORTEK-CANON-1.0-ECON-2,2026-09-06T03:47:03.969Z
MLB6655134134,VTK006052,858ab255-4665-4579-9d78-bbf03ec4b838,7c9df0f4-40f4-45e4-90e9-4d3589dee2f1,343.71,,null,61.87,ml_live,27.05,ml_live,0.08279935223578168,estimated,,,0.07,0.1,0.15,inconclusive,CUSTO_INDISPONIVEL,VORTEK-CANON-1.0-ECON-2,2026-09-06T03:47:04.348Z
MLB6682470600,VTK000850,8b1590af-4475-4a9b-a740-2fefbfc568ad,22df059b-27ab-4536-b3da-cc5541aff782,269.92,,null,48.59,ml_live,24.45,ml_live,0.08279935223578168,estimated,,,0.07,0.1,0.15,inconclusive,CUSTO_INDISPONIVEL,VORTEK-CANON-1.0-ECON-2,2026-09-06T03:47:04.346Z
MLB6682014812,VTK000874,b8fbabf4-7749-4a84-8330-ac6bf0666778,f1116ede-29cb-429f-9882-25f7f46f1d46,251.19,,null,45.21,ml_live,25.55,ml_live,0.08279935223578168,estimated,,,0.07,0.1,0.15,inconclusive,CUSTO_INDISPONIVEL,VORTEK-CANON-1.0-ECON-2,2026-09-06T03:47:04.345Z
MLB6682013314,VTK005079,c35620a8-f728-43c3-8cc7-a861a18489f0,7be6df09-042e-4ecc-81fc-5b4ae2e80d90,422.2,,null,59.11,ml_live,32.45,ml_live,0.08279935223578168,estimated,,,0.07,0.1,0.15,inconclusive,CUSTO_INDISPONIVEL,VORTEK-CANON-1.0-ECON-2,2026-09-06T03:47:04.721Z
MLB6682013034,VTK006554,8af7167f-9849-478a-8935-f9f718a3c2f8,dc521302-347b-4bc9-b8cb-498b5d9d8142,1170.27,,null,210.65,ml_live,75.65,ml_live,0.08279935223578168,estimated,,,0.1,0.15,0.2,inconclusive,CUSTO_INDISPONIVEL,VORTEK-CANON-1.0-ECON-2,2026-09-06T03:47:04.720Z
MLB6681943434,VTK000936,3bb2917e-58b6-4176-99b7-01c923953da5,af13dded-86bf-4c2d-ad96-da222a6d2bda,281.08,,null,50.59,ml_live,24.45,ml_live,0.08279935223578168,estimated,,,0.07,0.1,0.15,inconclusive,CUSTO_INDISPONIVEL,VORTEK-CANON-1.0-ECON-2,2026-09-06T03:47:04.718Z
MLB4640511379,VTK000731,48f78b90-4aa4-4cec-abcb-e155a30e5fed,366f7fad-20c6-4ad8-8fc1-af2cff7a1915,305.9,,null,55.06,ml_live,24.45,ml_live,0.08279935223578168,estimated,,,0.07,0.1,0.15,inconclusive,CUSTO_INDISPONIVEL,VORTEK-CANON-1.0-ECON-2,2026-09-06T03:47:05.154Z
MLB4640509959,VTK006120,2b57ca28-7b6f-4afa-851c-b84fddcc041a,8c78e843-24b3-43cf-8c8a-bcc5b632f895,201,,null,36.18,ml_live,21.65,ml_live,0.08279935223578168,estimated,,,0.07,0.1,0.15,inconclusive,CUSTO_INDISPONIVEL,VORTEK-CANON-1.0-ECON-2,2026-09-06T03:47:05.156Z
MLB6565230570,VTK000888,e60ab683-2580-4f30-8b57-f97c4e0c179e,d546873b-4487-4774-9d3d-7a3d8aa7d4a6,669.35,,null,120.48,ml_live,27.05,ml_live,0.08279935223578168,estimated,,,0.07,0.1,0.15,inconclusive,CUSTO_INDISPONIVEL,VORTEK-CANON-1.0-ECON-2,2026-09-06T03:47:05.152Z
MLB6564925432,VTK000889,e6df61fa-78df-4cab-9e51-b4c8e7f7f1d5,5623e089-2037-4ffe-8a4b-54a357dc067b,303.85,,null,54.69,ml_live,27.05,ml_live,0.08279935223578168,estimated,,,0.07,0.1,0.15,inconclusive,CUSTO_INDISPONIVEL,VORTEK-CANON-1.0-ECON-2,2026-09-06T03:47:05.164Z
MLB4639428239,VTK000608,11e9da07-63ff-4221-8a80-c18349f82831,9e094025-58d4-4111-8799-48675787e7aa,424,,null,59.36,ml_live,45.25,ml_live,0.08279935223578168,estimated,,,0.07,0.1,0.15,inconclusive,CUSTO_INDISPONIVEL,VORTEK-CANON-1.0-ECON-2,2026-09-06T03:47:05.545Z
MLB6573313794,VTK000608,11e9da07-63ff-4221-8a80-c18349f82831,0a275012-665e-42ca-9156-a984f9c811d8,424,,null,59.36,ml_live,45.25,ml_live,0.08279935223578168,estimated,,,0.07,0.1,0.15,inconclusive,CUSTO_INDISPONIVEL,VORTEK-CANON-1.0-ECON-2,2026-09-06T03:47:05.540Z
MLB6573153914,VTK006190,ecad54cb-c966-485a-81fc-e7bc68a690a1,4e54abfe-ee1b-45a4-a328-7179d7df6629,151.5,,null,21.21,ml_live,21.35,ml_live,0.08279935223578168,estimated,,,0.05,0.07,0.1,inconclusive,CUSTO_INDISPONIVEL,VORTEK-CANON-1.0-ECON-2,2026-09-06T03:47:05.537Z
MLB4582586277,VTK001164,98b32c21-1aff-4225-a225-1c98cc5bf17b,ca78ae7d-82a4-4919-81f6-0a4501b44a96,315,,null,45.68,ml_live,23.25,ml_live,0.08279935223578168,estimated,,,0.07,0.1,0.15,inconclusive,CUSTO_INDISPONIVEL,VORTEK-CANON-1.0-ECON-2,2026-09-06T03:47:05.545Z
MLB6565217562,VTK000813,15f50d11-3bd5-4c5c-b1ec-6f9ad5748a29,6dc8ccab-e47b-40b5-98c4-671276a1ad47,283.02,,null,50.94,ml_live,25.55,ml_live,0.08279935223578168,estimated,,,0.07,0.1,0.15,inconclusive,CUSTO_INDISPONIVEL,VORTEK-CANON-1.0-ECON-2,2026-09-06T03:47:05.923Z
MLB6573143040,VTK000875,b9aff5d7-b45d-43e8-af0b-e5e926684829,870c63d3-cd28-4d41-ba0e-1ffa1df6ea72,444.49,,null,64.45,ml_live,21.65,ml_live,0.08279935223578168,estimated,,,0.07,0.1,0.15,inconclusive,CUSTO_INDISPONIVEL,VORTEK-CANON-1.0-ECON-2,2026-09-06T03:47:05.918Z
MLB6711764280,VTK001091,e39c9685-f7ad-4153-aca5-696b476d3750,8b2a5774-610b-418c-a045-5b3e2e3b05d4,1770,,null,318.6,ml_live,65.85,ml_live,0.08279935223578168,estimated,,,0.1,0.15,0.2,inconclusive,CUSTO_INDISPONIVEL,VORTEK-CANON-1.0-ECON-2,2026-09-06T03:47:06.146Z
MLB6809421428,VTK001378,c8641e6a-a5d8-42d5-8cde-743bd5ca3daa,a568f9cb-8ac5-4c82-a7c3-928e24394eb4,212.05,,null,30.75,ml_live,24.45,ml_live,0.08279935223578168,estimated,,,0.07,0.1,0.15,inconclusive,CUSTO_INDISPONIVEL,VORTEK-CANON-1.0-ECON-2,2026-09-06T03:47:05.926Z
MLB6895933442,VTK000946,58202d13-51f2-404a-a929-b7610b5ed842,d932b8f8-bd55-4e78-968e-f74c1194fe28,288.31,,null,51.9,ml_live,21.65,ml_live,0.08279935223578168,estimated,,,0.07,0.1,0.15,inconclusive,CUSTO_INDISPONIVEL,VORTEK-CANON-1.0-ECON-2,2026-09-06T03:47:06.512Z
MLB4585680183,VTK000826,438a7d73-1cec-48f7-817d-fa3f0fc072a8,64eb501a-84fd-417d-ac26-aab428830e6b,1074.54,,null,193.42,ml_live,75.65,ml_live,0.08279935223578168,estimated,,,0.1,0.15,0.2,inconclusive,CUSTO_INDISPONIVEL,VORTEK-CANON-1.0-ECON-2,2026-09-06T03:47:06.503Z
MLB6985027478,VTK000861,a9a6a907-d979-4a39-b21b-552eed5204ea,df4cbd4a-116b-469b-88dc-77658d9659a9,1127.35,,null,186.01,ml_live,23.25,ml_live,0.08279935223578168,estimated,,,0.1,0.15,0.2,inconclusive,CUSTO_INDISPONIVEL,VORTEK-CANON-1.0-ECON-2,2026-09-06T03:47:06.895Z
MLB6985025638,VTK001824,398aef09-6eea-47ed-b8e5-35a091af98be,eac3fee8-7625-43ea-9434-84a4738ce136,1290,,null,212.85,ml_live,27.05,ml_live,0.08279935223578168,estimated,,,0.1,0.15,0.2,inconclusive,CUSTO_INDISPONIVEL,VORTEK-CANON-1.0-ECON-2,2026-09-06T03:47:06.901Z
MLB6984706066,VTK000299,fd8d88b8-3533-4552-ba57-90b2c65c5cf6,9ca00db2-2294-4b12-a463-4e3d146acc60,799,,null,143.82,ml_live,24.45,ml_live,0.08279935223578168,estimated,,,0.07,0.1,0.15,inconclusive,CUSTO_INDISPONIVEL,VORTEK-CANON-1.0-ECON-2,2026-09-06T03:47:06.896Z
MLB4790703129,VTK001019,25b7de40-e278-46ec-80c3-05d51cba9f6d,ee62e144-8ac6-44ac-9caa-69989c2d0779,2515,,null,414.98,ml_live,50.75,ml_live,0.08279935223578168,estimated,,,0.1,0.15,0.2,inconclusive,CUSTO_INDISPONIVEL,VORTEK-CANON-1.0-ECON-2,2026-09-06T03:47:07.287Z
MLB4790689477,VTK001019,25b7de40-e278-46ec-80c3-05d51cba9f6d,53c47682-fe76-414d-b08c-118039085277,2515,,null,414.98,ml_live,50.75,ml_live,0.08279935223578168,estimated,,,0.1,0.15,0.2,inconclusive,CUSTO_INDISPONIVEL,VORTEK-CANON-1.0-ECON-2,2026-09-06T03:47:07.274Z
MLB4790674369,VTK000864,ae63f2f9-9586-4a3f-9f7b-3726186a519e,b8e7168e-2034-4dc4-9487-dcf3e434ddf0,1325.03,,null,218.63,ml_live,32.45,ml_live,0.08279935223578168,estimated,,,0.1,0.15,0.2,inconclusive,CUSTO_INDISPONIVEL,VORTEK-CANON-1.0-ECON-2,2026-09-06T03:47:07.279Z
MLB4790326003,VTK001824,398aef09-6eea-47ed-b8e5-35a091af98be,519e4410-dde6-4752-b5b5-1495b0d52b5a,1290,,null,212.85,ml_live,27.05,ml_live,0.08279935223578168,estimated,,,0.1,0.15,0.2,inconclusive,CUSTO_INDISPONIVEL,VORTEK-CANON-1.0-ECON-2,2026-09-06T03:47:07.290Z
MLB4790325469,VTK000299,fd8d88b8-3533-4552-ba57-90b2c65c5cf6,daceae06-018d-4d11-9bd5-e9809b2aab82,799,,null,143.82,ml_live,24.45,ml_live,0.08279935223578168,estimated,,,0.07,0.1,0.15,inconclusive,CUSTO_INDISPONIVEL,VORTEK-CANON-1.0-ECON-2,2026-09-06T03:47:07.686Z
MLB6655134370,VTK005304,03dc4d96-bc8a-4477-89b0-ac7372574fbe,451b08f4-23bb-4fa7-9d15-47409d1f331f,139.04,,null,18.08,ml_live,18.15,ml_live,0.08279935223578168,estimated,,,0.05,0.07,0.1,inconclusive,CUSTO_INDISPONIVEL,VORTEK-CANON-1.0-ECON-2,2026-09-06T03:47:07.682Z
MLB6573262962,VTK005304,03dc4d96-bc8a-4477-89b0-ac7372574fbe,085be819-0a73-4dbd-a36d-9e12fd1236ba,139.04,,null,18.08,ml_live,18.15,ml_live,0.08279935223578168,estimated,,,0.05,0.07,0.1,inconclusive,CUSTO_INDISPONIVEL,VORTEK-CANON-1.0-ECON-2,2026-09-06T03:47:07.685Z
MLB7009916650,VTK000137,38f48160-31a1-480d-b95d-ce700558ee8f,9ba07c4a-bd37-48b4-96bc-b5b9ea694c33,148.63,,null,26.75,ml_live,16.95,ml_live,0.08279935223578168,estimated,,,0.05,0.07,0.1,inconclusive,CUSTO_INDISPONIVEL,VORTEK-CANON-1.0-ECON-2,2026-09-06T03:47:08.069Z
MLB7009884412,VTK000315,22681cfc-c5aa-4bde-bb37-1b3adb1e47e8,bc68fd21-33b5-484d-8e72-cf7c661ca990,357,,null,57.12,ml_live,40.85,ml_live,0.08279935223578168,estimated,,,0.07,0.1,0.15,inconclusive,CUSTO_INDISPONIVEL,VORTEK-CANON-1.0-ECON-2,2026-09-06T03:47:08.073Z
MLB7009878392,VTK001079,bbdb580c-6121-4d51-a9e4-cd0da1986d52,cee3fe01-4831-4e38-acdb-95b4ad834544,1421.46,,null,255.86,ml_live,29.25,ml_live,0.08279935223578168,estimated,,,0.1,0.15,0.2,inconclusive,CUSTO_INDISPONIVEL,VORTEK-CANON-1.0-ECON-2,2026-09-06T03:47:08.068Z
MLB7009379520,VTK000441,6ecc335f-aa22-44b9-8480-5af218c8d9dd,752f70f3-829d-44eb-88bd-4a3045767205,315.58,,null,56.8,ml_live,24.45,ml_live,0.08279935223578168,estimated,,,0.07,0.1,0.15,inconclusive,CUSTO_INDISPONIVEL,VORTEK-CANON-1.0-ECON-2,2026-09-06T03:47:08.452Z
MLB7009379296,VTK000976,ab1a218f-de7e-4e70-9f6f-4665977bb0f1,14c7aedf-e7dc-4361-b33e-4cd7dc2708c5,171.35,,null,30.84,ml_live,29.25,ml_live,0.08279935223578168,estimated,,,0.05,0.07,0.1,inconclusive,CUSTO_INDISPONIVEL,VORTEK-CANON-1.0-ECON-2,2026-09-06T03:47:08.462Z
MLB7009378818,VTK000564,848f1388-e79c-445d-8a7b-80794cded25e,12332e77-203e-4844-8873-4cf9e9e13385,429.1,,null,77.24,ml_live,49.35,ml_live,0.08279935223578168,estimated,,,0.07,0.1,0.15,inconclusive,CUSTO_INDISPONIVEL,VORTEK-CANON-1.0-ECON-2,2026-09-06T03:47:08.453Z
MLB7009378420,VTK000218,40e732db-de0e-47ca-8e86-b6225e1cb54c,3989570d-5389-4f30-b98e-2550071426a8,549.25,,null,98.86,ml_live,65.85,ml_live,0.08279935223578168,estimated,,,0.07,0.1,0.15,inconclusive,CUSTO_INDISPONIVEL,VORTEK-CANON-1.0-ECON-2,2026-09-06T03:47:08.833Z
MLB7009374392,VTK004842,68392446-5efb-4158-9bd6-89906a9dc0d4,57ae3c54-b09f-4bf8-a459-92608c2a0f33,214.68,,null,34.35,ml_live,29.25,ml_live,0.08279935223578168,estimated,,,0.07,0.1,0.15,inconclusive,CUSTO_INDISPONIVEL,VORTEK-CANON-1.0-ECON-2,2026-09-06T03:47:08.832Z
MLB7009341918,VTK000681,ca61113a-994a-4af2-9f14-4351dcdbac8b,60d1e6f5-f1fc-4ca1-a99e-1a91131d258e,410.58,,null,73.9,ml_live,29.25,ml_live,0.08279935223578168,estimated,,,0.07,0.1,0.15,inconclusive,CUSTO_INDISPONIVEL,VORTEK-CANON-1.0-ECON-2,2026-09-06T03:47:08.837Z
MLB7009336838,VTK001238,53182f57-09c2-4f08-8a8a-a4b547dacebd,130cf010-6a25-4829-94e2-cc4490d1ac15,114.56,,null,18.33,ml_live,16.85,ml_live,0.08279935223578168,estimated,,,0.05,0.07,0.1,inconclusive,CUSTO_INDISPONIVEL,VORTEK-CANON-1.0-ECON-2,2026-09-06T03:47:08.834Z
MLB7009332314,VTK000225,60bb7e44-d98f-4787-9666-c1c4f3ce97c8,2fb046b0-301a-4549-9085-64c2cf33a379,112,,null,17.92,ml_live,17.15,ml_live,0.08279935223578168,estimated,,,0.05,0.07,0.1,inconclusive,CUSTO_INDISPONIVEL,VORTEK-CANON-1.0-ECON-2,2026-09-06T03:47:09.216Z
MLB7009332038,VTK000362,9a145019-baa9-4cc7-ae72-f6e68c70a93b,196a6ceb-4fc7-40f1-bc2f-4afc721745a0,200,,null,36,ml_live,24.45,ml_live,0.08279935223578168,estimated,,,0.05,0.07,0.1,inconclusive,CUSTO_INDISPONIVEL,VORTEK-CANON-1.0-ECON-2,2026-09-06T03:47:09.219Z
MLB7009330452,VTK000308,1636ef79-ef85-451e-a2ec-380d8be48165,7b55ffdc-2a17-47c7-a41a-e893982471e2,235.37,,null,37.66,ml_live,24.45,ml_live,0.08279935223578168,estimated,,,0.07,0.1,0.15,inconclusive,CUSTO_INDISPONIVEL,VORTEK-CANON-1.0-ECON-2,2026-09-06T03:47:09.209Z
MLB7009329828,VTK005167,9f7f5714-2ab9-4b1d-9fe3-1c22c2c35e9a,6ad129ae-4ed9-48a2-bb13-6aa53f03635e,239,,null,34.66,ml_live,32.45,ml_live,0.08279935223578168,estimated,,,0.07,0.1,0.15,inconclusive,CUSTO_INDISPONIVEL,VORTEK-CANON-1.0-ECON-2,2026-09-06T03:47:09.214Z
MLB7009327658,VTK000529,3b46c6f8-1d27-460a-a4c0-5e0caf3684a9,6f519a1d-8a49-4306-aff5-fe4edf98ddf6,449,,null,80.82,ml_live,25.55,ml_live,0.08279935223578168,estimated,,,0.07,0.1,0.15,inconclusive,CUSTO_INDISPONIVEL,VORTEK-CANON-1.0-ECON-2,2026-09-06T03:47:09.596Z
MLB7009327554,VTK000339,555d34f0-47e2-4c4a-a4f3-9a52a7c7af7e,7ec944ed-236f-4608-85ba-c57034806b1e,159.3,,null,23.1,ml_live,19.05,ml_live,0.08279935223578168,estimated,,,0.05,0.07,0.1,inconclusive,CUSTO_INDISPONIVEL,VORTEK-CANON-1.0-ECON-2,2026-09-06T03:47:09.835Z
MLB7009325430,VTK000273,c73c9dc5-3182-4857-b03e-897aa512d9b3,c037126a-0333-48f6-a072-357c87f6d95f,757.88,,null,136.42,ml_live,65.85,ml_live,0.08279935223578168,estimated,,,0.07,0.1,0.15,inconclusive,CUSTO_INDISPONIVEL,VORTEK-CANON-1.0-ECON-2,2026-09-06T03:47:09.598Z
MLB7009324658,VTK000468,a77c5125-d051-4376-9cf7-84dd913a8800,998dcac7-dac6-46ed-ad45-42522576ea7d,1197.21,,null,215.5,ml_live,75.65,ml_live,0.08279935223578168,estimated,,,0.1,0.15,0.2,inconclusive,CUSTO_INDISPONIVEL,VORTEK-CANON-1.0-ECON-2,2026-09-06T03:47:09.594Z
MLB7009324124,VTK000408,0be32ad3-fe07-4cdf-90ce-0db250477763,9514cfef-a0d8-4b12-b40b-2f6966165cbe,143.1,,null,25.76,ml_live,19.05,ml_live,0.08279935223578168,estimated,,,0.05,0.07,0.1,inconclusive,CUSTO_INDISPONIVEL,VORTEK-CANON-1.0-ECON-2,2026-09-06T03:47:10.233Z
MLB7009319526,VTK003918,38d6d0f3-209f-4660-a1ac-46844635cd8c,723a015a-bbe2-407c-9fd7-85ade8ccf224,175.98,,null,28.16,ml_live,24.35,ml_live,0.08279935223578168,estimated,,,0.05,0.07,0.1,inconclusive,CUSTO_INDISPONIVEL,VORTEK-CANON-1.0-ECON-2,2026-09-06T03:47:10.221Z
MLB7009315872,VTK000312,1aff7848-f459-4f68-9f42-d29ad03d48bb,ce4e5291-325a-45ec-a91d-a0dfbbea9ca2,614.52,,null,110.61,ml_live,69.35,ml_live,0.08279935223578168,estimated,,,0.07,0.1,0.15,inconclusive,CUSTO_INDISPONIVEL,VORTEK-CANON-1.0-ECON-2,2026-09-06T03:47:10.208Z
MLB7009314962,VTK000817,2e7984fd-0c28-4cc8-8733-74a91e9f8cdd,06bd0f9d-63bf-49c6-b57f-a5b3e4c099bb,750.88,,null,135.16,ml_live,65.85,ml_live,0.08279935223578168,estimated,,,0.07,0.1,0.15,inconclusive,CUSTO_INDISPONIVEL,VORTEK-CANON-1.0-ECON-2,2026-09-06T03:47:10.619Z
MLB7009314016,VTK000321,31be5671-8ddb-4ac7-ba46-52117ccf15ce,5f2bc114-38be-4f80-a6e5-24f6f7ffb571,853.48,,null,153.63,ml_live,70.95,ml_live,0.08279935223578168,estimated,,,0.07,0.1,0.15,inconclusive,CUSTO_INDISPONIVEL,VORTEK-CANON-1.0-ECON-2,2026-09-06T03:47:10.618Z
MLB7009307174,VTK004689,da4f1116-77b5-44db-a4c4-cc1e97bc8d7c,efc17edb-9bb4-43cb-9fc2-05b5ba2a1549,242.83,,null,43.71,ml_live,25.55,ml_live,0.08279935223578168,estimated,,,0.07,0.1,0.15,inconclusive,CUSTO_INDISPONIVEL,VORTEK-CANON-1.0-ECON-2,2026-09-06T03:47:10.618Z
MLB7009306352,VTK000355,7abb525a-e9cd-48c8-9b3d-10cf9d0ec423,dc9e717b-d010-43bf-9b2d-a703075184a4,254.19,,null,45.75,ml_live,25.45,ml_live,0.08279935223578168,estimated,,,0.07,0.1,0.15,inconclusive,CUSTO_INDISPONIVEL,VORTEK-CANON-1.0-ECON-2,2026-09-06T03:47:10.619Z
MLB7009306090,VTK004045,6ed620bc-d51e-48ab-a9c7-afcdb3510e6f,11071858-1932-4ef0-a0d6-edafde49f041,283,,null,50.94,ml_live,24.45,ml_live,0.08279935223578168,estimated,,,0.07,0.1,0.15,inconclusive,CUSTO_INDISPONIVEL,VORTEK-CANON-1.0-ECON-2,2026-09-06T03:47:11.110Z
MLB7009304510,VTK000147,5b9e488c-7961-4092-b0b6-3f19cb759488,612b6659-f68b-4f4e-bfd7-f2899b5a5a0f,532.05,,null,77.15,ml_live,29.25,ml_live,0.08279935223578168,estimated,,,0.07,0.1,0.15,inconclusive,CUSTO_INDISPONIVEL,VORTEK-CANON-1.0-ECON-2,2026-09-06T03:47:11.093Z
MLB7009303688,VTK000274,cc6ac4e6-299b-4784-89f4-410ce04976ec,4543f3e6-292b-43a4-b2db-f1bed4c0ff06,805.07,,null,132.84,ml_live,29.25,ml_live,0.08279935223578168,estimated,,,0.07,0.1,0.15,inconclusive,CUSTO_INDISPONIVEL,VORTEK-CANON-1.0-ECON-2,2026-09-06T03:47:11.077Z
MLB7009188896,VTK000675,c1fa68c4-2df3-4027-a814-c3750c16402c,3751abb4-4ced-4490-abc9-a7d104b73a1d,654,,null,117.72,ml_live,29.25,ml_live,0.08279935223578168,estimated,,,0.07,0.1,0.15,inconclusive,CUSTO_INDISPONIVEL,VORTEK-CANON-1.0-ECON-2,2026-09-06T03:47:11.111Z
MLB7009187518,VTK000846,86c16f86-4748-4330-9dcf-be3e04cd7e3c,6d42e079-8b0b-4130-a18f-31b33158122e,210.53,,null,28.42,ml_live,23.25,ml_live,0.08279935223578168,estimated,,,0.07,0.1,0.15,inconclusive,CUSTO_INDISPONIVEL,VORTEK-CANON-1.0-ECON-2,2026-09-06T03:47:11.490Z
MLB7009176064,VTK000455,8e2ee605-432a-42ab-92b3-3405916d2860,45d6bc59-7e79-4299-8972-0790dd52f0a2,462,,null,73.92,ml_live,24.45,ml_live,0.08279935223578168,estimated,,,0.07,0.1,0.15,inconclusive,CUSTO_INDISPONIVEL,VORTEK-CANON-1.0-ECON-2,2026-09-06T03:47:11.489Z
MLB7009164160,VTK000413,171a1eb5-8840-4cce-9b7c-41a7b208ee95,be6f6e9e-0712-4c88-bd29-27ca9da2ab93,529,,null,95.22,ml_live,24.45,ml_live,0.08279935223578168,estimated,,,0.07,0.1,0.15,inconclusive,CUSTO_INDISPONIVEL,VORTEK-CANON-1.0-ECON-2,2026-09-06T03:47:11.492Z
MLB7009162372,VTK000517,17c35977-50bf-454a-92b0-ee0a7fe09bcb,2d46a30d-5144-484a-935b-f7335a29dd6c,143.96,,null,25.91,ml_live,19.05,ml_live,0.08279935223578168,estimated,,,0.05,0.07,0.1,inconclusive,CUSTO_INDISPONIVEL,VORTEK-CANON-1.0-ECON-2,2026-09-06T03:47:11.883Z
MLB4801398843,VTK000358,833dae03-681a-4156-bdbd-927dd96f1153,803cdfb1-fcf1-4403-958d-5d4e4e231d24,1739.06,,null,295.64,ml_live,107.85,ml_live,0.08279935223578168,estimated,,,0.1,0.15,0.2,inconclusive,CUSTO_INDISPONIVEL,VORTEK-CANON-1.0-ECON-2,2026-09-06T03:47:11.878Z
MLB4801397973,VTK000257,ad43c7a8-1b43-43cc-884d-04cbe64042cc,f7f7024a-9275-4d72-908d-659be4ae9417,549.19,,null,98.85,ml_live,65.85,ml_live,0.08279935223578168,estimated,,,0.07,0.1,0.15,inconclusive,CUSTO_INDISPONIVEL,VORTEK-CANON-1.0-ECON-2,2026-09-06T03:47:11.876Z
MLB4801397955,VTK000116,19b7504d-1ccc-41c8-ba6e-c2353f81f133,ef74bd80-a837-4202-877f-f7a53d31e53f,1790,,null,295.35,ml_live,29.25,ml_live,0.08279935223578168,estimated,,,0.1,0.15,0.2,inconclusive,CUSTO_INDISPONIVEL,VORTEK-CANON-1.0-ECON-2,2026-09-06T03:47:11.872Z
MLB4801377023,VTK000180,c465ffd5-25ef-4c3d-afd0-b16a5e074bd6,29cd5308-6a14-4c7f-9c7b-d2b0d6ddd887,807.98,,null,133.32,ml_live,40.85,ml_live,0.08279935223578168,estimated,,,0.07,0.1,0.15,inconclusive,CUSTO_INDISPONIVEL,VORTEK-CANON-1.0-ECON-2,2026-09-06T03:47:12.274Z
MLB4801376963,VTK000305,0cd83f74-5158-4a38-a721-1aeaf6dd8cad,dd001742-63ff-4d31-ac92-9538fcd07864,745.77,,null,134.24,ml_live,70.95,ml_live,0.08279935223578168,estimated,,,0.07,0.1,0.15,inconclusive,CUSTO_INDISPONIVEL,VORTEK-CANON-1.0-ECON-2,2026-09-06T03:47:12.263Z
MLB4801371229,VTK002651,77d0cc39-338e-4661-8a50-3f031d19c170,828e15da-86f8-402c-900f-3d8ce7acdfb9,205.6,,null,37.01,ml_live,,unknown,0.08279935223578168,estimated,,,0.07,0.1,0.15,inconclusive,INCONCLUSIVO_FONTE_ML_INDISPONIVEL;CUSTO_INDISPONIVEL;FRETE_INDISPONIVEL,VORTEK-CANON-1.0-ECON-2,2026-09-06T03:47:12.265Z
MLB4801365325,VTK000342,5bc6ba33-dee4-4a91-96e9-111910b409d2,20c61bf4-1ef5-43fa-bfa6-56ab1011bc8c,1739.06,,null,295.64,ml_live,107.85,ml_live,0.08279935223578168,estimated,,,0.1,0.15,0.2,inconclusive,CUSTO_INDISPONIVEL,VORTEK-CANON-1.0-ECON-2,2026-09-06T03:47:12.267Z
MLB4801365299,VTK000239,872fe604-9916-4667-a67e-fe9b6b1ab546,2c1e60dd-817f-488d-b2a7-0527819a3167,1369,,null,232.73,ml_live,107.95,ml_live,0.08279935223578168,estimated,,,0.1,0.15,0.2,inconclusive,CUSTO_INDISPONIVEL,VORTEK-CANON-1.0-ECON-2,2026-09-06T03:47:12.648Z
MLB4801364523,VTK000490,ef1e896f-2385-44fa-af54-bda371178d15,f8a734a5-3a7d-4a24-8bdf-f7a64d3d266c,377,,null,67.86,ml_live,49.35,ml_live,0.08279935223578168,estimated,,,0.07,0.1,0.15,inconclusive,CUSTO_INDISPONIVEL,VORTEK-CANON-1.0-ECON-2,2026-09-06T03:47:12.656Z
MLB4801364399,VTK000158,933b50e2-c61c-4ad5-a3d6-15958f99333f,775cffbc-8f3f-45c3-a8f5-52692c3d166c,398.75,240.9,"[{""productId"": ""933b50e2-c61c-4ad5-a3d6-15958f99333f"", ""offerId"": ""a84ab39e-5cee-4a24-99ee-44b7855142af"", ""supplierId"": ""133"", ""unitCost"": 240.9, ""quantity"": 1, ""observedAt"": ""2026-09-06T00:47:26.754+00:00""}]",71.78,ml_live,,unknown,0.08279935223578168,estimated,,,0.07,0.1,0.15,inconclusive,INCONCLUSIVO_FONTE_ML_INDISPONIVEL;FRETE_INDISPONIVEL,VORTEK-CANON-1.0-ECON-2,2026-09-06T03:47:12.646Z
MLB4801357893,VTK000088,ed549134-81a7-4816-8f56-f4fc2a4c2538,b702945b-b30b-4ffc-94cf-d8c9acd05b36,151.82,66.9,"[{""productId"": ""ed549134-81a7-4816-8f56-f4fc2a4c2538"", ""offerId"": ""d347daf8-9f19-4700-9a01-9b0f2cb90d38"", ""supplierId"": ""133"", ""unitCost"": 66.9, ""quantity"": 1, ""observedAt"": ""2026-09-06T00:33:26.553+00:00""}]",27.33,ml_live,,unknown,0.08279935223578168,estimated,,,0.05,0.07,0.1,inconclusive,INCONCLUSIVO_FONTE_ML_INDISPONIVEL;FRETE_INDISPONIVEL,VORTEK-CANON-1.0-ECON-2,2026-09-06T03:47:13.041Z
MLB4801302741,VTK000319,2be865d2-4bda-408d-b4b2-cb0481cdcf2f,fdfb3e7d-19c9-4896-80c2-74de117a27d6,1652,,null,280.84,ml_live,107.95,ml_live,0.08279935223578168,estimated,,,0.1,0.15,0.2,inconclusive,CUSTO_INDISPONIVEL,VORTEK-CANON-1.0-ECON-2,2026-09-06T03:47:13.033Z
MLB4801302687,VTK000882,c79fd20a-30ff-4292-b78b-25c6f53fa2fc,7309502b-3569-4a39-8fff-63c5d150988a,1442.68,,null,245.26,ml_live,111.65,ml_live,0.08279935223578168,estimated,,,0.1,0.15,0.2,inconclusive,CUSTO_INDISPONIVEL,VORTEK-CANON-1.0-ECON-2,2026-09-06T03:47:13.033Z
MLB4801302619,VTK000271,c4fb2130-9531-4be0-9bf7-9f8b22da69ac,9d43692a-5463-4a42-bc87-e75cacc813d5,1798.34,,null,305.72,ml_live,107.95,ml_live,0.08279935223578168,estimated,,,0.1,0.15,0.2,inconclusive,CUSTO_INDISPONIVEL,VORTEK-CANON-1.0-ECON-2,2026-09-06T03:47:13.029Z
MLB4801301621,VTK002651,77d0cc39-338e-4661-8a50-3f031d19c170,f7e0d451-7cd9-4ab7-beb2-f45a15a6e458,205.6,,null,37.01,ml_live,,unknown,0.08279935223578168,estimated,,,0.07,0.1,0.15,inconclusive,INCONCLUSIVO_FONTE_ML_INDISPONIVEL;CUSTO_INDISPONIVEL;FRETE_INDISPONIVEL,VORTEK-CANON-1.0-ECON-2,2026-09-06T03:47:13.410Z
MLB4801301565,VTK000137,38f48160-31a1-480d-b95d-ce700558ee8f,748819a8-eb9d-4b62-9a79-43a46ced4cac,148.63,,null,26.75,ml_live,16.95,ml_live,0.08279935223578168,estimated,,,0.05,0.07,0.1,inconclusive,CUSTO_INDISPONIVEL,VORTEK-CANON-1.0-ECON-2,2026-09-06T03:47:13.404Z
MLB4801296503,VTK002771,b921dbbf-ad5e-4a48-86c0-d4270d8c6ed9,75486d43-570a-4c67-9d26-75658a3d47c0,596.33,,null,107.34,ml_live,25.45,ml_live,0.08279935223578168,estimated,,,0.07,0.1,0.15,inconclusive,CUSTO_INDISPONIVEL,VORTEK-CANON-1.0-ECON-2,2026-09-06T03:47:13.405Z
MLB4801295809,VTK002439,6947aad3-e515-4629-9bc4-fc593f3d2cdd,1e3ccb29-0328-4b31-a6e6-058e5eaaf42d,1239.63,,null,204.54,ml_live,70.95,ml_live,0.08279935223578168,estimated,,,0.1,0.15,0.2,inconclusive,CUSTO_INDISPONIVEL,VORTEK-CANON-1.0-ECON-2,2026-09-06T03:47:13.410Z
MLB4801294771,VTK000270,c4be19b6-0258-454f-924d-be42220cde79,864cfa84-69c0-4290-9a42-4a8522164272,177.27,86.5,"[{""productId"": ""c4be19b6-0258-454f-924d-be42220cde79"", ""offerId"": ""f1065424-2e2c-4cd8-9f25-30d360f38986"", ""supplierId"": ""133"", ""unitCost"": 86.5, ""quantity"": 1, ""observedAt"": ""2026-09-06T00:57:24.738+00:00""}]",31.91,ml_live,,unknown,0.08279935223578168,estimated,,,0.05,0.07,0.1,inconclusive,INCONCLUSIVO_FONTE_ML_INDISPONIVEL;FRETE_INDISPONIVEL,VORTEK-CANON-1.0-ECON-2,2026-09-06T03:47:13.802Z
MLB4801294145,VTK000158,933b50e2-c61c-4ad5-a3d6-15958f99333f,81af3f7f-1916-4373-84b7-02f35012d548,398.75,240.9,"[{""productId"": ""933b50e2-c61c-4ad5-a3d6-15958f99333f"", ""offerId"": ""a84ab39e-5cee-4a24-99ee-44b7855142af"", ""supplierId"": ""133"", ""unitCost"": 240.9, ""quantity"": 1, ""observedAt"": ""2026-09-06T00:47:26.754+00:00""}]",71.78,ml_live,,unknown,0.08279935223578168,estimated,,,0.07,0.1,0.15,inconclusive,INCONCLUSIVO_FONTE_ML_INDISPONIVEL;FRETE_INDISPONIVEL,VORTEK-CANON-1.0-ECON-2,2026-09-06T03:47:13.792Z
MLB4801159459,VTK000501,00590286-23fd-45c7-b37d-8db089a26b79,b5ae19c4-cfce-4844-8358-e3d5f82225d2,3181.31,,null,524.92,ml_live,25.55,ml_live,0.08279935223578168,estimated,,,0.1,0.15,0.2,inconclusive,CUSTO_INDISPONIVEL,VORTEK-CANON-1.0-ECON-2,2026-09-06T03:47:13.798Z
MLB4801157027,VTK000480,d8533460-69f8-4e93-8bc5-f9c012a62a75,b6c2c684-092d-4457-a396-55a1b8399546,173.79,,null,31.28,ml_live,29.25,ml_live,0.08279935223578168,estimated,,,0.05,0.07,0.1,inconclusive,CUSTO_INDISPONIVEL,VORTEK-CANON-1.0-ECON-2,2026-09-06T03:47:13.805Z
MLB4801154265,VTK000332,466d4eb3-23a2-42b8-b7c2-6634581349d3,8efdcf34-0067-44ac-885e-d6e12bdef6d1,549.25,,null,98.86,ml_live,69.35,ml_live,0.08279935223578168,estimated,,,0.07,0.1,0.15,inconclusive,CUSTO_INDISPONIVEL,VORTEK-CANON-1.0-ECON-2,2026-09-06T03:47:14.192Z
MLB4801153741,VTK000351,7889c0e4-5d12-485b-b5b9-94f6b30b7103,6cc47598-accd-4905-baf8-eefe0f6690a8,491,,null,88.38,ml_live,70.95,ml_live,0.08279935223578168,estimated,,,0.07,0.1,0.15,inconclusive,CUSTO_INDISPONIVEL,VORTEK-CANON-1.0-ECON-2,2026-09-06T03:47:14.196Z
MLB4801153401,VTK000305,0cd83f74-5158-4a38-a721-1aeaf6dd8cad,86ff8d7b-cca7-4884-b597-5954d9cf9b4c,745.77,,null,134.24,ml_live,70.95,ml_live,0.08279935223578168,estimated,,,0.07,0.1,0.15,inconclusive,CUSTO_INDISPONIVEL,VORTEK-CANON-1.0-ECON-2,2026-09-06T03:47:14.197Z
MLB4801152793,VTK000104,05a85adf-5012-4c7f-bbbf-546d6c61f032,8968e95f-2f3b-45f2-bfe9-f9992a920105,767.16,,null,126.58,ml_live,49.35,ml_live,0.08279935223578168,estimated,,,0.07,0.1,0.15,inconclusive,CUSTO_INDISPONIVEL,VORTEK-CANON-1.0-ECON-2,2026-09-06T03:47:14.193Z
MLB4801152351,VTK000142,4b1e9692-ca39-4039-884e-b4c19faf4bf4,dd808136-a506-4d49-bd2c-f958cf8d65a2,1671.31,,null,275.77,ml_live,25.45,ml_live,0.08279935223578168,estimated,,,0.1,0.15,0.2,inconclusive,CUSTO_INDISPONIVEL,VORTEK-CANON-1.0-ECON-2,2026-09-06T03:47:14.591Z
MLB4801152307,VTK000391,ee05c458-05f3-4d5c-b1b9-8f69a3ffd92d,292263a8-1386-4bb6-aee3-ecf81fafa6d2,363.21,,null,65.38,ml_live,25.45,ml_live,0.08279935223578168,estimated,,,0.07,0.1,0.15,inconclusive,CUSTO_INDISPONIVEL,VORTEK-CANON-1.0-ECON-2,2026-09-06T03:47:14.587Z
MLB4801152261,VTK000640,5d345934-581f-4bf6-b39d-298804bdbfe9,dff999aa-8573-4d98-a303-c206b9174c6f,335.71,,null,60.43,ml_live,27.05,ml_live,0.08279935223578168,estimated,,,0.07,0.1,0.15,inconclusive,CUSTO_INDISPONIVEL,VORTEK-CANON-1.0-ECON-2,2026-09-06T03:47:14.588Z
MLB4801152223,VTK000147,5b9e488c-7961-4092-b0b6-3f19cb759488,45c75964-47a8-4356-821e-580739e7eae3,532.05,,null,77.15,ml_live,29.25,ml_live,0.08279935223578168,estimated,,,0.07,0.1,0.15,inconclusive,CUSTO_INDISPONIVEL,VORTEK-CANON-1.0-ECON-2,2026-09-06T03:47:14.591Z
MLB4801152207,VTK000355,7abb525a-e9cd-48c8-9b3d-10cf9d0ec423,43103a4f-7978-4bb8-96db-a0cbec5d5a17,254.19,,null,45.75,ml_live,25.45,ml_live,0.08279935223578168,estimated,,,0.07,0.1,0.15,inconclusive,CUSTO_INDISPONIVEL,VORTEK-CANON-1.0-ECON-2,2026-09-06T03:47:14.991Z
MLB4801151947,VTK000698,f98d6e92-43dd-498b-8483-5a18c1e0e962,9e241794-178e-4792-9c28-67fa0db7f386,2914.64,,null,480.92,ml_live,21.65,ml_live,0.08279935223578168,estimated,,,0.1,0.15,0.2,inconclusive,CUSTO_INDISPONIVEL,VORTEK-CANON-1.0-ECON-2,2026-09-06T03:47:14.991Z
MLB4801151769,VTK000273,c73c9dc5-3182-4857-b03e-897aa512d9b3,f6964c75-4466-4d85-b515-b366d976801a,757.88,,null,136.42,ml_live,65.85,ml_live,0.08279935223578168,estimated,,,0.07,0.1,0.15,inconclusive,CUSTO_INDISPONIVEL,VORTEK-CANON-1.0-ECON-2,2026-09-06T03:47:14.987Z
MLB4801151759,VTK000529,3b46c6f8-1d27-460a-a4c0-5e0caf3684a9,4e36e4e3-4750-40b7-b658-6b48505f92e8,449,,null,80.82,ml_live,25.55,ml_live,0.08279935223578168,estimated,,,0.07,0.1,0.15,inconclusive,CUSTO_INDISPONIVEL,VORTEK-CANON-1.0-ECON-2,2026-09-06T03:47:14.983Z
MLB4801151565,VTK000151,7ccc9c88-95cd-44fa-bbc0-b3fe1ecfa366,d566bcd7-39bb-497e-a0d4-50aba23c0b20,3803.02,,null,608.48,ml_live,49.35,ml_live,0.08279935223578168,estimated,,,0.1,0.15,0.2,inconclusive,CUSTO_INDISPONIVEL,VORTEK-CANON-1.0-ECON-2,2026-09-06T03:47:15.372Z
MLB4801147019,VTK000297,f999a7a4-3f73-493d-927a-3d175dc69115,8767faff-55e1-4d8c-ba6a-13f07d8829f8,239.63,,null,43.13,ml_live,40.85,ml_live,0.08279935223578168,estimated,,,0.07,0.1,0.15,inconclusive,CUSTO_INDISPONIVEL,VORTEK-CANON-1.0-ECON-2,2026-09-06T03:47:15.369Z
MLB4801144997,VTK000180,c465ffd5-25ef-4c3d-afd0-b16a5e074bd6,2c3d4360-0999-4d10-b13c-69a2bfff6d2d,807.98,,null,133.32,ml_live,40.85,ml_live,0.08279935223578168,estimated,,,0.07,0.1,0.15,inconclusive,CUSTO_INDISPONIVEL,VORTEK-CANON-1.0-ECON-2,2026-09-06T03:47:15.752Z
MLB4801144699,VTK000236,8319de75-476a-48b0-8b42-ef42cc61019a,664aeca0-dec4-498b-999f-56a5a7f6f5c3,733,,null,120.94,ml_live,27.05,ml_live,0.08279935223578168,estimated,,,0.07,0.1,0.15,inconclusive,CUSTO_INDISPONIVEL,VORTEK-CANON-1.0-ECON-2,2026-09-06T03:47:15.752Z
MLB4801144675,VTK001305,045b1e93-0b81-4a7f-b38d-c172a623752b,755df0c2-a598-467d-a6f2-539d799dd4d0,295.66,,null,42.87,ml_live,23.25,ml_live,0.08279935223578168,estimated,,,0.07,0.1,0.15,inconclusive,CUSTO_INDISPONIVEL,VORTEK-CANON-1.0-ECON-2,2026-09-06T03:47:15.753Z
MLB4801144623,VTK001213,2281fdc1-d590-42a8-8cc9-aa1fa82cc9f8,50cb4018-711c-4f81-85c3-2f600ab50e42,1265,,null,208.72,ml_live,70.95,ml_live,0.08279935223578168,estimated,,,0.1,0.15,0.2,inconclusive,CUSTO_INDISPONIVEL,VORTEK-CANON-1.0-ECON-2,2026-09-06T03:47:15.751Z
MLB4801144141,VTK000116,19b7504d-1ccc-41c8-ba6e-c2353f81f133,fa48fa4f-01b3-4845-9663-caf353075fb9,1790,,null,295.35,ml_live,29.25,ml_live,0.08279935223578168,estimated,,,0.1,0.15,0.2,inconclusive,CUSTO_INDISPONIVEL,VORTEK-CANON-1.0-ECON-2,2026-09-06T03:47:16.148Z
MLB4801143705,VTK005193,ed67baf7-9b9e-44d1-b115-b59af8eaf499,08894fa9-2256-4bb6-a4d7-213d1943b575,3090.45,,null,509.92,ml_live,79.35,ml_live,0.08279935223578168,estimated,,,0.1,0.15,0.2,inconclusive,CUSTO_INDISPONIVEL,VORTEK-CANON-1.0-ECON-2,2026-09-06T03:47:16.147Z
MLB4801143699,VTK005167,9f7f5714-2ab9-4b1d-9fe3-1c22c2c35e9a,bc030586-3058-45ee-a662-d088919a4962,239,,null,34.66,ml_live,32.45,ml_live,0.08279935223578168,estimated,,,0.07,0.1,0.15,inconclusive,CUSTO_INDISPONIVEL,VORTEK-CANON-1.0-ECON-2,2026-09-06T03:47:16.149Z
MLB4801137355,VTK000666,992cb12f-48d3-486c-9b62-0c72c4fdab12,2085c3a2-c28c-44b5-9ab3-4209eb02aae0,182.79,,null,32.9,ml_live,24.35,ml_live,0.08279935223578168,estimated,,,0.05,0.07,0.1,inconclusive,CUSTO_INDISPONIVEL,VORTEK-CANON-1.0-ECON-2,2026-09-06T03:47:16.151Z
MLB4801136701,VTK000640,5d345934-581f-4bf6-b39d-298804bdbfe9,e26d4406-ceb1-435f-aef0-71217d0f1c03,335.71,,null,60.43,ml_live,27.05,ml_live,0.08279935223578168,estimated,,,0.07,0.1,0.15,inconclusive,CUSTO_INDISPONIVEL,VORTEK-CANON-1.0-ECON-2,2026-09-06T03:47:16.527Z
MLB4801133641,VTK000257,ad43c7a8-1b43-43cc-884d-04cbe64042cc,a725c5fd-6cf0-41b6-88c7-9cdc9077dd9e,549.19,,null,98.85,ml_live,65.85,ml_live,0.08279935223578168,estimated,,,0.07,0.1,0.15,inconclusive,CUSTO_INDISPONIVEL,VORTEK-CANON-1.0-ECON-2,2026-09-06T03:47:16.527Z
MLB4801132129,VTK000093,f65e7020-221f-4471-9298-6f2c66d0d9b6,a83335b8-405f-4ffc-b364-073ec96bf650,797.1,,null,131.52,ml_live,65.85,ml_live,0.08279935223578168,estimated,,,0.07,0.1,0.15,inconclusive,CUSTO_INDISPONIVEL,VORTEK-CANON-1.0-ECON-2,2026-09-06T03:47:16.539Z
MLB4801131773,VTK000210,1e0c9773-1147-4cf4-a1cb-afea0f71b6e6,0b4476d4-9791-4508-a64c-9ac54108aafb,729.74,,null,120.41,ml_live,29.25,ml_live,0.08279935223578168,estimated,,,0.07,0.1,0.15,inconclusive,CUSTO_INDISPONIVEL,VORTEK-CANON-1.0-ECON-2,2026-09-06T03:47:16.533Z
MLB4801131629,VTK000476,c49d0f81-f385-4646-8886-ea2298926451,56800b8e-0846-4860-acab-d7398499e311,347,,null,62.46,ml_live,49.35,ml_live,0.08279935223578168,estimated,,,0.07,0.1,0.15,inconclusive,CUSTO_INDISPONIVEL,VORTEK-CANON-1.0-ECON-2,2026-09-06T03:47:16.921Z
MLB4801131087,VTK000312,1aff7848-f459-4f68-9f42-d29ad03d48bb,aa72c57c-ac1b-457d-bf78-b8c62ec1c4f0,614.52,,null,110.61,ml_live,69.35,ml_live,0.08279935223578168,estimated,,,0.07,0.1,0.15,inconclusive,CUSTO_INDISPONIVEL,VORTEK-CANON-1.0-ECON-2,2026-09-06T03:47:16.920Z
MLB4801130363,VTK000681,ca61113a-994a-4af2-9f14-4351dcdbac8b,c0ddd131-c276-4792-b3e8-a8038f26129c,410.58,,null,73.9,ml_live,29.25,ml_live,0.08279935223578168,estimated,,,0.07,0.1,0.15,inconclusive,CUSTO_INDISPONIVEL,VORTEK-CANON-1.0-ECON-2,2026-09-06T03:47:16.921Z
MLB4801130229,VTK000218,40e732db-de0e-47ca-8e86-b6225e1cb54c,5da5aa8d-fb39-47e3-8ed6-ec4cb1fc0019,549.25,,null,98.86,ml_live,65.85,ml_live,0.08279935223578168,estimated,,,0.07,0.1,0.15,inconclusive,CUSTO_INDISPONIVEL,VORTEK-CANON-1.0-ECON-2,2026-09-06T03:47:16.920Z
MLB4801126165,VTK000391,ee05c458-05f3-4d5c-b1b9-8f69a3ffd92d,9ef7c711-4b9f-47cc-aafb-7d5b1b783197,363.21,,null,65.38,ml_live,25.45,ml_live,0.08279935223578168,estimated,,,0.07,0.1,0.15,inconclusive,CUSTO_INDISPONIVEL,VORTEK-CANON-1.0-ECON-2,2026-09-06T03:47:17.310Z
MLB4801125683,VTK000331,45fa69a0-9c57-4e8e-bf4a-1068ef730e9e,013b0f63-19f0-4da9-b721-956d8714e36d,418.15,,null,75.27,ml_live,25.45,ml_live,0.08279935223578168,estimated,,,0.07,0.1,0.15,inconclusive,CUSTO_INDISPONIVEL,VORTEK-CANON-1.0-ECON-2,2026-09-06T03:47:17.299Z
MLB4801125421,VTK000587,d9c21106-f29d-4626-a14d-c29bf567154d,7a3280f6-0e47-46d4-94ca-0e1b755ab5c4,410,,null,73.8,ml_live,49.35,ml_live,0.08279935223578168,estimated,,,0.07,0.1,0.15,inconclusive,CUSTO_INDISPONIVEL,VORTEK-CANON-1.0-ECON-2,2026-09-06T03:47:17.302Z
MLB4801123231,VTK000490,ef1e896f-2385-44fa-af54-bda371178d15,095611fc-86bb-4715-98fd-816391dbbf1a,377,,null,67.86,ml_live,49.35,ml_live,0.08279935223578168,estimated,,,0.07,0.1,0.15,inconclusive,CUSTO_INDISPONIVEL,VORTEK-CANON-1.0-ECON-2,2026-09-06T03:47:17.297Z
MLB4801122291,VTK000102,00a09bab-8391-4eb2-8c21-823941b633bd,90f53269-73ab-4872-a095-7d0160a1fa59,472.1,,null,84.98,ml_live,25.55,ml_live,0.08279935223578168,estimated,,,0.07,0.1,0.15,inconclusive,CUSTO_INDISPONIVEL,VORTEK-CANON-1.0-ECON-2,2026-09-06T03:47:17.728Z
MLB4801120923,VTK000587,d9c21106-f29d-4626-a14d-c29bf567154d,1180ab78-3496-4456-98a7-df45d380514a,410,,null,73.8,ml_live,49.35,ml_live,0.08279935223578168,estimated,,,0.07,0.1,0.15,inconclusive,CUSTO_INDISPONIVEL,VORTEK-CANON-1.0-ECON-2,2026-09-06T03:47:17.730Z
MLB4801120853,VTK000331,45fa69a0-9c57-4e8e-bf4a-1068ef730e9e,d30e17b5-ff66-4a72-9687-a59d563d9b1d,418.15,,null,75.27,ml_live,25.45,ml_live,0.08279935223578168,estimated,,,0.07,0.1,0.15,inconclusive,CUSTO_INDISPONIVEL,VORTEK-CANON-1.0-ECON-2,2026-09-06T03:47:17.727Z
MLB4801119455,VTK000564,848f1388-e79c-445d-8a7b-80794cded25e,08dd2ace-d8be-4261-9c85-9d41ab7739fc,429.1,,null,77.24,ml_live,49.35,ml_live,0.08279935223578168,estimated,,,0.07,0.1,0.15,inconclusive,CUSTO_INDISPONIVEL,VORTEK-CANON-1.0-ECON-2,2026-09-06T03:47:17.719Z
MLB4801115067,VTK000476,c49d0f81-f385-4646-8886-ea2298926451,e57ebc87-5d36-4fdb-8f72-9c5376c51fcc,347,,null,62.46,ml_live,49.35,ml_live,0.08279935223578168,estimated,,,0.07,0.1,0.15,inconclusive,CUSTO_INDISPONIVEL,VORTEK-CANON-1.0-ECON-2,2026-09-06T03:47:18.098Z
MLB4801080387,VTK001305,045b1e93-0b81-4a7f-b38d-c172a623752b,ec15cbfb-6e3d-444e-9446-5aa960d96a80,295.66,,null,42.87,ml_live,23.25,ml_live,0.08279935223578168,estimated,,,0.07,0.1,0.15,inconclusive,CUSTO_INDISPONIVEL,VORTEK-CANON-1.0-ECON-2,2026-09-06T03:47:18.092Z
MLB4801076963,VTK000236,8319de75-476a-48b0-8b42-ef42cc61019a,11467d1e-1630-4f42-b2e4-6b4a413e23c4,733,,null,120.94,ml_live,27.05,ml_live,0.08279935223578168,estimated,,,0.07,0.1,0.15,inconclusive,CUSTO_INDISPONIVEL,VORTEK-CANON-1.0-ECON-2,2026-09-06T03:47:18.094Z
MLB4801075085,VTK005036,591a42d0-c024-4684-943c-701bf08b1b15,8177b967-bb3f-46a6-992d-ba996ce1ed21,1590.92,,null,262.5,ml_live,70.95,ml_live,0.08279935223578168,estimated,,,0.1,0.15,0.2,inconclusive,CUSTO_INDISPONIVEL,VORTEK-CANON-1.0-ECON-2,2026-09-06T03:47:18.100Z
MLB4801057239,VTK000150,6fb84bb9-a5fe-4339-aefc-5cb911693224,fbc2f61d-5a72-433e-811e-98f1c7cb417c,641.39,,null,93,ml_live,69.35,ml_live,0.08279935223578168,estimated,,,0.07,0.1,0.15,inconclusive,CUSTO_INDISPONIVEL,VORTEK-CANON-1.0-ECON-2,2026-09-06T03:47:18.474Z
MLB4801057063,VTK000176,aa74166d-4c8e-4870-a337-b2a145afcac1,08ed2934-7f50-45e9-ab71-7bf1023aad7a,716,,null,118.14,ml_live,65.85,ml_live,0.08279935223578168,estimated,,,0.07,0.1,0.15,inconclusive,CUSTO_INDISPONIVEL,VORTEK-CANON-1.0-ECON-2,2026-09-06T03:47:18.475Z
MLB4801054957,VTK000776,c92bca75-b684-449e-ac20-86a2dc84f3ea,2480c6f9-e9c9-4e7b-9cd5-5d7caacd44bf,1520.43,,null,250.87,ml_live,70.95,ml_live,0.08279935223578168,estimated,,,0.1,0.15,0.2,inconclusive,CUSTO_INDISPONIVEL,VORTEK-CANON-1.0-ECON-2,2026-09-06T03:47:18.475Z
MLB4801054391,VTK000579,c0fa0f8b-d5f6-4ffd-bd86-00f66336f2df,05d14a45-33ea-4ab9-b4f7-6e39221054c9,1478.52,,null,243.96,ml_live,23.25,ml_live,0.08279935223578168,estimated,,,0.1,0.15,0.2,inconclusive,CUSTO_INDISPONIVEL,VORTEK-CANON-1.0-ECON-2,2026-09-06T03:47:18.482Z
MLB4801053191,VTK000610,127322f0-2783-4e29-ac1f-c5f13ceb6f18,cc91ec61-321c-48a1-8ce9-12fbed66308a,1430,,null,235.95,ml_live,21.65,ml_live,0.08279935223578168,estimated,,,0.1,0.15,0.2,inconclusive,CUSTO_INDISPONIVEL,VORTEK-CANON-1.0-ECON-2,2026-09-06T03:47:18.854Z
MLB4801052717,VTK000517,17c35977-50bf-454a-92b0-ee0a7fe09bcb,1be3a8dd-c48b-405a-8ecb-23f2610db72a,143.96,,null,25.91,ml_live,19.05,ml_live,0.08279935223578168,estimated,,,0.05,0.07,0.1,inconclusive,CUSTO_INDISPONIVEL,VORTEK-CANON-1.0-ECON-2,2026-09-06T03:47:18.877Z
MLB4801044701,VTK000634,531e41a8-31b1-4a63-86d0-460808f0fbbe,77877046-680d-401f-a594-90d4f9c6ab9c,420,,null,63,ml_live,23.25,ml_live,0.08279935223578168,estimated,,,0.07,0.1,0.15,inconclusive,CUSTO_INDISPONIVEL,VORTEK-CANON-1.0-ECON-2,2026-09-06T03:47:18.851Z
MLB4801042871,VTK005645,719507bf-9765-4756-9186-8d03236bcc59,e4928950-86ab-41c3-b550-8f15fc22eb39,1520.43,,null,250.87,ml_live,70.95,ml_live,0.08279935223578168,estimated,,,0.1,0.15,0.2,inconclusive,CUSTO_INDISPONIVEL,VORTEK-CANON-1.0-ECON-2,2026-09-06T03:47:18.866Z
MLB4801041119,VTK000782,d45bb7d2-177e-42c5-b9b1-0e68eaddeaa1,2bcd1176-0f62-46e0-853f-c30416540fff,1617.44,,null,266.88,ml_live,75.65,ml_live,0.08279935223578168,estimated,,,0.1,0.15,0.2,inconclusive,CUSTO_INDISPONIVEL,VORTEK-CANON-1.0-ECON-2,2026-09-06T03:47:19.248Z
MLB4801040853,VTK000170,a02902b3-b1d7-4152-974f-dd7218a35e9e,88a23051-a2d7-4515-8c6a-f3e6bb956207,1281.05,,null,211.37,ml_live,32.45,ml_live,0.08279935223578168,estimated,,,0.1,0.15,0.2,inconclusive,CUSTO_INDISPONIVEL,VORTEK-CANON-1.0-ECON-2,2026-09-06T03:47:19.243Z
MLB4801040365,VTK000435,5bcd21d9-7169-47c2-93a1-6b5bb30ca4f9,bf85be29-764a-49e5-8489-2d76fed67cec,311.27,,null,56.03,ml_live,24.45,ml_live,0.08279935223578168,estimated,,,0.07,0.1,0.15,inconclusive,CUSTO_INDISPONIVEL,VORTEK-CANON-1.0-ECON-2,2026-09-06T03:47:19.242Z
MLB4801040315,VTK000466,a4aeadf0-48b8-441c-889b-2c2add8b5c1f,b4e664c5-8a99-41c3-a561-ae5b1162d965,2108.85,,null,379.59,ml_live,50.75,ml_live,0.08279935223578168,estimated,,,0.1,0.15,0.2,inconclusive,CUSTO_INDISPONIVEL,VORTEK-CANON-1.0-ECON-2,2026-09-06T03:47:19.244Z
MLB4801032187,VTK000210,1e0c9773-1147-4cf4-a1cb-afea0f71b6e6,8f78c3e3-b863-44eb-8a82-aa568464c082,729.74,,null,120.41,ml_live,29.25,ml_live,0.08279935223578168,estimated,,,0.07,0.1,0.15,inconclusive,CUSTO_INDISPONIVEL,VORTEK-CANON-1.0-ECON-2,2026-09-06T03:47:19.649Z
MLB4801029887,VTK000754,8c403690-a69a-4b48-a092-056b2c963459,1e3bae57-1fc8-46a0-8183-2e5a1cb3ebc4,1199,,null,197.84,ml_live,75.65,ml_live,0.08279935223578168,estimated,,,0.1,0.15,0.2,inconclusive,CUSTO_INDISPONIVEL,VORTEK-CANON-1.0-ECON-2,2026-09-06T03:47:19.647Z
MLB4801028789,VTK005346,691afed6-9c86-4f81-8080-7bd4c8758632,4223bf2f-52ee-4b29-947f-2486288f31dd,2302,,null,414.36,ml_live,24.45,ml_live,0.08279935223578168,estimated,,,0.1,0.15,0.2,inconclusive,CUSTO_INDISPONIVEL,VORTEK-CANON-1.0-ECON-2,2026-09-06T03:47:19.653Z
MLB4801028673,VTK000413,171a1eb5-8840-4cce-9b7c-41a7b208ee95,30b0563b-f56c-4421-8cde-62c3cc5341af,529,,null,95.22,ml_live,24.45,ml_live,0.08279935223578168,estimated,,,0.07,0.1,0.15,inconclusive,CUSTO_INDISPONIVEL,VORTEK-CANON-1.0-ECON-2,2026-09-06T03:47:19.653Z
MLB4800990059,VTK006261,98e0d099-f39d-4b9d-a5a4-e59521c127ed,eaba5c9f-2a47-47ac-94bd-2f9ce90de8a9,570,,null,82.65,ml_live,50.75,ml_live,0.08279935223578168,estimated,,,0.07,0.1,0.15,inconclusive,CUSTO_INDISPONIVEL,VORTEK-CANON-1.0-ECON-2,2026-09-06T03:47:20.053Z
MLB4800988825,VTK000466,a4aeadf0-48b8-441c-889b-2c2add8b5c1f,c79f4894-f99c-40c6-a0a5-d3970e4fbc1c,2108.85,,null,379.59,ml_live,50.75,ml_live,0.08279935223578168,estimated,,,0.1,0.15,0.2,inconclusive,CUSTO_INDISPONIVEL,VORTEK-CANON-1.0-ECON-2,2026-09-06T03:47:20.052Z
MLB4800988221,VTK000348,72d663c2-87f0-4270-823b-3cda9915f058,d26a096e-575f-4862-a181-ed703021c660,207.62,,null,37.37,ml_live,24.45,ml_live,0.08279935223578168,estimated,,,0.07,0.1,0.15,inconclusive,CUSTO_INDISPONIVEL,VORTEK-CANON-1.0-ECON-2,2026-09-06T03:47:20.049Z
MLB4800987893,VTK004577,bc96f951-470e-47d6-a8b1-30809ecfd0cc,33555966-b9fd-43da-84fc-5533d744a616,184.95,,null,27.74,ml_live,19.05,ml_live,0.08279935223578168,estimated,,,0.05,0.07,0.1,inconclusive,CUSTO_INDISPONIVEL,VORTEK-CANON-1.0-ECON-2,2026-09-06T03:47:20.047Z
MLB4800966579,VTK000435,5bcd21d9-7169-47c2-93a1-6b5bb30ca4f9,59bb22aa-75f9-432f-ac90-1b72498df464,311.27,,null,56.03,ml_live,24.45,ml_live,0.08279935223578168,estimated,,,0.07,0.1,0.15,inconclusive,CUSTO_INDISPONIVEL,VORTEK-CANON-1.0-ECON-2,2026-09-06T03:47:20.438Z
MLB4800965513,VTK005346,691afed6-9c86-4f81-8080-7bd4c8758632,fa292dac-4c42-40b8-941e-79ac0b98445e,2302,,null,414.36,ml_live,24.45,ml_live,0.08279935223578168,estimated,,,0.1,0.15,0.2,inconclusive,CUSTO_INDISPONIVEL,VORTEK-CANON-1.0-ECON-2,2026-09-06T03:47:20.438Z
MLB4800952793,VTK000509,08dd2362-fee7-40a6-a93c-981df2b1785a,2eacc145-4e64-4804-a6cb-70b1596d1736,970,,null,155.2,ml_live,32.45,ml_live,0.08279935223578168,estimated,,,0.07,0.1,0.15,inconclusive,CUSTO_INDISPONIVEL,VORTEK-CANON-1.0-ECON-2,2026-09-06T03:47:20.438Z
MLB4800952671,VTK000189,e1753511-9a7f-47d2-8e66-3012f073b911,6c6fd1a1-e996-4b30-ad4b-29fabdbda3d6,1606.04,,null,256.97,ml_live,24.45,ml_live,0.08279935223578168,estimated,,,0.1,0.15,0.2,inconclusive,CUSTO_INDISPONIVEL,VORTEK-CANON-1.0-ECON-2,2026-09-06T03:47:20.442Z
MLB7012823156,VTK000468,a77c5125-d051-4376-9cf7-84dd913a8800,14919144-5779-4a46-8023-9e6100b52c1f,1197.21,,null,215.5,ml_live,75.65,ml_live,0.08279935223578168,estimated,,,0.1,0.15,0.2,inconclusive,CUSTO_INDISPONIVEL,VORTEK-CANON-1.0-ECON-2,2026-09-06T03:47:21.225Z
MLB4804196409,VTK000480,d8533460-69f8-4e93-8bc5-f9c012a62a75,a448ff8a-e919-46ae-9397-23517580a608,173.79,,null,31.28,ml_live,29.25,ml_live,0.08279935223578168,estimated,,,0.05,0.07,0.1,inconclusive,CUSTO_INDISPONIVEL,VORTEK-CANON-1.0-ECON-2,2026-09-06T03:47:21.230Z
MLB4804184071,VTK000093,f65e7020-221f-4471-9298-6f2c66d0d9b6,1ae138b8-78bf-4718-a553-6037cbfe3027,797.1,,null,131.52,ml_live,65.85,ml_live,0.08279935223578168,estimated,,,0.07,0.1,0.15,inconclusive,CUSTO_INDISPONIVEL,VORTEK-CANON-1.0-ECON-2,2026-09-06T03:47:21.224Z
MLB4803986489,VTK000297,f999a7a4-3f73-493d-927a-3d175dc69115,5531fc1c-1369-45f8-9b95-bb9f64463e9d,239.63,,null,43.13,ml_live,40.85,ml_live,0.08279935223578168,estimated,,,0.07,0.1,0.15,inconclusive,CUSTO_INDISPONIVEL,VORTEK-CANON-1.0-ECON-2,2026-09-06T03:47:21.605Z
MLB4803969763,VTK000634,531e41a8-31b1-4a63-86d0-460808f0fbbe,04569ae8-9a4e-4916-951a-9b0ab74a8964,420,,null,63,ml_live,23.25,ml_live,0.08279935223578168,estimated,,,0.07,0.1,0.15,inconclusive,CUSTO_INDISPONIVEL,VORTEK-CANON-1.0-ECON-2,2026-09-06T03:47:21.603Z
MLB4803806001,VTK000176,aa74166d-4c8e-4870-a337-b2a145afcac1,64281c72-168d-4bff-965e-278151046ba4,716,,null,118.14,ml_live,65.85,ml_live,0.08279935223578168,estimated,,,0.07,0.1,0.15,inconclusive,CUSTO_INDISPONIVEL,VORTEK-CANON-1.0-ECON-2,2026-09-06T03:47:21.985Z
MLB4803805877,VTK005036,591a42d0-c024-4684-943c-701bf08b1b15,ceb9da62-4e3e-4898-825b-e5204157b34e,1590.92,,null,262.5,ml_live,70.95,ml_live,0.08279935223578168,estimated,,,0.1,0.15,0.2,inconclusive,CUSTO_INDISPONIVEL,VORTEK-CANON-1.0-ECON-2,2026-09-06T03:47:21.985Z
MLB4803521739,VTK000441,6ecc335f-aa22-44b9-8480-5af218c8d9dd,fe8ada07-562c-439c-9d53-9b5f9094d1a6,315.58,,null,56.8,ml_live,24.45,ml_live,0.08279935223578168,estimated,,,0.07,0.1,0.15,inconclusive,CUSTO_INDISPONIVEL,VORTEK-CANON-1.0-ECON-2,2026-09-06T03:47:21.984Z
MLB4803521625,VTK006261,98e0d099-f39d-4b9d-a5a4-e59521c127ed,ec50b9e1-2519-4264-b927-da63009205b3,570,,null,82.65,ml_live,50.75,ml_live,0.08279935223578168,estimated,,,0.07,0.1,0.15,inconclusive,CUSTO_INDISPONIVEL,VORTEK-CANON-1.0-ECON-2,2026-09-06T03:47:22.366Z
MLB4803521587,VTK000455,8e2ee605-432a-42ab-92b3-3405916d2860,ab313496-fb35-47f8-8724-c98da36bf025,462,,null,73.92,ml_live,24.45,ml_live,0.08279935223578168,estimated,,,0.07,0.1,0.15,inconclusive,CUSTO_INDISPONIVEL,VORTEK-CANON-1.0-ECON-2,2026-09-06T03:47:22.367Z
MLB4803510211,VTK001079,bbdb580c-6121-4d51-a9e4-cd0da1986d52,aaaa7511-dff4-45c8-837f-79103af2cc42,1421.46,,null,255.86,ml_live,29.25,ml_live,0.08279935223578168,estimated,,,0.1,0.15,0.2,inconclusive,CUSTO_INDISPONIVEL,VORTEK-CANON-1.0-ECON-2,2026-09-06T03:47:22.366Z
MLB4803497557,VTK000348,72d663c2-87f0-4270-823b-3cda9915f058,e9864135-e3ed-4189-9b6b-396fca245bea,207.62,,null,37.37,ml_live,24.45,ml_live,0.08279935223578168,estimated,,,0.07,0.1,0.15,inconclusive,CUSTO_INDISPONIVEL,VORTEK-CANON-1.0-ECON-2,2026-09-06T03:47:22.376Z
MLB7025728582,VTK000610,127322f0-2783-4e29-ac1f-c5f13ceb6f18,9b4f9b13-3610-4198-8230-95af89e68132,1430,,null,235.95,ml_live,21.65,ml_live,0.08279935223578168,estimated,,,0.1,0.15,0.2,inconclusive,CUSTO_INDISPONIVEL,VORTEK-CANON-1.0-ECON-2,2026-09-06T03:47:22.740Z
MLB4808186965,VTK002771,b921dbbf-ad5e-4a48-86c0-d4270d8c6ed9,3d1eb6d7-c5b7-4b08-9957-8d03cb1cb6de,596.33,,null,107.34,ml_live,25.45,ml_live,0.08279935223578168,estimated,,,0.07,0.1,0.15,inconclusive,CUSTO_INDISPONIVEL,VORTEK-CANON-1.0-ECON-2,2026-09-06T03:47:22.740Z
MLB4805037705,VTK000332,466d4eb3-23a2-42b8-b7c2-6634581349d3,3ee1caaa-60ed-4b37-8986-e1b9e4f03ea9,549.25,,null,98.86,ml_live,69.35,ml_live,0.08279935223578168,estimated,,,0.07,0.1,0.15,inconclusive,CUSTO_INDISPONIVEL,VORTEK-CANON-1.0-ECON-2,2026-09-06T03:47:22.746Z
MLB4804992081,VTK000342,5bc6ba33-dee4-4a91-96e9-111910b409d2,684d98ed-ae2a-40ad-8968-7595ca0bf7f0,1739.06,,null,295.64,ml_live,107.85,ml_live,0.08279935223578168,estimated,,,0.1,0.15,0.2,inconclusive,CUSTO_INDISPONIVEL,VORTEK-CANON-1.0-ECON-2,2026-09-06T03:47:23.121Z
MLB4804992063,VTK000358,833dae03-681a-4156-bdbd-927dd96f1153,42b960d4-50cd-4902-92ca-dbf061c540ef,1739.06,,null,295.64,ml_live,107.85,ml_live,0.08279935223578168,estimated,,,0.1,0.15,0.2,inconclusive,CUSTO_INDISPONIVEL,VORTEK-CANON-1.0-ECON-2,2026-09-06T03:47:23.121Z
MLB4804981929,VTK000239,872fe604-9916-4667-a67e-fe9b6b1ab546,abdb63b7-8120-4f5f-ab43-3ca47cb3bd6a,1369,,null,232.73,ml_live,107.95,ml_live,0.08279935223578168,estimated,,,0.1,0.15,0.2,inconclusive,CUSTO_INDISPONIVEL,VORTEK-CANON-1.0-ECON-2,2026-09-06T03:47:23.122Z
MLB4804981779,VTK000408,0be32ad3-fe07-4cdf-90ce-0db250477763,881c5d66-6435-4d35-ae12-03a3434d4a2b,143.1,,null,25.76,ml_live,19.05,ml_live,0.08279935223578168,estimated,,,0.05,0.07,0.1,inconclusive,CUSTO_INDISPONIVEL,VORTEK-CANON-1.0-ECON-2,2026-09-06T03:47:23.120Z
MLB7044869070,VTK000351,7889c0e4-5d12-485b-b5b9-94f6b30b7103,eb2c163f-12ca-4f55-bb8c-730e432954b6,491,,null,88.38,ml_live,70.95,ml_live,0.08279935223578168,estimated,,,0.07,0.1,0.15,inconclusive,CUSTO_INDISPONIVEL,VORTEK-CANON-1.0-ECON-2,2026-09-06T03:47:23.502Z
MLB4820387953,VTK000319,2be865d2-4bda-408d-b4b2-cb0481cdcf2f,10756a4e-2989-4b7e-b95d-869a1458cbaa,1652,,null,280.84,ml_live,107.95,ml_live,0.08279935223578168,estimated,,,0.1,0.15,0.2,inconclusive,CUSTO_INDISPONIVEL,VORTEK-CANON-1.0-ECON-2,2026-09-06T03:47:23.502Z
MLB4818725003,VTK000754,8c403690-a69a-4b48-a092-056b2c963459,b9c6f316-9f41-4492-9619-47ec0518ebed,1199,,null,197.84,ml_live,75.65,ml_live,0.08279935223578168,estimated,,,0.1,0.15,0.2,inconclusive,CUSTO_INDISPONIVEL,VORTEK-CANON-1.0-ECON-2,2026-09-06T03:47:23.501Z
MLB4818724693,VTK000321,31be5671-8ddb-4ac7-ba46-52117ccf15ce,84dfd4fa-2c42-4787-aa5e-25ea33d59546,853.48,,null,153.63,ml_live,70.95,ml_live,0.08279935223578168,estimated,,,0.07,0.1,0.15,inconclusive,CUSTO_INDISPONIVEL,VORTEK-CANON-1.0-ECON-2,2026-09-06T03:47:23.501Z
MLB4585804309,VTK001469,acdc4760-7a4a-4d64-9a92-9387f70bca9e,4239cb77-6d49-4cf3-a244-e1067b6b982c,870,,null,156.6,ml_live,50.75,ml_live,0.08279935223578168,estimated,,,0.07,0.1,0.15,inconclusive,CUSTO_INDISPONIVEL,VORTEK-CANON-1.0-ECON-2,2026-09-06T03:47:23.872Z
MLB4621088401,VTK001469,acdc4760-7a4a-4d64-9a92-9387f70bca9e,e1932296-624b-4f3d-94bc-83bfbc887e4a,870,,null,156.6,ml_live,50.75,ml_live,0.08279935223578168,estimated,,,0.07,0.1,0.15,inconclusive,CUSTO_INDISPONIVEL,VORTEK-CANON-1.0-ECON-2,2026-09-06T03:47:23.873Z
MLB7079677860,VTK000526,38634b96-f78c-49b1-85e5-194244190e81,2af67cae-f455-4696-bb91-4e128de2794a,685,,null,99.32,ml_live,29.25,ml_live,0.08279935223578168,estimated,,,0.07,0.1,0.15,inconclusive,CUSTO_INDISPONIVEL,VORTEK-CANON-1.0-ECON-2,2026-09-06T03:47:24.324Z
MLB7079674512,VTK000530,3c8cbe0f-5e02-4a5e-9345-47fbd14f560c,52d9185e-2460-4578-8563-efb89700d93d,577,,null,92.32,ml_live,29.25,ml_live,0.08279935223578168,estimated,,,0.07,0.1,0.15,inconclusive,CUSTO_INDISPONIVEL,VORTEK-CANON-1.0-ECON-2,2026-09-06T03:47:24.324Z
MLB7079674026,VTK000516,14b2099a-86b9-4c1e-bdb2-4a6d0173610f,7e167f9b-e12b-4cb5-ba77-d9ecc27e695f,392.98,,null,62.88,ml_live,27.05,ml_live,0.08279935223578168,estimated,,,0.07,0.1,0.15,inconclusive,CUSTO_INDISPONIVEL,VORTEK-CANON-1.0-ECON-2,2026-09-06T03:47:24.713Z
MLB7079673558,VTK000483,ddddaf09-5317-4abc-8418-aeb41f20dd29,45f6cd51-adaa-46e9-bedc-fd4cf76e814e,834.9,,null,150.28,ml_live,23.25,ml_live,0.08279935223578168,estimated,,,0.07,0.1,0.15,inconclusive,CUSTO_INDISPONIVEL,VORTEK-CANON-1.0-ECON-2,2026-09-06T03:47:24.717Z
MLB7079673336,VTK000457,91c96988-9746-41a8-96e6-8fb31866f439,d1409c6a-e990-4c2f-82a8-a95384912e21,387.13,,null,52.26,ml_live,24.45,ml_live,0.08279935223578168,estimated,,,0.07,0.1,0.15,inconclusive,CUSTO_INDISPONIVEL,VORTEK-CANON-1.0-ECON-2,2026-09-06T03:47:24.957Z
MLB7079673052,VTK000443,701175d4-3520-4cf7-869e-abc05c7c2cc8,ff536dc6-9710-426b-86c5-58ae66224b3e,540.77,,null,97.34,ml_live,23.25,ml_live,0.08279935223578168,estimated,,,0.07,0.1,0.15,inconclusive,CUSTO_INDISPONIVEL,VORTEK-CANON-1.0-ECON-2,2026-09-06T03:47:24.722Z
MLB7079613144,VTK000336,4f4decca-ae32-4bfa-9aff-bc8fc0fd1b9f,40f22f60-dc4c-4cdd-8efc-55c76997600e,189.17,,null,34.05,ml_live,21.35,ml_live,0.08279935223578168,estimated,,,0.05,0.07,0.1,inconclusive,CUSTO_INDISPONIVEL,VORTEK-CANON-1.0-ECON-2,2026-09-06T03:47:25.338Z
MLB7079079916,VTK000211,23f45f19-8ed7-4c82-8f15-87f6fb97cf78,cb8222c7-d594-4ca7-abc7-4c890a571fec,408.69,,null,73.56,ml_live,25.55,ml_live,0.08279935223578168,estimated,,,0.07,0.1,0.15,inconclusive,CUSTO_INDISPONIVEL,VORTEK-CANON-1.0-ECON-2,2026-09-06T03:47:25.574Z
MLB7079067544,VTK004689,da4f1116-77b5-44db-a4c4-cc1e97bc8d7c,656ffdc5-a54a-437e-85f2-7582024d3265,242.83,,null,43.71,ml_live,25.55,ml_live,0.08279935223578168,estimated,,,0.07,0.1,0.15,inconclusive,CUSTO_INDISPONIVEL,VORTEK-CANON-1.0-ECON-2,2026-09-06T03:47:25.571Z
MLB7076889032,VTK000354,799190b0-0f3f-459e-b76b-f4cf0d5fd64a,f35821a8-795f-4dca-b398-a0d5ace1b9c0,354.67,,null,63.84,ml_live,24.45,ml_live,0.08279935223578168,estimated,,,0.07,0.1,0.15,inconclusive,CUSTO_INDISPONIVEL,VORTEK-CANON-1.0-ECON-2,2026-09-06T03:47:25.959Z
MLB7076689416,VTK000241,8a9bf895-8a16-4dfe-9d83-7b07942069db,bfaf969c-e47b-467c-8344-aea80a5f805c,611.57,,null,97.85,ml_live,24.45,ml_live,0.08279935223578168,estimated,,,0.07,0.1,0.15,inconclusive,CUSTO_INDISPONIVEL,VORTEK-CANON-1.0-ECON-2,2026-09-06T03:47:25.959Z
MLB7076682892,VTK000222,5b253f01-0345-4931-b5fc-19599f862422,d3d26740-e4c4-4286-90a0-0271e2ce3be1,2094.54,,null,377.02,ml_live,23.25,ml_live,0.08279935223578168,estimated,,,0.1,0.15,0.2,inconclusive,CUSTO_INDISPONIVEL,VORTEK-CANON-1.0-ECON-2,2026-09-06T03:47:25.960Z
MLB7076647144,VTK000191,e6048f80-a24c-4f68-90b2-4e30ae0833f1,567b4b49-c07d-44df-92f8-f3d2818c1bb5,593.16,,null,86.01,ml_live,65.85,ml_live,0.08279935223578168,estimated,,,0.07,0.1,0.15,inconclusive,CUSTO_INDISPONIVEL,VORTEK-CANON-1.0-ECON-2,2026-09-06T03:47:26.370Z
MLB7076625564,VTK000231,76871a80-f059-4619-8134-28e73aeabc27,7ef45f2f-3419-4a7b-8de1-81fe5d6d8bbe,1200.49,,null,198.08,ml_live,70.95,ml_live,0.08279935223578168,estimated,,,0.1,0.15,0.2,inconclusive,CUSTO_INDISPONIVEL,VORTEK-CANON-1.0-ECON-2,2026-09-06T03:47:26.370Z
MLB7076624228,VTK000211,23f45f19-8ed7-4c82-8f15-87f6fb97cf78,635cf935-4e88-4a90-9527-751b0f03cd59,408.69,,null,73.56,ml_live,25.55,ml_live,0.08279935223578168,estimated,,,0.07,0.1,0.15,inconclusive,CUSTO_INDISPONIVEL,VORTEK-CANON-1.0-ECON-2,2026-09-06T03:47:26.371Z
MLB7076619816,VTK000182,c8390cee-316d-4190-a012-b3edf19aafd8,f8069efc-ae25-4e1c-901d-133809b20356,1790.39,,null,295.41,ml_live,27.05,ml_live,0.08279935223578168,estimated,,,0.1,0.15,0.2,inconclusive,CUSTO_INDISPONIVEL,VORTEK-CANON-1.0-ECON-2,2026-09-06T03:47:26.369Z
MLB7076594728,VTK000162,9543840f-b8d1-4e1a-97ba-2e82bbe47429,bebf0c1a-3a8c-429d-b1b0-8fdb5e2b9842,728.09,,null,120.13,ml_live,50.75,ml_live,0.08279935223578168,estimated,,,0.07,0.1,0.15,inconclusive,CUSTO_INDISPONIVEL,VORTEK-CANON-1.0-ECON-2,2026-09-06T03:47:26.747Z
MLB7076591918,VTK000149,6261663f-6d01-4e7d-a667-7414f5cf477f,20e69937-6438-4bf5-974f-03aa9c86e805,664.14,,null,96.3,ml_live,40.85,ml_live,0.08279935223578168,estimated,,,0.07,0.1,0.15,inconclusive,CUSTO_INDISPONIVEL,VORTEK-CANON-1.0-ECON-2,2026-09-06T03:47:27.134Z
MLB7076568016,VTK000121,20348903-b942-4dc8-87b3-de879663708b,a391eae5-0665-4b4e-9d19-10371ff3ae80,195.5,,null,28.35,ml_live,22.25,ml_live,0.08279935223578168,estimated,,,0.05,0.07,0.1,inconclusive,CUSTO_INDISPONIVEL,VORTEK-CANON-1.0-ECON-2,2026-09-06T03:47:27.130Z
MLB7076434218,VTK000049,79a5ee47-cd9f-48a2-991f-d2c6f7bbd2a9,bf720cd7-f441-4504-82e0-336f90e5579d,230.27,,null,33.39,ml_live,21.65,ml_live,0.08279935223578168,estimated,,,0.07,0.1,0.15,inconclusive,CUSTO_INDISPONIVEL,VORTEK-CANON-1.0-ECON-2,2026-09-06T03:47:27.138Z
MLB7076433422,VTK000043,6e2c46f7-ed3a-4f0e-a682-420b19951e04,69d8aeb3-417d-4eb9-9685-81bcdd9180da,410.18,,null,65.63,ml_live,65.85,ml_live,0.08279935223578168,estimated,,,0.07,0.1,0.15,inconclusive,CUSTO_INDISPONIVEL,VORTEK-CANON-1.0-ECON-2,2026-09-06T03:47:27.130Z
MLB4837734679,VTK000428,412af802-d6eb-4ae6-ae92-61976d0d7198,41a0ed09-6243-4f56-ac57-37b025a00d53,311.27,,null,56.03,ml_live,24.45,ml_live,0.08279935223578168,estimated,,,0.07,0.1,0.15,inconclusive,CUSTO_INDISPONIVEL,VORTEK-CANON-1.0-ECON-2,2026-09-06T03:47:27.520Z
MLB4837734235,VTK000424,31f28c66-3789-4c8e-97fb-bd481c121f69,88553a94-60f6-44d0-8139-de995d0cf2da,209,,null,30.3,ml_live,32.45,ml_live,0.08279935223578168,estimated,,,0.07,0.1,0.15,inconclusive,CUSTO_INDISPONIVEL,VORTEK-CANON-1.0-ECON-2,2026-09-06T03:47:27.520Z
MLB4837732845,VTK000389,ea8eccf2-5a46-4ab7-b781-0394202ce24d,baf93eda-fae1-4568-b271-2c8e1acc21fe,249.81,,null,33.72,ml_live,24.45,ml_live,0.08279935223578168,estimated,,,0.07,0.1,0.15,inconclusive,CUSTO_INDISPONIVEL,VORTEK-CANON-1.0-ECON-2,2026-09-06T03:47:27.521Z
MLB4837715573,VTK000350,75d49469-69a4-484c-a1c8-a1db7b16789b,8f21070a-a2ee-463c-831f-3640ddf57b3d,246.48,,null,33.27,ml_live,24.45,ml_live,0.08279935223578168,estimated,,,0.07,0.1,0.15,inconclusive,CUSTO_INDISPONIVEL,VORTEK-CANON-1.0-ECON-2,2026-09-06T03:47:27.526Z
MLB4837703943,VTK000404,05417c1f-abc1-4c7c-bf00-cdc68144b8a8,2fc6e038-8a5f-40bb-8ad4-b6c3bbc4910f,837.31,,null,150.72,ml_live,45.25,ml_live,0.08279935223578168,estimated,,,0.07,0.1,0.15,inconclusive,CUSTO_INDISPONIVEL,VORTEK-CANON-1.0-ECON-2,2026-09-06T03:47:27.940Z
MLB4837702039,VTK000279,db05ae27-793d-4ea8-966c-b8e9bb619300,3a25d610-a3fe-4224-968e-e5e601152528,2923.93,,null,467.83,ml_live,24.45,ml_live,0.08279935223578168,estimated,,,0.1,0.15,0.2,inconclusive,CUSTO_INDISPONIVEL,VORTEK-CANON-1.0-ECON-2,2026-09-06T03:47:27.935Z
MLB4836801935,VTK000262,b4d381fa-3fce-4d4e-9309-8f724d0f4942,fa43a0de-2a3b-4dfe-b73c-1470f774aee2,1203.48,,null,198.57,ml_live,70.95,ml_live,0.08279935223578168,estimated,,,0.1,0.15,0.2,inconclusive,CUSTO_INDISPONIVEL,VORTEK-CANON-1.0-ECON-2,2026-09-06T03:47:27.933Z
MLB4836613321,VTK000214,2a1f9213-a6d2-4532-aa32-8b9be69e9766,a1189900-0ef6-4cf1-87e9-b4095aa2ca69,180.35,,null,32.46,ml_live,21.35,ml_live,0.08279935223578168,estimated,,,0.05,0.07,0.1,inconclusive,CUSTO_INDISPONIVEL,VORTEK-CANON-1.0-ECON-2,2026-09-06T03:47:28.546Z
MLB4836515359,VTK000248,992932ea-97fd-400a-9b38-9ca5d7ff9a85,a75f955c-48c1-4dd3-b906-3d9fb60d1c2a,1346,,null,242.28,ml_live,24.45,ml_live,0.08279935223578168,estimated,,,0.1,0.15,0.2,inconclusive,CUSTO_INDISPONIVEL,VORTEK-CANON-1.0-ECON-2,2026-09-06T03:47:28.549Z
MLB4836470155,VTK000245,91a29f88-08cd-4883-8009-1c405d786fb1,6a7ecba0-9fe1-4f01-8869-86e738a038d9,1020,,null,168.3,ml_live,69.35,ml_live,0.08279935223578168,estimated,,,0.1,0.15,0.2,inconclusive,CUSTO_INDISPONIVEL,VORTEK-CANON-1.0-ECON-2,2026-09-06T03:47:28.547Z
MLB4836403213,VTK000151,7ccc9c88-95cd-44fa-bbc0-b3fe1ecfa366,c607386b-f189-4826-a718-7df44dbcb91f,2999,,null,479.84,ml_live,107.85,ml_live,0.08279935223578168,estimated,,,0.1,0.15,0.2,inconclusive,CUSTO_INDISPONIVEL,VORTEK-CANON-1.0-ECON-2,2026-09-06T03:47:28.955Z
MLB4836303237,VTK000206,158b1e40-f4cc-4731-bb74-373361be46a8,e7520fd4-bead-4bf3-818a-ef2f824f19dd,550.96,,null,99.17,ml_live,,unknown,0.08279935223578168,estimated,,,0.07,0.1,0.15,inconclusive,INCONCLUSIVO_FONTE_ML_INDISPONIVEL;CUSTO_INDISPONIVEL;FRETE_INDISPONIVEL,VORTEK-CANON-1.0-ECON-2,2026-09-06T03:47:28.954Z
MLB4836146181,VTK000052,84a4faf0-2c12-458e-a96b-a5c0033d1327,7fc7d515-e448-44e2-ad23-ab6e32295b2d,185.75,,null,33.44,ml_live,20.45,ml_live,0.08279935223578168,estimated,,,0.05,0.07,0.1,inconclusive,CUSTO_INDISPONIVEL,VORTEK-CANON-1.0-ECON-2,2026-09-06T03:47:29.533Z
MLB7087486026,VTK011957,8ffeca22-4c5b-4880-9e28-f54a393e5fa0,8ec62f51-31b8-40ed-ab61-164bd56cc932,431.88,,null,77.74,ml_live,25.45,ml_live,0.08279935223578168,estimated,,,0.07,0.1,0.15,inconclusive,CUSTO_INDISPONIVEL,VORTEK-CANON-1.0-ECON-2,2026-09-06T03:47:29.534Z
MLB7087485804,VTK009141,9ff89d24-36dc-4914-81f9-57f1187d8bb4,49b9196d-4554-4f4b-9a23-28dacb3c7036,1218.18,,null,201,ml_live,70.95,ml_live,0.08279935223578168,estimated,,,0.1,0.15,0.2,inconclusive,CUSTO_INDISPONIVEL,VORTEK-CANON-1.0-ECON-2,2026-09-06T03:47:29.538Z
MLB7087485696,VTK006600,fa276d74-cc60-4368-9159-8ec43cbe1c12,51dbb7c4-db9f-4693-a1bb-a3b81f925484,599.48,,null,95.92,ml_live,25.55,ml_live,0.08279935223578168,estimated,,,0.07,0.1,0.15,inconclusive,CUSTO_INDISPONIVEL,VORTEK-CANON-1.0-ECON-2,2026-09-06T03:47:30.154Z
MLB7087445284,VTK000562,82487846-ead5-4b7a-a74e-51a9d75ba24d,875552fd-6048-47e5-aa07-fe8c11423869,734.1,,null,132.14,ml_live,25.55,ml_live,0.08279935223578168,estimated,,,0.07,0.1,0.15,inconclusive,CUSTO_INDISPONIVEL,VORTEK-CANON-1.0-ECON-2,2026-09-06T03:47:30.161Z
MLB7087441474,VTK011958,d25d0691-4547-4f1e-8165-0bcc35c210e5,50709cd0-0ca9-49ca-ad61-287da053b72f,911,,null,145.76,ml_live,70.95,ml_live,0.08279935223578168,estimated,,,0.07,0.1,0.15,inconclusive,CUSTO_INDISPONIVEL,VORTEK-CANON-1.0-ECON-2,2026-09-06T03:47:30.155Z
MLB7087439556,VTK006484,ddf4d39f-028d-4ee1-8d4a-b600324f43df,29851644-e4b8-421e-a2ab-930a9ee561ad,288.94,,null,52.01,ml_live,23.25,ml_live,0.08279935223578168,estimated,,,0.07,0.1,0.15,inconclusive,CUSTO_INDISPONIVEL,VORTEK-CANON-1.0-ECON-2,2026-09-06T03:47:30.530Z
MLB7087439438,VTK006480,cbaa7ee8-1a2a-4f43-8759-8301bae23355,be0294a8-1d43-4fe4-9de0-5f2b7b690268,574.62,,null,77.57,ml_live,40.85,ml_live,0.08279935223578168,estimated,,,0.07,0.1,0.15,inconclusive,CUSTO_INDISPONIVEL,VORTEK-CANON-1.0-ECON-2,2026-09-06T03:47:30.531Z
MLB7087438930,VTK006433,55971454-d0f0-4c6b-89ba-af69272ad30c,6ff263fc-5f6b-4bc9-951d-b406a15264bd,1010.79,,null,166.78,ml_live,91.95,ml_live,0.08279935223578168,estimated,,,0.1,0.15,0.2,inconclusive,CUSTO_INDISPONIVEL,VORTEK-CANON-1.0-ECON-2,2026-09-06T03:47:30.536Z
MLB7087438514,VTK006419,30af83ab-af55-4ff4-abd1-31c2e96f4e55,448fa2d9-93de-4756-a23a-fd826b6e7f68,333.94,,null,53.43,ml_live,25.55,ml_live,0.08279935223578168,estimated,,,0.07,0.1,0.15,inconclusive,CUSTO_INDISPONIVEL,VORTEK-CANON-1.0-ECON-2,2026-09-06T03:47:30.534Z
MLB7087438064,VTK006378,c4cf9d21-afda-4d12-944b-21bdd9ffab6a,91208599-2650-4607-83a9-e5a5bed6caeb,1326,,null,218.79,ml_live,40.85,ml_live,0.08279935223578168,estimated,,,0.1,0.15,0.2,inconclusive,CUSTO_INDISPONIVEL,VORTEK-CANON-1.0-ECON-2,2026-09-06T03:47:30.922Z
MLB7087437624,VTK005975,b12528a9-3030-4bf4-9291-c2b629043ee1,10f0d0ba-3678-4941-bbda-253ed08ccdaf,1774.5,,null,292.79,ml_live,70.95,ml_live,0.08279935223578168,estimated,,,0.1,0.15,0.2,inconclusive,CUSTO_INDISPONIVEL,VORTEK-CANON-1.0-ECON-2,2026-09-06T03:47:30.923Z
MLB7087437534,VTK005934,53d7c694-fbfa-40cb-aedf-cde499d140d7,4ba428ef-2d84-42fc-bc1f-c0cd0fe3f2a9,168.83,,null,24.48,ml_live,21.35,ml_live,0.08279935223578168,estimated,,,0.05,0.07,0.1,inconclusive,CUSTO_INDISPONIVEL,VORTEK-CANON-1.0-ECON-2,2026-09-06T03:47:30.924Z
MLB7087437228,VTK005653,83a3a362-7a20-44fb-bc4d-2980ac6c52fc,36ed1cb2-4cfb-496d-8f90-1db5708168b0,1512.24,,null,249.52,ml_live,75.65,ml_live,0.08279935223578168,estimated,,,0.1,0.15,0.2,inconclusive,CUSTO_INDISPONIVEL,VORTEK-CANON-1.0-ECON-2,2026-09-06T03:47:30.920Z
MLB7087437030,VTK005460,8392868b-5ff3-4c3c-8b6b-fe463de84612,a9aafa39-28dc-4600-987e-1f300bb879f2,123.22,,null,22.18,ml_live,18.15,ml_live,0.08279935223578168,estimated,,,0.05,0.07,0.1,inconclusive,CUSTO_INDISPONIVEL,VORTEK-CANON-1.0-ECON-2,2026-09-06T03:47:31.307Z
MLB7087436612,VTK004760,9102104b-ec93-4b44-a09a-cc706f2b1bf2,8e6ec640-feaf-493b-93d1-0e9e15aa1abd,136.23,54.9,"[{""productId"": ""9102104b-ec93-4b44-a09a-cc706f2b1bf2"", ""offerId"": ""dca71abd-3ebd-4d57-92ca-14f14e0b0e91"", ""supplierId"": ""133"", ""unitCost"": 54.9, ""quantity"": 1, ""observedAt"": ""2026-09-06T01:51:19.36+00:00""}]",24.52,ml_live,,unknown,0.08279935223578168,estimated,,,0.05,0.07,0.1,inconclusive,INCONCLUSIVO_FONTE_ML_INDISPONIVEL;FRETE_INDISPONIVEL,VORTEK-CANON-1.0-ECON-2,2026-09-06T03:47:31.304Z
MLB7087436550,VTK004757,8d8f19d6-3ecf-4d07-be98-617f5acf3d6f,ef64ba17-2bc6-4e4e-8fea-8ec2586ac396,175.29,,null,31.55,ml_live,21.35,ml_live,0.08279935223578168,estimated,,,0.05,0.07,0.1,inconclusive,CUSTO_INDISPONIVEL,VORTEK-CANON-1.0-ECON-2,2026-09-06T03:47:31.308Z
MLB7087436392,VTK004688,d883be2d-1869-438f-a8be-435cf0b1cd65,29dfd175-41ae-4a48-b885-8d36979375c9,449.44,,null,80.9,ml_live,23.25,ml_live,0.08279935223578168,estimated,,,0.07,0.1,0.15,inconclusive,CUSTO_INDISPONIVEL,VORTEK-CANON-1.0-ECON-2,2026-09-06T03:47:31.300Z
MLB7087436192,VTK004556,84169acd-580a-457a-bb9e-e859b1f5c3f1,63d1c3dc-e31b-4b52-b909-86d1180db0d6,184.95,,null,27.74,ml_live,19.05,ml_live,0.08279935223578168,estimated,,,0.05,0.07,0.1,inconclusive,CUSTO_INDISPONIVEL,VORTEK-CANON-1.0-ECON-2,2026-09-06T03:47:31.697Z
MLB7087435920,VTK004410,1bdb99ec-8fed-4706-b22e-a2f524522cf6,5d81ce14-5bca-40a8-910f-05460fb4aa18,252.12,,null,45.38,ml_live,23.25,ml_live,0.08279935223578168,estimated,,,0.07,0.1,0.15,inconclusive,CUSTO_INDISPONIVEL,VORTEK-CANON-1.0-ECON-2,2026-09-06T03:47:31.687Z
MLB7087435854,VTK004387,e4c9c312-d96c-45d0-951c-c598f83b39c1,7b11cd49-03ac-4837-ad35-f08798be77d0,142.97,,null,23.59,ml_live,19.05,ml_live,0.08279935223578168,estimated,,,0.05,0.07,0.1,inconclusive,CUSTO_INDISPONIVEL,VORTEK-CANON-1.0-ECON-2,2026-09-06T03:47:31.686Z
MLB7087435128,VTK003861,a4e503bd-3c2d-4a8a-b392-20dbd40e1e9c,30eab372-cce9-4c58-8fad-1d6cc1437f5b,155.15,,null,27.93,ml_live,21.35,ml_live,0.08279935223578168,estimated,,,0.05,0.07,0.1,inconclusive,CUSTO_INDISPONIVEL,VORTEK-CANON-1.0-ECON-2,2026-09-06T03:47:32.303Z
MLB7087435088,VTK003796,f66f6b77-8249-4728-989e-2c536f50b4e5,17b6059f-97b3-46ff-ad0a-afb314c1b069,209.84,,null,30.43,ml_live,24.45,ml_live,0.08279935223578168,estimated,,,0.07,0.1,0.15,inconclusive,CUSTO_INDISPONIVEL,VORTEK-CANON-1.0-ECON-2,2026-09-06T03:47:32.296Z
MLB7087435046,VTK003768,ab5fedd0-c3d0-4c1c-987d-79e9e80735fd,d450bafd-0592-4dd9-a59f-1043ad321a01,351.55,,null,56.25,ml_live,25.45,ml_live,0.08279935223578168,estimated,,,0.07,0.1,0.15,inconclusive,CUSTO_INDISPONIVEL,VORTEK-CANON-1.0-ECON-2,2026-09-06T03:47:32.304Z
MLB7087434718,VTK003585,ce3e0ed7-6382-4c4a-9423-9d2dbee92b0a,30b50030-6fd2-4749-a404-e2e9dfe0e195,268,,null,48.24,ml_live,24.45,ml_live,0.08279935223578168,estimated,,,0.07,0.1,0.15,inconclusive,CUSTO_INDISPONIVEL,VORTEK-CANON-1.0-ECON-2,2026-09-06T03:47:32.302Z
MLB7087434566,VTK003453,926a8a82-22f0-45e3-895d-c2402ab2062f,1d2f7c8d-de16-4e7c-94eb-30ef29317f65,270.62,,null,48.71,ml_live,23.25,ml_live,0.08279935223578168,estimated,,,0.07,0.1,0.15,inconclusive,CUSTO_INDISPONIVEL,VORTEK-CANON-1.0-ECON-2,2026-09-06T03:47:32.685Z
MLB7087433156,VTK000688,e16aec5b-32b9-492f-a391-490592bf731a,370feb33-eb6a-4107-b1f5-9bd4d384ab3b,444,,null,79.92,ml_live,25.45,ml_live,0.08279935223578168,estimated,,,0.07,0.1,0.15,inconclusive,CUSTO_INDISPONIVEL,VORTEK-CANON-1.0-ECON-2,2026-09-06T03:47:32.687Z
MLB7087433098,VTK000668,a82b44ba-9edf-4692-bb78-9278236d5c85,fb77737d-ee92-4f0d-ac3b-827cc795a4e6,206.65,,null,37.2,ml_live,27.05,ml_live,0.08279935223578168,estimated,,,0.07,0.1,0.15,inconclusive,CUSTO_INDISPONIVEL,VORTEK-CANON-1.0-ECON-2,2026-09-06T03:47:32.693Z
MLB7087432992,VTK000630,4d4a7d18-db6c-4e07-b3f2-cda3351f4f7e,8137787c-b03c-4e3f-b444-d346d0b327b0,247.04,,null,44.47,ml_live,25.45,ml_live,0.08279935223578168,estimated,,,0.07,0.1,0.15,inconclusive,CUSTO_INDISPONIVEL,VORTEK-CANON-1.0-ECON-2,2026-09-06T03:47:33.070Z
MLB7087432308,VTK000539,5672c3f8-41ab-4968-8bb5-e9ef2865507d,4f5f03a7-e065-41d5-86e4-bd231cf70f06,177,,null,31.86,ml_live,24.35,ml_live,0.08279935223578168,estimated,,,0.05,0.07,0.1,inconclusive,CUSTO_INDISPONIVEL,VORTEK-CANON-1.0-ECON-2,2026-09-06T03:47:33.069Z
MLB7087427774,VTK006540,7058ceb4-46c7-4b49-a239-b4765d0e086d,f2b67d39-3f2d-468f-ab68-5aa7e641d71f,599.48,,null,95.92,ml_live,25.55,ml_live,0.08279935223578168,estimated,,,0.07,0.1,0.15,inconclusive,CUSTO_INDISPONIVEL,VORTEK-CANON-1.0-ECON-2,2026-09-06T03:47:33.072Z
MLB7087427162,VTK006497,fc21863b-0fe6-486c-b177-98c7b3cb8495,20c7c8ac-394c-4938-850a-b96aa7ab1e91,338.78,,null,54.2,ml_live,25.45,ml_live,0.08279935223578168,estimated,,,0.07,0.1,0.15,inconclusive,CUSTO_INDISPONIVEL,VORTEK-CANON-1.0-ECON-2,2026-09-06T03:47:33.071Z
MLB7087426632,VTK006472,a8c9f435-1bfa-4d33-b935-b74aaa2864a8,8f34cc7a-c5a7-4dd9-a09b-bc75ab1d5abd,563.22,,null,76.03,ml_live,40.85,ml_live,0.08279935223578168,estimated,,,0.07,0.1,0.15,inconclusive,CUSTO_INDISPONIVEL,VORTEK-CANON-1.0-ECON-2,2026-09-06T03:47:33.444Z
MLB7087426426,VTK006453,815d7352-848f-4d7c-bf9c-60d8daeda635,c2df1b35-0071-4c37-b734-e7ee6f277e10,670.9,,null,90.57,ml_live,70.95,ml_live,0.08279935223578168,estimated,,,0.07,0.1,0.15,inconclusive,CUSTO_INDISPONIVEL,VORTEK-CANON-1.0-ECON-2,2026-09-06T03:47:33.446Z
MLB7087426120,VTK006426,430944a3-495c-4c62-84cb-b1cae3d6490b,c72749bc-bb04-48ab-bc80-d7fe6082fc6c,352.31,,null,56.37,ml_live,25.55,ml_live,0.08279935223578168,estimated,,,0.07,0.1,0.15,inconclusive,CUSTO_INDISPONIVEL,VORTEK-CANON-1.0-ECON-2,2026-09-06T03:47:33.451Z
MLB7087425408,VTK006405,089e7e97-55db-4ea0-b2a6-e4a22c17fb52,8049edfc-e4d8-4c73-95b2-ce37928635dc,759,,null,125.24,ml_live,70.95,ml_live,0.08279935223578168,estimated,,,0.07,0.1,0.15,inconclusive,CUSTO_INDISPONIVEL,VORTEK-CANON-1.0-ECON-2,2026-09-06T03:47:33.458Z
MLB7087424928,VTK006189,ea2f954c-c8d4-42db-ad04-f342c2c0b3bf,55e70a7d-dc93-46ba-ba9d-f40ff33d59f0,453,,null,63.42,ml_live,25.45,ml_live,0.08279935223578168,estimated,,,0.07,0.1,0.15,inconclusive,CUSTO_INDISPONIVEL,VORTEK-CANON-1.0-ECON-2,2026-09-06T03:47:33.899Z
MLB7087424780,VTK005817,39dcfbb6-b5c6-4ce2-935f-c1eea564f56a,6f5b0ba4-1430-4d8a-b17c-8f5661ab6b90,742.65,,null,133.68,ml_live,32.45,ml_live,0.08279935223578168,estimated,,,0.07,0.1,0.15,inconclusive,CUSTO_INDISPONIVEL,VORTEK-CANON-1.0-ECON-2,2026-09-06T03:47:33.911Z
MLB7087424322,VTK005389,d37db090-a2ed-4d5a-907e-5f0e7424439d,548d6dd1-04d5-46a1-996a-92bfeeea6bfc,299.09,,null,47.85,ml_live,24.45,ml_live,0.08279935223578168,estimated,,,0.07,0.1,0.15,inconclusive,CUSTO_INDISPONIVEL,VORTEK-CANON-1.0-ECON-2,2026-09-06T03:47:33.911Z
MLB7087424114,VTK005113,24d70a3f-e500-4c62-808b-74199e3540a0,6620a763-73d2-4912-b5b8-6e20375fd8f5,179.38,,null,32.29,ml_live,19.05,ml_live,0.08279935223578168,estimated,,,0.05,0.07,0.1,inconclusive,CUSTO_INDISPONIVEL,VORTEK-CANON-1.0-ECON-2,2026-09-06T03:47:33.893Z
MLB7087423622,VTK004606,0ae904d2-e63e-465c-85f0-62202076b9da,2b8152bf-43dc-4771-a999-9a31cac03cee,177,,null,30.09,ml_live,,unknown,0.08279935223578168,estimated,,,0.05,0.07,0.1,inconclusive,INCONCLUSIVO_FONTE_ML_INDISPONIVEL;CUSTO_INDISPONIVEL;FRETE_INDISPONIVEL,VORTEK-CANON-1.0-ECON-2,2026-09-06T03:47:34.308Z
MLB7087423144,VTK004359,8b2990b1-2706-407f-b09e-fb399473b858,d6c3a1e8-59b9-4d39-99db-86815d66da63,274.78,,null,43.96,ml_live,40.85,ml_live,0.08279935223578168,estimated,,,0.07,0.1,0.15,inconclusive,CUSTO_INDISPONIVEL,VORTEK-CANON-1.0-ECON-2,2026-09-06T03:47:34.308Z
MLB7087422968,VTK004099,f91e1201-271a-4b47-ba52-8af02fdd7c81,16884747-6031-402a-a71c-df2311c41f80,397,,null,55.58,ml_live,24.45,ml_live,0.08279935223578168,estimated,,,0.07,0.1,0.15,inconclusive,CUSTO_INDISPONIVEL,VORTEK-CANON-1.0-ECON-2,2026-09-06T03:47:34.313Z
MLB7087421608,VTK003148,7e33b447-0bec-4dba-a17c-9b654d79f162,b4ab9270-ae95-4975-be9a-c730e177aab1,161.65,,null,29.1,ml_live,19.05,ml_live,0.08279935223578168,estimated,,,0.05,0.07,0.1,inconclusive,CUSTO_INDISPONIVEL,VORTEK-CANON-1.0-ECON-2,2026-09-06T03:47:34.317Z
MLB7087416826,VTK006577,becec9a8-c7fe-47ec-acfb-5ff35e22ade6,576dd74b-0f54-416d-bd27-773db2a4c7f4,266.72,,null,42.68,ml_live,27.05,ml_live,0.08279935223578168,estimated,,,0.07,0.1,0.15,inconclusive,CUSTO_INDISPONIVEL,VORTEK-CANON-1.0-ECON-2,2026-09-06T03:47:34.711Z
MLB7087416462,VTK006550,8858d887-e76c-4618-964f-bd9eb9d0255b,ff340af7-2677-4c85-adda-87781f42c16e,251.56,,null,45.28,ml_live,24.45,ml_live,0.08279935223578168,estimated,,,0.07,0.1,0.15,inconclusive,CUSTO_INDISPONIVEL,VORTEK-CANON-1.0-ECON-2,2026-09-06T03:47:34.701Z
MLB7087415928,VTK006499,fcc16856-de2d-4d48-af40-a465186c0d56,5e2dba2c-68b4-44cb-8319-560ec7a7d93c,205,,null,32.8,ml_live,24.45,ml_live,0.08279935223578168,estimated,,,0.07,0.1,0.15,inconclusive,CUSTO_INDISPONIVEL,VORTEK-CANON-1.0-ECON-2,2026-09-06T03:47:34.704Z
MLB7087415548,VTK006492,eea8919f-123f-4b17-ab71-7a9396e4e304,8d6c5e2d-6e20-4771-934e-81c8249a18ba,314.8,,null,50.37,ml_live,25.45,ml_live,0.08279935223578168,estimated,,,0.07,0.1,0.15,inconclusive,CUSTO_INDISPONIVEL,VORTEK-CANON-1.0-ECON-2,2026-09-06T03:47:34.707Z
MLB7087415182,VTK006469,9fa812d1-20b6-40f8-bed2-7232ae121ea2,a0162019-4b8f-43f9-8526-9d212554fa1b,773,,null,127.54,ml_live,69.35,ml_live,0.08279935223578168,estimated,,,0.07,0.1,0.15,inconclusive,CUSTO_INDISPONIVEL,VORTEK-CANON-1.0-ECON-2,2026-09-06T03:47:35.093Z
MLB7087414922,VTK006435,5e7a42f6-196a-4def-a377-80426f75acd9,68dcd0fc-c7de-428a-98e5-ce90ad7f6ce5,490.48,,null,66.21,ml_live,40.85,ml_live,0.08279935223578168,estimated,,,0.07,0.1,0.15,inconclusive,CUSTO_INDISPONIVEL,VORTEK-CANON-1.0-ECON-2,2026-09-06T03:47:35.093Z
MLB7087414236,VTK006414,21402f48-a1b2-4154-8373-95e498483406,e43f5902-7863-4c87-9ac4-1f1d465972b5,600.28,,null,81.04,ml_live,29.25,ml_live,0.08279935223578168,estimated,,,0.07,0.1,0.15,inconclusive,CUSTO_INDISPONIVEL,VORTEK-CANON-1.0-ECON-2,2026-09-06T03:47:35.092Z
MLB7087414128,VTK006407,0a50ceb3-62d1-4f16-a320-6aac4befe438,b67020b4-cf85-4006-be9c-59e00e549516,323.85,,null,51.82,ml_live,25.45,ml_live,0.08279935223578168,estimated,,,0.07,0.1,0.15,inconclusive,CUSTO_INDISPONIVEL,VORTEK-CANON-1.0-ECON-2,2026-09-06T03:47:35.091Z
MLB7087413356,VTK005811,21f52c60-7125-4f0f-95cd-c51f99b5b573,fc1c2f7b-c666-425f-8324-9d71776b0bf2,131,,null,23.58,ml_live,18.15,ml_live,0.08279935223578168,estimated,,,0.05,0.07,0.1,inconclusive,CUSTO_INDISPONIVEL,VORTEK-CANON-1.0-ECON-2,2026-09-06T03:47:35.715Z
MLB7087412780,VTK005232,5603068c-4ab5-4e85-a20d-04623a9c94fa,4e8aee2a-efbd-4de5-bc3a-51d8b6951568,2299,,null,379.34,ml_live,65.85,ml_live,0.08279935223578168,estimated,,,0.1,0.15,0.2,inconclusive,CUSTO_INDISPONIVEL,VORTEK-CANON-1.0-ECON-2,2026-09-06T03:47:35.718Z
MLB7087412236,VTK004670,a6732198-2daa-4229-8b1c-dc49b4e3ee17,ef758e5f-c1d6-45ff-aae9-299461927f83,79.49,,null,14.31,ml_live,13.85,ml_live,0.08279935223578168,estimated,,,0.05,0.07,0.1,inconclusive,CUSTO_INDISPONIVEL,VORTEK-CANON-1.0-ECON-2,2026-09-06T03:47:35.724Z
MLB7087411978,VTK004441,652ee906-b243-4e11-8f04-b1735db21fa2,34f5244a-a337-4b55-bccf-1f9960bcd14b,225.52,,null,40.59,ml_live,23.25,ml_live,0.08279935223578168,estimated,,,0.07,0.1,0.15,inconclusive,CUSTO_INDISPONIVEL,VORTEK-CANON-1.0-ECON-2,2026-09-06T03:47:35.722Z
MLB7087411922,VTK004438,5a7ecdf6-b2fa-490d-b7d1-4e5968c49a5c,7502dc1a-a599-47a4-b114-2fd0652c4010,614.28,,null,98.28,ml_live,24.45,ml_live,0.08279935223578168,estimated,,,0.07,0.1,0.15,inconclusive,CUSTO_INDISPONIVEL,VORTEK-CANON-1.0-ECON-2,2026-09-06T03:47:36.116Z
MLB7087411322,VTK004062,8f07c14b-ada2-469d-867e-1a1e16213d05,2846326a-514d-4986-96f6-dcc258860c31,212.29,,null,30.78,ml_live,24.45,ml_live,0.08279935223578168,estimated,,,0.07,0.1,0.15,inconclusive,CUSTO_INDISPONIVEL,VORTEK-CANON-1.0-ECON-2,2026-09-06T03:47:36.118Z
MLB7087410670,VTK003636,5d097627-5240-4d77-9cae-49c52df8d3fe,57d0ee76-9fe9-4f3a-a3bd-dfd39732243d,1539.44,,null,254.01,ml_live,75.65,ml_live,0.08279935223578168,estimated,,,0.1,0.15,0.2,inconclusive,CUSTO_INDISPONIVEL,VORTEK-CANON-1.0-ECON-2,2026-09-06T03:47:36.117Z
MLB7087410170,VTK003184,d8038b48-da3b-4938-a4b5-8bfe55e9f4b3,4f945bb3-1c68-47b6-bb50-4c66eb41dba3,287.33,,null,51.72,ml_live,25.45,ml_live,0.08279935223578168,estimated,,,0.07,0.1,0.15,inconclusive,CUSTO_INDISPONIVEL,VORTEK-CANON-1.0-ECON-2,2026-09-06T03:47:36.119Z
MLB7087409964,VTK003077,be6db3c0-2235-4d5e-8c59-5493d3fe2590,b143022f-8041-47f1-b6e6-aea54fd215de,2643.2,,null,436.13,ml_live,69.35,ml_live,0.08279935223578168,estimated,,,0.1,0.15,0.2,inconclusive,CUSTO_INDISPONIVEL,VORTEK-CANON-1.0-ECON-2,2026-09-06T03:47:36.503Z
MLB7087409938,VTK003056,9e3c5751-7a68-4b47-9014-d87261fdad49,972c4bb7-4c51-4047-bb64-576975feaa97,182,,null,32.76,ml_live,21.75,ml_live,0.08279935223578168,estimated,,,0.05,0.07,0.1,inconclusive,CUSTO_INDISPONIVEL,VORTEK-CANON-1.0-ECON-2,2026-09-06T03:47:36.502Z
MLB7087409490,VTK002720,3cb27183-2477-4d81-9161-7e090826aa11,6978120f-676f-4208-b4df-1f8d9ee2e6d9,147.38,,null,24.32,ml_live,18.15,ml_live,0.08279935223578168,estimated,,,0.05,0.07,0.1,inconclusive,CUSTO_INDISPONIVEL,VORTEK-CANON-1.0-ECON-2,2026-09-06T03:47:36.503Z
MLB7087409374,VTK002586,d3ceccff-f55a-43c3-adef-43cf58c81de4,8762d82a-2831-4312-9959-0be44d963610,297.59,,null,53.57,ml_live,,unknown,0.08279935223578168,estimated,,,0.07,0.1,0.15,inconclusive,INCONCLUSIVO_FONTE_ML_INDISPONIVEL;CUSTO_INDISPONIVEL;FRETE_INDISPONIVEL,VORTEK-CANON-1.0-ECON-2,2026-09-06T03:47:36.501Z
MLB7087408948,VTK002461,9be3e844-c387-4c96-b5cd-9d6c5e2f8068,790e08b8-837d-48b1-9dae-678f5fa5fea0,273.39,,null,39.64,ml_live,25.45,ml_live,0.08279935223578168,estimated,,,0.07,0.1,0.15,inconclusive,CUSTO_INDISPONIVEL,VORTEK-CANON-1.0-ECON-2,2026-09-06T03:47:36.886Z
MLB7087408894,VTK002458,95fee0d7-d8dc-4c8b-a9ed-f6ae9c52abcc,337e753d-d410-4832-b1e0-8c316c654be3,1322.88,,null,218.28,ml_live,69.35,ml_live,0.08279935223578168,estimated,,,0.1,0.15,0.2,inconclusive,CUSTO_INDISPONIVEL,VORTEK-CANON-1.0-ECON-2,2026-09-06T03:47:36.882Z
MLB7087407760,VTK001969,b06f6293-4bdc-42a8-8918-0fc72ca15002,f0a4218a-b36f-46ba-b3f3-88f937dd2d54,726.6,,null,119.89,ml_live,50.75,ml_live,0.08279935223578168,estimated,,,0.07,0.1,0.15,inconclusive,CUSTO_INDISPONIVEL,VORTEK-CANON-1.0-ECON-2,2026-09-06T03:47:37.280Z
MLB7087310556,VTK000665,983e7503-f25d-4055-af38-e49171daa3fc,cf0d2a6c-767e-41de-83cf-de873a3c40d9,2221.38,,null,366.53,ml_live,25.45,ml_live,0.08279935223578168,estimated,,,0.1,0.15,0.2,inconclusive,CUSTO_INDISPONIVEL,VORTEK-CANON-1.0-ECON-2,2026-09-06T03:47:37.281Z
MLB7087310222,VTK000659,88223e1c-c02b-4e0b-82f8-8b08d5da1269,36a0469d-71ba-40ad-974d-035de25bc3bb,243,,null,35.24,ml_live,21.65,ml_live,0.08279935223578168,estimated,,,0.07,0.1,0.15,inconclusive,CUSTO_INDISPONIVEL,VORTEK-CANON-1.0-ECON-2,2026-09-06T03:47:37.279Z
MLB7087160216,VTK001310,0fcf1ccc-15c8-43d4-a5a2-3cf3219ff779,5c7bf47b-0764-48db-b863-ff88b973d725,2149.55,,null,354.68,ml_live,40.85,ml_live,0.08279935223578168,estimated,,,0.1,0.15,0.2,inconclusive,CUSTO_INDISPONIVEL,VORTEK-CANON-1.0-ECON-2,2026-09-06T03:47:37.672Z
MLB7087159922,VTK001296,f7888372-d5b1-4396-9871-d449af20a689,0aff13ee-7951-4653-aadb-3ef67054ca0f,1514.79,,null,249.94,ml_live,65.85,ml_live,0.08279935223578168,estimated,,,0.1,0.15,0.2,inconclusive,CUSTO_INDISPONIVEL,VORTEK-CANON-1.0-ECON-2,2026-09-06T03:47:37.670Z
MLB7087159626,VTK001292,f1814fd0-5e59-4274-80f7-1f55ecdc8819,ac2687a7-cc2d-4b58-a65e-98b7b3120b02,253.52,,null,34.23,ml_live,24.45,ml_live,0.08279935223578168,estimated,,,0.07,0.1,0.15,inconclusive,CUSTO_INDISPONIVEL,VORTEK-CANON-1.0-ECON-2,2026-09-06T03:47:37.680Z
MLB7087158886,VTK001270,9fcdcdf7-8900-4152-9168-9ab393754b5b,5c1a47cf-0c75-4602-adc6-b3b3a2f6737a,669.42,,null,120.5,ml_live,25.55,ml_live,0.08279935223578168,estimated,,,0.07,0.1,0.15,inconclusive,CUSTO_INDISPONIVEL,VORTEK-CANON-1.0-ECON-2,2026-09-06T03:47:37.670Z
MLB7087158376,VTK001266,977d3799-5709-4707-b0dc-74e1e4c0442f,5ed61b62-c0f4-4291-9640-99739bc43b9a,1027,,null,169.46,ml_live,40.85,ml_live,0.08279935223578168,estimated,,,0.1,0.15,0.2,inconclusive,CUSTO_INDISPONIVEL,VORTEK-CANON-1.0-ECON-2,2026-09-06T03:47:38.066Z
MLB7087156688,VTK001221,2c9d937d-83fc-40fa-945f-07166d03b518,74a3cf0e-d5f2-49e2-9bef-8cb0b47451fc,469.4,,null,84.49,ml_live,,unknown,0.08279935223578168,estimated,,,0.07,0.1,0.15,inconclusive,INCONCLUSIVO_FONTE_ML_INDISPONIVEL;CUSTO_INDISPONIVEL;FRETE_INDISPONIVEL,VORTEK-CANON-1.0-ECON-2,2026-09-06T03:47:38.069Z
MLB7087154568,VTK001177,be17dc38-4ce4-4295-94a9-8adb79588af6,0d3faa40-6ec0-48ef-81c8-6c6dd0aa22e8,408.16,,null,59.18,ml_live,32.45,ml_live,0.08279935223578168,estimated,,,0.07,0.1,0.15,inconclusive,CUSTO_INDISPONIVEL,VORTEK-CANON-1.0-ECON-2,2026-09-06T03:47:38.440Z
MLB7087153930,VTK001153,876d62dd-9c60-4492-b5aa-280f70193e4f,b3607b43-62ef-4e89-b45f-68bb718efd23,445.59,,null,64.61,ml_live,21.65,ml_live,0.08279935223578168,estimated,,,0.07,0.1,0.15,inconclusive,CUSTO_INDISPONIVEL,VORTEK-CANON-1.0-ECON-2,2026-09-06T03:47:38.443Z
MLB7087153828,VTK001152,844bd65f-2a95-46e8-a554-53a9cea36927,b72687d6-0d44-4aae-8958-bd16d1645667,1215.59,,null,200.57,ml_live,75.65,ml_live,0.08279935223578168,estimated,,,0.1,0.15,0.2,inconclusive,CUSTO_INDISPONIVEL,VORTEK-CANON-1.0-ECON-2,2026-09-06T03:47:38.444Z
MLB7087153656,VTK001150,81f99acd-88e8-4ab4-a97d-eb8916ec3ccd,1dcd9a0c-8da9-4119-a359-891e38766fac,400.45,,null,58.07,ml_live,23.25,ml_live,0.08279935223578168,estimated,,,0.07,0.1,0.15,inconclusive,CUSTO_INDISPONIVEL,VORTEK-CANON-1.0-ECON-2,2026-09-06T03:47:38.904Z
MLB7087153288,VTK001144,79a05b2b-4965-41f0-9d47-0239a65285c6,f525962a-0cf4-4c3b-9d8d-f17ce8c50bfe,2164.8,,null,346.37,ml_live,40.85,ml_live,0.08279935223578168,estimated,,,0.1,0.15,0.2,inconclusive,CUSTO_INDISPONIVEL,VORTEK-CANON-1.0-ECON-2,2026-09-06T03:47:38.907Z
MLB7087153112,VTK001141,684f253b-a782-4d36-828a-2aba17f3858a,4cca01b1-a86f-4df1-a11c-85f294ce9c80,2762,,null,455.73,ml_live,70.95,ml_live,0.08279935223578168,estimated,,,0.1,0.15,0.2,inconclusive,CUSTO_INDISPONIVEL,VORTEK-CANON-1.0-ECON-2,2026-09-06T03:47:38.915Z
MLB7087153026,VTK001138,5fcdb2d7-8fa9-4355-a862-47363dd60fed,29efa77d-12af-40ca-bab2-6a97630d3d45,1564.69,,null,258.17,ml_live,69.35,ml_live,0.08279935223578168,estimated,,,0.1,0.15,0.2,inconclusive,CUSTO_INDISPONIVEL,VORTEK-CANON-1.0-ECON-2,2026-09-06T03:47:38.904Z
MLB7087152804,VTK001129,48cda15c-0a58-49e0-926d-844c4983d685,c2df433b-ad40-4de5-b792-39654aaaf9c5,485.68,,null,68,ml_live,40.85,ml_live,0.08279935223578168,estimated,,,0.07,0.1,0.15,inconclusive,CUSTO_INDISPONIVEL,VORTEK-CANON-1.0-ECON-2,2026-09-06T03:47:39.311Z
MLB7087152648,VTK001127,456760e9-7cd8-4ad3-ab7c-a1fb4dd6c502,50d03eab-cf11-41ed-913e-ccc9ff173244,2107.9,,null,379.42,ml_live,29.25,ml_live,0.08279935223578168,estimated,,,0.1,0.15,0.2,inconclusive,CUSTO_INDISPONIVEL,VORTEK-CANON-1.0-ECON-2,2026-09-06T03:47:39.310Z
MLB7087150710,VTK001085,d44056a7-6bdd-4e0e-9600-891fe5426e55,3299cfa0-e307-4eca-b41d-3dc34f70cee3,462.8,,null,64.79,ml_live,24.45,ml_live,0.08279935223578168,estimated,,,0.07,0.1,0.15,inconclusive,CUSTO_INDISPONIVEL,VORTEK-CANON-1.0-ECON-2,2026-09-06T03:47:39.303Z
MLB7087147890,VTK001009,0d7b49cf-5aad-4f51-bb5d-4b67529adb6d,86c52831-4335-4bdb-af7d-14a7ef6420d0,575,,null,103.5,ml_live,69.35,ml_live,0.08279935223578168,estimated,,,0.07,0.1,0.15,inconclusive,CUSTO_INDISPONIVEL,VORTEK-CANON-1.0-ECON-2,2026-09-06T03:47:39.691Z
MLB7087134448,VTK001133,5ae0a966-eb6b-424b-8044-6c1f416dcba1,7d969d23-000f-47b5-89d1-cfd865a0fcea,647,,null,103.52,ml_live,40.85,ml_live,0.08279935223578168,estimated,,,0.07,0.1,0.15,inconclusive,CUSTO_INDISPONIVEL,VORTEK-CANON-1.0-ECON-2,2026-09-06T03:47:39.692Z
MLB7087133582,VTK001123,40eb19b8-45e4-47af-a4ad-7fcb5afccc6e,d5e0e8ad-ca8b-40c0-bfe6-7b1a2d13b067,328.11,,null,44.29,ml_live,24.45,ml_live,0.08279935223578168,estimated,,,0.07,0.1,0.15,inconclusive,CUSTO_INDISPONIVEL,VORTEK-CANON-1.0-ECON-2,2026-09-06T03:47:39.686Z
MLB7087133084,VTK001116,203ea46e-7725-4a04-a5ec-fda32a04e614,a21c6f60-34ad-46fe-9d80-df6791db9f95,1221.05,,null,201.47,ml_live,69.35,ml_live,0.08279935223578168,estimated,,,0.1,0.15,0.2,inconclusive,CUSTO_INDISPONIVEL,VORTEK-CANON-1.0-ECON-2,2026-09-06T03:47:39.690Z
MLB7087132280,VTK001088,dd77c4f3-d3b7-45b6-8d46-3a79d8fcef9a,af9b8fd2-d74d-438a-9de5-05dfa2699f39,1257.58,,null,207.5,ml_live,75.65,ml_live,0.08279935223578168,estimated,,,0.1,0.15,0.2,inconclusive,CUSTO_INDISPONIVEL,VORTEK-CANON-1.0-ECON-2,2026-09-06T03:47:40.076Z
MLB7087130794,VTK001053,7a95a2b1-3c79-4285-9b14-584cf578d60b,5e537940-735a-40e6-970e-6ccfaf301a74,1047.2,,null,172.79,ml_live,65.85,ml_live,0.08279935223578168,estimated,,,0.1,0.15,0.2,inconclusive,CUSTO_INDISPONIVEL,VORTEK-CANON-1.0-ECON-2,2026-09-06T03:47:40.071Z
MLB7087130104,VTK001032,4bb49f42-fec9-44c6-8799-477900f54aae,880d6aad-3507-4600-be04-a4451bfee92a,164.8,,null,22.25,ml_live,20.45,ml_live,0.08279935223578168,estimated,,,0.05,0.07,0.1,inconclusive,CUSTO_INDISPONIVEL,VORTEK-CANON-1.0-ECON-2,2026-09-06T03:47:40.535Z
MLB7087125908,VTK000837,61b49dd2-705b-43c9-a6ad-d19f4b3be37c,d933785b-b80a-4197-a5ac-b4823e82ea1a,167.38,,null,26.78,ml_live,22.25,ml_live,0.08279935223578168,estimated,,,0.05,0.07,0.1,inconclusive,CUSTO_INDISPONIVEL,VORTEK-CANON-1.0-ECON-2,2026-09-06T03:47:40.536Z
MLB7087125024,VTK000767,b2244895-46b1-42f4-b5f4-2959a7b6ca9c,d4a4d92a-dbe7-4bb6-a806-08c93de6580f,519,,null,93.42,ml_live,32.45,ml_live,0.08279935223578168,estimated,,,0.07,0.1,0.15,inconclusive,CUSTO_INDISPONIVEL,VORTEK-CANON-1.0-ECON-2,2026-09-06T03:47:40.534Z
MLB7087123632,VTK000685,d3d8f1d7-d640-47e5-ac77-97fea1510bc4,efcae771-67bb-4aaf-a526-78365fb7fda5,2906.62,,null,479.59,ml_live,70.95,ml_live,0.08279935223578168,estimated,,,0.1,0.15,0.2,inconclusive,CUSTO_INDISPONIVEL,VORTEK-CANON-1.0-ECON-2,2026-09-06T03:47:40.917Z
MLB7087123350,VTK000656,808ee690-c5a7-4143-a534-5c2cd3a1a957,1befcb77-b0df-461d-bc32-753dddb199f4,3784.24,,null,624.4,ml_live,75.65,ml_live,0.08279935223578168,estimated,,,0.1,0.15,0.2,inconclusive,CUSTO_INDISPONIVEL,VORTEK-CANON-1.0-ECON-2,2026-09-06T03:47:40.917Z
MLB7087123272,VTK000654,7d144907-e5d6-4c6c-828b-b401c6ca1179,316c5a42-2f24-4465-ac1c-61a6395973a2,3782.37,,null,624.09,ml_live,24.45,ml_live,0.08279935223578168,estimated,,,0.1,0.15,0.2,inconclusive,CUSTO_INDISPONIVEL,VORTEK-CANON-1.0-ECON-2,2026-09-06T03:47:40.916Z
MLB7087122948,VTK000647,678a49c2-06c1-417c-8e7a-5fcb1ac81cd1,a180a752-31f0-4bf4-9d12-affc0f9a2f50,2914.64,,null,480.92,ml_live,69.35,ml_live,0.08279935223578168,estimated,,,0.1,0.15,0.2,inconclusive,CUSTO_INDISPONIVEL,VORTEK-CANON-1.0-ECON-2,2026-09-06T03:47:41.297Z
MLB7087122780,VTK000644,66211a78-1df0-475e-b4db-3e0bfaf6a050,cf34cd51-510d-40be-85b9-6562d41b48dc,1613.21,,null,266.18,ml_live,24.45,ml_live,0.08279935223578168,estimated,,,0.1,0.15,0.2,inconclusive,CUSTO_INDISPONIVEL,VORTEK-CANON-1.0-ECON-2,2026-09-06T03:47:41.299Z
MLB7087122498,VTK000641,5d5ce47a-a46c-4e7b-9568-6e406a79221a,9db6a982-2515-40a7-8404-c6e11d35ac2a,2035.9,,null,366.46,ml_live,75.65,ml_live,0.08279935223578168,estimated,,,0.1,0.15,0.2,inconclusive,CUSTO_INDISPONIVEL,VORTEK-CANON-1.0-ECON-2,2026-09-06T03:47:41.306Z
MLB7087120658,VTK001118,25b9fb10-b3a8-4ee2-9cfb-c5e06597fbe7,68ec37b1-3fb7-498d-a89e-ed7105727249,1792.9,,null,295.83,ml_live,79.35,ml_live,0.08279935223578168,estimated,,,0.1,0.15,0.2,inconclusive,CUSTO_INDISPONIVEL,VORTEK-CANON-1.0-ECON-2,2026-09-06T03:47:41.684Z
MLB7087120288,VTK001106,0c0f5555-0d97-4ee2-b6b8-e9da27a3d6e4,fb5e365b-d9e4-4364-84b9-9d7cdab86a63,1191,,null,196.52,ml_live,65.85,ml_live,0.08279935223578168,estimated,,,0.1,0.15,0.2,inconclusive,CUSTO_INDISPONIVEL,VORTEK-CANON-1.0-ECON-2,2026-09-06T03:47:41.677Z
MLB7087119962,VTK001097,f30cab8e-35ac-4069-b7e8-8e119670f548,5df52279-68ac-4b6a-ba1e-9a1944ac9f1e,1007,,null,161.12,ml_live,69.35,ml_live,0.08279935223578168,estimated,,,0.1,0.15,0.2,inconclusive,CUSTO_INDISPONIVEL,VORTEK-CANON-1.0-ECON-2,2026-09-06T03:47:41.679Z
MLB7087117798,VTK001043,67edf7ea-a598-4e23-ab6b-9644a57e4392,6e264282-c21c-4793-bb63-27b8aafc52b6,292.91,,null,46.87,ml_live,27.05,ml_live,0.08279935223578168,estimated,,,0.07,0.1,0.15,inconclusive,CUSTO_INDISPONIVEL,VORTEK-CANON-1.0-ECON-2,2026-09-06T03:47:42.064Z
MLB7087117346,VTK001023,3125cb0b-25eb-4e0f-b8d9-aa9eb6252cc8,c7a8b191-2e67-4007-b724-d2d3ba55964a,225.28,,null,32.67,ml_live,25.55,ml_live,0.08279935223578168,estimated,,,0.07,0.1,0.15,inconclusive,CUSTO_INDISPONIVEL,VORTEK-CANON-1.0-ECON-2,2026-09-06T03:47:42.064Z
MLB7087117248,VTK001022,29e14506-98d4-46ae-8016-50abb3c9c6f2,048060b5-b676-41d3-bdf5-a915f26a9332,165.1,,null,23.94,ml_live,20.45,ml_live,0.08279935223578168,estimated,,,0.05,0.07,0.1,inconclusive,CUSTO_INDISPONIVEL,VORTEK-CANON-1.0-ECON-2,2026-09-06T03:47:42.063Z
MLB7087116914,VTK001015,1f179878-9004-45e2-996f-daf4cdb6f05e,40977f5b-6910-494f-b60d-2091682e06ad,176.63,,null,31.79,ml_live,20.45,ml_live,0.08279935223578168,estimated,,,0.05,0.07,0.1,inconclusive,CUSTO_INDISPONIVEL,VORTEK-CANON-1.0-ECON-2,2026-09-06T03:47:42.068Z
MLB7087116784,VTK001012,151b3713-55b2-4de5-88a1-f8839c9dc36d,53f24be0-9f05-44e7-ab0d-79796a9ca072,152,,null,22.04,ml_live,45.35,ml_live,0.08279935223578168,estimated,,,0.05,0.07,0.1,inconclusive,CUSTO_INDISPONIVEL,VORTEK-CANON-1.0-ECON-2,2026-09-06T03:47:42.440Z
MLB7087116122,VTK000993,ea63398f-f579-4e63-99e9-13234f851ae9,1852c274-3f77-4bc4-9345-161a4bfbc13b,167.94,,null,24.35,ml_live,24.35,ml_live,0.08279935223578168,estimated,,,0.05,0.07,0.1,inconclusive,CUSTO_INDISPONIVEL,VORTEK-CANON-1.0-ECON-2,2026-09-06T03:47:42.443Z
MLB7087114790,VTK000938,3cf8a758-8295-495b-8319-7c9f46202c3b,09c304cf-5e0d-4068-8836-1f5dcecbe2ce,169.27,,null,24.54,ml_live,24.35,ml_live,0.08279935223578168,estimated,,,0.05,0.07,0.1,inconclusive,CUSTO_INDISPONIVEL,VORTEK-CANON-1.0-ECON-2,2026-09-06T03:47:42.440Z
MLB7087113992,VTK000879,c14c876d-6ec4-43fd-8583-58bba43b11cf,60f1ef1e-fcd2-4472-a7ac-1ce32b6b70ec,82.57,,null,14.86,ml_live,14.45,ml_live,0.08279935223578168,estimated,,,0.05,0.07,0.1,inconclusive,CUSTO_INDISPONIVEL,VORTEK-CANON-1.0-ECON-2,2026-09-06T03:47:42.449Z
MLB7087111358,VTK000689,e680e38d-0309-4737-88ef-a28333005164,129e363f-b758-45cb-97f2-f02c0d681e64,483.98,,null,77.44,ml_live,29.25,ml_live,0.08279935223578168,estimated,,,0.07,0.1,0.15,inconclusive,CUSTO_INDISPONIVEL,VORTEK-CANON-1.0-ECON-2,2026-09-06T03:47:42.827Z
MLB7087111110,VTK000686,d45eceb2-c638-4667-89c3-9a2d1f5804d6,a881f8f5-1259-46d9-9c05-efd0be5f000c,2299,,null,379.34,ml_live,21.65,ml_live,0.08279935223578168,estimated,,,0.1,0.15,0.2,inconclusive,CUSTO_INDISPONIVEL,VORTEK-CANON-1.0-ECON-2,2026-09-06T03:47:42.829Z
MLB7087109110,VTK000620,292783d9-a64a-46cd-bbd3-b389cae660e2,cb6c6eda-27af-4d26-8ed9-a9535162cd6b,189.08,,null,34.03,ml_live,20.45,ml_live,0.08279935223578168,estimated,,,0.05,0.07,0.1,inconclusive,CUSTO_INDISPONIVEL,VORTEK-CANON-1.0-ECON-2,2026-09-06T03:47:42.830Z
MLB7087108388,VTK001112,1c40a44f-1210-4973-acb1-72efe1ee590d,f4f4a7da-197c-49ef-b79c-5f6331cec1dc,1634.77,,null,277.91,ml_live,23.25,ml_live,0.08279935223578168,estimated,,,0.1,0.15,0.2,inconclusive,CUSTO_INDISPONIVEL,VORTEK-CANON-1.0-ECON-2,2026-09-06T03:47:42.835Z
MLB7087108194,VTK001102,059e1c1d-0238-4efb-955e-63de13f713f2,9510887f-af17-40ef-bed6-cfc8c1d5e53e,248.68,,null,36.06,ml_live,21.65,ml_live,0.08279935223578168,estimated,,,0.07,0.1,0.15,inconclusive,CUSTO_INDISPONIVEL,VORTEK-CANON-1.0-ECON-2,2026-09-06T03:47:43.207Z
MLB7087107918,VTK001096,ef55f176-cf2b-405f-b2ce-48c827fc4c7d,a9ad2fc3-aaf2-4795-acf3-f32bfc0c0be8,263.5,,null,47.43,ml_live,25.45,ml_live,0.08279935223578168,estimated,,,0.07,0.1,0.15,inconclusive,CUSTO_INDISPONIVEL,VORTEK-CANON-1.0-ECON-2,2026-09-06T03:47:43.211Z
MLB7087107810,VTK001090,dee3939b-b493-4f3e-a613-2dd82ec8b3f5,be4f755c-7971-43fb-9799-ff64a82a3537,1195,,null,197.18,ml_live,75.65,ml_live,0.08279935223578168,estimated,,,0.1,0.15,0.2,inconclusive,CUSTO_INDISPONIVEL,VORTEK-CANON-1.0-ECON-2,2026-09-06T03:47:43.209Z
MLB7087106440,VTK001062,8fcc1b1f-db92-48e9-847e-bc38abdb67d2,0d65e1c5-fbf9-4a07-a060-eb99033a0cee,418.18,,null,56.45,ml_live,27.05,ml_live,0.08279935223578168,estimated,,,0.07,0.1,0.15,inconclusive,CUSTO_INDISPONIVEL,VORTEK-CANON-1.0-ECON-2,2026-09-06T03:47:43.207Z
MLB7087103632,VTK000965,8c8b1d56-2570-449e-8407-47fab8d185b6,a06ee5a2-e642-4bfe-b1e3-afb5cfc404fb,131.13,,null,21.64,ml_live,19.05,ml_live,0.08279935223578168,estimated,,,0.05,0.07,0.1,inconclusive,CUSTO_INDISPONIVEL,VORTEK-CANON-1.0-ECON-2,2026-09-06T03:47:43.673Z
MLB7087103486,VTK000960,88b6ca5b-dbc0-4562-976a-7cd843bb9d6d,6552f31f-2868-4a2f-8ac9-bd57905cd596,300.04,,null,54.01,ml_live,25.45,ml_live,0.08279935223578168,estimated,,,0.07,0.1,0.15,inconclusive,CUSTO_INDISPONIVEL,VORTEK-CANON-1.0-ECON-2,2026-09-06T03:47:43.664Z
MLB7087103398,VTK000959,804056af-ed25-431f-a761-46e03bd7ab9f,69dae296-e93c-4e13-b6fe-ac054c2032fd,527.94,,null,84.47,ml_live,79.35,ml_live,0.08279935223578168,estimated,,,0.07,0.1,0.15,inconclusive,CUSTO_INDISPONIVEL,VORTEK-CANON-1.0-ECON-2,2026-09-06T03:47:43.665Z
MLB7087102154,VTK000906,0f541d15-7f3d-4dd1-9388-7a1a1005900d,8bccc57d-1659-4cef-a632-c8f25024c07a,170.72,,null,24.75,ml_live,24.35,ml_live,0.08279935223578168,estimated,,,0.05,0.07,0.1,inconclusive,CUSTO_INDISPONIVEL,VORTEK-CANON-1.0-ECON-2,2026-09-06T03:47:43.679Z
MLB7087102032,VTK000898,f985dee8-b3fb-47f6-bf58-b30db27914ee,0090fc35-ddbe-452c-b563-eb603dc2273a,528,,null,87.12,ml_live,23.25,ml_live,0.08279935223578168,estimated,,,0.07,0.1,0.15,inconclusive,CUSTO_INDISPONIVEL,VORTEK-CANON-1.0-ECON-2,2026-09-06T03:47:44.054Z
MLB7087100340,VTK000771,bfe7d714-125c-4629-9e04-f9757e8657fb,8a056cf6-0a98-46a7-b06d-35c6b16c9c94,2866,,null,515.88,ml_live,29.25,ml_live,0.08279935223578168,estimated,,,0.1,0.15,0.2,inconclusive,CUSTO_INDISPONIVEL,VORTEK-CANON-1.0-ECON-2,2026-09-06T03:47:44.055Z
MLB7087099352,VTK000695,f66523b3-98ce-466c-9750-9616c846f28c,17648ceb-0e1f-469c-a61a-59636d12b12d,2621.55,,null,432.56,ml_live,25.45,ml_live,0.08279935223578168,estimated,,,0.1,0.15,0.2,inconclusive,CUSTO_INDISPONIVEL,VORTEK-CANON-1.0-ECON-2,2026-09-06T03:47:44.055Z
MLB7087099276,VTK000693,f19cda3d-f929-4662-9525-bd901c6d96cd,2d9c5c95-510b-47ff-b763-84812270e5fd,512.52,,null,92.25,ml_live,69.35,ml_live,0.08279935223578168,estimated,,,0.07,0.1,0.15,inconclusive,CUSTO_INDISPONIVEL,VORTEK-CANON-1.0-ECON-2,2026-09-06T03:47:44.053Z
MLB7087098166,VTK000648,68d1c386-d864-4353-af28-b62759b6510e,d96feca7-8377-4e1d-aef4-57f203639193,1220,,null,219.6,ml_live,65.85,ml_live,0.08279935223578168,estimated,,,0.1,0.15,0.2,inconclusive,CUSTO_INDISPONIVEL,VORTEK-CANON-1.0-ECON-2,2026-09-06T03:47:44.439Z
MLB7087097302,VTK000631,4e6fc40c-7082-41e5-8181-3a0aa7cb3dc9,fd28b938-b3ab-4715-b8b9-8f77f32492ab,2940.47,,null,485.18,ml_live,50.75,ml_live,0.08279935223578168,estimated,,,0.1,0.15,0.2,inconclusive,CUSTO_INDISPONIVEL,VORTEK-CANON-1.0-ECON-2,2026-09-06T03:47:44.438Z
MLB7087096390,VTK000614,14b30b8b-2d74-4b8d-b2e4-229acbb3810f,463a65ec-917f-4cd8-8ef1-5e247fa745f0,477.58,,null,85.96,ml_live,24.45,ml_live,0.08279935223578168,estimated,,,0.07,0.1,0.15,inconclusive,CUSTO_INDISPONIVEL,VORTEK-CANON-1.0-ECON-2,2026-09-06T03:47:44.439Z
MLB7087096314,VTK000609,123e70d5-dd80-4743-9530-b97d2c88e505,43032433-e11a-4a8e-a4ec-876c1ebf3f0b,268,,null,48.24,ml_live,24.45,ml_live,0.08279935223578168,estimated,,,0.07,0.1,0.15,inconclusive,CUSTO_INDISPONIVEL,VORTEK-CANON-1.0-ECON-2,2026-09-06T03:47:44.830Z
MLB7087038646,VTK000383,cfbcba5c-ec6f-4ed8-9e2d-db57f610dcfb,76bde2a9-ec4b-4ebe-81e7-03bf22770a26,414,,null,74.52,ml_live,69.35,ml_live,0.08279935223578168,estimated,,,0.07,0.1,0.15,inconclusive,CUSTO_INDISPONIVEL,VORTEK-CANON-1.0-ECON-2,2026-09-06T03:47:44.835Z
MLB7087038170,VTK000309,16b2f75f-e128-4f6f-9097-356b277fa19c,488596ed-1764-42e1-a846-86bdccbb2701,516.4,,null,92.95,ml_live,65.85,ml_live,0.08279935223578168,estimated,,,0.07,0.1,0.15,inconclusive,CUSTO_INDISPONIVEL,VORTEK-CANON-1.0-ECON-2,2026-09-06T03:47:44.831Z
MLB7087037576,VTK000207,16c57407-f448-48de-9eca-245f9716e1f3,c47d809a-c640-4e30-91c5-6791c682d25a,590.77,,null,106.34,ml_live,65.85,ml_live,0.08279935223578168,estimated,,,0.07,0.1,0.15,inconclusive,CUSTO_INDISPONIVEL,VORTEK-CANON-1.0-ECON-2,2026-09-06T03:47:45.234Z
MLB7087034132,VTK000338,53912ddf-f8ec-4a7f-acb1-29385ef26799,1b1f317e-eef3-4879-8321-0127c9a4ece6,113,,null,20.34,ml_live,16.15,ml_live,0.08279935223578168,estimated,,,0.05,0.07,0.1,inconclusive,CUSTO_INDISPONIVEL,VORTEK-CANON-1.0-ECON-2,2026-09-06T03:47:45.231Z
MLB7087033726,VTK000328,4123f0f1-47f8-4336-b657-08d9058bfed9,14c24a2a-15e9-4508-ba1c-d67e048fc853,292.07,,null,46.73,ml_live,40.85,ml_live,0.08279935223578168,estimated,,,0.07,0.1,0.15,inconclusive,CUSTO_INDISPONIVEL,VORTEK-CANON-1.0-ECON-2,2026-09-06T03:47:45.230Z
MLB7087033006,VTK000307,111eae7c-fbda-4905-9409-4179a2be2ffc,761487a9-dfc4-4daa-bd2c-14ed6572a3e1,208.98,,null,37.62,ml_live,24.45,ml_live,0.08279935223578168,estimated,,,0.07,0.1,0.15,inconclusive,CUSTO_INDISPONIVEL,VORTEK-CANON-1.0-ECON-2,2026-09-06T03:47:45.736Z
MLB7087032006,VTK000267,be7e6121-f9d4-47b6-85a3-4990c26efcc0,c20c76b8-ec99-4990-a1ec-2fb5d68e25cd,460,,null,66.7,ml_live,49.35,ml_live,0.08279935223578168,estimated,,,0.07,0.1,0.15,inconclusive,CUSTO_INDISPONIVEL,VORTEK-CANON-1.0-ECON-2,2026-09-06T03:47:45.734Z
MLB7086991154,VTK000379,c01a34cc-70fd-4c51-a7c8-77db999a4933,93f2f7b0-5071-4f21-88c8-843b20229574,350.25,,null,49.04,ml_live,23.25,ml_live,0.08279935223578168,estimated,,,0.07,0.1,0.15,inconclusive,CUSTO_INDISPONIVEL,VORTEK-CANON-1.0-ECON-2,2026-09-06T03:47:45.735Z
MLB7086990710,VTK000353,793d033e-fe50-41c6-8623-821a0c63314a,bdbb29ac-1f81-4731-8cfc-78e268d6b267,357,,null,57.12,ml_live,40.85,ml_live,0.08279935223578168,estimated,,,0.07,0.1,0.15,inconclusive,CUSTO_INDISPONIVEL,VORTEK-CANON-1.0-ECON-2,2026-09-06T03:47:45.735Z
MLB7086990248,VTK000335,4f140ef8-119b-4eb6-a70b-9fb7e59f3f33,cbae09b5-7008-4e18-9c96-7f82c3885c70,833,,null,137.44,ml_live,50.75,ml_live,0.08279935223578168,estimated,,,0.07,0.1,0.15,inconclusive,CUSTO_INDISPONIVEL,VORTEK-CANON-1.0-ECON-2,2026-09-06T03:47:46.115Z
MLB7086989850,VTK000326,3e7f098f-01fe-4e1f-a268-f252182436ec,a9e1525b-f34f-42d4-b560-f6dca6a8857c,357,,null,57.12,ml_live,40.85,ml_live,0.08279935223578168,estimated,,,0.07,0.1,0.15,inconclusive,CUSTO_INDISPONIVEL,VORTEK-CANON-1.0-ECON-2,2026-09-06T03:47:46.120Z
MLB7086989750,VTK000325,3d0d1af2-1db1-4bed-80e6-3f0475ddf506,937f5091-6333-44ad-9298-4501362d9fb9,292.07,,null,46.73,ml_live,40.85,ml_live,0.08279935223578168,estimated,,,0.07,0.1,0.15,inconclusive,CUSTO_INDISPONIVEL,VORTEK-CANON-1.0-ECON-2,2026-09-06T03:47:46.116Z
MLB7086989538,VTK000311,17a621b8-f6de-41f0-9000-f39992a0eadb,fd884b6f-dca6-4931-acb3-c6c9e15f17f8,199,,null,28.86,ml_live,26.35,ml_live,0.08279935223578168,estimated,,,0.05,0.07,0.1,inconclusive,CUSTO_INDISPONIVEL,VORTEK-CANON-1.0-ECON-2,2026-09-06T03:47:46.118Z
MLB7086985168,VTK000152,7d633413-eb70-4bf8-91af-8fe11534c6a2,1309908b-596a-47ad-8b86-bc86ba47ad80,129,,null,23.22,ml_live,18.15,ml_live,0.08279935223578168,estimated,,,0.05,0.07,0.1,inconclusive,CUSTO_INDISPONIVEL,VORTEK-CANON-1.0-ECON-2,2026-09-06T03:47:46.509Z
MLB7086982022,VTK000095,f862c661-82cc-4751-93f9-e3b49bc0c803,64df4666-19b5-480d-b6d1-332496f50c83,233.75,,null,39.74,ml_live,21.65,ml_live,0.08279935223578168,estimated,,,0.07,0.1,0.15,inconclusive,CUSTO_INDISPONIVEL,VORTEK-CANON-1.0-ECON-2,2026-09-06T03:47:46.513Z
MLB7086981900,VTK000071,c4feedde-2416-4ba5-8812-4fccd2038f73,8f1fa7a5-0ddf-4640-a62e-4f88eac937df,300.6,,null,40.58,ml_live,27.05,ml_live,0.08279935223578168,estimated,,,0.07,0.1,0.15,inconclusive,CUSTO_INDISPONIVEL,VORTEK-CANON-1.0-ECON-2,2026-09-06T03:47:46.897Z
MLB7086981684,VTK000014,1ecabe3a-14c8-453d-903e-9f0419ea3078,fddf798a-8047-4b28-a46c-e6a517dc1e0b,463.03,,null,62.51,ml_live,27.05,ml_live,0.08279935223578168,estimated,,,0.07,0.1,0.15,inconclusive,CUSTO_INDISPONIVEL,VORTEK-CANON-1.0-ECON-2,2026-09-06T03:47:46.896Z
MLB7086977842,VTK000349,75822adf-d62e-4103-ad1c-23af7c68cd1c,f06bb708-f9e4-4f8c-8c5f-06525f82aa4a,357,,null,57.12,ml_live,40.85,ml_live,0.08279935223578168,estimated,,,0.07,0.1,0.15,inconclusive,CUSTO_INDISPONIVEL,VORTEK-CANON-1.0-ECON-2,2026-09-06T03:47:46.896Z
MLB7086975088,VTK000266,bc00f384-ea27-4b71-ab9b-7d6f1bee0ee6,66605a45-29aa-4707-9db0-5674db03e747,1248.99,,null,206.08,ml_live,69.35,ml_live,0.08279935223578168,estimated,,,0.1,0.15,0.2,inconclusive,CUSTO_INDISPONIVEL,VORTEK-CANON-1.0-ECON-2,2026-09-06T03:47:46.897Z
MLB7086973158,VTK000196,f5a6f7a7-72ea-4b9e-a2db-6d9aa43311dc,531df2b3-0d68-4630-8ab1-e6e1a4c0a8c1,530,,null,71.55,ml_live,49.35,ml_live,0.08279935223578168,estimated,,,0.07,0.1,0.15,inconclusive,CUSTO_INDISPONIVEL,VORTEK-CANON-1.0-ECON-2,2026-09-06T03:47:47.278Z
MLB7086971984,VTK000131,2f5c9918-0568-4903-be0b-89a48554b010,268a956a-67ba-4b32-9b6c-b712df005935,140,,null,23.1,ml_live,19.05,ml_live,0.08279935223578168,estimated,,,0.05,0.07,0.1,inconclusive,CUSTO_INDISPONIVEL,VORTEK-CANON-1.0-ECON-2,2026-09-06T03:47:47.277Z
MLB7086971880,VTK000130,2e154427-0a28-4b4a-b2e2-86ceaf512a79,56efe969-284f-434a-964c-c3c4a8444cbb,1502.5,,null,240.4,ml_live,25.45,ml_live,0.08279935223578168,estimated,,,0.1,0.15,0.2,inconclusive,CUSTO_INDISPONIVEL,VORTEK-CANON-1.0-ECON-2,2026-09-06T03:47:47.278Z
MLB7086965010,VTK000334,49a52d6d-d915-4c2a-ba70-c81f8a2ba292,c6b278c9-4d88-406a-bbbe-0598c6843d9d,357,,null,57.12,ml_live,40.85,ml_live,0.08279935223578168,estimated,,,0.07,0.1,0.15,inconclusive,CUSTO_INDISPONIVEL,VORTEK-CANON-1.0-ECON-2,2026-09-06T03:47:47.279Z
MLB7086961556,VTK000242,8aed1626-683b-4c6d-8238-b02907f2d767,0e06c317-40ba-42f2-90a5-bbca6155d67f,240.68,,null,34.9,ml_live,21.65,ml_live,0.08279935223578168,estimated,,,0.07,0.1,0.15,inconclusive,CUSTO_INDISPONIVEL,VORTEK-CANON-1.0-ECON-2,2026-09-06T03:47:47.656Z
MLB7086959720,VTK000138,39c5e4bd-bc66-44e7-ab26-3b3f525f39a3,924f173d-eea9-4d29-ba29-fc4ac8e092cc,277.47,,null,49.94,ml_live,29.25,ml_live,0.08279935223578168,estimated,,,0.07,0.1,0.15,inconclusive,CUSTO_INDISPONIVEL,VORTEK-CANON-1.0-ECON-2,2026-09-06T03:47:47.662Z
MLB7086959070,VTK000068,bca945c1-9100-43fd-85ed-5e8a663a1f92,5f26e8ff-4313-413d-973a-7ebf9c779a3b,643.46,,null,93.3,ml_live,69.35,ml_live,0.08279935223578168,estimated,,,0.07,0.1,0.15,inconclusive,CUSTO_INDISPONIVEL,VORTEK-CANON-1.0-ECON-2,2026-09-06T03:47:47.659Z
MLB7086956578,VTK000062,b2b2588b-4372-4890-833c-3f0c6e90f121,c19bba50-639b-437e-a276-a7e18ff36ec0,650.35,,null,87.8,ml_live,45.25,ml_live,0.08279935223578168,estimated,,,0.07,0.1,0.15,inconclusive,CUSTO_INDISPONIVEL,VORTEK-CANON-1.0-ECON-2,2026-09-06T03:47:48.056Z
MLB7086786352,VTK000206,158b1e40-f4cc-4731-bb74-373361be46a8,667d4e74-230d-4a40-93d2-b02b4b469735,550.96,,null,99.17,ml_live,,unknown,0.08279935223578168,estimated,,,0.07,0.1,0.15,inconclusive,INCONCLUSIVO_FONTE_ML_INDISPONIVEL;CUSTO_INDISPONIVEL;FRETE_INDISPONIVEL,VORTEK-CANON-1.0-ECON-2,2026-09-06T03:47:48.063Z
MLB7086784104,VTK000222,5b253f01-0345-4931-b5fc-19599f862422,ff6235bb-4be8-46cb-a8ec-e68aaeb10d8d,2094.54,,null,377.02,ml_live,23.25,ml_live,0.08279935223578168,estimated,,,0.1,0.15,0.2,inconclusive,CUSTO_INDISPONIVEL,VORTEK-CANON-1.0-ECON-2,2026-09-06T03:47:48.062Z
MLB7086783518,VTK000354,799190b0-0f3f-459e-b76b-f4cf0d5fd64a,b47e81fb-a2a9-42ae-ad7d-b0153ec4baf8,354.67,,null,63.84,ml_live,24.45,ml_live,0.08279935223578168,estimated,,,0.07,0.1,0.15,inconclusive,CUSTO_INDISPONIVEL,VORTEK-CANON-1.0-ECON-2,2026-09-06T03:47:48.543Z
MLB4842270933,VTK001010,0e462493-1c9a-4108-8fb7-e7bc4b5a065a,ec249973-b3dc-4eb6-ab37-3026c45b7bd8,712.3,,null,117.53,ml_live,65.85,ml_live,0.08279935223578168,estimated,,,0.07,0.1,0.15,inconclusive,CUSTO_INDISPONIVEL,VORTEK-CANON-1.0-ECON-2,2026-09-06T03:47:48.525Z
MLB4842269565,VTK000624,335fa89d-e35f-42b0-8164-b54da652feea,905a5f6a-a8ea-41f4-ae9a-5cb48120e4c4,297.38,,null,53.53,ml_live,29.25,ml_live,0.08279935223578168,estimated,,,0.07,0.1,0.15,inconclusive,CUSTO_INDISPONIVEL,VORTEK-CANON-1.0-ECON-2,2026-09-06T03:47:48.528Z
MLB4842216197,VTK006562,964dc680-63e2-445c-adf5-38d3611de7ab,0335df4b-1012-4b37-a3ac-a645ccef9ea4,970,,null,160.05,ml_live,25.55,ml_live,0.08279935223578168,estimated,,,0.07,0.1,0.15,inconclusive,CUSTO_INDISPONIVEL,VORTEK-CANON-1.0-ECON-2,2026-09-06T03:47:48.958Z
MLB4842215967,VTK006531,48184807-f726-4199-92da-0210f51b90a9,5df6ab40-827f-4b50-8ade-7c2909a44c32,708.22,,null,113.32,ml_live,70.95,ml_live,0.08279935223578168,estimated,,,0.07,0.1,0.15,inconclusive,CUSTO_INDISPONIVEL,VORTEK-CANON-1.0-ECON-2,2026-09-06T03:47:48.957Z
MLB4842215299,VTK006494,f5c0cfe0-0477-4f7e-8d58-31b8300c6935,438a7a57-bfa3-49bd-88a6-973919511e57,267,,null,42.72,ml_live,29.25,ml_live,0.08279935223578168,estimated,,,0.07,0.1,0.15,inconclusive,CUSTO_INDISPONIVEL,VORTEK-CANON-1.0-ECON-2,2026-09-06T03:47:48.958Z
MLB4842215155,VTK006482,dab33498-5d56-4374-98e4-d0f5a12ce165,cd5522e0-f3fd-42a6-8403-702062427d37,433.94,,null,69.43,ml_live,25.55,ml_live,0.08279935223578168,estimated,,,0.07,0.1,0.15,inconclusive,CUSTO_INDISPONIVEL,VORTEK-CANON-1.0-ECON-2,2026-09-06T03:47:48.959Z
MLB4842214881,VTK006470,a1a1fb99-3049-422c-a552-1dccad425768,e2bfeaa7-2d7d-4e0f-abec-a24fc2165f64,352.31,,null,56.37,ml_live,25.55,ml_live,0.08279935223578168,estimated,,,0.07,0.1,0.15,inconclusive,CUSTO_INDISPONIVEL,VORTEK-CANON-1.0-ECON-2,2026-09-06T03:47:49.337Z
MLB4842213761,VTK006402,062456b3-3f19-499d-9653-09feb321d111,9a0c372a-ac88-4371-8994-ea53d89ea2d0,323.85,,null,51.82,ml_live,25.45,ml_live,0.08279935223578168,estimated,,,0.07,0.1,0.15,inconclusive,CUSTO_INDISPONIVEL,VORTEK-CANON-1.0-ECON-2,2026-09-06T03:47:49.331Z
MLB4842213067,VTK005685,e21010f1-76bf-470f-bc99-f02c1da5ebec,e50418b0-dcc3-4087-befc-2879f2e0253b,2149.55,,null,354.68,ml_live,40.85,ml_live,0.08279935223578168,estimated,,,0.1,0.15,0.2,inconclusive,CUSTO_INDISPONIVEL,VORTEK-CANON-1.0-ECON-2,2026-09-06T03:47:49.332Z
MLB4842212927,VTK005636,627815e7-b889-4cf6-8e99-c6aa3a0bc369,4991270f-e552-43cb-92b8-33140d63e64c,2035.9,,null,366.46,ml_live,75.65,ml_live,0.08279935223578168,estimated,,,0.1,0.15,0.2,inconclusive,CUSTO_INDISPONIVEL,VORTEK-CANON-1.0-ECON-2,2026-09-06T03:47:49.333Z
MLB4842211867,VTK004501,0133c365-6651-4f39-97e0-9f98b6bcb8de,a3b5a139-adc3-4021-867c-9b44e6a91567,1990,,null,318.4,ml_live,25.45,ml_live,0.08279935223578168,estimated,,,0.1,0.15,0.2,inconclusive,CUSTO_INDISPONIVEL,VORTEK-CANON-1.0-ECON-2,2026-09-06T03:47:49.709Z
MLB4842210925,VTK003902,05a0741c-72b4-41c2-a924-ba350819ca1d,425b4561-af68-40b2-9735-917dd3d119e9,181.44,,null,32.66,ml_live,21.35,ml_live,0.08279935223578168,estimated,,,0.05,0.07,0.1,inconclusive,CUSTO_INDISPONIVEL,VORTEK-CANON-1.0-ECON-2,2026-09-06T03:47:49.708Z
MLB4842210135,VTK003245,7b48b66b-4dd1-4202-9367-30de4c274019,70c1abe2-2fbb-40f2-be1c-1b463c813720,144.08,,null,25.93,ml_live,18.15,ml_live,0.08279935223578168,estimated,,,0.05,0.07,0.1,inconclusive,CUSTO_INDISPONIVEL,VORTEK-CANON-1.0-ECON-2,2026-09-06T03:47:50.091Z
MLB4842209909,VTK003165,aca5b3d1-006e-4d84-931a-ecca7c7d22b3,b7a04f3e-79db-4536-9c51-62e3ad379171,236,,null,42.48,ml_live,21.65,ml_live,0.08279935223578168,estimated,,,0.07,0.1,0.15,inconclusive,CUSTO_INDISPONIVEL,VORTEK-CANON-1.0-ECON-2,2026-09-06T03:47:50.089Z
MLB4842209769,VTK003020,3add1bcd-eeee-4aa0-829e-8aa532823fc6,6e5d8b38-556b-4ec5-a8c4-70517bf68ece,1538.65,,null,253.88,ml_live,91.95,ml_live,0.08279935223578168,estimated,,,0.1,0.15,0.2,inconclusive,CUSTO_INDISPONIVEL,VORTEK-CANON-1.0-ECON-2,2026-09-06T03:47:50.092Z
MLB4842209623,VTK003006,0d3d6d0e-da43-45e5-92d9-a3a164c87ebf,8beab35d-9a82-4b4d-a21c-eb815e2bd156,182,,null,32.76,ml_live,21.35,ml_live,0.08279935223578168,estimated,,,0.05,0.07,0.1,inconclusive,CUSTO_INDISPONIVEL,VORTEK-CANON-1.0-ECON-2,2026-09-06T03:47:50.094Z
MLB4842209417,VTK002778,cbf44483-fb54-4680-80c1-d8d89bcfe1f1,ed367165-9fad-4f0e-90bb-a2c920e5cba2,134,,null,24.12,ml_live,16.95,ml_live,0.08279935223578168,estimated,,,0.05,0.07,0.1,inconclusive,CUSTO_INDISPONIVEL,VORTEK-CANON-1.0-ECON-2,2026-09-06T03:47:50.468Z
MLB4842209171,VTK002584,d37d1523-76cd-4823-a020-dfbfbb1336af,8cd8e425-b872-400b-a479-a4c851ce514c,1203.48,,null,198.57,ml_live,70.95,ml_live,0.08279935223578168,estimated,,,0.1,0.15,0.2,inconclusive,CUSTO_INDISPONIVEL,VORTEK-CANON-1.0-ECON-2,2026-09-06T03:47:50.470Z
MLB4842209113,VTK002557,9cd25dd6-a0cc-49fa-a954-c64413e51353,cb4e7b1f-91a2-49c4-b2b1-8c56cd12cb69,1159.59,,null,191.33,ml_live,70.95,ml_live,0.08279935223578168,estimated,,,0.1,0.15,0.2,inconclusive,CUSTO_INDISPONIVEL,VORTEK-CANON-1.0-ECON-2,2026-09-06T03:47:50.467Z
MLB4842208919,VTK002530,6d64af91-0b3f-4e53-86a9-f96f9671406e,1e6d9b60-a7c7-4454-a34b-821caa765225,186.83,,null,33.63,ml_live,29.25,ml_live,0.08279935223578168,estimated,,,0.05,0.07,0.1,inconclusive,CUSTO_INDISPONIVEL,VORTEK-CANON-1.0-ECON-2,2026-09-06T03:47:50.469Z
MLB4842208633,VTK002383,d108cccc-3499-4aa5-872b-077388685a59,19e702ab-79c2-4b5e-b0f0-2f72d39f1b86,168.9,,null,30.4,ml_live,20.45,ml_live,0.08279935223578168,estimated,,,0.05,0.07,0.1,inconclusive,CUSTO_INDISPONIVEL,VORTEK-CANON-1.0-ECON-2,2026-09-06T03:47:50.866Z
MLB4842208441,VTK002320,359da92f-b99c-4b0c-9bdc-bb02d4501eaa,c2a4706a-d39e-482c-8006-772af27e50fb,587.37,,null,85.17,ml_live,21.65,ml_live,0.08279935223578168,estimated,,,0.07,0.1,0.15,inconclusive,CUSTO_INDISPONIVEL,VORTEK-CANON-1.0-ECON-2,2026-09-06T03:47:50.864Z
MLB4842207579,VTK001927,4d5d4619-4388-48c7-af78-f304df7af923,3cab8bd4-ca63-4ab2-8674-93c9ec9a39ec,1990,,null,318.4,ml_live,29.25,ml_live,0.08279935223578168,estimated,,,0.1,0.15,0.2,inconclusive,CUSTO_INDISPONIVEL,VORTEK-CANON-1.0-ECON-2,2026-09-06T03:47:50.856Z
MLB4842207261,VTK001851,7db8737f-0d83-4aea-9c33-099ae8f9e03e,bcf1fc4a-d4b1-4c51-9bcc-9e264bbe7538,250,,null,33.75,ml_live,29.25,ml_live,0.08279935223578168,estimated,,,0.07,0.1,0.15,inconclusive,CUSTO_INDISPONIVEL,VORTEK-CANON-1.0-ECON-2,2026-09-06T03:47:50.852Z
MLB4842207161,VTK001828,4478f628-2b32-4d3b-849d-a6a00dc89b49,289745be-da60-4bdb-af40-e3045bd40fa2,164.47,,null,23.85,ml_live,29.25,ml_live,0.08279935223578168,estimated,,,0.05,0.07,0.1,inconclusive,CUSTO_INDISPONIVEL,VORTEK-CANON-1.0-ECON-2,2026-09-06T03:47:51.256Z
MLB4842206427,VTK001610,220b6ecb-a7e4-49a3-924b-56f395f42f03,7f014cfb-c8ea-407b-9673-7a767b25ae27,783.14,,null,129.22,ml_live,49.35,ml_live,0.08279935223578168,estimated,,,0.07,0.1,0.15,inconclusive,CUSTO_INDISPONIVEL,VORTEK-CANON-1.0-ECON-2,2026-09-06T03:47:51.256Z
MLB4842206261,VTK001592,e8cd4c5d-b955-42fe-b992-79041f69fa4c,db8be35f-df63-440b-949a-ab943fe84ff0,756,,null,124.74,ml_live,21.65,ml_live,0.08279935223578168,estimated,,,0.07,0.1,0.15,inconclusive,CUSTO_INDISPONIVEL,VORTEK-CANON-1.0-ECON-2,2026-09-06T03:47:51.256Z
MLB4842205725,VTK001487,db247d17-ea59-49e1-a97a-3b25477897ee,53d68b9e-4be9-475c-a625-b44e2b6ad695,338.78,,null,54.2,ml_live,25.45,ml_live,0.08279935223578168,estimated,,,0.07,0.1,0.15,inconclusive,CUSTO_INDISPONIVEL,VORTEK-CANON-1.0-ECON-2,2026-09-06T03:47:51.255Z
MLB4842205237,VTK001479,c777c32c-820e-49d3-845e-e40de6d61eb7,f0b2b449-4575-4b5e-9cf0-8e13a443aeee,590.61,,null,94.5,ml_live,49.35,ml_live,0.08279935223578168,estimated,,,0.07,0.1,0.15,inconclusive,CUSTO_INDISPONIVEL,VORTEK-CANON-1.0-ECON-2,2026-09-06T03:47:51.637Z
MLB4842190207,VTK002547,8f7e0814-a7c9-46ba-99f1-9005cb2b79b3,56c821d4-aaa9-430a-bcbf-c2cac70fd8f3,1203.48,,null,198.57,ml_live,70.95,ml_live,0.08279935223578168,estimated,,,0.1,0.15,0.2,inconclusive,CUSTO_INDISPONIVEL,VORTEK-CANON-1.0-ECON-2,2026-09-06T03:47:51.644Z
MLB4842190157,VTK002541,7ec1f8ab-17ff-437c-a08d-6f29cd73bb21,6b873b9f-a534-4771-98b3-444dbc6a0b05,1039,,null,171.44,ml_live,69.35,ml_live,0.08279935223578168,estimated,,,0.1,0.15,0.2,inconclusive,CUSTO_INDISPONIVEL,VORTEK-CANON-1.0-ECON-2,2026-09-06T03:47:51.643Z
MLB4842190029,VTK002484,d3eb1f07-202c-4fba-be71-8e0d9fd15d7f,f96d48ed-152e-4cab-b6b6-c2720aa3a202,175.96,,null,31.67,ml_live,21.75,ml_live,0.08279935223578168,estimated,,,0.05,0.07,0.1,inconclusive,CUSTO_INDISPONIVEL,VORTEK-CANON-1.0-ECON-2,2026-09-06T03:47:51.647Z
MLB4842189823,VTK002432,581e1dcb-a5c4-4843-abfc-3eeec9041c38,62be2336-426d-495f-aa67-910c2a5be372,570.52,,null,94.14,ml_live,25.45,ml_live,0.08279935223578168,estimated,,,0.07,0.1,0.15,inconclusive,CUSTO_INDISPONIVEL,VORTEK-CANON-1.0-ECON-2,2026-09-06T03:47:52.026Z
MLB4842189049,VTK002089,e390fb7f-6e86-4832-b748-021654f8298a,1dbf8d53-c7bf-4fdb-83eb-b14d931d7f6d,225.73,,null,40.63,ml_live,32.45,ml_live,0.08279935223578168,estimated,,,0.07,0.1,0.15,inconclusive,CUSTO_INDISPONIVEL,VORTEK-CANON-1.0-ECON-2,2026-09-06T03:47:52.027Z
MLB4842189001,VTK002024,439c2888-85aa-463a-8008-155069658b3f,a8fef404-b38d-4ac5-8df4-3ae3d3286628,495.06,,null,79.21,ml_live,70.95,ml_live,0.08279935223578168,estimated,,,0.07,0.1,0.15,inconclusive,CUSTO_INDISPONIVEL,VORTEK-CANON-1.0-ECON-2,2026-09-06T03:47:52.026Z
MLB4842188645,VTK001885,cce568e2-5899-4632-b94f-c8bb3dc4af2e,cef7f1c2-f718-4788-bc04-19d0e99eff8e,1011.96,,null,166.97,ml_live,50.75,ml_live,0.08279935223578168,estimated,,,0.1,0.15,0.2,inconclusive,CUSTO_INDISPONIVEL,VORTEK-CANON-1.0-ECON-2,2026-09-06T03:47:52.390Z
MLB4842188575,VTK001880,b7200017-533f-4add-aa4d-4b9286eedb47,38cbd95e-efc3-43de-afc6-a988da2b10d3,208.89,,null,37.6,ml_live,,unknown,0.08279935223578168,estimated,,,0.07,0.1,0.15,inconclusive,INCONCLUSIVO_FONTE_ML_INDISPONIVEL;CUSTO_INDISPONIVEL;FRETE_INDISPONIVEL,VORTEK-CANON-1.0-ECON-2,2026-09-06T03:47:52.400Z
MLB4842188519,VTK001878,b38500c6-19b0-49f4-9b95-b9b14356e1db,4a3c3cc9-1251-4469-b54b-2d7edce58424,183,,null,32.94,ml_live,21.35,ml_live,0.08279935223578168,estimated,,,0.05,0.07,0.1,inconclusive,CUSTO_INDISPONIVEL,VORTEK-CANON-1.0-ECON-2,2026-09-06T03:47:52.393Z
MLB4842188319,VTK001769,a21d0344-92b3-46c9-9b58-6ed40e40ba48,3dd02797-bfcf-4620-813a-99d3cd98e066,134,,null,22.11,ml_live,19.45,ml_live,0.08279935223578168,estimated,,,0.05,0.07,0.1,inconclusive,CUSTO_INDISPONIVEL,VORTEK-CANON-1.0-ECON-2,2026-09-06T03:47:52.773Z
MLB4842187595,VTK001596,f920ebc9-b106-4f67-89c1-9022fbc03e75,cfc49fd3-7ee2-42f7-9479-4819fd5a9318,185.48,,null,26.89,ml_live,24.35,ml_live,0.08279935223578168,estimated,,,0.05,0.07,0.1,inconclusive,CUSTO_INDISPONIVEL,VORTEK-CANON-1.0-ECON-2,2026-09-06T03:47:52.773Z
MLB4842187315,VTK001498,f9ef94f5-0c82-42bb-abf9-4352df4c2d8c,d0af93f0-db89-4261-9c1e-9ebfed4be0c5,1506.56,,null,248.58,ml_live,65.85,ml_live,0.08279935223578168,estimated,,,0.1,0.15,0.2,inconclusive,CUSTO_INDISPONIVEL,VORTEK-CANON-1.0-ECON-2,2026-09-06T03:47:52.773Z
MLB4842179631,VTK000682,cdc80f49-f0ab-4982-a6ef-c3fc8d52fe02,fd83f446-a301-4114-9f37-28b4c191f4a4,614.52,,null,110.61,ml_live,69.35,ml_live,0.08279935223578168,estimated,,,0.07,0.1,0.15,inconclusive,CUSTO_INDISPONIVEL,VORTEK-CANON-1.0-ECON-2,2026-09-06T03:47:52.774Z
MLB4842178987,VTK000664,9777aa8d-5d4d-46f6-a31a-064b8fc946e8,0959a679-1081-43c6-88e7-25a8cf20d09e,3866.49,,null,637.97,ml_live,69.35,ml_live,0.08279935223578168,estimated,,,0.1,0.15,0.2,inconclusive,CUSTO_INDISPONIVEL,VORTEK-CANON-1.0-ECON-2,2026-09-06T03:47:53.221Z
MLB4842176773,VTK002163,984db731-fc33-48e4-8ae9-cf10a7e9494d,a9567a50-d2e2-48fc-8d31-44010c0d48fb,342.81,,null,54.85,ml_live,23.25,ml_live,0.08279935223578168,estimated,,,0.07,0.1,0.15,inconclusive,CUSTO_INDISPONIVEL,VORTEK-CANON-1.0-ECON-2,2026-09-06T03:47:53.197Z
MLB4842175999,VTK001881,bb6d4da5-9b69-4a2a-bd1c-f9c679bfaa7b,a820939e-4dd7-4d4f-a65f-ca27105b4777,300.47,,null,54.08,ml_live,,unknown,0.08279935223578168,estimated,,,0.07,0.1,0.15,inconclusive,INCONCLUSIVO_FONTE_ML_INDISPONIVEL;CUSTO_INDISPONIVEL;FRETE_INDISPONIVEL,VORTEK-CANON-1.0-ECON-2,2026-09-06T03:47:53.199Z
MLB4842175195,VTK001679,cd504d30-6715-47ea-9f29-f19b83f0b789,cdf94c58-351d-4827-acf9-c85b35209cbc,156.57,,null,21.92,ml_live,22.25,ml_live,0.08279935223578168,estimated,,,0.05,0.07,0.1,inconclusive,CUSTO_INDISPONIVEL,VORTEK-CANON-1.0-ECON-2,2026-09-06T03:47:53.613Z
MLB4842174917,VTK001604,0f42c0dc-e750-4361-9d74-0ad6ad48b0d3,cfac205b-9ab7-4046-b2bc-5b7dcb0ffa7f,297.79,,null,41.69,ml_live,23.25,ml_live,0.08279935223578168,estimated,,,0.07,0.1,0.15,inconclusive,CUSTO_INDISPONIVEL,VORTEK-CANON-1.0-ECON-2,2026-09-06T03:47:53.607Z
MLB4842174641,VTK001523,2e49f665-5c9a-4c2c-80b1-a7882d0a4234,daa63b64-c12d-4ad0-a9f6-97aa9eeae7bb,169.2,,null,22.84,ml_live,20.45,ml_live,0.08279935223578168,estimated,,,0.05,0.07,0.1,inconclusive,CUSTO_INDISPONIVEL,VORTEK-CANON-1.0-ECON-2,2026-09-06T03:47:53.610Z
MLB4842173941,VTK001484,d2d73e52-73c7-4d8a-852e-2750d45237e4,03e95b89-1ae0-4040-a5cc-8599376729ff,484,,null,70.18,ml_live,21.65,ml_live,0.08279935223578168,estimated,,,0.07,0.1,0.15,inconclusive,CUSTO_INDISPONIVEL,VORTEK-CANON-1.0-ECON-2,2026-09-06T03:47:53.996Z
MLB4842166539,VTK000671,b969fdd2-cc61-48a6-89c7-0a4153e6be91,9881da58-a369-4ebd-91c0-372cb025c76f,2921,,null,481.96,ml_live,65.85,ml_live,0.08279935223578168,estimated,,,0.1,0.15,0.2,inconclusive,CUSTO_INDISPONIVEL,VORTEK-CANON-1.0-ECON-2,2026-09-06T03:47:53.993Z
MLB4842166119,VTK000663,9555a80d-7651-44d5-a113-f940b53e35a4,63565278-5b02-4098-a285-25a13460103b,3306,,null,545.49,ml_live,70.95,ml_live,0.08279935223578168,estimated,,,0.1,0.15,0.2,inconclusive,CUSTO_INDISPONIVEL,VORTEK-CANON-1.0-ECON-2,2026-09-06T03:47:53.993Z
MLB4842164373,VTK001839,6077b9dd-6d9d-4be0-a2cf-269842ac1b99,90ad53cb-11eb-4759-8b50-25ff6a055a2e,302.59,,null,42.36,ml_live,24.45,ml_live,0.08279935223578168,estimated,,,0.07,0.1,0.15,inconclusive,CUSTO_INDISPONIVEL,VORTEK-CANON-1.0-ECON-2,2026-09-06T03:47:53.993Z
MLB4842164133,VTK001722,3df236c5-3558-4853-9716-fbbdf9e18a46,4331a230-6eda-4dd9-a5fa-b0a5f6ee6c7e,559,,null,81.06,ml_live,65.85,ml_live,0.08279935223578168,estimated,,,0.07,0.1,0.15,inconclusive,CUSTO_INDISPONIVEL,VORTEK-CANON-1.0-ECON-2,2026-09-06T03:47:54.375Z
MLB4842163681,VTK001651,8e8d724c-4c94-4542-bc59-cd6d4bbf7d27,fb4aa852-d42a-42c6-81ca-9057e21d1ab1,145.93,,null,24.08,ml_live,16.95,ml_live,0.08279935223578168,estimated,,,0.05,0.07,0.1,inconclusive,CUSTO_INDISPONIVEL,VORTEK-CANON-1.0-ECON-2,2026-09-06T03:47:54.372Z
MLB4842163361,VTK001561,805fc02b-958d-41d5-9b70-83531f8d1c9f,85158797-7527-4456-90b8-47266df98ec7,446,,null,64.67,ml_live,25.55,ml_live,0.08279935223578168,estimated,,,0.07,0.1,0.15,inconclusive,CUSTO_INDISPONIVEL,VORTEK-CANON-1.0-ECON-2,2026-09-06T03:47:54.375Z
MLB4842160907,VTK001124,41736c4d-eb31-4858-ab48-203c0f66849c,d1383f1d-52fb-4ce9-87a9-66eb33fbcbb7,854,,null,153.72,ml_live,65.85,ml_live,0.08279935223578168,estimated,,,0.07,0.1,0.15,inconclusive,CUSTO_INDISPONIVEL,VORTEK-CANON-1.0-ECON-2,2026-09-06T03:47:54.370Z
MLB4842155063,VTK000669,b037519d-2f23-4b2a-8fa3-2bfbacab363b,88cc86f1-c851-48e2-82fa-8ee0d6680172,2840.47,,null,468.68,ml_live,25.45,ml_live,0.08279935223578168,estimated,,,0.1,0.15,0.2,inconclusive,CUSTO_INDISPONIVEL,VORTEK-CANON-1.0-ECON-2,2026-09-06T03:47:54.760Z
MLB4842154693,VTK000660,8a9c43b5-79c2-467c-a099-928b7e73c893,214a7389-87f9-491b-b511-50e67cfa7048,2324.37,,null,383.52,ml_live,27.05,ml_live,0.08279935223578168,estimated,,,0.1,0.15,0.2,inconclusive,CUSTO_INDISPONIVEL,VORTEK-CANON-1.0-ECON-2,2026-09-06T03:47:54.760Z
MLB4842153665,VTK000554,7205649d-c2e7-4886-af8d-d0557fe55aa0,147ffdc8-ea7f-41ea-8736-4124a4467ca5,181.91,,null,30.02,ml_live,20.45,ml_live,0.08279935223578168,estimated,,,0.05,0.07,0.1,inconclusive,CUSTO_INDISPONIVEL,VORTEK-CANON-1.0-ECON-2,2026-09-06T03:47:54.762Z
MLB4842130095,VTK001456,8ab76067-c212-4730-8e20-bc519eac1545,931a8834-9d68-4d32-a054-7fc0e90b5902,345.66,,null,50.12,ml_live,23.25,ml_live,0.08279935223578168,estimated,,,0.07,0.1,0.15,inconclusive,CUSTO_INDISPONIVEL,VORTEK-CANON-1.0-ECON-2,2026-09-06T03:47:55.153Z
MLB4842129695,VTK001413,2ab94032-aa89-4bb6-ab21-1f826b66fd3d,26555f1a-d2f1-4d40-8843-5f41ccc758c0,1899.12,,null,341.84,ml_live,25.55,ml_live,0.08279935223578168,estimated,,,0.1,0.15,0.2,inconclusive,CUSTO_INDISPONIVEL,VORTEK-CANON-1.0-ECON-2,2026-09-06T03:47:55.151Z
MLB4842129549,VTK001396,f259cfcc-fd73-4dc0-b216-f018564fcd60,67c02303-0108-42ee-ae5d-3eea1d1c9802,178.83,,null,25.93,ml_live,21.35,ml_live,0.08279935223578168,estimated,,,0.05,0.07,0.1,inconclusive,CUSTO_INDISPONIVEL,VORTEK-CANON-1.0-ECON-2,2026-09-06T03:47:55.156Z
MLB4842127833,VTK001360,9a4924a1-f3ca-4572-9190-38404f8e5c09,f2970262-b08e-4fe6-a9db-e4a0057f50c8,1067.1,,null,176.07,ml_live,75.65,ml_live,0.08279935223578168,estimated,,,0.1,0.15,0.2,inconclusive,CUSTO_INDISPONIVEL,VORTEK-CANON-1.0-ECON-2,2026-09-06T03:47:55.537Z
MLB4842126453,VTK001335,52a72dd3-1d51-4fef-bbba-3941b22d54d3,a6700846-4a57-41ab-b87a-7099315ae8d3,1990,,null,338.3,ml_live,32.45,ml_live,0.08279935223578168,estimated,,,0.1,0.15,0.2,inconclusive,CUSTO_INDISPONIVEL,VORTEK-CANON-1.0-ECON-2,2026-09-06T03:47:55.539Z
MLB4842126261,VTK001331,45e862aa-e6d3-4229-a7ed-b7f24f8aae36,b7eff7ee-29d3-4369-855e-bc49e7d204b7,1338.51,,null,227.55,ml_live,27.05,ml_live,0.08279935223578168,estimated,,,0.1,0.15,0.2,inconclusive,CUSTO_INDISPONIVEL,VORTEK-CANON-1.0-ECON-2,2026-09-06T03:47:55.538Z
MLB4842125525,VTK001321,2aa89b19-c8dc-4a26-9893-2d87b0d7d0b7,890acf41-78b8-4555-b26a-ea571c81beb0,2172,,null,347.52,ml_live,45.25,ml_live,0.08279935223578168,estimated,,,0.1,0.15,0.2,inconclusive,CUSTO_INDISPONIVEL,VORTEK-CANON-1.0-ECON-2,2026-09-06T03:47:55.919Z
MLB4842111973,VTK001465,9eb1dbab-c9c8-4bab-a0d5-a1544fecd67a,f0bbee05-9b6f-43ad-9a2f-96e96d463a93,596,,null,80.46,ml_live,49.35,ml_live,0.08279935223578168,estimated,,,0.07,0.1,0.15,inconclusive,CUSTO_INDISPONIVEL,VORTEK-CANON-1.0-ECON-2,2026-09-06T03:47:55.918Z
MLB4842110923,VTK001387,e0df2b04-bf3c-4255-a25f-4014adfcd112,794a293a-c98c-4aba-bc48-9929e85710ae,1782,,null,302.94,ml_live,27.05,ml_live,0.08279935223578168,estimated,,,0.1,0.15,0.2,inconclusive,CUSTO_INDISPONIVEL,VORTEK-CANON-1.0-ECON-2,2026-09-06T03:47:55.919Z
MLB4842110537,VTK001375,bd074d37-a6c4-42b1-8813-92e8d540761f,fd9fa1a2-9be4-47d9-96a4-7614c054c6af,1506.56,,null,248.58,ml_live,65.85,ml_live,0.08279935223578168,estimated,,,0.1,0.15,0.2,inconclusive,CUSTO_INDISPONIVEL,VORTEK-CANON-1.0-ECON-2,2026-09-06T03:47:55.925Z
MLB4842110297,VTK001370,ad020a5f-10bf-4cb4-bf8e-b4751561a8d1,0e4d4118-35a1-4a7e-8ac3-4198355e63ca,1004,,null,170.68,ml_live,27.05,ml_live,0.08279935223578168,estimated,,,0.1,0.15,0.2,inconclusive,CUSTO_INDISPONIVEL,VORTEK-CANON-1.0-ECON-2,2026-09-06T03:47:56.307Z
MLB4842108203,VTK001338,65b09884-4516-4e91-8a05-df4004502d81,ed2e7947-bee4-4cdc-b25f-70049162f3ea,2830.35,,null,452.86,ml_live,91.95,ml_live,0.08279935223578168,estimated,,,0.1,0.15,0.2,inconclusive,CUSTO_INDISPONIVEL,VORTEK-CANON-1.0-ECON-2,2026-09-06T03:47:56.306Z
MLB4842105543,VTK001271,a0c68f41-24fc-4117-96de-ddc66188ba60,903601b9-f473-4b6c-b74f-6426e32f9b52,2359,,null,389.24,ml_live,40.85,ml_live,0.08279935223578168,estimated,,,0.1,0.15,0.2,inconclusive,CUSTO_INDISPONIVEL,VORTEK-CANON-1.0-ECON-2,2026-09-06T03:47:56.308Z
MLB4842105291,VTK001269,9c2418d7-f159-4d06-8542-2019c2e0ca98,7e474526-144f-49da-8925-8ea8a9d617fb,398,,null,57.71,ml_live,23.25,ml_live,0.08279935223578168,estimated,,,0.07,0.1,0.15,inconclusive,CUSTO_INDISPONIVEL,VORTEK-CANON-1.0-ECON-2,2026-09-06T03:47:56.308Z
MLB4842105051,VTK001267,98e11f84-04f7-4f61-b1be-100a61a9099d,3c7099e6-391f-427c-9caf-68432a8233d7,314.8,,null,50.37,ml_live,25.45,ml_live,0.08279935223578168,estimated,,,0.07,0.1,0.15,inconclusive,CUSTO_INDISPONIVEL,VORTEK-CANON-1.0-ECON-2,2026-09-06T03:47:56.688Z
MLB4842103739,VTK001240,5c87d211-9de5-4afa-9f54-5af18d1879f0,3ce59bd3-b5dc-4373-a6ab-0086ad27ca22,201.03,,null,29.15,ml_live,21.65,ml_live,0.08279935223578168,estimated,,,0.07,0.1,0.15,inconclusive,CUSTO_INDISPONIVEL,VORTEK-CANON-1.0-ECON-2,2026-09-06T03:47:56.685Z
MLB4842101293,VTK001181,cd94d5b5-829b-4d81-9030-32f9e9afc509,866235e6-2ef9-4c3a-9f01-939984ffe6b9,146.19,,null,26.31,ml_live,18.15,ml_live,0.08279935223578168,estimated,,,0.05,0.07,0.1,inconclusive,CUSTO_INDISPONIVEL,VORTEK-CANON-1.0-ECON-2,2026-09-06T03:47:56.690Z
MLB4842100999,VTK001174,af91b396-e091-4f7f-ba8d-bed1c4245fb1,2a6a9415-f4cf-432b-9203-196166c67948,1462.45,,null,241.3,ml_live,75.65,ml_live,0.08279935223578168,estimated,,,0.1,0.15,0.2,inconclusive,CUSTO_INDISPONIVEL,VORTEK-CANON-1.0-ECON-2,2026-09-06T03:47:56.684Z
MLB4842098243,VTK001389,e2541492-8b14-4ecf-abbc-d7ba188b596a,1e6b7354-a26b-43b3-905f-7b6efab6c9bf,1683.93,,null,277.85,ml_live,40.85,ml_live,0.08279935223578168,estimated,,,0.1,0.15,0.2,inconclusive,CUSTO_INDISPONIVEL,VORTEK-CANON-1.0-ECON-2,2026-09-06T03:47:57.074Z
MLB4842098199,VTK001388,e181651b-0720-46ff-b871-dda318f7b149,3b57364b-7830-4cb9-999b-3117768435a2,295.33,,null,53.16,ml_live,27.05,ml_live,0.08279935223578168,estimated,,,0.07,0.1,0.15,inconclusive,CUSTO_INDISPONIVEL,VORTEK-CANON-1.0-ECON-2,2026-09-06T03:47:57.072Z
MLB4842097755,VTK001382,d41725eb-a2a5-40cc-973f-ab426fc3d7d9,344205e6-5cd9-4400-98b0-037a276d75e4,1417.39,,null,226.78,ml_live,27.05,ml_live,0.08279935223578168,estimated,,,0.1,0.15,0.2,inconclusive,CUSTO_INDISPONIVEL,VORTEK-CANON-1.0-ECON-2,2026-09-06T03:47:57.072Z
MLB4842097327,VTK001367,a859a84b-10e7-4b30-a417-80caffc4612c,7656cf2e-73a7-4d19-a2d2-a728408af4c1,1892.92,,null,312.33,ml_live,79.35,ml_live,0.08279935223578168,estimated,,,0.1,0.15,0.2,inconclusive,CUSTO_INDISPONIVEL,VORTEK-CANON-1.0-ECON-2,2026-09-06T03:47:57.071Z
MLB4842094541,VTK001323,307e40cb-53b0-4504-be09-1b7141ba7f13,48024f88-7270-436a-a63e-7bf3fa703e02,1237.2,,null,204.14,ml_live,40.85,ml_live,0.08279935223578168,estimated,,,0.1,0.15,0.2,inconclusive,CUSTO_INDISPONIVEL,VORTEK-CANON-1.0-ECON-2,2026-09-06T03:47:57.450Z
MLB4842094405,VTK001322,2e57ac57-f462-4ebe-9c6a-6bc8a49c9a17,3117bbb0-4a55-4746-a297-ede07bde713e,360.46,,null,57.67,ml_live,29.25,ml_live,0.08279935223578168,estimated,,,0.07,0.1,0.15,inconclusive,CUSTO_INDISPONIVEL,VORTEK-CANON-1.0-ECON-2,2026-09-06T03:47:57.451Z
MLB4842093521,VTK001295,f702510c-1e96-4fe8-90b2-16eb233f5332,4ec10289-dcb1-48a7-a9ec-76e5d40fdd22,250.32,,null,35.04,ml_live,23.25,ml_live,0.08279935223578168,estimated,,,0.07,0.1,0.15,inconclusive,CUSTO_INDISPONIVEL,VORTEK-CANON-1.0-ECON-2,2026-09-06T03:47:57.454Z
MLB4842092903,VTK001273,ac09953f-76cc-4764-93b0-3d44b3f8c604,fab08b55-f3d0-4c6c-ade0-72733539f0dd,420.13,,null,60.92,ml_live,21.65,ml_live,0.08279935223578168,estimated,,,0.07,0.1,0.15,inconclusive,CUSTO_INDISPONIVEL,VORTEK-CANON-1.0-ECON-2,2026-09-06T03:47:57.858Z
MLB4842091625,VTK001255,79337686-2ac0-4d70-9ce3-8fd9f602f4da,c608ca9d-6fab-408a-9af8-b929aa3a32ae,393.93,,null,57.12,ml_live,32.45,ml_live,0.08279935223578168,estimated,,,0.07,0.1,0.15,inconclusive,CUSTO_INDISPONIVEL,VORTEK-CANON-1.0-ECON-2,2026-09-06T03:47:57.856Z
MLB4842091213,VTK001248,6acd599c-db6f-49cc-a71c-99e3d4aba02c,d8c9161c-709f-4087-8144-109dd1f920c5,474.73,,null,64.09,ml_live,45.25,ml_live,0.08279935223578168,estimated,,,0.07,0.1,0.15,inconclusive,CUSTO_INDISPONIVEL,VORTEK-CANON-1.0-ECON-2,2026-09-06T03:47:57.855Z
MLB4842088795,VTK001182,cda10a7c-2240-4125-9135-88faaf3cdcc2,7f668c07-00e3-4e83-8de1-37a09f19c441,1264.43,,null,208.63,ml_live,69.35,ml_live,0.08279935223578168,estimated,,,0.1,0.15,0.2,inconclusive,CUSTO_INDISPONIVEL,VORTEK-CANON-1.0-ECON-2,2026-09-06T03:47:58.258Z
MLB4842087595,VTK001151,83ff9bfe-8092-47dd-95da-e4ea05b3e71e,d87fcfaa-8b7d-43fc-b7c1-802d0092daa1,177.98,,null,23.14,ml_live,20.45,ml_live,0.08279935223578168,estimated,,,0.05,0.07,0.1,inconclusive,CUSTO_INDISPONIVEL,VORTEK-CANON-1.0-ECON-2,2026-09-06T03:47:58.256Z
MLB4842087347,VTK001147,7da6012f-25ec-4f27-8de4-cb4b2fa97349,8f0c1aaa-8c85-4e3c-9f30-389df413ab84,1590.92,,null,262.5,ml_live,70.95,ml_live,0.08279935223578168,estimated,,,0.1,0.15,0.2,inconclusive,CUSTO_INDISPONIVEL,VORTEK-CANON-1.0-ECON-2,2026-09-06T03:47:58.257Z
MLB4842086399,VTK001384,d7f6206e-1c72-4dc8-900e-c9c28a5b0dd8,a993a342-6978-403d-955d-14708e9ac81c,2745.81,,null,439.33,ml_live,45.25,ml_live,0.08279935223578168,estimated,,,0.1,0.15,0.2,inconclusive,CUSTO_INDISPONIVEL,VORTEK-CANON-1.0-ECON-2,2026-09-06T03:47:58.255Z
MLB4842086297,VTK001383,d590a625-8596-43d2-9a86-a79cf9098f99,1b4e86ce-6da3-45e3-8ac7-c8a12713ee07,313.59,,null,50.17,ml_live,24.45,ml_live,0.08279935223578168,estimated,,,0.07,0.1,0.15,inconclusive,CUSTO_INDISPONIVEL,VORTEK-CANON-1.0-ECON-2,2026-09-06T03:47:58.681Z
MLB4842085407,VTK001362,9d6e530e-d538-4b94-b0f1-4d7d7e22e35e,906faede-e7d7-4aa9-8625-b1021e5739be,1297.34,,null,214.06,ml_live,75.65,ml_live,0.08279935223578168,estimated,,,0.1,0.15,0.2,inconclusive,CUSTO_INDISPONIVEL,VORTEK-CANON-1.0-ECON-2,2026-09-06T03:47:58.677Z
MLB4842085211,VTK001361,9a6ce243-8e06-4974-8c32-b517681436ae,c055865c-8838-4552-ba1a-d1632a31be1b,1193,,null,196.84,ml_live,70.95,ml_live,0.08279935223578168,estimated,,,0.1,0.15,0.2,inconclusive,CUSTO_INDISPONIVEL,VORTEK-CANON-1.0-ECON-2,2026-09-06T03:47:58.682Z
MLB4842083043,VTK001328,3ea75af9-2bd9-446a-b466-afa27b97be6a,c1caee04-0e89-4d53-bb17-9003101f822e,1322.88,,null,218.28,ml_live,69.35,ml_live,0.08279935223578168,estimated,,,0.1,0.15,0.2,inconclusive,CUSTO_INDISPONIVEL,VORTEK-CANON-1.0-ECON-2,2026-09-06T03:47:58.685Z
MLB4842082035,VTK001304,04539730-f43d-407a-ae56-27f885bcd646,2c887781-19e8-43c3-b149-b7b088240993,287.61,,null,37.39,ml_live,25.45,ml_live,0.08279935223578168,estimated,,,0.07,0.1,0.15,inconclusive,CUSTO_INDISPONIVEL,VORTEK-CANON-1.0-ECON-2,2026-09-06T03:47:59.070Z
MLB4842077501,VTK001193,e9937131-2265-4684-b71f-35635e1d559a,ddc6d50e-4d09-4a83-bbae-5e46521b1a38,94.86,,null,17.07,ml_live,14.45,ml_live,0.08279935223578168,estimated,,,0.05,0.07,0.1,inconclusive,CUSTO_INDISPONIVEL,VORTEK-CANON-1.0-ECON-2,2026-09-06T03:47:59.070Z
MLB4842076751,VTK001184,d30f8800-5a49-4c1f-8cc4-2441df770754,34e0c2cb-6d94-445c-bde0-a2c5e6b35104,270.35,,null,43.26,ml_live,21.65,ml_live,0.08279935223578168,estimated,,,0.07,0.1,0.15,inconclusive,CUSTO_INDISPONIVEL,VORTEK-CANON-1.0-ECON-2,2026-09-06T03:47:59.071Z
MLB4842076403,VTK001180,cd918abd-7a45-4299-8757-4ebb0bd86788,ee23773b-92f0-490d-b2de-9437a15cfb76,1210.88,,null,199.8,ml_live,75.65,ml_live,0.08279935223578168,estimated,,,0.1,0.15,0.2,inconclusive,CUSTO_INDISPONIVEL,VORTEK-CANON-1.0-ECON-2,2026-09-06T03:47:59.464Z
MLB4842075999,VTK001163,97934aea-1586-4f0f-9f0b-f0d7c18e5571,fcf35d0f-795a-4391-aeaa-ba07d3fea0ce,321.6,,null,57.89,ml_live,24.45,ml_live,0.08279935223578168,estimated,,,0.07,0.1,0.15,inconclusive,CUSTO_INDISPONIVEL,VORTEK-CANON-1.0-ECON-2,2026-09-06T03:47:59.465Z
MLB4842075851,VTK001159,90f20276-d0a1-4398-ad97-1720d49ef163,dd423314-7d62-4262-a86f-48c04c4d57e6,206.27,,null,29.91,ml_live,23.25,ml_live,0.08279935223578168,estimated,,,0.07,0.1,0.15,inconclusive,CUSTO_INDISPONIVEL,VORTEK-CANON-1.0-ECON-2,2026-09-06T03:47:59.465Z
MLB4842020973,VTK000982,c439ef8c-471e-43b8-80bb-3fc55a503492,992d6f9b-4551-4312-bb6a-52b3ba601551,134.89,,null,22.26,ml_live,23.35,ml_live,0.08279935223578168,estimated,,,0.05,0.07,0.1,inconclusive,CUSTO_INDISPONIVEL,VORTEK-CANON-1.0-ECON-2,2026-09-06T03:47:59.466Z
MLB4842020235,VTK000944,443813ba-1f8b-4d15-b432-f32c391f4994,b6a491a9-0363-47e2-b92d-ec9239923416,220.1,,null,39.62,ml_live,27.05,ml_live,0.08279935223578168,estimated,,,0.07,0.1,0.15,inconclusive,CUSTO_INDISPONIVEL,VORTEK-CANON-1.0-ECON-2,2026-09-06T03:47:59.850Z
MLB4842020159,VTK000942,438a2374-612f-463d-9da1-56d19d29e9bd,71c8fd04-c96b-4acd-b94e-8b1a87b7a05a,133.02,,null,21.95,ml_live,21.65,ml_live,0.08279935223578168,estimated,,,0.05,0.07,0.1,inconclusive,CUSTO_INDISPONIVEL,VORTEK-CANON-1.0-ECON-2,2026-09-06T03:47:59.856Z
MLB4842019821,VTK000933,37b81a79-99e6-4545-85ad-3efed7c253f3,3c583f88-fbe3-4c1f-a65f-8546032db613,1583.28,,null,253.32,ml_live,161.78,ml_live,0.08279935223578168,estimated,,,0.1,0.15,0.2,inconclusive,CUSTO_INDISPONIVEL,VORTEK-CANON-1.0-ECON-2,2026-09-06T03:47:59.851Z
MLB4842019227,VTK000894,ece00bd3-2690-4d6a-b3fc-f9647f811b36,1a2c790b-cc1e-4f4f-9cf6-3408737eda93,201.85,,null,36.33,ml_live,25.45,ml_live,0.08279935223578168,estimated,,,0.07,0.1,0.15,inconclusive,CUSTO_INDISPONIVEL,VORTEK-CANON-1.0-ECON-2,2026-09-06T03:47:59.850Z
MLB4842017217,VTK000720,33d2fefe-c484-4f14-bc5d-5ed4776cf076,09471bcc-89d0-4fa7-bd13-e3e1d3b40dbc,154.39,,null,22.39,ml_live,21.35,ml_live,0.08279935223578168,estimated,,,0.05,0.07,0.1,inconclusive,CUSTO_INDISPONIVEL,VORTEK-CANON-1.0-ECON-2,2026-09-06T03:48:00.231Z
MLB4842016369,VTK000687,defc7c75-4900-46c3-9ed0-cbca8e982df5,58c80137-4a80-4771-8767-078457598dba,1613.21,,null,266.18,ml_live,24.45,ml_live,0.08279935223578168,estimated,,,0.1,0.15,0.2,inconclusive,CUSTO_INDISPONIVEL,VORTEK-CANON-1.0-ECON-2,2026-09-06T03:48:00.226Z
MLB4842016017,VTK000657,82ed2116-bf7f-420f-8c6d-4f2900a59c24,67809d5c-dd19-4638-a645-d87ead034689,324.58,,null,58.42,ml_live,24.45,ml_live,0.08279935223578168,estimated,,,0.07,0.1,0.15,inconclusive,CUSTO_INDISPONIVEL,VORTEK-CANON-1.0-ECON-2,2026-09-06T03:48:00.226Z
MLB4842015763,VTK000652,755f3a5e-ec0b-4498-8dd6-75887e7ec9e3,4ebcca7d-bd2f-4505-81ff-e7f6c2729237,179.91,,null,29.69,ml_live,19.05,ml_live,0.08279935223578168,estimated,,,0.05,0.07,0.1,inconclusive,CUSTO_INDISPONIVEL,VORTEK-CANON-1.0-ECON-2,2026-09-06T03:48:00.614Z
MLB4842015275,VTK000643,6286176a-f943-4d38-9dd8-2b898ae5c3f2,9c43ae71-182e-40ae-b9ae-d4efa1c441dc,2940.47,,null,485.18,ml_live,70.95,ml_live,0.08279935223578168,estimated,,,0.1,0.15,0.2,inconclusive,CUSTO_INDISPONIVEL,VORTEK-CANON-1.0-ECON-2,2026-09-06T03:48:00.614Z
MLB4842014571,VTK000628,474268e0-aea6-4127-9a4e-ae98b624375c,2f84fa25-0d22-432d-96fb-3ae17bbf9de6,540.6,,null,97.31,ml_live,40.85,ml_live,0.08279935223578168,estimated,,,0.07,0.1,0.15,inconclusive,CUSTO_INDISPONIVEL,VORTEK-CANON-1.0-ECON-2,2026-09-06T03:48:00.615Z
MLB4842012493,VTK000575,b6f63a8e-b647-4198-a011-d544b6cb7789,d4e9856a-2027-426c-8b4f-e1bcb883df3c,202.74,,null,32.44,ml_live,23.25,ml_live,0.08279935223578168,estimated,,,0.07,0.1,0.15,inconclusive,CUSTO_INDISPONIVEL,VORTEK-CANON-1.0-ECON-2,2026-09-06T03:48:00.617Z
MLB4842010335,VTK000506,04b89c1b-2a0a-49da-9ff2-ec04270c6597,81d12acf-065f-43f3-bdc2-fe345a0dd01e,274.78,,null,43.96,ml_live,40.85,ml_live,0.08279935223578168,estimated,,,0.07,0.1,0.15,inconclusive,CUSTO_INDISPONIVEL,VORTEK-CANON-1.0-ECON-2,2026-09-06T03:48:00.993Z
MLB4842008483,VTK000618,25c44487-2682-4a7d-b3b6-abe6888f17b3,d50c42f0-419f-42f2-83d7-66dfc44a346f,1277,,null,210.7,ml_live,75.65,ml_live,0.08279935223578168,estimated,,,0.1,0.15,0.2,inconclusive,CUSTO_INDISPONIVEL,VORTEK-CANON-1.0-ECON-2,2026-09-06T03:48:00.993Z
MLB4842008201,VTK000602,0eb3f556-8c38-4428-a36b-6d52439a18f4,a6f85bd1-c862-4bd3-a4aa-0d6785470f6e,2871,,null,473.72,ml_live,69.35,ml_live,0.08279935223578168,estimated,,,0.1,0.15,0.2,inconclusive,CUSTO_INDISPONIVEL,VORTEK-CANON-1.0-ECON-2,2026-09-06T03:48:00.994Z
MLB4842007005,VTK000574,ab72407a-8012-4433-b806-40be3b2a990b,5bee5924-c902-46ee-9e00-f742326d7602,152,,null,22.8,ml_live,22.25,ml_live,0.08279935223578168,estimated,,,0.05,0.07,0.1,inconclusive,CUSTO_INDISPONIVEL,VORTEK-CANON-1.0-ECON-2,2026-09-06T03:48:00.997Z
MLB4842006189,VTK000551,6b34cbed-decc-4e2e-a055-65ee1163fe8f,e4ffa4a9-56d2-4b0a-9efc-e2cabdbb0b5c,369.21,,null,66.46,ml_live,25.55,ml_live,0.08279935223578168,estimated,,,0.07,0.1,0.15,inconclusive,CUSTO_INDISPONIVEL,VORTEK-CANON-1.0-ECON-2,2026-09-06T03:48:01.387Z
MLB4842005819,VTK000544,5ff04e68-0c9b-41bb-b595-356cac02c4a1,a6a48a91-0bab-47b9-8a5a-c4fa6a43ec2d,749.31,,null,134.88,ml_live,70.95,ml_live,0.08279935223578168,estimated,,,0.07,0.1,0.15,inconclusive,CUSTO_INDISPONIVEL,VORTEK-CANON-1.0-ECON-2,2026-09-06T03:48:01.378Z
MLB4842005609,VTK000537,4f5e1c28-8f39-4ada-82ae-d835d238b1a2,24329eaf-4e45-4d3f-98e0-771ac6ac12d3,3174.39,,null,523.77,ml_live,21.65,ml_live,0.08279935223578168,estimated,,,0.1,0.15,0.2,inconclusive,CUSTO_INDISPONIVEL,VORTEK-CANON-1.0-ECON-2,2026-09-06T03:48:01.379Z
MLB4842004263,VTK000467,a5824769-4f77-4a4a-8fe2-d7ca59384c8e,adce2ea3-50ab-45b4-92d2-916863faf533,513.15,,null,92.37,ml_live,23.25,ml_live,0.08279935223578168,estimated,,,0.07,0.1,0.15,inconclusive,CUSTO_INDISPONIVEL,VORTEK-CANON-1.0-ECON-2,2026-09-06T03:48:01.379Z
MLB4842003797,VTK000446,7af179a1-fe61-4634-9814-0dce3749f0cb,932e4ee8-ca11-4f8b-92c0-7afd2195deef,940,,null,155.1,ml_live,45.25,ml_live,0.08279935223578168,estimated,,,0.07,0.1,0.15,inconclusive,CUSTO_INDISPONIVEL,VORTEK-CANON-1.0-ECON-2,2026-09-06T03:48:01.759Z
MLB4842003219,VTK000426,36028162-ebba-4f9f-8d0a-4be14376c6d8,6edc629b-d01f-4fba-acb1-fe42f118fc78,640.65,,null,102.5,ml_live,25.45,ml_live,0.08279935223578168,estimated,,,0.07,0.1,0.15,inconclusive,CUSTO_INDISPONIVEL,VORTEK-CANON-1.0-ECON-2,2026-09-06T03:48:01.759Z
MLB4841999565,VTK000417,2496b3ca-35af-47f5-8f8a-9e115ba73701,6a57dc90-a78a-4111-95a7-d4ce9ac4d166,335,,null,60.3,ml_live,49.35,ml_live,0.08279935223578168,estimated,,,0.07,0.1,0.15,inconclusive,CUSTO_INDISPONIVEL,VORTEK-CANON-1.0-ECON-2,2026-09-06T03:48:01.758Z
MLB4841999459,VTK000416,23b2d23b-5637-4554-8105-60088c5c0544,ad975312-4e0a-49cd-96b4-ea4e996d157a,230,,null,41.4,ml_live,,unknown,0.08279935223578168,estimated,,,0.07,0.1,0.15,inconclusive,INCONCLUSIVO_FONTE_ML_INDISPONIVEL;CUSTO_INDISPONIVEL;FRETE_INDISPONIVEL,VORTEK-CANON-1.0-ECON-2,2026-09-06T03:48:01.759Z
MLB4841999223,VTK000407,0ab59abc-be41-43b3-948e-c62fe296131c,65348e40-3dbe-4304-991a-ceeee8c085d0,160.38,,null,24.06,ml_live,19.05,ml_live,0.08279935223578168,estimated,,,0.05,0.07,0.1,inconclusive,CUSTO_INDISPONIVEL,VORTEK-CANON-1.0-ECON-2,2026-09-06T03:48:02.156Z
MLB4841999089,VTK000402,00572cc5-da92-4607-b881-17ee2763a5e3,9e1f677e-765a-4aca-8d30-8d3cc10b4937,397.45,,null,55.64,ml_live,,unknown,0.08279935223578168,estimated,,,0.07,0.1,0.15,inconclusive,INCONCLUSIVO_FONTE_ML_INDISPONIVEL;CUSTO_INDISPONIVEL;FRETE_INDISPONIVEL,VORTEK-CANON-1.0-ECON-2,2026-09-06T03:48:02.159Z
MLB4841998615,VTK000333,46ecc100-bdfb-4f32-8f38-49b583f91ec6,b0d00532-03da-4771-8bac-8a7968683688,145,,null,23.92,ml_live,18.15,ml_live,0.08279935223578168,estimated,,,0.05,0.07,0.1,inconclusive,CUSTO_INDISPONIVEL,VORTEK-CANON-1.0-ECON-2,2026-09-06T03:48:02.155Z
MLB4841997661,VTK000205,10cdeb1a-4e4f-45b0-ad62-4994aa26eaa5,de7c8ed2-e606-431b-8746-cf3c1ed32ea4,553.58,,null,99.64,ml_live,65.85,ml_live,0.08279935223578168,estimated,,,0.07,0.1,0.15,inconclusive,CUSTO_INDISPONIVEL,VORTEK-CANON-1.0-ECON-2,2026-09-06T03:48:02.156Z
MLB4841995135,VTK000584,d39f22c7-895d-44ea-9cfd-22e15faffe4c,06cbec37-67bd-4eaf-907c-0e6f37807883,210.28,,null,33.64,ml_live,23.25,ml_live,0.08279935223578168,estimated,,,0.07,0.1,0.15,inconclusive,CUSTO_INDISPONIVEL,VORTEK-CANON-1.0-ECON-2,2026-09-06T03:48:02.538Z
MLB4841994489,VTK000571,a5f97454-5ded-4426-8ccc-b94924039aaf,9ad5fa3b-84c5-4b33-bc27-b87bf26ba95a,752.11,,null,127.86,ml_live,79.35,ml_live,0.08279935223578168,estimated,,,0.07,0.1,0.15,inconclusive,CUSTO_INDISPONIVEL,VORTEK-CANON-1.0-ECON-2,2026-09-06T03:48:02.540Z
MLB4841993877,VTK000561,8153c20a-9918-47d9-8bee-9bd1f174de98,40257845-66f3-4420-800c-4b53f6075d4b,280,,null,50.4,ml_live,,unknown,0.08279935223578168,estimated,,,0.07,0.1,0.15,inconclusive,INCONCLUSIVO_FONTE_ML_INDISPONIVEL;CUSTO_INDISPONIVEL;FRETE_INDISPONIVEL,VORTEK-CANON-1.0-ECON-2,2026-09-06T03:48:02.536Z
MLB4841992873,VTK000535,4bb6c315-9783-4ea7-bedb-b587542fe36c,467e0651-e654-4278-8351-99047e5574ae,469.56,,null,84.52,ml_live,49.35,ml_live,0.08279935223578168,estimated,,,0.07,0.1,0.15,inconclusive,CUSTO_INDISPONIVEL,VORTEK-CANON-1.0-ECON-2,2026-09-06T03:48:02.539Z
MLB4841992221,VTK000497,fc3015e2-7f13-485f-ab98-0cab55ef8956,c5d0dffc-0b86-436c-ad27-3e940d78dc25,376.87,,null,67.84,ml_live,,unknown,0.08279935223578168,estimated,,,0.07,0.1,0.15,inconclusive,INCONCLUSIVO_FONTE_ML_INDISPONIVEL;CUSTO_INDISPONIVEL;FRETE_INDISPONIVEL,VORTEK-CANON-1.0-ECON-2,2026-09-06T03:48:02.940Z
MLB4841991975,VTK000479,ceef60fe-f598-49fd-a819-e3d2ffed8210,ac5e2ed8-24a5-49bf-911c-77c6e530691e,339,,null,47.46,ml_live,24.45,ml_live,0.08279935223578168,estimated,,,0.07,0.1,0.15,inconclusive,CUSTO_INDISPONIVEL,VORTEK-CANON-1.0-ECON-2,2026-09-06T03:48:02.960Z
MLB4841991207,VTK000445,783edbeb-5c65-4a2a-b420-dbe5bc692857,105f0d3c-5787-4d7d-9206-ce8c8a9497bf,278.74,,null,40.42,ml_live,27.05,ml_live,0.08279935223578168,estimated,,,0.07,0.1,0.15,inconclusive,CUSTO_INDISPONIVEL,VORTEK-CANON-1.0-ECON-2,2026-09-06T03:48:02.941Z
MLB4841990983,VTK000438,669d3f10-97d5-4868-8f63-ba1ca09ea8bd,9a79e248-b542-4ffe-9c8a-c087806f0b49,482.75,,null,86.9,ml_live,49.35,ml_live,0.08279935223578168,estimated,,,0.07,0.1,0.15,inconclusive,CUSTO_INDISPONIVEL,VORTEK-CANON-1.0-ECON-2,2026-09-06T03:48:02.943Z
MLB4841990459,VTK000421,2af92ebf-6c52-4120-b3ee-9956fb2d4c54,7accb97f-5c8f-4804-ba86-925d160b2e4c,407.08,,null,73.27,ml_live,24.45,ml_live,0.08279935223578168,estimated,,,0.07,0.1,0.15,inconclusive,CUSTO_INDISPONIVEL,VORTEK-CANON-1.0-ECON-2,2026-09-06T03:48:03.553Z
MLB4841986403,VTK000400,ffeab192-7920-463a-8cbd-76f4d5041fbb,87a99ca6-9d65-47b6-a459-80933c556864,196,,null,28.42,ml_live,21.75,ml_live,0.08279935223578168,estimated,,,0.05,0.07,0.1,inconclusive,CUSTO_INDISPONIVEL,VORTEK-CANON-1.0-ECON-2,2026-09-06T03:48:03.561Z
MLB4841982879,VTK000387,e6f2f998-7ef9-438e-ab91-4c16f8b366d7,9e276f1f-c8d6-4c10-b6ac-adfbc8b39bea,357,,null,57.12,ml_live,40.85,ml_live,0.08279935223578168,estimated,,,0.07,0.1,0.15,inconclusive,CUSTO_INDISPONIVEL,VORTEK-CANON-1.0-ECON-2,2026-09-06T03:48:03.555Z
MLB4841982429,VTK000583,c95b40f3-7979-4ebd-a278-c4125e2cb68a,bacafb5c-a332-4d10-bbe0-7431bde4f192,2892,,null,477.18,ml_live,40.85,ml_live,0.08279935223578168,estimated,,,0.1,0.15,0.2,inconclusive,CUSTO_INDISPONIVEL,VORTEK-CANON-1.0-ECON-2,2026-09-06T03:48:04.164Z
MLB4841980131,VTK000508,053413a2-3c9e-496b-a96b-e1f71fa61f25,f463da69-a024-4ba4-b2ff-4a1ba1498d43,557.38,,null,100.33,ml_live,25.45,ml_live,0.08279935223578168,estimated,,,0.07,0.1,0.15,inconclusive,CUSTO_INDISPONIVEL,VORTEK-CANON-1.0-ECON-2,2026-09-06T03:48:04.168Z
MLB4841979661,VTK000494,f4da936d-f4da-495e-9eab-dad908b3e793,0b0de46b-3146-4860-8c43-be1b078f62a4,148.1,,null,26.66,ml_live,18.15,ml_live,0.08279935223578168,estimated,,,0.05,0.07,0.1,inconclusive,CUSTO_INDISPONIVEL,VORTEK-CANON-1.0-ECON-2,2026-09-06T03:48:04.169Z
MLB4841979197,VTK000461,9aeb4848-c152-497f-9930-3382a7f4f9c8,d75d3d8f-4246-47b3-8d66-5f0ccbb6f5b0,294,,null,47.04,ml_live,45.25,ml_live,0.08279935223578168,estimated,,,0.07,0.1,0.15,inconclusive,CUSTO_INDISPONIVEL,VORTEK-CANON-1.0-ECON-2,2026-09-06T03:48:04.164Z
MLB4841979001,VTK000454,8bcc52e9-86a0-4481-9319-ac21b3582f48,26ebd6c7-7516-42d4-8ebd-74df527efd96,562.85,,null,101.31,ml_live,65.85,ml_live,0.08279935223578168,estimated,,,0.07,0.1,0.15,inconclusive,CUSTO_INDISPONIVEL,VORTEK-CANON-1.0-ECON-2,2026-09-06T03:48:04.540Z
MLB4841978365,VTK000436,5cc83cea-705f-42e0-b3ec-27ee49b3f9d5,05eb92bf-8342-4b3e-bb2c-c15f733e0353,481.11,,null,76.98,ml_live,24.45,ml_live,0.08279935223578168,estimated,,,0.07,0.1,0.15,inconclusive,CUSTO_INDISPONIVEL,VORTEK-CANON-1.0-ECON-2,2026-09-06T03:48:04.547Z
MLB4841978013,VTK000425,3496509b-7c30-46fb-934c-41df066da9a0,7a1d75ea-ccc2-4291-a023-6e8d827a0b50,383,,null,68.94,ml_live,24.45,ml_live,0.08279935223578168,estimated,,,0.07,0.1,0.15,inconclusive,CUSTO_INDISPONIVEL,VORTEK-CANON-1.0-ECON-2,2026-09-06T03:48:04.544Z
MLB4841972823,VTK000220,53f08285-b0ab-4ba2-8b3b-17148f848661,15c99835-6528-4c05-b320-8e9e8f24c776,513.08,,null,84.66,ml_live,25.45,ml_live,0.08279935223578168,estimated,,,0.07,0.1,0.15,inconclusive,CUSTO_INDISPONIVEL,VORTEK-CANON-1.0-ECON-2,2026-09-06T03:48:04.544Z
MLB4841956051,VTK000198,f8fe123a-65ad-4584-bdb0-66041b33d401,40664f11-194d-4f4e-8be1-872a6764a591,602.95,,null,87.43,ml_live,40.85,ml_live,0.08279935223578168,estimated,,,0.07,0.1,0.15,inconclusive,CUSTO_INDISPONIVEL,VORTEK-CANON-1.0-ECON-2,2026-09-06T03:48:04.949Z
MLB4841955539,VTK000183,cb79de59-3fda-418f-83dc-cca68f4091f8,7790ba02-da6f-4003-8d4e-d77c30db1bb4,136.17,,null,22.47,ml_live,19.45,ml_live,0.08279935223578168,estimated,,,0.05,0.07,0.1,inconclusive,CUSTO_INDISPONIVEL,VORTEK-CANON-1.0-ECON-2,2026-09-06T03:48:04.949Z
MLB4841955299,VTK000177,abba57a4-0586-4820-a1d7-b6c283c30fad,16024ed6-838c-496c-9a6d-6e1ff6c17653,271,,null,36.58,ml_live,25.55,ml_live,0.08279935223578168,estimated,,,0.07,0.1,0.15,inconclusive,CUSTO_INDISPONIVEL,VORTEK-CANON-1.0-ECON-2,2026-09-06T03:48:04.950Z
MLB4841955029,VTK000159,9340501e-8471-493d-ba4e-568425d550b1,7ada810a-4cb6-4b3d-ad73-e0216789beb5,363.15,,null,49.03,ml_live,27.05,ml_live,0.08279935223578168,estimated,,,0.07,0.1,0.15,inconclusive,CUSTO_INDISPONIVEL,VORTEK-CANON-1.0-ECON-2,2026-09-06T03:48:05.337Z
MLB4841934609,VTK000013,1c71fd54-40eb-4eaa-b34b-d8e1c647ddb4,32767045-7d5f-493a-a377-2a59fdd1ea62,286.21,,null,38.64,ml_live,23.25,ml_live,0.08279935223578168,estimated,,,0.07,0.1,0.15,inconclusive,CUSTO_INDISPONIVEL,VORTEK-CANON-1.0-ECON-2,2026-09-06T03:48:05.341Z
MLB4841922567,VTK000059,9cebb98f-597c-4a0a-a846-5f012e5c66d7,2780ac48-ae7d-439c-99ae-5cb406c1e880,462.04,,null,83.17,ml_live,,unknown,0.08279935223578168,estimated,,,0.07,0.1,0.15,inconclusive,INCONCLUSIVO_FONTE_ML_INDISPONIVEL;CUSTO_INDISPONIVEL;FRETE_INDISPONIVEL,VORTEK-CANON-1.0-ECON-2,2026-09-06T03:48:05.342Z
MLB4841922307,VTK000046,764eac11-08b5-4304-bc2b-0d4b7f32b9f8,e5388366-2a27-4d59-aee7-96cb4b4b3f3f,643.46,,null,93.3,ml_live,69.35,ml_live,0.08279935223578168,estimated,,,0.07,0.1,0.15,inconclusive,CUSTO_INDISPONIVEL,VORTEK-CANON-1.0-ECON-2,2026-09-06T03:48:05.339Z
MLB4841914265,VTK000099,fd6063a4-1397-4b2a-a710-23ac9dfe551a,21d0b404-7922-4054-a2ec-bd0b7f3318d7,144.96,,null,26.09,ml_live,18.15,ml_live,0.08279935223578168,estimated,,,0.05,0.07,0.1,inconclusive,CUSTO_INDISPONIVEL,VORTEK-CANON-1.0-ECON-2,2026-09-06T03:48:05.713Z
MLB4841872973,VTK000248,992932ea-97fd-400a-9b38-9ca5d7ff9a85,8dbaa32f-660c-4444-a079-d541c7058199,1346,,null,242.28,ml_live,24.45,ml_live,0.08279935223578168,estimated,,,0.1,0.15,0.2,inconclusive,CUSTO_INDISPONIVEL,VORTEK-CANON-1.0-ECON-2,2026-09-06T03:48:05.716Z
MLB4841872479,VTK000428,412af802-d6eb-4ae6-ae92-61976d0d7198,b7aafadb-31b2-47a6-977a-9d5dc03485ce,311.27,,null,56.03,ml_live,24.45,ml_live,0.08279935223578168,estimated,,,0.07,0.1,0.15,inconclusive,CUSTO_INDISPONIVEL,VORTEK-CANON-1.0-ECON-2,2026-09-06T03:48:06.105Z
MLB4841870635,VTK000241,8a9bf895-8a16-4dfe-9d83-7b07942069db,dba4b066-5d41-4829-b0e3-304fd947781c,611.57,,null,97.85,ml_live,24.45,ml_live,0.08279935223578168,estimated,,,0.07,0.1,0.15,inconclusive,CUSTO_INDISPONIVEL,VORTEK-CANON-1.0-ECON-2,2026-09-06T03:48:06.104Z
MLB4841869841,VTK000483,ddddaf09-5317-4abc-8418-aeb41f20dd29,32633baa-9a16-44ab-849a-52a67b1b72a2,834.9,,null,150.28,ml_live,23.25,ml_live,0.08279935223578168,estimated,,,0.07,0.1,0.15,inconclusive,CUSTO_INDISPONIVEL,VORTEK-CANON-1.0-ECON-2,2026-09-06T03:48:06.101Z
MLB7097126760,VTK000309,16b2f75f-e128-4f6f-9097-356b277fa19c,2f5b8d7c-a186-45f6-bc08-82c0e44f9d49,516.4,,null,92.95,ml_live,65.85,ml_live,0.08279935223578168,estimated,,,0.07,0.1,0.15,inconclusive,CUSTO_INDISPONIVEL,VORTEK-CANON-1.0-ECON-2,2026-09-06T03:48:06.105Z
MLB7097126744,VTK000693,f19cda3d-f929-4662-9525-bd901c6d96cd,a5678b3f-4ee9-4db0-9935-42da07d5a9a0,512.52,,null,92.25,ml_live,69.35,ml_live,0.08279935223578168,estimated,,,0.07,0.1,0.15,inconclusive,CUSTO_INDISPONIVEL,VORTEK-CANON-1.0-ECON-2,2026-09-06T03:48:06.477Z
MLB7097115538,VTK000554,7205649d-c2e7-4886-af8d-d0557fe55aa0,d562f754-6718-4e42-a018-294ec9bd24c4,181.91,,null,30.02,ml_live,20.45,ml_live,0.08279935223578168,estimated,,,0.05,0.07,0.1,inconclusive,CUSTO_INDISPONIVEL,VORTEK-CANON-1.0-ECON-2,2026-09-06T03:48:06.476Z
MLB7097115526,VTK002432,581e1dcb-a5c4-4843-abfc-3eeec9041c38,4d4da559-0088-4c52-8720-96c36a7c6462,570.52,,null,94.14,ml_live,25.45,ml_live,0.08279935223578168,estimated,,,0.07,0.1,0.15,inconclusive,CUSTO_INDISPONIVEL,VORTEK-CANON-1.0-ECON-2,2026-09-06T03:48:06.477Z
MLB7097103266,VTK004757,8d8f19d6-3ecf-4d07-be98-617f5acf3d6f,2b957571-564d-4e43-8aa7-ae41f1eb903d,175.29,,null,31.55,ml_live,21.35,ml_live,0.08279935223578168,estimated,,,0.05,0.07,0.1,inconclusive,CUSTO_INDISPONIVEL,VORTEK-CANON-1.0-ECON-2,2026-09-06T03:48:07.073Z
MLB7096960792,VTK000845,8431fe96-f182-44a2-88fa-ac1c392776e1,9529c487-69fc-4019-8294-e67a815a33dd,574.15,,null,103.35,ml_live,45.25,ml_live,0.08279935223578168,estimated,,,0.07,0.1,0.15,inconclusive,CUSTO_INDISPONIVEL,VORTEK-CANON-1.0-ECON-2,2026-09-06T03:48:07.077Z
MLB7096943296,VTK000783,d6888c0b-eebe-475f-b714-d25241d33634,d8900cb7-b3b9-46eb-b2b4-a246999c01e9,1618.75,,null,275.19,ml_live,107.95,ml_live,0.08279935223578168,estimated,,,0.1,0.15,0.2,inconclusive,CUSTO_INDISPONIVEL,VORTEK-CANON-1.0-ECON-2,2026-09-06T03:48:07.068Z
MLB7096941120,VTK000472,bbd0ec55-52c1-4492-af34-1ff59d59b9a9,57f0869e-58c1-4343-8d0b-8a538aa6a079,594.04,,null,106.93,ml_live,29.25,ml_live,0.08279935223578168,estimated,,,0.07,0.1,0.15,inconclusive,CUSTO_INDISPONIVEL,VORTEK-CANON-1.0-ECON-2,2026-09-06T03:48:07.069Z
MLB7096376022,VTK000988,d34494b5-cee8-404f-b42f-2d9221308e5e,1c0171c1-7f7d-4452-8bc4-141c50edf7b3,890,,null,146.85,ml_live,91.95,ml_live,0.08279935223578168,estimated,,,0.07,0.1,0.15,inconclusive,CUSTO_INDISPONIVEL,VORTEK-CANON-1.0-ECON-2,2026-09-06T03:48:07.548Z
MLB7096373244,VTK000952,690e5dfc-f497-4265-9806-d44c96967287,f2155eec-1e79-42f1-ae51-44f23852065b,1102.36,,null,181.89,ml_live,91.95,ml_live,0.08279935223578168,estimated,,,0.1,0.15,0.2,inconclusive,CUSTO_INDISPONIVEL,VORTEK-CANON-1.0-ECON-2,2026-09-06T03:48:07.547Z
MLB7096334166,VTK000999,f7e7de5d-d4cc-46df-95af-bdd8e20a824f,4c2e2746-45df-42cb-9c37-5b98c54f4d55,503.39,,null,80.54,ml_live,27.05,ml_live,0.08279935223578168,estimated,,,0.07,0.1,0.15,inconclusive,CUSTO_INDISPONIVEL,VORTEK-CANON-1.0-ECON-2,2026-09-06T03:48:07.549Z
MLB7095643498,VTK000789,e21745fb-5b5b-4a21-9bc6-804d6552a238,363d0d40-25f1-4299-9a43-3ae3387f43f1,180.21,,null,32.44,ml_live,21.75,ml_live,0.08279935223578168,estimated,,,0.05,0.07,0.1,inconclusive,CUSTO_INDISPONIVEL,VORTEK-CANON-1.0-ECON-2,2026-09-06T03:48:07.548Z
MLB7095639836,VTK000599,ff6f8b07-798c-4f1b-aedc-0a45f391e4e7,ec7163fa-bfa5-4a53-875f-eb7b8685d49d,200.84,,null,33.14,ml_live,23.25,ml_live,0.08279935223578168,estimated,,,0.07,0.1,0.15,inconclusive,CUSTO_INDISPONIVEL,VORTEK-CANON-1.0-ECON-2,2026-09-06T03:48:07.952Z
MLB7095602252,VTK000636,56d9355a-4938-4fb0-9673-d8ccd133febd,a6080165-1bae-4fb3-94d5-410a432ff90a,2949.21,1839.9,"[{""productId"": ""56d9355a-4938-4fb0-9673-d8ccd133febd"", ""offerId"": ""b9719636-d39f-469b-a7d0-4df0514b17f9"", ""supplierId"": ""133"", ""unitCost"": 1839.9, ""quantity"": 1, ""observedAt"": ""2026-09-06T01:56:38.168+00:00""}]",471.87,ml_live,,unknown,0.08279935223578168,estimated,,,0.1,0.15,0.2,inconclusive,INCONCLUSIVO_FONTE_ML_INDISPONIVEL;FRETE_INDISPONIVEL,VORTEK-CANON-1.0-ECON-2,2026-09-06T03:48:07.952Z
MLB7095392380,VTK000177,abba57a4-0586-4820-a1d7-b6c283c30fad,4a39afde-6626-4e19-a2d4-417f7e257401,271,,null,36.58,ml_live,25.55,ml_live,0.08279935223578168,estimated,,,0.07,0.1,0.15,inconclusive,CUSTO_INDISPONIVEL,VORTEK-CANON-1.0-ECON-2,2026-09-06T03:48:08.331Z
MLB7095392142,VTK000445,783edbeb-5c65-4a2a-b420-dbe5bc692857,6b556368-f701-4fe0-8074-a0a5a4ee275b,278.74,,null,40.42,ml_live,27.05,ml_live,0.08279935223578168,estimated,,,0.07,0.1,0.15,inconclusive,CUSTO_INDISPONIVEL,VORTEK-CANON-1.0-ECON-2,2026-09-06T03:48:08.330Z
MLB7095392094,VTK000561,8153c20a-9918-47d9-8bee-9bd1f174de98,a377db15-f84a-436a-883e-b74fb7ac26d8,280,,null,50.4,ml_live,,unknown,0.08279935223578168,estimated,,,0.07,0.1,0.15,inconclusive,INCONCLUSIVO_FONTE_ML_INDISPONIVEL;CUSTO_INDISPONIVEL;FRETE_INDISPONIVEL,VORTEK-CANON-1.0-ECON-2,2026-09-06T03:48:08.330Z
MLB7095392076,VTK000205,10cdeb1a-4e4f-45b0-ad62-4994aa26eaa5,28ecd9a7-ea40-482a-8c20-7a5a79ea4af4,553.58,,null,99.64,ml_live,65.85,ml_live,0.08279935223578168,estimated,,,0.07,0.1,0.15,inconclusive,CUSTO_INDISPONIVEL,VORTEK-CANON-1.0-ECON-2,2026-09-06T03:48:08.332Z
MLB7095392034,VTK000574,ab72407a-8012-4433-b806-40be3b2a990b,a1ef07e9-ea30-4f42-ad57-379bd1a104d0,152,,null,22.8,ml_live,22.25,ml_live,0.08279935223578168,estimated,,,0.05,0.07,0.1,inconclusive,CUSTO_INDISPONIVEL,VORTEK-CANON-1.0-ECON-2,2026-09-06T03:48:08.711Z
MLB7095392000,VTK000618,25c44487-2682-4a7d-b3b6-abe6888f17b3,b3657d77-620e-4bb8-b7c8-005344d5412b,1277,,null,210.7,ml_live,75.65,ml_live,0.08279935223578168,estimated,,,0.1,0.15,0.2,inconclusive,CUSTO_INDISPONIVEL,VORTEK-CANON-1.0-ECON-2,2026-09-06T03:48:08.712Z
MLB7095391438,VTK001273,ac09953f-76cc-4764-93b0-3d44b3f8c604,c55058c8-d4e3-4350-8073-63b2eefe60df,420.13,,null,60.92,ml_live,21.65,ml_live,0.08279935223578168,estimated,,,0.07,0.1,0.15,inconclusive,CUSTO_INDISPONIVEL,VORTEK-CANON-1.0-ECON-2,2026-09-06T03:48:08.708Z
MLB7095391366,VTK001240,5c87d211-9de5-4afa-9f54-5af18d1879f0,ac651786-0c95-40af-a93b-d1c061aaa430,201.03,,null,29.15,ml_live,21.65,ml_live,0.08279935223578168,estimated,,,0.07,0.1,0.15,inconclusive,CUSTO_INDISPONIVEL,VORTEK-CANON-1.0-ECON-2,2026-09-06T03:48:08.710Z
MLB7095390798,VTK001456,8ab76067-c212-4730-8e20-bc519eac1545,13263070-f85f-474b-982b-37a8b1aa2f1d,345.66,,null,50.12,ml_live,23.25,ml_live,0.08279935223578168,estimated,,,0.07,0.1,0.15,inconclusive,CUSTO_INDISPONIVEL,VORTEK-CANON-1.0-ECON-2,2026-09-06T03:48:09.116Z
MLB7095390750,VTK001124,41736c4d-eb31-4858-ab48-203c0f66849c,9b86d7b4-89be-471e-b0e0-390aef41e452,854,,null,153.72,ml_live,65.85,ml_live,0.08279935223578168,estimated,,,0.07,0.1,0.15,inconclusive,CUSTO_INDISPONIVEL,VORTEK-CANON-1.0-ECON-2,2026-09-06T03:48:09.123Z
MLB7095390244,VTK002383,d108cccc-3499-4aa5-872b-077388685a59,61d396b6-9357-4e9a-b4c9-c4ab364ffc9e,168.9,,null,30.4,ml_live,20.45,ml_live,0.08279935223578168,estimated,,,0.05,0.07,0.1,inconclusive,CUSTO_INDISPONIVEL,VORTEK-CANON-1.0-ECON-2,2026-09-06T03:48:09.496Z
MLB7095390216,VTK002778,cbf44483-fb54-4680-80c1-d8d89bcfe1f1,02520526-16fd-403c-9e86-375f2a41dba2,134,,null,24.12,ml_live,16.95,ml_live,0.08279935223578168,estimated,,,0.05,0.07,0.1,inconclusive,CUSTO_INDISPONIVEL,VORTEK-CANON-1.0-ECON-2,2026-09-06T03:48:09.497Z
MLB7095390172,VTK004501,0133c365-6651-4f39-97e0-9f98b6bcb8de,ae00f988-efbc-42d3-896e-5d973d741e95,1990,,null,318.4,ml_live,25.45,ml_live,0.08279935223578168,estimated,,,0.1,0.15,0.2,inconclusive,CUSTO_INDISPONIVEL,VORTEK-CANON-1.0-ECON-2,2026-09-06T03:48:09.497Z
MLB7095390132,VTK006402,062456b3-3f19-499d-9653-09feb321d111,b12188eb-ef77-4633-aaad-ea5ebaed9053,323.85,,null,51.82,ml_live,25.45,ml_live,0.08279935223578168,estimated,,,0.07,0.1,0.15,inconclusive,CUSTO_INDISPONIVEL,VORTEK-CANON-1.0-ECON-2,2026-09-06T03:48:09.498Z
MLB7095389518,VTK001022,29e14506-98d4-46ae-8016-50abb3c9c6f2,27901f1a-1448-4f02-96b0-4d316af934f0,165.1,,null,23.94,ml_live,20.45,ml_live,0.08279935223578168,estimated,,,0.05,0.07,0.1,inconclusive,CUSTO_INDISPONIVEL,VORTEK-CANON-1.0-ECON-2,2026-09-06T03:48:09.863Z
MLB7095340584,VTK000942,438a2374-612f-463d-9da1-56d19d29e9bd,e61755a4-c52a-4ec9-813a-20ddad812a6a,133.02,,null,21.95,ml_live,21.65,ml_live,0.08279935223578168,estimated,,,0.05,0.07,0.1,inconclusive,CUSTO_INDISPONIVEL,VORTEK-CANON-1.0-ECON-2,2026-09-06T03:48:09.867Z
MLB7095340438,VTK000400,ffeab192-7920-463a-8cbd-76f4d5041fbb,33a81cbd-4dda-41cc-bee2-b114a8db19d1,196,,null,28.42,ml_live,21.75,ml_live,0.08279935223578168,estimated,,,0.05,0.07,0.1,inconclusive,CUSTO_INDISPONIVEL,VORTEK-CANON-1.0-ECON-2,2026-09-06T03:48:10.399Z
MLB7095340394,VTK000535,4bb6c315-9783-4ea7-bedb-b587542fe36c,75c1c209-0f46-4380-ba52-04e5886d3228,469.56,,null,84.52,ml_live,49.35,ml_live,0.08279935223578168,estimated,,,0.07,0.1,0.15,inconclusive,CUSTO_INDISPONIVEL,VORTEK-CANON-1.0-ECON-2,2026-09-06T03:48:10.404Z
MLB7095339854,VTK000982,c439ef8c-471e-43b8-80bb-3fc55a503492,56d66240-c0cc-4b9e-93cf-fb0ee5f5345a,134.89,,null,22.26,ml_live,23.35,ml_live,0.08279935223578168,estimated,,,0.05,0.07,0.1,inconclusive,CUSTO_INDISPONIVEL,VORTEK-CANON-1.0-ECON-2,2026-09-06T03:48:10.412Z
MLB7095339778,VTK001255,79337686-2ac0-4d70-9ce3-8fd9f602f4da,ee151b03-8674-4191-8d1a-28b88d08dc6a,393.93,,null,57.12,ml_live,32.45,ml_live,0.08279935223578168,estimated,,,0.07,0.1,0.15,inconclusive,CUSTO_INDISPONIVEL,VORTEK-CANON-1.0-ECON-2,2026-09-06T03:48:10.790Z
MLB7095339734,VTK001174,af91b396-e091-4f7f-ba8d-bed1c4245fb1,1dd6ab17-a362-404b-a55a-44e6282298c7,1462.45,,null,241.3,ml_live,75.65,ml_live,0.08279935223578168,estimated,,,0.1,0.15,0.2,inconclusive,CUSTO_INDISPONIVEL,VORTEK-CANON-1.0-ECON-2,2026-09-06T03:48:10.784Z
MLB7095339096,VTK001651,8e8d724c-4c94-4542-bc59-cd6d4bbf7d27,979debad-af74-4c9c-befa-61b366cd9385,145.93,,null,24.08,ml_live,16.95,ml_live,0.08279935223578168,estimated,,,0.05,0.07,0.1,inconclusive,CUSTO_INDISPONIVEL,VORTEK-CANON-1.0-ECON-2,2026-09-06T03:48:10.791Z
MLB7095339072,VTK001769,a21d0344-92b3-46c9-9b58-6ed40e40ba48,bd0fc7a3-42f6-4484-9a05-f4ca1895ef8f,134,,null,22.11,ml_live,19.45,ml_live,0.08279935223578168,estimated,,,0.05,0.07,0.1,inconclusive,CUSTO_INDISPONIVEL,VORTEK-CANON-1.0-ECON-2,2026-09-06T03:48:10.789Z
MLB7095339046,VTK001878,b38500c6-19b0-49f4-9b95-b9b14356e1db,45d5a0fe-b59f-4816-bf75-7547df58d6d0,183,,null,32.94,ml_live,21.35,ml_live,0.08279935223578168,estimated,,,0.05,0.07,0.1,inconclusive,CUSTO_INDISPONIVEL,VORTEK-CANON-1.0-ECON-2,2026-09-06T03:48:11.398Z
MLB7095339024,VTK001880,b7200017-533f-4add-aa4d-4b9286eedb47,ee3fb01d-1ad4-49d7-b4ae-32da992392cd,208.89,,null,37.6,ml_live,,unknown,0.08279935223578168,estimated,,,0.07,0.1,0.15,inconclusive,INCONCLUSIVO_FONTE_ML_INDISPONIVEL;CUSTO_INDISPONIVEL;FRETE_INDISPONIVEL,VORTEK-CANON-1.0-ECON-2,2026-09-06T03:48:11.410Z
MLB7095338362,VTK000207,16c57407-f448-48de-9eca-245f9716e1f3,fde69515-4cc7-4f7a-abac-0d4261860757,590.77,,null,106.34,ml_live,65.85,ml_live,0.08279935223578168,estimated,,,0.07,0.1,0.15,inconclusive,CUSTO_INDISPONIVEL,VORTEK-CANON-1.0-ECON-2,2026-09-06T03:48:11.396Z
MLB7095337932,VTK001102,059e1c1d-0238-4efb-955e-63de13f713f2,cf7dd30e-e1c1-4273-81f5-29fc2f732b9b,248.68,,null,36.06,ml_live,21.65,ml_live,0.08279935223578168,estimated,,,0.07,0.1,0.15,inconclusive,CUSTO_INDISPONIVEL,VORTEK-CANON-1.0-ECON-2,2026-09-06T03:48:11.758Z
MLB7095337920,VTK001012,151b3713-55b2-4de5-88a1-f8839c9dc36d,5b64e8ee-f7b1-45ee-85fd-f5262adbfab9,152,,null,22.04,ml_live,45.35,ml_live,0.08279935223578168,estimated,,,0.05,0.07,0.1,inconclusive,CUSTO_INDISPONIVEL,VORTEK-CANON-1.0-ECON-2,2026-09-06T03:48:11.764Z
MLB7095337782,VTK001177,be17dc38-4ce4-4295-94a9-8adb79588af6,a5f5bb79-8298-4a0b-a445-a0d70cd4041c,408.16,,null,59.18,ml_live,32.45,ml_live,0.08279935223578168,estimated,,,0.07,0.1,0.15,inconclusive,CUSTO_INDISPONIVEL,VORTEK-CANON-1.0-ECON-2,2026-09-06T03:48:11.757Z
MLB7095337744,VTK000659,88223e1c-c02b-4e0b-82f8-8b08d5da1269,d1952d5c-41e9-44f4-a35e-018ea1279d05,243,,null,35.24,ml_live,21.65,ml_live,0.08279935223578168,estimated,,,0.07,0.1,0.15,inconclusive,CUSTO_INDISPONIVEL,VORTEK-CANON-1.0-ECON-2,2026-09-06T03:48:12.129Z
MLB7095337710,VTK002461,9be3e844-c387-4c96-b5cd-9d6c5e2f8068,a436794e-2def-4343-a69e-bb2dcf337f47,273.39,,null,39.64,ml_live,25.45,ml_live,0.08279935223578168,estimated,,,0.07,0.1,0.15,inconclusive,CUSTO_INDISPONIVEL,VORTEK-CANON-1.0-ECON-2,2026-09-06T03:48:12.129Z
MLB7095337598,VTK006577,becec9a8-c7fe-47ec-acfb-5ff35e22ade6,d95fd14a-d41b-4c37-9302-bdf1f622768c,266.72,,null,42.68,ml_live,27.05,ml_live,0.08279935223578168,estimated,,,0.07,0.1,0.15,inconclusive,CUSTO_INDISPONIVEL,VORTEK-CANON-1.0-ECON-2,2026-09-06T03:48:12.129Z
MLB7095327934,VTK000426,36028162-ebba-4f9f-8d0a-4be14376c6d8,4acc55d1-9720-4572-bae7-fc763c7c7ab4,640.65,,null,102.5,ml_live,25.45,ml_live,0.08279935223578168,estimated,,,0.07,0.1,0.15,inconclusive,CUSTO_INDISPONIVEL,VORTEK-CANON-1.0-ECON-2,2026-09-06T03:48:12.739Z
MLB7095327864,VTK000628,474268e0-aea6-4127-9a4e-ae98b624375c,56d2892c-a536-4fb5-a589-76aec3aa3182,540.6,,null,97.31,ml_live,40.85,ml_live,0.08279935223578168,estimated,,,0.07,0.1,0.15,inconclusive,CUSTO_INDISPONIVEL,VORTEK-CANON-1.0-ECON-2,2026-09-06T03:48:12.740Z
MLB7095327384,VTK001384,d7f6206e-1c72-4dc8-900e-c9c28a5b0dd8,dacd35d0-03a1-4a09-91c4-48e85755dcb6,2745.81,,null,439.33,ml_live,45.25,ml_live,0.08279935223578168,estimated,,,0.1,0.15,0.2,inconclusive,CUSTO_INDISPONIVEL,VORTEK-CANON-1.0-ECON-2,2026-09-06T03:48:12.742Z
MLB7095327248,VTK001267,98e11f84-04f7-4f61-b1be-100a61a9099d,8ed5425e-654b-41d4-b581-fe036f512185,314.8,,null,50.37,ml_live,25.45,ml_live,0.08279935223578168,estimated,,,0.07,0.1,0.15,inconclusive,CUSTO_INDISPONIVEL,VORTEK-CANON-1.0-ECON-2,2026-09-06T03:48:12.741Z
MLB7095327208,VTK001321,2aa89b19-c8dc-4a26-9893-2d87b0d7d0b7,079e5954-61ac-4342-b8c0-943735e7e7da,2172,,null,347.52,ml_live,45.25,ml_live,0.08279935223578168,estimated,,,0.1,0.15,0.2,inconclusive,CUSTO_INDISPONIVEL,VORTEK-CANON-1.0-ECON-2,2026-09-06T03:48:13.103Z
MLB7095326702,VTK002163,984db731-fc33-48e4-8ae9-cf10a7e9494d,38566b75-e450-44a4-8ff2-e6c10e1fb2fd,342.81,,null,54.85,ml_live,23.25,ml_live,0.08279935223578168,estimated,,,0.07,0.1,0.15,inconclusive,CUSTO_INDISPONIVEL,VORTEK-CANON-1.0-ECON-2,2026-09-06T03:48:13.102Z
MLB7095326252,VTK001828,4478f628-2b32-4d3b-849d-a6a00dc89b49,5cddeb73-e406-47f2-9f84-f443e1577ba5,164.47,,null,23.85,ml_live,29.25,ml_live,0.08279935223578168,estimated,,,0.05,0.07,0.1,inconclusive,CUSTO_INDISPONIVEL,VORTEK-CANON-1.0-ECON-2,2026-09-06T03:48:13.101Z
MLB7095326188,VTK002530,6d64af91-0b3f-4e53-86a9-f96f9671406e,f35360ab-bcc8-4951-9b94-df6ab6ef7f32,186.83,,null,33.63,ml_live,29.25,ml_live,0.08279935223578168,estimated,,,0.05,0.07,0.1,inconclusive,CUSTO_INDISPONIVEL,VORTEK-CANON-1.0-ECON-2,2026-09-06T03:48:13.457Z
MLB7095326162,VTK003020,3add1bcd-eeee-4aa0-829e-8aa532823fc6,20449689-dcb3-4586-96d0-4ef4c5bb4cc0,1538.65,,null,253.88,ml_live,91.95,ml_live,0.08279935223578168,estimated,,,0.1,0.15,0.2,inconclusive,CUSTO_INDISPONIVEL,VORTEK-CANON-1.0-ECON-2,2026-09-06T03:48:13.460Z
MLB7095326146,VTK003165,aca5b3d1-006e-4d84-931a-ecca7c7d22b3,c8d3590e-1718-461f-9525-2edca0922514,236,,null,42.48,ml_live,21.65,ml_live,0.08279935223578168,estimated,,,0.07,0.1,0.15,inconclusive,CUSTO_INDISPONIVEL,VORTEK-CANON-1.0-ECON-2,2026-09-06T03:48:13.463Z
MLB7095326042,VTK000130,2e154427-0a28-4b4a-b2e2-86ceaf512a79,f1ff819a-ed94-4393-802c-7cabcd752cb6,1502.5,,null,240.4,ml_live,25.45,ml_live,0.08279935223578168,estimated,,,0.1,0.15,0.2,inconclusive,CUSTO_INDISPONIVEL,VORTEK-CANON-1.0-ECON-2,2026-09-06T03:48:13.466Z
MLB7095326014,VTK000311,17a621b8-f6de-41f0-9000-f39992a0eadb,53c4f4ac-3b66-4d11-ad64-50368cbe2e45,199,,null,28.86,ml_live,26.35,ml_live,0.08279935223578168,estimated,,,0.05,0.07,0.1,inconclusive,CUSTO_INDISPONIVEL,VORTEK-CANON-1.0-ECON-2,2026-09-06T03:48:13.824Z
MLB7095325492,VTK000965,8c8b1d56-2570-449e-8407-47fab8d185b6,725c7aa3-13b8-434c-93e7-5ae15595a13c,131.13,,null,21.64,ml_live,19.05,ml_live,0.08279935223578168,estimated,,,0.05,0.07,0.1,inconclusive,CUSTO_INDISPONIVEL,VORTEK-CANON-1.0-ECON-2,2026-09-06T03:48:13.829Z
MLB7095325462,VTK001096,ef55f176-cf2b-405f-b2ce-48c827fc4c7d,c0d1ae12-eaef-4b3c-84af-93af9b91c6ee,263.5,,null,47.43,ml_live,25.45,ml_live,0.08279935223578168,estimated,,,0.07,0.1,0.15,inconclusive,CUSTO_INDISPONIVEL,VORTEK-CANON-1.0-ECON-2,2026-09-06T03:48:13.833Z
MLB7095325336,VTK001009,0d7b49cf-5aad-4f51-bb5d-4b67529adb6d,c03c6715-868e-4d58-a274-59fca0661c63,575,,null,103.5,ml_live,69.35,ml_live,0.08279935223578168,estimated,,,0.07,0.1,0.15,inconclusive,CUSTO_INDISPONIVEL,VORTEK-CANON-1.0-ECON-2,2026-09-06T03:48:13.830Z
MLB7095325328,VTK001150,81f99acd-88e8-4ab4-a97d-eb8916ec3ccd,1ee7f1e4-c47e-44ed-9d48-9ec2f3ec6f3f,400.45,,null,58.07,ml_live,23.25,ml_live,0.08279935223578168,estimated,,,0.07,0.1,0.15,inconclusive,CUSTO_INDISPONIVEL,VORTEK-CANON-1.0-ECON-2,2026-09-06T03:48:14.453Z
MLB7095325286,VTK001270,9fcdcdf7-8900-4152-9168-9ab393754b5b,637e3a3b-eea4-45f0-8057-96515625f392,669.42,,null,120.5,ml_live,25.55,ml_live,0.08279935223578168,estimated,,,0.07,0.1,0.15,inconclusive,CUSTO_INDISPONIVEL,VORTEK-CANON-1.0-ECON-2,2026-09-06T03:48:14.446Z
MLB7095325192,VTK004062,8f07c14b-ada2-469d-867e-1a1e16213d05,f00e5999-79f6-40f4-857b-31d5029ffd56,212.29,,null,30.78,ml_live,24.45,ml_live,0.08279935223578168,estimated,,,0.07,0.1,0.15,inconclusive,CUSTO_INDISPONIVEL,VORTEK-CANON-1.0-ECON-2,2026-09-06T03:48:14.448Z
MLB7095325170,VTK006407,0a50ceb3-62d1-4f16-a320-6aac4befe438,23e8b122-bfbe-49f9-bde6-895f60ab0aa9,323.85,,null,51.82,ml_live,25.45,ml_live,0.08279935223578168,estimated,,,0.07,0.1,0.15,inconclusive,CUSTO_INDISPONIVEL,VORTEK-CANON-1.0-ECON-2,2026-09-06T03:48:14.444Z
MLB7095325162,VTK006469,9fa812d1-20b6-40f8-bed2-7232ae121ea2,8efc8e90-3901-4978-8ef4-29223592c4a3,773,,null,127.54,ml_live,69.35,ml_live,0.08279935223578168,estimated,,,0.07,0.1,0.15,inconclusive,CUSTO_INDISPONIVEL,VORTEK-CANON-1.0-ECON-2,2026-09-06T03:48:14.824Z
MLB7095325014,VTK000539,5672c3f8-41ab-4968-8bb5-e9ef2865507d,91150422-8498-490c-909b-979617cb3a63,177,,null,31.86,ml_live,24.35,ml_live,0.08279935223578168,estimated,,,0.05,0.07,0.1,inconclusive,CUSTO_INDISPONIVEL,VORTEK-CANON-1.0-ECON-2,2026-09-06T03:48:14.823Z
MLB7095324952,VTK005934,53d7c694-fbfa-40cb-aedf-cde499d140d7,4508e418-1509-45cc-836c-d8e6ad5d644e,168.83,,null,24.48,ml_live,21.35,ml_live,0.08279935223578168,estimated,,,0.05,0.07,0.1,inconclusive,CUSTO_INDISPONIVEL,VORTEK-CANON-1.0-ECON-2,2026-09-06T03:48:14.818Z
MLB7095025022,VTK000530,3c8cbe0f-5e02-4a5e-9345-47fbd14f560c,48e8c0da-33a4-45d3-ba07-15cf68be8416,577,,null,92.32,ml_live,29.25,ml_live,0.08279935223578168,estimated,,,0.07,0.1,0.15,inconclusive,CUSTO_INDISPONIVEL,VORTEK-CANON-1.0-ECON-2,2026-09-06T03:48:14.822Z
MLB4847438681,VTK001229,468767f2-a3ab-4443-851f-076ade8f8b7c,3f7a8a93-c643-4cf8-85be-86de4231741d,628.19,,null,113.07,ml_live,29.25,ml_live,0.08279935223578168,estimated,,,0.07,0.1,0.15,inconclusive,CUSTO_INDISPONIVEL,VORTEK-CANON-1.0-ECON-2,2026-09-06T03:48:15.423Z
MLB4847434101,VTK001148,802544e2-e186-4696-9e0d-ef49962542ec,ed8c3740-85e9-4950-8851-a12180ba8fbe,376.34,,null,52.69,ml_live,27.05,ml_live,0.08279935223578168,estimated,,,0.07,0.1,0.15,inconclusive,CUSTO_INDISPONIVEL,VORTEK-CANON-1.0-ECON-2,2026-09-06T03:48:15.423Z
MLB4847281703,VTK000128,2d2504d3-dbca-4435-b72e-eb28c962fdc5,4c6cf0e0-6c42-41f1-be5f-73766ec33b45,1879,,null,319.43,ml_live,107.95,ml_live,0.08279935223578168,estimated,,,0.1,0.15,0.2,inconclusive,CUSTO_INDISPONIVEL,VORTEK-CANON-1.0-ECON-2,2026-09-06T03:48:15.424Z
MLB4847280759,VTK000148,61197760-458d-4c74-8dd7-18d3adeed736,0dbb6b79-38e8-4a1b-a7c1-f87c982df9c3,1878.81,,null,319.4,ml_live,107.85,ml_live,0.08279935223578168,estimated,,,0.1,0.15,0.2,inconclusive,CUSTO_INDISPONIVEL,VORTEK-CANON-1.0-ECON-2,2026-09-06T03:48:15.821Z
MLB4847280021,VTK000127,2c2bc242-a337-4517-b6dc-2f1a809feb8c,5f09ec49-5823-4c11-9533-a21bbd70715a,1879,,null,319.43,ml_live,107.95,ml_live,0.08279935223578168,estimated,,,0.1,0.15,0.2,inconclusive,CUSTO_INDISPONIVEL,VORTEK-CANON-1.0-ECON-2,2026-09-06T03:48:15.811Z
MLB4847222213,VTK000567,88aeae20-23ec-42d0-a0b8-ee6a0823dadf,1bed160e-29af-43fa-9cdd-870cb01063f0,520,,null,75.4,ml_live,27.05,ml_live,0.08279935223578168,estimated,,,0.07,0.1,0.15,inconclusive,CUSTO_INDISPONIVEL,VORTEK-CANON-1.0-ECON-2,2026-09-06T03:48:15.814Z
MLB4847210363,VTK000565,87d4b709-acfd-497d-9bd4-5b785d874a80,a1ec25aa-672a-46ee-9cba-2829e7bca98f,307.83,,null,50.79,ml_live,21.65,ml_live,0.08279935223578168,estimated,,,0.07,0.1,0.15,inconclusive,CUSTO_INDISPONIVEL,VORTEK-CANON-1.0-ECON-2,2026-09-06T03:48:15.822Z
MLB4846755327,VTK000935,39a1e9c7-60bc-468e-b85a-a9ff509dae69,7e9bb528-1bf5-4b33-8a1a-4aadd6f9dc9f,433.31,,null,78,ml_live,29.25,ml_live,0.08279935223578168,estimated,,,0.07,0.1,0.15,inconclusive,CUSTO_INDISPONIVEL,VORTEK-CANON-1.0-ECON-2,2026-09-06T03:48:16.232Z
MLB4846742751,VTK000987,d0cc9ced-5212-47d7-bd98-72198e9d9f92,e63dc8d9-c1ba-4848-94b8-aee435518aa1,179,,null,32.22,ml_live,22.25,ml_live,0.08279935223578168,estimated,,,0.05,0.07,0.1,inconclusive,CUSTO_INDISPONIVEL,VORTEK-CANON-1.0-ECON-2,2026-09-06T03:48:16.230Z
MLB4846729879,VTK000920,2b02331e-405d-49bf-9f47-7c1ebbffaa0d,7baa7f38-2f55-442e-921f-15a9853c9e3b,304.26,,null,50.2,ml_live,23.25,ml_live,0.08279935223578168,estimated,,,0.07,0.1,0.15,inconclusive,CUSTO_INDISPONIVEL,VORTEK-CANON-1.0-ECON-2,2026-09-06T03:48:16.232Z
MLB4846582793,VTK000439,69a52bf1-232e-4ea3-8fd9-d2464c0f9296,cf027116-f3fb-48ca-95a9-fbd009b23e47,169.62,,null,27.14,ml_live,24.35,ml_live,0.08279935223578168,estimated,,,0.05,0.07,0.1,inconclusive,CUSTO_INDISPONIVEL,VORTEK-CANON-1.0-ECON-2,2026-09-06T03:48:16.231Z
MLB4846557543,VTK000477,c5768edd-83c8-4581-af3e-5073f984c5b7,1e139d45-70e3-45a9-baa4-52176074ae90,238.79,,null,42.98,ml_live,40.85,ml_live,0.08279935223578168,estimated,,,0.07,0.1,0.15,inconclusive,CUSTO_INDISPONIVEL,VORTEK-CANON-1.0-ECON-2,2026-09-06T03:48:16.605Z
MLB4846536875,VTK000212,241ac348-be67-4071-b624-5325c89dee96,9d0288c9-84f2-4f4c-9d2e-f2a200535b79,151.54,,null,21.22,ml_live,22.25,ml_live,0.08279935223578168,estimated,,,0.05,0.07,0.1,inconclusive,CUSTO_INDISPONIVEL,VORTEK-CANON-1.0-ECON-2,2026-09-06T03:48:16.611Z
MLB4846402497,VTK001097,f30cab8e-35ac-4069-b7e8-8e119670f548,208c6b59-2425-4843-ab56-d7da189017a7,1007,,null,161.12,ml_live,69.35,ml_live,0.08279935223578168,estimated,,,0.1,0.15,0.2,inconclusive,CUSTO_INDISPONIVEL,VORTEK-CANON-1.0-ECON-2,2026-09-06T03:48:16.631Z
MLB4846402257,VTK006492,eea8919f-123f-4b17-ab71-7a9396e4e304,56d2f34e-b673-4d34-a2d4-218219670854,314.8,,null,50.37,ml_live,25.45,ml_live,0.08279935223578168,estimated,,,0.07,0.1,0.15,inconclusive,CUSTO_INDISPONIVEL,VORTEK-CANON-1.0-ECON-2,2026-09-06T03:48:16.608Z
MLB4846402213,VTK006405,089e7e97-55db-4ea0-b2a6-e4a22c17fb52,cb99d0db-1405-44ad-ad46-e5f1e54e1ec5,759,,null,125.24,ml_live,70.95,ml_live,0.08279935223578168,estimated,,,0.07,0.1,0.15,inconclusive,CUSTO_INDISPONIVEL,VORTEK-CANON-1.0-ECON-2,2026-09-06T03:48:17.000Z
MLB4846402123,VTK000630,4d4a7d18-db6c-4e07-b3f2-cda3351f4f7e,6d515ebc-6b64-4fe1-bdfe-ea8020faad59,247.04,,null,44.47,ml_live,25.45,ml_live,0.08279935223578168,estimated,,,0.07,0.1,0.15,inconclusive,CUSTO_INDISPONIVEL,VORTEK-CANON-1.0-ECON-2,2026-09-06T03:48:17.006Z
MLB4846402101,VTK003768,ab5fedd0-c3d0-4c1c-987d-79e9e80735fd,ff13a8f3-f27e-4109-89b6-ad69d99b2ebe,351.55,,null,56.25,ml_live,25.45,ml_live,0.08279935223578168,estimated,,,0.07,0.1,0.15,inconclusive,CUSTO_INDISPONIVEL,VORTEK-CANON-1.0-ECON-2,2026-09-06T03:48:16.999Z
MLB4846389497,VTK006497,fc21863b-0fe6-486c-b177-98c7b3cb8495,fc2c938b-1b13-4e57-98da-bd76267035b0,338.78,,null,54.2,ml_live,25.45,ml_live,0.08279935223578168,estimated,,,0.07,0.1,0.15,inconclusive,CUSTO_INDISPONIVEL,VORTEK-CANON-1.0-ECON-2,2026-09-06T03:48:16.998Z
MLB4846389411,VTK000562,82487846-ead5-4b7a-a74e-51a9d75ba24d,043a153c-0c97-4ceb-be48-69aaf31c628b,734.1,,null,132.14,ml_live,25.55,ml_live,0.08279935223578168,estimated,,,0.07,0.1,0.15,inconclusive,CUSTO_INDISPONIVEL,VORTEK-CANON-1.0-ECON-2,2026-09-06T03:48:17.392Z
MLB4846389387,VTK000336,4f4decca-ae32-4bfa-9aff-bc8fc0fd1b9f,69d9abb6-9b86-4bec-b14e-039748fffb2d,189.17,,null,34.05,ml_live,21.35,ml_live,0.08279935223578168,estimated,,,0.05,0.07,0.1,inconclusive,CUSTO_INDISPONIVEL,VORTEK-CANON-1.0-ECON-2,2026-09-06T03:48:17.392Z
MLB4846389363,VTK000516,14b2099a-86b9-4c1e-bdb2-4a6d0173610f,87b84b48-d926-4913-b911-6e8915c37121,392.98,,null,62.88,ml_live,27.05,ml_live,0.08279935223578168,estimated,,,0.07,0.1,0.15,inconclusive,CUSTO_INDISPONIVEL,VORTEK-CANON-1.0-ECON-2,2026-09-06T03:48:17.389Z
MLB7101755178,VTK001484,d2d73e52-73c7-4d8a-852e-2750d45237e4,01d2325f-1fc6-44ae-80c0-f3a746723c8a,484,,null,70.18,ml_live,21.65,ml_live,0.08279935223578168,estimated,,,0.07,0.1,0.15,inconclusive,CUSTO_INDISPONIVEL,VORTEK-CANON-1.0-ECON-2,2026-09-06T03:48:17.393Z
MLB7101755168,VTK001523,2e49f665-5c9a-4c2c-80b1-a7882d0a4234,2468e0a6-bea7-4323-9365-7ebc2bdc8e24,169.2,,null,23.69,ml_live,20.45,ml_live,0.08279935223578168,estimated,,,0.05,0.07,0.1,inconclusive,CUSTO_INDISPONIVEL,VORTEK-CANON-1.0-ECON-2,2026-09-06T03:48:17.995Z
MLB7101755148,VTK002484,d3eb1f07-202c-4fba-be71-8e0d9fd15d7f,51f0a0b6-8274-433a-8585-b5008b9bf1fa,175.96,,null,31.67,ml_live,21.75,ml_live,0.08279935223578168,estimated,,,0.05,0.07,0.1,inconclusive,CUSTO_INDISPONIVEL,VORTEK-CANON-1.0-ECON-2,2026-09-06T03:48:17.763Z
MLB7101755122,VTK001266,977d3799-5709-4707-b0dc-74e1e4c0442f,0997956f-362a-43fd-b3fd-9fe8dc4b25d3,1027,,null,169.46,ml_live,40.85,ml_live,0.08279935223578168,estimated,,,0.1,0.15,0.2,inconclusive,CUSTO_INDISPONIVEL,VORTEK-CANON-1.0-ECON-2,2026-09-06T03:48:17.758Z
MLB7101696438,VTK001969,b06f6293-4bdc-42a8-8918-0fc72ca15002,5712d89c-f07a-4732-af78-6aa32b9634f6,726.6,,null,119.89,ml_live,50.75,ml_live,0.08279935223578168,estimated,,,0.07,0.1,0.15,inconclusive,CUSTO_INDISPONIVEL,VORTEK-CANON-1.0-ECON-2,2026-09-06T03:48:17.759Z
MLB7101696398,VTK003077,be6db3c0-2235-4d5e-8c59-5493d3fe2590,9a0e5eb0-5f4f-4fb1-8006-e067a1ee9da1,2643.2,,null,436.13,ml_live,69.35,ml_live,0.08279935223578168,estimated,,,0.1,0.15,0.2,inconclusive,CUSTO_INDISPONIVEL,VORTEK-CANON-1.0-ECON-2,2026-09-06T03:48:18.367Z
MLB7101696320,VTK004556,84169acd-580a-457a-bb9e-e859b1f5c3f1,2f1a7812-e271-4960-8e8f-7c5477f04019,184.95,,null,27.74,ml_live,19.05,ml_live,0.08279935223578168,estimated,,,0.05,0.07,0.1,inconclusive,CUSTO_INDISPONIVEL,VORTEK-CANON-1.0-ECON-2,2026-09-06T03:48:18.365Z
MLB7101684212,VTK001141,684f253b-a782-4d36-828a-2aba17f3858a,8ae429b0-2328-4e66-b454-b244144295ba,2762,,null,455.73,ml_live,70.95,ml_live,0.08279935223578168,estimated,,,0.1,0.15,0.2,inconclusive,CUSTO_INDISPONIVEL,VORTEK-CANON-1.0-ECON-2,2026-09-06T03:48:18.724Z
MLB7101684142,VTK004670,a6732198-2daa-4229-8b1c-dc49b4e3ee17,a732200e-8689-42f5-a859-b7031a7df918,79.49,,null,14.31,ml_live,13.85,ml_live,0.08279935223578168,estimated,,,0.05,0.07,0.1,inconclusive,CUSTO_INDISPONIVEL,VORTEK-CANON-1.0-ECON-2,2026-09-06T03:48:18.732Z
MLB7101684116,VTK004099,f91e1201-271a-4b47-ba52-8af02fdd7c81,c71afe8d-eb68-4a7d-81cd-2c825d0186c3,397,,null,55.58,ml_live,24.45,ml_live,0.08279935223578168,estimated,,,0.07,0.1,0.15,inconclusive,CUSTO_INDISPONIVEL,VORTEK-CANON-1.0-ECON-2,2026-09-06T03:48:18.727Z
MLB7101684006,VTK000049,79a5ee47-cd9f-48a2-991f-d2c6f7bbd2a9,01fdd87f-8319-4147-9f59-584f5844d550,230.27,,null,33.39,ml_live,21.65,ml_live,0.08279935223578168,estimated,,,0.07,0.1,0.15,inconclusive,CUSTO_INDISPONIVEL,VORTEK-CANON-1.0-ECON-2,2026-09-06T03:48:19.105Z
MLB4850158315,VTK000196,f5a6f7a7-72ea-4b9e-a2db-6d9aa43311dc,7a6ee886-ed18-4d87-94d4-e4df3d468f3f,530,,null,71.55,ml_live,49.35,ml_live,0.08279935223578168,estimated,,,0.07,0.1,0.15,inconclusive,CUSTO_INDISPONIVEL,VORTEK-CANON-1.0-ECON-2,2026-09-06T03:48:19.104Z
MLB4850158155,VTK000338,53912ddf-f8ec-4a7f-acb1-29385ef26799,edcd78fd-cab9-437e-8521-9e9158f3812b,113,,null,20.34,ml_live,16.15,ml_live,0.08279935223578168,estimated,,,0.05,0.07,0.1,inconclusive,CUSTO_INDISPONIVEL,VORTEK-CANON-1.0-ECON-2,2026-09-06T03:48:19.101Z
MLB4850157963,VTK004688,d883be2d-1869-438f-a8be-435cf0b1cd65,7ae4a47b-e3ad-4d40-9bcf-5602dc352d1b,449.44,,null,80.9,ml_live,23.25,ml_live,0.08279935223578168,estimated,,,0.07,0.1,0.15,inconclusive,CUSTO_INDISPONIVEL,VORTEK-CANON-1.0-ECON-2,2026-09-06T03:48:19.473Z
MLB4850157939,VTK009141,9ff89d24-36dc-4914-81f9-57f1187d8bb4,2f8b2d92-38c8-48a3-ac5d-eff4d4c88f98,1218.18,,null,201,ml_live,70.95,ml_live,0.08279935223578168,estimated,,,0.1,0.15,0.2,inconclusive,CUSTO_INDISPONIVEL,VORTEK-CANON-1.0-ECON-2,2026-09-06T03:48:19.475Z
MLB7105511166,VTK001596,f920ebc9-b106-4f67-89c1-9022fbc03e75,344addc7-8cd4-46e7-9933-0d3e72636033,185.48,,null,26.89,ml_live,24.35,ml_live,0.08279935223578168,estimated,,,0.05,0.07,0.1,inconclusive,CUSTO_INDISPONIVEL,VORTEK-CANON-1.0-ECON-2,2026-09-06T03:48:19.473Z
MLB7104389618,VTK001851,7db8737f-0d83-4aea-9c33-099ae8f9e03e,19cdc9be-dcc0-4079-8c4a-f6c8ebcf48a5,250,,null,33.75,ml_live,29.25,ml_live,0.08279935223578168,estimated,,,0.07,0.1,0.15,inconclusive,CUSTO_INDISPONIVEL,VORTEK-CANON-1.0-ECON-2,2026-09-06T03:48:19.887Z
MLB7104389564,VTK003245,7b48b66b-4dd1-4202-9367-30de4c274019,5b5968a3-0f31-470c-b49e-9c20763edfe1,144.08,,null,25.93,ml_live,18.15,ml_live,0.08279935223578168,estimated,,,0.05,0.07,0.1,inconclusive,CUSTO_INDISPONIVEL,VORTEK-CANON-1.0-ECON-2,2026-09-06T03:48:19.880Z
MLB7104387624,VTK000614,14b30b8b-2d74-4b8d-b2e4-229acbb3810f,b27c0179-6b59-409d-beea-af1d2c473de0,477.58,,null,85.96,ml_live,24.45,ml_live,0.08279935223578168,estimated,,,0.07,0.1,0.15,inconclusive,CUSTO_INDISPONIVEL,VORTEK-CANON-1.0-ECON-2,2026-09-06T03:48:19.883Z
MLB7104387582,VTK002720,3cb27183-2477-4d81-9161-7e090826aa11,c4849dc7-43f3-4563-8e94-276b11e0c1e1,147.38,,null,24.32,ml_live,18.15,ml_live,0.08279935223578168,estimated,,,0.05,0.07,0.1,inconclusive,CUSTO_INDISPONIVEL,VORTEK-CANON-1.0-ECON-2,2026-09-06T03:48:19.890Z
MLB7104387570,VTK005460,8392868b-5ff3-4c3c-8b6b-fe463de84612,95383128-79b8-4ee0-9e33-45aa200d3c35,123.22,,null,22.18,ml_live,18.15,ml_live,0.08279935223578168,estimated,,,0.05,0.07,0.1,inconclusive,CUSTO_INDISPONIVEL,VORTEK-CANON-1.0-ECON-2,2026-09-06T03:48:20.614Z
MLB7104350400,VTK005232,5603068c-4ab5-4e85-a20d-04623a9c94fa,7d8ed222-6520-4973-871b-ac5165c77b1a,2299,,null,379.34,ml_live,65.85,ml_live,0.08279935223578168,estimated,,,0.1,0.15,0.2,inconclusive,CUSTO_INDISPONIVEL,VORTEK-CANON-1.0-ECON-2,2026-09-06T03:48:21.218Z
MLB4853397111,VTK002239,7e60fc53-6380-45cd-9691-a817edc3821b,fbc6ef48-c3d7-4e3e-9c3a-c81046434385,252.43,,null,45.44,ml_live,25.55,ml_live,0.08279935223578168,estimated,,,0.07,0.1,0.15,inconclusive,CUSTO_INDISPONIVEL,VORTEK-CANON-1.0-ECON-2,2026-09-06T03:48:21.225Z
MLB4852433647,VTK003006,0d3d6d0e-da43-45e5-92d9-a3a164c87ebf,8981e0f3-dddf-47a3-9a42-0ab2532eb333,182,,null,32.76,ml_live,21.35,ml_live,0.08279935223578168,estimated,,,0.05,0.07,0.1,inconclusive,CUSTO_INDISPONIVEL,VORTEK-CANON-1.0-ECON-2,2026-09-06T03:48:21.219Z
MLB4852433633,VTK006531,48184807-f726-4199-92da-0210f51b90a9,378b954b-eac9-4a16-a00a-801930f59ba5,708.22,,null,113.32,ml_live,70.95,ml_live,0.08279935223578168,estimated,,,0.07,0.1,0.15,inconclusive,CUSTO_INDISPONIVEL,VORTEK-CANON-1.0-ECON-2,2026-09-06T03:48:21.220Z
MLB4852431647,VTK000379,c01a34cc-70fd-4c51-a7c8-77db999a4933,492a555b-07af-475a-a3ea-239c4b24aacc,350.25,,null,49.04,ml_live,23.25,ml_live,0.08279935223578168,estimated,,,0.07,0.1,0.15,inconclusive,CUSTO_INDISPONIVEL,VORTEK-CANON-1.0-ECON-2,2026-09-06T03:48:21.608Z
MLB4852431615,VTK000959,804056af-ed25-431f-a761-46e03bd7ab9f,ea5321e5-21a8-493c-9fca-90e6063c03ff,527.94,,null,84.47,ml_live,79.35,ml_live,0.08279935223578168,estimated,,,0.07,0.1,0.15,inconclusive,CUSTO_INDISPONIVEL,VORTEK-CANON-1.0-ECON-2,2026-09-06T03:48:21.621Z
MLB4852431573,VTK003453,926a8a82-22f0-45e3-895d-c2402ab2062f,257b35fe-fdb0-4964-b333-d469327f35e9,270.62,,null,48.71,ml_live,23.25,ml_live,0.08279935223578168,estimated,,,0.07,0.1,0.15,inconclusive,CUSTO_INDISPONIVEL,VORTEK-CANON-1.0-ECON-2,2026-09-06T03:48:21.605Z
MLB4852431561,VTK005975,b12528a9-3030-4bf4-9291-c2b629043ee1,af6493a4-e642-4f84-b9cf-612a310ccfa6,1774.5,,null,292.79,ml_live,70.95,ml_live,0.08279935223578168,estimated,,,0.1,0.15,0.2,inconclusive,CUSTO_INDISPONIVEL,VORTEK-CANON-1.0-ECON-2,2026-09-06T03:48:21.609Z
MLB4852431539,VTK006484,ddf4d39f-028d-4ee1-8d4a-b600324f43df,333bc34c-2426-4059-b8a3-b0ec027b0b33,288.94,,null,52.01,ml_live,23.25,ml_live,0.08279935223578168,estimated,,,0.07,0.1,0.15,inconclusive,CUSTO_INDISPONIVEL,VORTEK-CANON-1.0-ECON-2,2026-09-06T03:48:22.018Z
MLB4852431487,VTK000443,701175d4-3520-4cf7-869e-abc05c7c2cc8,100e9c5e-19ba-4040-a8b9-d32641f848bd,540.77,,null,97.34,ml_live,23.25,ml_live,0.08279935223578168,estimated,,,0.07,0.1,0.15,inconclusive,CUSTO_INDISPONIVEL,VORTEK-CANON-1.0-ECON-2,2026-09-06T03:48:22.022Z
MLB4623519119,VTK006584,cc4d5385-33d6-4d02-aae1-d508488d885e,e6e8f551-4cce-4e1a-b1f3-0f0a95d9f0eb,116,,null,13.92,ml_live,16.85,ml_live,0.08279935223578168,estimated,,,0.05,0.07,0.1,inconclusive,CUSTO_INDISPONIVEL,VORTEK-CANON-1.0-ECON-2,2026-09-06T03:48:22.017Z
MLB6573097102,VTK006584,cc4d5385-33d6-4d02-aae1-d508488d885e,8358294c-42ba-4e92-beaf-3cfc306237c1,116,,null,13.92,ml_live,16.85,ml_live,0.08279935223578168,estimated,,,0.05,0.07,0.1,inconclusive,CUSTO_INDISPONIVEL,VORTEK-CANON-1.0-ECON-2,2026-09-06T03:48:22.018Z
MLB7009377236,VTK000697,f89b95cd-b9a1-48b4-9279-40415c908c27,bca120c7-d343-4baa-bb31-4afc57238640,189,,null,24.57,ml_live,26.35,ml_live,0.08279935223578168,estimated,,,0.05,0.07,0.1,inconclusive,CUSTO_INDISPONIVEL,VORTEK-CANON-1.0-ECON-2,2026-09-06T03:48:22.397Z
MLB7111642126,VTK012819,dcf0878a-8f95-41de-8449-07542c97ab0d,34a58895-14f8-4e37-ac09-aa9e1896c95c,3090,,null,494.4,ml_live,21.65,ml_live,0.08279935223578168,estimated,,,0.1,0.15,0.2,inconclusive,CUSTO_INDISPONIVEL,VORTEK-CANON-1.0-ECON-2,2026-09-06T03:48:23.551Z
MLB7111548428,VTK001446,75a03cc2-b5a3-452b-8272-5035aec604fd,c3066d20-c59b-4758-b10b-454a6d8ca769,598.97,,null,80.86,ml_live,50.75,ml_live,0.08279935223578168,estimated,,,0.07,0.1,0.15,inconclusive,CUSTO_INDISPONIVEL,VORTEK-CANON-1.0-ECON-2,2026-09-06T03:48:23.947Z
MLB7111548354,VTK001083,c8ff5962-c4c1-483c-ab03-648253b38d76,fc953ee4-824d-40b5-a2e2-00e712688bee,212.01,,null,33.92,ml_live,27.05,ml_live,0.08279935223578168,estimated,,,0.07,0.1,0.15,inconclusive,CUSTO_INDISPONIVEL,VORTEK-CANON-1.0-ECON-2,2026-09-06T03:48:23.943Z
MLB7111548344,VTK006454,83a80489-ef81-45e7-9c86-b9fca16ee7d3,8e162439-3b39-43a6-a4eb-945ad04861a5,233.68,,null,31.55,ml_live,25.45,ml_live,0.08279935223578168,estimated,,,0.07,0.1,0.15,inconclusive,CUSTO_INDISPONIVEL,VORTEK-CANON-1.0-ECON-2,2026-09-06T03:48:23.940Z
MLB7111548314,VTK006423,3ba357d8-7783-4c03-99fb-b0d818c34a7a,2b2ef70e-242f-479f-8456-bab99d73553e,251.27,,null,33.92,ml_live,32.45,ml_live,0.08279935223578168,estimated,,,0.07,0.1,0.15,inconclusive,CUSTO_INDISPONIVEL,VORTEK-CANON-1.0-ECON-2,2026-09-06T03:48:24.336Z
MLB7111548298,VTK003921,40522f5a-ee43-4f88-9d77-7cb6baf02ba0,5235d074-9553-42a9-9954-bb57edfaa8ba,245.27,,null,39.24,ml_live,50.75,ml_live,0.08279935223578168,estimated,,,0.07,0.1,0.15,inconclusive,CUSTO_INDISPONIVEL,VORTEK-CANON-1.0-ECON-2,2026-09-06T03:48:24.337Z
MLB7111548288,VTK000523,2d916172-65ef-490d-be2e-3541793f5998,8a0a137e-707b-4265-9876-af92a49adc40,266,,null,37.24,ml_live,24.45,ml_live,0.08279935223578168,estimated,,,0.07,0.1,0.15,inconclusive,CUSTO_INDISPONIVEL,VORTEK-CANON-1.0-ECON-2,2026-09-06T03:48:24.338Z
MLB7111548264,VTK011955,4b550641-2417-4e3b-b7c7-778edc424f85,f372d9d9-3397-420a-ba90-483f6eb84dca,492.48,,null,88.65,ml_live,65.85,ml_live,0.08279935223578168,estimated,,,0.07,0.1,0.15,inconclusive,CUSTO_INDISPONIVEL,VORTEK-CANON-1.0-ECON-2,2026-09-06T03:48:24.337Z
MLB7111548236,VTK006573,b5d0b9b9-9529-4d02-a1f2-2dcd0a52cec4,793f8fa5-8540-4aae-8579-31c44fac89d8,496.26,,null,79.4,ml_live,25.55,ml_live,0.08279935223578168,estimated,,,0.07,0.1,0.15,inconclusive,CUSTO_INDISPONIVEL,VORTEK-CANON-1.0-ECON-2,2026-09-06T03:48:24.716Z
MLB7111548226,VTK001235,510c95c0-2b60-4997-9319-c4f463b5c2b8,1736cb42-0ee2-4f6d-a856-50611b156c1e,781.23,,null,128.9,ml_live,91.95,ml_live,0.08279935223578168,estimated,,,0.07,0.1,0.15,inconclusive,CUSTO_INDISPONIVEL,VORTEK-CANON-1.0-ECON-2,2026-09-06T03:48:24.715Z
MLB7111548128,VTK006456,86aaddbf-9b59-4fca-be3f-7fb505dda66b,7cd9d3fd-7a9e-44e0-9004-340460edd19e,677.47,,null,91.46,ml_live,111.65,ml_live,0.08279935223578168,estimated,,,0.07,0.1,0.15,inconclusive,CUSTO_INDISPONIVEL,VORTEK-CANON-1.0-ECON-2,2026-09-06T03:48:24.716Z
MLB7111548116,VTK006427,44490cff-3a36-4f33-adca-1ff05a25cd00,a7dadb5a-569b-476f-bb98-4b0ab928885d,500.32,,null,67.54,ml_live,45.25,ml_live,0.08279935223578168,estimated,,,0.07,0.1,0.15,inconclusive,CUSTO_INDISPONIVEL,VORTEK-CANON-1.0-ECON-2,2026-09-06T03:48:24.713Z
MLB7111548104,VTK002113,1e94ed96-9604-49ab-a080-7d21f6a50f73,4d6ebd66-c98e-4d5f-bbb3-dc498144390c,913.96,,null,164.51,ml_live,70.95,ml_live,0.08279935223578168,estimated,,,0.07,0.1,0.15,inconclusive,CUSTO_INDISPONIVEL,VORTEK-CANON-1.0-ECON-2,2026-09-06T03:48:25.097Z
MLB7111548096,VTK006512,210b4112-5a2a-443c-b98f-dd4439428baf,569055bc-30d3-49ea-a041-5e58d57db158,544,,null,87.04,ml_live,70.95,ml_live,0.08279935223578168,estimated,,,0.07,0.1,0.15,inconclusive,CUSTO_INDISPONIVEL,VORTEK-CANON-1.0-ECON-2,2026-09-06T03:48:25.097Z
MLB7111548068,VTK003679,d434509d-1a0f-44ca-9562-15f6b1522f89,f23099b6-1b20-4663-be9a-fb73122d2088,1400.6,,null,231.1,ml_live,70.95,ml_live,0.08279935223578168,estimated,,,0.1,0.15,0.2,inconclusive,CUSTO_INDISPONIVEL,VORTEK-CANON-1.0-ECON-2,2026-09-06T03:48:25.093Z
MLB7111548062,VTK001307,0bdc2d07-a5fa-4717-8530-31b32424c8dc,76459377-006e-499d-baa5-343a4d897526,1938.79,,null,319.9,ml_live,79.35,ml_live,0.08279935223578168,estimated,,,0.1,0.15,0.2,inconclusive,CUSTO_INDISPONIVEL,VORTEK-CANON-1.0-ECON-2,2026-09-06T03:48:25.102Z
MLB7111548026,VTK000842,7c6a3a63-6272-4bd0-8f1b-af9375dada82,d304b4b1-5047-48c6-9701-14d685372302,1006,,null,171.02,ml_live,106.85,ml_live,0.08279935223578168,estimated,,,0.1,0.15,0.2,inconclusive,CUSTO_INDISPONIVEL,VORTEK-CANON-1.0-ECON-2,2026-09-06T03:48:25.726Z
MLB7111548016,VTK001426,4a493f61-ceb0-4ad1-9688-ae29e8797faa,2e1f3f4b-f949-49f4-b1f4-9b4d7ce953cc,992.52,,null,163.77,ml_live,45.25,ml_live,0.08279935223578168,estimated,,,0.07,0.1,0.15,inconclusive,CUSTO_INDISPONIVEL,VORTEK-CANON-1.0-ECON-2,2026-09-06T03:48:25.724Z
MLB7111547750,VTK001275,b08d9498-d45e-4274-a642-5735218067c5,db6aeddc-f62c-45d5-8e60-b1624f01066e,3466.67,,null,572,ml_live,27.05,ml_live,0.08279935223578168,estimated,,,0.1,0.15,0.2,inconclusive,CUSTO_INDISPONIVEL,VORTEK-CANON-1.0-ECON-2,2026-09-06T03:48:25.729Z
MLB7111545782,VTK001428,4a86d4f5-3ab5-40b8-ba93-e3894acb9eb2,18db3fd6-c103-4902-ad34-2688d035501a,863.4,,null,155.41,ml_live,40.85,ml_live,0.08279935223578168,estimated,,,0.07,0.1,0.15,inconclusive,CUSTO_INDISPONIVEL,VORTEK-CANON-1.0-ECON-2,2026-09-06T03:48:26.273Z
MLB7111545754,VTK003638,60b524f1-8a3e-4c4d-8146-79c5d0a9035d,85600e34-e439-42f8-a2de-fb6b1a44647f,183,,null,24.7,ml_live,26.35,ml_live,0.08279935223578168,estimated,,,0.05,0.07,0.1,inconclusive,CUSTO_INDISPONIVEL,VORTEK-CANON-1.0-ECON-2,2026-09-06T03:48:26.275Z
MLB7111545710,VTK006473,a95b6ff8-da8c-48fb-bf3a-80fa258b4671,1de9b5a2-213d-422e-a796-9393428e24f3,267,,null,42.72,ml_live,27.05,ml_live,0.08279935223578168,estimated,,,0.07,0.1,0.15,inconclusive,CUSTO_INDISPONIVEL,VORTEK-CANON-1.0-ECON-2,2026-09-06T03:48:26.276Z
MLB7111545682,VTK006430,45e82f29-e120-4101-b5e4-321f451dfdcb,385b2bd0-9174-4d14-8af6-bebda1d79500,277.5,,null,44.4,ml_live,24.45,ml_live,0.08279935223578168,estimated,,,0.07,0.1,0.15,inconclusive,CUSTO_INDISPONIVEL,VORTEK-CANON-1.0-ECON-2,2026-09-06T03:48:26.510Z
MLB7111545666,VTK006506,074f8fa2-8689-4143-973b-ca1898612cd3,132bf65d-d491-45df-8bcc-c85472788086,266.72,,null,42.68,ml_live,27.05,ml_live,0.08279935223578168,estimated,,,0.07,0.1,0.15,inconclusive,CUSTO_INDISPONIVEL,VORTEK-CANON-1.0-ECON-2,2026-09-06T03:48:27.141Z
MLB7111545656,VTK006568,b0aa5801-6bc7-4431-8e8d-8a4f3b51004f,1d860fc2-f928-49cb-a2ac-4a486cfd620a,266.72,,null,42.68,ml_live,27.05,ml_live,0.08279935223578168,estimated,,,0.07,0.1,0.15,inconclusive,CUSTO_INDISPONIVEL,VORTEK-CANON-1.0-ECON-2,2026-09-06T03:48:27.143Z
MLB7111545648,VTK006586,cf7e7aa2-d2ca-43fd-ab65-7a8331a5ead7,5855c9f9-c76f-4929-9c8e-2095e96d16aa,266.72,,null,42.68,ml_live,27.05,ml_live,0.08279935223578168,estimated,,,0.07,0.1,0.15,inconclusive,CUSTO_INDISPONIVEL,VORTEK-CANON-1.0-ECON-2,2026-09-06T03:48:27.141Z
MLB7111545556,VTK006203,07d60c35-8f3d-456c-a066-d78a91f42188,44a6000d-662a-4814-970d-7eef039f8abc,283.37,,null,45.34,ml_live,27.05,ml_live,0.08279935223578168,estimated,,,0.07,0.1,0.15,inconclusive,CUSTO_INDISPONIVEL,VORTEK-CANON-1.0-ECON-2,2026-09-06T03:48:27.367Z
MLB7111545450,VTK001206,0ef5286f-66ce-4116-a845-5f3ef6513de5,cb7eb84f-281b-4e5c-a9b2-3a7d44309a95,598,,null,95.68,ml_live,25.55,ml_live,0.08279935223578168,estimated,,,0.07,0.1,0.15,inconclusive,CUSTO_INDISPONIVEL,VORTEK-CANON-1.0-ECON-2,2026-09-06T03:48:27.745Z
MLB7111545404,VTK000329,42ac8c2b-f4ad-4759-a69c-35b09449b8de,8284eb7b-152d-4f09-904b-271dc27d9183,1286.7,,null,218.74,ml_live,107.85,ml_live,0.08279935223578168,estimated,,,0.1,0.15,0.2,inconclusive,CUSTO_INDISPONIVEL,VORTEK-CANON-1.0-ECON-2,2026-09-06T03:48:27.757Z
MLB7111545360,VTK009661,c361772e-04dd-4812-9473-1670edef8eee,9d62a82f-7d48-4841-9ad8-5ee4dd393bca,433.7,,null,69.39,ml_live,32.45,ml_live,0.08279935223578168,estimated,,,0.07,0.1,0.15,inconclusive,CUSTO_INDISPONIVEL,VORTEK-CANON-1.0-ECON-2,2026-09-06T03:48:27.745Z
MLB7111545350,VTK001300,ffe327b5-85c3-472b-b25b-2cb928971e2c,be866a92-55ea-42cc-8528-819abd192fed,593.54,,null,106.84,ml_live,27.05,ml_live,0.08279935223578168,estimated,,,0.07,0.1,0.15,inconclusive,CUSTO_INDISPONIVEL,VORTEK-CANON-1.0-ECON-2,2026-09-06T03:48:27.747Z
MLB7111545318,VTK006552,8a0c64d2-e8af-450c-bd05-f6582e15a24f,e84717d4-3674-40d5-8ce8-32efc3a60811,524.06,,null,83.85,ml_live,40.85,ml_live,0.08279935223578168,estimated,,,0.07,0.1,0.15,inconclusive,CUSTO_INDISPONIVEL,VORTEK-CANON-1.0-ECON-2,2026-09-06T03:48:28.128Z
MLB7111544766,VTK001098,f7e1bbc5-06aa-4a8e-afe9-7671f8c21df6,6899b850-89b0-4829-a324-9d540db4fe6a,1539.19,,null,277.05,ml_live,27.05,ml_live,0.08279935223578168,estimated,,,0.1,0.15,0.2,inconclusive,CUSTO_INDISPONIVEL,VORTEK-CANON-1.0-ECON-2,2026-09-06T03:48:28.127Z
MLB7111544750,VTK002306,18098a02-4fad-41cb-bd08-4a8ab151723b,6ea8ca7c-457f-4343-acc7-17f751b6652e,1990,,null,358.2,ml_live,24.45,ml_live,0.08279935223578168,estimated,,,0.1,0.15,0.2,inconclusive,CUSTO_INDISPONIVEL,VORTEK-CANON-1.0-ECON-2,2026-09-06T03:48:28.366Z
MLB7111544726,VTK000233,7a79b554-d6b8-4a5f-a472-4784c657f818,4f684205-c799-44f1-a8f1-84b6431dcafd,1459.51,,null,248.12,ml_live,107.85,ml_live,0.08279935223578168,estimated,,,0.1,0.15,0.2,inconclusive,CUSTO_INDISPONIVEL,VORTEK-CANON-1.0-ECON-2,2026-09-06T03:48:28.126Z
MLB7111544682,VTK000298,fb644787-1d2c-4d1e-ae9f-902557e88f65,5c6953a7-f99f-4af8-96ea-5dfa6888ff7c,1459.51,,null,248.12,ml_live,107.85,ml_live,0.08279935223578168,estimated,,,0.1,0.15,0.2,inconclusive,CUSTO_INDISPONIVEL,VORTEK-CANON-1.0-ECON-2,2026-09-06T03:48:28.742Z
MLB7111544660,VTK000165,9b21cd91-f3d4-45ec-8c6c-5fee6566b6a6,783baae9-9377-4f8a-a5bc-92dc7f86fb3d,1545,,null,262.65,ml_live,107.95,ml_live,0.08279935223578168,estimated,,,0.1,0.15,0.2,inconclusive,CUSTO_INDISPONIVEL,VORTEK-CANON-1.0-ECON-2,2026-09-06T03:48:28.743Z
MLB7111544644,VTK000593,efbe7388-4348-43b7-b93b-e58b9aac044b,363fea8b-51ea-4a7a-b16e-3397ffab44b3,1879,,null,319.43,ml_live,107.95,ml_live,0.08279935223578168,estimated,,,0.1,0.15,0.2,inconclusive,CUSTO_INDISPONIVEL,VORTEK-CANON-1.0-ECON-2,2026-09-06T03:48:28.743Z
MLB7111544598,VTK004093,e402a5bb-15da-41eb-b449-d6effafa046f,cf437825-c63f-42ee-bd7b-c68ac656b701,1985,,null,357.3,ml_live,23.25,ml_live,0.08279935223578168,estimated,,,0.1,0.15,0.2,inconclusive,CUSTO_INDISPONIVEL,VORTEK-CANON-1.0-ECON-2,2026-09-06T03:48:28.746Z
MLB7111544584,VTK001021,28d350f3-38c6-42c1-afc7-640249ecb997,dbaa3d94-3950-41a9-b26b-9eb8ca93140e,2190,,null,372.3,ml_live,107.95,ml_live,0.08279935223578168,estimated,,,0.1,0.15,0.2,inconclusive,CUSTO_INDISPONIVEL,VORTEK-CANON-1.0-ECON-2,2026-09-06T03:48:29.134Z
MLB7111544468,VTK006254,86867773-d37c-4f02-9c5a-130175fb9a04,70d0c0cc-b07f-47c2-b108-1cb17e4fe274,2885.19,,null,490.48,ml_live,107.95,ml_live,0.08279935223578168,estimated,,,0.1,0.15,0.2,inconclusive,CUSTO_INDISPONIVEL,VORTEK-CANON-1.0-ECON-2,2026-09-06T03:48:29.125Z
MLB7111544424,VTK000852,91386672-dcb2-43b5-96cd-a93cca3760ca,416aca41-ce20-4cec-bf56-ba0b44774f66,2255,,null,383.35,ml_live,107.95,ml_live,0.08279935223578168,estimated,,,0.1,0.15,0.2,inconclusive,CUSTO_INDISPONIVEL,VORTEK-CANON-1.0-ECON-2,2026-09-06T03:48:29.133Z
MLB7111544388,VTK000895,f44d79c1-2013-412a-81d9-c40d2db93b64,9835bbcc-7c85-43f2-97bf-b91e8e9261e8,2997.09,,null,509.51,ml_live,107.95,ml_live,0.08279935223578168,estimated,,,0.1,0.15,0.2,inconclusive,CUSTO_INDISPONIVEL,VORTEK-CANON-1.0-ECON-2,2026-09-06T03:48:29.128Z
MLB7111544372,VTK000839,75e48a26-36a8-48b1-978c-518241f7b083,05a068a2-de7d-4d91-b108-c04ece3c38e6,2358,,null,400.86,ml_live,107.95,ml_live,0.08279935223578168,estimated,,,0.1,0.15,0.2,inconclusive,CUSTO_INDISPONIVEL,VORTEK-CANON-1.0-ECON-2,2026-09-06T03:48:29.513Z
MLB7111544324,VTK004377,c839f9aa-deab-4c80-9b86-eec065272c9d,e4dddc57-44c6-4532-9881-339aaeb9562d,2750.48,,null,495.09,ml_live,24.45,ml_live,0.08279935223578168,estimated,,,0.1,0.15,0.2,inconclusive,CUSTO_INDISPONIVEL,VORTEK-CANON-1.0-ECON-2,2026-09-06T03:48:29.515Z
MLB7111544270,VTK006330,443a6d87-6eb6-40a9-a7c8-f3b0f75ebc51,5a31b814-3ca2-49f7-8b76-847ecaf834be,3685,,null,589.6,ml_live,,unknown,0.08279935223578168,estimated,,,0.1,0.15,0.2,inconclusive,INCONCLUSIVO_FONTE_ML_INDISPONIVEL;CUSTO_INDISPONIVEL;FRETE_INDISPONIVEL,VORTEK-CANON-1.0-ECON-2,2026-09-06T03:48:29.514Z
MLB7109542028,VTK001722,3df236c5-3558-4853-9716-fbbdf9e18a46,09c95d11-2582-4956-8886-6ce628911dbe,559,,null,81.06,ml_live,65.85,ml_live,0.08279935223578168,estimated,,,0.07,0.1,0.15,inconclusive,CUSTO_INDISPONIVEL,VORTEK-CANON-1.0-ECON-2,2026-09-06T03:48:29.514Z
MLB7108546010,VTK005636,627815e7-b889-4cf6-8e99-c6aa3a0bc369,728722ca-e85b-4a7a-8140-8820ab36c4f4,2035.9,,null,366.46,ml_live,75.65,ml_live,0.08279935223578168,estimated,,,0.1,0.15,0.2,inconclusive,CUSTO_INDISPONIVEL,VORTEK-CANON-1.0-ECON-2,2026-09-06T03:48:29.895Z
MLB7108545974,VTK000688,e16aec5b-32b9-492f-a391-490592bf731a,c4deffae-93eb-47a2-a5df-68dc7cacc950,444,,null,79.92,ml_live,25.45,ml_live,0.08279935223578168,estimated,,,0.07,0.1,0.15,inconclusive,CUSTO_INDISPONIVEL,VORTEK-CANON-1.0-ECON-2,2026-09-06T03:48:29.896Z
MLB4857689233,VTK000383,cfbcba5c-ec6f-4ed8-9e2d-db57f610dcfb,ecbe0713-4600-4c87-afab-e69846284f59,414,,null,74.52,ml_live,69.35,ml_live,0.08279935223578168,estimated,,,0.07,0.1,0.15,inconclusive,CUSTO_INDISPONIVEL,VORTEK-CANON-1.0-ECON-2,2026-09-06T03:48:29.888Z
MLB4857676945,VTK006600,fa276d74-cc60-4368-9159-8ec43cbe1c12,f92f8db3-28af-472f-badf-e2019a5d2604,599.48,,null,95.92,ml_live,25.55,ml_live,0.08279935223578168,estimated,,,0.07,0.1,0.15,inconclusive,CUSTO_INDISPONIVEL,VORTEK-CANON-1.0-ECON-2,2026-09-06T03:48:29.889Z
MLB4857539027,VTK000152,7d633413-eb70-4bf8-91af-8fe11534c6a2,58440554-28c0-46f1-ae1f-ed3bab3f44d8,129,,null,23.22,ml_live,18.15,ml_live,0.08279935223578168,estimated,,,0.05,0.07,0.1,inconclusive,CUSTO_INDISPONIVEL,VORTEK-CANON-1.0-ECON-2,2026-09-06T03:48:31.518Z
MLB4857531925,VTK000306,0ef3a5fe-ab67-45a9-a545-a36b14deac55,701ca4e2-fb4c-40d5-9427-5bb7c9db7bfb,578.08,,null,98.27,ml_live,23.25,ml_live,0.08279935223578168,estimated,,,0.07,0.1,0.15,inconclusive,CUSTO_INDISPONIVEL,VORTEK-CANON-1.0-ECON-2,2026-09-06T03:48:31.516Z
MLB4857530893,VTK003500,fe9da286-c589-44f0-b3c7-881655c12bf8,60e76d7b-297c-4199-9e36-82750bd8f2eb,173.69,,null,31.26,ml_live,20.45,ml_live,0.08279935223578168,estimated,,,0.05,0.07,0.1,inconclusive,CUSTO_INDISPONIVEL,VORTEK-CANON-1.0-ECON-2,2026-09-06T03:48:32.084Z
MLB4857530875,VTK001212,1e717cb6-3d7b-4d8c-8243-38bffbdca2a0,57aabfdd-9e7e-4a8b-96c3-3ca2e75b91c7,358.58,,null,48.41,ml_live,106.85,ml_live,0.08279935223578168,estimated,,,0.07,0.1,0.15,inconclusive,CUSTO_INDISPONIVEL,VORTEK-CANON-1.0-ECON-2,2026-09-06T03:48:32.088Z
MLB4857530845,VTK001111,150347d9-f215-44fa-8961-7adfc172da86,5b408796-bf3b-4e67-acf2-47dbb2cfa580,362.66,,null,65.28,ml_live,27.05,ml_live,0.08279935223578168,estimated,,,0.07,0.1,0.15,inconclusive,CUSTO_INDISPONIVEL,VORTEK-CANON-1.0-ECON-2,2026-09-06T03:48:32.085Z
MLB4857530827,VTK000154,8092c36a-41a1-471b-ba34-b274970f3ca0,ad551086-81df-482f-b03b-e64b1a094475,211.73,,null,31.76,ml_live,21.65,ml_live,0.08279935223578168,estimated,,,0.07,0.1,0.15,inconclusive,CUSTO_INDISPONIVEL,VORTEK-CANON-1.0-ECON-2,2026-09-06T03:48:32.085Z
MLB4857530777,VTK003572,b46f1a6b-95b5-456a-9985-dc4f96c95c16,b1634451-0d1a-4fa8-9c41-9be22e2e2294,402.9,,null,72.52,ml_live,65.85,ml_live,0.08279935223578168,estimated,,,0.07,0.1,0.15,inconclusive,CUSTO_INDISPONIVEL,VORTEK-CANON-1.0-ECON-2,2026-09-06T03:48:32.471Z
MLB4857530763,VTK001449,7de59867-946c-42d5-9823-b8773806daae,273290ee-aa33-440f-8996-a484b632e5e2,409.23,,null,67.52,ml_live,69.35,ml_live,0.08279935223578168,estimated,,,0.07,0.1,0.15,inconclusive,CUSTO_INDISPONIVEL,VORTEK-CANON-1.0-ECON-2,2026-09-06T03:48:32.470Z
MLB4857530651,VTK006635,e93dd122-b336-4f22-9aea-574687b5c8bb,5e9c6fb0-e09d-4a9f-8831-f6ad3aaf734c,646.62,,null,116.39,ml_live,32.45,ml_live,0.08279935223578168,estimated,,,0.07,0.1,0.15,inconclusive,CUSTO_INDISPONIVEL,VORTEK-CANON-1.0-ECON-2,2026-09-06T03:48:32.473Z
MLB4857530635,VTK000197,f66b2654-3724-477d-963a-49693831a5cb,39af5784-d709-4d1a-b53d-679dce0cfd7f,607.52,,null,85.05,ml_live,,unknown,0.08279935223578168,estimated,,,0.07,0.1,0.15,inconclusive,INCONCLUSIVO_FONTE_ML_INDISPONIVEL;CUSTO_INDISPONIVEL;FRETE_INDISPONIVEL,VORTEK-CANON-1.0-ECON-2,2026-09-06T03:48:32.852Z
MLB4857530587,VTK001373,b69eb24b-eb8a-4dcc-8ae0-07872129c327,c32e9573-4b29-44d0-812e-a12c4978cfef,1640.44,,null,295.28,ml_live,70.95,ml_live,0.08279935223578168,estimated,,,0.1,0.15,0.2,inconclusive,CUSTO_INDISPONIVEL,VORTEK-CANON-1.0-ECON-2,2026-09-06T03:48:32.853Z
MLB4857498365,VTK003957,a058c2bf-8822-4fc2-87f2-5c87d8306c7b,88967997-359e-41db-91f9-7fc2ebaf5ef7,269.26,,null,36.35,ml_live,45.25,ml_live,0.08279935223578168,estimated,,,0.07,0.1,0.15,inconclusive,CUSTO_INDISPONIVEL,VORTEK-CANON-1.0-ECON-2,2026-09-06T03:48:33.412Z
MLB4857498359,VTK000592,edb77023-ee4e-4703-bdb7-fdeed33cfb8e,934dba1a-6fcf-42da-8dce-a3ddc4e7eae3,253.77,,null,45.68,ml_live,25.45,ml_live,0.08279935223578168,estimated,,,0.07,0.1,0.15,inconclusive,CUSTO_INDISPONIVEL,VORTEK-CANON-1.0-ECON-2,2026-09-06T03:48:33.407Z
MLB4857498313,VTK003516,1f58bef6-acaf-4c29-b352-3c6d5493fbc4,d8843ff7-1570-4913-8eda-69df40e7a99c,382.88,,null,68.92,ml_live,32.45,ml_live,0.08279935223578168,estimated,,,0.07,0.1,0.15,inconclusive,CUSTO_INDISPONIVEL,VORTEK-CANON-1.0-ECON-2,2026-09-06T03:48:33.407Z
MLB4857498247,VTK001190,ddb95234-25cf-429d-9cf8-9f2825255a76,684dac33-abb1-4730-b3df-5900cc03a97a,518.96,,null,70.06,ml_live,50.75,ml_live,0.08279935223578168,estimated,,,0.07,0.1,0.15,inconclusive,CUSTO_INDISPONIVEL,VORTEK-CANON-1.0-ECON-2,2026-09-06T03:48:33.788Z
MLB4857498187,VTK003879,ca694107-be29-44ad-9045-0ff826aff3ad,c7f1b904-1539-4552-974b-28d20e6f0098,147.48,,null,26.55,ml_live,18.15,ml_live,0.08279935223578168,estimated,,,0.05,0.07,0.1,inconclusive,CUSTO_INDISPONIVEL,VORTEK-CANON-1.0-ECON-2,2026-09-06T03:48:33.789Z
MLB4857498159,VTK001359,9954111f-e0e1-429d-8ab7-d16ee9f64042,478dae43-7ca7-4144-a62e-7f900270e1aa,1560.16,,null,280.83,ml_live,32.45,ml_live,0.08279935223578168,estimated,,,0.1,0.15,0.2,inconclusive,CUSTO_INDISPONIVEL,VORTEK-CANON-1.0-ECON-2,2026-09-06T03:48:33.793Z
MLB4857498147,VTK001347,80b2d47e-c218-4cd1-affa-3a8a180e00b7,8ca014a2-7f03-4281-9984-85567765e8ca,302.42,,null,40.83,ml_live,29.25,ml_live,0.08279935223578168,estimated,,,0.07,0.1,0.15,inconclusive,CUSTO_INDISPONIVEL,VORTEK-CANON-1.0-ECON-2,2026-09-06T03:48:33.793Z
MLB4857498089,VTK006411,1861b447-05e8-424f-aaa9-3de1c5b8eee7,98e5cefd-f0b7-4890-9ed2-df113cb9a11d,181.44,,null,29.03,ml_live,21.35,ml_live,0.08279935223578168,estimated,,,0.05,0.07,0.1,inconclusive,CUSTO_INDISPONIVEL,VORTEK-CANON-1.0-ECON-2,2026-09-06T03:48:34.184Z
MLB4857498065,VTK006437,6254c4d4-4927-4219-8ded-ac7f3fdcac47,9ea54ad0-18a5-462e-ab19-7eaaa169c049,189,,null,30.24,ml_live,26.35,ml_live,0.08279935223578168,estimated,,,0.05,0.07,0.1,inconclusive,CUSTO_INDISPONIVEL,VORTEK-CANON-1.0-ECON-2,2026-09-06T03:48:34.179Z
MLB4857497975,VTK001403,130f0e75-5638-4871-afa6-c71af6bfbc77,12715c59-689a-42ce-8e7e-36d454a89455,242.95,,null,34.01,ml_live,79.35,ml_live,0.08279935223578168,estimated,,,0.07,0.1,0.15,inconclusive,CUSTO_INDISPONIVEL,VORTEK-CANON-1.0-ECON-2,2026-09-06T03:48:34.178Z
MLB4857497905,VTK000597,fab1a06b-377f-4c69-af65-c74f98420eaa,e3642464-835a-4a4b-a4b0-ef5edb8ba061,306.98,,null,49.12,ml_live,25.45,ml_live,0.08279935223578168,estimated,,,0.07,0.1,0.15,inconclusive,CUSTO_INDISPONIVEL,VORTEK-CANON-1.0-ECON-2,2026-09-06T03:48:34.559Z
MLB4857497865,VTK006571,b311d706-5e47-41d1-9239-d9b280eae8fe,b834f688-36a8-475d-a642-99f583a6fe97,291.93,,null,46.71,ml_live,25.45,ml_live,0.08279935223578168,estimated,,,0.07,0.1,0.15,inconclusive,CUSTO_INDISPONIVEL,VORTEK-CANON-1.0-ECON-2,2026-09-06T03:48:34.565Z
MLB4857497831,VTK011954,554e9dc1-66d9-455c-b0c5-4952dc82f9fe,240ee8d7-5673-437e-9b96-62c0d0ac9b1e,492.48,,null,88.65,ml_live,65.85,ml_live,0.08279935223578168,estimated,,,0.07,0.1,0.15,inconclusive,CUSTO_INDISPONIVEL,VORTEK-CANON-1.0-ECON-2,2026-09-06T03:48:34.558Z
MLB4857497799,VTK001433,5a721781-21cc-4942-83a1-1d7ec1f71287,25c85fca-a7c0-44a9-a3f9-af0bd15a1325,301.21,,null,40.66,ml_live,45.25,ml_live,0.08279935223578168,estimated,,,0.07,0.1,0.15,inconclusive,CUSTO_INDISPONIVEL,VORTEK-CANON-1.0-ECON-2,2026-09-06T03:48:34.944Z
MLB4857497773,VTK006509,0ed76bab-c23c-4a3b-8c8e-2184ec536ca0,78f9f586-0696-47ac-8f87-f07c4cafdc6b,527.94,,null,84.47,ml_live,79.35,ml_live,0.08279935223578168,estimated,,,0.07,0.1,0.15,inconclusive,CUSTO_INDISPONIVEL,VORTEK-CANON-1.0-ECON-2,2026-09-06T03:48:34.949Z
MLB4857497711,VTK001366,a2ff1242-58b3-4e56-8577-0d57cae3b164,b90782f6-9503-4575-94d3-5add11001f23,674.85,,null,91.1,ml_live,106.85,ml_live,0.08279935223578168,estimated,,,0.07,0.1,0.15,inconclusive,CUSTO_INDISPONIVEL,VORTEK-CANON-1.0-ECON-2,2026-09-06T03:48:34.951Z
MLB4857497669,VTK001364,9eb3e655-c55b-4f69-ad00-e24792b31b78,199b1de6-4214-476f-854c-02da353fd5cd,1253.2,,null,206.78,ml_live,106.85,ml_live,0.08279935223578168,estimated,,,0.1,0.15,0.2,inconclusive,CUSTO_INDISPONIVEL,VORTEK-CANON-1.0-ECON-2,2026-09-06T03:48:35.338Z
MLB4857497595,VTK001087,d7815caf-e9b3-47a3-97ff-3c50dd7306d2,a2766ed0-0d23-4e38-bfc8-42901a2bf2d9,1479,,null,251.43,ml_live,107.95,ml_live,0.08279935223578168,estimated,,,0.1,0.15,0.2,inconclusive,CUSTO_INDISPONIVEL,VORTEK-CANON-1.0-ECON-2,2026-09-06T03:48:35.336Z
MLB4857497565,VTK001227,40389d79-272f-4ad3-9685-41c535ffa2a3,b42bd430-9649-415f-8bed-8fa45495d366,681.15,,null,115.8,ml_live,24.45,ml_live,0.08279935223578168,estimated,,,0.07,0.1,0.15,inconclusive,CUSTO_INDISPONIVEL,VORTEK-CANON-1.0-ECON-2,2026-09-06T03:48:35.337Z
MLB4857497551,VTK002582,d29da2bd-804c-4d81-9162-b3d96b7a8f91,fec0dac8-bb90-4167-9207-bb7435a9f98f,1579.96,,null,260.69,ml_live,49.35,ml_live,0.08279935223578168,estimated,,,0.1,0.15,0.2,inconclusive,CUSTO_INDISPONIVEL,VORTEK-CANON-1.0-ECON-2,2026-09-06T03:48:35.335Z
MLB4857497541,VTK002581,d2946c31-8fe5-4465-909b-530645aa40ac,ebb138b2-1bef-47d5-813e-fac2c9166cb6,1579.96,,null,260.69,ml_live,49.35,ml_live,0.08279935223578168,estimated,,,0.1,0.15,0.2,inconclusive,CUSTO_INDISPONIVEL,VORTEK-CANON-1.0-ECON-2,2026-09-06T03:48:35.734Z
MLB4857497429,VTK001105,0af4f0b1-f890-4d46-9b72-7b5280c4dafc,409a2e44-5345-4056-9257-9f5d20171995,1973.42,,null,355.22,ml_live,27.05,ml_live,0.08279935223578168,estimated,,,0.1,0.15,0.2,inconclusive,CUSTO_INDISPONIVEL,VORTEK-CANON-1.0-ECON-2,2026-09-06T03:48:35.727Z
MLB4857495507,VTK006410,1051f6f0-9c2c-4f24-af49-3483fbee6c85,8301f85c-6891-4e17-9bb8-656a31bc5471,234.59,,null,37.53,ml_live,25.45,ml_live,0.08279935223578168,estimated,,,0.07,0.1,0.15,inconclusive,CUSTO_INDISPONIVEL,VORTEK-CANON-1.0-ECON-2,2026-09-06T03:48:35.730Z
MLB4857495481,VTK006493,f24be782-2ff8-4fa2-b8a8-b6330fa88310,bea6ce5c-5cd4-4e6c-bf65-f4ea610f0ee1,337.41,,null,53.99,ml_live,27.05,ml_live,0.08279935223578168,estimated,,,0.07,0.1,0.15,inconclusive,CUSTO_INDISPONIVEL,VORTEK-CANON-1.0-ECON-2,2026-09-06T03:48:35.729Z
MLB4857495397,VTK000961,89e8b4a8-ed5f-4bd6-bd08-b5988fe469cd,11c40c84-d20e-4c54-a4b8-e8ca11abe23e,266.72,,null,42.68,ml_live,27.05,ml_live,0.08279935223578168,estimated,,,0.07,0.1,0.15,inconclusive,CUSTO_INDISPONIVEL,VORTEK-CANON-1.0-ECON-2,2026-09-06T03:48:36.116Z
MLB4857495265,VTK001218,28eaac44-cd20-40c4-9412-3820c590d4e0,71dcc2e6-3bc6-49b3-9bd7-2d688ddfdf23,813.71,,null,146.47,ml_live,25.45,ml_live,0.08279935223578168,estimated,,,0.07,0.1,0.15,inconclusive,CUSTO_INDISPONIVEL,VORTEK-CANON-1.0-ECON-2,2026-09-06T03:48:36.115Z
MLB4857495097,VTK004779,c4f500a6-ac47-4396-96df-84d81e0ebc94,a8ff7c3a-196f-42d0-af32-c8f2a79abcd7,714.71,,null,128.65,ml_live,25.55,ml_live,0.08279935223578168,estimated,,,0.07,0.1,0.15,inconclusive,CUSTO_INDISPONIVEL,VORTEK-CANON-1.0-ECON-2,2026-09-06T03:48:36.116Z
MLB4857494517,VTK002877,acce4ede-aefd-498f-aab5-c91152fe1514,e00cf0b0-b285-4e94-ac85-398b01dc0eae,1709.9,,null,307.78,ml_live,23.25,ml_live,0.08279935223578168,estimated,,,0.1,0.15,0.2,inconclusive,CUSTO_INDISPONIVEL,VORTEK-CANON-1.0-ECON-2,2026-09-06T03:48:36.119Z
MLB4857494485,VTK000221,5851eea7-7fd4-4e69-846d-375ed4160768,41c25fa7-e01d-4250-91ef-83fb97658784,1459.51,,null,248.12,ml_live,107.85,ml_live,0.08279935223578168,estimated,,,0.1,0.15,0.2,inconclusive,CUSTO_INDISPONIVEL,VORTEK-CANON-1.0-ECON-2,2026-09-06T03:48:36.577Z
MLB4857494477,VTK000588,db96869c-cfd1-44af-977f-5639f28a82e1,2df457d1-d456-477d-9337-86e824dde0f4,1459.51,,null,248.12,ml_live,107.85,ml_live,0.08279935223578168,estimated,,,0.1,0.15,0.2,inconclusive,CUSTO_INDISPONIVEL,VORTEK-CANON-1.0-ECON-2,2026-09-06T03:48:36.577Z
MLB4857494457,VTK000553,6d1dfc16-3819-4c1c-82ac-e61472f4d8a1,945420d8-a0b3-4060-8e3f-7a375dad756e,1090,,null,185.3,ml_live,107.95,ml_live,0.08279935223578168,estimated,,,0.1,0.15,0.2,inconclusive,CUSTO_INDISPONIVEL,VORTEK-CANON-1.0-ECON-2,2026-09-06T03:48:36.576Z
MLB4857494429,VTK000996,f1f35028-9035-449c-816b-5cf3e93902e3,aa1c71c5-de55-4916-be1a-ddfd2fbdf3c0,1201,,null,216.18,ml_live,24.45,ml_live,0.08279935223578168,estimated,,,0.1,0.15,0.2,inconclusive,CUSTO_INDISPONIVEL,VORTEK-CANON-1.0-ECON-2,2026-09-06T03:48:36.594Z
MLB4857494415,VTK000590,dd00fc5c-a0c2-4e88-8a51-e345a0f08613,8dc08776-a3fa-4feb-af5f-fca588ec297a,1798.34,,null,305.72,ml_live,107.95,ml_live,0.08279935223578168,estimated,,,0.1,0.15,0.2,inconclusive,CUSTO_INDISPONIVEL,VORTEK-CANON-1.0-ECON-2,2026-09-06T03:48:36.966Z
MLB4857494373,VTK000581,c52932b1-3483-451b-b106-ba808bacf9bc,c2eb4fd8-304d-4ebf-9afd-6c07e659c1ce,2018.75,,null,343.19,ml_live,107.95,ml_live,0.08279935223578168,estimated,,,0.1,0.15,0.2,inconclusive,CUSTO_INDISPONIVEL,VORTEK-CANON-1.0-ECON-2,2026-09-06T03:48:36.965Z
MLB4857494359,VTK004054,7a2f2e1a-85ad-4c4c-9f14-517f7678e691,d8a09d9a-956e-42fc-b1c8-f16c97741e5d,2096.62,,null,377.39,ml_live,24.45,ml_live,0.08279935223578168,estimated,,,0.1,0.15,0.2,inconclusive,CUSTO_INDISPONIVEL,VORTEK-CANON-1.0-ECON-2,2026-09-06T03:48:36.965Z
MLB4857494313,VTK001005,07c83cf0-a975-4b00-bc37-a29f3e62b0cf,bd3a654e-9925-49d2-b44d-f0c9c21d3361,3223,,null,547.91,ml_live,107.95,ml_live,0.08279935223578168,estimated,,,0.1,0.15,0.2,inconclusive,CUSTO_INDISPONIVEL,VORTEK-CANON-1.0-ECON-2,2026-09-06T03:48:36.966Z
MLB4857494309,VTK000923,2d3d7ae7-6933-41c5-aaed-2d813f42babb,798c1635-543b-47b6-aed7-0e17c37e523b,2674.19,,null,454.61,ml_live,107.95,ml_live,0.08279935223578168,estimated,,,0.1,0.15,0.2,inconclusive,CUSTO_INDISPONIVEL,VORTEK-CANON-1.0-ECON-2,2026-09-06T03:48:37.355Z
MLB4857494289,VTK001078,bb58c06e-327b-4488-9e91-b79979fe5f63,a36c1c3a-d221-4160-ac26-e997184cbba5,2674.19,,null,454.61,ml_live,107.95,ml_live,0.08279935223578168,estimated,,,0.1,0.15,0.2,inconclusive,CUSTO_INDISPONIVEL,VORTEK-CANON-1.0-ECON-2,2026-09-06T03:48:37.355Z
MLB4857494269,VTK001018,2353148c-6f5c-42d8-9e1d-67a595a83633,634eb448-b517-4fc1-b2d3-9e18a13eddcd,2674.19,,null,454.61,ml_live,107.95,ml_live,0.08279935223578168,estimated,,,0.1,0.15,0.2,inconclusive,CUSTO_INDISPONIVEL,VORTEK-CANON-1.0-ECON-2,2026-09-06T03:48:37.354Z
MLB4857494187,VTK001001,004af516-7ae4-4817-9e3d-42f620b49529,f0d23a84-d6a7-4f18-9432-97961a0842e3,2863.75,,null,515.48,ml_live,23.25,ml_live,0.08279935223578168,estimated,,,0.1,0.15,0.2,inconclusive,CUSTO_INDISPONIVEL,VORTEK-CANON-1.0-ECON-2,2026-09-06T03:48:37.357Z
MLB4857494161,VTK000828,48495d58-5c6e-48cd-9740-857adf646280,60838c6a-358d-47d5-9cae-9622023da558,2997.09,,null,509.51,ml_live,107.95,ml_live,0.08279935223578168,estimated,,,0.1,0.15,0.2,inconclusive,CUSTO_INDISPONIVEL,VORTEK-CANON-1.0-ECON-2,2026-09-06T03:48:37.754Z
MLB4857494113,VTK000816,2d0aede6-6821-43cc-8a0c-38e7b31b5fa3,fc0b4e2b-3447-499e-8704-cb4dd4f30fe2,2290,,null,389.3,ml_live,107.95,ml_live,0.08279935223578168,estimated,,,0.1,0.15,0.2,inconclusive,CUSTO_INDISPONIVEL,VORTEK-CANON-1.0-ECON-2,2026-09-06T03:48:37.749Z
MLB4857494075,VTK004003,06836c15-41ef-430c-a2d3-02693b9d7a1a,5dbd7104-d369-4c90-9a44-976369ff44c5,2715.29,,null,488.75,ml_live,24.45,ml_live,0.08279935223578168,estimated,,,0.1,0.15,0.2,inconclusive,CUSTO_INDISPONIVEL,VORTEK-CANON-1.0-ECON-2,2026-09-06T03:48:37.750Z
MLB4857494065,VTK001003,04e54ceb-1cad-4177-8ed5-6948301d7ca8,4a190435-bad7-44d2-8a57-3cb1b580415e,2711,,null,487.98,ml_live,24.45,ml_live,0.08279935223578168,estimated,,,0.1,0.15,0.2,inconclusive,CUSTO_INDISPONIVEL,VORTEK-CANON-1.0-ECON-2,2026-09-06T03:48:37.758Z
MLB4857486027,VTK001467,a7c2c8ac-6663-428e-9c98-4827c9c590fd,92e87976-420f-4806-ab43-139cc917e414,386.09,,null,63.7,ml_live,27.05,ml_live,0.08279935223578168,estimated,,,0.07,0.1,0.15,inconclusive,CUSTO_INDISPONIVEL,VORTEK-CANON-1.0-ECON-2,2026-09-06T03:48:38.138Z
MLB4857485927,VTK002815,36947c4f-6e8a-44f5-9088-d58b53409159,5c2caa52-dc86-4135-870c-1d5d2d55e7f9,167.75,,null,30.2,ml_live,19.05,ml_live,0.08279935223578168,estimated,,,0.05,0.07,0.1,inconclusive,CUSTO_INDISPONIVEL,VORTEK-CANON-1.0-ECON-2,2026-09-06T03:48:38.134Z
MLB4857485881,VTK001339,6a002547-a9a1-4450-9cea-cb5863529c7b,f98ed451-1b56-4ee1-b2c6-11916df3148f,332.21,,null,59.8,ml_live,,unknown,0.08279935223578168,estimated,,,0.07,0.1,0.15,inconclusive,INCONCLUSIVO_FONTE_ML_INDISPONIVEL;CUSTO_INDISPONIVEL;FRETE_INDISPONIVEL,VORTEK-CANON-1.0-ECON-2,2026-09-06T03:48:38.135Z
MLB4857485847,VTK001086,d6e55b94-3a6d-4e3c-b69d-f6c554a4672a,e5b9e551-14b4-4b84-8504-30cab8e2a67c,358.58,,null,48.41,ml_live,106.85,ml_live,0.08279935223578168,estimated,,,0.07,0.1,0.15,inconclusive,CUSTO_INDISPONIVEL,VORTEK-CANON-1.0-ECON-2,2026-09-06T03:48:38.513Z
MLB4857485813,VTK000531,411c6fb5-7864-4c20-add3-02b681bab110,54cb7169-2cf6-4251-903f-da1c4daa491f,235.31,,null,42.36,ml_live,25.45,ml_live,0.08279935223578168,estimated,,,0.07,0.1,0.15,inconclusive,CUSTO_INDISPONIVEL,VORTEK-CANON-1.0-ECON-2,2026-09-06T03:48:38.518Z
MLB4857485805,VTK000639,5ce17d38-f279-4e16-a360-bb61d2306eb4,ee98140a-d5d7-42a5-9acb-f49b0a0f8af0,301.27,,null,49.71,ml_live,21.65,ml_live,0.08279935223578168,estimated,,,0.07,0.1,0.15,inconclusive,CUSTO_INDISPONIVEL,VORTEK-CANON-1.0-ECON-2,2026-09-06T03:48:38.513Z
MLB4857485757,VTK001374,bac22170-c7c7-4247-a2c2-b146aac4d457,004bd3d3-f84c-4b1c-bfba-fa79b5d6e8b8,530.41,,null,87.52,ml_live,79.35,ml_live,0.08279935223578168,estimated,,,0.07,0.1,0.15,inconclusive,CUSTO_INDISPONIVEL,VORTEK-CANON-1.0-ECON-2,2026-09-06T03:48:38.511Z
MLB4857485749,VTK001823,394d4bc7-c359-43a1-aa80-b1cb68ae8682,51bb5a4f-4d2e-4a10-803f-eca62d4d1378,694.35,,null,124.98,ml_live,32.45,ml_live,0.08279935223578168,estimated,,,0.07,0.1,0.15,inconclusive,CUSTO_INDISPONIVEL,VORTEK-CANON-1.0-ECON-2,2026-09-06T03:48:38.896Z
MLB4857485739,VTK005822,4fb9a905-77ed-41a5-9f3b-8a11585abf3f,340461ac-083a-49b2-8963-7a420214b122,748.84,,null,123.56,ml_live,70.95,ml_live,0.08279935223578168,estimated,,,0.07,0.1,0.15,inconclusive,CUSTO_INDISPONIVEL,VORTEK-CANON-1.0-ECON-2,2026-09-06T03:48:38.906Z
MLB4857485733,VTK001061,8f235ffb-bcd9-4707-b3a0-676e1d363d99,d038cb2a-dfa6-4070-8475-7fd01137138b,606.04,,null,87.88,ml_live,29.25,ml_live,0.08279935223578168,estimated,,,0.07,0.1,0.15,inconclusive,CUSTO_INDISPONIVEL,VORTEK-CANON-1.0-ECON-2,2026-09-06T03:48:38.896Z
MLB4857485705,VTK002494,ee3e6078-dd47-4207-a9a1-e90288ab72bc,cea8ea28-c8cd-475b-9b49-fa4e26587fef,537.08,,null,96.67,ml_live,25.55,ml_live,0.08279935223578168,estimated,,,0.07,0.1,0.15,inconclusive,CUSTO_INDISPONIVEL,VORTEK-CANON-1.0-ECON-2,2026-09-06T03:48:39.294Z
MLB4857485639,VTK001317,22c00d1a-cf22-4de0-9e27-3f25a3ef71ba,021638b8-0c23-4b2a-bb42-614511777bd9,1260.32,,null,207.95,ml_live,70.95,ml_live,0.08279935223578168,estimated,,,0.1,0.15,0.2,inconclusive,CUSTO_INDISPONIVEL,VORTEK-CANON-1.0-ECON-2,2026-09-06T03:48:39.280Z
MLB4857485603,VTK001411,2732d4ed-4266-43bb-bed1-8ce1ba7fb879,35acba27-9102-4068-a7a3-7dabe019e31d,288.12,,null,46.1,ml_live,27.05,ml_live,0.08279935223578168,estimated,,,0.07,0.1,0.15,inconclusive,CUSTO_INDISPONIVEL,VORTEK-CANON-1.0-ECON-2,2026-09-06T03:48:39.282Z
MLB4857485579,VTK001436,5ef2f3e6-f397-435a-9546-693e3cf77062,c4fd31ad-f74d-488c-bd3c-397a3f2ccf22,130.69,,null,20.91,ml_live,19.85,ml_live,0.08279935223578168,estimated,,,0.05,0.07,0.1,inconclusive,CUSTO_INDISPONIVEL,VORTEK-CANON-1.0-ECON-2,2026-09-06T03:48:39.283Z
MLB4857485559,VTK006451,7d513f59-d5d3-43fb-8b2c-052b385924a9,fcb81281-8016-463f-bd3c-653dfad0ec68,177.19,,null,28.35,ml_live,21.35,ml_live,0.08279935223578168,estimated,,,0.05,0.07,0.1,inconclusive,CUSTO_INDISPONIVEL,VORTEK-CANON-1.0-ECON-2,2026-09-06T03:48:39.665Z
MLB4857485535,VTK001478,c02b4955-97ea-48a2-bed8-5808d3e5acc3,4469c495-b317-498f-96e4-125cd7865caf,404.37,,null,54.59,ml_live,32.45,ml_live,0.08279935223578168,estimated,,,0.07,0.1,0.15,inconclusive,CUSTO_INDISPONIVEL,VORTEK-CANON-1.0-ECON-2,2026-09-06T03:48:39.666Z
MLB4857485481,VTK001045,6899d669-2198-4b12-8cc1-0b0477b52e0e,3fe1d5f0-2402-4df7-975b-cfc216c4d925,248.1,,null,34.73,ml_live,79.35,ml_live,0.08279935223578168,estimated,,,0.07,0.1,0.15,inconclusive,CUSTO_INDISPONIVEL,VORTEK-CANON-1.0-ECON-2,2026-09-06T03:48:39.662Z
MLB4857485471,VTK006570,b1276da8-d3f7-43d4-9df1-21b06b742c89,8e0d14d1-11de-4357-86fa-37f14ca6a472,175,,null,28,ml_live,21.75,ml_live,0.08279935223578168,estimated,,,0.05,0.07,0.1,inconclusive,CUSTO_INDISPONIVEL,VORTEK-CANON-1.0-ECON-2,2026-09-06T03:48:39.667Z
MLB4857485445,VTK006436,61f3ce9a-a6e4-4da8-b00d-12ebbe173e07,c04f3854-d2f0-42c7-b8ef-3149984fe11e,242.74,,null,38.84,ml_live,29.25,ml_live,0.08279935223578168,estimated,,,0.07,0.1,0.15,inconclusive,CUSTO_INDISPONIVEL,VORTEK-CANON-1.0-ECON-2,2026-09-06T03:48:40.038Z
MLB4857485439,VTK005150,7b04c5fa-4c5f-4bbc-8eda-7bb3fcf34468,4b4a7c82-a6f4-4397-9457-a0a85abb51dc,137,,null,24.66,ml_live,19.05,ml_live,0.08279935223578168,estimated,,,0.05,0.07,0.1,inconclusive,CUSTO_INDISPONIVEL,VORTEK-CANON-1.0-ECON-2,2026-09-06T03:48:40.045Z
MLB4857485403,VTK006452,80694d18-80ea-4f33-853a-cc4495ddb2dc,68f2984a-b231-44ea-b581-b578c63dc316,262.02,,null,35.37,ml_live,23.25,ml_live,0.08279935223578168,estimated,,,0.07,0.1,0.15,inconclusive,CUSTO_INDISPONIVEL,VORTEK-CANON-1.0-ECON-2,2026-09-06T03:48:40.036Z
MLB4857485353,VTK006429,45515260-5bbd-4de0-91a1-e744ad283413,30846556-68bc-4976-b88b-1446fd96ea1e,333.68,,null,45.05,ml_live,27.05,ml_live,0.08279935223578168,estimated,,,0.07,0.1,0.15,inconclusive,CUSTO_INDISPONIVEL,VORTEK-CANON-1.0-ECON-2,2026-09-06T03:48:40.041Z
MLB4857485317,VTK001344,7133d8dc-5479-4343-afb4-0b1b387a8c38,5bab4ef8-d4a9-4af5-a9a6-b39be651e3ae,774.9,,null,127.86,ml_live,107.85,ml_live,0.08279935223578168,estimated,,,0.07,0.1,0.15,inconclusive,CUSTO_INDISPONIVEL,VORTEK-CANON-1.0-ECON-2,2026-09-06T03:48:40.419Z
MLB4857485311,VTK001311,127ecd4e-b410-437b-9374-e357139cd5c5,b5f9ef77-d4ff-4ac4-ac18-56ef8561b149,891.08,,null,147.03,ml_live,91.95,ml_live,0.08279935223578168,estimated,,,0.07,0.1,0.15,inconclusive,CUSTO_INDISPONIVEL,VORTEK-CANON-1.0-ECON-2,2026-09-06T03:48:40.417Z
MLB4857485303,VTK001482,d02556c1-6ce5-4489-82a5-37a6f860cf64,a3d13b75-ed57-4955-85f1-ca477fa783da,1256.95,,null,207.4,ml_live,107.85,ml_live,0.08279935223578168,estimated,,,0.1,0.15,0.2,inconclusive,CUSTO_INDISPONIVEL,VORTEK-CANON-1.0-ECON-2,2026-09-06T03:48:40.415Z
MLB4857485293,VTK006475,c1c8852c-191a-4a9d-9b43-50b30b97aa74,c37f579b-65a9-4114-9bcb-1e6bd7ac130a,387.06,,null,52.25,ml_live,40.85,ml_live,0.08279935223578168,estimated,,,0.07,0.1,0.15,inconclusive,CUSTO_INDISPONIVEL,VORTEK-CANON-1.0-ECON-2,2026-09-06T03:48:40.424Z
MLB4857485283,VTK002174,bd9413de-17c4-4725-970c-e9f92e13cfe7,198477ed-8418-4366-b0f3-b4f34b3fad7d,571.21,,null,82.83,ml_live,69.35,ml_live,0.08279935223578168,estimated,,,0.07,0.1,0.15,inconclusive,CUSTO_INDISPONIVEL,VORTEK-CANON-1.0-ECON-2,2026-09-06T03:48:40.801Z
MLB4857485271,VTK006525,3e6bce17-1356-4cd1-af4d-8a229d406ce2,c6cca56a-0044-4151-815b-19a594645ad6,496.26,,null,79.4,ml_live,25.55,ml_live,0.08279935223578168,estimated,,,0.07,0.1,0.15,inconclusive,CUSTO_INDISPONIVEL,VORTEK-CANON-1.0-ECON-2,2026-09-06T03:48:40.801Z
MLB4857485261,VTK011956,6622ebe0-1b1f-4cb3-81af-ee42ceed8489,11384f34-4c45-4adb-aba4-883f4682b19f,576.13,,null,103.7,ml_live,25.55,ml_live,0.08279935223578168,estimated,,,0.07,0.1,0.15,inconclusive,CUSTO_INDISPONIVEL,VORTEK-CANON-1.0-ECON-2,2026-09-06T03:48:40.807Z
MLB4857485249,VTK006447,7365d513-2be1-46fa-a3f4-8223ef643312,79752e4c-1940-4d2f-b4aa-14dd697b6e77,462.6,,null,62.45,ml_live,40.85,ml_live,0.08279935223578168,estimated,,,0.07,0.1,0.15,inconclusive,CUSTO_INDISPONIVEL,VORTEK-CANON-1.0-ECON-2,2026-09-06T03:48:40.809Z
MLB4857485241,VTK000542,5d95cf05-eab1-4193-afa7-1311f1618466,9f5c40c9-5628-48bf-80cb-514dd3c7a7c5,638.85,,null,86.24,ml_live,23.25,ml_live,0.08279935223578168,estimated,,,0.07,0.1,0.15,inconclusive,CUSTO_INDISPONIVEL,VORTEK-CANON-1.0-ECON-2,2026-09-06T03:48:41.194Z
MLB4857485235,VTK006521,2b73ef76-397d-4586-8eac-d2afd5c762cc,115a893c-78b3-4ade-a510-292584da0793,441,,null,70.56,ml_live,70.95,ml_live,0.08279935223578168,estimated,,,0.07,0.1,0.15,inconclusive,CUSTO_INDISPONIVEL,VORTEK-CANON-1.0-ECON-2,2026-09-06T03:48:41.194Z
MLB4857485223,VTK006522,2dfdc686-8ba4-46c6-a501-00f310bd55f4,c3dfebd1-ab9d-4101-973d-71d9ba8c7ea0,486.24,,null,77.8,ml_live,70.95,ml_live,0.08279935223578168,estimated,,,0.07,0.1,0.15,inconclusive,CUSTO_INDISPONIVEL,VORTEK-CANON-1.0-ECON-2,2026-09-06T03:48:41.196Z
MLB4857485179,VTK001827,3cd656c0-0188-4204-9bf2-765acfa0fc74,9939492d-afa0-4dfa-9516-c6c66169189a,788.06,,null,130.03,ml_live,50.75,ml_live,0.08279935223578168,estimated,,,0.07,0.1,0.15,inconclusive,CUSTO_INDISPONIVEL,VORTEK-CANON-1.0-ECON-2,2026-09-06T03:48:41.199Z
MLB4857485103,VTK006425,42a89c87-c923-4972-9c37-0cd9a304b88f,fdb74081-ecde-4f95-b9fa-420c25e2043b,872.67,,null,143.99,ml_live,27.05,ml_live,0.08279935223578168,estimated,,,0.07,0.1,0.15,inconclusive,CUSTO_INDISPONIVEL,VORTEK-CANON-1.0-ECON-2,2026-09-06T03:48:41.633Z
MLB4857485083,VTK000872,b2cc5c72-c272-4f41-8284-14521d9476ee,8670b25e-6fe3-47d6-b763-2f835fdfa075,1190,,null,202.3,ml_live,107.85,ml_live,0.08279935223578168,estimated,,,0.1,0.15,0.2,inconclusive,CUSTO_INDISPONIVEL,VORTEK-CANON-1.0-ECON-2,2026-09-06T03:48:41.632Z
MLB4857484983,VTK006323,3a8237ec-8f32-45b2-a56e-da276ffec61e,172ad1c6-b1cc-414d-b595-11f8fc5d6b0c,652.06,,null,110.85,ml_live,24.45,ml_live,0.08279935223578168,estimated,,,0.07,0.1,0.15,inconclusive,CUSTO_INDISPONIVEL,VORTEK-CANON-1.0-ECON-2,2026-09-06T03:48:41.632Z
MLB4857482663,VTK001320,2a6f179f-25b9-4cc4-9d02-d910f1a558d8,03a54bb2-3875-4450-93d1-ce180367cf56,719.73,,null,129.55,ml_live,25.55,ml_live,0.08279935223578168,estimated,,,0.07,0.1,0.15,inconclusive,CUSTO_INDISPONIVEL,VORTEK-CANON-1.0-ECON-2,2026-09-06T03:48:41.633Z
MLB4857482541,VTK000344,5e00854e-185c-41b8-8a8c-6c9694f0252f,f8728e75-ea86-43fb-b146-854e0067c356,1739.06,,null,295.64,ml_live,107.85,ml_live,0.08279935223578168,estimated,,,0.1,0.15,0.2,inconclusive,CUSTO_INDISPONIVEL,VORTEK-CANON-1.0-ECON-2,2026-09-06T03:48:42.023Z
MLB4857482537,VTK000320,2fc5c6bc-95b5-4849-ab6b-f3ac0508cfd8,9540e8cb-24e8-4238-8d97-865abda2841a,1433,,null,243.61,ml_live,107.85,ml_live,0.08279935223578168,estimated,,,0.1,0.15,0.2,inconclusive,CUSTO_INDISPONIVEL,VORTEK-CANON-1.0-ECON-2,2026-09-06T03:48:42.024Z
MLB4857482463,VTK001256,7aca60b6-bda6-4b89-9c64-d6329f8366ad,19737990-127b-4bff-adb3-43a66e051ec5,652.63,,null,117.47,ml_live,27.05,ml_live,0.08279935223578168,estimated,,,0.07,0.1,0.15,inconclusive,CUSTO_INDISPONIVEL,VORTEK-CANON-1.0-ECON-2,2026-09-06T03:48:42.024Z
MLB4857481873,VTK006417,2ffc1f15-7156-4e81-97a3-39d2279da7ca,c0e4f291-0d19-4df1-a51e-3485d67d3f0f,1417.39,,null,226.78,ml_live,27.05,ml_live,0.08279935223578168,estimated,,,0.1,0.15,0.2,inconclusive,CUSTO_INDISPONIVEL,VORTEK-CANON-1.0-ECON-2,2026-09-06T03:48:42.024Z
MLB4857481783,VTK000596,f9304c08-ec0b-4cc7-84a8-9f6dfaa614d7,e5a84a89-1fbd-4fdb-bb65-6102276a86c4,1099,,null,186.83,ml_live,107.95,ml_live,0.08279935223578168,estimated,,,0.1,0.15,0.2,inconclusive,CUSTO_INDISPONIVEL,VORTEK-CANON-1.0-ECON-2,2026-09-06T03:48:42.405Z
MLB4857481707,VTK000525,2fb42667-6c79-45cd-8692-bdad28cb123f,1743bf3c-7d05-4519-9259-e011b066e3a5,1879,,null,319.43,ml_live,107.95,ml_live,0.08279935223578168,estimated,,,0.1,0.15,0.2,inconclusive,CUSTO_INDISPONIVEL,VORTEK-CANON-1.0-ECON-2,2026-09-06T03:48:42.408Z
MLB4857481641,VTK001076,b99d0819-0b74-40f3-ba10-8a6f2d6a357b,aa66e3b8-441c-4d79-93f9-79f250aa3052,2174,,null,369.58,ml_live,107.85,ml_live,0.08279935223578168,estimated,,,0.1,0.15,0.2,inconclusive,CUSTO_INDISPONIVEL,VORTEK-CANON-1.0-ECON-2,2026-09-06T03:48:42.408Z
MLB4857481557,VTK000983,c63e2a48-a4d7-452d-b209-f9a25e9d16d5,d7060eec-c371-48b4-8e39-82c057db15c6,1960,,null,352.8,ml_live,25.45,ml_live,0.08279935223578168,estimated,,,0.1,0.15,0.2,inconclusive,CUSTO_INDISPONIVEL,VORTEK-CANON-1.0-ECON-2,2026-09-06T03:48:42.405Z
MLB4857481517,VTK000814,16add56a-8678-4a8a-8d9b-67778c9f7f62,f528a0ff-74cb-4dd8-a65a-975bb33661c4,2270,,null,385.9,ml_live,107.95,ml_live,0.08279935223578168,estimated,,,0.1,0.15,0.2,inconclusive,CUSTO_INDISPONIVEL,VORTEK-CANON-1.0-ECON-2,2026-09-06T03:48:42.801Z
MLB4857481503,VTK006265,a781189c-3ac7-4f9e-a39b-39e1c668225c,238fa0b3-1480-4aec-bb7f-993c4e476e2e,2885.19,,null,490.48,ml_live,107.95,ml_live,0.08279935223578168,estimated,,,0.1,0.15,0.2,inconclusive,CUSTO_INDISPONIVEL,VORTEK-CANON-1.0-ECON-2,2026-09-06T03:48:42.797Z
MLB4857481465,VTK000808,0ff08054-96e6-4c21-8a85-772f539cd4f8,7e073d5b-c99f-411e-bf04-5b3269b44d34,2501,,null,425.17,ml_live,107.95,ml_live,0.08279935223578168,estimated,,,0.1,0.15,0.2,inconclusive,CUSTO_INDISPONIVEL,VORTEK-CANON-1.0-ECON-2,2026-09-06T03:48:42.800Z
MLB4857481411,VTK000870,b24cfe6c-0179-4c86-899d-3591700edb82,89a8384d-0186-48df-9fa3-724c7cee9a3b,2506,,null,426.02,ml_live,107.95,ml_live,0.08279935223578168,estimated,,,0.1,0.15,0.2,inconclusive,CUSTO_INDISPONIVEL,VORTEK-CANON-1.0-ECON-2,2026-09-06T03:48:42.793Z
MLB4857481389,VTK000863,ae3f7db1-c824-4fd1-b236-df57a8b68f03,e488c86e-488f-424f-b00f-47f06f9c80ef,2368,,null,402.56,ml_live,107.95,ml_live,0.08279935223578168,estimated,,,0.1,0.15,0.2,inconclusive,CUSTO_INDISPONIVEL,VORTEK-CANON-1.0-ECON-2,2026-09-06T03:48:43.187Z
MLB4857481363,VTK000547,60c5f3f0-ccaa-45ed-904e-f300324a9f21,9a373cb8-a1b9-42b5-8d5a-056adbd9d41d,3177.38,,null,524.27,ml_live,23.25,ml_live,0.08279935223578168,estimated,,,0.1,0.15,0.2,inconclusive,CUSTO_INDISPONIVEL,VORTEK-CANON-1.0-ECON-2,2026-09-06T03:48:43.185Z
MLB4855768919,VTK000121,20348903-b942-4dc8-87b3-de879663708b,5a5b5000-1a92-4c4e-9b55-b3c8745b5981,195.5,,null,28.35,ml_live,22.25,ml_live,0.08279935223578168,estimated,,,0.05,0.07,0.1,inconclusive,CUSTO_INDISPONIVEL,VORTEK-CANON-1.0-ECON-2,2026-09-06T03:48:43.186Z
MLB7119494534,VTK001465,9eb1dbab-c9c8-4bab-a0d5-a1544fecd67a,d8b2507f-4c49-4293-9c20-f9a3e95186e0,596,,null,80.46,ml_live,49.35,ml_live,0.08279935223578168,estimated,,,0.07,0.1,0.15,inconclusive,CUSTO_INDISPONIVEL,VORTEK-CANON-1.0-ECON-2,2026-09-06T03:48:43.641Z
MLB4860776827,VTK001335,52a72dd3-1d51-4fef-bbba-3941b22d54d3,daff2800-ec41-4f18-8cfa-3a7396174b4c,1990,,null,338.3,ml_live,32.45,ml_live,0.08279935223578168,estimated,,,0.1,0.15,0.2,inconclusive,CUSTO_INDISPONIVEL,VORTEK-CANON-1.0-ECON-2,2026-09-06T03:48:43.641Z
MLB7127815018,VTK003796,f66f6b77-8249-4728-989e-2c536f50b4e5,5f7a4397-8acb-47bb-88d9-b66450ea3f0d,209.84,,null,30.43,ml_live,24.45,ml_live,0.08279935223578168,estimated,,,0.07,0.1,0.15,inconclusive,CUSTO_INDISPONIVEL,VORTEK-CANON-1.0-ECON-2,2026-09-06T03:48:43.649Z
MLB7126951868,VTK001487,db247d17-ea59-49e1-a97a-3b25477897ee,cd5b8f5c-d5f7-409e-b485-c2ae2067c6bd,338.78,,null,54.2,ml_live,25.45,ml_live,0.08279935223578168,estimated,,,0.07,0.1,0.15,inconclusive,CUSTO_INDISPONIVEL,VORTEK-CANON-1.0-ECON-2,2026-09-06T03:48:44.039Z
MLB4866768059,VTK000225,60bb7e44-d98f-4787-9666-c1c4f3ce97c8,700b5138-b1ca-4dbf-a80f-b264c320b68b,162.48,,null,26,ml_live,21.75,ml_live,0.08279935223578168,estimated,,,0.05,0.07,0.1,inconclusive,CUSTO_INDISPONIVEL,VORTEK-CANON-1.0-ECON-2,2026-09-06T03:48:44.036Z
MLB4866766425,VTK000777,cadb6db9-2cdc-48b3-a7df-b04e4888373e,0a7ecfd2-26e0-4f4e-b08e-01ff6c43c9a5,783,,null,129.2,ml_live,27.05,ml_live,0.08279935223578168,estimated,,,0.07,0.1,0.15,inconclusive,CUSTO_INDISPONIVEL,VORTEK-CANON-1.0-ECON-2,2026-09-06T03:48:44.037Z
MLB4866766223,VTK001244,648705d7-8cd3-473c-9377-b8dda40f2c66,ebc0228f-35ce-406d-8b4a-a0b7c93f9c57,194,,null,27.16,ml_live,21.35,ml_live,0.08279935223578168,estimated,,,0.05,0.07,0.1,inconclusive,CUSTO_INDISPONIVEL,VORTEK-CANON-1.0-ECON-2,2026-09-06T03:48:44.434Z
MLB4866754837,VTK001434,5b7afe3e-9784-4d7b-993a-4b12a60695dc,0b32eb60-80bc-4d31-b822-c956f72de2e5,1808.75,,null,298.44,ml_live,69.35,ml_live,0.08279935223578168,estimated,,,0.1,0.15,0.2,inconclusive,CUSTO_INDISPONIVEL,VORTEK-CANON-1.0-ECON-2,2026-09-06T03:48:44.437Z
MLB4866744249,VTK004842,68392446-5efb-4158-9bd6-89906a9dc0d4,7bc4ccb5-855c-4894-b24e-e1c3f14c48b4,281,,null,44.96,ml_live,29.25,ml_live,0.08279935223578168,estimated,,,0.07,0.1,0.15,inconclusive,CUSTO_INDISPONIVEL,VORTEK-CANON-1.0-ECON-2,2026-09-06T03:48:44.435Z
MLB4866744227,VTK001238,53182f57-09c2-4f08-8a8a-a4b547dacebd,6d659bd9-d1ce-436c-907e-16ca3c30e618,114.56,,null,18.33,ml_live,16.85,ml_live,0.08279935223578168,estimated,,,0.05,0.07,0.1,inconclusive,CUSTO_INDISPONIVEL,VORTEK-CANON-1.0-ECON-2,2026-09-06T03:48:44.435Z
MLB4866742421,VTK006494,f5c0cfe0-0477-4f7e-8d58-31b8300c6935,95b5c9cb-6f8a-43d5-a14a-88bf92fafaa5,268,,null,42.88,ml_live,29.25,ml_live,0.08279935223578168,estimated,,,0.07,0.1,0.15,inconclusive,CUSTO_INDISPONIVEL,VORTEK-CANON-1.0-ECON-2,2026-09-06T03:48:44.840Z
MLB7137239400,VTK002024,439c2888-85aa-463a-8008-155069658b3f,0290732f-3170-4578-840e-7d9a1afe033d,495.06,,null,79.21,ml_live,70.95,ml_live,0.08279935223578168,estimated,,,0.07,0.1,0.15,inconclusive,CUSTO_INDISPONIVEL,VORTEK-CANON-1.0-ECON-2,2026-09-06T03:48:44.821Z
MLB7137214452,VTK006550,8858d887-e76c-4618-964f-bd9eb9d0255b,a62291e5-f7dd-4a5b-8e3e-c02632c26354,251.56,,null,45.28,ml_live,24.45,ml_live,0.08279935223578168,estimated,,,0.07,0.1,0.15,inconclusive,CUSTO_INDISPONIVEL,VORTEK-CANON-1.0-ECON-2,2026-09-06T03:48:44.817Z
MLB7145284172,VTK011965,b10fa001-d4e5-417c-bd8f-cc3c5df81b2e,01fb82df-d5de-4619-9155-aedf8334c0ac,1591.5,,null,262.6,ml_live,75.65,ml_live,0.08279935223578168,estimated,,,0.1,0.15,0.2,inconclusive,CUSTO_INDISPONIVEL,VORTEK-CANON-1.0-ECON-2,2026-09-06T03:48:44.818Z
MLB7145211172,VTK000760,a0f3ff88-cf19-4045-b0ac-32e8edd5f965,1a8c565e-7f79-41b5-8a02-fc14d26a54be,2018.75,,null,343.19,ml_live,107.95,ml_live,0.08279935223578168,estimated,,,0.1,0.15,0.2,inconclusive,CUSTO_INDISPONIVEL,VORTEK-CANON-1.0-ECON-2,2026-09-06T03:48:45.213Z
MLB7145210360,VTK001094,e93383c9-457a-4be6-b176-bf6d3fcb11fc,86ea251e-4f03-4032-9668-98356e57eed5,1524.15,,null,251.48,ml_live,75.65,ml_live,0.08279935223578168,estimated,,,0.1,0.15,0.2,inconclusive,CUSTO_INDISPONIVEL,VORTEK-CANON-1.0-ECON-2,2026-09-06T03:48:45.214Z
MLB7145208300,VTK000293,f5ce93e4-bc81-4485-aede-96ade3391b51,286fa7f3-b37b-4834-ac6c-e99e247cfe4b,515.19,,null,74.7,ml_live,65.85,ml_live,0.08279935223578168,estimated,,,0.07,0.1,0.15,inconclusive,CUSTO_INDISPONIVEL,VORTEK-CANON-1.0-ECON-2,2026-09-06T03:48:45.224Z
MLB7145000692,VTK000602,0eb3f556-8c38-4428-a36b-6d52439a18f4,88f3a2bf-6c8d-43b8-80d7-d74c3aa7a28a,2871,,null,473.72,ml_live,69.35,ml_live,0.08279935223578168,estimated,,,0.1,0.15,0.2,inconclusive,CUSTO_INDISPONIVEL,VORTEK-CANON-1.0-ECON-2,2026-09-06T03:48:45.596Z
MLB7141383362,VTK001138,5fcdb2d7-8fa9-4355-a862-47363dd60fed,74eb1dbb-1368-4004-8e4c-84a53ec30f92,1564.69,,null,258.17,ml_live,69.35,ml_live,0.08279935223578168,estimated,,,0.1,0.15,0.2,inconclusive,CUSTO_INDISPONIVEL,VORTEK-CANON-1.0-ECON-2,2026-09-06T03:48:45.600Z
MLB4877490799,VTK006102,0085a48c-daf4-4a5c-b52d-de1a763c984d,b25ae4eb-086c-4283-825a-767bcdb74052,248.83,,null,39.81,ml_live,29.25,ml_live,0.08279935223578168,estimated,,,0.07,0.1,0.15,inconclusive,CUSTO_INDISPONIVEL,VORTEK-CANON-1.0-ECON-2,2026-09-06T03:48:45.598Z
MLB4877490365,VTK006235,56c5eb79-be96-4ce7-a7e0-edcd0140b6d9,6e0eecc0-53a5-45e8-9b08-28c9373faa37,835.66,,null,142.06,ml_live,,unknown,0.08279935223578168,estimated,,,0.07,0.1,0.15,inconclusive,INCONCLUSIVO_FONTE_ML_INDISPONIVEL;CUSTO_INDISPONIVEL;FRETE_INDISPONIVEL,VORTEK-CANON-1.0-ECON-2,2026-09-06T03:48:45.979Z
MLB4877488721,VTK000119,1e2ce859-94ec-40da-bfa8-087089e3a9f5,b07165fc-6d5e-4894-bc1f-5ed0d5bcf81b,515.19,,null,74.7,ml_live,65.85,ml_live,0.08279935223578168,estimated,,,0.07,0.1,0.15,inconclusive,CUSTO_INDISPONIVEL,VORTEK-CANON-1.0-ECON-2,2026-09-06T03:48:45.980Z
MLB4877487805,VTK001483,d0881aca-c3ea-4e03-af2a-4ad9fa429d18,74d1d7c5-4d51-4291-af43-8c5cd0cd867a,252.83,,null,36.66,ml_live,24.45,ml_live,0.08279935223578168,estimated,,,0.07,0.1,0.15,inconclusive,CUSTO_INDISPONIVEL,VORTEK-CANON-1.0-ECON-2,2026-09-06T03:48:45.978Z
MLB4877487123,VTK001046,6c5b5034-f8aa-4a3b-ad17-8b64a11c6779,190e6cf6-e218-4c7e-baf0-552b9f8c3c64,145.14,,null,23.95,ml_live,16.95,ml_live,0.08279935223578168,estimated,,,0.05,0.07,0.1,inconclusive,CUSTO_INDISPONIVEL,VORTEK-CANON-1.0-ECON-2,2026-09-06T03:48:45.978Z
MLB4877418501,VTK000265,bb99fe50-0928-460e-92f7-6da4fc5ea410,923829c6-6d32-41af-bec8-de36c3f26be9,515.19,,null,74.7,ml_live,65.85,ml_live,0.08279935223578168,estimated,,,0.07,0.1,0.15,inconclusive,CUSTO_INDISPONIVEL,VORTEK-CANON-1.0-ECON-2,2026-09-06T03:48:46.362Z
MLB4877418085,VTK001259,8637321a-e7e8-49f6-99d4-f632205d62ef,568fa4a9-7f42-46be-aafa-726d65e89014,295,,null,42.78,ml_live,50.75,ml_live,0.08279935223578168,estimated,,,0.07,0.1,0.15,inconclusive,CUSTO_INDISPONIVEL,VORTEK-CANON-1.0-ECON-2,2026-09-06T03:48:46.360Z
MLB4877415847,VTK001226,3e7bbd7e-13cf-4e25-b8cb-50b93c8fa62a,398731c5-75f9-4f94-bd56-e359a5ad717a,129.4,,null,21.35,ml_live,19.05,ml_live,0.08279935223578168,estimated,,,0.05,0.07,0.1,inconclusive,CUSTO_INDISPONIVEL,VORTEK-CANON-1.0-ECON-2,2026-09-06T03:48:46.360Z
MLB6646381018,VTK006361,99ce5d72-bb79-44c1-8bd8-f776601f49d1,bcd83662-93ae-4111-84dc-15b43cf0bfd5,89.9,,null,10.79,ml_live,14.45,ml_live,0.08279935223578168,estimated,,,0.05,0.07,0.1,inconclusive,CUSTO_INDISPONIVEL,VORTEK-CANON-1.0-ECON-2,2026-09-06T03:48:46.359Z
MLB6573107760,VTK006361,99ce5d72-bb79-44c1-8bd8-f776601f49d1,c76c6a20-9624-440c-9559-4d993fe17cfd,89.9,,null,10.79,ml_live,14.45,ml_live,0.08279935223578168,estimated,,,0.05,0.07,0.1,inconclusive,CUSTO_INDISPONIVEL,VORTEK-CANON-1.0-ECON-2,2026-09-06T03:48:46.740Z
MLB6573107140,VTK006362,9a355b2d-15a4-4c13-ad46-5d500bdd0bc2,ee4716d4-1765-47e2-a9de-282cbb13dbcb,99.83,,null,11.98,ml_live,13.85,ml_live,0.08279935223578168,estimated,,,0.05,0.07,0.1,inconclusive,CUSTO_INDISPONIVEL,VORTEK-CANON-1.0-ECON-2,2026-09-06T03:48:46.741Z
MLB4786753035,VTK006173,bd2db012-52a4-4752-a9aa-daf5d4bf2ee7,f2b47d0d-826d-4f9f-b3cd-9560f6c83547,103.87,,null,11.95,ml_live,16.15,ml_live,0.08279935223578168,estimated,,,0.05,0.07,0.1,inconclusive,CUSTO_INDISPONIVEL,VORTEK-CANON-1.0-ECON-2,2026-09-06T03:48:46.740Z
MLB6573097424,VTK006173,bd2db012-52a4-4752-a9aa-daf5d4bf2ee7,42961fdb-6dd4-4065-a2a2-5e00d4c5c9e4,103.87,,null,11.95,ml_live,16.15,ml_live,0.08279935223578168,estimated,,,0.05,0.07,0.1,inconclusive,CUSTO_INDISPONIVEL,VORTEK-CANON-1.0-ECON-2,2026-09-06T03:48:46.743Z
MLB7040921798,VTK000110,10f7aaa1-b4b7-4ebe-899c-676335ea6eaa,d5fdfec7-0a76-4fb7-bf87-a14074fef280,379,,null,43.58,ml_live,29.25,ml_live,0.08279935223578168,estimated,,,0.07,0.1,0.15,inconclusive,CUSTO_INDISPONIVEL,VORTEK-CANON-1.0-ECON-2,2026-09-06T03:48:47.128Z
MLB4801145175,VTK000110,10f7aaa1-b4b7-4ebe-899c-676335ea6eaa,ef9d04f8-4bfa-42f1-8e83-da5d31177eba,379,,null,43.58,ml_live,29.25,ml_live,0.08279935223578168,estimated,,,0.07,0.1,0.15,inconclusive,CUSTO_INDISPONIVEL,VORTEK-CANON-1.0-ECON-2,2026-09-06T03:48:47.129Z
MLB7150553642,VTK006473,a95b6ff8-da8c-48fb-bf3a-80fa258b4671,18b7cd4b-649a-4199-9d6a-8362a85441e8,267,,null,42.72,ml_live,27.05,ml_live,0.08279935223578168,estimated,,,0.07,0.1,0.15,inconclusive,CUSTO_INDISPONIVEL,VORTEK-CANON-1.0-ECON-2,2026-09-06T03:48:47.126Z
MLB7150533984,VTK004779,c4f500a6-ac47-4396-96df-84d81e0ebc94,803ae9cd-d36c-4d6f-a5a2-991939ba8638,714.71,,null,128.65,ml_live,25.55,ml_live,0.08279935223578168,estimated,,,0.07,0.1,0.15,inconclusive,CUSTO_INDISPONIVEL,VORTEK-CANON-1.0-ECON-2,2026-09-06T03:48:47.131Z
MLB7150323352,VTK003636,5d097627-5240-4d77-9cae-49c52df8d3fe,a9d00fba-94ef-4c7e-a7f6-1cc51d8fbecc,1539.44,,null,254.01,ml_live,75.65,ml_live,0.08279935223578168,estimated,,,0.1,0.15,0.2,inconclusive,CUSTO_INDISPONIVEL,VORTEK-CANON-1.0-ECON-2,2026-09-06T03:48:47.504Z
MLB7149406786,VTK006417,2ffc1f15-7156-4e81-97a3-39d2279da7ca,97e8f2d4-a3bf-4487-a03d-f309533e3e3a,1417.39,,null,226.78,ml_live,27.05,ml_live,0.08279935223578168,estimated,,,0.1,0.15,0.2,inconclusive,CUSTO_INDISPONIVEL,VORTEK-CANON-1.0-ECON-2,2026-09-06T03:48:47.506Z
MLB7149406348,VTK006521,2b73ef76-397d-4586-8eac-d2afd5c762cc,08f55085-25c1-4ed1-b6ee-e4ed5bb7a022,441,,null,70.56,ml_live,70.95,ml_live,0.08279935223578168,estimated,,,0.07,0.1,0.15,inconclusive,CUSTO_INDISPONIVEL,VORTEK-CANON-1.0-ECON-2,2026-09-06T03:48:47.504Z
MLB7149406184,VTK006452,80694d18-80ea-4f33-853a-cc4495ddb2dc,389ef2cf-6d0c-4b83-b10a-888d6bfc77b3,262.02,,null,35.37,ml_live,23.25,ml_live,0.08279935223578168,estimated,,,0.07,0.1,0.15,inconclusive,CUSTO_INDISPONIVEL,VORTEK-CANON-1.0-ECON-2,2026-09-06T03:48:47.503Z
MLB7149406066,VTK000639,5ce17d38-f279-4e16-a360-bb61d2306eb4,109d5740-5650-49c1-b31d-8f0a2913b117,301.27,,null,49.71,ml_live,21.65,ml_live,0.08279935223578168,estimated,,,0.07,0.1,0.15,inconclusive,CUSTO_INDISPONIVEL,VORTEK-CANON-1.0-ECON-2,2026-09-06T03:48:47.905Z
MLB7149406018,VTK000816,2d0aede6-6821-43cc-8a0c-38e7b31b5fa3,a92293ea-c8a8-4c4d-91f8-8e78de98fe9b,2290,,null,389.3,ml_live,107.95,ml_live,0.08279935223578168,estimated,,,0.1,0.15,0.2,inconclusive,CUSTO_INDISPONIVEL,VORTEK-CANON-1.0-ECON-2,2026-09-06T03:48:47.895Z
MLB7149406008,VTK001001,004af516-7ae4-4817-9e3d-42f620b49529,3659db7a-731d-434e-b134-af4a225cecbe,2863.75,,null,515.48,ml_live,23.25,ml_live,0.08279935223578168,estimated,,,0.1,0.15,0.2,inconclusive,CUSTO_INDISPONIVEL,VORTEK-CANON-1.0-ECON-2,2026-09-06T03:48:47.898Z
MLB7149405992,VTK001018,2353148c-6f5c-42d8-9e1d-67a595a83633,14b667be-bcd0-4136-b5af-9f800f16a608,2674.19,,null,454.61,ml_live,107.95,ml_live,0.08279935223578168,estimated,,,0.1,0.15,0.2,inconclusive,CUSTO_INDISPONIVEL,VORTEK-CANON-1.0-ECON-2,2026-09-06T03:48:47.896Z
MLB7149405972,VTK001005,07c83cf0-a975-4b00-bc37-a29f3e62b0cf,e8e5de87-b538-4b86-bd6e-961ff269f0d3,3223,,null,547.91,ml_live,107.95,ml_live,0.08279935223578168,estimated,,,0.1,0.15,0.2,inconclusive,CUSTO_INDISPONIVEL,VORTEK-CANON-1.0-ECON-2,2026-09-06T03:48:48.278Z
MLB7149405950,VTK000553,6d1dfc16-3819-4c1c-82ac-e61472f4d8a1,4da4cacc-1d22-4de3-aa98-afc464b8b867,1090,,null,185.3,ml_live,107.95,ml_live,0.08279935223578168,estimated,,,0.1,0.15,0.2,inconclusive,CUSTO_INDISPONIVEL,VORTEK-CANON-1.0-ECON-2,2026-09-06T03:48:48.277Z
MLB7149405934,VTK002877,acce4ede-aefd-498f-aab5-c91152fe1514,f293abd2-88a0-41a1-b198-a16b9b6ae2ee,1709.9,,null,307.78,ml_live,23.25,ml_live,0.08279935223578168,estimated,,,0.1,0.15,0.2,inconclusive,CUSTO_INDISPONIVEL,VORTEK-CANON-1.0-ECON-2,2026-09-06T03:48:48.280Z
MLB7149405892,VTK002582,d29da2bd-804c-4d81-9162-b3d96b7a8f91,402fcfec-aab5-428d-af1c-f0f0c1c2e8f5,1579.96,,null,260.69,ml_live,49.35,ml_live,0.08279935223578168,estimated,,,0.1,0.15,0.2,inconclusive,CUSTO_INDISPONIVEL,VORTEK-CANON-1.0-ECON-2,2026-09-06T03:48:48.278Z
MLB7149405858,VTK006509,0ed76bab-c23c-4a3b-8c8e-2184ec536ca0,68703696-b146-4c96-9160-917f5b6ca10b,527.94,,null,84.47,ml_live,79.35,ml_live,0.08279935223578168,estimated,,,0.07,0.1,0.15,inconclusive,CUSTO_INDISPONIVEL,VORTEK-CANON-1.0-ECON-2,2026-09-06T03:48:48.670Z
MLB7149405758,VTK006437,6254c4d4-4927-4219-8ded-ac7f3fdcac47,dbefa277-6c41-407e-8acf-3ab911831cc9,189,,null,30.24,ml_live,26.35,ml_live,0.08279935223578168,estimated,,,0.05,0.07,0.1,inconclusive,CUSTO_INDISPONIVEL,VORTEK-CANON-1.0-ECON-2,2026-09-06T03:48:48.668Z
MLB7149405678,VTK006635,e93dd122-b336-4f22-9aea-574687b5c8bb,9f840689-fa9d-4cb6-9b3d-bba07fef60fc,646.62,,null,116.39,ml_live,32.45,ml_live,0.08279935223578168,estimated,,,0.07,0.1,0.15,inconclusive,CUSTO_INDISPONIVEL,VORTEK-CANON-1.0-ECON-2,2026-09-06T03:48:48.669Z
MLB7149405652,VTK001111,150347d9-f215-44fa-8961-7adfc172da86,c57c8d7c-52e1-41c4-9a0c-1d5896329266,362.66,,null,65.28,ml_live,27.05,ml_live,0.08279935223578168,estimated,,,0.07,0.1,0.15,inconclusive,CUSTO_INDISPONIVEL,VORTEK-CANON-1.0-ECON-2,2026-09-06T03:48:49.041Z
MLB7149405640,VTK003500,fe9da286-c589-44f0-b3c7-881655c12bf8,55ddba1e-ece0-4b06-9834-4503a019c859,173.69,,null,31.26,ml_live,20.45,ml_live,0.08279935223578168,estimated,,,0.05,0.07,0.1,inconclusive,CUSTO_INDISPONIVEL,VORTEK-CANON-1.0-ECON-2,2026-09-06T03:48:49.040Z
MLB7149376504,VTK001259,8637321a-e7e8-49f6-99d4-f632205d62ef,b2769bbc-c056-4f5b-a1ca-61a1c00717cc,295,,null,42.78,ml_live,50.75,ml_live,0.08279935223578168,estimated,,,0.07,0.1,0.15,inconclusive,CUSTO_INDISPONIVEL,VORTEK-CANON-1.0-ECON-2,2026-09-06T03:48:49.041Z
MLB7149376384,VTK000596,f9304c08-ec0b-4cc7-84a8-9f6dfaa614d7,d33464d8-7ae4-42d7-a097-af8eb59010b0,1099,,null,186.83,ml_live,107.95,ml_live,0.08279935223578168,estimated,,,0.1,0.15,0.2,inconclusive,CUSTO_INDISPONIVEL,VORTEK-CANON-1.0-ECON-2,2026-09-06T03:48:49.049Z
MLB7149375754,VTK001311,127ecd4e-b410-437b-9374-e357139cd5c5,40ea23e1-0b59-4493-87fc-22b9afc11510,891.08,,null,147.03,ml_live,91.95,ml_live,0.08279935223578168,estimated,,,0.07,0.1,0.15,inconclusive,CUSTO_INDISPONIVEL,VORTEK-CANON-1.0-ECON-2,2026-09-06T03:48:49.701Z
MLB7149375716,VTK005150,7b04c5fa-4c5f-4bbc-8eda-7bb3fcf34468,de99e04b-b4ae-4063-aa2f-75719e4f8a3e,137,,null,24.66,ml_live,19.05,ml_live,0.08279935223578168,estimated,,,0.05,0.07,0.1,inconclusive,CUSTO_INDISPONIVEL,VORTEK-CANON-1.0-ECON-2,2026-09-06T03:48:49.656Z
MLB7149375696,VTK006436,61f3ce9a-a6e4-4da8-b00d-12ebbe173e07,8f06aa2a-eb4d-4437-a6df-ac2f1c215e55,242.74,,null,38.84,ml_live,29.25,ml_live,0.08279935223578168,estimated,,,0.07,0.1,0.15,inconclusive,CUSTO_INDISPONIVEL,VORTEK-CANON-1.0-ECON-2,2026-09-06T03:48:49.651Z
MLB7149375564,VTK002815,36947c4f-6e8a-44f5-9088-d58b53409159,37f34c09-6cd0-45f5-8007-4d4b3d3bec19,167.75,,null,30.2,ml_live,19.05,ml_live,0.08279935223578168,estimated,,,0.05,0.07,0.1,inconclusive,CUSTO_INDISPONIVEL,VORTEK-CANON-1.0-ECON-2,2026-09-06T03:48:49.657Z
MLB7149375476,VTK000221,5851eea7-7fd4-4e69-846d-375ed4160768,d50c25b0-aa09-4324-b97b-07fa0cca6ce1,1459.51,,null,248.12,ml_live,107.85,ml_live,0.08279935223578168,estimated,,,0.1,0.15,0.2,inconclusive,CUSTO_INDISPONIVEL,VORTEK-CANON-1.0-ECON-2,2026-09-06T03:48:50.076Z
MLB7149375450,VTK006493,f24be782-2ff8-4fa2-b8a8-b6330fa88310,cfbadacd-9817-4f9f-a6b9-83f183d71453,337.41,,null,53.99,ml_live,27.05,ml_live,0.08279935223578168,estimated,,,0.07,0.1,0.15,inconclusive,CUSTO_INDISPONIVEL,VORTEK-CANON-1.0-ECON-2,2026-09-06T03:48:50.070Z
MLB7149375338,VTK006571,b311d706-5e47-41d1-9239-d9b280eae8fe,98d3b006-11ab-43a7-b478-1fe712c0f59e,291.93,,null,46.71,ml_live,25.45,ml_live,0.08279935223578168,estimated,,,0.07,0.1,0.15,inconclusive,CUSTO_INDISPONIVEL,VORTEK-CANON-1.0-ECON-2,2026-09-06T03:48:50.071Z
MLB7149375314,VTK000597,fab1a06b-377f-4c69-af65-c74f98420eaa,1effcc5b-8bf3-4c23-8ae7-acd1e63d54aa,306.98,,null,49.12,ml_live,25.45,ml_live,0.08279935223578168,estimated,,,0.07,0.1,0.15,inconclusive,CUSTO_INDISPONIVEL,VORTEK-CANON-1.0-ECON-2,2026-09-06T03:48:50.071Z
MLB7149375248,VTK001359,9954111f-e0e1-429d-8ab7-d16ee9f64042,d5bc8fa1-4f7c-4615-823b-ef3a0f61f5ba,1560.16,,null,280.83,ml_live,,unknown,0.08279935223578168,estimated,,,0.1,0.15,0.2,inconclusive,INCONCLUSIVO_FONTE_ML_INDISPONIVEL;CUSTO_INDISPONIVEL;FRETE_INDISPONIVEL,VORTEK-CANON-1.0-ECON-2,2026-09-06T03:48:50.443Z
MLB7149375172,VTK001373,b69eb24b-eb8a-4dcc-8ae0-07872129c327,1da818c9-8ad4-4f07-94f1-3f7461485b2c,1640.44,,null,295.28,ml_live,70.95,ml_live,0.08279935223578168,estimated,,,0.1,0.15,0.2,inconclusive,CUSTO_INDISPONIVEL,VORTEK-CANON-1.0-ECON-2,2026-09-06T03:48:50.440Z
MLB7149375154,VTK003572,b46f1a6b-95b5-456a-9985-dc4f96c95c16,4e1562a6-a757-4e8b-9a70-7f2d0ddbd989,402.9,,null,72.52,ml_live,65.85,ml_live,0.08279935223578168,estimated,,,0.07,0.1,0.15,inconclusive,CUSTO_INDISPONIVEL,VORTEK-CANON-1.0-ECON-2,2026-09-06T03:48:50.444Z
MLB7149369852,VTK006430,45e82f29-e120-4101-b5e4-321f451dfdcb,a4884459-8cc9-4c01-9bb1-26cb07f82989,277.5,,null,44.4,ml_live,24.45,ml_live,0.08279935223578168,estimated,,,0.07,0.1,0.15,inconclusive,CUSTO_INDISPONIVEL,VORTEK-CANON-1.0-ECON-2,2026-09-06T03:48:50.827Z
MLB7149369808,VTK003638,60b524f1-8a3e-4c4d-8146-79c5d0a9035d,e67f29e1-de96-415e-b06f-daae7d30d35c,183,,null,24.7,ml_live,26.35,ml_live,0.08279935223578168,estimated,,,0.05,0.07,0.1,inconclusive,CUSTO_INDISPONIVEL,VORTEK-CANON-1.0-ECON-2,2026-09-06T03:48:50.828Z
MLB7149369770,VTK001428,4a86d4f5-3ab5-40b8-ba93-e3894acb9eb2,1d7e3ad0-67b7-4409-b6ba-1a0a22ffbc06,863.4,,null,155.41,ml_live,40.85,ml_live,0.08279935223578168,estimated,,,0.07,0.1,0.15,inconclusive,CUSTO_INDISPONIVEL,VORTEK-CANON-1.0-ECON-2,2026-09-06T03:48:50.829Z
MLB7149369318,VTK011955,4b550641-2417-4e3b-b7c7-778edc424f85,8509403f-91cc-483c-9063-7f6ff409c4e6,492.48,,null,88.65,ml_live,65.85,ml_live,0.08279935223578168,estimated,,,0.07,0.1,0.15,inconclusive,CUSTO_INDISPONIVEL,VORTEK-CANON-1.0-ECON-2,2026-09-06T03:48:51.205Z
MLB7149335840,VTK006254,86867773-d37c-4f02-9c5a-130175fb9a04,9e7fe9e7-0198-4f01-b0fb-fc4780992e67,2885.19,,null,490.48,ml_live,107.95,ml_live,0.08279935223578168,estimated,,,0.1,0.15,0.2,inconclusive,CUSTO_INDISPONIVEL,VORTEK-CANON-1.0-ECON-2,2026-09-06T03:48:51.199Z
MLB7149335806,VTK002306,18098a02-4fad-41cb-bd08-4a8ab151723b,345fed55-a8bc-4299-9e14-d4c564c59679,1990,,null,358.2,ml_live,24.45,ml_live,0.08279935223578168,estimated,,,0.1,0.15,0.2,inconclusive,CUSTO_INDISPONIVEL,VORTEK-CANON-1.0-ECON-2,2026-09-06T03:48:51.200Z
MLB7149335744,VTK009661,c361772e-04dd-4812-9473-1670edef8eee,a62829eb-2a05-4c88-a00f-578d13b9472d,433.7,,null,69.39,ml_live,32.45,ml_live,0.08279935223578168,estimated,,,0.07,0.1,0.15,inconclusive,CUSTO_INDISPONIVEL,VORTEK-CANON-1.0-ECON-2,2026-09-06T03:48:51.740Z
MLB7149335708,VTK006203,07d60c35-8f3d-456c-a066-d78a91f42188,811a9a03-f990-42d3-b4d7-6b68bf65db87,283.37,,null,45.34,ml_live,27.05,ml_live,0.08279935223578168,estimated,,,0.07,0.1,0.15,inconclusive,CUSTO_INDISPONIVEL,VORTEK-CANON-1.0-ECON-2,2026-09-06T03:48:51.738Z
MLB7149335316,VTK006512,210b4112-5a2a-443c-b98f-dd4439428baf,b38013be-9090-4653-bdcb-180b20895c95,544,,null,87.04,ml_live,70.95,ml_live,0.08279935223578168,estimated,,,0.07,0.1,0.15,inconclusive,CUSTO_INDISPONIVEL,VORTEK-CANON-1.0-ECON-2,2026-09-06T03:48:51.738Z
MLB7149335022,VTK003921,40522f5a-ee43-4f88-9d77-7cb6baf02ba0,877baf03-590a-411a-8e70-770193124345,245.27,,null,39.24,ml_live,50.75,ml_live,0.08279935223578168,estimated,,,0.07,0.1,0.15,inconclusive,CUSTO_INDISPONIVEL,VORTEK-CANON-1.0-ECON-2,2026-09-06T03:48:52.115Z
MLB7149272886,VTK000599,ff6f8b07-798c-4f1b-aedc-0a45f391e4e7,9572ca96-bf75-4f01-bd37-9f48a5b0ea69,200.84,,null,33.14,ml_live,23.25,ml_live,0.08279935223578168,estimated,,,0.07,0.1,0.15,inconclusive,CUSTO_INDISPONIVEL,VORTEK-CANON-1.0-ECON-2,2026-09-06T03:48:52.117Z
MLB7149272796,VTK000999,f7e7de5d-d4cc-46df-95af-bdd8e20a824f,750b7469-fbc7-4f70-8132-81c7dde4a1f1,503.39,,null,80.54,ml_live,27.05,ml_live,0.08279935223578168,estimated,,,0.07,0.1,0.15,inconclusive,CUSTO_INDISPONIVEL,VORTEK-CANON-1.0-ECON-2,2026-09-06T03:48:52.113Z
MLB7149272618,VTK000198,f8fe123a-65ad-4584-bdb0-66041b33d401,b2c3fe78-d917-49ab-908d-a876c0dea5fe,602.95,,null,87.43,ml_live,40.85,ml_live,0.08279935223578168,estimated,,,0.07,0.1,0.15,inconclusive,CUSTO_INDISPONIVEL,VORTEK-CANON-1.0-ECON-2,2026-09-06T03:48:52.114Z
MLB7149272484,VTK000454,8bcc52e9-86a0-4481-9319-ac21b3582f48,62a704a1-237b-40b2-a752-f3c22af17656,562.85,,null,101.31,ml_live,65.85,ml_live,0.08279935223578168,estimated,,,0.07,0.1,0.15,inconclusive,CUSTO_INDISPONIVEL,VORTEK-CANON-1.0-ECON-2,2026-09-06T03:48:52.487Z
MLB7149272156,VTK000417,2496b3ca-35af-47f5-8f8a-9e115ba73701,2262a495-7db1-4ba3-9f68-fd43621e6e1a,335,,null,60.3,ml_live,49.35,ml_live,0.08279935223578168,estimated,,,0.07,0.1,0.15,inconclusive,CUSTO_INDISPONIVEL,VORTEK-CANON-1.0-ECON-2,2026-09-06T03:48:52.486Z
MLB7149271684,VTK001370,ad020a5f-10bf-4cb4-bf8e-b4751561a8d1,f0d6a7f8-0d0f-4368-ab86-91dd701a6c0d,1004,,null,170.68,ml_live,27.05,ml_live,0.08279935223578168,estimated,,,0.1,0.15,0.2,inconclusive,CUSTO_INDISPONIVEL,VORTEK-CANON-1.0-ECON-2,2026-09-06T03:48:52.485Z
MLB7145007444,VTK000584,d39f22c7-895d-44ea-9cfd-22e15faffe4c,46a1d248-41a4-4092-86e0-8fe3c30f18af,210.28,,null,33.64,ml_live,23.25,ml_live,0.08279935223578168,estimated,,,0.07,0.1,0.15,inconclusive,CUSTO_INDISPONIVEL,VORTEK-CANON-1.0-ECON-2,2026-09-06T03:48:53.037Z
MLB4881438241,VTK000446,7af179a1-fe61-4634-9814-0dce3749f0cb,948a28fe-4148-4935-af65-53afa65bc893,940,,null,155.1,ml_live,45.25,ml_live,0.08279935223578168,estimated,,,0.07,0.1,0.15,inconclusive,CUSTO_INDISPONIVEL,VORTEK-CANON-1.0-ECON-2,2026-09-06T03:48:53.284Z
MLB4881024413,VTK000335,4f140ef8-119b-4eb6-a70b-9fb7e59f3f33,d145c06c-c5d6-41de-9b8f-b81a7c4b230b,833,,null,137.44,ml_live,50.75,ml_live,0.08279935223578168,estimated,,,0.07,0.1,0.15,inconclusive,CUSTO_INDISPONIVEL,VORTEK-CANON-1.0-ECON-2,2026-09-06T03:48:53.038Z
MLB4880634321,VTK001046,6c5b5034-f8aa-4a3b-ad17-8b64a11c6779,ef82d9c0-c1fa-462e-aef1-ccedf63d58df,145.14,,null,23.95,ml_live,16.95,ml_live,0.08279935223578168,estimated,,,0.05,0.07,0.1,inconclusive,CUSTO_INDISPONIVEL,VORTEK-CANON-1.0-ECON-2,2026-09-06T03:48:53.059Z
MLB4880633673,VTK011956,6622ebe0-1b1f-4cb3-81af-ee42ceed8489,92d57cb6-0a37-48e5-9550-1855e35000e3,576.13,,null,103.7,ml_live,25.55,ml_live,0.08279935223578168,estimated,,,0.07,0.1,0.15,inconclusive,CUSTO_INDISPONIVEL,VORTEK-CANON-1.0-ECON-2,2026-09-06T03:48:53.678Z
MLB4880633663,VTK006525,3e6bce17-1356-4cd1-af4d-8a229d406ce2,ca42c497-b881-4692-b196-c0ba052bc3f1,496.26,,null,79.4,ml_live,25.55,ml_live,0.08279935223578168,estimated,,,0.07,0.1,0.15,inconclusive,CUSTO_INDISPONIVEL,VORTEK-CANON-1.0-ECON-2,2026-09-06T03:48:53.678Z
MLB4880633545,VTK001411,2732d4ed-4266-43bb-bed1-8ce1ba7fb879,912f7b7f-e0fb-48fc-ad60-485024984c9e,288.12,,null,46.1,ml_live,27.05,ml_live,0.08279935223578168,estimated,,,0.07,0.1,0.15,inconclusive,CUSTO_INDISPONIVEL,VORTEK-CANON-1.0-ECON-2,2026-09-06T03:48:53.678Z
MLB4880633537,VTK001061,8f235ffb-bcd9-4707-b3a0-676e1d363d99,218ed769-9a55-41ca-85e4-46d550cd0adc,606.04,,null,87.88,ml_live,29.25,ml_live,0.08279935223578168,estimated,,,0.07,0.1,0.15,inconclusive,CUSTO_INDISPONIVEL,VORTEK-CANON-1.0-ECON-2,2026-09-06T03:48:53.677Z
MLB4880633497,VTK000531,411c6fb5-7864-4c20-add3-02b681bab110,28ce0e26-632b-44e3-b010-cd09c3882073,235.31,,null,42.36,ml_live,25.45,ml_live,0.08279935223578168,estimated,,,0.07,0.1,0.15,inconclusive,CUSTO_INDISPONIVEL,VORTEK-CANON-1.0-ECON-2,2026-09-06T03:48:54.100Z
MLB4880633419,VTK000996,f1f35028-9035-449c-816b-5cf3e93902e3,96efe807-68e6-4d40-a932-de66b63e5365,1201,,null,216.18,ml_live,24.45,ml_live,0.08279935223578168,estimated,,,0.1,0.15,0.2,inconclusive,CUSTO_INDISPONIVEL,VORTEK-CANON-1.0-ECON-2,2026-09-06T03:48:54.098Z
MLB4880633389,VTK001218,28eaac44-cd20-40c4-9412-3820c590d4e0,d14fa4c7-5fcb-42a8-a6e6-289a55885620,813.71,,null,146.47,ml_live,25.45,ml_live,0.08279935223578168,estimated,,,0.07,0.1,0.15,inconclusive,CUSTO_INDISPONIVEL,VORTEK-CANON-1.0-ECON-2,2026-09-06T03:48:54.106Z
MLB4880633353,VTK001087,d7815caf-e9b3-47a3-97ff-3c50dd7306d2,81306dce-a450-498e-a047-b19708243034,1479,,null,251.43,ml_live,107.95,ml_live,0.08279935223578168,estimated,,,0.1,0.15,0.2,inconclusive,CUSTO_INDISPONIVEL,VORTEK-CANON-1.0-ECON-2,2026-09-06T03:48:54.100Z
MLB4880633285,VTK011954,554e9dc1-66d9-455c-b0c5-4952dc82f9fe,37b84d8d-7a0f-484c-8839-8d337d7ffdc4,492.48,,null,88.65,ml_live,65.85,ml_live,0.08279935223578168,estimated,,,0.07,0.1,0.15,inconclusive,CUSTO_INDISPONIVEL,VORTEK-CANON-1.0-ECON-2,2026-09-06T03:48:54.471Z
MLB4880633159,VTK003516,1f58bef6-acaf-4c29-b352-3c6d5493fbc4,e988cd10-72b5-4ff5-8303-e0df93508930,382.88,,null,68.92,ml_live,32.45,ml_live,0.08279935223578168,estimated,,,0.07,0.1,0.15,inconclusive,CUSTO_INDISPONIVEL,VORTEK-CANON-1.0-ECON-2,2026-09-06T03:48:54.471Z
MLB4880588611,VTK006586,cf7e7aa2-d2ca-43fd-ab65-7a8331a5ead7,daf0e5db-65aa-46fd-bc1c-bdc4a9edc20b,266.72,,null,42.68,ml_live,27.05,ml_live,0.08279935223578168,estimated,,,0.07,0.1,0.15,inconclusive,CUSTO_INDISPONIVEL,VORTEK-CANON-1.0-ECON-2,2026-09-06T03:48:54.893Z
MLB4880588573,VTK006506,074f8fa2-8689-4143-973b-ca1898612cd3,4df74e92-cadd-4290-80df-2dd279d5642f,266.72,,null,42.68,ml_live,27.05,ml_live,0.08279935223578168,estimated,,,0.07,0.1,0.15,inconclusive,CUSTO_INDISPONIVEL,VORTEK-CANON-1.0-ECON-2,2026-09-06T03:48:54.893Z
MLB4880588171,VTK006573,b5d0b9b9-9529-4d02-a1f2-2dcd0a52cec4,3cc4b3d9-9978-4c2e-ab28-babfb7108c59,496.26,,null,79.4,ml_live,25.55,ml_live,0.08279935223578168,estimated,,,0.07,0.1,0.15,inconclusive,CUSTO_INDISPONIVEL,VORTEK-CANON-1.0-ECON-2,2026-09-06T03:48:54.884Z
MLB4880560187,VTK000565,87d4b709-acfd-497d-9bd4-5b785d874a80,0271ca09-533b-4f8a-bcab-e4983aca359a,307.83,,null,50.79,ml_live,21.65,ml_live,0.08279935223578168,estimated,,,0.07,0.1,0.15,inconclusive,CUSTO_INDISPONIVEL,VORTEK-CANON-1.0-ECON-2,2026-09-06T03:48:54.906Z
MLB4880559857,VTK000472,bbd0ec55-52c1-4492-af34-1ff59d59b9a9,75ffc1c8-7840-454b-acf9-a23fa11d6b5d,594.04,,null,106.93,ml_live,29.25,ml_live,0.08279935223578168,estimated,,,0.07,0.1,0.15,inconclusive,CUSTO_INDISPONIVEL,VORTEK-CANON-1.0-ECON-2,2026-09-06T03:48:55.266Z
MLB4880559723,VTK000845,8431fe96-f182-44a2-88fa-ac1c392776e1,cebffb5d-408a-497f-8c07-39a11e74720b,574.15,,null,103.35,ml_live,45.25,ml_live,0.08279935223578168,estimated,,,0.07,0.1,0.15,inconclusive,CUSTO_INDISPONIVEL,VORTEK-CANON-1.0-ECON-2,2026-09-06T03:48:55.265Z
MLB4880559473,VTK000583,c95b40f3-7979-4ebd-a278-c4125e2cb68a,b394dfec-b091-4af7-86c9-47f0df08b1f2,2892,,null,477.18,ml_live,40.85,ml_live,0.08279935223578168,estimated,,,0.1,0.15,0.2,inconclusive,CUSTO_INDISPONIVEL,VORTEK-CANON-1.0-ECON-2,2026-09-06T03:48:55.632Z
MLB4880559383,VTK000438,669d3f10-97d5-4868-8f63-ba1ca09ea8bd,125ec28f-9e87-428f-ac91-4f3015e0f9fe,482.75,,null,86.9,ml_live,49.35,ml_live,0.08279935223578168,estimated,,,0.07,0.1,0.15,inconclusive,CUSTO_INDISPONIVEL,VORTEK-CANON-1.0-ECON-2,2026-09-06T03:48:55.633Z
MLB4880559291,VTK000333,46ecc100-bdfb-4f32-8f38-49b583f91ec6,0bf9f818-673d-4b3b-a233-330cef674493,145,,null,23.92,ml_live,18.15,ml_live,0.08279935223578168,estimated,,,0.05,0.07,0.1,inconclusive,CUSTO_INDISPONIVEL,VORTEK-CANON-1.0-ECON-2,2026-09-06T03:48:55.641Z
MLB4880558963,VTK001147,7da6012f-25ec-4f27-8de4-cb4b2fa97349,cfdcc00a-4c55-49cd-b2af-1353636ed337,1590.92,,null,262.5,ml_live,70.95,ml_live,0.08279935223578168,estimated,,,0.1,0.15,0.2,inconclusive,CUSTO_INDISPONIVEL,VORTEK-CANON-1.0-ECON-2,2026-09-06T03:48:56.127Z
MLB4880558911,VTK001322,2e57ac57-f462-4ebe-9c6a-6bc8a49c9a17,ca8225ae-384a-4e01-a7dd-1ebf34e6f4bd,360.46,,null,57.67,ml_live,29.25,ml_live,0.08279935223578168,estimated,,,0.07,0.1,0.15,inconclusive,CUSTO_INDISPONIVEL,VORTEK-CANON-1.0-ECON-2,2026-09-06T03:48:56.123Z
MLB4880558889,VTK001181,cd94d5b5-829b-4d81-9030-32f9e9afc509,bc945dc6-e1bb-4edb-a1d3-d753c8a30802,146.19,,null,26.31,ml_live,18.15,ml_live,0.08279935223578168,estimated,,,0.05,0.07,0.1,inconclusive,CUSTO_INDISPONIVEL,VORTEK-CANON-1.0-ECON-2,2026-09-06T03:48:56.122Z
MLB4880525961,VTK000439,69a52bf1-232e-4ea3-8fd9-d2464c0f9296,5c40ef4b-bccb-4961-b9ed-fe7382e33b18,169.62,,null,27.14,ml_live,24.35,ml_live,0.08279935223578168,estimated,,,0.05,0.07,0.1,inconclusive,CUSTO_INDISPONIVEL,VORTEK-CANON-1.0-ECON-2,2026-09-06T03:48:56.121Z
MLB4880525789,VTK000148,61197760-458d-4c74-8dd7-18d3adeed736,26d5e4f4-e3aa-480a-a96d-c94fa999dc68,1878.81,,null,319.4,ml_live,107.85,ml_live,0.08279935223578168,estimated,,,0.1,0.15,0.2,inconclusive,CUSTO_INDISPONIVEL,VORTEK-CANON-1.0-ECON-2,2026-09-06T03:48:56.487Z
MLB4880525713,VTK001148,802544e2-e186-4696-9e0d-ef49962542ec,ee4f22a7-bf0f-4428-bc47-3b8f4b235b2a,376.34,,null,52.69,ml_live,27.05,ml_live,0.08279935223578168,estimated,,,0.07,0.1,0.15,inconclusive,CUSTO_INDISPONIVEL,VORTEK-CANON-1.0-ECON-2,2026-09-06T03:48:56.490Z
MLB4880525685,VTK001229,468767f2-a3ab-4443-851f-076ade8f8b7c,3b515dd6-921e-43c8-be87-81e16349e23b,628.19,,null,113.07,ml_live,29.25,ml_live,0.08279935223578168,estimated,,,0.07,0.1,0.15,inconclusive,CUSTO_INDISPONIVEL,VORTEK-CANON-1.0-ECON-2,2026-09-06T03:48:56.488Z
MLB4880525293,VTK000425,3496509b-7c30-46fb-934c-41df066da9a0,492b697b-4ae2-43c8-aacb-1d678acfba9b,383,,null,68.94,ml_live,24.45,ml_live,0.08279935223578168,estimated,,,0.07,0.1,0.15,inconclusive,CUSTO_INDISPONIVEL,VORTEK-CANON-1.0-ECON-2,2026-09-06T03:48:56.484Z
MLB4880525123,VTK000508,053413a2-3c9e-496b-a96b-e1f71fa61f25,ad7caa03-e4a2-4d9a-9b45-9453eae38c07,557.38,,null,100.33,ml_live,25.45,ml_live,0.08279935223578168,estimated,,,0.07,0.1,0.15,inconclusive,CUSTO_INDISPONIVEL,VORTEK-CANON-1.0-ECON-2,2026-09-06T03:48:56.863Z
MLB4880525019,VTK000421,2af92ebf-6c52-4120-b3ee-9956fb2d4c54,337f8196-2ad6-4c5e-8cc2-09d739d3297b,407.08,,null,73.27,ml_live,24.45,ml_live,0.08279935223578168,estimated,,,0.07,0.1,0.15,inconclusive,CUSTO_INDISPONIVEL,VORTEK-CANON-1.0-ECON-2,2026-09-06T03:48:56.856Z
MLB4880524927,VTK000479,ceef60fe-f598-49fd-a819-e3d2ffed8210,879f3a4e-ad0d-4bf1-a426-47a249181912,339,,null,47.46,ml_live,24.45,ml_live,0.08279935223578168,estimated,,,0.07,0.1,0.15,inconclusive,CUSTO_INDISPONIVEL,VORTEK-CANON-1.0-ECON-2,2026-09-06T03:48:56.860Z
MLB4880524851,VTK000467,a5824769-4f77-4a4a-8fe2-d7ca59384c8e,51fbcb38-6483-44e2-9082-07b30126e373,513.15,,null,92.37,ml_live,23.25,ml_live,0.08279935223578168,estimated,,,0.07,0.1,0.15,inconclusive,CUSTO_INDISPONIVEL,VORTEK-CANON-1.0-ECON-2,2026-09-06T03:48:56.864Z
MLB4880524735,VTK000944,443813ba-1f8b-4d15-b432-f32c391f4994,fc581f4e-f18d-4934-8363-973a8cab4283,220.1,,null,39.62,ml_live,27.05,ml_live,0.08279935223578168,estimated,,,0.07,0.1,0.15,inconclusive,CUSTO_INDISPONIVEL,VORTEK-CANON-1.0-ECON-2,2026-09-06T03:48:57.227Z
MLB4880524671,VTK001159,90f20276-d0a1-4398-ad97-1720d49ef163,6089a539-c73d-4f10-bb3a-1ea192f9caca,206.27,,null,29.91,ml_live,23.25,ml_live,0.08279935223578168,estimated,,,0.07,0.1,0.15,inconclusive,CUSTO_INDISPONIVEL,VORTEK-CANON-1.0-ECON-2,2026-09-06T03:48:57.224Z
MLB4880524379,VTK001387,e0df2b04-bf3c-4255-a25f-4014adfcd112,821b4842-3423-4fd3-8bc3-2b93bf034c2b,1782,,null,302.94,ml_live,27.05,ml_live,0.08279935223578168,estimated,,,0.1,0.15,0.2,inconclusive,CUSTO_INDISPONIVEL,VORTEK-CANON-1.0-ECON-2,2026-09-06T03:48:57.228Z
MLB4880517087,VTK001604,0f42c0dc-e750-4361-9d74-0ad6ad48b0d3,fd28705f-394d-452b-a11e-0a81a09f328e,297.79,,null,41.69,ml_live,23.25,ml_live,0.08279935223578168,estimated,,,0.07,0.1,0.15,inconclusive,CUSTO_INDISPONIVEL,VORTEK-CANON-1.0-ECON-2,2026-09-06T03:48:57.456Z
MLB4841980907,VTK000546,60a993b3-f0b2-4393-83c3-918e549fbcd2,596ee2b7-0c07-474b-8d0f-42ef80f92926,119.19,,null,15.49,ml_live,17.15,ml_live,0.08279935223578168,estimated,,,0.05,0.07,0.1,inconclusive,CUSTO_INDISPONIVEL,VORTEK-CANON-1.0-ECON-2,2026-09-06T03:48:57.816Z
MLB6573086526,VTK000921,2bb10442-2a71-4d17-ab13-506616829f79,ef0fc850-8784-4ae7-b51f-57d8aeb59cc5,679.83,,null,74.78,ml_live,25.45,ml_live,0.08279935223578168,estimated,,,0.07,0.1,0.15,inconclusive,CUSTO_INDISPONIVEL,VORTEK-CANON-1.0-ECON-2,2026-09-06T03:48:57.833Z
MLB6573116398,VTK000991,df1434a4-8de7-477d-ae87-fd7316763dda,5c697994-12e8-4891-9e57-e57222b7b4d5,84.34,,null,9.7,ml_live,14.45,ml_live,0.08279935223578168,estimated,,,0.05,0.07,0.1,inconclusive,CUSTO_INDISPONIVEL,VORTEK-CANON-1.0-ECON-2,2026-09-06T03:48:57.834Z
MLB7009331470,VTK004400,fdf365d0-7c4f-4ad4-97ed-8c501b48cec9,d659fea3-0434-46bb-932e-b938bebff74b,199,,null,25.87,ml_live,24.35,ml_live,0.08279935223578168,estimated,,,0.05,0.07,0.1,inconclusive,CUSTO_INDISPONIVEL,VORTEK-CANON-1.0-ECON-2,2026-09-06T03:48:57.834Z
MLB7044869208,VTK004400,fdf365d0-7c4f-4ad4-97ed-8c501b48cec9,c516ce50-ff71-47a4-9561-a4e27632b0e7,199,,null,25.87,ml_live,24.35,ml_live,0.08279935223578168,estimated,,,0.05,0.07,0.1,inconclusive,CUSTO_INDISPONIVEL,VORTEK-CANON-1.0-ECON-2,2026-09-06T03:48:58.277Z
MLB7096942182,VTK000742,697b86e5-9c57-4d3d-b5c6-6ec27fcb81f2,ae4c6fdf-e2bd-4dd6-ab83-7e97488c5a0f,168.86,,null,21.95,ml_live,21.35,ml_live,0.08279935223578168,estimated,,,0.05,0.07,0.1,inconclusive,CUSTO_INDISPONIVEL,VORTEK-CANON-1.0-ECON-2,2026-09-06T03:48:58.260Z
MLB6564859394,VTK006308,0a351553-f3a1-4d01-a5aa-9a1f0932b894,7926a437-2409-4d3c-b277-6d6f7a514c02,126.53,,null,16.45,ml_live,16.95,ml_live,0.08279935223578168,estimated,,,0.05,0.07,0.1,inconclusive,CUSTO_INDISPONIVEL,VORTEK-CANON-1.0-ECON-2,2026-09-06T03:48:58.250Z
MLB6563432026,VTK006308,0a351553-f3a1-4d01-a5aa-9a1f0932b894,1fd358be-8c10-4300-9048-e5f8828d04c7,126.53,,null,16.45,ml_live,16.95,ml_live,0.08279935223578168,estimated,,,0.05,0.07,0.1,inconclusive,CUSTO_INDISPONIVEL,VORTEK-CANON-1.0-ECON-2,2026-09-06T03:48:58.277Z
MLB7151451924,VTK000581,c52932b1-3483-451b-b106-ba808bacf9bc,0b0c1649-b0a5-4dd3-a30e-95b964b36e23,2018.75,,null,343.19,ml_live,107.95,ml_live,0.08279935223578168,estimated,,,0.1,0.15,0.2,inconclusive,CUSTO_INDISPONIVEL,VORTEK-CANON-1.0-ECON-2,2026-09-06T03:48:58.648Z
MLB7151451642,VTK011965,b10fa001-d4e5-417c-bd8f-cc3c5df81b2e,b3de43f4-4208-4771-bbec-fd58e0617414,1591.5,,null,262.6,ml_live,75.65,ml_live,0.08279935223578168,estimated,,,0.1,0.15,0.2,inconclusive,CUSTO_INDISPONIVEL,VORTEK-CANON-1.0-ECON-2,2026-09-06T03:48:58.646Z
MLB4882855435,VTK006568,b0aa5801-6bc7-4431-8e8d-8a4f3b51004f,1651bd0b-86bf-4e80-bd8e-b6297300d2a9,266.72,,null,42.68,ml_live,27.05,ml_live,0.08279935223578168,estimated,,,0.07,0.1,0.15,inconclusive,CUSTO_INDISPONIVEL,VORTEK-CANON-1.0-ECON-2,2026-09-06T03:48:58.656Z
MLB4882821599,VTK001083,c8ff5962-c4c1-483c-ab03-648253b38d76,afb69776-178f-4d2b-a2de-6adffd300314,212.01,,null,33.92,ml_live,27.05,ml_live,0.08279935223578168,estimated,,,0.07,0.1,0.15,inconclusive,CUSTO_INDISPONIVEL,VORTEK-CANON-1.0-ECON-2,2026-09-06T03:48:59.024Z
MLB4881447331,VTK000353,793d033e-fe50-41c6-8623-821a0c63314a,b46ac351-2795-42d0-8127-37ffef88d2c9,357,,null,57.12,ml_live,40.85,ml_live,0.08279935223578168,estimated,,,0.07,0.1,0.15,inconclusive,CUSTO_INDISPONIVEL,VORTEK-CANON-1.0-ECON-2,2026-09-06T03:48:59.021Z
MLB4881447287,VTK000149,6261663f-6d01-4e7d-a667-7414f5cf477f,47aa15db-5aa4-458a-a69f-577856a825aa,664.14,,null,96.3,ml_live,40.85,ml_live,0.08279935223578168,estimated,,,0.07,0.1,0.15,inconclusive,CUSTO_INDISPONIVEL,VORTEK-CANON-1.0-ECON-2,2026-09-06T03:48:59.021Z
MLB4881447243,VTK001090,dee3939b-b493-4f3e-a613-2dd82ec8b3f5,29ef5951-d745-4cde-b081-d6cce2dbe236,1195,,null,197.18,ml_live,75.65,ml_live,0.08279935223578168,estimated,,,0.1,0.15,0.2,inconclusive,CUSTO_INDISPONIVEL,VORTEK-CANON-1.0-ECON-2,2026-09-06T03:48:59.020Z
MLB4881447119,VTK000245,91a29f88-08cd-4883-8009-1c405d786fb1,82db9f11-a442-4269-81c3-4482f4f495d0,1020,,null,168.3,ml_live,69.35,ml_live,0.08279935223578168,estimated,,,0.1,0.15,0.2,inconclusive,CUSTO_INDISPONIVEL,VORTEK-CANON-1.0-ECON-2,2026-09-06T03:48:59.387Z
MLB4881447111,VTK000506,04b89c1b-2a0a-49da-9ff2-ec04270c6597,a516fca4-c72b-4244-9bf8-1bc760db2459,274.78,,null,43.96,ml_live,40.85,ml_live,0.08279935223578168,estimated,,,0.07,0.1,0.15,inconclusive,CUSTO_INDISPONIVEL,VORTEK-CANON-1.0-ECON-2,2026-09-06T03:48:59.390Z
MLB4881447101,VTK000233,7a79b554-d6b8-4a5f-a472-4784c657f818,31c0a5e0-87f1-4025-8203-6284976bacd2,1459.51,,null,248.12,ml_live,107.85,ml_live,0.08279935223578168,estimated,,,0.1,0.15,0.2,inconclusive,CUSTO_INDISPONIVEL,VORTEK-CANON-1.0-ECON-2,2026-09-06T03:48:59.385Z
MLB4841979583,VTK000482,d9a73886-7046-4222-af9a-16a8f5fb5366,c7ac8954-1119-4953-a01e-1a7b1cab95bf,395.42,,null,43.5,ml_live,23.25,ml_live,0.08279935223578168,estimated,,,0.07,0.1,0.15,inconclusive,CUSTO_INDISPONIVEL,VORTEK-CANON-1.0-ECON-2,2026-09-06T03:48:59.389Z
MLB7149272442,VTK000482,d9a73886-7046-4222-af9a-16a8f5fb5366,dacfa454-4d35-4d64-9a60-c2cc20939943,395.42,,null,43.5,ml_live,23.25,ml_live,0.08279935223578168,estimated,,,0.07,0.1,0.15,inconclusive,CUSTO_INDISPONIVEL,VORTEK-CANON-1.0-ECON-2,2026-09-06T03:48:59.765Z
MLB7157761264,VTK006570,b1276da8-d3f7-43d4-9df1-21b06b742c89,531cc93d-f86e-4333-aba9-121a678ecccb,175,,null,28,ml_live,21.75,ml_live,0.08279935223578168,estimated,,,0.05,0.07,0.1,inconclusive,CUSTO_INDISPONIVEL,VORTEK-CANON-1.0-ECON-2,2026-09-06T03:48:59.766Z
MLB7157760736,VTK006499,fcc16856-de2d-4d48-af40-a465186c0d56,00bc7de1-2c67-4a04-91ea-b64e03c8ed56,205,,null,32.8,ml_live,24.45,ml_live,0.08279935223578168,estimated,,,0.07,0.1,0.15,inconclusive,CUSTO_INDISPONIVEL,VORTEK-CANON-1.0-ECON-2,2026-09-06T03:48:59.765Z
MLB4892650437,VTK006423,3ba357d8-7783-4c03-99fb-b0d818c34a7a,15835f14-e88b-4e5c-9caa-d22966a49b5f,251.27,,null,33.92,ml_live,32.45,ml_live,0.08279935223578168,estimated,,,0.07,0.1,0.15,inconclusive,CUSTO_INDISPONIVEL,VORTEK-CANON-1.0-ECON-2,2026-09-06T03:49:00.914Z
MLB4892490729,VTK001498,f9ef94f5-0c82-42bb-abf9-4352df4c2d8c,d1429beb-abad-4ac7-98ea-bc529ef67916,1506.56,,null,248.58,ml_live,65.85,ml_live,0.08279935223578168,estimated,,,0.1,0.15,0.2,inconclusive,CUSTO_INDISPONIVEL,VORTEK-CANON-1.0-ECON-2,2026-09-06T03:49:00.915Z
MLB7176569980,VTK000590,dd00fc5c-a0c2-4e88-8a51-e345a0f08613,d8e0f459-3182-4203-af2c-5e2079a78629,1798.34,,null,305.72,ml_live,107.95,ml_live,0.08279935223578168,estimated,,,0.1,0.15,0.2,inconclusive,CUSTO_INDISPONIVEL,VORTEK-CANON-1.0-ECON-2,2026-09-06T03:49:00.914Z
MLB7176569960,VTK000214,2a1f9213-a6d2-4532-aa32-8b9be69e9766,584e31eb-9eca-433f-b932-99fd35801eb7,180.35,,null,32.46,ml_live,21.35,ml_live,0.08279935223578168,estimated,,,0.05,0.07,0.1,inconclusive,CUSTO_INDISPONIVEL,VORTEK-CANON-1.0-ECON-2,2026-09-06T03:49:00.913Z
MLB7174433724,VTK000607,1179cb0c-54c7-4af7-a34e-5645bf5de363,5ca6d8fb-8905-431d-92e3-900a70f31702,700.69,,null,126.12,ml_live,40.85,ml_live,0.08279935223578168,estimated,,,0.07,0.1,0.15,inconclusive,CUSTO_INDISPONIVEL,VORTEK-CANON-1.0-ECON-2,2026-09-06T03:49:01.283Z
MLB7174433040,VTK000765,af98219d-f00e-4ddc-b256-2f10b861b515,205a7def-f928-4d28-97bc-67d683a23c20,509.44,,null,84.06,ml_live,23.25,ml_live,0.08279935223578168,estimated,,,0.07,0.1,0.15,inconclusive,CUSTO_INDISPONIVEL,VORTEK-CANON-1.0-ECON-2,2026-09-06T03:49:01.281Z
MLB7174400132,VTK000569,9156a2bd-4ef2-4805-86f6-8e35a4ab746f,85034faf-67da-4d61-beae-41bcb51e4131,1553.47,,null,264.09,ml_live,107.95,ml_live,0.08279935223578168,estimated,,,0.1,0.15,0.2,inconclusive,CUSTO_INDISPONIVEL,VORTEK-CANON-1.0-ECON-2,2026-09-06T03:49:01.284Z
MLB7174288312,VTK003521,2d5cc4cb-98c6-4ab2-b782-ea5c04a861a0,76168de2-6c7d-4132-bd0f-d94d066780d2,770,,null,127.05,ml_live,69.35,ml_live,0.08279935223578168,estimated,,,0.07,0.1,0.15,inconclusive,CUSTO_INDISPONIVEL,VORTEK-CANON-1.0-ECON-2,2026-09-06T03:49:01.282Z
MLB4898642931,VTK001238,53182f57-09c2-4f08-8a8a-a4b547dacebd,1d0e1aa1-4228-40fa-8f23-9bda31716b19,114.56,,null,18.33,ml_live,16.85,ml_live,0.08279935223578168,estimated,,,0.05,0.07,0.1,inconclusive,CUSTO_INDISPONIVEL,VORTEK-CANON-1.0-ECON-2,2026-09-06T03:49:01.664Z
MLB4898640209,VTK000607,1179cb0c-54c7-4af7-a34e-5645bf5de363,51a2f95a-ae18-4ffc-9b3e-4ba1669b2a15,700.69,,null,126.12,ml_live,40.85,ml_live,0.08279935223578168,estimated,,,0.07,0.1,0.15,inconclusive,CUSTO_INDISPONIVEL,VORTEK-CANON-1.0-ECON-2,2026-09-06T03:49:01.669Z
MLB4898640057,VTK000424,31f28c66-3789-4c8e-97fb-bd481c121f69,d339742c-72fd-4d5c-8c5f-ce645aba8dc3,209,,null,30.3,ml_live,32.45,ml_live,0.08279935223578168,estimated,,,0.07,0.1,0.15,inconclusive,CUSTO_INDISPONIVEL,VORTEK-CANON-1.0-ECON-2,2026-09-06T03:49:01.667Z
MLB4898634797,VTK000777,cadb6db9-2cdc-48b3-a7df-b04e4888373e,1699e37b-b098-4904-a003-94832f97668b,783,,null,129.2,ml_live,27.05,ml_live,0.08279935223578168,estimated,,,0.07,0.1,0.15,inconclusive,CUSTO_INDISPONIVEL,VORTEK-CANON-1.0-ECON-2,2026-09-06T03:49:01.665Z
MLB4898613525,VTK001118,25b9fb10-b3a8-4ee2-9cfb-c5e06597fbe7,f5715375-07b9-44fa-98c1-57256cf73f4f,1792.9,,null,295.83,ml_live,79.35,ml_live,0.08279935223578168,estimated,,,0.1,0.15,0.2,inconclusive,CUSTO_INDISPONIVEL,VORTEK-CANON-1.0-ECON-2,2026-09-06T03:49:02.072Z
MLB4898612385,VTK006378,c4cf9d21-afda-4d12-944b-21bdd9ffab6a,d6f5b489-b9fb-4c8f-a34e-3743be34047e,1326,,null,218.79,ml_live,40.85,ml_live,0.08279935223578168,estimated,,,0.1,0.15,0.2,inconclusive,CUSTO_INDISPONIVEL,VORTEK-CANON-1.0-ECON-2,2026-09-06T03:49:02.071Z
MLB4898611535,VTK000320,2fc5c6bc-95b5-4849-ab6b-f3ac0508cfd8,fca3609e-3824-4c38-b38c-ec1999919e04,1433,,null,243.61,ml_live,107.85,ml_live,0.08279935223578168,estimated,,,0.1,0.15,0.2,inconclusive,CUSTO_INDISPONIVEL,VORTEK-CANON-1.0-ECON-2,2026-09-06T03:49:02.455Z
MLB4897283119,VTK004352,72ed9484-db1a-4565-a10f-57f7b76afb33,7f2d3b54-b26e-4f99-9f84-6329be86bc1e,1375,,null,247.5,ml_live,23.25,ml_live,0.08279935223578168,estimated,,,0.1,0.15,0.2,inconclusive,CUSTO_INDISPONIVEL,VORTEK-CANON-1.0-ECON-2,2026-09-06T03:49:02.451Z
MLB4897279509,VTK001945,88d7fb88-a6f1-4aae-9fee-fb945ea5d307,be977004-2b41-4a60-9bd3-71b8ef62de75,132.77,,null,21.91,ml_live,26.05,ml_live,0.08279935223578168,estimated,,,0.05,0.07,0.1,inconclusive,CUSTO_INDISPONIVEL,VORTEK-CANON-1.0-ECON-2,2026-09-06T03:49:02.452Z
MLB4897272457,VTK005935,579e5171-ef42-42dd-b5a0-41cc2ffdd49b,a8db927a-0de1-4137-a554-b207383483f8,444.98,,null,80.1,ml_live,25.55,ml_live,0.08279935223578168,estimated,,,0.07,0.1,0.15,inconclusive,CUSTO_INDISPONIVEL,VORTEK-CANON-1.0-ECON-2,2026-09-06T03:49:02.831Z
MLB4897265025,VTK005320,24bc4010-0afb-4752-824e-d87a5faddf1b,5cc6322b-53c4-4fb7-b1fe-a295048fecd1,1089,,null,196.02,ml_live,24.45,ml_live,0.08279935223578168,estimated,,,0.1,0.15,0.2,inconclusive,CUSTO_INDISPONIVEL,VORTEK-CANON-1.0-ECON-2,2026-09-06T03:49:02.829Z
MLB6649110192,VTK006136,5572d0fd-68dc-4094-a00e-6a9f6f0d4011,f787bb46-551f-4d1a-a0f6-237cb96d60a7,94.32,,null,10.85,ml_live,12.95,ml_live,0.08279935223578168,estimated,,,0.05,0.07,0.1,inconclusive,CUSTO_INDISPONIVEL,VORTEK-CANON-1.0-ECON-2,2026-09-06T03:49:02.834Z
MLB6573086080,VTK006136,5572d0fd-68dc-4094-a00e-6a9f6f0d4011,0d893539-1331-49e2-8c75-23c3d44b5978,94.32,,null,10.85,ml_live,12.95,ml_live,0.08279935223578168,estimated,,,0.05,0.07,0.1,inconclusive,CUSTO_INDISPONIVEL,VORTEK-CANON-1.0-ECON-2,2026-09-06T03:49:02.838Z
MLB7184892436,VTK004352,72ed9484-db1a-4565-a10f-57f7b76afb33,784b8d2d-f3af-4d6f-8080-48d3c94a44ea,1375,,null,247.5,ml_live,23.25,ml_live,0.08279935223578168,estimated,,,0.1,0.15,0.2,inconclusive,CUSTO_INDISPONIVEL,VORTEK-CANON-1.0-ECON-2,2026-09-06T03:49:03.212Z
MLB7181841368,VTK001271,a0c68f41-24fc-4117-96de-ddc66188ba60,ec011481-1ecd-4efb-a284-e508cda5b19a,2359,,null,389.24,ml_live,40.85,ml_live,0.08279935223578168,estimated,,,0.1,0.15,0.2,inconclusive,CUSTO_INDISPONIVEL,VORTEK-CANON-1.0-ECON-2,2026-09-06T03:49:03.210Z
MLB4903944809,VTK005320,24bc4010-0afb-4752-824e-d87a5faddf1b,ba55fef5-9335-479d-8fc6-e1bb839f4684,1089,,null,196.02,ml_live,24.45,ml_live,0.08279935223578168,estimated,,,0.1,0.15,0.2,inconclusive,CUSTO_INDISPONIVEL,VORTEK-CANON-1.0-ECON-2,2026-09-06T03:49:03.209Z
MLB7193721894,VTK000395,f67e17b3-8aa4-4303-b04e-22f0e6a7b083,ef674ab5-40b6-4760-86ff-55637a58b647,1750,,null,297.5,ml_live,107.95,ml_live,0.08279935223578168,estimated,,,0.1,0.15,0.2,inconclusive,CUSTO_INDISPONIVEL,VORTEK-CANON-1.0-ECON-2,2026-09-06T03:49:03.210Z
MLB7193441742,VTK000184,cd74b10f-99a4-422e-ace4-ea68b7f2e792,83182d31-4310-41be-9a2e-861b23815114,685.28,,null,99.37,ml_live,50.75,ml_live,0.08279935223578168,estimated,,,0.07,0.1,0.15,inconclusive,CUSTO_INDISPONIVEL,VORTEK-CANON-1.0-ECON-2,2026-09-06T03:49:03.601Z
MLB7193277152,VTK000139,3fe67c1c-d60a-4770-8348-b1c7ca8f6d91,63a2e7a6-4ce4-4006-a498-097dae058826,860,,null,141.9,ml_live,49.35,ml_live,0.08279935223578168,estimated,,,0.07,0.1,0.15,inconclusive,CUSTO_INDISPONIVEL,VORTEK-CANON-1.0-ECON-2,2026-09-06T03:49:03.595Z
MLB4907843439,VTK000182,c8390cee-316d-4190-a012-b3edf19aafd8,f6a0e342-5cb2-4cfd-ac15-2b3fea5833b2,1439.22,,null,237.47,ml_live,27.05,ml_live,0.08279935223578168,estimated,,,0.1,0.15,0.2,inconclusive,CUSTO_INDISPONIVEL,VORTEK-CANON-1.0-ECON-2,2026-09-06T03:49:03.593Z
MLB4907843219,VTK005732,51b1b425-3a1e-4b0c-be53-f7033573ab50,c6b1e569-8635-403d-b034-d0d34e5d4494,1270.9,,null,228.76,ml_live,21.65,ml_live,0.08279935223578168,estimated,,,0.1,0.15,0.2,inconclusive,CUSTO_INDISPONIVEL,VORTEK-CANON-1.0-ECON-2,2026-09-06T03:49:03.998Z
MLB4907827141,VTK006323,3a8237ec-8f32-45b2-a56e-da276ffec61e,82bdea9d-e8d1-4610-acaa-6e1ed8072753,498.58,,null,84.76,ml_live,24.45,ml_live,0.08279935223578168,estimated,,,0.07,0.1,0.15,inconclusive,CUSTO_INDISPONIVEL,VORTEK-CANON-1.0-ECON-2,2026-09-06T03:49:03.998Z
MLB4907827113,VTK001227,40389d79-272f-4ad3-9685-41c535ffa2a3,772df47b-8c52-4a92-a111-a5aedd5ab857,521.03,,null,88.58,ml_live,24.45,ml_live,0.08279935223578168,estimated,,,0.07,0.1,0.15,inconclusive,CUSTO_INDISPONIVEL,VORTEK-CANON-1.0-ECON-2,2026-09-06T03:49:03.997Z
MLB7210659020,VTK001041,64cd51a1-c586-46f5-8686-40bfab655853,89dfa371-c8c0-4016-bd50-4a4055650767,124.81,,null,22.47,ml_live,16.95,ml_live,0.08279935223578168,estimated,,,0.05,0.07,0.1,inconclusive,CUSTO_INDISPONIVEL,VORTEK-CANON-1.0-ECON-2,2026-09-06T03:49:04.002Z
MLB6573086292,VTK000932,3790c2c6-00f5-4b2c-8a3f-808bab312dc4,929135e7-293f-4a01-8bf6-437d3a6d0324,101.95,,null,12.23,ml_live,16.15,ml_live,0.08279935223578168,estimated,,,0.05,0.07,0.1,inconclusive,CUSTO_INDISPONIVEL,VORTEK-CANON-1.0-ECON-2,2026-09-06T03:49:07.451Z
MLB4857485987,VTK000502,0069cd27-359b-42b6-a3c0-0003657aacdb,f3654591-248c-4b8d-ae1d-1dddebdef3e1,117.04,,null,13.46,ml_live,16.85,ml_live,0.08279935223578168,estimated,,,0.05,0.07,0.1,inconclusive,CUSTO_INDISPONIVEL,VORTEK-CANON-1.0-ECON-2,2026-09-06T03:49:07.833Z
MLB4850157951,VTK006572,b326e15e-c337-47f0-a55b-e73c4e88a172,90c1dc9c-6e67-4f2a-b0ee-b3a54be9d057,100.26,,null,11.53,ml_live,14.95,ml_live,0.08279935223578168,estimated,,,0.05,0.07,0.1,inconclusive,CUSTO_INDISPONIVEL,VORTEK-CANON-1.0-ECON-2,2026-09-06T03:49:08.304Z
MLB7087440712,VTK006572,b326e15e-c337-47f0-a55b-e73c4e88a172,2f08dae3-bbfb-4463-9344-cbe93ac24ffa,100.26,,null,11.53,ml_live,14.95,ml_live,0.08279935223578168,estimated,,,0.05,0.07,0.1,inconclusive,CUSTO_INDISPONIVEL,VORTEK-CANON-1.0-ECON-2,2026-09-06T03:49:08.303Z
MLB4857486005,VTK005351,75a5168f-86ec-46c8-906a-30abbbd62cea,5a32f7f7-7cd1-4805-8ea6-f3b97125e0e1,117.88,,null,15.32,ml_live,16.15,ml_live,0.08279935223578168,estimated,,,0.05,0.07,0.1,inconclusive,CUSTO_INDISPONIVEL,VORTEK-CANON-1.0-ECON-2,2026-09-06T03:49:08.302Z
MLB6646470674,VTK003325,45dfd13f-b8ef-4bea-bddb-16381c0ab996,c6a0c083-bc51-4afa-8250-63b845918d4b,116.05,,null,13.35,ml_live,14.95,ml_live,0.08279935223578168,estimated,,,0.05,0.07,0.1,inconclusive,CUSTO_INDISPONIVEL,VORTEK-CANON-1.0-ECON-2,2026-09-06T03:49:08.302Z
MLB6573141820,VTK000803,0501ee80-b803-42d5-808a-4a4014b786d6,5e958255-50ec-484a-970c-e5b411ed1acb,108.58,,null,14.12,ml_live,14.95,ml_live,0.08279935223578168,estimated,,,0.05,0.07,0.1,inconclusive,CUSTO_INDISPONIVEL,VORTEK-CANON-1.0-ECON-2,2026-09-06T03:49:08.685Z
MLB6563424318,VTK003325,45dfd13f-b8ef-4bea-bddb-16381c0ab996,c24f98b0-72c9-4ace-88c8-170cd8c8a75f,116.05,,null,13.35,ml_live,14.95,ml_live,0.08279935223578168,estimated,,,0.05,0.07,0.1,inconclusive,CUSTO_INDISPONIVEL,VORTEK-CANON-1.0-ECON-2,2026-09-06T03:49:08.690Z
MLB6587836774,VTK006342,6481ef0e-ebb8-4180-bf86-2dffdb10d057,eb0f3df1-178f-4b72-81a0-574817754217,104.04,,null,13.53,ml_live,14.95,ml_live,0.08279935223578168,estimated,,,0.05,0.07,0.1,inconclusive,CUSTO_INDISPONIVEL,VORTEK-CANON-1.0-ECON-2,2026-09-06T03:49:08.688Z
MLB6646470912,VTK000927,33952a8a-42ff-44aa-b4a9-5f280980237d,39d86371-3408-414a-b8b9-334e6591c1fc,104.37,,null,13.57,ml_live,16.85,ml_live,0.08279935223578168,estimated,,,0.05,0.07,0.1,inconclusive,CUSTO_INDISPONIVEL,VORTEK-CANON-1.0-ECON-2,2026-09-06T03:49:08.695Z
MLB4620602381,VTK002455,8e40bb81-f263-4a52-be74-da6b3352fe18,d6482762-23df-49bc-9cb9-77255a7b8a63,119.38,,null,13.73,ml_live,14.95,ml_live,0.08279935223578168,estimated,,,0.05,0.07,0.1,inconclusive,CUSTO_INDISPONIVEL,VORTEK-CANON-1.0-ECON-2,2026-09-06T03:49:09.250Z
MLB7149406020,VTK005385,c8ec0b14-7323-4bb4-b5d8-ee081308cee4,adf68e57-7c0c-4bcb-b0ed-6e621841b8f4,85.08,,null,9.78,ml_live,14.45,ml_live,0.08279935223578168,estimated,,,0.05,0.07,0.1,inconclusive,CUSTO_INDISPONIVEL,VORTEK-CANON-1.0-ECON-2,2026-09-06T03:49:09.245Z
MLB6565496978,VTK000927,33952a8a-42ff-44aa-b4a9-5f280980237d,c1bf5b0c-ddc5-40bb-b823-ad088e51324a,104.37,,null,13.57,ml_live,16.85,ml_live,0.08279935223578168,estimated,,,0.05,0.07,0.1,inconclusive,CUSTO_INDISPONIVEL,VORTEK-CANON-1.0-ECON-2,2026-09-06T03:49:09.245Z
MLB4582563237,VTK002455,8e40bb81-f263-4a52-be74-da6b3352fe18,3a9ca6e1-9668-468f-954d-41fe14c34250,119.38,,null,13.73,ml_live,14.95,ml_live,0.08279935223578168,estimated,,,0.05,0.07,0.1,inconclusive,CUSTO_INDISPONIVEL,VORTEK-CANON-1.0-ECON-2,2026-09-06T03:49:09.245Z
MLB4857486023,VTK005385,c8ec0b14-7323-4bb4-b5d8-ee081308cee4,5def88a5-3b4c-4296-9640-7f9793118974,85.08,,null,9.78,ml_live,14.45,ml_live,0.08279935223578168,estimated,,,0.05,0.07,0.1,inconclusive,CUSTO_INDISPONIVEL,VORTEK-CANON-1.0-ECON-2,2026-09-06T03:49:09.628Z
MLB4612540573,VTK006134,4c23ede6-8355-4c99-a1c2-91bcc3bc92a9,b560621c-55e0-4bd2-852a-a6a10aed198a,87.14,,null,10.02,ml_live,12.95,ml_live,0.08279935223578168,estimated,,,0.05,0.07,0.1,inconclusive,CUSTO_INDISPONIVEL,VORTEK-CANON-1.0-ECON-2,2026-09-06T03:49:09.627Z
MLB4583293593,VTK006342,6481ef0e-ebb8-4180-bf86-2dffdb10d057,70c26da1-17b0-422e-8d07-a1cb0add04d2,104.04,,null,13.53,ml_live,14.95,ml_live,0.08279935223578168,estimated,,,0.05,0.07,0.1,inconclusive,CUSTO_INDISPONIVEL,VORTEK-CANON-1.0-ECON-2,2026-09-06T03:49:09.626Z
MLB4880634371,VTK001294,f3e31b38-d115-44e5-8b57-64081c0521ed,7a3ae2af-4407-4775-af49-15e5007ea6e7,109,,null,12.54,ml_live,16.85,ml_live,0.08279935223578168,estimated,,,0.05,0.07,0.1,inconclusive,CUSTO_INDISPONIVEL,VORTEK-CANON-1.0-ECON-2,2026-09-06T03:49:09.629Z
MLB4620396985,VTK006594,e93d5311-c751-4bb0-a71a-cf403dd8778d,973d45d6-b1d3-44ea-89c6-cf0fbb5cd738,84.86,,null,10.18,ml_live,14.45,ml_live,0.08279935223578168,estimated,,,0.05,0.07,0.1,inconclusive,CUSTO_INDISPONIVEL,VORTEK-CANON-1.0-ECON-2,2026-09-06T03:49:10.003Z
MLB4880633089,VTK003004,097bd9b6-c262-42f9-92eb-d1c870d6b0bc,d9e50d2e-71a1-4883-8cc5-140cb7e88c2a,103.72,,null,13.48,ml_live,16.85,ml_live,0.08279935223578168,estimated,,,0.05,0.07,0.1,inconclusive,CUSTO_INDISPONIVEL,VORTEK-CANON-1.0-ECON-2,2026-09-06T03:49:10.001Z
MLB6573141688,VTK000878,c07dc47f-5e8b-48b1-8e77-3f16195527d8,c21fdc06-3310-422e-9911-47cb1eee5bed,109.54,,null,14.24,ml_live,16.15,ml_live,0.08279935223578168,estimated,,,0.05,0.07,0.1,inconclusive,CUSTO_INDISPONIVEL,VORTEK-CANON-1.0-ECON-2,2026-09-06T03:49:10.009Z
MLB7145205308,VTK000989,dd2c2d75-77b4-40d8-90fd-25f620f62f20,9c36cf25-612d-49f8-bbd4-dca40fe99009,78.36,,null,9.01,ml_live,9.15,ml_live,0.08279935223578168,estimated,,,0.05,0.07,0.1,inconclusive,CUSTO_INDISPONIVEL,VORTEK-CANON-1.0-ECON-2,2026-09-06T03:49:10.000Z
MLB6573116420,VTK006594,e93d5311-c751-4bb0-a71a-cf403dd8778d,5c6bde13-e2bd-4a12-a9a6-155ab4e0a6df,84.86,,null,10.18,ml_live,14.45,ml_live,0.08279935223578168,estimated,,,0.05,0.07,0.1,inconclusive,CUSTO_INDISPONIVEL,VORTEK-CANON-1.0-ECON-2,2026-09-06T03:49:10.408Z
MLB4877416299,VTK001135,5d8a5312-c7f7-4521-afcd-48855ea329a8,e39d968b-8caf-4646-b122-e7a0af45512f,118.43,,null,13.62,ml_live,16.85,ml_live,0.08279935223578168,estimated,,,0.05,0.07,0.1,inconclusive,CUSTO_INDISPONIVEL,VORTEK-CANON-1.0-ECON-2,2026-09-06T03:49:10.409Z
MLB4877416391,VTK001294,f3e31b38-d115-44e5-8b57-64081c0521ed,5bd75553-1554-4769-92bb-94ad75ae9b92,109,,null,12.54,ml_live,16.85,ml_live,0.08279935223578168,estimated,,,0.05,0.07,0.1,inconclusive,CUSTO_INDISPONIVEL,VORTEK-CANON-1.0-ECON-2,2026-09-06T03:49:10.407Z
MLB6649085078,VTK000995,f151b7f5-91e8-422b-b31c-6f6694c6aadd,7bbfcb2b-2e5a-41d9-b1df-298822c8a8e6,97.49,,null,12.67,ml_live,14.45,ml_live,0.08279935223578168,estimated,,,0.05,0.07,0.1,inconclusive,CUSTO_INDISPONIVEL,VORTEK-CANON-1.0-ECON-2,2026-09-06T03:49:10.783Z
MLB4582607833,VTK000340,56c0a841-5eed-4cd8-b459-fa286ed7d7bc,b3cc43d2-58cb-4efd-99ad-c74bea03a31a,129.09,,null,14.85,ml_live,16.95,ml_live,0.08279935223578168,estimated,,,0.05,0.07,0.1,inconclusive,CUSTO_INDISPONIVEL,VORTEK-CANON-1.0-ECON-2,2026-09-06T03:49:10.780Z
MLB4857530547,VTK003004,097bd9b6-c262-42f9-92eb-d1c870d6b0bc,fd7b129d-140d-4a2c-9b51-7ecff150d9b9,103.72,,null,13.48,ml_live,16.85,ml_live,0.08279935223578168,estimated,,,0.05,0.07,0.1,inconclusive,CUSTO_INDISPONIVEL,VORTEK-CANON-1.0-ECON-2,2026-09-06T03:49:10.779Z
MLB6563281186,VTK000713,2675b0ab-41e0-49af-861e-ab55e62cddc5,f1272338-4c6f-4ef2-98c8-813f873152e0,99.2,,null,11.41,ml_live,13.85,ml_live,0.08279935223578168,estimated,,,0.05,0.07,0.1,inconclusive,CUSTO_INDISPONIVEL,VORTEK-CANON-1.0-ECON-2,2026-09-06T03:49:11.191Z
MLB7116149454,VTK001657,9bbdb1bd-d8bc-4635-ba54-0df2654cbcc1,f705aa84-fd52-45ce-af26-7d8a6841d96b,90.31,,null,10.84,ml_live,14.45,ml_live,0.08279935223578168,estimated,,,0.05,0.07,0.1,inconclusive,CUSTO_INDISPONIVEL,VORTEK-CANON-1.0-ECON-2,2026-09-06T03:49:11.197Z
MLB6655134104,VTK000964,8c6c05fa-f8b9-4241-a6f9-12eccb4a7b82,3f5ce64f-44b3-4bac-b946-046435087ea4,106.67,,null,13.87,ml_live,14.95,ml_live,0.08279935223578168,estimated,,,0.05,0.07,0.1,inconclusive,CUSTO_INDISPONIVEL,VORTEK-CANON-1.0-ECON-2,2026-09-06T03:49:11.191Z
MLB4842017071,VTK000717,28227fb3-bc53-425d-b203-bb197d48e951,2dd2becd-52c0-43f9-ba27-750004ad39aa,86.64,,null,9.96,ml_live,12.95,ml_live,0.08279935223578168,estimated,,,0.05,0.07,0.1,inconclusive,CUSTO_INDISPONIVEL,VORTEK-CANON-1.0-ECON-2,2026-09-06T03:49:11.192Z
MLB6565641530,VTK000995,f151b7f5-91e8-422b-b31c-6f6694c6aadd,a96536b0-3f54-42d4-b587-6ee6cd3ba9cd,97.49,,null,12.67,ml_live,14.45,ml_live,0.08279935223578168,estimated,,,0.05,0.07,0.1,inconclusive,CUSTO_INDISPONIVEL,VORTEK-CANON-1.0-ECON-2,2026-09-06T03:49:11.581Z
MLB4842206203,VTK001573,b2a714ce-1d7f-4455-8b0c-02542b953206,7e109ef3-9b76-49af-860c-382c5ab378b6,114.55,,null,13.17,ml_live,16.85,ml_live,0.08279935223578168,estimated,,,0.05,0.07,0.1,inconclusive,CUSTO_INDISPONIVEL,VORTEK-CANON-1.0-ECON-2,2026-09-06T03:49:11.579Z
MLB4846743633,VTK001081,bd96aefc-7123-41a6-8b1c-69a2249df47f,67e06b83-c4d4-46a1-a402-32f0cec05919,99.2,,null,11.41,ml_live,13.85,ml_live,0.08279935223578168,estimated,,,0.05,0.07,0.1,inconclusive,CUSTO_INDISPONIVEL,VORTEK-CANON-1.0-ECON-2,2026-09-06T03:49:11.585Z
MLB4842175091,VTK001657,9bbdb1bd-d8bc-4635-ba54-0df2654cbcc1,fe489e56-f4e4-42df-9e96-c2ce18f9caf6,90.31,,null,10.84,ml_live,14.45,ml_live,0.08279935223578168,estimated,,,0.05,0.07,0.1,inconclusive,CUSTO_INDISPONIVEL,VORTEK-CANON-1.0-ECON-2,2026-09-06T03:49:11.584Z
MLB7087427922,VTK006566,a708d6b3-96be-4bbf-93ce-e0cffaf655de,a09a9d37-b3fa-46d6-9c5d-2c25a584912f,100.26,,null,11.53,ml_live,14.95,ml_live,0.08279935223578168,estimated,,,0.05,0.07,0.1,inconclusive,CUSTO_INDISPONIVEL,VORTEK-CANON-1.0-ECON-2,2026-09-06T03:49:12.012Z
MLB7087416326,VTK006535,5e083203-a739-4a2e-81d0-cd959915b0c9,b6fd9103-31a8-45a1-b7ca-215ee1e1d995,100.26,,null,11.53,ml_live,14.95,ml_live,0.08279935223578168,estimated,,,0.05,0.07,0.1,inconclusive,CUSTO_INDISPONIVEL,VORTEK-CANON-1.0-ECON-2,2026-09-06T03:49:12.007Z
MLB4582557683,VTK000964,8c6c05fa-f8b9-4241-a6f9-12eccb4a7b82,ae3e3047-5131-40c4-af54-6a86c2d45466,106.67,,null,13.87,ml_live,14.95,ml_live,0.08279935223578168,estimated,,,0.05,0.07,0.1,inconclusive,CUSTO_INDISPONIVEL,VORTEK-CANON-1.0-ECON-2,2026-09-06T03:49:12.018Z
MLB7079612744,VTK000195,f076fba8-1387-4bf9-acb3-cf6a8c98b45b,97f6ec85-e70b-445c-a5fd-516091eb25d4,102.25,,null,13.29,ml_live,14.95,ml_live,0.08279935223578168,estimated,,,0.05,0.07,0.1,inconclusive,CUSTO_INDISPONIVEL,VORTEK-CANON-1.0-ECON-2,2026-09-06T03:49:12.611Z
MLB7087428180,VTK006579,c52894d2-a35d-419b-9962-c7700ff9c189,2b7e6857-0aa8-4f3b-8457-e64e663c68ea,100.26,,null,11.53,ml_live,14.95,ml_live,0.08279935223578168,estimated,,,0.05,0.07,0.1,inconclusive,CUSTO_INDISPONIVEL,VORTEK-CANON-1.0-ECON-2,2026-09-06T03:49:12.614Z
MLB4841914053,VTK000075,d592ace7-9ed8-41e7-87a7-2399145e61fa,181f1269-bd82-4d60-a8e3-56eb1946e249,103.42,,null,13.44,ml_live,16.15,ml_live,0.08279935223578168,estimated,,,0.05,0.07,0.1,inconclusive,CUSTO_INDISPONIVEL,VORTEK-CANON-1.0-ECON-2,2026-09-06T03:49:13.055Z
MLB7009322722,VTK000515,12b574ac-e42d-4b49-a46f-07da51275324,f44367a4-e1f4-4210-8b15-ebcf7bfd5235,102.74,,null,13.36,ml_live,14.95,ml_live,0.08279935223578168,estimated,,,0.05,0.07,0.1,inconclusive,CUSTO_INDISPONIVEL,VORTEK-CANON-1.0-ECON-2,2026-09-06T03:49:13.054Z
MLB6655134254,VTK006372,ae6d1248-633a-4450-b5e1-84517629f55f,8b17e6b5-c12a-40d0-b060-b3c8fae6a320,128.47,,null,16.7,ml_live,18.15,ml_live,0.08279935223578168,estimated,,,0.05,0.07,0.1,inconclusive,CUSTO_INDISPONIVEL,VORTEK-CANON-1.0-ECON-2,2026-09-06T03:49:13.455Z
MLB7095326060,VTK000167,9dff3240-274d-4436-89b7-4b9f2b1eee34,af79de77-0e74-4837-9b92-4acea71c196b,104,,null,11.96,ml_live,16.85,ml_live,0.08279935223578168,estimated,,,0.05,0.07,0.1,inconclusive,CUSTO_INDISPONIVEL,VORTEK-CANON-1.0-ECON-2,2026-09-06T03:49:13.454Z
MLB7095324934,VTK006215,23d2924a-2589-427c-9663-77584073c9b4,08ae914a-be70-44ec-9a39-bae38eb8d1a7,118.28,,null,15.38,ml_live,16.15,ml_live,0.08279935223578168,estimated,,,0.05,0.07,0.1,inconclusive,CUSTO_INDISPONIVEL,VORTEK-CANON-1.0-ECON-2,2026-09-06T03:49:13.462Z
MLB6563508424,VTK006372,ae6d1248-633a-4450-b5e1-84517629f55f,4543f8bd-d9cc-480e-b6af-99d9fcb45425,128.47,,null,16.7,ml_live,18.15,ml_live,0.08279935223578168,estimated,,,0.05,0.07,0.1,inconclusive,CUSTO_INDISPONIVEL,VORTEK-CANON-1.0-ECON-2,2026-09-06T03:49:13.835Z
MLB7087408434,VTK002245,87e1ea3c-3db1-4a7e-9b45-2d1758c3031b,9ff7cde0-90bb-4d5e-b338-df7a2b972e0e,106.54,,null,13.85,ml_live,16.15,ml_live,0.08279935223578168,estimated,,,0.05,0.07,0.1,inconclusive,CUSTO_INDISPONIVEL,VORTEK-CANON-1.0-ECON-2,2026-09-06T03:49:13.836Z
MLB6956456920,VTK000005,0d0e0f8f-7610-454a-bb09-501a8bff51bd,7e17a23b-210e-4601-89bc-ab0f7b0e3c6c,93.5,,null,13.09,ml_live,13.85,ml_live,0.08279935223578168,estimated,,,0.05,0.07,0.1,inconclusive,CUSTO_INDISPONIVEL,VORTEK-CANON-1.0-ECON-2,2026-09-06T03:49:13.835Z
MLB7149406138,VTK005313,1a0e9e2a-bb03-47c4-ac0b-ee7cdd4d59f2,7d289cdb-aac6-4d93-a651-e9e71a3b2100,106.04,,null,13.79,ml_live,16.15,ml_live,0.08279935223578168,estimated,,,0.05,0.07,0.1,inconclusive,CUSTO_INDISPONIVEL,VORTEK-CANON-1.0-ECON-2,2026-09-06T03:49:13.834Z
MLB7086960274,VTK000167,9dff3240-274d-4436-89b7-4b9f2b1eee34,1e2e5d09-fc1a-4082-a24a-bce4fe7604df,104,,null,11.96,ml_live,16.85,ml_live,0.08279935223578168,estimated,,,0.05,0.07,0.1,inconclusive,CUSTO_INDISPONIVEL,VORTEK-CANON-1.0-ECON-2,2026-09-06T03:49:14.206Z
MLB7192106230,VTK005811,21f52c60-7125-4f0f-95cd-c51f99b5b573,973bc567-7765-438c-aa60-f307da8fcf6d,98,,null,12.74,ml_live,13.85,ml_live,0.08279935223578168,estimated,,,0.05,0.07,0.1,inconclusive,CUSTO_INDISPONIVEL,VORTEK-CANON-1.0-ECON-2,2026-09-06T03:49:14.215Z
MLB7087437800,VTK006215,23d2924a-2589-427c-9663-77584073c9b4,44478890-cd43-4061-85bc-c199269873bc,118.28,,null,15.38,ml_live,16.15,ml_live,0.08279935223578168,estimated,,,0.05,0.07,0.1,inconclusive,CUSTO_INDISPONIVEL,VORTEK-CANON-1.0-ECON-2,2026-09-06T03:49:14.214Z
MLB7095391332,VTK001393,ede9dbb6-b8ca-4068-a271-753efd8dce38,eb191031-181b-4f04-b7da-998e003523e6,105.25,,null,12.1,ml_live,16.85,ml_live,0.08279935223578168,estimated,,,0.05,0.07,0.1,inconclusive,CUSTO_INDISPONIVEL,VORTEK-CANON-1.0-ECON-2,2026-09-06T03:49:14.216Z
MLB7095340304,VTK000595,f666c288-96c4-46fb-92e8-f3a43443e3dc,88376f6c-b3f1-4ef5-9811-e3856872d3a1,94.14,,null,12.24,ml_live,12.95,ml_live,0.08279935223578168,estimated,,,0.05,0.07,0.1,inconclusive,CUSTO_INDISPONIVEL,VORTEK-CANON-1.0-ECON-2,2026-09-06T03:49:14.602Z
MLB4582542537,VTK000998,f6a5d239-73af-4f3c-a5c7-5aff5314957b,5e41b949-e4c9-4e7e-8a11-6c8285fd1092,99,,null,10.89,ml_live,14.45,ml_live,0.08279935223578168,estimated,,,0.05,0.07,0.1,inconclusive,CUSTO_INDISPONIVEL,VORTEK-CANON-1.0-ECON-2,2026-09-06T03:49:14.609Z
MLB6572968828,VTK000755,8d9ffc64-92f4-4b9d-b83e-afbfe65717bb,d17aee6b-555f-4542-92db-ad66036a2e3b,106.09,,null,13.79,ml_live,16.85,ml_live,0.08279935223578168,estimated,,,0.05,0.07,0.1,inconclusive,CUSTO_INDISPONIVEL,VORTEK-CANON-1.0-ECON-2,2026-09-06T03:49:14.601Z
MLB4842111141,VTK001393,ede9dbb6-b8ca-4068-a271-753efd8dce38,716fa820-c153-41bc-b984-36c17f67ec04,105.25,,null,12.1,ml_live,16.85,ml_live,0.08279935223578168,estimated,,,0.05,0.07,0.1,inconclusive,CUSTO_INDISPONIVEL,VORTEK-CANON-1.0-ECON-2,2026-09-06T03:49:14.608Z
MLB4846402221,VTK006375,b0270228-1623-4332-9457-d56331c1e21d,cb329d1a-7853-415c-8e50-47a2245151a2,106.44,,null,13.84,ml_live,16.85,ml_live,0.08279935223578168,estimated,,,0.05,0.07,0.1,inconclusive,CUSTO_INDISPONIVEL,VORTEK-CANON-1.0-ECON-2,2026-09-06T03:49:14.980Z
MLB4846389351,VTK000520,1edaf524-b515-4a35-a834-76f6d446f732,dd952960-9588-4fcc-be25-985f73a03ff7,111,,null,14.43,ml_live,16.85,ml_live,0.08279935223578168,estimated,,,0.05,0.07,0.1,inconclusive,CUSTO_INDISPONIVEL,VORTEK-CANON-1.0-ECON-2,2026-09-06T03:49:14.985Z
MLB6649085068,VTK000414,1735ebdd-2f4d-49f1-a189-15c79d86b9bb,e400a436-d20b-4405-8136-0b790c96679f,103,,null,11.84,ml_live,16.85,ml_live,0.08279935223578168,estimated,,,0.05,0.07,0.1,inconclusive,CUSTO_INDISPONIVEL,VORTEK-CANON-1.0-ECON-2,2026-09-06T03:49:14.976Z
MLB4857531025,VTK002187,e7288432-4116-48f3-9e62-3f74dbb96eec,1a6de7c6-96e7-488b-bc3d-f08dba945032,107.72,,null,14,ml_live,16.15,ml_live,0.08279935223578168,estimated,,,0.05,0.07,0.1,inconclusive,CUSTO_INDISPONIVEL,VORTEK-CANON-1.0-ECON-2,2026-09-06T03:49:14.988Z
MLB4842175151,VTK001659,9ea7cb1a-9413-41cb-9c89-54dba9415006,9ab7959c-c3fe-4c54-8355-6051908f7164,95.68,,null,13.4,ml_live,13.85,ml_live,0.08279935223578168,estimated,,,0.05,0.07,0.1,inconclusive,CUSTO_INDISPONIVEL,VORTEK-CANON-1.0-ECON-2,2026-09-06T03:49:15.369Z
MLB6573129108,VTK000755,8d9ffc64-92f4-4b9d-b83e-afbfe65717bb,b3ef148b-c34b-4d1c-af03-bbc4dc227c8b,106.09,,null,13.79,ml_live,16.85,ml_live,0.08279935223578168,estimated,,,0.05,0.07,0.1,inconclusive,CUSTO_INDISPONIVEL,VORTEK-CANON-1.0-ECON-2,2026-09-06T03:49:15.371Z
MLB6563344986,VTK001778,c0e9e40d-e6ba-4bb4-ad05-7350baff9f66,d1bb4ffb-8841-4d91-b0d7-d5eb2f4335da,115.49,,null,13.28,ml_live,17.65,ml_live,0.08279935223578168,estimated,,,0.05,0.07,0.1,inconclusive,CUSTO_INDISPONIVEL,VORTEK-CANON-1.0-ECON-2,2026-09-06T03:49:15.370Z
MLB6573313860,VTK000414,1735ebdd-2f4d-49f1-a189-15c79d86b9bb,18113951-1c48-4f9a-93e9-25c4bb9908af,103,,null,11.84,ml_live,16.85,ml_live,0.08279935223578168,estimated,,,0.05,0.07,0.1,inconclusive,CUSTO_INDISPONIVEL,VORTEK-CANON-1.0-ECON-2,2026-09-06T03:49:15.764Z
MLB6573198944,VTK000797,eef25b50-0f83-49e0-826b-bfe9dc499467,de913d52-6cbf-4a6f-8d32-d4b4b60798ed,125.09,,null,14.39,ml_live,18.15,ml_live,0.08279935223578168,estimated,,,0.05,0.07,0.1,inconclusive,CUSTO_INDISPONIVEL,VORTEK-CANON-1.0-ECON-2,2026-09-06T03:49:15.768Z
MLB7149271954,VTK001117,22e05bb1-e103-48be-9799-983762fad62e,ef6f732d-9743-4328-87af-325a04b2663e,109.86,,null,12.63,ml_live,16.85,ml_live,0.08279935223578168,estimated,,,0.05,0.07,0.1,inconclusive,CUSTO_INDISPONIVEL,VORTEK-CANON-1.0-ECON-2,2026-09-06T03:49:15.764Z
MLB7009319798,VTK000172,a54d5d9c-167e-4d58-a1df-5ae192291b35,3cdcc3a4-7f18-4695-b36b-ca91c8b597e5,139.93,,null,18.19,ml_live,16.95,ml_live,0.08279935223578168,estimated,,,0.05,0.07,0.1,inconclusive,CUSTO_INDISPONIVEL,VORTEK-CANON-1.0-ECON-2,2026-09-06T03:49:16.154Z
MLB4842073585,VTK001117,22e05bb1-e103-48be-9799-983762fad62e,52ab6556-742f-4c28-9535-de4a063ec52f,109.86,,null,12.63,ml_live,16.85,ml_live,0.08279935223578168,estimated,,,0.05,0.07,0.1,inconclusive,CUSTO_INDISPONIVEL,VORTEK-CANON-1.0-ECON-2,2026-09-06T03:49:16.533Z
MLB4857485969,VTK004072,a92f1fde-73a3-42df-8dbc-55a2b123a4a1,dd9d8a82-0b6e-4dde-8cd2-fc8445b7981d,120.64,,null,13.27,ml_live,19.45,ml_live,0.08279935223578168,estimated,,,0.05,0.07,0.1,inconclusive,CUSTO_INDISPONIVEL,VORTEK-CANON-1.0-ECON-2,2026-09-06T03:49:16.529Z
MLB6565317422,VTK000812,15d6077b-00fc-4fb4-859a-817e793e17ca,73dc68de-43f9-438b-b269-64b85b6a2ec3,117.65,,null,15.29,ml_live,17.15,ml_live,0.08279935223578168,estimated,,,0.05,0.07,0.1,inconclusive,CUSTO_INDISPONIVEL,VORTEK-CANON-1.0-ECON-2,2026-09-06T03:49:16.533Z
MLB4620839889,VTK000833,56a08e4b-0339-4b37-984f-a469d5d9ead5,8d55718d-d829-4209-9317-5f575821ca09,133.11,,null,15.31,ml_live,18.15,ml_live,0.08279935223578168,estimated,,,0.05,0.07,0.1,inconclusive,CUSTO_INDISPONIVEL,VORTEK-CANON-1.0-ECON-2,2026-09-06T03:49:16.906Z
MLB6573107080,VTK006134,4c23ede6-8355-4c99-a1c2-91bcc3bc92a9,deb3826a-0e5b-4bd0-acbd-c34cfde4bfe4,87.14,,null,10.02,ml_live,12.95,ml_live,0.08279935223578168,estimated,,,0.05,0.07,0.1,inconclusive,CUSTO_INDISPONIVEL,VORTEK-CANON-1.0-ECON-2,2026-09-06T03:49:16.907Z
MLB7009369518,VTK000080,dce318f4-47b8-4880-a054-50b9a624dfea,8d88dbc8-34f3-4487-9746-14b30d86ac31,141.28,,null,18.37,ml_live,18.15,ml_live,0.08279935223578168,estimated,,,0.05,0.07,0.1,inconclusive,CUSTO_INDISPONIVEL,VORTEK-CANON-1.0-ECON-2,2026-09-06T03:49:16.915Z
MLB4880633189,VTK001261,8b9bb238-8e24-4aa2-8f49-2aa79ae2baeb,a6d5c461-33a6-4d1c-99ae-f258cce91236,120.86,,null,13.29,ml_live,19.05,ml_live,0.08279935223578168,estimated,,,0.05,0.07,0.1,inconclusive,CUSTO_INDISPONIVEL,VORTEK-CANON-1.0-ECON-2,2026-09-06T03:49:17.283Z
MLB4857485593,VTK005313,1a0e9e2a-bb03-47c4-ac0b-ee7cdd4d59f2,868513be-94bf-441c-a8a3-72762bdc05a7,106.04,,null,13.79,ml_live,16.15,ml_live,0.08279935223578168,estimated,,,0.05,0.07,0.1,inconclusive,CUSTO_INDISPONIVEL,VORTEK-CANON-1.0-ECON-2,2026-09-06T03:49:17.282Z
MLB4907843043,VTK006039,61b05930-9243-44d1-8082-bd7a8504feb0,7356175d-e1c7-485d-9a0e-0b27137546ca,107,,null,13.91,ml_live,16.85,ml_live,0.08279935223578168,estimated,,,0.05,0.07,0.1,inconclusive,CUSTO_INDISPONIVEL,VORTEK-CANON-1.0-ECON-2,2026-09-06T03:49:17.289Z
MLB4857485665,VTK001494,ea9afd32-5f0d-46f0-be98-3376b01077f6,94d9795b-8e63-4d8e-9ff9-db10170799c0,113.4,,null,12.47,ml_live,16.85,ml_live,0.08279935223578168,estimated,,,0.05,0.07,0.1,inconclusive,CUSTO_INDISPONIVEL,VORTEK-CANON-1.0-ECON-2,2026-09-06T03:49:17.282Z
MLB6563345066,VTK000977,abe17ad7-ace3-436e-8d30-d19de8404a64,25254680-747d-43a8-b49e-f5db43a29a47,143,,null,15.73,ml_live,23.35,ml_live,0.08279935223578168,estimated,,,0.05,0.07,0.1,inconclusive,CUSTO_INDISPONIVEL,VORTEK-CANON-1.0-ECON-2,2026-09-06T03:49:17.874Z
MLB6573084704,VTK000728,401ea058-5fce-440e-ac6e-a20f019f7ecd,97122f1d-90dd-4de4-9511-50c30d1b11a9,141.67,,null,18.42,ml_live,19.05,ml_live,0.08279935223578168,estimated,,,0.05,0.07,0.1,inconclusive,CUSTO_INDISPONIVEL,VORTEK-CANON-1.0-ECON-2,2026-09-06T03:49:17.876Z
MLB4857498123,VTK001261,8b9bb238-8e24-4aa2-8f49-2aa79ae2baeb,ff1040ab-b0c7-4b9e-b820-073d94471b25,120.86,,null,13.29,ml_live,19.05,ml_live,0.08279935223578168,estimated,,,0.05,0.07,0.1,inconclusive,CUSTO_INDISPONIVEL,VORTEK-CANON-1.0-ECON-2,2026-09-06T03:49:17.880Z
MLB4857485961,VTK005402,01e32788-4fcf-4e21-806a-ada4f1cb1d67,d21e7258-381c-452b-afd7-313d11a2802d,128.82,,null,16.75,ml_live,18.15,ml_live,0.08279935223578168,estimated,,,0.05,0.07,0.1,inconclusive,CUSTO_INDISPONIVEL,VORTEK-CANON-1.0-ECON-2,2026-09-06T03:49:18.341Z
MLB4772564165,VTK000006,0db70a92-37cc-4cf8-a384-b2a1263ddf3c,fdfe7147-38b6-40d6-a437-9367c0f0f22f,122.67,,null,15.95,ml_live,19.05,ml_live,0.08279935223578168,estimated,,,0.05,0.07,0.1,inconclusive,CUSTO_INDISPONIVEL,VORTEK-CANON-1.0-ECON-2,2026-09-06T03:49:18.339Z
MLB7087118300,VTK001055,7f723569-5663-4cfe-8c1c-d04618fe275a,1c9cdfc1-1ecd-4fbc-a2ae-5408d908b350,132.71,,null,15.93,ml_live,19.05,ml_live,0.08279935223578168,estimated,,,0.05,0.07,0.1,inconclusive,CUSTO_INDISPONIVEL,VORTEK-CANON-1.0-ECON-2,2026-09-06T03:49:18.340Z
MLB7087424282,VTK005379,b00d174f-ce5b-4495-87e9-6b05c5c3cb6b,15712181-2ae6-4aa4-9622-f58fb8013ade,121.78,,null,13.4,ml_live,19.05,ml_live,0.08279935223578168,estimated,,,0.05,0.07,0.1,inconclusive,CUSTO_INDISPONIVEL,VORTEK-CANON-1.0-ECON-2,2026-09-06T03:49:18.740Z
MLB6565317260,VTK006449,7a3c3a45-9a37-44fe-b994-9e710742f4cd,548db529-ce96-4aaf-9111-c4dd6307f038,123.68,,null,17.32,ml_live,16.95,ml_live,0.08279935223578168,estimated,,,0.05,0.07,0.1,inconclusive,CUSTO_INDISPONIVEL,VORTEK-CANON-1.0-ECON-2,2026-09-06T03:49:18.743Z
MLB4585721531,VTK000709,1e1b0a21-0544-446b-b0d1-01df1ff415b2,449055d8-2750-48d2-b299-59c39ac09fd4,142.19,,null,18.48,ml_live,16.95,ml_live,0.08279935223578168,estimated,,,0.05,0.07,0.1,inconclusive,CUSTO_INDISPONIVEL,VORTEK-CANON-1.0-ECON-2,2026-09-06T03:49:18.739Z
MLB7149405618,VTK004435,59524ed4-7c30-4b12-abbe-0d06dfb6d134,441d3638-9fa9-49b8-9930-05780b29711f,122.7,,null,15.95,ml_live,18.15,ml_live,0.08279935223578168,estimated,,,0.05,0.07,0.1,inconclusive,CUSTO_INDISPONIVEL,VORTEK-CANON-1.0-ECON-2,2026-09-06T03:49:19.113Z
MLB4842209069,VTK002556,9c3cfe98-25eb-4a9d-8c35-0e66793d3f0d,5b61cca1-4c93-42b9-9fd5-3a5ad7854228,124.39,,null,14.3,ml_live,19.05,ml_live,0.08279935223578168,estimated,,,0.05,0.07,0.1,inconclusive,CUSTO_INDISPONIVEL,VORTEK-CANON-1.0-ECON-2,2026-09-06T03:49:19.120Z
MLB4612598715,VTK005862,a5a39fa1-99a1-4e5a-9281-6fc44d46f7c5,4f03bd13-6ca2-439f-8567-1115c4de9500,125.09,,null,14.39,ml_live,18.15,ml_live,0.08279935223578168,estimated,,,0.05,0.07,0.1,inconclusive,CUSTO_INDISPONIVEL,VORTEK-CANON-1.0-ECON-2,2026-09-06T03:49:19.121Z
MLB7101684476,VTK003247,816beab6-4ee6-4326-abcb-093385040e80,dd5d2f7b-2527-4fd3-8d5d-425227ca4bb9,97.44,,null,11.21,ml_live,14.45,ml_live,0.08279935223578168,estimated,,,0.05,0.07,0.1,inconclusive,CUSTO_INDISPONIVEL,VORTEK-CANON-1.0-ECON-2,2026-09-06T03:49:19.497Z
MLB4857530945,VTK004435,59524ed4-7c30-4b12-abbe-0d06dfb6d134,5998f70e-84ed-4b8a-8765-c037bc59e1ca,122.7,,null,15.95,ml_live,18.15,ml_live,0.08279935223578168,estimated,,,0.05,0.07,0.1,inconclusive,CUSTO_INDISPONIVEL,VORTEK-CANON-1.0-ECON-2,2026-09-06T03:49:19.495Z
MLB6573097014,VTK000709,1e1b0a21-0544-446b-b0d1-01df1ff415b2,1fd6ec64-e429-4fa6-84f3-eb0517b727cf,142.19,,null,18.48,ml_live,16.95,ml_live,0.08279935223578168,estimated,,,0.05,0.07,0.1,inconclusive,CUSTO_INDISPONIVEL,VORTEK-CANON-1.0-ECON-2,2026-09-06T03:49:19.509Z
MLB7087425244,VTK006375,b0270228-1623-4332-9457-d56331c1e21d,cd30b5bc-2da4-4f3a-8c9d-7c4eac7dbc7e,106.44,,null,13.84,ml_live,16.85,ml_live,0.08279935223578168,estimated,,,0.05,0.07,0.1,inconclusive,CUSTO_INDISPONIVEL,VORTEK-CANON-1.0-ECON-2,2026-09-06T03:49:19.880Z
MLB4842020097,VTK000941,40f3b161-2051-4225-95c9-1e16359308b2,92209ddd-d00c-4cb2-b317-8e45405ac964,106.44,,null,13.84,ml_live,16.85,ml_live,0.08279935223578168,estimated,,,0.05,0.07,0.1,inconclusive,CUSTO_INDISPONIVEL,VORTEK-CANON-1.0-ECON-2,2026-09-06T03:49:19.879Z
MLB4842007997,VTK000595,f666c288-96c4-46fb-92e8-f3a43443e3dc,d147eb57-15de-4707-8e9c-f3f815c62934,94.14,,null,12.24,ml_live,12.95,ml_live,0.08279935223578168,estimated,,,0.05,0.07,0.1,inconclusive,CUSTO_INDISPONIVEL,VORTEK-CANON-1.0-ECON-2,2026-09-06T03:49:19.876Z
MLB7079674262,VTK000520,1edaf524-b515-4a35-a834-76f6d446f732,9fc882be-89d2-4926-adfd-cbcc568e22ce,111,,null,14.43,ml_live,16.85,ml_live,0.08279935223578168,estimated,,,0.05,0.07,0.1,inconclusive,CUSTO_INDISPONIVEL,VORTEK-CANON-1.0-ECON-2,2026-09-06T03:49:19.876Z
MLB4585679895,VTK000833,56a08e4b-0339-4b37-984f-a469d5d9ead5,f2c8f7f9-21d6-46e4-8dd5-78f3061ea1d2,133.11,,null,15.31,ml_live,18.15,ml_live,0.08279935223578168,estimated,,,0.05,0.07,0.1,inconclusive,CUSTO_INDISPONIVEL,VORTEK-CANON-1.0-ECON-2,2026-09-06T03:49:20.256Z
MLB4585881567,VTK005862,a5a39fa1-99a1-4e5a-9281-6fc44d46f7c5,fa72bd4e-3550-460a-87f7-73385bcf340e,125.09,,null,14.39,ml_live,18.15,ml_live,0.08279935223578168,estimated,,,0.05,0.07,0.1,inconclusive,CUSTO_INDISPONIVEL,VORTEK-CANON-1.0-ECON-2,2026-09-06T03:49:20.627Z
MLB4842210187,VTK003247,816beab6-4ee6-4326-abcb-093385040e80,8b7ba865-9237-48ee-88b4-a235d518a08d,97.44,,null,11.21,ml_live,14.45,ml_live,0.08279935223578168,estimated,,,0.05,0.07,0.1,inconclusive,CUSTO_INDISPONIVEL,VORTEK-CANON-1.0-ECON-2,2026-09-06T03:49:20.623Z
MLB4857485991,VTK004349,6e5e1934-8ca3-4144-9a97-762fad070d1c,7941475c-6ea7-4b54-8e3c-4f60114da883,91.9,,null,11.95,ml_live,12.95,ml_live,0.08279935223578168,estimated,,,0.05,0.07,0.1,inconclusive,CUSTO_INDISPONIVEL,VORTEK-CANON-1.0-ECON-2,2026-09-06T03:49:21.018Z
MLB7149405608,VTK004318,2b2a693d-81e7-4f6d-a072-9977ef046d59,0e3cdcca-528a-4c39-ae6a-bb97ad42ef68,101.69,,null,11.69,ml_live,17.15,ml_live,0.08279935223578168,estimated,,,0.05,0.07,0.1,inconclusive,CUSTO_INDISPONIVEL,VORTEK-CANON-1.0-ECON-2,2026-09-06T03:49:21.024Z
MLB4857530965,VTK004318,2b2a693d-81e7-4f6d-a072-9977ef046d59,1003b46c-bd69-46ed-b356-b7dab3b41e59,101.69,,null,11.69,ml_live,17.15,ml_live,0.08279935223578168,estimated,,,0.05,0.07,0.1,inconclusive,CUSTO_INDISPONIVEL,VORTEK-CANON-1.0-ECON-2,2026-09-06T03:49:21.019Z
MLB6573096876,VTK000743,6cb28588-a60d-4788-a044-7a64fee18afc,c25e1bd3-0b8b-4127-b520-5bd772697ecb,101.03,,null,11.62,ml_live,14.95,ml_live,0.08279935223578168,estimated,,,0.05,0.07,0.1,inconclusive,CUSTO_INDISPONIVEL,VORTEK-CANON-1.0-ECON-2,2026-09-06T03:49:21.019Z
MLB6573085696,VTK001068,9e4d55be-e1c2-4e28-847f-37f3bfe1483c,23559463-b5ca-4e3a-8168-326a3ea45f08,109.79,,null,13.17,ml_live,16.15,ml_live,0.08279935223578168,estimated,,,0.05,0.07,0.1,inconclusive,CUSTO_INDISPONIVEL,VORTEK-CANON-1.0-ECON-2,2026-09-06T03:49:21.398Z
MLB4877416163,VTK001104,08d86827-1d6b-4d5a-b870-dc8076577173,b9d8cc64-d03a-43bd-b99d-41b331ac5c5c,118.43,,null,13.62,ml_live,16.85,ml_live,0.08279935223578168,estimated,,,0.05,0.07,0.1,inconclusive,CUSTO_INDISPONIVEL,VORTEK-CANON-1.0-ECON-2,2026-09-06T03:49:21.394Z
MLB7086758274,VTK000434,5bc4efb4-2367-43c0-918c-9b273c41ca5e,2acda918-b795-46e4-8ab7-ed4894afbe3e,89.91,,null,10.34,ml_live,13.85,ml_live,0.08279935223578168,estimated,,,0.05,0.07,0.1,inconclusive,CUSTO_INDISPONIVEL,VORTEK-CANON-1.0-ECON-2,2026-09-06T03:49:21.398Z
MLB7079399594,VTK000434,5bc4efb4-2367-43c0-918c-9b273c41ca5e,42a8831d-4e06-41f1-9815-94d99b93d889,89.91,,null,10.34,ml_live,13.85,ml_live,0.08279935223578168,estimated,,,0.05,0.07,0.1,inconclusive,CUSTO_INDISPONIVEL,VORTEK-CANON-1.0-ECON-2,2026-09-06T03:49:21.396Z
MLB7216335096,VTK000395,f67e17b3-8aa4-4303-b04e-22f0e6a7b083,357dbc56-bda1-4889-bb09-9390c930eb65,1750,,null,297.5,ml_live,107.95,ml_live,0.08279935223578168,estimated,,,0.1,0.15,0.2,inconclusive,CUSTO_INDISPONIVEL,VORTEK-CANON-1.0-ECON-2,2026-09-06T03:49:21.781Z
MLB4582815039,VTK006321,347a049e-1979-4db0-b98b-49ecd9b762a1,46bc9ace-671a-4850-b203-d7ac03b2ace3,170,,null,30.6,ml_live,21.35,ml_live,0.08279935223578168,estimated,,,0.05,0.07,0.1,inconclusive,CUSTO_INDISPONIVEL,VORTEK-CANON-1.0-ECON-2,2026-09-06T03:49:21.780Z
MLB4582569523,VTK006321,347a049e-1979-4db0-b98b-49ecd9b762a1,ad56af1b-f6d0-4564-a6b2-c9a50b00b625,170,,null,30.6,ml_live,21.35,ml_live,0.08279935223578168,estimated,,,0.05,0.07,0.1,inconclusive,CUSTO_INDISPONIVEL,VORTEK-CANON-1.0-ECON-2,2026-09-06T03:49:22.677Z
MLB7226881368,VTK000166,9cf791a8-55e0-479b-b984-66815c52c24a,4d6b3e36-5442-49f2-966e-c1a64e673d62,1018.99,,null,168.13,ml_live,49.35,ml_live,0.08279935223578168,estimated,,,0.1,0.15,0.2,inconclusive,CUSTO_INDISPONIVEL,VORTEK-CANON-1.0-ECON-2,2026-09-06T03:49:22.454Z
MLB7226787680,VTK000160,93f2c032-852e-4c7e-9051-12500b5e68cb,fe2a3fbb-11d9-4d50-a518-88c12d54ccb9,765.28,,null,126.27,ml_live,49.35,ml_live,0.08279935223578168,estimated,,,0.07,0.1,0.15,inconclusive,CUSTO_INDISPONIVEL,VORTEK-CANON-1.0-ECON-2,2026-09-06T03:49:22.452Z
MLB4931799403,VTK015987,f8973872-35c0-4dc2-b344-f959806a2647,,,,null,,,,,,,,,,,,KIT_INATIVO,,,
MLB4930227275,VTK001103,072a61f7-9fa6-4e8e-86e6-12cbca60d275,c6bfa2d6-dbaf-42f5-a21a-65cba4ef312e,1508.36,,null,248.88,ml_live,69.35,ml_live,0.08279935223578168,estimated,,,0.1,0.15,0.2,inconclusive,CUSTO_INDISPONIVEL,VORTEK-CANON-1.0-ECON-2,2026-09-06T03:49:23.041Z
MLB7236458150,VTK000131,2f5c9918-0568-4903-be0b-89a48554b010,9a77d0ff-f80e-4cdd-a165-3a6fea6c4e81,140,,null,23.1,ml_live,19.05,ml_live,0.08279935223578168,estimated,,,0.05,0.07,0.1,inconclusive,CUSTO_INDISPONIVEL,VORTEK-CANON-1.0-ECON-2,2026-09-06T03:49:24.504Z
MLB4935792673,VTK000329,42ac8c2b-f4ad-4759-a69c-35b09449b8de,a075df11-e059-402c-b93c-da9afd54d16b,1286.7,,null,218.74,ml_live,107.85,ml_live,0.08279935223578168,estimated,,,0.1,0.15,0.2,inconclusive,CUSTO_INDISPONIVEL,VORTEK-CANON-1.0-ECON-2,2026-09-06T03:49:28.271Z
MLB4935792425,VTK000184,cd74b10f-99a4-422e-ace4-ea68b7f2e792,26b9e925-ca86-420b-af5a-9b1dcabef3da,685.28,,null,99.37,ml_live,50.75,ml_live,0.08279935223578168,estimated,,,0.07,0.1,0.15,inconclusive,CUSTO_INDISPONIVEL,VORTEK-CANON-1.0-ECON-2,2026-09-06T03:49:28.037Z
MLB4935792091,VTK006039,61b05930-9243-44d1-8082-bd7a8504feb0,f68a8db0-326c-409e-a481-b335673fae64,117.49,,null,21.15,ml_live,16.85,ml_live,0.08279935223578168,estimated,,,0.05,0.07,0.1,inconclusive,CUSTO_INDISPONIVEL,VORTEK-CANON-1.0-ECON-2,2026-09-06T03:49:28.633Z
MLB4640510315,VTK001101,00654866-8b05-4ad7-997c-2eb701354bfd,fd31c601-0203-435e-b13e-584e3005a3c0,98.01,,null,11.27,ml_live,14.75,ml_live,0.08279935223578168,estimated,,,0.05,0.07,0.1,inconclusive,CUSTO_INDISPONIVEL,VORTEK-CANON-1.0-ECON-2,2026-09-06T03:49:28.631Z
MLB6573085312,VTK001101,00654866-8b05-4ad7-997c-2eb701354bfd,3feb5938-403d-4561-baae-5880cc573f07,98.01,,null,11.27,ml_live,14.75,ml_live,0.08279935223578168,estimated,,,0.05,0.07,0.1,inconclusive,CUSTO_INDISPONIVEL,VORTEK-CANON-1.0-ECON-2,2026-09-06T03:49:29.231Z
MLB7149376582,VTK002507,113a84f2-443d-4c91-a4d9-c5eaed4aa443,ffdb094a-20b7-4a33-8be6-e40b57135687,87.57,,null,10.07,ml_live,16.45,ml_live,0.08279935223578168,estimated,,,0.05,0.07,0.1,inconclusive,CUSTO_INDISPONIVEL,VORTEK-CANON-1.0-ECON-2,2026-09-06T03:49:29.606Z
MLB4877406405,VTK002507,113a84f2-443d-4c91-a4d9-c5eaed4aa443,71122016-017c-43b1-a6e6-ea91d4e493fa,87.57,,null,10.07,ml_live,16.45,ml_live,0.08279935223578168,estimated,,,0.05,0.07,0.1,inconclusive,CUSTO_INDISPONIVEL,VORTEK-CANON-1.0-ECON-2,2026-09-06T03:49:29.848Z
MLB7259096372,VTK001269,9c2418d7-f159-4d06-8542-2019c2e0ca98,f38ebd16-6535-4c99-bde6-66ef25427cc4,347,,null,50.32,ml_live,21.65,ml_live,0.08279935223578168,estimated,,,0.07,0.1,0.15,inconclusive,CUSTO_INDISPONIVEL,VORTEK-CANON-1.0-ECON-2,2026-09-06T03:49:47.104Z
MLB7257085548,VTK000711,24b1ad88-b7d7-4af4-b9cb-0a1473fa67e2,c93c63f2-09b4-4160-8851-f69cd06a74af,987.44,,null,177.74,ml_live,65.85,ml_live,0.08279935223578168,estimated,,,0.07,0.1,0.15,inconclusive,CUSTO_INDISPONIVEL,VORTEK-CANON-1.0-ECON-2,2026-09-06T03:49:47.108Z
MLB4948901627,VTK001279,c34dc7ca-dde5-4588-b59e-1b97657b71b2,39756bbe-1eca-401f-b644-facd56eea79d,334,,null,48.43,ml_live,21.65,ml_live,0.08279935223578168,estimated,,,0.07,0.1,0.15,inconclusive,CUSTO_INDISPONIVEL,VORTEK-CANON-1.0-ECON-2,2026-09-06T03:49:47.520Z
MLB4947942137,VTK000935,39a1e9c7-60bc-468e-b85a-a9ff509dae69,773c92bf-a562-4573-af17-206a2d15c471,433.31,,null,78,ml_live,29.25,ml_live,0.08279935223578168,estimated,,,0.07,0.1,0.15,inconclusive,CUSTO_INDISPONIVEL,VORTEK-CANON-1.0-ECON-2,2026-09-06T03:49:47.524Z
MLB4947942119,VTK000818,323249e3-be67-4f31-b74f-855bea5040b0,ee754274-8659-4598-b273-1e56e4151c58,271.85,,null,48.93,ml_live,25.45,ml_live,0.08279935223578168,estimated,,,0.07,0.1,0.15,inconclusive,CUSTO_INDISPONIVEL,VORTEK-CANON-1.0-ECON-2,2026-09-06T03:49:47.893Z
MLB4947942071,VTK000915,219bc5d7-570e-43b4-b8b3-798a9104ce71,cdfd5e80-7298-471d-a2a3-7ac618c746cd,289.71,,null,52.15,ml_live,21.65,ml_live,0.08279935223578168,estimated,,,0.07,0.1,0.15,inconclusive,CUSTO_INDISPONIVEL,VORTEK-CANON-1.0-ECON-2,2026-09-06T03:49:47.897Z
MLB7264832830,VTK001479,c777c32c-820e-49d3-845e-e40de6d61eb7,3711c431-bfad-4fe5-acaf-0ff955d28f64,590.61,,null,94.5,ml_live,49.35,ml_live,0.08279935223578168,estimated,,,0.07,0.1,0.15,inconclusive,CUSTO_INDISPONIVEL,VORTEK-CANON-1.0-ECON-2,2026-09-06T03:49:47.901Z
MLB7263957340,VTK001184,d30f8800-5a49-4c1f-8cc4-2441df770754,0ba22704-b5f1-42eb-a0da-2414d94e3869,270.35,,null,43.26,ml_live,21.65,ml_live,0.08279935223578168,estimated,,,0.07,0.1,0.15,inconclusive,CUSTO_INDISPONIVEL,VORTEK-CANON-1.0-ECON-2,2026-09-06T03:49:47.901Z
MLB7263956890,VTK001167,9edd18d6-9449-438f-8b78-2bbc914b4586,26478581-6f9b-48a2-bac4-15291806d49b,164.67,,null,23.88,ml_live,21.35,ml_live,0.08279935223578168,estimated,,,0.05,0.07,0.1,inconclusive,CUSTO_INDISPONIVEL,VORTEK-CANON-1.0-ECON-2,2026-09-06T03:49:48.284Z
MLB7276493534,VTK000998,f6a5d239-73af-4f3c-a5c7-5aff5314957b,23b99ade-271d-47d0-bee8-99e00b6abe74,97,,null,10.67,ml_live,14.45,ml_live,0.08279935223578168,estimated,,,0.05,0.07,0.1,inconclusive,CUSTO_INDISPONIVEL,VORTEK-CANON-1.0-ECON-2,2026-09-06T03:49:48.282Z
MLB7298190156,VTK000267,be7e6121-f9d4-47b6-85a3-4990c26efcc0,73327b66-334f-488c-903f-44adf4577d0b,460,,null,66.7,ml_live,49.35,ml_live,0.08279935223578168,estimated,,,0.07,0.1,0.15,inconclusive,CUSTO_INDISPONIVEL,VORTEK-CANON-1.0-ECON-2,2026-09-06T03:49:49.510Z
MLB7298190138,VTK000697,f89b95cd-b9a1-48b4-9279-40415c908c27,e8d36bda-dc5b-49ab-b8de-c863cc1f7925,189,,null,24.57,ml_live,26.35,ml_live,0.08279935223578168,estimated,,,0.05,0.07,0.1,inconclusive,CUSTO_INDISPONIVEL,VORTEK-CANON-1.0-ECON-2,2026-09-06T03:49:49.508Z
MLB7298190124,VTK000298,fb644787-1d2c-4d1e-ae9f-902557e88f65,deb7b7d1-d50d-4358-b2ac-97037d6ce7fe,1459.51,,null,248.12,ml_live,107.85,ml_live,0.08279935223578168,estimated,,,0.1,0.15,0.2,inconclusive,CUSTO_INDISPONIVEL,VORTEK-CANON-1.0-ECON-2,2026-09-06T03:49:49.519Z
MLB7298190090,VTK000220,53f08285-b0ab-4ba2-8b3b-17148f848661,810ae8e7-1d1b-418a-8fb7-d3d96c075841,513.08,,null,84.66,ml_live,25.45,ml_live,0.08279935223578168,estimated,,,0.07,0.1,0.15,inconclusive,CUSTO_INDISPONIVEL,VORTEK-CANON-1.0-ECON-2,2026-09-06T03:49:49.511Z
MLB7298189922,VTK000971,a091e6e8-502d-431a-8f8b-b2094e2bb57e,5e962b19-e95a-41db-8641-05de3ecdc177,895.27,,null,161.15,ml_live,24.45,ml_live,0.08279935223578168,estimated,,,0.07,0.1,0.15,inconclusive,CUSTO_INDISPONIVEL,VORTEK-CANON-1.0-ECON-2,2026-09-06T03:49:49.944Z
MLB7298189866,VTK001378,c8641e6a-a5d8-42d5-8cde-743bd5ca3daa,f447f021-0a9c-44a2-bb24-d41b0a516db5,212.05,,null,30.75,ml_live,24.45,ml_live,0.08279935223578168,estimated,,,0.07,0.1,0.15,inconclusive,CUSTO_INDISPONIVEL,VORTEK-CANON-1.0-ECON-2,2026-09-06T03:49:49.947Z
MLB7298189836,VTK001016,20998149-ff5a-49f6-adf6-94b88d5bb4e4,fa8dde87-342d-44ac-a941-8147158e2c75,385,,null,69.3,ml_live,24.45,ml_live,0.08279935223578168,estimated,,,0.07,0.1,0.15,inconclusive,CUSTO_INDISPONIVEL,VORTEK-CANON-1.0-ECON-2,2026-09-06T03:49:49.945Z
MLB7298177166,VTK000823,3b0f5918-73fb-41f5-994d-fd915ea1c11a,e507e4af-a7e1-4558-bb5e-aafdd1458bbc,1169.87,,null,210.58,ml_live,65.85,ml_live,0.08279935223578168,estimated,,,0.1,0.15,0.2,inconclusive,CUSTO_INDISPONIVEL,VORTEK-CANON-1.0-ECON-2,2026-09-06T03:49:49.943Z
MLB7298177144,VTK000872,b2cc5c72-c272-4f41-8284-14521d9476ee,ae4fb319-6135-4dd9-975d-c5100db44ed3,1190,,null,202.3,ml_live,107.85,ml_live,0.08279935223578168,estimated,,,0.1,0.15,0.2,inconclusive,CUSTO_INDISPONIVEL,VORTEK-CANON-1.0-ECON-2,2026-09-06T03:49:50.317Z
MLB7298177102,VTK000128,2d2504d3-dbca-4435-b72e-eb28c962fdc5,4f677fad-130c-4772-b4f0-47fdb3fd9918,1879,,null,319.43,ml_live,107.95,ml_live,0.08279935223578168,estimated,,,0.1,0.15,0.2,inconclusive,CUSTO_INDISPONIVEL,VORTEK-CANON-1.0-ECON-2,2026-09-06T03:49:50.318Z
MLB7298176838,VTK001592,e8cd4c5d-b955-42fe-b992-79041f69fa4c,9c902f4e-b10f-4b12-a373-65d2a51d49ae,756,,null,124.74,ml_live,21.65,ml_live,0.08279935223578168,estimated,,,0.07,0.1,0.15,inconclusive,CUSTO_INDISPONIVEL,VORTEK-CANON-1.0-ECON-2,2026-09-06T03:49:50.315Z
MLB7298176834,VTK000675,c1fa68c4-2df3-4027-a814-c3750c16402c,8a15be33-56f2-4845-b917-37c7573e302d,654,,null,117.72,ml_live,29.25,ml_live,0.08279935223578168,estimated,,,0.07,0.1,0.15,inconclusive,CUSTO_INDISPONIVEL,VORTEK-CANON-1.0-ECON-2,2026-09-06T03:49:50.316Z
MLB7298176506,VTK000835,5d7ce9ce-7529-4225-aebc-8c19347aeb31,9f80b56a-a913-464e-a611-1721ed151ac1,305.9,,null,55.06,ml_live,24.45,ml_live,0.08279935223578168,estimated,,,0.07,0.1,0.15,inconclusive,CUSTO_INDISPONIVEL,VORTEK-CANON-1.0-ECON-2,2026-09-06T03:49:50.693Z
MLB4972532891,VTK000930,36acfdda-f51d-45c3-9429-052e175ce95a,a480c0fb-c345-4f70-afc1-23c8ea11d589,252.21,,null,45.4,ml_live,21.65,ml_live,0.08279935223578168,estimated,,,0.07,0.1,0.15,inconclusive,CUSTO_INDISPONIVEL,VORTEK-CANON-1.0-ECON-2,2026-09-06T03:49:52.136Z
MLB4972532867,VTK000781,d3880b1b-d178-42fc-9ff8-2cfafefcf7b2,1c09bf96-cf50-4dd8-83b4-6d35d7d4dd22,284.17,,null,51.15,ml_live,27.05,ml_live,0.08279935223578168,estimated,,,0.07,0.1,0.15,inconclusive,CUSTO_INDISPONIVEL,VORTEK-CANON-1.0-ECON-2,2026-09-06T03:49:52.532Z
MLB4972532855,VTK000998,f6a5d239-73af-4f3c-a5c7-5aff5314957b,c469a6bf-2dfb-4329-be51-a0fdfbed5f2f,99,,null,10.89,ml_live,14.45,ml_live,0.08279935223578168,estimated,,,0.05,0.07,0.1,inconclusive,CUSTO_INDISPONIVEL,VORTEK-CANON-1.0-ECON-2,2026-09-06T03:49:52.536Z
MLB4972470619,VTK000307,111eae7c-fbda-4905-9409-4179a2be2ffc,d71b364b-8208-4b0b-be05-a7b145548ed6,208.98,,null,37.62,ml_live,24.45,ml_live,0.08279935223578168,estimated,,,0.07,0.1,0.15,inconclusive,CUSTO_INDISPONIVEL,VORTEK-CANON-1.0-ECON-2,2026-09-06T03:49:52.539Z
MLB4971982535,VTK004093,e402a5bb-15da-41eb-b449-d6effafa046f,1bd8308e-c53e-4f28-9588-1737043e7725,1985,,null,357.3,ml_live,23.25,ml_live,0.08279935223578168,estimated,,,0.1,0.15,0.2,inconclusive,CUSTO_INDISPONIVEL,VORTEK-CANON-1.0-ECON-2,2026-09-06T03:49:52.928Z
MLB7298190186,VTK000981,c26f3caf-73d3-4aaf-9ebf-ebb2a4b03b5d,a6474e42-3f8a-48b2-8bda-24047cce9190,657.35,,null,118.32,ml_live,69.35,ml_live,0.08279935223578168,estimated,,,0.07,0.1,0.15,inconclusive,CUSTO_INDISPONIVEL,VORTEK-CANON-1.0-ECON-2,2026-09-06T03:49:54.572Z
MLB7298177214,VTK000860,a81e3e51-74bf-4099-8d2a-0589874d95be,2c355ca8-4289-4a24-8100-86f34346ab99,599,,null,98.84,ml_live,25.45,ml_live,0.08279935223578168,estimated,,,0.07,0.1,0.15,inconclusive,CUSTO_INDISPONIVEL,VORTEK-CANON-1.0-ECON-2,2026-09-06T03:49:54.566Z
MLB7298177206,VTK000127,2c2bc242-a337-4517-b6dc-2f1a809feb8c,fae34067-8d45-48b5-85a8-4c066d404d91,1879,,null,319.43,ml_live,107.95,ml_live,0.08279935223578168,estimated,,,0.1,0.15,0.2,inconclusive,CUSTO_INDISPONIVEL,VORTEK-CANON-1.0-ECON-2,2026-09-06T03:49:54.952Z
MLB4974718569,VTK000592,edb77023-ee4e-4703-bdb7-fdeed33cfb8e,856e1e65-01b6-45b0-8299-b763ec9e5f76,253.77,,null,45.68,ml_live,25.45,ml_live,0.08279935223578168,estimated,,,0.07,0.1,0.15,inconclusive,CUSTO_INDISPONIVEL,VORTEK-CANON-1.0-ECON-2,2026-09-06T03:49:54.951Z
MLB4640509095,VTK005786,e5ed867f-07a8-43c0-846c-0b4901b3fd41,45d0f2f8-ac59-4b13-bfd6-f8f755fc2043,93,,null,12.09,ml_live,14.45,ml_live,0.08279935223578168,estimated,,,0.05,0.07,0.1,inconclusive,CUSTO_INDISPONIVEL,VORTEK-CANON-1.0-ECON-2,2026-09-06T03:49:54.951Z
MLB6573141732,VTK005786,e5ed867f-07a8-43c0-846c-0b4901b3fd41,d69a09bb-f401-4ee8-8a80-3974c0842605,93,,null,12.09,ml_live,14.45,ml_live,0.08279935223578168,estimated,,,0.05,0.07,0.1,inconclusive,CUSTO_INDISPONIVEL,VORTEK-CANON-1.0-ECON-2,2026-09-06T03:49:55.544Z
MLB7305856512,VTK000839,75e48a26-36a8-48b1-978c-518241f7b083,4786e4f9-bc4b-4f8d-a173-8a53d60cc526,2358,,null,400.86,ml_live,107.95,ml_live,0.08279935223578168,estimated,,,0.1,0.15,0.2,inconclusive,CUSTO_INDISPONIVEL,VORTEK-CANON-1.0-ECON-2,2026-09-06T03:49:55.547Z
MLB4979869595,VTK000743,6cb28588-a60d-4788-a044-7a64fee18afc,fe673ab1-8d09-4146-85f2-db807151a97d,89.1,,null,10.25,ml_live,12.95,ml_live,0.08279935223578168,estimated,,,0.05,0.07,0.1,inconclusive,CUSTO_INDISPONIVEL,VORTEK-CANON-1.0-ECON-2,2026-09-06T03:49:55.540Z
MLB4976869951,VTK001396,f259cfcc-fd73-4dc0-b216-f018564fcd60,ce4a67be-1c5a-4f60-839e-a848cf091f89,178.83,,null,25.93,ml_live,21.35,ml_live,0.08279935223578168,estimated,,,0.05,0.07,0.1,inconclusive,CUSTO_INDISPONIVEL,VORTEK-CANON-1.0-ECON-2,2026-09-06T03:49:55.551Z
MLB7314824264,VTK000620,292783d9-a64a-46cd-bbd3-b389cae660e2,21f356ad-99af-41ba-b6fe-a29b24c97954,189.08,,null,34.03,ml_live,20.45,ml_live,0.08279935223578168,estimated,,,0.05,0.07,0.1,inconclusive,CUSTO_INDISPONIVEL,VORTEK-CANON-1.0-ECON-2,2026-09-06T03:49:55.929Z
MLB7314824262,VTK000854,954bdb37-d08e-40f3-b0b6-c285c27390a3,3dffed52-ad88-4d18-bdb8-a18927b38b63,365.42,,null,65.78,ml_live,29.25,ml_live,0.08279935223578168,estimated,,,0.07,0.1,0.15,inconclusive,CUSTO_INDISPONIVEL,VORTEK-CANON-1.0-ECON-2,2026-09-06T03:49:55.925Z
MLB7314824198,VTK000938,3cf8a758-8295-495b-8319-7c9f46202c3b,81712850-2ff2-4fb4-8253-51115d9c015c,169.27,,null,24.54,ml_live,24.35,ml_live,0.08279935223578168,estimated,,,0.05,0.07,0.1,inconclusive,CUSTO_INDISPONIVEL,VORTEK-CANON-1.0-ECON-2,2026-09-06T03:49:55.924Z
MLB7314824142,VTK000771,bfe7d714-125c-4629-9e04-f9757e8657fb,ca0f56ff-925b-4f35-aa28-8a5deb75413d,2866,,null,515.88,ml_live,29.25,ml_live,0.08279935223578168,estimated,,,0.1,0.15,0.2,inconclusive,CUSTO_INDISPONIVEL,VORTEK-CANON-1.0-ECON-2,2026-09-06T03:49:55.927Z
MLB7314824106,VTK001494,ea9afd32-5f0d-46f0-be98-3376b01077f6,0e86bb58-6b63-4e68-aded-9b7a32c9223d,113.4,,null,12.47,ml_live,16.85,ml_live,0.08279935223578168,estimated,,,0.05,0.07,0.1,inconclusive,CUSTO_INDISPONIVEL,VORTEK-CANON-1.0-ECON-2,2026-09-06T03:49:56.298Z
MLB7314823416,VTK000043,6e2c46f7-ed3a-4f0e-a682-420b19951e04,d0c85b5d-99c8-4136-bbef-a976487dfcc4,410.18,,null,65.63,ml_live,65.85,ml_live,0.08279935223578168,estimated,,,0.07,0.1,0.15,inconclusive,CUSTO_INDISPONIVEL,VORTEK-CANON-1.0-ECON-2,2026-09-06T03:49:56.297Z
MLB7314822944,VTK000987,d0cc9ced-5212-47d7-bd98-72198e9d9f92,25dba26c-faee-4b30-9c61-0e80983857b1,179,,null,32.22,ml_live,22.25,ml_live,0.08279935223578168,estimated,,,0.05,0.07,0.1,inconclusive,CUSTO_INDISPONIVEL,VORTEK-CANON-1.0-ECON-2,2026-09-06T03:49:56.304Z
MLB7314821064,VTK000461,9aeb4848-c152-497f-9930-3382a7f4f9c8,45ffc826-4ca0-4dc6-ba74-eab8ffd37aa1,294,,null,47.04,ml_live,45.25,ml_live,0.08279935223578168,estimated,,,0.07,0.1,0.15,inconclusive,CUSTO_INDISPONIVEL,VORTEK-CANON-1.0-ECON-2,2026-09-06T03:49:56.291Z
MLB7314821038,VTK000960,88b6ca5b-dbc0-4562-976a-7cd843bb9d6d,8aaf0eda-8035-45cd-8c7e-fc0e3d0f134a,300.04,,null,54.01,ml_live,25.45,ml_live,0.08279935223578168,estimated,,,0.07,0.1,0.15,inconclusive,CUSTO_INDISPONIVEL,VORTEK-CANON-1.0-ECON-2,2026-09-06T03:49:56.669Z
MLB7314820974,VTK000183,cb79de59-3fda-418f-83dc-cca68f4091f8,9b3ed779-356b-4e00-852b-252c806de41d,136.17,,null,22.47,ml_live,19.45,ml_live,0.08279935223578168,estimated,,,0.05,0.07,0.1,inconclusive,CUSTO_INDISPONIVEL,VORTEK-CANON-1.0-ECON-2,2026-09-06T03:49:56.674Z
MLB7314820880,VTK000212,241ac348-be67-4071-b624-5325c89dee96,a69880ca-a784-4752-88b7-c65b51437c0a,151.54,,null,21.22,ml_live,22.25,ml_live,0.08279935223578168,estimated,,,0.05,0.07,0.1,inconclusive,CUSTO_INDISPONIVEL,VORTEK-CANON-1.0-ECON-2,2026-09-06T03:49:56.672Z
MLB7314820698,VTK000842,7c6a3a63-6272-4bd0-8f1b-af9375dada82,1b92e706-d45e-4cd6-b18e-76efc6fc0d4e,1006,,null,171.02,ml_live,106.85,ml_live,0.08279935223578168,estimated,,,0.1,0.15,0.2,inconclusive,CUSTO_INDISPONIVEL,VORTEK-CANON-1.0-ECON-2,2026-09-06T03:49:57.035Z
MLB7314819622,VTK000387,e6f2f998-7ef9-438e-ab91-4c16f8b366d7,5c120baf-bea0-4a4d-ba18-6e86f0ec7ea2,357,,null,57.12,ml_live,40.85,ml_live,0.08279935223578168,estimated,,,0.07,0.1,0.15,inconclusive,CUSTO_INDISPONIVEL,VORTEK-CANON-1.0-ECON-2,2026-09-06T03:49:57.398Z
MLB7313984024,VTK000624,335fa89d-e35f-42b0-8164-b54da652feea,07d03e77-d2f8-4709-ab97-e60f43290f03,297.38,,null,53.53,ml_live,29.25,ml_live,0.08279935223578168,estimated,,,0.07,0.1,0.15,inconclusive,CUSTO_INDISPONIVEL,VORTEK-CANON-1.0-ECON-2,2026-09-06T03:49:57.403Z
MLB7313983998,VTK000858,a24b65dd-a445-4fff-8b12-140b5123ebef,37d7f187-1b15-48aa-a29e-b4687aaf8cd4,576.13,,null,103.7,ml_live,25.55,ml_live,0.08279935223578168,estimated,,,0.07,0.1,0.15,inconclusive,CUSTO_INDISPONIVEL,VORTEK-CANON-1.0-ECON-2,2026-09-06T03:49:57.404Z
MLB7313983872,VTK006566,a708d6b3-96be-4bbf-93ce-e0cffaf655de,4613f67f-4663-443c-a305-f4e8a1d6a2ef,100.26,,null,11.53,ml_live,14.95,ml_live,0.08279935223578168,estimated,,,0.05,0.07,0.1,inconclusive,CUSTO_INDISPONIVEL,VORTEK-CANON-1.0-ECON-2,2026-09-06T03:49:57.795Z
MLB7313982752,VTK000271,c4fb2130-9531-4be0-9bf7-9f8b22da69ac,680eaf6c-88cb-43f0-98e8-a56a1eb794e3,1798.34,,null,305.72,ml_live,107.95,ml_live,0.08279935223578168,estimated,,,0.1,0.15,0.2,inconclusive,CUSTO_INDISPONIVEL,VORTEK-CANON-1.0-ECON-2,2026-09-06T03:49:57.797Z
MLB7313982734,VTK000225,60bb7e44-d98f-4787-9666-c1c4f3ce97c8,5410b1a0-e811-40f4-9e7b-0d44680fae5a,112,,null,17.92,ml_live,17.15,ml_live,0.08279935223578168,estimated,,,0.05,0.07,0.1,inconclusive,CUSTO_INDISPONIVEL,VORTEK-CANON-1.0-ECON-2,2026-09-06T03:49:57.792Z
MLB7313982722,VTK000646,6742d3e6-fb62-48de-a0f6-570b50107d4b,50dd048c-17f4-4f5c-ad85-278d25fec307,246,,null,35.67,ml_live,29.25,ml_live,0.08279935223578168,estimated,,,0.07,0.1,0.15,inconclusive,CUSTO_INDISPONIVEL,VORTEK-CANON-1.0-ECON-2,2026-09-06T03:49:58.186Z
MLB7313982682,VTK000961,89e8b4a8-ed5f-4bd6-bd08-b5988fe469cd,298c8779-4eed-4474-848d-6a6bd269cc27,266.72,,null,42.68,ml_live,27.05,ml_live,0.08279935223578168,estimated,,,0.07,0.1,0.15,inconclusive,CUSTO_INDISPONIVEL,VORTEK-CANON-1.0-ECON-2,2026-09-06T03:49:58.185Z
MLB7313980906,VTK000526,38634b96-f78c-49b1-85e5-194244190e81,ae79fd11-3260-4475-813d-fb543cc4e252,685,,null,99.32,ml_live,29.25,ml_live,0.08279935223578168,estimated,,,0.07,0.1,0.15,inconclusive,CUSTO_INDISPONIVEL,VORTEK-CANON-1.0-ECON-2,2026-09-06T03:49:58.575Z
MLB7313980754,VTK001133,5ae0a966-eb6b-424b-8044-6c1f416dcba1,ee04ab76-f748-4b0f-876c-645f34e2a255,647,,null,103.52,ml_live,40.85,ml_live,0.08279935223578168,estimated,,,0.07,0.1,0.15,inconclusive,CUSTO_INDISPONIVEL,VORTEK-CANON-1.0-ECON-2,2026-09-06T03:49:58.575Z
MLB7313980728,VTK000648,68d1c386-d864-4353-af28-b62759b6510e,ad6d27fc-a19f-44ee-b1c7-2e79b513fac5,1220,,null,219.6,ml_live,65.85,ml_live,0.08279935223578168,estimated,,,0.1,0.15,0.2,inconclusive,CUSTO_INDISPONIVEL,VORTEK-CANON-1.0-ECON-2,2026-09-06T03:49:58.573Z
MLB7313980650,VTK000172,a54d5d9c-167e-4d58-a1df-5ae192291b35,59701574-efee-4ef4-aced-98b9f86bd7a5,139.93,,null,18.19,ml_live,16.95,ml_live,0.08279935223578168,estimated,,,0.05,0.07,0.1,inconclusive,CUSTO_INDISPONIVEL,VORTEK-CANON-1.0-ECON-2,2026-09-06T03:49:58.574Z
MLB7313979704,VTK001296,f7888372-d5b1-4396-9871-d449af20a689,a14a148d-22a6-42a4-9eee-930d43760cc3,1514.79,,null,249.94,ml_live,65.85,ml_live,0.08279935223578168,estimated,,,0.1,0.15,0.2,inconclusive,CUSTO_INDISPONIVEL,VORTEK-CANON-1.0-ECON-2,2026-09-06T03:49:58.986Z
MLB7313979666,VTK000665,983e7503-f25d-4055-af38-e49171daa3fc,419beddb-be66-458b-a840-743213dd9d15,2221.38,,null,366.53,ml_live,25.45,ml_live,0.08279935223578168,estimated,,,0.1,0.15,0.2,inconclusive,CUSTO_INDISPONIVEL,VORTEK-CANON-1.0-ECON-2,2026-09-06T03:49:58.981Z
MLB7313979356,VTK000657,82ed2116-bf7f-420f-8c6d-4f2900a59c24,21b12bcb-780e-4c1d-9873-a0fa9f88facd,324.58,,null,58.42,ml_live,24.45,ml_live,0.08279935223578168,estimated,,,0.07,0.1,0.15,inconclusive,CUSTO_INDISPONIVEL,VORTEK-CANON-1.0-ECON-2,2026-09-06T03:49:59.000Z
MLB7313979300,VTK004842,68392446-5efb-4158-9bd6-89906a9dc0d4,b2e0a18d-fb14-46b8-ba70-df83e677483d,214.68,,null,34.35,ml_live,29.25,ml_live,0.08279935223578168,estimated,,,0.07,0.1,0.15,inconclusive,CUSTO_INDISPONIVEL,VORTEK-CANON-1.0-ECON-2,2026-09-06T03:49:59.360Z
MLB7313975450,VTK004349,6e5e1934-8ca3-4144-9a97-762fad070d1c,9634d69f-f6d4-4a7e-badb-d84225b9b38d,91.9,,null,11.95,ml_live,12.95,ml_live,0.08279935223578168,estimated,,,0.05,0.07,0.1,inconclusive,CUSTO_INDISPONIVEL,VORTEK-CANON-1.0-ECON-2,2026-09-06T03:49:59.357Z
MLB7313975346,VTK000649,6aa099d2-3ceb-4530-9da2-9f90b68c7c05,b5340fd8-4e7a-42d4-a006-25a5f95a6f48,201,,null,36.18,ml_live,25.45,ml_live,0.08279935223578168,estimated,,,0.07,0.1,0.15,inconclusive,CUSTO_INDISPONIVEL,VORTEK-CANON-1.0-ECON-2,2026-09-06T03:49:59.363Z
MLB7313973114,VTK001561,805fc02b-958d-41d5-9b70-83531f8d1c9f,ef54eb72-8c2c-4b67-9495-f3a790866a08,446,,null,64.67,ml_live,25.55,ml_live,0.08279935223578168,estimated,,,0.07,0.1,0.15,inconclusive,CUSTO_INDISPONIVEL,VORTEK-CANON-1.0-ECON-2,2026-09-06T03:49:59.353Z
MLB7313973044,VTK001244,648705d7-8cd3-473c-9377-b8dda40f2c66,441d39b5-0a1f-4d5c-a2ef-2936817cc28f,194,,null,27.16,ml_live,21.35,ml_live,0.08279935223578168,estimated,,,0.05,0.07,0.1,inconclusive,CUSTO_INDISPONIVEL,VORTEK-CANON-1.0-ECON-2,2026-09-06T03:49:59.721Z
MLB7313973014,VTK000325,3d0d1af2-1db1-4bed-80e6-3f0475ddf506,8edb843d-ea73-46d8-8ea5-516a89888332,292.07,,null,46.73,ml_live,40.85,ml_live,0.08279935223578168,estimated,,,0.07,0.1,0.15,inconclusive,CUSTO_INDISPONIVEL,VORTEK-CANON-1.0-ECON-2,2026-09-06T03:49:59.727Z
MLB7313972630,VTK000195,f076fba8-1387-4bf9-acb3-cf6a8c98b45b,3041b0d0-6a9e-41e6-bfa6-238f75f25f16,102.25,,null,13.29,ml_live,14.95,ml_live,0.08279935223578168,estimated,,,0.05,0.07,0.1,inconclusive,CUSTO_INDISPONIVEL,VORTEK-CANON-1.0-ECON-2,2026-09-06T03:49:59.722Z
MLB7313972430,VTK001213,2281fdc1-d590-42a8-8cc9-aa1fa82cc9f8,37dadb7d-f9ca-45c1-9659-6903db293167,1265,,null,208.72,ml_live,70.95,ml_live,0.08279935223578168,estimated,,,0.1,0.15,0.2,inconclusive,CUSTO_INDISPONIVEL,VORTEK-CANON-1.0-ECON-2,2026-09-06T03:49:59.721Z
MLB7313972420,VTK001365,9ebed057-373c-4d6b-a242-d5d78c88fe0d,308c3631-5cc5-4586-b2e0-d8b0a5a465d0,414.85,,null,74.67,ml_live,29.25,ml_live,0.08279935223578168,estimated,,,0.07,0.1,0.15,inconclusive,CUSTO_INDISPONIVEL,VORTEK-CANON-1.0-ECON-2,2026-09-06T03:50:00.148Z
MLB7313972272,VTK001003,04e54ceb-1cad-4177-8ed5-6948301d7ca8,99ecaac0-32ad-44a6-8329-404a770ba82c,2711,,null,487.98,ml_live,24.45,ml_live,0.08279935223578168,estimated,,,0.1,0.15,0.2,inconclusive,CUSTO_INDISPONIVEL,VORTEK-CANON-1.0-ECON-2,2026-09-06T03:50:00.148Z
MLB7313972062,VTK006494,f5c0cfe0-0477-4f7e-8d58-31b8300c6935,46259ea1-90ea-422b-9afd-52a73b359c01,268,,null,42.88,ml_live,29.25,ml_live,0.08279935223578168,estimated,,,0.07,0.1,0.15,inconclusive,CUSTO_INDISPONIVEL,VORTEK-CANON-1.0-ECON-2,2026-09-06T03:50:00.734Z
MLB4981706295,VTK000873,b82cc89a-1c69-46f9-9634-8b654c59aef9,6d89ddc0-e694-40eb-9c00-b850b2ac9b51,213,,null,29.82,ml_live,40.85,ml_live,0.08279935223578168,estimated,,,0.07,0.1,0.15,inconclusive,CUSTO_INDISPONIVEL,VORTEK-CANON-1.0-ECON-2,2026-09-06T03:50:01.121Z
MLB4981705625,VTK001295,f702510c-1e96-4fe8-90b2-16eb233f5332,a040c7f0-90d8-4179-8f67-ad690587546c,250.32,,null,35.04,ml_live,23.25,ml_live,0.08279935223578168,estimated,,,0.07,0.1,0.15,inconclusive,CUSTO_INDISPONIVEL,VORTEK-CANON-1.0-ECON-2,2026-09-06T03:50:01.116Z
MLB4981705495,VTK001164,98b32c21-1aff-4225-a225-1c98cc5bf17b,c29d5528-54f9-41b6-8265-e875d5c3a2f6,315,,null,45.68,ml_live,23.25,ml_live,0.08279935223578168,estimated,,,0.07,0.1,0.15,inconclusive,CUSTO_INDISPONIVEL,VORTEK-CANON-1.0-ECON-2,2026-09-06T03:50:01.727Z
MLB4981705481,VTK000340,56c0a841-5eed-4cd8-b459-fa286ed7d7bc,e6fba859-4c3b-4909-bddf-4e56aa954b9f,129.09,,null,14.85,ml_live,16.95,ml_live,0.08279935223578168,estimated,,,0.05,0.07,0.1,inconclusive,CUSTO_INDISPONIVEL,VORTEK-CANON-1.0-ECON-2,2026-09-06T03:50:01.727Z
MLB4981703181,VTK000717,28227fb3-bc53-425d-b203-bb197d48e951,1bf69878-a486-4984-a8a3-5d6a4128f716,86.64,,null,9.96,ml_live,12.95,ml_live,0.08279935223578168,estimated,,,0.05,0.07,0.1,inconclusive,CUSTO_INDISPONIVEL,VORTEK-CANON-1.0-ECON-2,2026-09-06T03:50:01.735Z
MLB4981703093,VTK000720,33d2fefe-c484-4f14-bc5d-5ed4776cf076,f697f05b-a76b-4368-8d19-0b5b81543953,154.39,,null,22.39,ml_live,21.35,ml_live,0.08279935223578168,estimated,,,0.05,0.07,0.1,inconclusive,CUSTO_INDISPONIVEL,VORTEK-CANON-1.0-ECON-2,2026-09-06T03:50:02.291Z
MLB4981703053,VTK000963,8bf6b22a-3a7a-49d6-b415-b711a573c720,25ea9501-7b12-4cc6-8ded-eac120fd320f,394.96,,null,71.09,ml_live,24.45,ml_live,0.08279935223578168,estimated,,,0.07,0.1,0.15,inconclusive,CUSTO_INDISPONIVEL,VORTEK-CANON-1.0-ECON-2,2026-09-06T03:50:02.304Z
MLB4981702907,VTK001103,072a61f7-9fa6-4e8e-86e6-12cbca60d275,195c3946-ac60-44f8-b408-b5d026eca46b,1508.36,,null,248.88,ml_live,69.35,ml_live,0.08279935223578168,estimated,,,0.1,0.15,0.2,inconclusive,CUSTO_INDISPONIVEL,VORTEK-CANON-1.0-ECON-2,2026-09-06T03:50:02.292Z
MLB4981702753,VTK001310,0fcf1ccc-15c8-43d4-a5a2-3cf3219ff779,ae14d091-fe5c-4302-bd4c-8d8e1d9dea5b,2149.55,,null,354.68,ml_live,40.85,ml_live,0.08279935223578168,estimated,,,0.1,0.15,0.2,inconclusive,CUSTO_INDISPONIVEL,VORTEK-CANON-1.0-ECON-2,2026-09-06T03:50:02.296Z
MLB4981702585,VTK003585,ce3e0ed7-6382-4c4a-9423-9d2dbee92b0a,d6930d06-bba4-4d70-b801-8ddd2d67bbcf,268,,null,48.24,ml_live,24.45,ml_live,0.08279935223578168,estimated,,,0.07,0.1,0.15,inconclusive,CUSTO_INDISPONIVEL,VORTEK-CANON-1.0-ECON-2,2026-09-06T03:50:02.682Z
MLB4981702463,VTK004003,06836c15-41ef-430c-a2d3-02693b9d7a1a,6f3d50f5-8083-4cee-970e-4e3660466232,2715.29,,null,488.75,ml_live,24.45,ml_live,0.08279935223578168,estimated,,,0.1,0.15,0.2,inconclusive,CUSTO_INDISPONIVEL,VORTEK-CANON-1.0-ECON-2,2026-09-06T03:50:02.669Z
MLB4981702415,VTK000551,6b34cbed-decc-4e2e-a055-65ee1163fe8f,ea2b074a-b9fd-4c52-a7cf-9a564b9380b0,369.21,,null,66.46,ml_live,25.55,ml_live,0.08279935223578168,estimated,,,0.07,0.1,0.15,inconclusive,CUSTO_INDISPONIVEL,VORTEK-CANON-1.0-ECON-2,2026-09-06T03:50:02.683Z
MLB4981702351,VTK000808,0ff08054-96e6-4c21-8a85-772f539cd4f8,3cd8cbd8-cec6-4ca3-b487-2bf40b9d6112,2501,,null,425.17,ml_live,107.95,ml_live,0.08279935223578168,estimated,,,0.1,0.15,0.2,inconclusive,CUSTO_INDISPONIVEL,VORTEK-CANON-1.0-ECON-2,2026-09-06T03:50:03.056Z
MLB4981702293,VTK006419,30af83ab-af55-4ff4-abd1-31c2e96f4e55,118dafa3-866d-40df-9f17-b6b9184b8f7c,333.94,,null,53.43,ml_live,25.55,ml_live,0.08279935223578168,estimated,,,0.07,0.1,0.15,inconclusive,CUSTO_INDISPONIVEL,VORTEK-CANON-1.0-ECON-2,2026-09-06T03:50:03.057Z
MLB4981700575,VTK000888,e60ab683-2580-4f30-8b57-f97c4e0c179e,7c465d76-2219-4c26-bb7f-22eb77d278b9,669.35,,null,120.48,ml_live,27.05,ml_live,0.08279935223578168,estimated,,,0.07,0.1,0.15,inconclusive,CUSTO_INDISPONIVEL,VORTEK-CANON-1.0-ECON-2,2026-09-06T03:50:03.055Z
MLB4981698849,VTK000840,78643592-adbc-4e69-861d-be2a1f4152a3,d440d728-4454-4fe0-ab30-785c328ffd66,686,,null,123.48,ml_live,50.75,ml_live,0.08279935223578168,estimated,,,0.07,0.1,0.15,inconclusive,CUSTO_INDISPONIVEL,VORTEK-CANON-1.0-ECON-2,2026-09-06T03:50:03.066Z
MLB7322687094,VTK000706,1750dd3f-8b94-426f-a358-7e6c6788a976,6a7f1d02-352b-45f0-b0c5-fdf4c00a1cf4,1111,,null,199.98,ml_live,65.85,ml_live,0.08279935223578168,estimated,,,0.1,0.15,0.2,inconclusive,CUSTO_INDISPONIVEL,VORTEK-CANON-1.0-ECON-2,2026-09-06T03:50:03.904Z
MLB7322680084,VTK001318,24b72799-ff7c-4d90-ae5f-3541084a7cc5,d9910145-8ee2-46ce-80e9-abdd287aeb71,1042,,null,177.14,ml_live,27.05,ml_live,0.08279935223578168,estimated,,,0.1,0.15,0.2,inconclusive,CUSTO_INDISPONIVEL,VORTEK-CANON-1.0-ECON-2,2026-09-06T03:50:03.896Z
MLB7320340896,VTK006535,5e083203-a739-4a2e-81d0-cd959915b0c9,847cb6f2-2359-4f68-8ec7-bb13886a9206,100.26,,null,11.53,ml_live,14.95,ml_live,0.08279935223578168,estimated,,,0.05,0.07,0.1,inconclusive,CUSTO_INDISPONIVEL,VORTEK-CANON-1.0-ECON-2,2026-09-06T03:50:04.301Z
MLB7320340706,VTK000315,22681cfc-c5aa-4bde-bb37-1b3adb1e47e8,d0238e78-f2fe-4270-b49f-37f3ac7fa882,357,,null,57.12,ml_live,40.85,ml_live,0.08279935223578168,estimated,,,0.07,0.1,0.15,inconclusive,CUSTO_INDISPONIVEL,VORTEK-CANON-1.0-ECON-2,2026-09-06T03:50:04.301Z
MLB7320340348,VTK006540,7058ceb4-46c7-4b49-a239-b4765d0e086d,cc90c88b-722a-48aa-814b-4fdd5a23e1f4,599.48,,null,95.92,ml_live,25.55,ml_live,0.08279935223578168,estimated,,,0.07,0.1,0.15,inconclusive,CUSTO_INDISPONIVEL,VORTEK-CANON-1.0-ECON-2,2026-09-06T03:50:04.300Z
MLB7320340116,VTK000344,5e00854e-185c-41b8-8a8c-6c9694f0252f,504f68c1-4a06-499c-b692-5dd8cd7bd689,1739.06,,null,295.64,ml_live,107.85,ml_live,0.08279935223578168,estimated,,,0.1,0.15,0.2,inconclusive,CUSTO_INDISPONIVEL,VORTEK-CANON-1.0-ECON-2,2026-09-06T03:50:04.301Z
MLB7317390010,VTK000328,4123f0f1-47f8-4336-b657-08d9058bfed9,891762aa-6520-4a00-afbc-cd309718352a,292.07,,null,46.73,ml_live,40.85,ml_live,0.08279935223578168,estimated,,,0.07,0.1,0.15,inconclusive,CUSTO_INDISPONIVEL,VORTEK-CANON-1.0-ECON-2,2026-09-06T03:50:04.669Z
MLB7317390008,VTK000326,3e7f098f-01fe-4e1f-a268-f252182436ec,3f862880-d6ed-47e5-8f69-983147bbb093,357,,null,57.12,ml_live,40.85,ml_live,0.08279935223578168,estimated,,,0.07,0.1,0.15,inconclusive,CUSTO_INDISPONIVEL,VORTEK-CANON-1.0-ECON-2,2026-09-06T03:50:04.671Z
MLB7317387478,VTK000334,49a52d6d-d915-4c2a-ba70-c81f8a2ba292,c6665979-70e3-4577-b86a-d02e14b53253,357,,null,57.12,ml_live,40.85,ml_live,0.08279935223578168,estimated,,,0.07,0.1,0.15,inconclusive,CUSTO_INDISPONIVEL,VORTEK-CANON-1.0-ECON-2,2026-09-06T03:50:04.669Z
MLB7317386734,VTK000139,3fe67c1c-d60a-4770-8348-b1c7ca8f6d91,531c6346-65eb-4909-99f7-f04477f787ad,860,,null,141.9,ml_live,49.35,ml_live,0.08279935223578168,estimated,,,0.07,0.1,0.15,inconclusive,CUSTO_INDISPONIVEL,VORTEK-CANON-1.0-ECON-2,2026-09-06T03:50:04.668Z
MLB7317385230,VTK001361,9a6ce243-8e06-4974-8c32-b517681436ae,79beb728-9d34-42ea-a737-054367796085,1193,,null,196.84,ml_live,70.95,ml_live,0.08279935223578168,estimated,,,0.1,0.15,0.2,inconclusive,CUSTO_INDISPONIVEL,VORTEK-CANON-1.0-ECON-2,2026-09-06T03:50:05.051Z
MLB7317385152,VTK004377,c839f9aa-deab-4c80-9b86-eec065272c9d,2b3e6e76-d0cd-4640-a4da-e024212895a6,2750.48,,null,495.09,ml_live,24.45,ml_live,0.08279935223578168,estimated,,,0.1,0.15,0.2,inconclusive,CUSTO_INDISPONIVEL,VORTEK-CANON-1.0-ECON-2,2026-09-06T03:50:05.044Z
MLB7317384130,VTK002541,7ec1f8ab-17ff-437c-a08d-6f29cd73bb21,c6cc5424-9de5-4be0-a3ab-1fd0203ae291,1039,,null,171.44,ml_live,69.35,ml_live,0.08279935223578168,estimated,,,0.1,0.15,0.2,inconclusive,CUSTO_INDISPONIVEL,VORTEK-CANON-1.0-ECON-2,2026-09-06T03:50:05.046Z
MLB7317383936,VTK006410,1051f6f0-9c2c-4f24-af49-3483fbee6c85,63d49071-ff62-4c6a-9e6e-12bf0d626581,234.59,,null,37.53,ml_live,25.45,ml_live,0.08279935223578168,estimated,,,0.07,0.1,0.15,inconclusive,CUSTO_INDISPONIVEL,VORTEK-CANON-1.0-ECON-2,2026-09-06T03:50:05.420Z
MLB7316881362,VTK000895,f44d79c1-2013-412a-81d9-c40d2db93b64,9713779f-ab4b-4e35-9fc6-80ce6ba2fcfa,2997.09,,null,509.51,ml_live,107.95,ml_live,0.08279935223578168,estimated,,,0.1,0.15,0.2,inconclusive,CUSTO_INDISPONIVEL,VORTEK-CANON-1.0-ECON-2,2026-09-06T03:50:05.416Z
MLB7316880310,VTK005822,4fb9a905-77ed-41a5-9f3b-8a11585abf3f,d566e2a6-1154-4bd5-a1c2-b14721cdb7d4,748.84,,null,123.56,ml_live,70.95,ml_live,0.08279935223578168,estimated,,,0.07,0.1,0.15,inconclusive,CUSTO_INDISPONIVEL,VORTEK-CANON-1.0-ECON-2,2026-09-06T03:50:05.417Z
MLB7316880274,VTK000525,2fb42667-6c79-45cd-8692-bdad28cb123f,a60f61d7-4744-49f5-b6cc-d10bba4d725c,1879,,null,319.43,ml_live,107.95,ml_live,0.08279935223578168,estimated,,,0.1,0.15,0.2,inconclusive,CUSTO_INDISPONIVEL,VORTEK-CANON-1.0-ECON-2,2026-09-06T03:50:05.845Z
MLB7316880232,VTK003861,a4e503bd-3c2d-4a8a-b392-20dbd40e1e9c,d0122c1f-ecd0-44f3-a223-96a35dede061,155.15,,null,27.93,ml_live,21.35,ml_live,0.08279935223578168,estimated,,,0.05,0.07,0.1,inconclusive,CUSTO_INDISPONIVEL,VORTEK-CANON-1.0-ECON-2,2026-09-06T03:50:05.861Z
MLB7316880078,VTK005811,21f52c60-7125-4f0f-95cd-c51f99b5b573,caf067d8-d5a5-4873-9888-f0f68c58f220,131,,null,23.58,ml_live,18.15,ml_live,0.08279935223578168,estimated,,,0.05,0.07,0.1,inconclusive,CUSTO_INDISPONIVEL,VORTEK-CANON-1.0-ECON-2,2026-09-06T03:50:05.844Z
MLB7316879806,VTK000165,9b21cd91-f3d4-45ec-8c6c-5fee6566b6a6,7ae3fd1f-7ca8-406f-b325-00a5c71dbaee,1545,,null,262.65,ml_live,107.95,ml_live,0.08279935223578168,estimated,,,0.1,0.15,0.2,inconclusive,CUSTO_INDISPONIVEL,VORTEK-CANON-1.0-ECON-2,2026-09-06T03:50:06.226Z
MLB7316879712,VTK006522,2dfdc686-8ba4-46c6-a501-00f310bd55f4,3eb9e90c-3f4a-4e41-a5af-8f9115f0923d,486.24,,null,77.8,ml_live,70.95,ml_live,0.08279935223578168,estimated,,,0.07,0.1,0.15,inconclusive,CUSTO_INDISPONIVEL,VORTEK-CANON-1.0-ECON-2,2026-09-06T03:50:06.226Z
MLB7316879600,VTK004387,e4c9c312-d96c-45d0-951c-c598f83b39c1,7db8534a-7a4e-4322-9dd7-2881cd9ecc35,142.97,,null,23.59,ml_live,19.05,ml_live,0.08279935223578168,estimated,,,0.05,0.07,0.1,inconclusive,CUSTO_INDISPONIVEL,VORTEK-CANON-1.0-ECON-2,2026-09-06T03:50:06.224Z
MLB7316879196,VTK004359,8b2990b1-2706-407f-b09e-fb399473b858,1120de1a-8e8f-409f-8373-02a9cabbe17d,274.78,,null,43.96,ml_live,40.85,ml_live,0.08279935223578168,estimated,,,0.07,0.1,0.15,inconclusive,CUSTO_INDISPONIVEL,VORTEK-CANON-1.0-ECON-2,2026-09-06T03:50:06.603Z
MLB7316878842,VTK000641,5d5ce47a-a46c-4e7b-9568-6e406a79221a,1efcf436-85c8-498c-b5cc-30f02cf96032,2035.9,,null,366.46,ml_live,75.65,ml_live,0.08279935223578168,estimated,,,0.1,0.15,0.2,inconclusive,CUSTO_INDISPONIVEL,VORTEK-CANON-1.0-ECON-2,2026-09-06T03:50:06.595Z
MLB7316878818,VTK000668,a82b44ba-9edf-4692-bb78-9278236d5c85,5c8218e8-618b-4290-86f3-1072525e41b5,206.65,,null,37.2,ml_live,27.05,ml_live,0.08279935223578168,estimated,,,0.07,0.1,0.15,inconclusive,CUSTO_INDISPONIVEL,VORTEK-CANON-1.0-ECON-2,2026-09-06T03:50:06.596Z
MLB7316878600,VTK000349,75822adf-d62e-4103-ad1c-23af7c68cd1c,13785ef8-8a6f-4ede-b11c-533ae922014f,357,,null,57.12,ml_live,40.85,ml_live,0.08279935223578168,estimated,,,0.07,0.1,0.15,inconclusive,CUSTO_INDISPONIVEL,VORTEK-CANON-1.0-ECON-2,2026-09-06T03:50:06.601Z
MLB4988489695,VTK001459,9091f8fb-1f08-4df9-8529-b913966ab3d3,ff8a0668-fde9-4520-b68e-b6435a9fc97b,2576.29,,null,463.73,ml_live,29.25,ml_live,0.08279935223578168,estimated,,,0.1,0.15,0.2,inconclusive,CUSTO_INDISPONIVEL,VORTEK-CANON-1.0-ECON-2,2026-09-06T03:50:06.969Z
MLB4988488561,VTK000427,39b24530-7d83-416f-9dc6-ccf1a02c8d40,df7d844e-a7cf-4cef-a06c-664345063c72,316.33,,null,56.94,ml_live,,unknown,0.08279935223578168,estimated,,,0.07,0.1,0.15,inconclusive,INCONCLUSIVO_FONTE_ML_INDISPONIVEL;CUSTO_INDISPONIVEL;FRETE_INDISPONIVEL,VORTEK-CANON-1.0-ECON-2,2026-09-06T03:50:06.970Z
MLB4988014439,VTK001382,d41725eb-a2a5-40cc-973f-ab426fc3d7d9,9fcdffdb-40e9-402c-9451-aff1265bad1c,1417.39,,null,226.78,ml_live,27.05,ml_live,0.08279935223578168,estimated,,,0.1,0.15,0.2,inconclusive,CUSTO_INDISPONIVEL,VORTEK-CANON-1.0-ECON-2,2026-09-06T03:50:06.968Z
MLB4987962289,VTK000933,37b81a79-99e6-4545-85ad-3efed7c253f3,eefa62c9-894a-481f-8ec8-7d76ebae07bc,1583.28,,null,253.32,ml_live,161.78,ml_live,0.08279935223578168,estimated,,,0.1,0.15,0.2,inconclusive,CUSTO_INDISPONIVEL,VORTEK-CANON-1.0-ECON-2,2026-09-06T03:50:07.349Z
MLB4987962261,VTK006482,dab33498-5d56-4374-98e4-d0f5a12ce165,d6d2a5d8-4ebb-4fe2-9720-4812554d8f70,433.94,,null,69.43,ml_live,25.55,ml_live,0.08279935223578168,estimated,,,0.07,0.1,0.15,inconclusive,CUSTO_INDISPONIVEL,VORTEK-CANON-1.0-ECON-2,2026-09-06T03:50:07.347Z
MLB4987960471,VTK000102,00a09bab-8391-4eb2-8c21-823941b633bd,31b217cb-e3e8-41be-b1be-4714d062c50f,472.1,,null,84.98,ml_live,25.55,ml_live,0.08279935223578168,estimated,,,0.07,0.1,0.15,inconclusive,CUSTO_INDISPONIVEL,VORTEK-CANON-1.0-ECON-2,2026-09-06T03:50:07.348Z
MLB4987959723,VTK000609,123e70d5-dd80-4743-9530-b97d2c88e505,eeae2d3e-fe61-4bc0-adb3-c27f0ce17502,268,,null,48.24,ml_live,24.45,ml_live,0.08279935223578168,estimated,,,0.07,0.1,0.15,inconclusive,CUSTO_INDISPONIVEL,VORTEK-CANON-1.0-ECON-2,2026-09-06T03:50:07.355Z
MLB4986647501,VTK000652,755f3a5e-ec0b-4498-8dd6-75887e7ec9e3,a1b42b0f-0896-481e-9a2b-ae622b254fe8,179.91,,null,29.69,ml_live,19.05,ml_live,0.08279935223578168,estimated,,,0.05,0.07,0.1,inconclusive,CUSTO_INDISPONIVEL,VORTEK-CANON-1.0-ECON-2,2026-09-06T03:50:07.736Z
MLB4986647317,VTK001827,3cd656c0-0188-4204-9bf2-765acfa0fc74,b89c8142-030a-405c-b6c9-f8c489de238d,788.06,,null,130.03,ml_live,50.75,ml_live,0.08279935223578168,estimated,,,0.07,0.1,0.15,inconclusive,CUSTO_INDISPONIVEL,VORTEK-CANON-1.0-ECON-2,2026-09-06T03:50:07.729Z
MLB4986647209,VTK000852,91386672-dcb2-43b5-96cd-a93cca3760ca,65000398-d620-45e6-8667-87d873d0fb8a,2255,,null,383.35,ml_live,107.95,ml_live,0.08279935223578168,estimated,,,0.1,0.15,0.2,inconclusive,CUSTO_INDISPONIVEL,VORTEK-CANON-1.0-ECON-2,2026-09-06T03:50:07.727Z
MLB7331666460,VTK000427,39b24530-7d83-416f-9dc6-ccf1a02c8d40,94d15f3e-8bd2-4f66-b96f-b125807d3d04,316.33,,null,56.94,ml_live,,unknown,0.08279935223578168,estimated,,,0.07,0.1,0.15,inconclusive,INCONCLUSIVO_FONTE_ML_INDISPONIVEL;CUSTO_INDISPONIVEL;FRETE_INDISPONIVEL,VORTEK-CANON-1.0-ECON-2,2026-09-06T03:50:09.127Z
MLB7330546720,VTK000991,df1434a4-8de7-477d-ae87-fd7316763dda,7b864433-8ebf-43eb-9963-1c1c360ebdac,84.34,,null,9.7,ml_live,14.45,ml_live,0.08279935223578168,estimated,,,0.05,0.07,0.1,inconclusive,CUSTO_INDISPONIVEL,VORTEK-CANON-1.0-ECON-2,2026-09-06T03:50:09.513Z
MLB7330546652,VTK000814,16add56a-8678-4a8a-8d9b-67778c9f7f62,9ef17740-e4d4-4aae-9377-cc10bee623b2,2270,,null,385.9,ml_live,107.95,ml_live,0.08279935223578168,estimated,,,0.1,0.15,0.2,inconclusive,CUSTO_INDISPONIVEL,VORTEK-CANON-1.0-ECON-2,2026-09-06T03:50:09.509Z
MLB7330546578,VTK000976,ab1a218f-de7e-4e70-9f6f-4665977bb0f1,8a71257f-1431-4b63-b2c5-858ea63e5fe8,171.35,,null,30.84,ml_live,29.25,ml_live,0.08279935223578168,estimated,,,0.05,0.07,0.1,inconclusive,CUSTO_INDISPONIVEL,VORTEK-CANON-1.0-ECON-2,2026-09-06T03:50:09.512Z
MLB7330399918,VTK000863,ae3f7db1-c824-4fd1-b236-df57a8b68f03,1a47df4c-dc98-4f4b-93f4-0f3d8185b4a2,2368,,null,402.56,ml_live,107.95,ml_live,0.08279935223578168,estimated,,,0.1,0.15,0.2,inconclusive,CUSTO_INDISPONIVEL,VORTEK-CANON-1.0-ECON-2,2026-09-06T03:50:09.509Z
MLB7330399736,VTK000160,93f2c032-852e-4c7e-9051-12500b5e68cb,eee96d3f-3923-4c5e-89fa-2375ea2cc9b4,765.28,,null,126.27,ml_live,49.35,ml_live,0.08279935223578168,estimated,,,0.07,0.1,0.15,inconclusive,CUSTO_INDISPONIVEL,VORTEK-CANON-1.0-ECON-2,2026-09-06T03:50:09.875Z
MLB7330399396,VTK011958,d25d0691-4547-4f1e-8165-0bcc35c210e5,d1771cb6-94b5-458a-8315-1e651a716d47,911,,null,145.76,ml_live,70.95,ml_live,0.08279935223578168,estimated,,,0.07,0.1,0.15,inconclusive,CUSTO_INDISPONIVEL,VORTEK-CANON-1.0-ECON-2,2026-09-06T03:50:09.873Z
MLB7330399058,VTK000940,3f3d89e4-1f44-478c-9054-dae20ba2dc93,9770a76c-0ea0-4db3-8f72-9e3822e36375,246.65,,null,39.46,ml_live,24.45,ml_live,0.08279935223578168,estimated,,,0.07,0.1,0.15,inconclusive,CUSTO_INDISPONIVEL,VORTEK-CANON-1.0-ECON-2,2026-09-06T03:50:09.878Z
MLB7330398912,VTK000760,a0f3ff88-cf19-4045-b0ac-32e8edd5f965,8040f4e7-4ae6-4f4c-ae13-35a12ff8d9e2,2018.75,,null,343.19,ml_live,107.95,ml_live,0.08279935223578168,estimated,,,0.1,0.15,0.2,inconclusive,CUSTO_INDISPONIVEL,VORTEK-CANON-1.0-ECON-2,2026-09-06T03:50:10.246Z
MLB7330397762,VTK006470,a1a1fb99-3049-422c-a552-1dccad425768,7e53c69d-d043-4dc3-846b-593b0b2b1ce0,352.31,,null,56.37,ml_live,25.55,ml_live,0.08279935223578168,estimated,,,0.07,0.1,0.15,inconclusive,CUSTO_INDISPONIVEL,VORTEK-CANON-1.0-ECON-2,2026-09-06T03:50:10.247Z
MLB7330397482,VTK001389,e2541492-8b14-4ecf-abbc-d7ba188b596a,b0baff48-c680-4158-817c-978cbf76873a,1683.93,,null,277.85,ml_live,40.85,ml_live,0.08279935223578168,estimated,,,0.1,0.15,0.2,inconclusive,CUSTO_INDISPONIVEL,VORTEK-CANON-1.0-ECON-2,2026-09-06T03:50:10.252Z
MLB7330397272,VTK001362,9d6e530e-d538-4b94-b0f1-4d7d7e22e35e,c71f5865-f494-46aa-a135-2b426ee26ce9,1297.34,,null,214.06,ml_live,75.65,ml_live,0.08279935223578168,estimated,,,0.1,0.15,0.2,inconclusive,CUSTO_INDISPONIVEL,VORTEK-CANON-1.0-ECON-2,2026-09-06T03:50:10.688Z
MLB7330396952,VTK001206,0ef5286f-66ce-4116-a845-5f3ef6513de5,03ea174e-4ac6-4ae3-9547-eecee56d4f5a,598,,null,95.68,ml_live,25.55,ml_live,0.08279935223578168,estimated,,,0.07,0.1,0.15,inconclusive,CUSTO_INDISPONIVEL,VORTEK-CANON-1.0-ECON-2,2026-09-06T03:50:10.692Z
MLB7330396518,VTK001106,0c0f5555-0d97-4ee2-b6b8-e9da27a3d6e4,084bf2d1-f1df-462b-ad66-8d58d2a27e5a,1191,,null,196.52,ml_live,65.85,ml_live,0.08279935223578168,estimated,,,0.1,0.15,0.2,inconclusive,CUSTO_INDISPONIVEL,VORTEK-CANON-1.0-ECON-2,2026-09-06T03:50:10.684Z
MLB7330396490,VTK004438,5a7ecdf6-b2fa-490d-b7d1-4e5968c49a5c,d40a6e78-8645-4e1a-afa8-571a46ef59fd,614.28,,null,98.28,ml_live,24.45,ml_live,0.08279935223578168,estimated,,,0.07,0.1,0.15,inconclusive,CUSTO_INDISPONIVEL,VORTEK-CANON-1.0-ECON-2,2026-09-06T03:50:11.057Z
MLB7330396370,VTK000698,f98d6e92-43dd-498b-8483-5a18c1e0e962,5a6e7b30-a148-423d-bc08-52a2fb0b620e,2914.64,,null,480.92,ml_live,21.65,ml_live,0.08279935223578168,estimated,,,0.1,0.15,0.2,inconclusive,CUSTO_INDISPONIVEL,VORTEK-CANON-1.0-ECON-2,2026-09-06T03:50:11.058Z
MLB7330396220,VTK000983,c63e2a48-a4d7-452d-b209-f9a25e9d16d5,b60d21f3-2e0f-4765-9418-e08947d5caf7,1960,,null,352.8,ml_live,25.45,ml_live,0.08279935223578168,estimated,,,0.1,0.15,0.2,inconclusive,CUSTO_INDISPONIVEL,VORTEK-CANON-1.0-ECON-2,2026-09-06T03:50:11.063Z
MLB7330395454,VTK001436,5ef2f3e6-f397-435a-9546-693e3cf77062,29024401-9713-4751-bc73-e31516bd1745,130.69,,null,20.91,ml_live,19.85,ml_live,0.08279935223578168,estimated,,,0.05,0.07,0.1,inconclusive,CUSTO_INDISPONIVEL,VORTEK-CANON-1.0-ECON-2,2026-09-06T03:50:11.064Z
MLB7330395104,VTK000882,c79fd20a-30ff-4292-b78b-25c6f53fa2fc,7a9a21ba-f7c5-46d0-af79-135b58524a34,1442.68,,null,245.26,ml_live,111.65,ml_live,0.08279935223578168,estimated,,,0.1,0.15,0.2,inconclusive,CUSTO_INDISPONIVEL,VORTEK-CANON-1.0-ECON-2,2026-09-06T03:50:11.434Z
MLB7330116662,VTK000362,9a145019-baa9-4cc7-ae72-f6e68c70a93b,e6795cfb-86fa-4b04-b3de-f0488402b194,200,,null,36,ml_live,24.45,ml_live,0.08279935223578168,estimated,,,0.05,0.07,0.1,inconclusive,CUSTO_INDISPONIVEL,VORTEK-CANON-1.0-ECON-2,2026-09-06T03:50:11.433Z
MLB7330115848,VTK000838,6aac649e-a422-4fc3-a933-1a8a578e6881,459277ae-c678-49e2-bcf0-026b3907029c,248.88,,null,44.8,ml_live,27.05,ml_live,0.08279935223578168,estimated,,,0.07,0.1,0.15,inconclusive,CUSTO_INDISPONIVEL,VORTEK-CANON-1.0-ECON-2,2026-09-06T03:50:11.434Z
MLB7330115816,VTK000685,d3d8f1d7-d640-47e5-ac77-97fea1510bc4,81f2e5fb-a07a-43f7-ac75-df084579a72f,2906.62,,null,479.59,ml_live,70.95,ml_live,0.08279935223578168,estimated,,,0.1,0.15,0.2,inconclusive,CUSTO_INDISPONIVEL,VORTEK-CANON-1.0-ECON-2,2026-09-06T03:50:11.803Z
MLB7330115772,VTK000802,03609ed0-28bb-4752-baa5-65ed84bf1aa8,6960e3c5-aa40-4c78-92c0-772602a2ee24,283.02,,null,50.94,ml_live,25.45,ml_live,0.08279935223578168,estimated,,,0.07,0.1,0.15,inconclusive,CUSTO_INDISPONIVEL,VORTEK-CANON-1.0-ECON-2,2026-09-06T03:50:11.797Z
MLB7330115414,VTK000923,2d3d7ae7-6933-41c5-aaed-2d813f42babb,28038196-51c9-421b-a44e-b41934d21e3d,2674.19,,null,454.61,ml_live,107.95,ml_live,0.08279935223578168,estimated,,,0.1,0.15,0.2,inconclusive,CUSTO_INDISPONIVEL,VORTEK-CANON-1.0-ECON-2,2026-09-06T03:50:11.794Z
MLB7330115410,VTK001082,c4ca1e27-a9eb-4489-aede-8406bc2b029c,b00ccbd1-7ef9-48f0-8ded-08235d7a04d7,1255,,null,207.08,ml_live,49.35,ml_live,0.08279935223578168,estimated,,,0.1,0.15,0.2,inconclusive,CUSTO_INDISPONIVEL,VORTEK-CANON-1.0-ECON-2,2026-09-06T03:50:11.796Z
MLB7330115368,VTK000870,b24cfe6c-0179-4c86-899d-3591700edb82,cb25da4e-27f6-468b-b65f-29dc3ca85e54,2506,,null,426.02,ml_live,107.95,ml_live,0.08279935223578168,estimated,,,0.1,0.15,0.2,inconclusive,CUSTO_INDISPONIVEL,VORTEK-CANON-1.0-ECON-2,2026-09-06T03:50:12.169Z
MLB7330114966,VTK000844,7fb13c1f-579b-4c0b-96fe-bcf330b2561a,bbf60f7f-3273-47b9-985f-c5eb56389c5d,282.93,,null,39.61,ml_live,40.85,ml_live,0.08279935223578168,estimated,,,0.07,0.1,0.15,inconclusive,CUSTO_INDISPONIVEL,VORTEK-CANON-1.0-ECON-2,2026-09-06T03:50:12.160Z
MLB4994228371,VTK000817,2e7984fd-0c28-4cc8-8733-74a91e9f8cdd,f5e7ac55-2899-4dae-844a-81aaa2d198b2,750.88,,null,135.16,ml_live,65.85,ml_live,0.08279935223578168,estimated,,,0.07,0.1,0.15,inconclusive,CUSTO_INDISPONIVEL,VORTEK-CANON-1.0-ECON-2,2026-09-06T03:50:12.172Z
MLB4994228041,VTK001104,08d86827-1d6b-4d5a-b870-dc8076577173,2b906802-ee52-4b4b-945b-477f132f6041,118.43,,null,13.62,ml_live,16.85,ml_live,0.08279935223578168,estimated,,,0.05,0.07,0.1,inconclusive,CUSTO_INDISPONIVEL,VORTEK-CANON-1.0-ECON-2,2026-09-06T03:50:12.535Z
MLB4994227489,VTK001081,bd96aefc-7123-41a6-8b1c-69a2249df47f,fc25ab2d-d58d-4394-bc32-3e400ccd34ac,99.2,,null,11.41,ml_live,13.85,ml_live,0.08279935223578168,estimated,,,0.05,0.07,0.1,inconclusive,CUSTO_INDISPONIVEL,VORTEK-CANON-1.0-ECON-2,2026-09-06T03:50:12.536Z
MLB4994227315,VTK000917,22be3bbb-10d8-4919-91c0-51381e49124c,a2b89a93-198f-4614-8248-e50d09112fe1,234.87,,null,42.28,ml_live,21.65,ml_live,0.08279935223578168,estimated,,,0.07,0.1,0.15,inconclusive,CUSTO_INDISPONIVEL,VORTEK-CANON-1.0-ECON-2,2026-09-06T03:50:12.534Z
MLB4994226805,VTK000671,b969fdd2-cc61-48a6-89c7-0a4153e6be91,4efb3082-ebf3-426d-b8bf-bde17744e268,2921,,null,481.96,ml_live,65.85,ml_live,0.08279935223578168,estimated,,,0.1,0.15,0.2,inconclusive,CUSTO_INDISPONIVEL,VORTEK-CANON-1.0-ECON-2,2026-09-06T03:50:12.529Z
MLB4994226359,VTK002494,ee3e6078-dd47-4207-a9a1-e90288ab72bc,06125435-0d8f-4dd1-956c-aaf757c30d17,537.08,,null,96.67,ml_live,25.55,ml_live,0.08279935223578168,estimated,,,0.07,0.1,0.15,inconclusive,CUSTO_INDISPONIVEL,VORTEK-CANON-1.0-ECON-2,2026-09-06T03:50:13.197Z
MLB4994226061,VTK000687,defc7c75-4900-46c3-9ed0-cbca8e982df5,0fd8b252-04ba-4d8b-a269-1551f3f396ad,1613.21,,null,266.18,ml_live,24.45,ml_live,0.08279935223578168,estimated,,,0.1,0.15,0.2,inconclusive,CUSTO_INDISPONIVEL,VORTEK-CANON-1.0-ECON-2,2026-09-06T03:50:13.195Z
MLB6646642686,VTK001381,d122a37e-379e-490f-8e8b-1deda1fdbc37,8ca3ef34-b1de-4bd0-9dab-83c37fa37e00,377,,null,54.66,ml_live,23.25,ml_live,0.08279935223578168,estimated,,,0.07,0.1,0.15,inconclusive,CUSTO_INDISPONIVEL,VORTEK-CANON-1.0-ECON-2,2026-09-06T03:50:13.183Z
MLB6558628048,VTK001381,d122a37e-379e-490f-8e8b-1deda1fdbc37,e0a030ad-7829-4c7f-aa52-0e5c924097de,377,,null,54.66,ml_live,23.25,ml_live,0.08279935223578168,estimated,,,0.07,0.1,0.15,inconclusive,CUSTO_INDISPONIVEL,VORTEK-CANON-1.0-ECON-2,2026-09-06T03:50:13.197Z
MLB7339962326,VTK002089,e390fb7f-6e86-4832-b748-021654f8298a,c3465625-c987-4c8c-bb21-6bf391f2d8cb,225.73,,null,40.63,ml_live,32.45,ml_live,0.08279935223578168,estimated,,,0.07,0.1,0.15,inconclusive,CUSTO_INDISPONIVEL,VORTEK-CANON-1.0-ECON-2,2026-09-06T03:50:13.576Z
MLB7339962176,VTK000706,1750dd3f-8b94-426f-a358-7e6c6788a976,302230e5-b1ea-49ce-9249-c93136a21504,1111,,null,199.98,ml_live,65.85,ml_live,0.08279935223578168,estimated,,,0.1,0.15,0.2,inconclusive,CUSTO_INDISPONIVEL,VORTEK-CANON-1.0-ECON-2,2026-09-06T03:50:13.573Z
MLB5005555301,VTK000666,992cb12f-48d3-486c-9b62-0c72c4fdab12,e6cbb348-623b-4e58-92de-36c9548917f7,182.79,,null,32.9,ml_live,24.35,ml_live,0.08279935223578168,estimated,,,0.05,0.07,0.1,inconclusive,CUSTO_INDISPONIVEL,VORTEK-CANON-1.0-ECON-2,2026-09-06T03:50:14.334Z
MLB5005542295,VTK000767,b2244895-46b1-42f4-b5f4-2959a7b6ca9c,83aa6bbc-218c-4aef-8f07-c469f454f3d1,519,,null,93.42,ml_live,32.45,ml_live,0.08279935223578168,estimated,,,0.07,0.1,0.15,inconclusive,CUSTO_INDISPONIVEL,VORTEK-CANON-1.0-ECON-2,2026-09-06T03:50:14.332Z
MLB7366791266,VTK000770,bf8467cd-3c7c-4cc3-9f1e-299990b97989,d3b9d4ab-c375-4ff7-8eb5-e069e6d35c72,2639,,null,422.24,ml_live,50.75,ml_live,0.08279935223578168,estimated,,,0.1,0.15,0.2,inconclusive,CUSTO_INDISPONIVEL,VORTEK-CANON-1.0-ECON-2,2026-09-06T03:50:14.709Z
MLB5022328269,VTK000748,7b557d1f-62fb-413c-b512-19de21c6713c,5c063387-8f71-4676-a232-1fdd8803c952,2639,,null,422.24,ml_live,50.75,ml_live,0.08279935223578168,estimated,,,0.1,0.15,0.2,inconclusive,CUSTO_INDISPONIVEL,VORTEK-CANON-1.0-ECON-2,2026-09-06T03:50:14.705Z
MLB4981702311,VTK006350,751f7752-bb63-49a6-b1e9-1ed1a78df634,27283e3a-92e9-4c2b-b677-d5062a39ab92,210.19,,null,37.83,ml_live,24.45,ml_live,0.08279935223578168,estimated,,,0.07,0.1,0.15,inconclusive,CUSTO_INDISPONIVEL,VORTEK-CANON-1.0-ECON-2,2026-09-06T03:50:14.704Z
MLB6563418904,VTK006350,751f7752-bb63-49a6-b1e9-1ed1a78df634,38fc5be8-4d2d-4783-a5ed-28ea3118b979,210.19,,null,37.83,ml_live,24.45,ml_live,0.08279935223578168,estimated,,,0.07,0.1,0.15,inconclusive,CUSTO_INDISPONIVEL,VORTEK-CANON-1.0-ECON-2,2026-09-06T03:50:14.709Z
MLB7381756406,VTK000556,74fd7076-5e30-4820-b713-658a1fc66fc9,85b9c780-669d-4b91-9952-9f90c87e8bb0,288.31,,null,51.9,ml_live,21.65,ml_live,0.08279935223578168,estimated,,,0.07,0.1,0.15,inconclusive,CUSTO_INDISPONIVEL,VORTEK-CANON-1.0-ECON-2,2026-09-06T03:50:15.099Z
MLB7381756002,VTK000028,41b3f721-cde7-461d-a8cb-9a88c47e6d34,07cce425-77fb-4491-8b71-f58245a38dde,220.86,,null,24.29,ml_live,25.45,ml_live,0.08279935223578168,estimated,,,0.07,0.1,0.15,inconclusive,CUSTO_INDISPONIVEL,VORTEK-CANON-1.0-ECON-2,2026-09-06T03:50:15.100Z
MLB7381755908,VTK001353,8d572081-0ee0-45aa-832a-e52493d75da4,396ef1f7-d790-451a-831e-397f7ae0557b,2442.6,,null,439.67,ml_live,69.35,ml_live,0.08279935223578168,estimated,,,0.1,0.15,0.2,inconclusive,CUSTO_INDISPONIVEL,VORTEK-CANON-1.0-ECON-2,2026-09-06T03:50:15.099Z
MLB7381755494,VTK002305,17271a27-6856-4fe1-bc34-797e7b773583,86300b58-9d3f-42df-9cf3-a515aca034f4,223.65,,null,29.07,ml_live,24.45,ml_live,0.08279935223578168,estimated,,,0.07,0.1,0.15,inconclusive,CUSTO_INDISPONIVEL,VORTEK-CANON-1.0-ECON-2,2026-09-06T03:50:15.092Z
MLB7381755252,VTK003685,e369a674-b159-4071-b20d-195dbb3c852d,b918a34a-fb19-4df7-8dea-85d8bf82353f,209.67,,null,27.26,ml_live,21.65,ml_live,0.08279935223578168,estimated,,,0.07,0.1,0.15,inconclusive,CUSTO_INDISPONIVEL,VORTEK-CANON-1.0-ECON-2,2026-09-06T03:50:15.468Z
MLB7381755228,VTK001416,31e52658-a1fa-443a-bdc3-521f2ddac5a2,2ca98b1b-6b03-4a0f-a28d-45d552c3c88c,1523.07,,null,251.31,ml_live,69.35,ml_live,0.08279935223578168,estimated,,,0.1,0.15,0.2,inconclusive,CUSTO_INDISPONIVEL,VORTEK-CANON-1.0-ECON-2,2026-09-06T03:50:15.474Z
MLB7381754912,VTK001330,45931e8a-7e98-47f7-858f-bc7f8dbf6659,1823c71a-dca2-46d5-9686-a31ad1b2a40a,181.62,,null,25.43,ml_live,21.75,ml_live,0.08279935223578168,estimated,,,0.05,0.07,0.1,inconclusive,CUSTO_INDISPONIVEL,VORTEK-CANON-1.0-ECON-2,2026-09-06T03:50:15.473Z
MLB7381754400,VTK003318,2e9caef9-8b7c-464e-b057-a85e751c6e89,9e6a54b6-bf4d-482d-8785-223ebba10f85,1071.66,,null,176.82,ml_live,27.05,ml_live,0.08279935223578168,estimated,,,0.1,0.15,0.2,inconclusive,CUSTO_INDISPONIVEL,VORTEK-CANON-1.0-ECON-2,2026-09-06T03:50:15.852Z
MLB7381753888,VTK001241,5daedd76-1c15-4a23-b0c0-318d437f575b,42f9f571-f63c-4be7-9ff5-0fde4a0ad5b5,506.24,,null,75.94,ml_live,24.45,ml_live,0.08279935223578168,estimated,,,0.07,0.1,0.15,inconclusive,CUSTO_INDISPONIVEL,VORTEK-CANON-1.0-ECON-2,2026-09-06T03:50:15.850Z
MLB7381744504,VTK001977,be59c31a-bdd0-487c-bf5d-915282196082,20d4cef4-c245-4eff-90c9-f2647a4a29c8,1398,,null,230.67,ml_live,69.35,ml_live,0.08279935223578168,estimated,,,0.1,0.15,0.2,inconclusive,CUSTO_INDISPONIVEL,VORTEK-CANON-1.0-ECON-2,2026-09-06T03:50:15.846Z
MLB7381743724,VTK001252,72f09887-5656-41d0-ad6b-0ca17983cccf,c94326cd-123e-451d-b437-18cf0a168554,1207.97,,null,199.32,ml_live,70.95,ml_live,0.08279935223578168,estimated,,,0.1,0.15,0.2,inconclusive,CUSTO_INDISPONIVEL,VORTEK-CANON-1.0-ECON-2,2026-09-06T03:50:15.851Z
MLB7381743580,VTK002571,bebc3026-4369-4420-9b71-8195f86e3568,18af29d0-68f5-4ab9-bd01-7f467c5b4880,1372.11,,null,226.4,ml_live,69.35,ml_live,0.08279935223578168,estimated,,,0.1,0.15,0.2,inconclusive,CUSTO_INDISPONIVEL,VORTEK-CANON-1.0-ECON-2,2026-09-06T03:50:16.267Z
MLB7381742270,VTK000096,f8bfc808-870b-423b-9799-1fbfe82e44f5,e6ee1272-23ae-4062-a8ba-fddea82f64d5,561.04,,null,100.99,ml_live,32.45,ml_live,0.08279935223578168,estimated,,,0.07,0.1,0.15,inconclusive,CUSTO_INDISPONIVEL,VORTEK-CANON-1.0-ECON-2,2026-09-06T03:50:16.277Z
MLB7381741608,VTK000507,04ee8d46-f737-4c9c-a223-e78e2ef6bcfb,4806abc6-1118-4e2d-95bc-de3a01ebd08c,467.68,,null,60.8,ml_live,27.05,ml_live,0.08279935223578168,estimated,,,0.07,0.1,0.15,inconclusive,CUSTO_INDISPONIVEL,VORTEK-CANON-1.0-ECON-2,2026-09-06T03:50:16.255Z
MLB7381741334,VTK001386,df359f31-4088-47d1-a271-9d69caa9f73e,1382dcb8-924d-46dd-9eab-af56f5b034eb,346.07,,null,44.99,ml_live,40.85,ml_live,0.08279935223578168,estimated,,,0.07,0.1,0.15,inconclusive,CUSTO_INDISPONIVEL,VORTEK-CANON-1.0-ECON-2,2026-09-06T03:50:16.267Z
MLB7381688682,VTK000544,5ff04e68-0c9b-41bb-b595-356cac02c4a1,ee805aba-be91-4e69-acd8-a0754f07c7c6,749.31,,null,134.88,ml_live,70.95,ml_live,0.08279935223578168,estimated,,,0.07,0.1,0.15,inconclusive,CUSTO_INDISPONIVEL,VORTEK-CANON-1.0-ECON-2,2026-09-06T03:50:16.652Z
MLB7381688534,VTK000887,df7fc63d-3e83-4136-ad7b-cfb0b6a54dc2,e123a414-7488-4502-820e-76569f464d84,250.71,,null,45.13,ml_live,24.45,ml_live,0.08279935223578168,estimated,,,0.07,0.1,0.15,inconclusive,CUSTO_INDISPONIVEL,VORTEK-CANON-1.0-ECON-2,2026-09-06T03:50:16.651Z
MLB7381674962,VTK001399,fcd17d22-a899-4764-b253-12571c37582f,6ab2a9dc-1214-4be8-97f4-f0eebaf30c25,1644.71,,null,271.38,ml_live,49.35,ml_live,0.08279935223578168,estimated,,,0.1,0.15,0.2,inconclusive,CUSTO_INDISPONIVEL,VORTEK-CANON-1.0-ECON-2,2026-09-06T03:50:17.016Z
MLB7381673914,VTK001733,5890ee38-8c23-480a-8ea4-3bde52cc8ab8,578c48d4-bec5-456b-8b5c-59cfe1bd4acf,1238.58,,null,204.37,ml_live,91.95,ml_live,0.08279935223578168,estimated,,,0.1,0.15,0.2,inconclusive,CUSTO_INDISPONIVEL,VORTEK-CANON-1.0-ECON-2,2026-09-06T03:50:17.011Z
MLB7381673588,VTK001308,0d1b79fb-0967-4fda-b0c7-c9de1e1c1f47,db2beee9-bfb8-4003-b187-14e61721f9c6,979.07,,null,161.55,ml_live,70.95,ml_live,0.08279935223578168,estimated,,,0.07,0.1,0.15,inconclusive,CUSTO_INDISPONIVEL,VORTEK-CANON-1.0-ECON-2,2026-09-06T03:50:17.018Z
MLB7381673042,VTK002144,66222f04-6280-4eeb-ab09-abf6564d6641,b783bd43-c185-4f83-8bd8-f4ba40831274,589.32,,null,85.45,ml_live,70.95,ml_live,0.08279935223578168,estimated,,,0.07,0.1,0.15,inconclusive,CUSTO_INDISPONIVEL,VORTEK-CANON-1.0-ECON-2,2026-09-06T03:50:17.014Z
MLB7381671410,VTK017156,d65fb439-c01c-4078-ac02-56024daec98d,c6aba33c-226e-4fb7-9b78-49be77c3caf1,381.52,,null,53.41,ml_live,27.05,ml_live,0.08279935223578168,estimated,,,0.07,0.1,0.15,inconclusive,CUSTO_INDISPONIVEL,VORTEK-CANON-1.0-ECON-2,2026-09-06T03:50:17.397Z
MLB7381288752,VTK000890,ebf5bf73-1146-42df-b6df-381430b7156f,729c3332-65bd-45b8-9e63-a5f3cd49bf0c,2535,,null,418.28,ml_live,70.95,ml_live,0.08279935223578168,estimated,,,0.1,0.15,0.2,inconclusive,CUSTO_INDISPONIVEL,VORTEK-CANON-1.0-ECON-2,2026-09-06T03:50:17.396Z
MLB7381288678,VTK001959,a5d0514a-87ef-45f7-b811-03b9e5eda284,e958a03e-f2f6-40a4-9dd2-65c16db7d66f,2439.05,,null,402.44,ml_live,91.95,ml_live,0.08279935223578168,estimated,,,0.1,0.15,0.2,inconclusive,CUSTO_INDISPONIVEL,VORTEK-CANON-1.0-ECON-2,2026-09-06T03:50:17.399Z
MLB7381262192,VTK000361,8d152f45-e286-4b2b-9462-631d251d929d,b4607d1e-1bb4-4213-bb6f-5687c11e4f4e,2164.08,,null,367.89,ml_live,107.85,ml_live,0.08279935223578168,estimated,,,0.1,0.15,0.2,inconclusive,CUSTO_INDISPONIVEL,VORTEK-CANON-1.0-ECON-2,2026-09-06T03:50:17.398Z
MLB7381240976,VTK001959,a5d0514a-87ef-45f7-b811-03b9e5eda284,b13b97d8-3fd1-47a8-aa96-676797fc8613,2439.05,,null,402.44,ml_live,91.95,ml_live,0.08279935223578168,estimated,,,0.1,0.15,0.2,inconclusive,CUSTO_INDISPONIVEL,VORTEK-CANON-1.0-ECON-2,2026-09-06T03:50:17.766Z
MLB7381240660,VTK000361,8d152f45-e286-4b2b-9462-631d251d929d,a78df097-f62c-464f-994d-4c943898cb10,2164.08,,null,367.89,ml_live,107.85,ml_live,0.08279935223578168,estimated,,,0.1,0.15,0.2,inconclusive,CUSTO_INDISPONIVEL,VORTEK-CANON-1.0-ECON-2,2026-09-06T03:50:17.772Z
MLB7381240616,VTK000686,d45eceb2-c638-4667-89c3-9a2d1f5804d6,8c5a815b-7d76-4038-80f3-f880b2dee1e0,2299,,null,379.34,ml_live,21.65,ml_live,0.08279935223578168,estimated,,,0.1,0.15,0.2,inconclusive,CUSTO_INDISPONIVEL,VORTEK-CANON-1.0-ECON-2,2026-09-06T03:50:17.778Z
MLB7381240006,VTK000943,4395e4d8-aded-4d05-8843-c31a58ffb712,9b21bf46-47cf-439a-8e07-68ef9845a7f4,318.1,,null,57.26,ml_live,50.75,ml_live,0.08279935223578168,estimated,,,0.07,0.1,0.15,inconclusive,CUSTO_INDISPONIVEL,VORTEK-CANON-1.0-ECON-2,2026-09-06T03:50:18.394Z
MLB7381239024,VTK000810,1322eb0a-4c89-41f2-bbb4-414122b8546f,fd0ed480-d35e-4886-a92f-de92c7fe1feb,162.04,,null,29.17,ml_live,20.45,ml_live,0.08279935223578168,estimated,,,0.05,0.07,0.1,inconclusive,CUSTO_INDISPONIVEL,VORTEK-CANON-1.0-ECON-2,2026-09-06T03:50:18.407Z
MLB7381238988,VTK001679,cd504d30-6715-47ea-9f29-f19b83f0b789,495cc7e6-9d88-4553-aee9-feb162fe2ccf,156.57,,null,21.92,ml_live,22.25,ml_live,0.08279935223578168,estimated,,,0.05,0.07,0.1,inconclusive,CUSTO_INDISPONIVEL,VORTEK-CANON-1.0-ECON-2,2026-09-06T03:50:18.410Z
MLB5034759733,VTK002371,b23bfa88-de86-408b-9093-89b2f318a050,43200651-7ff5-4196-a917-2a8f5afb929e,272.44,,null,40.87,ml_live,21.65,ml_live,0.08279935223578168,estimated,,,0.07,0.1,0.15,inconclusive,CUSTO_INDISPONIVEL,VORTEK-CANON-1.0-ECON-2,2026-09-06T03:50:18.779Z
MLB5034731379,VTK001093,e6b660dd-26a6-4647-8f33-5f7c20989151,044dbf8f-11a4-430d-862a-a1217a47853d,111.88,,null,14.54,ml_live,19.15,ml_live,0.08279935223578168,estimated,,,0.05,0.07,0.1,inconclusive,CUSTO_INDISPONIVEL,VORTEK-CANON-1.0-ECON-2,2026-09-06T03:50:18.781Z
MLB5034096351,VTK000757,99564042-52b2-4844-9ea9-2b998efe89e6,12192358-17a2-4d71-857a-84e45666aedd,281.08,,null,50.59,ml_live,24.45,ml_live,0.08279935223578168,estimated,,,0.07,0.1,0.15,inconclusive,CUSTO_INDISPONIVEL,VORTEK-CANON-1.0-ECON-2,2026-09-06T03:50:19.170Z
MLB5034096261,VTK000784,d690f327-1683-4f61-b6f9-c3002e74ccb0,9d708809-9f73-4c59-b88a-8b4abed2ef4a,292.6,,null,52.67,ml_live,24.45,ml_live,0.08279935223578168,estimated,,,0.07,0.1,0.15,inconclusive,CUSTO_INDISPONIVEL,VORTEK-CANON-1.0-ECON-2,2026-09-06T03:50:19.172Z
MLB5034095623,VTK000588,db96869c-cfd1-44af-977f-5639f28a82e1,b225a9a4-f3fb-4b58-a201-bb0e1dd40b24,1459.51,,null,248.12,ml_live,107.85,ml_live,0.08279935223578168,estimated,,,0.1,0.15,0.2,inconclusive,CUSTO_INDISPONIVEL,VORTEK-CANON-1.0-ECON-2,2026-09-06T03:50:19.173Z
MLB5034095113,VTK000911,154bbff8-9918-49d3-8993-7b8e91ecfa2a,cbb331b1-1a56-455e-8d55-a9a2efb3f22f,301.77,,null,54.32,ml_live,24.45,ml_live,0.08279935223578168,estimated,,,0.07,0.1,0.15,inconclusive,CUSTO_INDISPONIVEL,VORTEK-CANON-1.0-ECON-2,2026-09-06T03:50:19.170Z
MLB5034095031,VTK000567,88aeae20-23ec-42d0-a0b8-ee6a0823dadf,81304351-931d-4e26-8ced-649964832c6c,520,,null,75.4,ml_live,27.05,ml_live,0.08279935223578168,estimated,,,0.07,0.1,0.15,inconclusive,CUSTO_INDISPONIVEL,VORTEK-CANON-1.0-ECON-2,2026-09-06T03:50:19.544Z
MLB5034094927,VTK000910,10cf854c-467e-490a-918d-6e4104b01751,5e45c0f3-13c6-4718-bd4b-98982e74c9f9,345.12,,null,62.12,ml_live,45.25,ml_live,0.08279935223578168,estimated,,,0.07,0.1,0.15,inconclusive,CUSTO_INDISPONIVEL,VORTEK-CANON-1.0-ECON-2,2026-09-06T03:50:19.541Z
MLB7391077950,VTK006330,443a6d87-6eb6-40a9-a7c8-f3b0f75ebc51,cc20fa90-d225-40c8-9966-d4d223596e3d,3685,,null,589.6,ml_live,,unknown,0.08279935223578168,estimated,,,0.1,0.15,0.2,inconclusive,INCONCLUSIVO_FONTE_ML_INDISPONIVEL;CUSTO_INDISPONIVEL;FRETE_INDISPONIVEL,VORTEK-CANON-1.0-ECON-2,2026-09-06T03:50:19.544Z
MLB7391077784,VTK000801,02e45833-27fc-4005-be29-3caecad986d5,d15b6c1a-a783-4c1c-886c-00f1eced286e,599,,null,107.82,ml_live,65.85,ml_live,0.08279935223578168,estimated,,,0.07,0.1,0.15,inconclusive,CUSTO_INDISPONIVEL,VORTEK-CANON-1.0-ECON-2,2026-09-06T03:50:19.958Z
MLB7391077690,VTK001399,fcd17d22-a899-4764-b253-12571c37582f,6ab39978-d7a9-4d03-b67a-49904bcdd537,1644.71,,null,271.38,ml_live,49.35,ml_live,0.08279935223578168,estimated,,,0.1,0.15,0.2,inconclusive,CUSTO_INDISPONIVEL,VORTEK-CANON-1.0-ECON-2,2026-09-06T03:50:19.949Z
MLB7391077614,VTK001252,72f09887-5656-41d0-ad6b-0ca17983cccf,4184789a-8cb8-443a-90ca-be6ca321238d,1207.97,,null,199.32,ml_live,70.95,ml_live,0.08279935223578168,estimated,,,0.1,0.15,0.2,inconclusive,CUSTO_INDISPONIVEL,VORTEK-CANON-1.0-ECON-2,2026-09-06T03:50:20.345Z
MLB7391077536,VTK001308,0d1b79fb-0967-4fda-b0c7-c9de1e1c1f47,31844942-036c-4e9f-a0d2-438b0953010e,979.07,,null,161.55,ml_live,70.95,ml_live,0.08279935223578168,estimated,,,0.07,0.1,0.15,inconclusive,CUSTO_INDISPONIVEL,VORTEK-CANON-1.0-ECON-2,2026-09-06T03:50:20.342Z
MLB7391077468,VTK001733,5890ee38-8c23-480a-8ea4-3bde52cc8ab8,ba9cb9a4-c6b3-441b-a7bf-a7e0f0cab97c,1238.58,,null,204.37,ml_live,91.95,ml_live,0.08279935223578168,estimated,,,0.1,0.15,0.2,inconclusive,CUSTO_INDISPONIVEL,VORTEK-CANON-1.0-ECON-2,2026-09-06T03:50:20.344Z
MLB7390923360,VTK000080,dce318f4-47b8-4880-a054-50b9a624dfea,0944bf9a-1613-49b6-b845-77636c7475ba,141.28,,null,18.37,ml_live,18.15,ml_live,0.08279935223578168,estimated,,,0.05,0.07,0.1,inconclusive,CUSTO_INDISPONIVEL,VORTEK-CANON-1.0-ECON-2,2026-09-06T03:50:20.350Z
MLB7390923304,VTK000507,04ee8d46-f737-4c9c-a223-e78e2ef6bcfb,954517b7-eb1f-4949-bf58-0b0e8fe81b14,467.68,,null,60.8,ml_live,27.05,ml_live,0.08279935223578168,estimated,,,0.07,0.1,0.15,inconclusive,CUSTO_INDISPONIVEL,VORTEK-CANON-1.0-ECON-2,2026-09-06T03:50:20.788Z
MLB7390923232,VTK001977,be59c31a-bdd0-487c-bf5d-915282196082,a44c1923-a316-4597-b9b6-d4d3c84f32f1,1398,,null,230.67,ml_live,69.35,ml_live,0.08279935223578168,estimated,,,0.1,0.15,0.2,inconclusive,CUSTO_INDISPONIVEL,VORTEK-CANON-1.0-ECON-2,2026-09-06T03:50:20.793Z
MLB7390923172,VTK002571,bebc3026-4369-4420-9b71-8195f86e3568,c8ce922d-4027-4b1a-8777-3ba30cf0c802,1372.11,,null,226.4,ml_live,69.35,ml_live,0.08279935223578168,estimated,,,0.1,0.15,0.2,inconclusive,CUSTO_INDISPONIVEL,VORTEK-CANON-1.0-ECON-2,2026-09-06T03:50:20.790Z
MLB7390922982,VTK001416,31e52658-a1fa-443a-bdc3-521f2ddac5a2,4d8ff23e-8ad0-40ab-8d56-8e4bafaec903,1523.07,,null,251.31,ml_live,69.35,ml_live,0.08279935223578168,estimated,,,0.1,0.15,0.2,inconclusive,CUSTO_INDISPONIVEL,VORTEK-CANON-1.0-ECON-2,2026-09-06T03:50:21.164Z
MLB7400501080,VTK000969,974831eb-0646-4189-a5da-b7e74cf49931,d1000302-f942-4ce2-a512-245e6153ef9b,217,,null,39.06,ml_live,21.65,ml_live,0.08279935223578168,estimated,,,0.07,0.1,0.15,inconclusive,CUSTO_INDISPONIVEL,VORTEK-CANON-1.0-ECON-2,2026-09-06T03:50:21.167Z
MLB7400501028,VTK003902,05a0741c-72b4-41c2-a924-ba350819ca1d,d23d2a35-f44a-4366-bf6d-39277e6baef7,181.44,,null,32.66,ml_live,21.35,ml_live,0.08279935223578168,estimated,,,0.05,0.07,0.1,inconclusive,CUSTO_INDISPONIVEL,VORTEK-CANON-1.0-ECON-2,2026-09-06T03:50:21.160Z
MLB7400500942,VTK005685,e21010f1-76bf-470f-bc99-f02c1da5ebec,b66edea5-7ea9-434f-bc1a-411b9107ef6a,2149.55,,null,354.68,ml_live,40.85,ml_live,0.08279935223578168,estimated,,,0.1,0.15,0.2,inconclusive,CUSTO_INDISPONIVEL,VORTEK-CANON-1.0-ECON-2,2026-09-06T03:50:21.168Z
MLB7400500878,VTK000088,ed549134-81a7-4816-8f56-f4fc2a4c2538,681af184-f9b2-4fed-904d-56fc7298174b,151.82,66.9,"[{""productId"": ""ed549134-81a7-4816-8f56-f4fc2a4c2538"", ""offerId"": ""d347daf8-9f19-4700-9a01-9b0f2cb90d38"", ""supplierId"": ""133"", ""unitCost"": 66.9, ""quantity"": 1, ""observedAt"": ""2026-09-06T00:33:26.553+00:00""}]",27.33,ml_live,,unknown,0.08279935223578168,estimated,,,0.05,0.07,0.1,inconclusive,INCONCLUSIVO_FONTE_ML_INDISPONIVEL;FRETE_INDISPONIVEL,VORTEK-CANON-1.0-ECON-2,2026-09-06T03:50:21.533Z
MLB5048998385,VTK000636,56d9355a-4938-4fb0-9673-d8ccd133febd,5a11831f-9e7d-4ce5-a040-1bc4d56197db,2949.21,1839.9,"[{""productId"": ""56d9355a-4938-4fb0-9673-d8ccd133febd"", ""offerId"": ""b9719636-d39f-469b-a7d0-4df0514b17f9"", ""supplierId"": ""133"", ""unitCost"": 1839.9, ""quantity"": 1, ""observedAt"": ""2026-09-06T01:56:38.168+00:00""}]",471.87,ml_live,,unknown,0.08279935223578168,estimated,,,0.1,0.15,0.2,inconclusive,INCONCLUSIVO_FONTE_ML_INDISPONIVEL;FRETE_INDISPONIVEL,VORTEK-CANON-1.0-ECON-2,2026-09-06T03:50:21.543Z
MLB7432766020,VTK006158,9c02237e-c475-40f2-b58b-a7c11b75bba0,605de037-da1d-4da0-8b2c-8e99b8769564,99,,null,12.87,ml_live,14.45,ml_live,0.08279935223578168,estimated,,,0.05,0.07,0.1,inconclusive,CUSTO_INDISPONIVEL,VORTEK-CANON-1.0-ECON-2,2026-09-06T03:50:21.897Z
MLB7432765754,VTK006192,eee6afe9-cdbd-412a-9b94-3c0d5d0aa1ad,17b54b98-13bb-47a0-a26b-551dac24ea7d,86.48,,null,11.24,ml_live,16.45,ml_live,0.08279935223578168,estimated,,,0.05,0.07,0.1,inconclusive,CUSTO_INDISPONIVEL,VORTEK-CANON-1.0-ECON-2,2026-09-06T03:50:22.274Z
MLB7432633498,VTK001011,13f5fcb5-aa53-4c6a-ae92-1bc41e350a48,d3571fa9-7236-4034-82c2-55957b9762dc,159,,null,17.49,ml_live,24.35,ml_live,0.08279935223578168,estimated,,,0.05,0.07,0.1,inconclusive,CUSTO_INDISPONIVEL,VORTEK-CANON-1.0-ECON-2,2026-09-06T03:50:22.278Z
MLB7432633282,VTK003839,613b5455-ef7d-42b4-aac4-9a8f8db69220,a0e4e3f9-8955-4ebc-8194-cbdcd7fae649,985,,null,128.05,ml_live,45.25,ml_live,0.08279935223578168,estimated,,,0.07,0.1,0.15,inconclusive,CUSTO_INDISPONIVEL,VORTEK-CANON-1.0-ECON-2,2026-09-06T03:50:22.278Z
MLB7432633246,VTK000809,10c77f6c-7c78-4bcb-8030-c866c53ddc89,09d2df61-c6d6-4028-bbc0-9b44640dd97e,137.61,,null,15.83,ml_live,19.45,ml_live,0.08279935223578168,estimated,,,0.05,0.07,0.1,inconclusive,CUSTO_INDISPONIVEL,VORTEK-CANON-1.0-ECON-2,2026-09-06T03:50:22.706Z
MLB7432632892,VTK001762,9ca0eedc-b0b7-4c5b-9c3e-805f1ad42d74,f34d8459-9d40-4676-8e9e-348722841c86,289.9,,null,31.89,ml_live,25.45,ml_live,0.08279935223578168,estimated,,,0.07,0.1,0.15,inconclusive,CUSTO_INDISPONIVEL,VORTEK-CANON-1.0-ECON-2,2026-09-06T03:50:22.706Z
MLB7432625710,VTK002528,682138d1-d35b-4efc-98bc-3ac857b65500,2b16dc6c-c38a-4280-86b7-f1ef36719b1d,77.62,,null,10.09,ml_live,8.25,ml_live,0.08279935223578168,estimated,,,0.05,0.07,0.1,inconclusive,CUSTO_INDISPONIVEL,VORTEK-CANON-1.0-ECON-2,2026-09-06T03:50:22.715Z
MLB7432625530,VTK000378,bd099c71-e960-4e09-ae40-d616ea1968d6,6c88b497-a06f-44e5-8d11-88b6cb53c048,1564,,null,187.68,ml_live,107.85,ml_live,0.08279935223578168,estimated,,,0.1,0.15,0.2,inconclusive,CUSTO_INDISPONIVEL,VORTEK-CANON-1.0-ECON-2,2026-09-06T03:50:23.081Z
MLB7432502350,VTK006152,916962da-a149-46b2-a80a-d8ff3393e3a0,19afbb0d-a205-4b32-a3f9-6336b551f10c,89.8,,null,11.67,ml_live,14.45,ml_live,0.08279935223578168,estimated,,,0.05,0.07,0.1,inconclusive,CUSTO_INDISPONIVEL,VORTEK-CANON-1.0-ECON-2,2026-09-06T03:50:23.081Z
MLB7432502310,VTK001155,8c65ae6e-e178-45db-9ed3-c40f318b07af,1e56795d-2ed7-46ec-90e7-c123a1a54d9a,187.63,,null,24.39,ml_live,26.35,ml_live,0.08279935223578168,estimated,,,0.05,0.07,0.1,inconclusive,CUSTO_INDISPONIVEL,VORTEK-CANON-1.0-ECON-2,2026-09-06T03:50:23.080Z
MLB7432502292,VTK002577,cf2dcc02-31a2-4264-8472-6f634a5f09e4,cfc5d30e-f4de-483c-9148-1b8a44ddd994,279.9,,null,36.39,ml_live,27.05,ml_live,0.08279935223578168,estimated,,,0.07,0.1,0.15,inconclusive,CUSTO_INDISPONIVEL,VORTEK-CANON-1.0-ECON-2,2026-09-06T03:50:23.447Z
MLB7432502124,VTK000568,91298ae8-5b01-4716-876d-900536b1708e,f24504b2-6d22-42de-938a-babeb75c34c7,377,,null,49.01,ml_live,27.05,ml_live,0.08279935223578168,estimated,,,0.07,0.1,0.15,inconclusive,CUSTO_INDISPONIVEL,VORTEK-CANON-1.0-ECON-2,2026-09-06T03:50:23.451Z
MLB7432322488,VTK000392,eef0e527-8ef8-4a19-8132-9b1f670bb461,4d7a6de5-7389-4b1b-b394-98e844c524ab,599.9,,null,65.99,ml_live,40.85,ml_live,0.08279935223578168,estimated,,,0.07,0.1,0.15,inconclusive,CUSTO_INDISPONIVEL,VORTEK-CANON-1.0-ECON-2,2026-09-06T03:50:23.448Z
MLB7432157712,VTK000486,e232fe84-9f89-4d22-9737-8d444e5f7db9,a0d0b180-bb77-45d4-8f88-3fd52ea474a7,187.22,,null,33.7,ml_live,20.45,ml_live,0.08279935223578168,estimated,,,0.05,0.07,0.1,inconclusive,CUSTO_INDISPONIVEL,VORTEK-CANON-1.0-ECON-2,2026-09-06T03:50:23.815Z
MLB5075857497,VTK006377,ba47a1ed-dd68-4fa5-92b1-31a12b4504a7,7b0b180c-ea05-434b-8d37-45475c73adfd,2404,,null,312.52,ml_live,23.25,ml_live,0.08279935223578168,estimated,,,0.1,0.15,0.2,inconclusive,CUSTO_INDISPONIVEL,VORTEK-CANON-1.0-ECON-2,2026-09-06T03:50:23.822Z
MLB5075856847,VTK001732,57cd87d9-9961-405c-a4ed-027495051b55,3b14493d-aa35-4c3b-bd59-e64ce1bfd9f3,289.9,,null,33.34,ml_live,23.25,ml_live,0.08279935223578168,estimated,,,0.07,0.1,0.15,inconclusive,CUSTO_INDISPONIVEL,VORTEK-CANON-1.0-ECON-2,2026-09-06T03:50:23.827Z
MLB5075856705,VTK001246,67b24205-6321-479c-8e2c-e4f68c4326f8,6dcb39ce-af11-4602-a539-d354e2b5c11a,289.9,,null,34.79,ml_live,29.25,ml_live,0.08279935223578168,estimated,,,0.07,0.1,0.15,inconclusive,CUSTO_INDISPONIVEL,VORTEK-CANON-1.0-ECON-2,2026-09-06T03:50:23.819Z
MLB5075856655,VTK000619,28cc9ec1-ec96-469d-a57a-71b9f60361ec,e57c4b66-522f-4c37-8d51-a6f23481939b,1180,,null,135.7,ml_live,106.85,ml_live,0.08279935223578168,estimated,,,0.1,0.15,0.2,inconclusive,CUSTO_INDISPONIVEL,VORTEK-CANON-1.0-ECON-2,2026-09-06T03:50:24.411Z
MLB5075856565,VTK001077,bb448e81-fbca-4852-9720-597c82e78373,dc45995e-3b83-468f-8f78-c83b26cff165,619.9,,null,68.19,ml_live,40.85,ml_live,0.08279935223578168,estimated,,,0.07,0.1,0.15,inconclusive,CUSTO_INDISPONIVEL,VORTEK-CANON-1.0-ECON-2,2026-09-06T03:50:24.415Z
MLB5075856443,VTK025953,34a42f9d-bc9b-436d-aab2-098d44a3a598,5c2043dd-0109-4e00-95ac-3eae487b3e30,859.9,,null,94.59,ml_live,24.45,ml_live,0.08279935223578168,estimated,,,0.07,0.1,0.15,inconclusive,CUSTO_INDISPONIVEL,VORTEK-CANON-1.0-ECON-2,2026-09-06T03:50:24.410Z
MLB5075741815,VTK006193,f25daf26-7ac7-4f67-a81d-c36367da57c0,22fd1ed7-279f-4f4a-9c68-d81349d34aa1,99,,null,12.87,ml_live,14.45,ml_live,0.08279935223578168,estimated,,,0.05,0.07,0.1,inconclusive,CUSTO_INDISPONIVEL,VORTEK-CANON-1.0-ECON-2,2026-09-06T03:50:25.019Z
MLB5075741783,VTK003043,7f04ec07-7f1d-4af0-8645-6595ced9c352,2fbf84a1-7777-41a6-9db5-09eacf6a2293,1270,,null,152.4,ml_live,107.85,ml_live,0.08279935223578168,estimated,,,0.1,0.15,0.2,inconclusive,CUSTO_INDISPONIVEL,VORTEK-CANON-1.0-ECON-2,2026-09-06T03:50:25.026Z
MLB5075741727,VTK000223,5f9d6af0-af99-486c-97c1-abcfd8c85b41,792d96a4-f944-4561-8e37-15b855e66546,1280,,null,153.6,ml_live,107.95,ml_live,0.08279935223578168,estimated,,,0.1,0.15,0.2,inconclusive,CUSTO_INDISPONIVEL,VORTEK-CANON-1.0-ECON-2,2026-09-06T03:50:25.019Z
MLB5075741703,VTK000799,fc7e5495-fb06-47ca-8530-97a7187d0167,d97df9b4-74dd-4e57-92bb-29369cc72a7d,1461,,null,175.32,ml_live,107.95,ml_live,0.08279935223578168,estimated,,,0.1,0.15,0.2,inconclusive,CUSTO_INDISPONIVEL,VORTEK-CANON-1.0-ECON-2,2026-09-06T03:50:25.020Z
MLB7440213282,VTK001303,01dae389-12cf-488a-a60c-89cd07baa199,6fd2feda-6a0e-48a1-8a70-4a0e04e3f637,917,,null,105.46,ml_live,40.85,ml_live,0.08279935223578168,estimated,,,0.07,0.1,0.15,inconclusive,CUSTO_INDISPONIVEL,VORTEK-CANON-1.0-ECON-2,2026-09-06T03:50:25.740Z
MLB7437026180,VTK002144,66222f04-6280-4eeb-ab09-abf6564d6641,29e80033-c6c1-4a08-8528-2a96ceb6cc06,589.32,,null,85.45,ml_live,70.95,ml_live,0.08279935223578168,estimated,,,0.07,0.1,0.15,inconclusive,CUSTO_INDISPONIVEL,VORTEK-CANON-1.0-ECON-2,2026-09-06T03:50:25.742Z
MLB7437026176,VTK001386,df359f31-4088-47d1-a271-9d69caa9f73e,a8ee0afe-a8c1-4217-9266-a35321cfd6e7,346.07,,null,44.99,ml_live,40.85,ml_live,0.08279935223578168,estimated,,,0.07,0.1,0.15,inconclusive,CUSTO_INDISPONIVEL,VORTEK-CANON-1.0-ECON-2,2026-09-06T03:50:25.741Z
MLB5109039835,VTK006189,ea2f954c-c8d4-42db-ad04-f342c2c0b3bf,82e46d4e-f7e2-46ed-8a0e-5d66bfaa343f,453,,null,63.42,ml_live,25.45,ml_live,0.08279935223578168,estimated,,,0.07,0.1,0.15,inconclusive,CUSTO_INDISPONIVEL,VORTEK-CANON-1.0-ECON-2,2026-09-06T03:50:26.111Z
MLB5109039749,VTK001149,81b26a86-02d8-474c-9b7c-8570e4a5a3e0,84e89c07-a5a8-4f07-9b9d-194162b1106d,276,,null,49.68,ml_live,25.45,ml_live,0.08279935223578168,estimated,,,0.07,0.1,0.15,inconclusive,CUSTO_INDISPONIVEL,VORTEK-CANON-1.0-ECON-2,2026-09-06T03:50:26.113Z
MLB5108988137,VTK000486,e232fe84-9f89-4d22-9737-8d444e5f7db9,9d13c730-4da7-439a-9ca5-c4cc7ffcae9a,187.22,,null,33.7,ml_live,20.45,ml_live,0.08279935223578168,estimated,,,0.05,0.07,0.1,inconclusive,CUSTO_INDISPONIVEL,VORTEK-CANON-1.0-ECON-2,2026-09-06T03:50:26.722Z
MLB5108987737,VTK000890,ebf5bf73-1146-42df-b6df-381430b7156f,018aa09c-9c00-468e-94a9-9a660929f86a,2535,,null,418.28,ml_live,70.95,ml_live,0.08279935223578168,estimated,,,0.1,0.15,0.2,inconclusive,CUSTO_INDISPONIVEL,VORTEK-CANON-1.0-ECON-2,2026-09-06T03:50:26.724Z
MLB6573107112,VTK001030,469f43d5-c9f0-4cb5-ada9-40e677303c42,2044a91d-29de-4cce-83ca-5ec15ba7853f,437.92,,null,61.31,ml_live,24.45,ml_live,0.08279935223578168,estimated,,,0.07,0.1,0.15,inconclusive,CUSTO_INDISPONIVEL,VORTEK-CANON-1.0-ECON-2,2026-09-06T03:50:26.724Z
MLB5112612271,VTK006548,87de7374-e4fc-401f-8334-a1e587ddaf43,d93e3510-3c13-4115-819b-e22d3aae40a0,282.79,,null,41,ml_live,25.55,ml_live,0.08279935223578168,estimated,,,0.07,0.1,0.15,inconclusive,CUSTO_INDISPONIVEL,VORTEK-CANON-1.0-ECON-2,2026-09-06T03:50:27.335Z
MLB5118807219,VTK000013,1c71fd54-40eb-4eaa-b34b-d8e1c647ddb4,56faa9fc-3b2c-48a1-9544-f7e71d344e8d,286.21,,null,38.64,ml_live,23.25,ml_live,0.08279935223578168,estimated,,,0.07,0.1,0.15,inconclusive,CUSTO_INDISPONIVEL,VORTEK-CANON-1.0-ECON-2,2026-09-06T03:50:27.339Z
MLB5124177111,VTK000162,9543840f-b8d1-4e1a-97ba-2e82bbe47429,c323a7fb-d66e-41dd-a9b3-91f5235dfa95,728.09,,null,120.13,ml_live,50.75,ml_live,0.08279935223578168,estimated,,,0.07,0.1,0.15,inconclusive,CUSTO_INDISPONIVEL,VORTEK-CANON-1.0-ECON-2,2026-09-06T03:50:28.155Z
MLB7510665842,VTK001323,307e40cb-53b0-4504-be09-1b7141ba7f13,224830df-9d5b-4909-be82-e94d5d9bb39a,1237.2,,null,204.14,ml_live,40.85,ml_live,0.08279935223578168,estimated,,,0.1,0.15,0.2,inconclusive,CUSTO_INDISPONIVEL,VORTEK-CANON-1.0-ECON-2,2026-09-06T03:50:27.922Z
MLB7510665790,VTK000663,9555a80d-7651-44d5-a113-f940b53e35a4,d56594ae-a172-4989-94b8-47a2b50a507f,3306,,null,545.49,ml_live,70.95,ml_live,0.08279935223578168,estimated,,,0.1,0.15,0.2,inconclusive,CUSTO_INDISPONIVEL,VORTEK-CANON-1.0-ECON-2,2026-09-06T03:50:27.925Z
MLB7524752200,VTK000974,a98dfce0-a975-4e9d-89ee-41ea9bbfd05f,4c618ba0-213e-4ce2-aaae-42e281984c1a,208.58,,null,37.54,ml_live,24.45,ml_live,0.08279935223578168,estimated,,,0.07,0.1,0.15,inconclusive,CUSTO_INDISPONIVEL,VORTEK-CANON-1.0-ECON-2,2026-09-06T03:50:28.532Z
MLB7520874628,VTK003679,d434509d-1a0f-44ca-9562-15f6b1522f89,5dcbe090-22a8-493e-abe9-d5cd03292d31,1400.6,,null,231.1,ml_live,70.95,ml_live,0.08279935223578168,estimated,,,0.1,0.15,0.2,inconclusive,CUSTO_INDISPONIVEL,VORTEK-CANON-1.0-ECON-2,2026-09-06T03:50:28.539Z
MLB7520656338,VTK006411,1861b447-05e8-424f-aaa9-3de1c5b8eee7,8f10f1f9-8910-427b-bd3b-75b62ed2a9ad,181.44,,null,29.03,ml_live,21.35,ml_live,0.08279935223578168,estimated,,,0.05,0.07,0.1,inconclusive,CUSTO_INDISPONIVEL,VORTEK-CANON-1.0-ECON-2,2026-09-06T03:50:28.768Z
MLB5138187107,VTK000837,61b49dd2-705b-43c9-a6ad-d19f4b3be37c,a1337d45-4df5-4b93-be2d-454d71b6ffa3,167.38,,null,26.78,ml_live,22.25,ml_live,0.08279935223578168,estimated,,,0.05,0.07,0.1,inconclusive,CUSTO_INDISPONIVEL,VORTEK-CANON-1.0-ECON-2,2026-09-06T03:50:29.125Z
MLB5138132481,VTK005645,719507bf-9765-4756-9186-8d03236bcc59,f986e584-a53b-4897-bd6a-7313bc3abb6b,1520.43,,null,250.87,ml_live,70.95,ml_live,0.08279935223578168,estimated,,,0.1,0.15,0.2,inconclusive,CUSTO_INDISPONIVEL,VORTEK-CANON-1.0-ECON-2,2026-09-06T03:50:29.128Z
MLB7529393594,VTK006451,7d513f59-d5d3-43fb-8b2c-052b385924a9,ab8ab06d-d13b-4734-b5f1-974e64cf2fb2,177.19,,null,28.35,ml_live,21.35,ml_live,0.08279935223578168,estimated,,,0.05,0.07,0.1,inconclusive,CUSTO_INDISPONIVEL,VORTEK-CANON-1.0-ECON-2,2026-09-06T03:50:29.125Z
