"anuncio";"sku";"produto";"fornecedor";"status";"preco_anterior";"preco_verificado";"margem_verificada";"alvo";"pendencia"
"MLB6564925370";"VTK000980";"Gabinete Gamer Fortrek Crystal Mid Tower Preto";"INCONCLUSIVO";"ECONOMIA_INCONCLUSIVA";"219";"219";"";"0.1";"CUSTO_INDISPONIVEL"
"MLB6563496572";"VTK006351";"Smart Box TV 4k Proeletronic Stickpro PROSK-1000 Preto";"EVOLUSOM-PR";"ALVO_VALIDADO";"296.97";"321.9";"0.1";"0.1";""
"MLB6563424768";"VTK001232";"Suporte Triarticulado Com Inclinação Para TV 26""-75"" STPA2000 Multivisão";"BKR1";"ALVO_VALIDADO";"343.13";"372.46";"0.10001073940825861";"0.1";""
"MLB4582569783";"VTK000876";"Suporte Para Notebook NBC-40BK C3Tech";"EVOLUSOM-PR";"ALVO_VALIDADO";"68";"72.85";"0.07000686341798215";"0.07";""
"MLB6573129170";"VTK006019";"Nobreak Ts Shara XPRO Senoidal Universal 1400VA Bivolt";"EVOLUSOM-PR";"ALVO_VALIDADO";"1599";"1599";"0.21203252032520326";"0.15";""
"MLB6573117368";"VTK001071";"Arandela Frahm 6"" Quadrada Branca 25W RMS 8 Ohms";"EVOLUSOM-PR";"ALVO_VALIDADO";"259";"267.35";"0.10001870207593042";"0.1";""
"MLB6573116662";"VTK001208";"Arandela 6"" Frahm 40w Quadrada Cx Branca";"EVOLUSOM-PR";"ALVO_VALIDADO";"217";"225.15";"0.10002220741727737";"0.1";""
"MLB6573116426";"VTK006293";"Microfone Sem Fio AKG WP300 Vocal Dual UHF";"EVOLUSOM-PR";"ALVO_VALIDADO";"1770";"1916.65";"0.15000130435916834";"0.15";""
"MLB4585881731";"VTK000800";"Arandela 6"" Frahm 40w Redonda Cx Branca";"EVOLUSOM-PR";"ALVO_VALIDADO";"219";"223.4";"0.09999999999999999";"0.1";""
"MLB4585868757";"VTK005449";"Plug P2 90° Storm Metal Gold - PCT / 10";"BKR1";"ALVO_VALIDADO";"230.23";"246.36";"0.1000162364020133";"0.1";""
"MLB4612598629";"VTK005449";"Plug P2 90° Storm Metal Gold - PCT / 10";"BKR1";"ALVO_VALIDADO";"230.23";"246.36";"0.1000162364020133";"0.1";""
"MLB6646506832";"VTK000800";"Arandela 6"" Frahm 40w Redonda Cx Branca";"EVOLUSOM-PR";"ALVO_VALIDADO";"219";"223.4";"0.09999999999999999";"0.1";""
"MLB6655134252";"VTK001232";"Suporte Triarticulado Com Inclinação Para TV 26""-75"" STPA2000 Multivisão";"BKR1";"ALVO_VALIDADO";"343.13";"372.46";"0.10001073940825861";"0.1";""
"MLB6681942972";"VTK006293";"Microfone Sem Fio AKG WP300 Vocal Dual UHF";"EVOLUSOM-PR";"ALVO_VALIDADO";"1770";"1916.65";"0.15000130435916834";"0.15";""
"MLB4773205281";"VTK009701";"Violoncelo Al 1210 3/4 Alan Com Capa Arco Breu";"VANRAL";"ALVO_VALIDADO";"1890";"2120.78";"0.1500014145738832";"0.15";""
"MLB4773181121";"VTK009698";"Guitarra Elétrica Ash Thomaz Teg 320 Natural";"VANRAL";"ALVO_VALIDADO";"1029";"1297.33";"0.1500003854069512";"0.15";""
"MLB4773179543";"VTK009691";"Estante Reta Cs 3 Para Pratos De Bateria New York";"VANRAL";"ALVO_VALIDADO";"406.84";"434.9";"0.1";"0.1";""
"MLB4773178955";"VTK009686";"Banco Para Bateria Dt 3 New York";"VANRAL";"ALVO_VALIDADO";"220.45";"238.4";"0.09999999999999999";"0.1";""
"MLB4773176491";"VTK009677";"Violino Al 1410 4/4 Alan Com Case Arco Breu Cavalete";"VANRAL";"ALVO_VALIDADO";"424.34";"453.36";"0.10000882301041115";"0.1";""
"MLB4773176129";"VTK009676";"Escaleta Melódica 37 Teclas Azul New York";"VANRAL";"ALVO_VALIDADO";"207.13";"222.57";"0.10001347890551288";"0.1";""
"MLB4773175741";"VTK009674";"Prato De Ataque Para Bateria 18"" New York";"VANRAL";"ALVO_VALIDADO";"138";"143.51";"0.07002996306877571";"0.07";""
"MLB4773141599";"VTK009681";"Microfone Sem Fio Tk V202 Vhf Onyx";"VANRAL";"ALVO_VALIDADO";"331.22";"356.87";"0.10000840642250679";"0.1";""
"MLB4773140039";"VTK009678";"Microfone Dinâmico Com Fio Tk 22c Onyx";"VANRAL";"ALVO_VALIDADO";"111";"112.38";"0.07003025449368215";"0.07";""
"MLB4773137499";"VTK009665";"Estante De Caixa Para Bateria Ss 1 New York";"VANRAL";"ALVO_VALIDADO";"167";"172.44";"0.07005335189051265";"0.07";""
"MLB4773133389";"VTK009703";"Estante Para Pratos Girafa Cs 5 Com Contra Peso New York";"VANRAL";"ALVO_VALIDADO";"451";"493.29";"0.10000202720509233";"0.1";""
"MLB4773133041";"VTK009700";"Viola Clássica De Arco Al 1310 4/4 Alan Com Case Arco Breu Cavalete";"VANRAL";"ALVO_VALIDADO";"639";"692.7";"0.09999999999999999";"0.1";""
"MLB4773132737";"VTK009699";"Violão Clássico De Nylon Para Destros Verniz Brilhante Com Tensor Tcg 200 Sunburst Cordoba";"VANRAL";"ALVO_VALIDADO";"365.37";"393.72";"0.10002031900843239";"0.1";""
"MLB4773130609";"VTK009690";"Estante Girafa Cs 1 Para Pratos De Bateria New York";"VANRAL";"ALVO_VALIDADO";"338.45";"362.62";"0.10002206166234627";"0.1";""
"MLB4773129795";"VTK009682";"Microfone Sem Fio Duplo Tk U220 Uhf Onyx";"VANRAL";"ALVO_VALIDADO";"699";"756.99";"0.10000132102141376";"0.1";""
"MLB4773129109";"VTK009680";"Microfone Dinâmico Com Fio Tk 58c Onyx";"VANRAL";"ALVO_VALIDADO";"178.02";"179.18";"0.07004129925214868";"0.07";""
"MLB4773128165";"VTK009679";"Microfone Dinâmico Com Fio Tk 51c Onyx";"VANRAL";"ALVO_VALIDADO";"178.55";"179.78";"0.07003003671153632";"0.07";""
"MLB4773125633";"VTK009666";"Pedal De Bumbo Bp 1 Cromado New York";"VANRAL";"ALVO_VALIDADO";"217.52";"234.46";"0.10001706047939947";"0.1";""
"MLB4772970809";"VTK009688";"Encordoamento Violão Aço 012 Phosphor Bronze 203l Thomaz";"VANRAL";"ALVO_VALIDADO";"52.09";"52.09";"0.07007103090804376";"0.07";""
"MLB6978727712";"VTK009679";"Microfone Dinâmico Com Fio Tk 51c Onyx";"VANRAL";"ALVO_VALIDADO";"178.55";"179.78";"0.07003003671153632";"0.07";""
"MLB4786791051";"VTK009680";"Microfone Dinâmico Com Fio Tk 58c Onyx";"VANRAL";"ALVO_VALIDADO";"178.02";"179.18";"0.07004129925214868";"0.07";""
"MLB4786790443";"VTK009703";"Estante Para Pratos Girafa Cs 5 Com Contra Peso New York";"VANRAL";"ALVO_VALIDADO";"451";"493.29";"0.10000202720509233";"0.1";""
"MLB4786790373";"VTK009665";"Estante De Caixa Para Bateria Ss 1 New York";"VANRAL";"ALVO_VALIDADO";"167";"172.44";"0.07005335189051265";"0.07";""
"MLB4786778315";"VTK009682";"Microfone Sem Fio Duplo Tk U220 Uhf Onyx";"VANRAL";"ALVO_VALIDADO";"699";"756.99";"0.10000132102141376";"0.1";""
"MLB4786777421";"VTK009678";"Microfone Dinâmico Com Fio Tk 22c Onyx";"VANRAL";"ALVO_VALIDADO";"111";"112.38";"0.07003025449368215";"0.07";""
"MLB4786777235";"VTK009677";"Violino Al 1410 4/4 Alan Com Case Arco Breu Cavalete";"VANRAL";"ALVO_VALIDADO";"424.34";"453.36";"0.10000882301041115";"0.1";""
"MLB4786777173";"VTK009686";"Banco Para Bateria Dt 3 New York";"VANRAL";"ALVO_VALIDADO";"220.45";"238.4";"0.09999999999999999";"0.1";""
"MLB4786766415";"VTK009690";"Estante Girafa Cs 1 Para Pratos De Bateria New York";"VANRAL";"ALVO_VALIDADO";"338.45";"362.62";"0.10002206166234627";"0.1";""
"MLB4786757691";"VTK009674";"Prato De Ataque Para Bateria 18"" New York";"VANRAL";"ALVO_VALIDADO";"138";"143.51";"0.07002996306877571";"0.07";""
"MLB6984996878";"VTK000065";"Par de Caixa Som Ambiente JBL C521P 40W Preta - PAR / 2";"EVOLUSOM-PR";"ALVO_VALIDADO";"990";"992.39";"0.10000100766835619";"0.1";""
"MLB6984929310";"VTK000065";"Par de Caixa Som Ambiente JBL C521P 40W Preta - PAR / 2";"EVOLUSOM-PR";"ALVO_VALIDADO";"990";"992.39";"0.10000100766835619";"0.1";""
"MLB4799211343";"VTK009666";"Pedal De Bumbo Bp 1 Cromado New York";"VANRAL";"ALVO_VALIDADO";"217.52";"234.46";"0.10001706047939947";"0.1";""
"MLB7010058418";"VTK000492";"Ventilador de Coluna Ventisol Turbo 6 40cm Bronze 220v";"BKR1";"ALVO_VALIDADO";"282";"302.58";"0.1000066098221958";"0.1";""
"MLB7009939716";"VTK000021";"Bateria Estacionária Selada 12V 12Ah VRLA UP12120 Unipower";"EVOLUSOM-PR";"ECONOMIA_INCONCLUSIVA";"279.27";"279.27";"";"0.1";"INCONCLUSIVO_FONTE_ML_INDISPONIVEL | FRETE_INDISPONIVEL"
"MLB7009932794";"VTK000475";"Ventilador de Parede Ventisol Monta Fácil 50cm Preto 220v";"EVOLUSOM-PR";"ALVO_VALIDADO";"330";"330";"0.10793939393939393";"0.1";""
"MLB7009927448";"VTK000132";"Bateria Estacionária Selada 12V 9Ah VRLA UP1290 Unipower";"EVOLUSOM-PR";"ECONOMIA_INCONCLUSIVA";"203.25";"203.25";"";"0.1";"INCONCLUSIVO_FONTE_ML_INDISPONIVEL | FRETE_INDISPONIVEL"
"MLB7009921386";"VTK000185";"Bateria Estacionária Selada 6V 12Ah VRLA UP6120 Unipower";"EVOLUSOM-PR";"ECONOMIA_INCONCLUSIVA";"229.81";"229.81";"";"0.1";"INCONCLUSIVO_FONTE_ML_INDISPONIVEL | FRETE_INDISPONIVEL"
"MLB7009920192";"VTK000153";"Ventilador de Parede Ventisol New Premium 60cm Preto 220v";"EVOLUSOM-PR";"ALVO_VALIDADO";"370";"373.95";"0.10001337077149351";"0.1";""
"MLB7009915854";"VTK000076";"Par de Caixa Som Ambiente JBL C521B 40W Branca - PAR / 2";"EVOLUSOM-PR";"ALVO_VALIDADO";"777";"866.85";"0.10000576801061313";"0.1";""
"MLB7009884118";"VTK000346";"Ventilador de Coluna Ventisol Turbo 6 40cm Preto 220v";"BKR1";"ALVO_VALIDADO";"280.87";"302.58";"0.1000066098221958";"0.1";""
"MLB7009878740";"VTK000174";"Par de Caixa Som Ambientare JBL C321P 30W Preta - PAR / 2";"EVOLUSOM-PR";"ALVO_VALIDADO";"990";"1122.55";"0.1500066812168723";"0.15";""
"MLB7009875704";"VTK000419";"Suporte Para Notebook Com Cooler NBC-50BK C3Tech";"EVOLUSOM-PR";"ALVO_VALIDADO";"100.45";"100.45";"0.14235938277750124";"0.07";""
"MLB7009323242";"VTK000041";"Encordoamento Violão Nylon Tensão Media Student EJ27N D Addario";"BKR1";"ALVO_VALIDADO";"122.31";"122.32";"0.07006213211249183";"0.07";""
"MLB7009318968";"VTK000244";"Antena Externa TV 4 em 1 VHF/UHF/FM/HDTV DTV-3000 Aquário";"EVOLUSOM-PR";"ECONOMIA_INCONCLUSIVA";"194.68";"194.68";"";"0.07";"INCONCLUSIVO_FONTE_ML_INDISPONIVEL | FRETE_INDISPONIVEL"
"MLB7009017476";"VTK009749";"Violão Acústico De Aço Para Destros Com Tensor Tcg 390 A Amarelo Thomaz";"VANRAL";"ALVO_VALIDADO";"578";"643.4";"0.1";"0.1";""
"MLB7009017380";"VTK009750";"Violão Eletroacústico Kids De Nylon Tcg 360 Eq Natural Thomaz";"VANRAL";"ALVO_VALIDADO";"606.88";"654.2";"0.09999999999999999";"0.1";""
"MLB7009017154";"VTK000145";"Mesa de Som Yamaha MG06X 6 Canais Bivolt Preta";"VANRAL";"ALVO_VALIDADO";"1590";"1806.25";"0.15000138408304498";"0.15";""
"MLB7009016324";"VTK009736";"Guitarra Elétrica Thomaz Teg 310 Natural";"VANRAL";"ALVO_VALIDADO";"697.15";"786.72";"0.10001016880211512";"0.1";""
"MLB7009015836";"VTK009721";"Bag Para Acordeon, Sanfona, Gaita 48 Baixos Thommasi";"VANRAL";"ALVO_VALIDADO";"420.64";"449.78";"0.10000444661834675";"0.1";""
"MLB7009013866";"VTK000247";"Monitor de Referência Para Estúdio Yamaha HS5 Branco";"VANRAL";"ALVO_VALIDADO";"2314";"2728.4";"0.15";"0.15";""
"MLB4801397717";"VTK000132";"Bateria Estacionária Selada 12V 9Ah VRLA UP1290 Unipower";"EVOLUSOM-PR";"ECONOMIA_INCONCLUSIVA";"203.25";"203.25";"";"0.1";"INCONCLUSIVO_FONTE_ML_INDISPONIVEL | FRETE_INDISPONIVEL"
"MLB4801364301";"VTK000185";"Bateria Estacionária Selada 6V 12Ah VRLA UP6120 Unipower";"EVOLUSOM-PR";"ECONOMIA_INCONCLUSIVA";"229.81";"229.81";"";"0.1";"INCONCLUSIVO_FONTE_ML_INDISPONIVEL | FRETE_INDISPONIVEL"
"MLB4801296963";"VTK000489";"Ventilador de Coluna Ventisol Turbo 6 30cm Preto 220v";"EVOLUSOM-PR";"ALVO_VALIDADO";"235";"258.9";"0.1";"0.1";""
"MLB4801295297";"VTK001026";"Antena Externa TV 2 em 1 UHF/HD Com Cabo FULL HD DTV1500 Aquário";"EVOLUSOM-PR";"ECONOMIA_INCONCLUSIVA";"140.96";"140.96";"";"0.07";"INCONCLUSIVO_FONTE_ML_INDISPONIVEL | FRETE_INDISPONIVEL"
"MLB4801155957";"VTK000484";"Kit Teclado e Mouse C3Tech K-W20BK Sem Fio Preto";"EVOLUSOM-PR";"ALVO_VALIDADO";"99";"103.5";"0.07004830917874397";"0.07";""
"MLB4801143851";"VTK000041";"Encordoamento Violão Nylon Tensão Media Student EJ27N D Addario";"BKR1";"ALVO_VALIDADO";"122.31";"122.32";"0.07006213211249183";"0.07";""
"MLB4801121037";"VTK003936";"Liquidificador Agratto LQLF-01 Leitoso 850W Cristal 127v";"EVOLUSOM-PR";"ALVO_VALIDADO";"201.02";"201.02";"0.20027857924584616";"0.1";""
"MLB4801083479";"VTK000232";"Leitor de Código de Barras C3Tech LB-50BK USB";"EVOLUSOM-PR";"ALVO_VALIDADO";"176.22";"176.22";"0.09255476109408693";"0.07";""
"MLB4801081999";"VTK003936";"Liquidificador Agratto LQLF-01 Leitoso 850W Cristal 127v";"EVOLUSOM-PR";"ALVO_VALIDADO";"201.02";"201.02";"0.20027857924584616";"0.1";""
"MLB4800984045";"VTK009723";"Estante Para Hit Hat Hs 3 New York";"VANRAL";"ALVO_VALIDADO";"617";"658.67";"0.1000045546328207";"0.1";""
"MLB4800983975";"VTK009727";"Estante Para Bongô Bgs 21c New York";"VANRAL";"ALVO_VALIDADO";"459";"520.76";"0.10000768108149627";"0.1";""
"MLB4800983891";"VTK009755";"Banco De Piano Com Regulagem Ba 5 Preto Alan";"VANRAL";"ALVO_VALIDADO";"738";"813.63";"0.10000860341924463";"0.1";""
"MLB4800982403";"VTK009739";"Violão Clássico De Nylon Para Destros Verniz Brilhante Com Tensor Tcg 200 Preto Cordoba";"VANRAL";"ALVO_VALIDADO";"362.43";"420.95";"0.10001187789523697";"0.1";""
"MLB4800982013";"VTK009753";"Violão Clássico De Nylon Para Destros Verniz Brilhante Com Tensor Tcg 200 Natural Light Cordoba";"VANRAL";"ALVO_VALIDADO";"359.85";"420.95";"0.10001187789523697";"0.1";""
"MLB4800981401";"VTK009767";"Guitarra Elétrica Vintage Thomaz Teg 400v Preto";"VANRAL";"ALVO_VALIDADO";"656.22";"757.54";"0.10000792037384165";"0.1";""
"MLB4800980893";"VTK009830";"Violão Eletroacústico Apxt2 Drb Dark Red Burst Com Bag Yamaha";"VANRAL";"ALVO_VALIDADO";"2681.98";"2681.99";"0.15000055928620168";"0.15";""
"MLB4800980675";"VTK009752";"Violão Acústico De Aço Para Destros Com Tensor Tcg 390 A Natural Thomaz";"VANRAL";"ALVO_VALIDADO";"576.3";"618.86";"0.10000646349739845";"0.1";""
"MLB4800980603";"VTK009746";"Pedal De Bumbo Bp 3 Cromado New York";"VANRAL";"ALVO_VALIDADO";"314.49";"336.68";"0.10000594035879767";"0.1";""
"MLB4800962603";"VTK009744";"Bag Para Acordeon, Sanfona, Gaita 80 Baixos Thommasi";"VANRAL";"ALVO_VALIDADO";"450";"493.16";"0.10000811095790413";"0.1";""
"MLB4800962493";"VTK009721";"Bag Para Acordeon, Sanfona, Gaita 48 Baixos Thommasi";"VANRAL";"ALVO_VALIDADO";"420.64";"449.78";"0.10000444661834675";"0.1";""
"MLB4800960719";"VTK009769";"Violão Acústico De Aço Para Destros Com Tensor Tcg 390 A Azul Thomaz";"VANRAL";"ALVO_VALIDADO";"601.58";"643.4";"0.1";"0.1";""
"MLB4800960157";"VTK009766";"Guitarra Elétrica Thomaz Teg 310 Sunburst";"VANRAL";"ALVO_VALIDADO";"870";"870";"0.1624367816091954";"0.1";""
"MLB4800958419";"VTK009744";"Bag Para Acordeon, Sanfona, Gaita 80 Baixos Thommasi";"VANRAL";"ALVO_VALIDADO";"450";"493.16";"0.10000811095790413";"0.1";""
"MLB4800958323";"VTK009738";"Violão Acústico Infantil De Nylon Para Destros Com Tensor Tcg 360 Vermelho Thomaz";"VANRAL";"ALVO_VALIDADO";"535.58";"579.04";"0.10001036197844708";"0.1";""
"MLB4800958095";"VTK009737";"Guitarra Elétrica Vintage Thomaz Teg 400v Branco";"VANRAL";"ALVO_VALIDADO";"707";"757.54";"0.10000792037384165";"0.1";""
"MLB4800957353";"VTK009722";"Bag Para Acordeon, Sanfona, Gaita 120 Baixos Thommasi";"VANRAL";"ALVO_VALIDADO";"524.73";"562.39";"0.10000177812550011";"0.1";""
"MLB4800957239";"VTK009712";"Violão Eletroacústico Kids De Nylon Tcg 360 Eq Vermelho Thomaz";"VANRAL";"ALVO_VALIDADO";"606.88";"654.2";"0.09999999999999999";"0.1";""
"MLB4800956385";"VTK009710";"Guitarra Elétrica Ash Thomaz Teg 320 Preto";"VANRAL";"ALVO_VALIDADO";"1077";"1241.18";"0.15000241705473824";"0.15";""
"MLB4800949819";"VTK009774";"Estante Para Hit Hat Hs 1 New York";"VANRAL";"ALVO_VALIDADO";"335.96";"359.99";"0.10000277785494041";"0.1";""
"MLB4800949709";"VTK009726";"Estante De Caixa Para Bateria Ss 3 New York";"VANRAL";"ALVO_VALIDADO";"319";"352.84";"0.10001700487473077";"0.1";""
"MLB4800949565";"VTK009746";"Pedal De Bumbo Bp 3 Cromado New York";"VANRAL";"ALVO_VALIDADO";"314.49";"336.68";"0.10000594035879767";"0.1";""
"MLB4800949527";"VTK000247";"Monitor de Referência Para Estúdio Yamaha HS5 Branco";"VANRAL";"ALVO_VALIDADO";"2314";"2728.4";"0.15";"0.15";""
"MLB4800948213";"VTK009713";"Violão Eletroacústico Kids De Aço Tcg 360 A Eq Preto Thomaz";"VANRAL";"ALVO_VALIDADO";"613.83";"661.53";"0.10001058153069399";"0.1";""
"MLB4800947471";"VTK001038";"Pedal Triplo LP1B Yamaha Preto";"VANRAL";"ALVO_VALIDADO";"938.21";"947.56";"0.1000042213685677";"0.1";""
"MLB4800947203";"VTK009765";"Guitarra Elétrica Thomaz Teg 310 Preto";"VANRAL";"ALVO_VALIDADO";"768";"786.72";"0.10001016880211512";"0.1";""
"MLB4800945791";"VTK009726";"Estante De Caixa Para Bateria Ss 3 New York";"VANRAL";"ALVO_VALIDADO";"319";"352.84";"0.10001700487473077";"0.1";""
"MLB4800945023";"VTK009735";"Guitarra Elétrica Ash Thomaz Teg 320 Vermelho";"VANRAL";"ALVO_VALIDADO";"1077";"1241.18";"0.15000241705473824";"0.15";""
"MLB4800944801";"VTK009734";"Bateria Acústica Infantil Junior 2t Vermelha Com Banco New York";"VANRAL";"ALVO_VALIDADO";"1690";"1947.56";"0.15000308077799915";"0.15";""
"MLB4800943761";"VTK009711";"Guitarra Elétrica Vintage Thomaz Teg 400v Sunburst";"VANRAL";"ALVO_VALIDADO";"699";"757.54";"0.10000792037384165";"0.1";""
"MLB4800942397";"VTK009774";"Estante Para Hit Hat Hs 1 New York";"VANRAL";"ALVO_VALIDADO";"335.96";"359.99";"0.10000277785494041";"0.1";""
"MLB4800936039";"VTK009768";"Violão Acústico De Nylon Para Destros Com Tensor Tcg 390 Natural Thomaz";"VANRAL";"ALVO_VALIDADO";"601.58";"648.62";"0.10001233387807962";"0.1";""
"MLB4800935847";"VTK009755";"Banco De Piano Com Regulagem Ba 5 Preto Alan";"VANRAL";"ALVO_VALIDADO";"738";"813.63";"0.10000860341924463";"0.1";""
"MLB4800933727";"VTK009727";"Estante Para Bongô Bgs 21c New York";"VANRAL";"ALVO_VALIDADO";"459";"520.76";"0.10000768108149627";"0.1";""
"MLB4800933665";"VTK009723";"Estante Para Hit Hat Hs 3 New York";"VANRAL";"ALVO_VALIDADO";"617";"658.67";"0.1000045546328207";"0.1";""
"MLB4800933249";"VTK001790";"Cubo Para Guitarra Yamaha GA15II 15W RMS Preto";"VANRAL";"ALVO_VALIDADO";"1450";"1673.18";"0.1500017929929834";"0.15";""
"MLB4800932331";"VTK009714";"Viola Clássica De Arco Al 1310 3/4 Alan Com Case Arco Breu Cavalete";"VANRAL";"ALVO_VALIDADO";"637";"699.85";"0.10000714438808316";"0.1";""
"MLB4800932163";"VTK009704";"Pedal De Bumbo Duplo Bp 5 New York";"VANRAL";"ALVO_VALIDADO";"920.93";"941.9";"0.1";"0.1";""
"MLB7012935280";"VTK009704";"Pedal De Bumbo Duplo Bp 5 New York";"VANRAL";"ALVO_VALIDADO";"920.93";"941.9";"0.1";"0.1";""
"MLB7012935140";"VTK009768";"Violão Acústico De Nylon Para Destros Com Tensor Tcg 390 Natural Thomaz";"VANRAL";"ALVO_VALIDADO";"601.58";"648.62";"0.10001233387807962";"0.1";""
"MLB7012934562";"VTK009750";"Violão Eletroacústico Kids De Nylon Tcg 360 Eq Natural Thomaz";"VANRAL";"ALVO_VALIDADO";"606.88";"654.2";"0.09999999999999999";"0.1";""
"MLB7012823734";"VTK001790";"Cubo Para Guitarra Yamaha GA15II 15W RMS Preto";"VANRAL";"ALVO_VALIDADO";"1450";"1673.18";"0.1500017929929834";"0.15";""
"MLB7012823524";"VTK009735";"Guitarra Elétrica Ash Thomaz Teg 320 Vermelho";"VANRAL";"ALVO_VALIDADO";"1077";"1241.18";"0.15000241705473824";"0.15";""
"MLB7012811320";"VTK009738";"Violão Acústico Infantil De Nylon Para Destros Com Tensor Tcg 360 Vermelho Thomaz";"VANRAL";"ALVO_VALIDADO";"535.58";"579.04";"0.10001036197844708";"0.1";""
"MLB4804206631";"VTK000076";"Par de Caixa Som Ambiente JBL C521B 40W Branca - PAR / 2";"EVOLUSOM-PR";"ALVO_VALIDADO";"777";"866.85";"0.10000576801061313";"0.1";""
"MLB4804196255";"VTK000174";"Par de Caixa Som Ambientare JBL C321P 30W Preta - PAR / 2";"EVOLUSOM-PR";"ALVO_VALIDADO";"990";"1122.55";"0.1500066812168723";"0.15";""
"MLB4803805769";"VTK000145";"Mesa de Som Yamaha MG06X 6 Canais Bivolt Preta";"VANRAL";"ALVO_VALIDADO";"1590";"1806.25";"0.15000138408304498";"0.15";""
"MLB7023171888";"VTK006351";"Smart Box TV 4k Proeletronic Stickpro PROSK-1000 Preto";"EVOLUSOM-PR";"ALVO_VALIDADO";"296.97";"321.9";"0.1";"0.1";""
"MLB7023161014";"VTK009765";"Guitarra Elétrica Thomaz Teg 310 Preto";"VANRAL";"ALVO_VALIDADO";"768";"786.72";"0.10001016880211512";"0.1";""
"MLB4804992227";"VTK009737";"Guitarra Elétrica Vintage Thomaz Teg 400v Branco";"VANRAL";"ALVO_VALIDADO";"707";"757.54";"0.10000792037384165";"0.1";""
"MLB4804992207";"VTK009769";"Violão Acústico De Aço Para Destros Com Tensor Tcg 390 A Azul Thomaz";"VANRAL";"ALVO_VALIDADO";"601.58";"643.4";"0.1";"0.1";""
"MLB4804981979";"VTK009712";"Violão Eletroacústico Kids De Nylon Tcg 360 Eq Vermelho Thomaz";"VANRAL";"ALVO_VALIDADO";"606.88";"654.2";"0.09999999999999999";"0.1";""
"MLB4804981757";"VTK000419";"Suporte Para Notebook Com Cooler NBC-50BK C3Tech";"EVOLUSOM-PR";"ALVO_VALIDADO";"100.45";"100.45";"0.14235938277750124";"0.07";""
"MLB4804969009";"VTK009713";"Violão Eletroacústico Kids De Aço Tcg 360 A Eq Preto Thomaz";"VANRAL";"ALVO_VALIDADO";"613.83";"661.53";"0.10001058153069399";"0.1";""
"MLB4811202227";"VTK000475";"Ventilador de Parede Ventisol Monta Fácil 50cm Preto 220v";"EVOLUSOM-PR";"ALVO_VALIDADO";"330";"330";"0.10793939393939393";"0.1";""
"MLB7046574872";"VTK009691";"Estante Reta Cs 3 Para Pratos De Bateria New York";"VANRAL";"ALVO_VALIDADO";"406.84";"434.9";"0.1";"0.1";""
"MLB7046574830";"VTK009711";"Guitarra Elétrica Vintage Thomaz Teg 400v Sunburst";"VANRAL";"ALVO_VALIDADO";"699";"757.54";"0.10000792037384165";"0.1";""
"MLB7044868942";"VTK009767";"Guitarra Elétrica Vintage Thomaz Teg 400v Preto";"VANRAL";"ALVO_VALIDADO";"656.22";"757.54";"0.10000792037384165";"0.1";""
"MLB7044005990";"VTK009736";"Guitarra Elétrica Thomaz Teg 310 Natural";"VANRAL";"ALVO_VALIDADO";"697.15";"786.72";"0.10001016880211512";"0.1";""
"MLB4820387925";"VTK000153";"Ventilador de Parede Ventisol New Premium 60cm Preto 220v";"EVOLUSOM-PR";"ALVO_VALIDADO";"370";"373.95";"0.10001337077149351";"0.1";""
"MLB4818724919";"VTK009701";"Violoncelo Al 1210 3/4 Alan Com Capa Arco Breu";"VANRAL";"ALVO_VALIDADO";"1890";"2120.78";"0.1500014145738832";"0.15";""
"MLB4818724579";"VTK009698";"Guitarra Elétrica Ash Thomaz Teg 320 Natural";"VANRAL";"ALVO_VALIDADO";"1029";"1297.33";"0.1500003854069512";"0.15";""
"MLB4818724561";"VTK009752";"Violão Acústico De Aço Para Destros Com Tensor Tcg 390 A Natural Thomaz";"VANRAL";"ALVO_VALIDADO";"576.3";"618.86";"0.10000646349739845";"0.1";""
"MLB7079117896";"VTK000083";"Encordoamento Para Contrabaixo .045 5 Cordas Nickel SG";"BKR1";"ALVO_VALIDADO";"179.85";"179.85";"0.07834306366416459";"0.07";""
"MLB7076594134";"VTK000169";"Encordoamento Para Violão .011 Custom Light Phosphor Nanoweb Elixir";"BKR1";"ALVO_VALIDADO";"295.14";"311.87";"0.10000961939269568";"0.1";""
"MLB7076566174";"VTK000103";"Encordoamento Violão Nylon Tensão Media Pro-Arte Nylon Core EJ45 D Addario";"BKR1";"ALVO_VALIDADO";"171";"187.02";"0.07004598438669661";"0.07";""
"MLB7076440644";"VTK000029";"Encordoamento Para Guitarra .009 Super Light Nanoweb 12002 Elixir";"BKR1";"ALVO_VALIDADO";"214.3";"226.89";"0.10000440742209883";"0.1";""
"MLB4836158379";"VTK000157";"Ventilador de Mesa Ventisol Turbo 6 30cm Preto/Cinza 220v";"BKR1";"ALVO_VALIDADO";"187.64";"224.62";"0.10003561570652657";"0.1";""
"MLB4836091795";"VTK000083";"Encordoamento Para Contrabaixo .045 5 Cordas Nickel SG";"BKR1";"ALVO_VALIDADO";"179.85";"179.85";"0.07834306366416459";"0.07";""
"MLB7087427092";"VTK006496";"Amplificador Frahm Slim 2000 G6 120w RMS";"EVOLUSOM-PR";"ALVO_VALIDADO";"870";"875.63";"0.10000799424414421";"0.1";""
"MLB7087424240";"VTK005369";"Apresentador Sem Fio C3Tech AP-600";"EVOLUSOM-PR";"ALVO_VALIDADO";"129";"129";"0.07162790697674419";"0.07";""
"MLB7087422150";"VTK003620";"Encordoamento Para Violão .011 Custom Light Bronze Nanoweb 11027 Elixir";"BKR1";"ALVO_VALIDADO";"306.54";"323.43";"0.10002164301394428";"0.1";""
"MLB7087421362";"VTK003007";"Ventilador de Mesa Ventisol Turbo 6 40cm Bronze 220v";"BKR1";"ALVO_VALIDADO";"218.65";"237.4";"0.09999999999999999";"0.1";""
"MLB7087410758";"VTK003672";"Encordoamento Para Guitarra .009 Super Light Optiweb 19002 Elixir";"BKR1";"ALVO_VALIDADO";"224";"247.37";"0.10001212758216436";"0.1";""
"MLB7087410230";"VTK003230";"Secador de Cabelo Agratto Della SC01 1900W Preto 127v";"BKR1";"ALVO_VALIDADO";"165.96";"165.96";"0.07381296697999518";"0.07";""
"MLB7087408044";"VTK002110";"Multímetro Digital Hikari HM1100 Amarelo/Cinza";"EVOLUSOM-PR";"ALVO_VALIDADO";"115";"115";"0.08539130434782609";"0.07";""
"MLB7087153380";"VTK001145";"Mesa de Som Soundcraft MI-6 06 Canais USB";"EVOLUSOM-PR";"ALVO_VALIDADO";"1317";"1491.19";"0.15000100590803317";"0.15";""
"MLB7087149190";"VTK001048";"Cabo para Microfone Stereo AF(E) 2x0,14mm Tiaflex - RL / 100";"EVOLUSOM-PR";"ALVO_VALIDADO";"587.45";"623.28";"0.1000032088307021";"0.1";""
"MLB7087127710";"VTK000945";"Climatizador Ventisol CLIPRO 35L Branco/Cinza 127v";"BKR1";"ALVO_VALIDADO";"1226.88";"1374.62";"0.150005092316422";"0.15";""
"MLB7087121392";"VTK001126";"Mixer 3 Em 1 Agratto 700ml 127v";"BKR1";"ALVO_VALIDADO";"175";"175";"0.08148571428571429";"0.07";""
"MLB7087104498";"VTK001006";"Chaleira Elétrica Agratto Aroma 2,2 Litros Inox 127v";"BKR1";"ALVO_VALIDADO";"212.09";"224.53";"0.1000311762348016";"0.1";""
"MLB7087100620";"VTK000795";"Mangueira Látex 13 Metros KM215CV Verde Kepper";"EVOLUSOM-PR";"ALVO_VALIDADO";"142.83";"142.83";"0.08737660155429532";"0.07";""
"MLB7087039022";"VTK000405";"Pipoqueira Agratto Pop Cine Vermelha 127v";"BKR1";"ALVO_VALIDADO";"154";"162.63";"0.0700362786693722";"0.07";""
"MLB7087032866";"VTK000303";"Ventilador de Mesa Ventisol Turbo 6 50cm Preto 220v";"BKR1";"ALVO_VALIDADO";"311.38";"339.25";"0.1000147383935151";"0.1";""
"MLB7087031006";"VTK000258";"Pistola de Cola Quente Profissional 100W Bivolt HPC-100 Cinza Hikari";"EVOLUSOM-PR";"ALVO_VALIDADO";"136.51";"136.51";"0.09926012746318952";"0.07";""
"MLB7086990790";"VTK000372";"Ventilador de Mesa Ventisol Turbo 6 40cm Bronze 127v";"BKR1";"ALVO_VALIDADO";"218.65";"237.4";"0.09999999999999999";"0.1";""
"MLB7086978284";"VTK000374";"Ventilador de Mesa Ventisol Turbo 6 50cm Preto 127v";"BKR1";"ALVO_VALIDADO";"287.84";"310.95";"0.10001607975558773";"0.1";""
"MLB7086975852";"VTK000278";"Pistola de Cola Quente Profissional 150W Bivolt HPC150 Cinza Hikari";"EVOLUSOM-PR";"ALVO_VALIDADO";"155.87";"155.88";"0.07005388760585066";"0.07";""
"MLB7086772614";"VTK000029";"Encordoamento Para Guitarra .009 Super Light Nanoweb 12002 Elixir";"BKR1";"ALVO_VALIDADO";"214.3";"226.89";"0.10000440742209883";"0.1";""
"MLB4842212867";"VTK005472";"Conversor Giga USB Para Rj-45 Ethernet Storm";"BKR1";"ALVO_VALIDADO";"156.23";"156.23";"0.08173846252320298";"0.07";""
"MLB4842210865";"VTK003874";"Cabo XLR Macho x XLR Fêmea 6,10m Ninja LW B Santo Angelo";"EVOLUSOM-PR";"ALVO_VALIDADO";"137.66";"137.66";"0.11245096614848177";"0.07";""
"MLB4842207521";"VTK001920";"Encordoamento Para Guitarra .010 Light Nanoweb 12052 Elixir";"BKR1";"ALVO_VALIDADO";"222.95";"236.69";"0.10000422493556974";"0.1";""
"MLB4842188165";"VTK001719";"Arandela 6"" JBL 6CO1Q 25W Quadrada Branca - PAR / 2";"EVOLUSOM-PR";"ALVO_VALIDADO";"572.64";"607.28";"0.10000329337373205";"0.1";""
"MLB4842179537";"VTK000678";"Ventilador de Teto Ventisol Mistral 3 Pás Preto Bivolt";"EVOLUSOM-PR";"ALVO_VALIDADO";"340";"360.56";"0.10001109385400489";"0.1";""
"MLB4842179487";"VTK000672";"Ventilador de Teto Ventisol Wind 3 Pás Branco Bivolt";"BKR1";"ALVO_VALIDADO";"337.21";"356.2";"0.09999999999999999";"0.1";""
"MLB4842111899";"VTK001460";"Amplificador Frahm Slim 4100 Optical G5 300w Rms";"EVOLUSOM-PR";"ALVO_VALIDADO";"1690";"1941.96";"0.15000308966199097";"0.15";""
"MLB4842102367";"VTK001198";"Encordoamento Para Violão Aço .012 Médio Leve Earthwood 2146 Ernie Ball";"BKR1";"ALVO_VALIDADO";"114";"116.61";"0.07006260183517708";"0.07";""
"MLB4842093063";"VTK001281";"Mesa de Som Soundcraft MI-12 12 Canais USB";"EVOLUSOM-PR";"ALVO_VALIDADO";"2533";"2853.02";"0.15000245354045888";"0.15";""
"MLB4842080135";"VTK001265";"Chaleira Elétrica Agratto Aroma 2,2 Litros Inox 220v";"BKR1";"ALVO_VALIDADO";"212.09";"247.8";"0.1";"0.1";""
"MLB4842076103";"VTK001171";"Encordoamento Para Guitarra .010 Light Optiweb 19052 Elixir";"BKR1";"ALVO_VALIDADO";"233.49";"247.37";"0.10001212758216436";"0.1";""
"MLB4842017311";"VTK000739";"Mangueira Látex 18 Metros KM222CV Verde Kepper";"EVOLUSOM-PR";"ALVO_VALIDADO";"146.24";"146.24";"0.07556072210065645";"0.07";""
"MLB4842011317";"VTK000550";"Kit Teclado e Mouse C3tech K-W10 Sem Fio Preto";"EVOLUSOM-PR";"ALVO_VALIDADO";"95";"95";"0.0808421052631579";"0.07";""
"MLB4842009627";"VTK000474";"Suporte Para Notebook Com Cooler NBC-100BK C3Tech";"EVOLUSOM-PR";"ALVO_VALIDADO";"133.32";"133.33";"0.07005175129378234";"0.07";""
"MLB4842007827";"VTK000591";"Ventilador de Parede Ventisol New 50cm Preto 127v";"EVOLUSOM-PR";"ALVO_VALIDADO";"279";"312.94";"0.1000191730044098";"0.1";""
"MLB4841992283";"VTK000499";"Webcam C3Tech WB-100BK Full HD 1080P Preto";"EVOLUSOM-PR";"ALVO_VALIDADO";"163.75";"163.76";"0.07004152418172936";"0.07";""
"MLB4841991409";"VTK000453";"Ventilador de Coluna Ventisol Turbo 6 40cm Bronze 127v";"BKR1";"ALVO_VALIDADO";"267";"302.58";"0.1000066098221958";"0.1";""
"MLB4841983317";"VTK000398";"Apoio de Pés ABS Preto Multivisão";"EVOLUSOM-PR";"ALVO_VALIDADO";"141.85";"141.85";"0.10814240394783221";"0.07";""
"MLB4841909841";"VTK000047";"Multímetro Digital Minipa ET-1002";"EVOLUSOM-PR";"ALVO_VALIDADO";"141.09";"141.09";"0.10886668084201573";"0.07";""
"MLB4841871323";"VTK000169";"Encordoamento Para Violão .011 Custom Light Phosphor Nanoweb Elixir";"BKR1";"ALVO_VALIDADO";"295.14";"311.87";"0.10000961939269568";"0.1";""
"MLB7096954924";"VTK000763";"Smart TV Box Aquário STV3000 Plus";"EVOLUSOM-PR";"ALVO_VALIDADO";"379.16";"402.25";"0.10001243008079552";"0.1";""
"MLB7095391988";"VTK000474";"Suporte Para Notebook Com Cooler NBC-100BK C3Tech";"EVOLUSOM-PR";"ALVO_VALIDADO";"133.32";"133.33";"0.07005175129378234";"0.07";""
"MLB7095391390";"VTK001198";"Encordoamento Para Violão Aço .012 Médio Leve Earthwood 2146 Ernie Ball";"BKR1";"ALVO_VALIDADO";"114";"116.61";"0.07006260183517708";"0.07";""
"MLB7095391314";"VTK001460";"Amplificador Frahm Slim 4100 Optical G5 300w Rms";"EVOLUSOM-PR";"ALVO_VALIDADO";"1690";"1941.96";"0.15000308966199097";"0.15";""
"MLB7095390254";"VTK001920";"Encordoamento Para Guitarra .010 Light Nanoweb 12052 Elixir";"BKR1";"ALVO_VALIDADO";"222.95";"236.69";"0.10000422493556974";"0.1";""
"MLB7095339842";"VTK001171";"Encordoamento Para Guitarra .010 Light Optiweb 19052 Elixir";"BKR1";"ALVO_VALIDADO";"233.49";"247.37";"0.10001212758216436";"0.1";""
"MLB7095337574";"VTK003620";"Encordoamento Para Violão .011 Custom Light Bronze Nanoweb 11027 Elixir";"BKR1";"ALVO_VALIDADO";"306.54";"323.43";"0.10002164301394428";"0.1";""
"MLB7095328042";"VTK000398";"Apoio de Pés ABS Preto Multivisão";"EVOLUSOM-PR";"ALVO_VALIDADO";"141.85";"141.85";"0.10814240394783221";"0.07";""
"MLB7095328008";"VTK000499";"Webcam C3Tech WB-100BK Full HD 1080P Preto";"EVOLUSOM-PR";"ALVO_VALIDADO";"163.75";"163.76";"0.07004152418172936";"0.07";""
"MLB7095327328";"VTK001281";"Mesa de Som Soundcraft MI-12 12 Canais USB";"EVOLUSOM-PR";"ALVO_VALIDADO";"2533";"2853.02";"0.15000245354045888";"0.15";""
"MLB7095325034";"VTK006496";"Amplificador Frahm Slim 2000 G6 120w RMS";"EVOLUSOM-PR";"ALVO_VALIDADO";"870";"875.63";"0.10000799424414421";"0.1";""
"MLB4847396967";"VTK001131";"Panela Elétrica de Arroz Agratto PA6X Riso 400W 220v";"EVOLUSOM-PR";"ALVO_VALIDADO";"169.17";"169.18";"0.07004374039484572";"0.07";""
"MLB4846402331";"VTK003672";"Encordoamento Para Guitarra .009 Super Light Optiweb 19002 Elixir";"BKR1";"ALVO_VALIDADO";"224";"247.37";"0.10001212758216436";"0.1";""
"MLB7101696424";"VTK002110";"Multímetro Digital Hikari HM1100 Amarelo/Cinza";"EVOLUSOM-PR";"ALVO_VALIDADO";"115";"115";"0.08539130434782609";"0.07";""
"MLB7101696360";"VTK005369";"Apresentador Sem Fio C3Tech AP-600";"EVOLUSOM-PR";"ALVO_VALIDADO";"129";"129";"0.07162790697674419";"0.07";""
"MLB7104387632";"VTK000374";"Ventilador de Mesa Ventisol Turbo 6 50cm Preto 127v";"BKR1";"ALVO_VALIDADO";"287.84";"310.95";"0.10001607975558773";"0.1";""
"MLB4852431659";"VTK000278";"Pistola de Cola Quente Profissional 150W Bivolt HPC150 Cinza Hikari";"EVOLUSOM-PR";"ALVO_VALIDADO";"155.87";"155.88";"0.07005388760585066";"0.07";""
"MLB6978727556";"VTK009685";"Banco Para Bateria Dt 2 New York";"VANRAL";"ALVO_VALIDADO";"268";"302.35";"0.10001653712584752";"0.1";""
"MLB4773129991";"VTK009685";"Banco Para Bateria Dt 2 New York";"VANRAL";"ALVO_VALIDADO";"268";"302.35";"0.10001653712584752";"0.1";""
"MLB7111713458";"VTK000473";"Pilha Alcalina 1,5V AA LR6 (C/6 Pilhas) Panasonic - CAR / 6";"BKR1";"ALVO_VALIDADO";"39.19";"42.84";"0.0700280112044818";"0.07";""
"MLB7111713346";"VTK012448";"Bateria Cr123a Lítio 3v Unidade Flex";"BKR1";"ALVO_VALIDADO";"41.28";"43.64";"0.0701191567369386";"0.07";""
"MLB7111712006";"VTK012354";"Pilha Auditiva Rayovac E.adv Act Tam13 Cart 6 Sm-60";"BKR1";"ALVO_VALIDADO";"69.55";"69.55";"0.23623292595255213";"0.07";""
"MLB7111711972";"VTK012044";"Pilha Alcalina Tipo D Elgin - Cartela Com 02 Unidades";"EVOLUSOM-PR";"ALVO_VALIDADO";"42.46";"42.47";"0.07016717683070403";"0.07";""
"MLB7111707586";"VTK012136";"Pilha Zinco Aa4 Rayovac Amarelinhas Tubo Com 48 Unidades";"BKR1";"ALVO_VALIDADO";"93.81";"93.81";"0.0700351774864087";"0.07";""
"MLB7111707254";"VTK012137";"Painel Para Multicabos Sem Conectores 8 Vias Xlr Wireconex";"BKR1";"ALVO_VALIDADO";"242.78";"263.06";"0.10001520565650421";"0.1";""
"MLB7111661162";"VTK012117";"Painel Para Multicabos Sem Conectores 12 Vias Xlr Wireconex";"BKR1";"ALVO_VALIDADO";"265.02";"284.6";"0.09999999999999999";"0.1";""
"MLB7111657656";"VTK012370";"Pandeiro Abs Preto 10"" Pele Leitosa - Fé Spanking";"BKR1";"ALVO_VALIDADO";"117";"117.66";"0.07003229644739078";"0.07";""
"MLB7111657614";"VTK012434";"Mini Ventilador 20cm Portátil 127v Preto Ventisol";"EVOLUSOM-PR";"ALVO_VALIDADO";"123.53";"123.53";"0.09479478669149195";"0.07";""
"MLB7111657602";"VTK012401";"Kit 10 Conectores P10 Mono Cachimbo Wc 1142 Wireconex";"BKR1";"ALVO_VALIDADO";"118";"118.39";"0.0700228059802348";"0.07";""
"MLB7111657598";"VTK012816";"Chicote 16 Vias Fêmea (fic) Storm 10 Unidades";"BKR1";"ALVO_VALIDADO";"125.58";"125.59";"0.0700692730312923";"0.07";""
"MLB7111657560";"VTK012287";"Cabo Para Microfone Balanceado Xlr Xlr 10 Metros Mcb-10 Kng Wireconex";"BKR1";"ALVO_VALIDADO";"122";"125.99";"0.07000555599650767";"0.07";""
"MLB7111657558";"VTK001779";"Limpador e Lubrificante Para Cordas PW-XLR8-01 Planet Waves";"BKR1";"ALVO_VALIDADO";"114";"118.61";"0.07006154624399293";"0.07";""
"MLB7111657532";"VTK012249";"Capa Teclado 5/8 Compacto Luxo - Nylon 600";"BKR1";"ALVO_VALIDADO";"117";"129.95";"0.0700269334359369";"0.07";""
"MLB7111657520";"VTK005557";"Alto-falantes 4"" Leson JB Flex 110w (PAR)";"BKR1";"ALVO_VALIDADO";"115";"124.87";"0.07007287579082246";"0.07";""
"MLB7111657482";"VTK012405";"Encordoamento 010""-052"" P/violão Aço Earthwood Rock And Blues Phosphor Bronze Ernie Ball P02151";"BKR1";"ALVO_VALIDADO";"122";"126.37";"0.07003244440927435";"0.07";""
"MLB7111657472";"VTK012534";"Cabo Para Microfone Emborrachado P10 Xlr 10 Metros Wireconex";"BKR1";"ALVO_VALIDADO";"129";"131.83";"0.07001441250094818";"0.07";""
"MLB7111657460";"VTK012280";"Bateria Alcalina 12v Panasonic Ct-10 Lr-v08-1bt";"BKR1";"ALVO_VALIDADO";"134.32";"134.33";"0.07005136603885952";"0.07";""
"MLB7111657444";"VTK012214";"Capa Guitarra Luxo - Nylon 600";"BKR1";"ALVO_VALIDADO";"126";"134.65";"0.07003341997772002";"0.07";""
"MLB7111657432";"VTK012511";"Encordoamento P/violão Aço Earthwood Extra Leve Phosphor Bronze Ernie Ball 010""-050"" P02150";"BKR1";"ALVO_VALIDADO";"128.98";"130.47";"0.07005441864030046";"0.07";""
"MLB7111657394";"VTK012134";"16 Pilhas Alcalinas Aa Duracell";"BKR1";"ALVO_VALIDADO";"170.18";"170.18";"0.19949465272064873";"0.07";""
"MLB7111657378";"VTK012247";"16 Pilhas Alcalinas Aaa Palito Duracell";"BKR1";"ALVO_VALIDADO";"134";"139";"0.07";"0.07";""
"MLB7111657194";"VTK001634";"Microfone Leson MC-200 Dinâmico Cardióide Prata";"BKR1";"ALVO_VALIDADO";"138.91";"151.42";"0.07000396248844275";"0.07";""
"MLB7111657184";"VTK012689";"Bateria Selada De Chumbo Vrla 12v 7ah Elgin";"BKR1";"ALVO_VALIDADO";"208.94";"208.94";"0.20087106346319517";"0.1";""
"MLB7111657164";"VTK004355";"Suporte Para Teclado 2020 Preto Saty";"BKR1";"ALVO_VALIDADO";"183.82";"183.82";"0.21085844848221086";"0.07";""
"MLB7111657114";"VTK012121";"Direct Box Passivo Wdi 500 Wireconex";"BKR1";"ALVO_VALIDADO";"164.45";"164.45";"0.07515962298570994";"0.07";""
"MLB7111657072";"VTK012562";"Correia Aco 01 Preto Basso";"BKR1";"ALVO_VALIDADO";"169.39";"169.39";"0.08524706299073145";"0.07";""
"MLB7111657038";"VTK002096";"Ventilador de Mesa Ventisol Turbo 6 30cm Preto/Cinza 127v";"BKR1";"ALVO_VALIDADO";"181";"191.52";"0.0700187969924812";"0.07";""
"MLB7111657006";"VTK012317";"Capa P/ Violão Folk Extra Bolso Cargo - Nylon 600 - Preto Bkr 1";"BKR1";"ALVO_VALIDADO";"184.29";"194.19";"0.07003450229157011";"0.07";""
"MLB7111656988";"VTK012648";"Capa Guitarra Extra Bolso Cargo - Nylon 600 Bege";"BKR1";"ALVO_VALIDADO";"184";"194.19";"0.07003450229157011";"0.07";""
"MLB7111656974";"VTK001744";"Encordoamento Violão Nylon Tensão Alta Pro-Arte Nylon Core EJ46 D Addario";"BKR1";"ALVO_VALIDADO";"213.99";"213.99";"0.1553343614187579";"0.1";""
"MLB7111656880";"VTK012553";"Painel Multicabo 28 Vias Sem Conector Medusa Wireconex";"BKR1";"ALVO_VALIDADO";"206.04";"222.08";"0.10000900576368876";"0.1";""
"MLB7111656796";"VTK012212";"Microfone Dinamico Wm16 Wireconex";"BKR1";"ALVO_VALIDADO";"211.98";"228.68";"0.10000874584572328";"0.1";""
"MLB7111656746";"VTK012572";"Kit Arandela Coaxial 6p 70w 8r Redonda Pt Leson";"BKR1";"ALVO_VALIDADO";"229.75";"250";"0.1";"0.1";""
"MLB7111656732";"VTK012665";"Liquidificador Turbo 15 Vermelho 3,2l 127v 1200w Agratto";"EVOLUSOM-PR";"ALVO_VALIDADO";"229";"234.57";"0.1000127893592531";"0.1";""
"MLB7111656714";"VTK012057";"Direct Box Passivo Dual Wdi 500.2 Wireconex";"BKR1";"IDENTIDADE_PENDENTE";"224.9";"242.56";"0.10001649076517151";"0.1";"BRAND: cadastro=Impedância Directbox Instrumentos, ML=Wireconex"
"MLB7111656664";"VTK012472";"Bateria 9v Zinco Caixa Com 50 Unidades Flex";"BKR1";"ALVO_VALIDADO";"260";"264.18";"0.1000075705958059";"0.1";""
"MLB7111656650";"VTK012756";"Ventilador Mesa Turbo 40cm 10p 220v Preto Ventisol";"BKR1";"ALVO_VALIDADO";"280.86";"308.83";"0.100022666191756";"0.1";""
"MLB7111656348";"VTK012815";"Cabo Hdmi 1.4 Com Filtro 25m Storm";"BKR1";"ALVO_VALIDADO";"274.82";"293.79";"0.10000340379182408";"0.1";""
"MLB7111656332";"VTK002431";"Microfone Vocal Leson SM58 P4BK Profissional Preto Fosco";"EVOLUSOM-PR";"ALVO_VALIDADO";"221.85";"221.85";"0.2018480955600631";"0.1";""
"MLB7111656322";"VTK003965";"Cafeteira Elétrica Agratto Thermo 25X Inox 127v";"BKR1";"ALVO_VALIDADO";"262.81";"284.63";"0.10002459333169378";"0.1";""
"MLB7111656302";"VTK005668";"Kit Arandela 6” Full Range Orion 55W RMS Quadrada Preta - PAR / 2";"BKR1";"ALVO_VALIDADO";"267.11";"290.18";"0.10000689227376111";"0.1";""
"MLB7111656272";"VTK012621";"Conector Combo Cannon E J10 De Plástico Storm 10 Unidades";"BKR1";"ALVO_VALIDADO";"283.21";"302.04";"0.10001986491855383";"0.1";""
"MLB7111656246";"VTK004174";"Microfone Profissional Dinâmico Leson LS7 Preto";"BKR1";"ALVO_VALIDADO";"271.06";"292.84";"0.1000204890042344";"0.1";""
"MLB7111656224";"VTK012537";"Alto-falante Profissional 150w 10 Pol 8 Ohms 10wf310b8 Atk";"BKR1";"ALVO_VALIDADO";"257";"291.85";"0.10001713208840157";"0.1";""
"MLB7111656214";"VTK012404";"Cordas 013 Medium 80/20 Violão Aço Nanoweb Elixir";"BKR1";"ALVO_VALIDADO";"273.74";"309.78";"0.10000645619471885";"0.1";""
"MLB7111656192";"VTK012805";"Painel Ac Nbr 20a 3 Metros Pac 420-3 Wireconex";"BKR1";"ALVO_VALIDADO";"297.95";"323.25";"0.10001546790409899";"0.1";""
"MLB7111656188";"VTK012500";"Painel Xlr 42 Entradas 2 Saídas Sem Conectores Wireconex";"BKR1";"ALVO_VALIDADO";"288.83";"309.86";"0.10001290905570256";"0.1";""
"MLB7111656164";"VTK012122";"Alto-falante 250w 12 Pol 4 Ohms Wf300500b4 Atk";"BKR1";"ALVO_VALIDADO";"289";"317.6";"0.09999999999999999";"0.1";""
"MLB7111656152";"VTK012138";"Alto-falante 250w 12 Pol 8 Ohms Wf300500b8 Atk";"BKR1";"ALVO_VALIDADO";"298.92";"322.26";"0.10001241233786383";"0.1";""
"MLB7111656132";"VTK012753";"Ventilador Coluna Turbo 50cm 6p 220v Preto Ventisol";"BKR1";"ALVO_VALIDADO";"331.11";"361.06";"0.1000110784911095";"0.1";""
"MLB7111656118";"VTK000053";"Encordoamento Para Violão .012 Light Nanoweb Elixir";"BKR1";"ALVO_VALIDADO";"308.75";"326.05";"0.10001533507130808";"0.1";""
"MLB7111656054";"VTK012796";"Calculadora Compacta Com Bobina 12 Digitos Ma-5111 Elgin";"BKR1";"ALVO_VALIDADO";"333.38";"359.34";"0.10001669727834363";"0.1";""
"MLB7111656034";"VTK012709";"Cabo Hdmi 1.4 Com Filtro 30m Storm";"BKR1";"ALVO_VALIDADO";"371.89";"396.33";"0.10001766204930236";"0.1";""
"MLB7111656028";"VTK001646";"Encordoamento Baixo 5 Cordas .045-.130 XL Nickel EXL170-5 D Addario";"BKR1";"ALVO_VALIDADO";"335.44";"358.77";"0.10000836190316917";"0.1";""
"MLB7111656016";"VTK012806";"Painel Ac Nbr 20a 5 Metros Pac 420-5 Wireconex";"BKR1";"ALVO_VALIDADO";"357.61";"387.29";"0.10000258204446279";"0.1";""
"MLB7111655982";"VTK012348";"Fone De Ouvido W800bt Plus Preto Edifier";"BKR1";"ALVO_VALIDADO";"372.71";"402.84";"0.10001489425081919";"0.1";""
"MLB7111655956";"VTK012622";"Ventilador De Teto Legacy Led 3p Bivolt Branco Ventisol";"BKR1";"ALVO_VALIDADO";"409.8";"434.17";"0.10000690973581777";"0.1";""
"MLB7111655888";"VTK012349";"Fone De Ouvido W800bt Pro Preto Edifier";"BKR1";"ALVO_VALIDADO";"497.06";"535.19";"0.10000186849530072";"0.1";""
"MLB7111655878";"VTK012556";"Crossover Ativo Mark Audio Ep220 Corte Fixo 2 Vias - Ep 220";"BKR1";"ALVO_VALIDADO";"487";"535.17";"0.10000560569538652";"0.1";""
"MLB7111655860";"VTK012322";"Microfone Dinamico Wm58 Wireconex";"BKR1";"ALVO_VALIDADO";"536.07";"572.99";"0.10000174523115586";"0.1";""
"MLB7111655832";"VTK012378";"Carregador Panasonic Eneloop Pro Bq-cc87";"BKR1";"ALVO_VALIDADO";"566.82";"609.06";"0.1000065674974551";"0.1";""
"MLB7111655810";"VTK012385";"Caixa Multiuso Amplificada 6 Polegadas 15 W Rms - Voxstorm Vsu100 Usb";"BKR1";"ALVO_VALIDADO";"593";"668.29";"0.10000149635637223";"0.1";""
"MLB7111655796";"VTK012705";"Calculadora Impressão 12 Dígitos Lp25 Bivolt Procalc";"EVOLUSOM-PR";"ALVO_VALIDADO";"577";"596.54";"0.1000100580011399";"0.1";""
"MLB7111655774";"VTK012634";"Alto-falante 600w 12 Pol 4 Ohms Wf3001200b4 Atk";"BKR1";"ALVO_VALIDADO";"599";"659.57";"0.10000454841790862";"0.1";""
"MLB7111655726";"VTK012376";"Calculadora Com Bobina 12 Digitos Cr Mr-6124 Elgin";"BKR1";"ALVO_VALIDADO";"769.12";"788.96";"0.10000506996552423";"0.1";""
"MLB7111655720";"VTK012659";"Calculadora Impressão 12 Dígitos Lp45 Bivolt Procalc";"BKR1";"ALVO_VALIDADO";"777.87";"797.86";"0.10000501341087409";"0.1";""
"MLB7111655700";"VTK012455";"Caixa De Som R1000t4 Preta Edifier";"BKR1";"ALVO_VALIDADO";"981.68";"1140.55";"0.15000657577484547";"0.15";""
"MLB7111655688";"VTK012646";"Guitarra Eletrica Sts100 Css Fosco Strinberg";"BKR1";"ALVO_VALIDADO";"1113.27";"1245.36";"0.15000481788398537";"0.15";""
"MLB7111655680";"VTK002564";"Guitarra Strinberg STS100 Preta";"BKR1";"ALVO_VALIDADO";"1074.91";"1195.38";"0.15000250966219947";"0.15";""
"MLB7111655668";"VTK006461";"Climatizador Ventisol CLIPRO 60L Branco/Cinza 127v";"BKR1";"ALVO_VALIDADO";"1290";"1485.9";"0.15000336496399486";"0.15";""
"MLB7111655642";"VTK012578";"Microfone Condensador At2020 Audiotechnica";"BKR1";"ALVO_VALIDADO";"1170";"1349.02";"0.15000518895197998";"0.15";""
"MLB7111655632";"VTK012485";"Caixa De Som R1280t Marrom Edifier";"BKR1";"ALVO_VALIDADO";"1149";"1378.85";"0.15000181310512387";"0.15";""
"MLB7111655614";"VTK012486";"Caixa De Som R1280t Preta Edifier";"BKR1";"ALVO_VALIDADO";"1170";"1359.11";"0.15000257521466256";"0.15";""
"MLB7111655568";"VTK012785";"Cabeçote Autoamplificado 250w Rms Pm4 800 Mark Audio";"BKR1";"ALVO_VALIDADO";"1166";"1368.8";"0.15";"0.15";""
"MLB7111655208";"VTK012661";"Audio Pro M8 - Mixer Mark Audio 8 Canais";"BKR1";"ALVO_VALIDADO";"1241.3";"1436.83";"0.1500038278710773";"0.15";""
"MLB7111654940";"VTK012638";"Amplificador Para Guitarra 10 Pol 40w Vosstorm Gx-10";"BKR1";"ALVO_VALIDADO";"1500";"1769.11";"0.1500019783959166";"0.15";""
"MLB7111654930";"VTK012662";"Audio Pro M12 - Mixer Mark Audio 12 Canais";"BKR1";"ALVO_VALIDADO";"1559.33";"1801.09";"0.1500036089257061";"0.15";""
"MLB7111654922";"VTK012435";"Caixa De Som R1700bt Madeira Edifier";"BKR1";"ALVO_VALIDADO";"1770";"1984.79";"0.15000075574745944";"0.15";""
"MLB7111654916";"VTK012761";"Caixa De Som R1700bt Preta Edifier";"BKR1";"ALVO_VALIDADO";"1770";"1984.79";"0.15000075574745944";"0.15";""
"MLB7111654900";"VTK012780";"Bumper Line Array Vmk6 Mark Audio";"BKR1";"ALVO_VALIDADO";"1670";"1948.84";"0.15000205250302745";"0.15";""
"MLB7111654802";"VTK012760";"Toca Discos Automático Atlp60x Preto Audiotechnica";"BKR1";"ALVO_VALIDADO";"1990";"2284.45";"0.1500010943553153";"0.15";""
"MLB7111654764";"VTK012706";"Amplificador Para Guitarra 12 Pol 100w Vosstorm Gx-12";"BKR1";"ALVO_VALIDADO";"1989";"2340.85";"0.150001067988124";"0.15";""
"MLB7111654754";"VTK012636";"Mesa Som 12 Canais Analógica Usb Cmx12 Mark Audio";"BKR1";"ALVO_VALIDADO";"2170";"2495.28";"0.1500032060530281";"0.15";""
"MLB7111654744";"VTK012557";"Amplificador Potência 600w Rms Mk3600 Mark Audio";"BKR1";"ALVO_VALIDADO";"2399";"2625.24";"0.15000152367021685";"0.15";""
"MLB7111654740";"VTK004555";"Violão Strinberg SD301HCR Folk Eletroacústico Tobacco Satin Com Bag";"BKR1";"ALVO_VALIDADO";"2570";"2953.1";"0.15000169313602657";"0.15";""
"MLB7111654728";"VTK012774";"Caixa De Som Passiva 15 Polegadas 300 W Rms - Attack Vrf1530";"BKR1";"ALVO_VALIDADO";"2699";"3156.11";"0.1500011089600806";"0.15";""
"MLB7111650726";"VTK003175";"Plug P10 Mono PGPZ0043 Storm - PCT / 10";"BKR1";"ALVO_VALIDADO";"63.03";"63.04";"0.07011421319796954";"0.07";""
"MLB7111649646";"VTK012127";"Painel Para Multicabos Sem Conectores 6 Vias Xlr Wireconex";"BKR1";"ALVO_VALIDADO";"237.56";"256.75";"0.10001947419668938";"0.1";""
"MLB7111648658";"VTK012460";"Correia Cla 01 Suede Bege Basso";"BKR1";"ALVO_VALIDADO";"110.71";"110.71";"0.07000270978231415";"0.07";""
"MLB7111645178";"VTK012746";"Cabo P10 Prowire Em L Tweed Preto/lilás 6,10m Wireconex";"BKR1";"ALVO_VALIDADO";"109";"117.21";"0.0700452179848136";"0.07";""
"MLB7111645100";"VTK012387";"Pandeiro Abs Preto 10"" Pele Leitosa Spanking";"BKR1";"ALVO_VALIDADO";"115.13";"117.66";"0.07003229644739078";"0.07";""
"MLB7111645058";"VTK012454";"Mini Ventilador 20cm Portátil 220v Preto Ventisol";"BKR1";"ALVO_VALIDADO";"121";"124.97";"0.07001680403296791";"0.07";""
"MLB7111645008";"VTK003981";"Ferro de Passar Vapor Agratto Bravo FC-01 Cerâmico Vermelho 127v";"BKR1";"ALVO_VALIDADO";"122.31";"122.32";"0.07006213211249183";"0.07";""
"MLB7111644974";"VTK012544";"Capa Teclado 5/8 Luxo - Nylon 600";"BKR1";"ALVO_VALIDADO";"127.92";"132.45";"0.0700641751604379";"0.07";""
"MLB7111644912";"VTK012020";"Conector P10 Stereo Macho Wc 1123 Wireconex 10 Unidades";"BKR1";"ALVO_VALIDADO";"136.94";"136.94";"0.09960566671534979";"0.07";""
"MLB7111644832";"VTK005554";"Alto-falantes 4"" Leson LS4 140w (PAR)";"BKR1";"ALVO_VALIDADO";"138.83";"138.83";"0.09119066484189295";"0.07";""
"MLB7111644822";"VTK012458";"Encordoamento P/violão Aço Earthwood Leve Phosphor Bronze Ernie Ball 011""-052"" P02148";"BKR1";"ALVO_VALIDADO";"127";"133.77";"0.07004560065784554";"0.07";""
"MLB7111644776";"VTK012487";"Cabo Para Microfone Emborrachado Xlr Xlr 7 Metros Mpbe-7 Wireconex";"BKR1";"ALVO_VALIDADO";"144.42";"144.42";"0.09216175045007617";"0.07";""
"MLB7111644770";"VTK012305";"Painel 20 Xlr 1 Prensa Cabo Med2 20 1s Wireconex";"BKR1";"ALVO_VALIDADO";"142.59";"142.59";"0.09390560347850481";"0.07";""
"MLB7111644752";"VTK003353";"Encordoamento Para Violão Nylon Médio Ernesto Palla 2403 Ernie Ball";"BKR1";"ALVO_VALIDADO";"131.69";"140.19";"0.07004779228190314";"0.07";""
"MLB7111644740";"VTK001957";"Encordoamento Para Guitarra .010-.046 NYXL NYXL1046 D Addario";"BKR1";"ALVO_VALIDADO";"144.38";"144.38";"0.0922565452278709";"0.07";""
"MLB7111644708";"VTK002522";"Encordoamento Viola Brasileira Cebolão RE/Boiadeira EJ82A D Addario";"BKR1";"ALVO_VALIDADO";"137";"141.62";"0.07004660358706397";"0.07";""
"MLB7111644690";"VTK012681";"Correia Dg 04 Preto Basso";"BKR1";"ALVO_VALIDADO";"160.88";"160.88";"0.0971531576330184";"0.07";""
"MLB7111644672";"VTK004398";"Captador Clip de contato Passivo CCP-25 Preto Custom Sound";"BKR1";"ALVO_VALIDADO";"138";"146.19";"0.0700458307681784";"0.07";""
"MLB7111644596";"VTK003036";"Encordoamento Guitarra Revestido .010-.046 XT Nickel XTE1046 D Addario";"BKR1";"ALVO_VALIDADO";"154";"159.75";"0.07004694835680751";"0.07";""
"MLB7111644566";"VTK012626";"Escova Secadora Della Preta Bivolt 1100w Agratto";"EVOLUSOM-PR";"ALVO_VALIDADO";"199.34";"199.34";"0.21415671716664994";"0.07";""
"MLB7111644550";"VTK012227";"Painel Multicabo 06 Vias Xlr Medusa Wireconex";"BKR1";"ALVO_VALIDADO";"168.49";"176.08";"0.07002498864152658";"0.07";""
"MLB7111644490";"VTK012698";"Suporte Boom Duplo P/ Microfone Dsm-01 Dolphin";"BKR1";"ALVO_VALIDADO";"179";"188.4";"0.07001061571125265";"0.07";""
"MLB7111644430";"VTK012586";"Encordoamento Contrabaixo 040/.125 - 5 Cordas N710 Nig";"BKR1";"ALVO_VALIDADO";"183.62";"185.5";"0.07002695417789757";"0.07";""
"MLB7111644350";"VTK012199";"Driver 25mm 40w Rms 8 Ohms - Atk 45mh2580b-8 - Médios E Agudos";"BKR1";"ALVO_VALIDADO";"189";"216.66";"0.10001846210652636";"0.1";""
"MLB7111644302";"VTK012673";"Encordoamento Giannini P/contra Baixo Leve 0.040 Geebrl/5";"EVOLUSOM-PR";"ALVO_VALIDADO";"178.8";"178.81";"0.07001845534366087";"0.07";""
"MLB7111644272";"VTK004144";"Caixa de Som Para Ambiente Orion 4"" 70W Preta - PAR / 2";"BKR1";"ALVO_VALIDADO";"216.22";"234.56";"0.10001705320600274";"0.1";""
"MLB7111644248";"VTK012257";"Banqueta Para Teclado Csb 2 Preto";"BKR1";"ALVO_VALIDADO";"213";"235.13";"0.10002977076510866";"0.1";""
"MLB7111643776";"VTK005570";"Kit Com 2 Alto-falantes 6x9” e 6” Quadriaxial Leson LS6 140w";"BKR1";"ALVO_VALIDADO";"270.6";"294.32";"0.1000271812992661";"0.1";""
"MLB7111643742";"VTK012573";"Kit Arandela Coax Ial Gp 70w 8r Quadrada Pt Leson";"BKR1";"ALVO_VALIDADO";"267.11";"290.18";"0.10000689227376111";"0.1";""
"MLB7111643708";"VTK012701";"Painel Ac Nbr 16a 3 Metros Pac 416-3 Wireconex";"BKR1";"ALVO_VALIDADO";"276.35";"300.27";"0.10000999100809273";"0.1";""
"MLB7111643660";"VTK001348";"Ventilador de Parede Ventisol New 50cm Preto 220v";"EVOLUSOM-PR";"ALVO_VALIDADO";"276";"304.56";"0.10001313370107696";"0.1";""
"MLB7111643630";"VTK012490";"Alto-falante Profissional 250w 10 Pol 8 Ohms 10wf510b8 Atk";"BKR1";"ALVO_VALIDADO";"283";"319.49";"0.10000312998841904";"0.1";""
"MLB7111643582";"VTK012333";"Painel Multicabo 20 Vias Com Conectores Xlr Medusa Wireconex";"BKR1";"ALVO_VALIDADO";"307";"336.56";"0.10001188495364867";"0.1";""
"MLB7111643556";"VTK012804";"Painel Ac Nbr 16a 5 Metros Pac 416-5 Wireconex";"BKR1";"ALVO_VALIDADO";"319.88";"346.96";"0.10001152870647914";"0.1";""
"MLB7111643548";"VTK012678";"Encordoamento P/baixo 4 Cordas Super Slinky Niquel 045""-100"" P02834 Ernie Ball";"BKR1";"ALVO_VALIDADO";"326.72";"327.64";"0.10001831278232208";"0.1";""
"MLB7111643544";"VTK012539";"Cordas 012 Light Phosphor Violão Aço Nanoweb Elixir";"BKR1";"ALVO_VALIDADO";"299";"337.92";"0.10002367424242423";"0.1";""
"MLB7111643540";"VTK012604";"Painel Med2 48 2sn 48 Furos 2 Saídas Wireconex";"BKR1";"ALVO_VALIDADO";"327.48";"354.89";"0.10000281777452169";"0.1";""
"MLB7111643534";"VTK012587";"Driver 25mm 50w Rms 8 Ohms - Atk 45mh2510b-8 - Médios E Agudos";"BKR1";"ALVO_VALIDADO";"326.3";"350.8";"0.09999999999999999";"0.1";""
"MLB7111643452";"VTK012793";"Encordoamento 045-130 P/ Baixo 5 Cordas Regular Slinky Niquel P02836 Ernie Ball (12891)";"BKR1";"ALVO_VALIDADO";"360";"397.82";"0.10002010959730531";"0.1";""
"MLB7111643402";"VTK012667";"Suporte Triarticulado 02 Monitores 17"" A 32"" Multivisão";"BKR1";"ALVO_VALIDADO";"472.15";"511.55";"0.10000977421561918";"0.1";""
"MLB7111643302";"VTK012808";"Painel Ac Nbr 20a 10 Metros Pac 520 Wireconex";"BKR1";"ALVO_VALIDADO";"586.27";"630.68";"0.10000317118031332";"0.1";""
"MLB7111643256";"VTK012580";"Fone Bluetooth W820nb V2.5 Plus Cinza Edifier";"BKR1";"ALVO_VALIDADO";"655.17";"705.95";"0.10000708265457892";"0.1";""
"MLB7111643250";"VTK012794";"Cabo Para Instrumentos Wc 124 100 Metros Wireconex";"BKR1";"ALVO_VALIDADO";"719.18";"741.08";"0.1000026987639661";"0.1";""
"MLB7111643244";"VTK012358";"Calculadora Com Bobina 12 Digitos Mr-6125 Elgin";"BKR1";"ALVO_VALIDADO";"679";"742.96";"0.10000538386992569";"0.1";""
"MLB7111643238";"VTK012758";"Fone De Ouvido Athm20x Preto Audiotechnica";"BKR1";"ALVO_VALIDADO";"757.02";"779.94";"0.1000076928994538";"0.1";""
"MLB7111643206";"VTK012514";"Caixa Multiuso Amplificada 6 Polegadas 20 W Rms - Voxstorm Vsu140 Usb";"BKR1";"ALVO_VALIDADO";"775";"882.63";"0.10000793084304861";"0.1";""
"MLB7111643182";"VTK002512";"Guitarra Strinberg STS100 Sunburst";"BKR1";"ALVO_VALIDADO";"1113.27";"1245.36";"0.15000481788398537";"0.15";""
"MLB7111643162";"VTK012633";"Driver 50mm 80w Rms 8 Ohms - Atk 75mh5016b-8 - Médios E Agudos";"BKR1";"ALVO_VALIDADO";"1077";"1297.49";"0.15000500967252156";"0.15";""
"MLB7111643134";"VTK012695";"Violao Aço London Le30c Ns Fosco Strinberg";"BKR1";"ALVO_VALIDADO";"1217.42";"1359.95";"0.15000551490863634";"0.15";""
"MLB7111643110";"VTK012637";"Amplificador Para Guitarra 8 Pol 25w Vosstorm Gx-8";"BKR1";"ALVO_VALIDADO";"1140";"1334.86";"0.15000074914223216";"0.15";""
"MLB7111643100";"VTK012577";"Microfone Dinâmico At2040 Audiotechnica";"BKR1";"ALVO_VALIDADO";"1190";"1405.35";"0.1500053367488526";"0.15";""
"MLB7111643080";"VTK012579";"Caixa De Som Mr4 Branca Edifier";"BKR1";"ALVO_VALIDADO";"1170";"1415.3";"0.15000353281989687";"0.15";""
"MLB7111642726";"VTK012817";"Climatizador De Ar 80l 150w 127v Clin 80 Pro Ventisol";"BKR1";"ALVO_VALIDADO";"1399";"1596.93";"0.1500003131007621";"0.15";""
"MLB7111642528";"VTK003068";"Violão Strinberg SD200C Aço Eletroacústico Fosco Natural Satin";"BKR1";"ALVO_VALIDADO";"1330";"1527.65";"0.15000163650050732";"0.15";""
"MLB7111642362";"VTK012759";"Microfone Dinâmico Atm610a Audiotechnica";"BKR1";"ALVO_VALIDADO";"1568.03";"1814.38";"0.1500016534573794";"0.15";""
"MLB7111642316";"VTK005754";"Violão Strinberg SD201HCR Eletroacústico Folk Mahogany Satin Com Bag";"BKR1";"ALVO_VALIDADO";"1690";"2010.9";"0.15000248644885372";"0.15";""
"MLB7111642296";"VTK012676";"Amplificador Para Baixo 8 Pol 30 W Vosstorm Bs-8";"BKR1";"ALVO_VALIDADO";"1620";"1887.02";"0.15000370955262796";"0.15";""
"MLB7111642276";"VTK012555";"Alto-falante 1300w 12 Pol 2 Ohms Wf3004600b2 Atk";"BKR1";"ALVO_VALIDADO";"1770";"2018.23";"0.1500027251601651";"0.15";""
"MLB7111642262";"VTK012447";"Amplificador De Fones De Ouvido 8 Canais Estereos Wha8x2 Wireconex";"BKR1";"ALVO_VALIDADO";"1743";"2045.88";"0.15000391029776916";"0.15";""
"MLB7111642248";"VTK012644";"Caixa De Som Coluna Passiva 8x3"" Versa Red Attack Vsc83";"BKR1";"ALVO_VALIDADO";"1999";"2336.3";"0.15000214013611263";"0.15";""
"MLB7111642212";"VTK012576";"Climatizador De Ar 60l Duplo 300w 127v Clin 60 Pro Ventisol";"BKR1";"ALVO_VALIDADO";"2252.32";"2512.65";"0.15000099496547467";"0.15";""
"MLB7111642130";"VTK012757";"Toca Discos Bluetooth Atlp60xbt Preto Audiotechnica";"BKR1";"ALVO_VALIDADO";"2599";"3007.17";"0.1500014964235477";"0.15";""
"MLB7111548480";"VTK001202";"Panela Elétrica de Arroz Agratto PA6X Riso 400W 127v";"BKR1";"ALVO_VALIDADO";"189";"195.51";"0.07002199375990997";"0.07";""
"MLB7111548372";"VTK001354";"Fogão Elétrico De Mesa Agratto FMP-01 2 Pratos Preto 127v";"BKR1";"ALVO_VALIDADO";"187.38";"189.99";"0.07000368440444234";"0.07";""
"MLB7111547894";"VTK002203";"Fone de Ouvido AKG K52 Profissional Preto";"EVOLUSOM-PR";"ALVO_VALIDADO";"406.28";"432.15";"0.10001157005669328";"0.1";""
"MLB4857882581";"VTK003230";"Secador de Cabelo Agratto Della SC01 1900W Preto 127v";"BKR1";"ALVO_VALIDADO";"165.96";"165.96";"0.07381296697999518";"0.07";""
"MLB4857662833";"VTK003197";"Mini Teclado Yamaha PSS-F30 Preto";"VANRAL";"ALVO_VALIDADO";"645.81";"650.84";"0.10000921885563271";"0.1";""
"MLB4857662781";"VTK003567";"Estante Para Piano Digital L-300 Yamaha Preta";"VANRAL";"ALVO_VALIDADO";"1047.34";"1168.2";"0.15";"0.15";""
"MLB4857662681";"VTK002666";"Estante Para Piano Digital L515B Yamaha Preta";"VANRAL";"ALVO_VALIDADO";"1293";"1568.08";"0.1500051017805214";"0.15";""
"MLB4857662657";"VTK003168";"Venova Alto Yamaha YVS-120 Branca";"VANRAL";"ALVO_VALIDADO";"1690";"1914.31";"0.15000182833501366";"0.15";""
"MLB4857644799";"VTK006284";"Drumpad Portátil Yamaha FGDP-50";"VANRAL";"ALVO_VALIDADO";"2690";"3017.59";"0.15000049708542246";"0.15";""
"MLB4857643697";"VTK002784";"Estante Para Teclado L121B Yamaha Preta";"VANRAL";"ALVO_VALIDADO";"1016.27";"1126.37";"0.15000399513481363";"0.15";""
"MLB4857643649";"VTK004036";"Teclado Yamaha PSR-F52 Arranjador Preto";"VANRAL";"ALVO_VALIDADO";"997";"1173.36";"0.15000511352014728";"0.15";""
"MLB4857643633";"VTK001547";"Violão Yamaha CX40II Eletroacústico Natural";"VANRAL";"ALVO_VALIDADO";"1403.72";"1544.5";"0.15000323729362253";"0.15";""
"MLB4857643483";"VTK001958";"Piano Yamaha P-45 Digital Preto";"VANRAL";"ALVO_VALIDADO";"2970";"3312.93";"0.15000015092380461";"0.15";""
"MLB4857635575";"VTK012651";"Calculadora Mesa Visor 12 Dig. - Verde Mv4126 Elgin";"BKR1";"ALVO_VALIDADO";"68.24";"68.24";"0.2413540445486518";"0.07";""
"MLB4857631279";"VTK002137";"Estante Para Piano L85 Yamaha Preta";"VANRAL";"ALVO_VALIDADO";"990";"1118.56";"0.15000536403947934";"0.15";""
"MLB4857631065";"VTK001806";"Contrabaixo Yamaha TRBX174 Passivo 4 Cordas Old Violin Sunburst";"VANRAL";"ALVO_VALIDADO";"2290";"2621.38";"0.1500011444353737";"0.15";""
"MLB4857622923";"VTK012535";"Conector Spk Femea Painel 4 P Wc 1604 Fp Bk Pbk Wireconex 04 Unidades";"BKR1";"ALVO_VALIDADO";"59.88";"59.89";"0.07012856904324595";"0.07";""
"MLB4857622897";"VTK012495";"Painel Rack 2u 8 Xlr Universal Wireconex";"BKR1";"ALVO_VALIDADO";"176.99";"176.99";"0.08017402113113735";"0.07";""
"MLB4857542345";"VTK012427";"Pandeiro Abs Branco 10"" Pele Leitosa Spanking";"BKR1";"ALVO_VALIDADO";"115";"117.66";"0.07003229644739078";"0.07";""
"MLB4857542315";"VTK012293";"Pandeiro Abs Preto 10"" Pele Leitosa - Batimento Spanking";"BKR1";"ALVO_VALIDADO";"109";"118.09";"0.07003133203488864";"0.07";""
"MLB4857542295";"VTK012799";"Calculadora Com Tela P. Anotação Branca Elgin";"BKR1";"ALVO_VALIDADO";"115";"117.21";"0.0700452179848136";"0.07";""
"MLB4857542233";"VTK012708";"Cabo Hdmi 1.4 Com Filtro 15m Storm";"BKR1";"ALVO_VALIDADO";"130.42";"130.42";"0.07000460052139244";"0.07";""
"MLB4857542181";"VTK012679";"Correia Vt Sl 01 Rustico Marrom Basso";"BKR1";"ALVO_VALIDADO";"126.42";"126.42";"0.0700047460844803";"0.07";""
"MLB4857542137";"VTK012324";"Capa Violao Folk Luxo - Nylon 600";"BKR1";"ALVO_VALIDADO";"144.21";"144.21";"0.09097843422786213";"0.07";""
"MLB4857542103";"VTK012191";"Cordas Para Violão Aço D Addario Phosphor Bronze Ej16 .012-.053";"BKR1";"ALVO_VALIDADO";"138.65";"138.65";"0.09772809231878832";"0.07";""
"MLB4857542091";"VTK005540";"Alto-falantes 5"" Leson LS5 140w (PAR)";"EVOLUSOM-PR";"ALVO_VALIDADO";"127.59";"127.6";"0.07006269592476488";"0.07";""
"MLB4857542039";"VTK012226";"Conector P2 Stereo 3,5mm Plt Wc 1323 Trs Wireconex 10 Unidades";"BKR1";"ALVO_VALIDADO";"142.88";"142.88";"0.09357502799552071";"0.07";""
"MLB4857542005";"VTK012053";"Cabo Para Instrumentos P10 P10 10 Metros Guiem-10 Wireconex";"BKR1";"ALVO_VALIDADO";"144.42";"144.42";"0.09216175045007617";"0.07";""
"MLB4857541977";"VTK012545";"Carregador Rayovac Usb 2aa Sm-4";"EVOLUSOM-PR";"ALVO_VALIDADO";"133.14";"133.14";"0.1035751840168244";"0.07";""
"MLB4857541933";"VTK012491";"Suporte Portátil P/violão Ssv1";"BKR1";"ALVO_VALIDADO";"131.83";"131.83";"0.07001441250094818";"0.07";""
"MLB4857541893";"VTK012697";"Tarraxa P/guitarra 3 Mais 3 Semi Blindada Cromada Dolphin";"BKR1";"ALVO_VALIDADO";"167";"174.78";"0.07003089598352215";"0.07";""
"MLB4857541847";"VTK012585";"Encordoamento Contrabaixo 040/0.95 - 4 Cordas N700 Nig";"BKR1";"ALVO_VALIDADO";"136";"147.14";"0.07000135924969418";"0.07";""
"MLB4857541829";"VTK005123";"Encordoamento Guitarra .011-.049 NYXL NYXL1149 D Addario";"BKR1";"ALVO_VALIDADO";"137";"149.24";"0.07002144197266147";"0.07";""
"MLB4857541793";"VTK012457";"Encordoamento Contrabaixo 045/.100 - 4 Cordas N740 Nig";"BKR1";"ALVO_VALIDADO";"150";"153.57";"0.07000065116884809";"0.07";""
"MLB4857541771";"VTK012179";"Painel Multicabo 08 Vias Xlr Medusa Wireconex";"BKR1";"ALVO_VALIDADO";"153";"167.06";"0.07003471806536574";"0.07";""
"MLB4857541759";"VTK005567";"Alto-falantes 6x9"" Leson JB69 Flex 110w (PAR)";"BKR1";"ALVO_VALIDADO";"160";"164.53";"0.07001762596486963";"0.07";""
"MLB4857541723";"VTK012488";"Painel Para Multicabos Sem Conectores 28 Vias Xlr Wireconex";"BKR1";"ALVO_VALIDADO";"277";"295.94";"0.10002027437994189";"0.1";""
"MLB4857541685";"VTK012006";"Cabo Para Microfone Emborrachado Xlr Xlr 10 Metros Mpbe-10 Wireconex";"BKR1";"ALVO_VALIDADO";"179.17";"180.39";"0.07001496757026443";"0.07";""
"MLB4857541679";"VTK002700";"Plug P10 Estéreo Metal com Mola Niquelado Genérico Storm - PCT / 50";"BKR1";"ALVO_VALIDADO";"179.48";"179.48";"0.0785602852685536";"0.07";""
"MLB4857541657";"VTK012536";"Painel 20 Xlr 2 Prensa Cabo Med2 20 2s Wireconex";"BKR1";"ALVO_VALIDADO";"181.96";"183.64";"0.07002831627096494";"0.07";""
"MLB4857541595";"VTK012660";"Conector Rca Fêmea Metal Gold Storm 10 Unidades";"BKR1";"ALVO_VALIDADO";"193.32";"193.32";"0.07066004552038072";"0.07";""
"MLB4857541543";"VTK012258";"Capa P/ Violão Folk Extra Bolso Cargo - Nylon 600 - Bege Bkr 1";"BKR1";"ALVO_VALIDADO";"187";"194.19";"0.07003450229157011";"0.07";""
"MLB4857541533";"VTK012225";"Direct Box Passivo Wdi 600 Wireconex";"BKR1";"ALVO_VALIDADO";"179";"187.3";"0.07004805125467164";"0.07";""
"MLB4857541521";"VTK012666";"Secador Dobrável Profissional 127v 1800w Agratto";"EVOLUSOM-PR";"ALVO_VALIDADO";"173.14";"173.14";"0.07000115513457318";"0.07";""
"MLB4857541435";"VTK004124";"Caixa de Som Para Ambiente Orion 4"" 70W Branca - PAR / 2";"BKR1";"ALVO_VALIDADO";"214.94";"232.97";"0.10001287719448856";"0.1";""
"MLB4857541371";"VTK012802";"Kit Arandela Coaxial 6p 70w 8r Redonda Br Leson";"BKR1";"ALVO_VALIDADO";"229.75";"250";"0.1";"0.1";""
"MLB4857541345";"VTK012664";"Liquidificador Turbo 15 Preto 3,2l 127v 1200w Agratto";"BKR1";"ALVO_VALIDADO";"237.91";"254.5";"0.09999999999999999";"0.1";""
"MLB4857541327";"VTK012554";"Alto-falante Profissional 150w 6 Pol 8 Ohms 6wf310b8 Atk";"BKR1";"ALVO_VALIDADO";"229.22";"246.73";"0.10002837109390833";"0.1";""
"MLB4857540903";"VTK012813";"Suporte Pedestal Tubo Duplo 30cm Versa Red Attack Tbl30vc";"BKR1";"ALVO_VALIDADO";"281.36";"305.96";"0.10001307360439274";"0.1";""
"MLB4857540897";"VTK012440";"Encordoamento 010""-046"" P/guitarra Regular Slink Niquel Ernie Ball Pct C/3 P03221";"BKR1";"ALVO_VALIDADO";"269.49";"300.55";"0.1000166361670271";"0.1";""
"MLB4857540853";"VTK012752";"Ventilador Coluna Turbo 40cm 10p 220v Preto Ventisol";"BKR1";"ALVO_VALIDADO";"327.5";"351.32";"0.10002277126266652";"0.1";""
"MLB4857540833";"VTK012623";"Ventilador Coluna Turbo 50cm 6p 127v Preto Ventisol";"BKR1";"ALVO_VALIDADO";"331.11";"361.06";"0.1000110784911095";"0.1";""
"MLB4857540761";"VTK012230";"Alto-falante 250w 15 Pol 8 Ohms Wf380500b8 Atk";"BKR1";"ALVO_VALIDADO";"330";"363.59";"0.10000275035066972";"0.1";""
"MLB4857540749";"VTK012629";"Cordas Para Baixo 5 Cordas D Addario Xl Exl220-5 .040-.125";"BKR1";"ALVO_VALIDADO";"335.78";"362.53";"0.10001930874686234";"0.1";""
"MLB4857540709";"VTK012825";"Multi Grill Mr Cheff Inox 127v 1500w Agratto";"BKR1";"ALVO_VALIDADO";"349.94";"415.03";"0.10001686625063248";"0.1";""
"MLB4857540675";"VTK012755";"Ventilador Coluna 60cm Oscilante 127v Premium Ventisol";"BKR1";"ALVO_VALIDADO";"448.41";"484.02";"0.1000165282426346";"0.1";""
"MLB4857540629";"VTK012807";"Painel Ac Nbr 20a 5 Metros Pac 520 Wireconex";"BKR1";"ALVO_VALIDADO";"443.55";"478.45";"0.10001045041279132";"0.1";""
"MLB4857540625";"VTK012641";"Cabo Balanceado Para Microfone Wc 224 100 Metros Wireconex";"BKR1";"ALVO_VALIDADO";"487.12";"524.83";"0.10001333765219214";"0.1";""
"MLB4857540613";"VTK012754";"Ventilador Coluna 50cm Steel Premium Oscilante Ventisol";"BKR1";"ALVO_VALIDADO";"510.45";"552.25";"0.10000905387052965";"0.1";""
"MLB4857540599";"VTK012188";"Filtro Linha 8 Tomadas Digital Wpd8d Wireconex";"BKR1";"ALVO_VALIDADO";"450";"499.06";"0.10000801506832845";"0.1";""
"MLB4857540575";"VTK012483";"Microfone Dinâmico Atr1500x Cardioide Audiotechnica";"BKR1";"ALVO_VALIDADO";"493";"561.27";"0.10000534502111284";"0.1";""
"MLB4857540537";"VTK012584";"Painel Multicabo 36 Vias Wireconex";"BKR1";"ALVO_VALIDADO";"581.29";"624.47";"0.10000480407385463";"0.1";""
"MLB4857540461";"VTK012552";"Caixa De Som R980t Preta Edifier";"BKR1";"ALVO_VALIDADO";"770";"806.72";"0.10000991669972234";"0.1";""
"MLB4857540439";"VTK012824";"Air Fryer Forno Digital 12l 127v 1800w Agratto";"BKR1";"ALVO_VALIDADO";"807";"883.99";"0.10000113123451623";"0.1";""
"MLB4857540431";"VTK012675";"Amplificador Para Guitarra 6 Pol 15w Vosstorm Gx-6";"BKR1";"ALVO_VALIDADO";"870";"919.89";"0.10000108708649946";"0.1";""
"MLB4857540421";"VTK012484";"Caixa De Som R1000t4 Madeira Edifier";"BKR1";"ALVO_VALIDADO";"1036.3";"1160.3";"0.15000430923037147";"0.15";""
"MLB4857540387";"VTK012603";"Violao Aco London Le30c Bk Strinberg";"BKR1";"ALVO_VALIDADO";"1170";"1359.95";"0.15000551490863634";"0.15";""
"MLB4857540317";"VTK012551";"Caixa De Som Mr4 Preta Edifier";"BKR1";"ALVO_VALIDADO";"1170";"1415.3";"0.15000353281989687";"0.15";""
"MLB4857539771";"VTK012635";"Mesa Som 8 Canais Analógica Usb Cmx08 Mark Audio";"BKR1";"ALVO_VALIDADO";"1317.81";"1455.13";"0.15000034361191095";"0.15";""
"MLB4857539695";"VTK005337";"Ventilador de Parede Ventisol GP VP1M2 1 Metro Preto 220v";"BKR1";"ALVO_VALIDADO";"1333";"1592.31";"0.15000219806444726";"0.15";""
"MLB4857539681";"VTK012567";"Violao Aço Sd200c Tos Folk Fosco Strinberg";"BKR1";"ALVO_VALIDADO";"1270";"1560.86";"0.1500006406724498";"0.15";""
"MLB4857539675";"VTK012364";"Calculadora Com Bobina 14 Digitos Mb-7142 Elgin";"BKR1";"ALVO_VALIDADO";"1290";"1535.3";"0.1500032566925031";"0.15";""
"MLB4857539659";"VTK012574";"Violao Aco Sd201hc Mgs Folk Fosco Strinberg";"BKR1";"ALVO_VALIDADO";"1591.64";"1844.32";"0.15000108441051443";"0.15";""
"MLB4857539619";"VTK005751";"Violão Strinberg SD201HCR Eletroacústico Folk Natural Satin Com Bag";"BKR1";"ALVO_VALIDADO";"1861.57";"1992.12";"0.15000100395558502";"0.15";""
"MLB4857539515";"VTK012677";"Amplificador Para Baixo 10 Pol 40w Vosstorm Bs-10";"BKR1";"ALVO_VALIDADO";"1960";"2269.93";"0.1500002202711097";"0.15";""
"MLB4857539501";"VTK012672";"Amplificador Potência 400w Rms Mk2400 Mark Audio";"BKR1";"ALVO_VALIDADO";"1990";"2321.09";"0.15000280040842878";"0.15";""
"MLB4857539485";"VTK012820";"Fone De Ouvido Athm50x Preto Audiotechnica";"BKR1";"ALVO_VALIDADO";"2140";"2495.79";"0.15000060101210438";"0.15";""
"MLB4857539465";"VTK012513";"Amplificador Potência 800w Rms Mk4800 Mark Audio";"BKR1";"ALVO_VALIDADO";"2599";"2852.98";"0.15000105153208224";"0.15";""
"MLB4857531013";"VTK002570";"Encordoamento Para Viola Brasileira Cebolão MI/Boiadeira EJ82C D Addario";"BKR1";"ALVO_VALIDADO";"175.82";"175.82";"0.17620293481970198";"0.07";""
"MLB4857530911";"VTK005803";"Mangueira Látex 13 Metros KM215CA Azul Kepper";"EVOLUSOM-PR";"ALVO_VALIDADO";"140.31";"140.31";"0.12536526263274178";"0.07";""
"MLB4857530901";"VTK002143";"Conector Speakon de Linha Macho 4 Pólos PGSP0004 Preto/Cinza Storm - PCT / 10";"BKR1";"ALVO_VALIDADO";"172.55";"172.55";"0.08310634598667052";"0.07";""
"MLB4857530863";"VTK001146";"Mangueira Poliéster 15 Metros KM315CLP Preta/Laranja Kepper";"EVOLUSOM-PR";"ALVO_VALIDADO";"281.33";"281.33";"0.21291721465894145";"0.1";""
"MLB4857530795";"VTK002161";"Suporte de Teto Para TV 19"" a 56"" SKY-30 Multivisão";"BKR1";"ALVO_VALIDADO";"238.93";"256.62";"0.1000311744992596";"0.1";""
"MLB4857498447";"VTK000751";"Mangueira Látex 18 Metros KM222CA Azul Kepper";"EVOLUSOM-PR";"ALVO_VALIDADO";"146.24";"146.24";"0.09402352297592997";"0.07";""
"MLB4857498113";"VTK000460";"Cabo Para Instrumentos P10 x P10° 6,10m Angel L TX Santo Angelo";"EVOLUSOM-PR";"ALVO_VALIDADO";"159.22";"159.22";"0.07517899761336516";"0.07";""
"MLB4857498057";"VTK002739";"Panela de Arroz Agratto PA6X 400W Inox 127v";"BKR1";"ALVO_VALIDADO";"235.13";"251.15";"0.1000199084212622";"0.1";""
"MLB4857486953";"VTK000161";"Arandela 6"" JBL 6FR2R 25W Redonda Branca - PAR / 2";"EVOLUSOM-PR";"ALVO_VALIDADO";"568.58";"595.1";"0.09999999999999999";"0.1";""
"MLB4857485781";"VTK000559";"Caixa de Som Frahm PS200 60w Preto (Par) - PAR / 2";"EVOLUSOM-PR";"ALVO_VALIDADO";"369.07";"393.06";"0.10001017656337455";"0.1";""
"MLB4857485771";"VTK004783";"Smart TV Box Proeletronic PROSB3000 16gb";"EVOLUSOM-PR";"ALVO_VALIDADO";"299.47";"317.34";"0.10001890716581585";"0.1";""
"MLB4857485767";"VTK001220";"Arandela 6"" Frahm 70w Quadrada Cx Branca";"EVOLUSOM-PR";"ALVO_VALIDADO";"276.8";"296.85";"0.10001684352366515";"0.1";""
"MLB4857485393";"VTK003962";"Panela Elétrica Agratto PAI10X Inox 127v";"BKR1";"ALVO_VALIDADO";"297.15";"320.69";"0.10000311827621691";"0.1";""
"MLB4857485057";"VTK001795";"Microfone Perception AKG 3S Preto";"EVOLUSOM-PR";"ALVO_VALIDADO";"321.94";"341.38";"0.10000585857402308";"0.1";""
"MLB7120040990";"VTK009710";"Guitarra Elétrica Ash Thomaz Teg 320 Preto";"VANRAL";"ALVO_VALIDADO";"1077";"1241.18";"0.15000241705473824";"0.15";""
"MLB7127532888";"VTK012552";"Caixa De Som R980t Preta Edifier";"BKR1";"ALVO_VALIDADO";"770";"806.72";"0.10000991669972234";"0.1";""
"MLB4866768089";"VTK000123";"Mesa de Som Analógica Yamaha MG10XU 10 Canais 110V Preta";"VANRAL";"ALVO_VALIDADO";"2690";"2978.58";"0.15000100719134624";"0.15";""
"MLB7137239362";"VTK000303";"Ventilador de Mesa Ventisol Turbo 6 50cm Preto 220v";"BKR1";"ALVO_VALIDADO";"311.38";"339.25";"0.1000147383935151";"0.1";""
"MLB7145416338";"VTK012797";"Cabo Guitar Textil Guitxc-05 05 Metros Wireconex";"BKR1";"ALVO_VALIDADO";"110";"111.64";"0.07004657828735221";"0.07";""
"MLB7145211796";"VTK012781";"Mesa Som 16 Canais Analógica Usb Cmx016 Mark Audio";"BKR1";"ALVO_VALIDADO";"1970";"2227.37";"0.1500020203199289";"0.15";""
"MLB7145207436";"VTK012035";"Bateria Cr2032 Botão Panasonic 10 Cartelas Com 05 Baterias Por Cartela";"BKR1";"ALVO_VALIDADO";"268.96";"268.96";"0.10001487209994052";"0.1";""
"MLB4877487029";"VTK012616";"Palheta Plasticover Ten Rrptsx300 Un";"BKR1";"ALVO_VALIDADO";"107";"113.06";"0.07005130019458694";"0.07";""
"MLB4877011977";"VTK012585";"Encordoamento Contrabaixo 040/0.95 - 4 Cordas N700 Nig";"BKR1";"ALVO_VALIDADO";"136";"147.14";"0.07000135924969418";"0.07";""
"MLB4857541611";"VTK012631";"Encordoamento Contrabaixo 045/.130 - 5 Cordas N750 Nig";"BKR1";"ALVO_VALIDADO";"177";"177";"0.07870056497175142";"0.07";""
"MLB4857541859";"VTK012570";"Tarraxa P/guitarra Lp Sg 3 Mais 3 Blindada Cromada Dolphin";"BKR1";"ALVO_VALIDADO";"149";"155.52";"0.07002314814814815";"0.07";""
"MLB7150416726";"VTK012631";"Encordoamento Contrabaixo 045/.130 - 5 Cordas N750 Nig";"BKR1";"ALVO_VALIDADO";"177";"177";"0.07870056497175142";"0.07";""
"MLB7150323360";"VTK003874";"Cabo XLR Macho x XLR Fêmea 6,10m Ninja LW B Santo Angelo";"EVOLUSOM-PR";"ALVO_VALIDADO";"137.66";"137.66";"0.11245096614848177";"0.07";""
"MLB7149406196";"VTK003962";"Panela Elétrica Agratto PAI10X Inox 127v";"BKR1";"ALVO_VALIDADO";"297.15";"320.69";"0.10000311827621691";"0.1";""
"MLB7149405744";"VTK000460";"Cabo Para Instrumentos P10 x P10° 6,10m Angel L TX Santo Angelo";"EVOLUSOM-PR";"ALVO_VALIDADO";"159.22";"159.22";"0.07517899761336516";"0.07";""
"MLB7149405662";"VTK002161";"Suporte de Teto Para TV 19"" a 56"" SKY-30 Multivisão";"BKR1";"ALVO_VALIDADO";"238.93";"256.62";"0.1000311744992596";"0.1";""
"MLB7149405578";"VTK012567";"Violao Aço Sd200c Tos Folk Fosco Strinberg";"BKR1";"ALVO_VALIDADO";"1270";"1560.86";"0.1500006406724498";"0.15";""
"MLB7149405566";"VTK005337";"Ventilador de Parede Ventisol GP VP1M2 1 Metro Preto 220v";"BKR1";"ALVO_VALIDADO";"1333";"1592.31";"0.15000219806444726";"0.15";""
"MLB7149405486";"VTK012483";"Microfone Dinâmico Atr1500x Cardioide Audiotechnica";"BKR1";"ALVO_VALIDADO";"493";"561.27";"0.10000534502111284";"0.1";""
"MLB7149405472";"VTK012188";"Filtro Linha 8 Tomadas Digital Wpd8d Wireconex";"BKR1";"ALVO_VALIDADO";"450";"499.06";"0.10000801506832845";"0.1";""
"MLB7149405422";"VTK012230";"Alto-falante 250w 15 Pol 8 Ohms Wf380500b8 Atk";"BKR1";"ALVO_VALIDADO";"330";"363.59";"0.10000275035066972";"0.1";""
"MLB7149405318";"VTK005123";"Encordoamento Guitarra .011-.049 NYXL NYXL1149 D Addario";"BKR1";"ALVO_VALIDADO";"137";"149.24";"0.07002144197266147";"0.07";""
"MLB7149405296";"VTK012491";"Suporte Portátil P/violão Ssv1";"BKR1";"ALVO_VALIDADO";"131.83";"131.83";"0.07001441250094818";"0.07";""
"MLB7149405220";"VTK012427";"Pandeiro Abs Branco 10"" Pele Leitosa Spanking";"BKR1";"ALVO_VALIDADO";"115";"117.66";"0.07003229644739078";"0.07";""
"MLB7149375942";"VTK001795";"Microfone Perception AKG 3S Preto";"EVOLUSOM-PR";"ALVO_VALIDADO";"321.94";"341.38";"0.10000585857402308";"0.1";""
"MLB7149375624";"VTK000559";"Caixa de Som Frahm PS200 60w Preto (Par) - PAR / 2";"EVOLUSOM-PR";"ALVO_VALIDADO";"369.07";"393.06";"0.10001017656337455";"0.1";""
"MLB7149375288";"VTK002739";"Panela de Arroz Agratto PA6X 400W Inox 127v";"BKR1";"ALVO_VALIDADO";"235.13";"251.15";"0.1000199084212622";"0.1";""
"MLB7149375074";"VTK002570";"Encordoamento Para Viola Brasileira Cebolão MI/Boiadeira EJ82C D Addario";"BKR1";"ALVO_VALIDADO";"175.82";"175.82";"0.17620293481970198";"0.07";""
"MLB7149375060";"VTK005751";"Violão Strinberg SD201HCR Eletroacústico Folk Natural Satin Com Bag";"BKR1";"ALVO_VALIDADO";"1861.57";"1992.12";"0.15000100395558502";"0.15";""
"MLB7149374986";"VTK012675";"Amplificador Para Guitarra 6 Pol 15w Vosstorm Gx-6";"BKR1";"ALVO_VALIDADO";"870";"919.89";"0.10000108708649946";"0.1";""
"MLB7149374888";"VTK012629";"Cordas Para Baixo 5 Cordas D Addario Xl Exl220-5 .040-.125";"BKR1";"ALVO_VALIDADO";"335.78";"362.53";"0.10001930874686234";"0.1";""
"MLB7149374830";"VTK012225";"Direct Box Passivo Wdi 600 Wireconex";"BKR1";"ALVO_VALIDADO";"179";"187.3";"0.07004805125467164";"0.07";""
"MLB7149374810";"VTK012488";"Painel Para Multicabos Sem Conectores 28 Vias Xlr Wireconex";"BKR1";"ALVO_VALIDADO";"277";"295.94";"0.10002027437994189";"0.1";""
"MLB7149374780";"VTK012179";"Painel Multicabo 08 Vias Xlr Medusa Wireconex";"BKR1";"ALVO_VALIDADO";"153";"167.06";"0.07003471806536574";"0.07";""
"MLB7149374706";"VTK012191";"Cordas Para Violão Aço D Addario Phosphor Bronze Ej16 .012-.053";"BKR1";"ALVO_VALIDADO";"138.65";"138.65";"0.09772809231878832";"0.07";""
"MLB7149374692";"VTK012679";"Correia Vt Sl 01 Rustico Marrom Basso";"BKR1";"ALVO_VALIDADO";"126.42";"126.42";"0.0700047460844803";"0.07";""
"MLB7149374674";"VTK012799";"Calculadora Com Tela P. Anotação Branca Elgin";"BKR1";"ALVO_VALIDADO";"115";"117.21";"0.0700452179848136";"0.07";""
"MLB7149370284";"VTK003168";"Venova Alto Yamaha YVS-120 Branca";"VANRAL";"ALVO_VALIDADO";"1690";"1914.31";"0.15000182833501366";"0.15";""
"MLB7149370270";"VTK002666";"Estante Para Piano Digital L515B Yamaha Preta";"VANRAL";"ALVO_VALIDADO";"1293";"1568.08";"0.1500051017805214";"0.15";""
"MLB7149368866";"VTK012695";"Violao Aço London Le30c Ns Fosco Strinberg";"BKR1";"ALVO_VALIDADO";"1217.42";"1359.95";"0.15000551490863634";"0.15";""
"MLB7149368708";"VTK012794";"Cabo Para Instrumentos Wc 124 100 Metros Wireconex";"BKR1";"ALVO_VALIDADO";"719.18";"741.08";"0.1000026987639661";"0.1";""
"MLB7149368648";"VTK012667";"Suporte Triarticulado 02 Monitores 17"" A 32"" Multivisão";"BKR1";"ALVO_VALIDADO";"472.15";"511.55";"0.10000977421561918";"0.1";""
"MLB7149368602";"VTK012793";"Encordoamento 045-130 P/ Baixo 5 Cordas Regular Slinky Niquel P02836 Ernie Ball (12891)";"BKR1";"ALVO_VALIDADO";"360";"397.82";"0.10002010959730531";"0.1";""
"MLB7149368460";"VTK012490";"Alto-falante Profissional 250w 10 Pol 8 Ohms 10wf510b8 Atk";"BKR1";"ALVO_VALIDADO";"283";"319.49";"0.10000312998841904";"0.1";""
"MLB7149368280";"VTK003036";"Encordoamento Guitarra Revestido .010-.046 XT Nickel XTE1046 D Addario";"BKR1";"ALVO_VALIDADO";"154";"159.75";"0.07004694835680751";"0.07";""
"MLB7149368238";"VTK004398";"Captador Clip de contato Passivo CCP-25 Preto Custom Sound";"BKR1";"ALVO_VALIDADO";"138";"146.19";"0.0700458307681784";"0.07";""
"MLB7149368196";"VTK012681";"Correia Dg 04 Preto Basso";"BKR1";"ALVO_VALIDADO";"160.88";"160.88";"0.0971531576330184";"0.07";""
"MLB7149368086";"VTK012458";"Encordoamento P/violão Aço Earthwood Leve Phosphor Bronze Ernie Ball 011""-052"" P02148";"BKR1";"ALVO_VALIDADO";"127";"133.77";"0.07004560065784554";"0.07";""
"MLB7149367956";"VTK012387";"Pandeiro Abs Preto 10"" Pele Leitosa Spanking";"BKR1";"ALVO_VALIDADO";"115.13";"117.66";"0.07003229644739078";"0.07";""
"MLB7149366208";"VTK012634";"Alto-falante 600w 12 Pol 4 Ohms Wf3001200b4 Atk";"BKR1";"ALVO_VALIDADO";"599";"659.57";"0.10000454841790862";"0.1";""
"MLB7149338566";"VTK002137";"Estante Para Piano L85 Yamaha Preta";"VANRAL";"ALVO_VALIDADO";"990";"1118.56";"0.15000536403947934";"0.15";""
"MLB7149337100";"VTK002784";"Estante Para Teclado L121B Yamaha Preta";"VANRAL";"ALVO_VALIDADO";"1016.27";"1126.37";"0.15000399513481363";"0.15";""
"MLB7149337058";"VTK006284";"Drumpad Portátil Yamaha FGDP-50";"VANRAL";"ALVO_VALIDADO";"2690";"3017.59";"0.15000049708542246";"0.15";""
"MLB7149334848";"VTK001202";"Panela Elétrica de Arroz Agratto PA6X Riso 400W 127v";"BKR1";"ALVO_VALIDADO";"189";"195.51";"0.07002199375990997";"0.07";""
"MLB7149334650";"VTK012514";"Caixa Multiuso Amplificada 6 Polegadas 20 W Rms - Voxstorm Vsu140 Usb";"BKR1";"ALVO_VALIDADO";"775";"882.63";"0.10000793084304861";"0.1";""
"MLB7149334612";"VTK012758";"Fone De Ouvido Athm20x Preto Audiotechnica";"BKR1";"ALVO_VALIDADO";"757.02";"779.94";"0.1000076928994538";"0.1";""
"MLB7149334130";"VTK012698";"Suporte Boom Duplo P/ Microfone Dsm-01 Dolphin";"BKR1";"ALVO_VALIDADO";"179";"188.4";"0.07001061571125265";"0.07";""
"MLB7149332866";"VTK012127";"Painel Para Multicabos Sem Conectores 6 Vias Xlr Wireconex";"BKR1";"ALVO_VALIDADO";"237.56";"256.75";"0.10001947419668938";"0.1";""
"MLB7149332208";"VTK004555";"Violão Strinberg SD301HCR Folk Eletroacústico Tobacco Satin Com Bag";"BKR1";"ALVO_VALIDADO";"2570";"2953.1";"0.15000169313602657";"0.15";""
"MLB7149332082";"VTK006461";"Climatizador Ventisol CLIPRO 60L Branco/Cinza 127v";"BKR1";"ALVO_VALIDADO";"1290";"1485.9";"0.15000336496399486";"0.15";""
"MLB7149332050";"VTK012376";"Calculadora Com Bobina 12 Digitos Cr Mr-6124 Elgin";"BKR1";"ALVO_VALIDADO";"769.12";"788.96";"0.10000506996552423";"0.1";""
"MLB7149331966";"VTK012705";"Calculadora Impressão 12 Dígitos Lp25 Bivolt Procalc";"EVOLUSOM-PR";"ALVO_VALIDADO";"577";"596.54";"0.1000100580011399";"0.1";""
"MLB7149331936";"VTK012385";"Caixa Multiuso Amplificada 6 Polegadas 15 W Rms - Voxstorm Vsu100 Usb";"BKR1";"ALVO_VALIDADO";"593";"668.29";"0.10000149635637223";"0.1";""
"MLB7149330676";"VTK012322";"Microfone Dinamico Wm58 Wireconex";"BKR1";"ALVO_VALIDADO";"536.07";"572.99";"0.10000174523115586";"0.1";""
"MLB7149330638";"VTK012349";"Fone De Ouvido W800bt Pro Preto Edifier";"BKR1";"ALVO_VALIDADO";"497.06";"535.19";"0.10000186849530072";"0.1";""
"MLB7149330130";"VTK002096";"Ventilador de Mesa Ventisol Turbo 6 30cm Preto/Cinza 127v";"BKR1";"ALVO_VALIDADO";"181";"191.52";"0.0700187969924812";"0.07";""
"MLB7149330064";"VTK004355";"Suporte Para Teclado 2020 Preto Saty";"BKR1";"ALVO_VALIDADO";"183.82";"183.82";"0.21085844848221086";"0.07";""
"MLB7149329858";"VTK012370";"Pandeiro Abs Preto 10"" Pele Leitosa - Fé Spanking";"BKR1";"ALVO_VALIDADO";"117";"117.66";"0.07003229644739078";"0.07";""
"MLB7149328206";"VTK012137";"Painel Para Multicabos Sem Conectores 8 Vias Xlr Wireconex";"BKR1";"ALVO_VALIDADO";"242.78";"263.06";"0.10001520565650421";"0.1";""
"MLB4881438235";"VTK000945";"Climatizador Ventisol CLIPRO 35L Branco/Cinza 127v";"BKR1";"ALVO_VALIDADO";"1226.88";"1374.62";"0.150005092316422";"0.15";""
"MLB4880634443";"VTK012570";"Tarraxa P/guitarra Lp Sg 3 Mais 3 Blindada Cromada Dolphin";"BKR1";"ALVO_VALIDADO";"149";"155.52";"0.07002314814814815";"0.07";""
"MLB4880633027";"VTK002143";"Conector Speakon de Linha Macho 4 Pólos PGSP0004 Preto/Cinza Storm - PCT / 10";"BKR1";"ALVO_VALIDADO";"172.55";"172.55";"0.08310634598667052";"0.07";""
"MLB4880632951";"VTK012635";"Mesa Som 8 Canais Analógica Usb Cmx08 Mark Audio";"BKR1";"ALVO_VALIDADO";"1317.81";"1455.13";"0.15000034361191095";"0.15";""
"MLB4880632743";"VTK012554";"Alto-falante Profissional 150w 6 Pol 8 Ohms 6wf310b8 Atk";"BKR1";"ALVO_VALIDADO";"229.22";"246.73";"0.10002837109390833";"0.1";""
"MLB4880632729";"VTK012666";"Secador Dobrável Profissional 127v 1800w Agratto";"EVOLUSOM-PR";"ALVO_VALIDADO";"173.14";"173.14";"0.07000115513457318";"0.07";""
"MLB4880632635";"VTK012697";"Tarraxa P/guitarra 3 Mais 3 Semi Blindada Cromada Dolphin";"BKR1";"ALVO_VALIDADO";"167";"174.78";"0.07003089598352215";"0.07";""
"MLB4880632609";"VTK012226";"Conector P2 Stereo 3,5mm Plt Wc 1323 Trs Wireconex 10 Unidades";"BKR1";"ALVO_VALIDADO";"142.88";"142.88";"0.09357502799552071";"0.07";""
"MLB4880632595";"VTK005540";"Alto-falantes 5"" Leson LS5 140w (PAR)";"EVOLUSOM-PR";"ALVO_VALIDADO";"127.59";"127.6";"0.07006269592476488";"0.07";""
"MLB4880632563";"VTK012293";"Pandeiro Abs Preto 10"" Pele Leitosa - Batimento Spanking";"BKR1";"ALVO_VALIDADO";"109";"118.09";"0.07003133203488864";"0.07";""
"MLB4880589981";"VTK004036";"Teclado Yamaha PSR-F52 Arranjador Preto";"VANRAL";"ALVO_VALIDADO";"997";"1173.36";"0.15000511352014728";"0.15";""
"MLB4880588901";"VTK003567";"Estante Para Piano Digital L-300 Yamaha Preta";"VANRAL";"ALVO_VALIDADO";"1047.34";"1168.2";"0.15";"0.15";""
"MLB4880588449";"VTK002203";"Fone de Ouvido AKG K52 Profissional Preto";"EVOLUSOM-PR";"ALVO_VALIDADO";"406.28";"432.15";"0.10001157005669328";"0.1";""
"MLB4880587765";"VTK005754";"Violão Strinberg SD201HCR Eletroacústico Folk Mahogany Satin Com Bag";"BKR1";"ALVO_VALIDADO";"1690";"2010.9";"0.15000248644885372";"0.15";""
"MLB4880587713";"VTK012577";"Microfone Dinâmico At2040 Audiotechnica";"BKR1";"ALVO_VALIDADO";"1190";"1405.35";"0.1500053367488526";"0.15";""
"MLB4880587575";"VTK012358";"Calculadora Com Bobina 12 Digitos Mr-6125 Elgin";"BKR1";"ALVO_VALIDADO";"679";"742.96";"0.10000538386992569";"0.1";""
"MLB4880587351";"VTK012539";"Cordas 012 Light Phosphor Violão Aço Nanoweb Elixir";"BKR1";"ALVO_VALIDADO";"299";"337.92";"0.10002367424242423";"0.1";""
"MLB4880587309";"VTK012678";"Encordoamento P/baixo 4 Cordas Super Slinky Niquel 045""-100"" P02834 Ernie Ball";"BKR1";"ALVO_VALIDADO";"326.72";"327.64";"0.10001831278232208";"0.1";""
"MLB4880587229";"VTK012257";"Banqueta Para Teclado Csb 2 Preto";"BKR1";"ALVO_VALIDADO";"213";"235.13";"0.10002977076510866";"0.1";""
"MLB4880587199";"VTK012673";"Encordoamento Giannini P/contra Baixo Leve 0.040 Geebrl/5";"EVOLUSOM-PR";"ALVO_VALIDADO";"178.8";"178.81";"0.07001845534366087";"0.07";""
"MLB4880586993";"VTK002522";"Encordoamento Viola Brasileira Cebolão RE/Boiadeira EJ82A D Addario";"BKR1";"ALVO_VALIDADO";"137";"141.62";"0.07004660358706397";"0.07";""
"MLB4880586945";"VTK012487";"Cabo Para Microfone Emborrachado Xlr Xlr 7 Metros Mpbe-7 Wireconex";"BKR1";"ALVO_VALIDADO";"144.42";"144.42";"0.09216175045007617";"0.07";""
"MLB4880585171";"VTK012785";"Cabeçote Autoamplificado 250w Rms Pm4 800 Mark Audio";"BKR1";"ALVO_VALIDADO";"1166";"1368.8";"0.15";"0.15";""
"MLB4880585127";"VTK012578";"Microfone Condensador At2020 Audiotechnica";"BKR1";"ALVO_VALIDADO";"1170";"1349.02";"0.15000518895197998";"0.15";""
"MLB4880583621";"VTK001646";"Encordoamento Baixo 5 Cordas .045-.130 XL Nickel EXL170-5 D Addario";"BKR1";"ALVO_VALIDADO";"335.44";"358.77";"0.10000836190316917";"0.1";""
"MLB4880583557";"VTK000053";"Encordoamento Para Violão .012 Light Nanoweb Elixir";"BKR1";"ALVO_VALIDADO";"308.75";"326.05";"0.10001533507130808";"0.1";""
"MLB4880583365";"VTK012057";"Direct Box Passivo Dual Wdi 500.2 Wireconex";"BKR1";"ALVO_VALIDADO";"224.9";"242.56";"0.10001649076517151";"0.1";""
"MLB4880583319";"VTK012665";"Liquidificador Turbo 15 Vermelho 3,2l 127v 1200w Agratto";"EVOLUSOM-PR";"ALVO_VALIDADO";"229";"234.57";"0.1000127893592531";"0.1";""
"MLB4880583191";"VTK012648";"Capa Guitarra Extra Bolso Cargo - Nylon 600 Bege";"BKR1";"ALVO_VALIDADO";"184";"194.19";"0.07003450229157011";"0.07";""
"MLB4880583089";"VTK012121";"Direct Box Passivo Wdi 500 Wireconex";"BKR1";"ALVO_VALIDADO";"164.45";"164.45";"0.07515962298570994";"0.07";""
"MLB4880582965";"VTK012280";"Bateria Alcalina 12v Panasonic Ct-10 Lr-v08-1bt";"BKR1";"ALVO_VALIDADO";"134.32";"134.33";"0.07005136603885952";"0.07";""
"MLB4880582935";"VTK012534";"Cabo Para Microfone Emborrachado P10 Xlr 10 Metros Wireconex";"BKR1";"ALVO_VALIDADO";"129";"131.83";"0.07001441250094818";"0.07";""
"MLB4880582905";"VTK012405";"Encordoamento 010""-052"" P/violão Aço Earthwood Rock And Blues Phosphor Bronze Ernie Ball P02151";"BKR1";"ALVO_VALIDADO";"122";"126.37";"0.07003244440927435";"0.07";""
"MLB4880565877";"VTK012348";"Fone De Ouvido W800bt Plus Preto Edifier";"BKR1";"ALVO_VALIDADO";"372.71";"402.84";"0.10001489425081919";"0.1";""
"MLB4880565805";"VTK012796";"Calculadora Compacta Com Bobina 12 Digitos Ma-5111 Elgin";"BKR1";"ALVO_VALIDADO";"333.38";"359.34";"0.10001669727834363";"0.1";""
"MLB4880565711";"VTK012138";"Alto-falante 250w 12 Pol 8 Ohms Wf300500b8 Atk";"BKR1";"ALVO_VALIDADO";"298.92";"322.26";"0.10001241233786383";"0.1";""
"MLB4880565683";"VTK012122";"Alto-falante 250w 12 Pol 4 Ohms Wf300500b4 Atk";"BKR1";"ALVO_VALIDADO";"289";"317.6";"0.09999999999999999";"0.1";""
"MLB4880565639";"VTK012537";"Alto-falante Profissional 150w 10 Pol 8 Ohms 10wf310b8 Atk";"BKR1";"ALVO_VALIDADO";"257";"291.85";"0.10001713208840157";"0.1";""
"MLB4880565609";"VTK003965";"Cafeteira Elétrica Agratto Thermo 25X Inox 127v";"BKR1";"ALVO_VALIDADO";"262.81";"284.63";"0.10002459333169378";"0.1";""
"MLB4880565453";"VTK012212";"Microfone Dinamico Wm16 Wireconex";"BKR1";"ALVO_VALIDADO";"211.98";"228.68";"0.10000874584572328";"0.1";""
"MLB4880565223";"VTK012689";"Bateria Selada De Chumbo Vrla 12v 7ah Elgin";"BKR1";"ALVO_VALIDADO";"208.94";"208.94";"0.20087106346319517";"0.1";""
"MLB4880565187";"VTK012214";"Capa Guitarra Luxo - Nylon 600";"BKR1";"ALVO_VALIDADO";"126";"134.65";"0.07003341997772002";"0.07";""
"MLB4880564709";"VTK012117";"Painel Para Multicabos Sem Conectores 12 Vias Xlr Wireconex";"BKR1";"ALVO_VALIDADO";"265.02";"284.6";"0.09999999999999999";"0.1";""
"MLB4880559755";"VTK000763";"Smart TV Box Aquário STV3000 Plus";"EVOLUSOM-PR";"ALVO_VALIDADO";"379.16";"402.25";"0.10001243008079552";"0.1";""
"MLB4880559183";"VTK000550";"Kit Teclado e Mouse C3tech K-W10 Sem Fio Preto";"EVOLUSOM-PR";"ALVO_VALIDADO";"95";"95";"0.0808421052631579";"0.07";""
"MLB4880525767";"VTK001131";"Panela Elétrica de Arroz Agratto PA6X Riso 400W 220v";"EVOLUSOM-PR";"ALVO_VALIDADO";"169.17";"169.18";"0.07004374039484572";"0.07";""
"MLB4842175303";"VTK001696";"Ferro de Solda 21K017 65W 220V Hikari";"EVOLUSOM-PR";"ALVO_VALIDADO";"121";"125";"0.07";"0.07";""
"MLB7149337698";"VTK000213";"Correia Para Violão Standard Harmonics Preta";"BKR1";"ALVO_VALIDADO";"34.08";"34.09";"0.07010853622763273";"0.07";""
"MLB4857637265";"VTK000213";"Correia Para Violão Standard Harmonics Preta";"BKR1";"ALVO_VALIDADO";"34.08";"34.09";"0.07010853622763273";"0.07";""
"MLB7151451832";"VTK003175";"Plug P10 Mono PGPZ0043 Storm - PCT / 10";"BKR1";"ALVO_VALIDADO";"63.03";"63.04";"0.07011421319796954";"0.07";""
"MLB7151451750";"VTK012020";"Conector P10 Stereo Macho Wc 1123 Wireconex 10 Unidades";"BKR1";"ALVO_VALIDADO";"136.94";"136.94";"0.09960566671534979";"0.07";""
"MLB7151451600";"VTK012247";"16 Pilhas Alcalinas Aaa Palito Duracell";"BKR1";"ALVO_VALIDADO";"134";"139";"0.07";"0.07";""
"MLB4882821681";"VTK012457";"Encordoamento Contrabaixo 045/.100 - 4 Cordas N740 Nig";"BKR1";"ALVO_VALIDADO";"150";"153.57";"0.07000065116884809";"0.07";""
"MLB4882821579";"VTK012659";"Calculadora Impressão 12 Dígitos Lp45 Bivolt Procalc";"BKR1";"ALVO_VALIDADO";"777.87";"797.86";"0.10000501341087409";"0.1";""
"MLB4881447335";"VTK000232";"Leitor de Código de Barras C3Tech LB-50BK USB";"EVOLUSOM-PR";"ALVO_VALIDADO";"176.22";"176.22";"0.09255476109408693";"0.07";""
"MLB4857623415";"VTK012496";"Palheta Gator Grip 0,96mm Pct C/6 417r.96 Dunlop (1813)";"BKR1";"ALVO_VALIDADO";"44";"46.03";"0.07017162719965239";"0.07";""
"MLB7158598032";"VTK012586";"Encordoamento Contrabaixo 040/.125 - 5 Cordas N710 Nig";"BKR1";"ALVO_VALIDADO";"183.62";"185.5";"0.07002695417789757";"0.07";""
"MLB7157761186";"VTK012364";"Calculadora Com Bobina 14 Digitos Mb-7142 Elgin";"BKR1";"ALVO_VALIDADO";"1290";"1535.3";"0.1500032566925031";"0.15";""
"MLB7157760908";"VTK003197";"Mini Teclado Yamaha PSS-F30 Preto";"VANRAL";"ALVO_VALIDADO";"645.81";"650.84";"0.10000921885563271";"0.1";""
"MLB7169886964";"VTK016183";"50 Baterias CR1632 Panasonic (10 Cartelas)";"BKR1";"ALVO_VALIDADO";"570.42";"604.4";"0.1";"0.1";""
"MLB7169885074";"VTK016101";"30 Baterias Cr2016 Panasonic (6 Cart)";"BKR1";"ALVO_VALIDADO";"180.46";"180.46";"0.07796741660201706";"0.07";""
"MLB7169884134";"VTK016081";"25 Baterias Cr2016 Panasonic (5 Cart)";"BKR1";"ALVO_VALIDADO";"155.19";"155.19";"0.09607577807848444";"0.07";""
"MLB7169883830";"VTK015932";"10 Baterias CR1632 Panasonic (02 Cartelas)";"BKR1";"ALVO_VALIDADO";"143.33";"143.33";"0.10674666852717504";"0.07";""
"MLB7169866316";"VTK016164";"45 Baterias Cr2016 Panasonic (9 Cart)";"BKR1";"ALVO_VALIDADO";"254.01";"270.14";"0.10002221070556008";"0.1";""
"MLB7169866140";"VTK016044";"20 Baterias CR1632 Panasonic (04 Cartelas)";"BKR1";"ALVO_VALIDADO";"234.05";"248.83";"0.10002813165615078";"0.1";""
"MLB7169864988";"VTK016041";"20 Baterias CR1220 Panasonic (04 cartelas)";"BKR1";"ALVO_VALIDADO";"170.94";"170.94";"0.08418158418158418";"0.07";""
"MLB4894918943";"VTK016180";"50 Baterias CR1220 Panasonic (10 cartelas)";"BKR1";"ALVO_VALIDADO";"379.41";"401.32";"0.10001993421708363";"0.1";""
"MLB4894918741";"VTK016184";"50 Baterias Cr2016 Panasonic (10 Cart)";"BKR1";"ALVO_VALIDADO";"275.22";"291.75";"0.10001713796058269";"0.1";""
"MLB4894918615";"VTK016251";"CR2032 Bateria Panasonic 10 Cartelas com 05 cada";"BKR1";"ALVO_VALIDADO";"252.94";"268.53";"0.1000260678508919";"0.1";""
"MLB4894914663";"VTK016181";"50 Baterias CR1616 Panasonic (10 cartelas)";"BKR1";"ALVO_VALIDADO";"404.53";"431.45";"0.10001158882836945";"0.1";""
"MLB4894913453";"VTK016148";"40 Baterias Cr2016 Panasonic (8 Cart)";"BKR1";"ALVO_VALIDADO";"229.54";"244.63";"0.10002861464252136";"0.1";""
"MLB4894913207";"VTK016117";"35 Baterias Cr2016 Panasonic (7 Cart)";"BKR1";"ALVO_VALIDADO";"205.86";"216.87";"0.10001383317194633";"0.1";""
"MLB4894912759";"VTK016042";"20 Baterias CR1616 Panasonic (04 cartelas)";"BKR1";"ALVO_VALIDADO";"170.94";"170.94";"0.08418158418158418";"0.07";""
"MLB4894911549";"VTK016045";"20 Baterias Cr2016 Panasonic (4 Cart)";"BKR1";"ALVO_VALIDADO";"140.96";"140.96";"0.10903802497162314";"0.07";""
"MLB7173718782";"VTK001145";"Mesa de Som Soundcraft MI-6 06 Canais USB";"EVOLUSOM-PR";"ALVO_VALIDADO";"1317";"1491.19";"0.15000100590803317";"0.15";""
"MLB7111661768";"VTK000411";"Bateria Alcalina 9v MN1604 (C/2 Pilhas) Duracell";"BKR1";"ALVO_VALIDADO";"105";"105";"0.1880952380952381";"0.07";""
"MLB7184805186";"VTK016108";"300 Pilhas Baterias Cr2032 3v Panasonic 60 Cartelas";"BKR1";"ALVO_VALIDADO";"1496.17";"1648.39";"0.1500009099788278";"0.15";""
"MLB7184804918";"VTK016032";"192 Pilhas Alcalinas Premium AAA Panasonic (32 Cartelas C/6 Un)";"BKR1";"ALVO_VALIDADO";"1112.22";"1227.75";"0.15000610873549175";"0.15";""
"MLB7184804582";"VTK016066";"200 Pilhas Baterias Cr2032 3v Panasonic 40 Cartelas";"BKR1";"ALVO_VALIDADO";"1009.22";"1114.44";"0.1500035892466171";"0.15";""
"MLB7184804506";"VTK016179";"50 Baterias Alcalinas 9v Panasonic";"BKR1";"ALVO_VALIDADO";"1011.38";"1117.57";"0.1500040265934125";"0.15";""
"MLB7184804174";"VTK016147";"40 Baterias Alcalinas 9v Panasonic";"BKR1";"ALVO_VALIDADO";"814.25";"829.02";"0.10000964994813152";"0.1";""
"MLB7184804052";"VTK016029";"192 Pilhas Alcalinas AAA Panasonic (32 Cartelas C/6 Un)";"BKR1";"ALVO_VALIDADO";"891.12";"906.34";"0.10000662003221748";"0.1";""
"MLB7184803760";"VTK015992";"150 Pilhas Baterias Cr2032 3v Panasonic 30 Cartelas";"BKR1";"ALVO_VALIDADO";"764.96";"778.95";"0.10000641889723345";"0.1";""
"MLB7184803642";"VTK016025";"18 Pilhas Recarregaveis Eneloop Std Aa Panasonic (9 Cart)";"BKR1";"ALVO_VALIDADO";"853.26";"868.1";"0.1";"0.1";""
"MLB7184764062";"VTK016149";"40 Baterias Cr2025 Panasonic (8 Cart)";"BKR1";"ALVO_VALIDADO";"229.54";"244.63";"0.10002861464252136";"0.1";""
"MLB7184763768";"VTK016095";"3 Tubos Pilha Comum Aaa C/40un Cada";"BKR1";"ALVO_VALIDADO";"226.52";"241.16";"0.10001658649859016";"0.1";""
"MLB7184763606";"VTK016127";"36 Pilhas Alcalinas Premium Aaa Panasonic (9 Cart)";"BKR1";"ALVO_VALIDADO";"223.38";"237.47";"0.1000126331747168";"0.1";""
"MLB7184763152";"VTK016126";"36 Pilhas Alcalinas Premium Aaa Panasonic (6 Cart)";"BKR1";"ALVO_VALIDADO";"215.69";"228.66";"0.10001749322137672";"0.1";""
"MLB7184762956";"VTK016206";"6 Pilhas Recarregaveis Eneloop Std Aaa Panasonic (3 Cart)";"BKR1";"ALVO_VALIDADO";"212.09";"224.34";"0.10002674511901578";"0.1";""
"MLB7184762680";"VTK015927";"10 Baterias Alcalinas 9v Panasonic";"BKR1";"ALVO_VALIDADO";"211.31";"223.4";"0.09999999999999999";"0.1";""
"MLB7184762346";"VTK016168";"48 Pilhas Alcalinas Aaa Panasonic (8 Cart)";"BKR1";"ALVO_VALIDADO";"226.06";"240.49";"0.10000415817705517";"0.1";""
"MLB7184761854";"VTK015941";"10 Pilhas Alcalinas D Panasonic (5  Cart)";"BKR1";"ALVO_VALIDADO";"202.5";"212.85";"0.10002349072116513";"0.1";""
"MLB7184761696";"VTK016124";"36 Pilhas Alcalinas Premium Aa Panasonic (6 Cart)";"BKR1";"ALVO_VALIDADO";"196.14";"196.39";"0.07001374815418301";"0.07";""
"MLB7184761510";"VTK016167";"48 Pilhas Alcalinas Aa Panasonic (8 Cart)";"BKR1";"ALVO_VALIDADO";"193.56";"193.56";"0.07052076875387477";"0.07";""
"MLB7184760484";"VTK016088";"28 Pilhas Alcalinas Premium Aaa Panasonic (7 Cart)";"BKR1";"ALVO_VALIDADO";"180.24";"180.24";"0.07811806480248557";"0.07";""
"MLB7184760132";"VTK016151";"40 Pilhas Alcalinas Aa Panasonic (10 Cart)";"BKR1";"ALVO_VALIDADO";"176.31";"176.31";"0.08059667630877432";"0.07";""
"MLB7184759676";"VTK016106";"30 Pilhas Alcalinas Premium Aa Panasonic (5 Cart)";"BKR1";"ALVO_VALIDADO";"170.12";"170.12";"0.08470491417822713";"0.07";""
"MLB7184759522";"VTK016123";"36 Pilhas Alcalinas Aaa Panasonic (9 Cart)";"BKR1";"ALVO_VALIDADO";"171.39";"171.39";"0.08384386486959566";"0.07";""
"MLB7184759204";"VTK016087";"28 Pilhas Alcalinas Premium Aa Panasonic (7 Cart)";"BKR1";"ALVO_VALIDADO";"170.09";"170.09";"0.08477864659885942";"0.07";""
"MLB7184758946";"VTK016228";"8 Pilhas Alcalinas D Panasonic (4  Cart)";"BKR1";"ALVO_VALIDADO";"169.31";"169.31";"0.0852873427440789";"0.07";""
"MLB7184758740";"VTK016103";"30 Baterias Cr2032 Panasonic (6 Cart)";"BKR1";"ALVO_VALIDADO";"168.84";"168.84";"0.08564321250888415";"0.07";""
"MLB7184758526";"VTK016121";"36 Pilhas Alcalinas Aa Panasonic (9 Cart)";"BKR1";"ALVO_VALIDADO";"164.86";"164.86";"0.08843867523959723";"0.07";""
"MLB7184758404";"VTK016037";"2 Tubos Pilha Comum Aaa C/40un Cada";"BKR1";"ALVO_VALIDADO";"163.44";"163.44";"0.08951297112090065";"0.07";""
"MLB7184757542";"VTK016075";"24 Pilhas Alcalinas Premium Aaa Panasonic (4 Cart)";"BKR1";"ALVO_VALIDADO";"158.44";"158.44";"0.09341075485988387";"0.07";""
"MLB7184755920";"VTK016105";"30 Pilhas Alcalinas Aaa Panasonic (5 Cart)";"BKR1";"ALVO_VALIDADO";"155.06";"155.06";"0.0961563265832581";"0.07";""
"MLB7184755768";"VTK016086";"28 Pilhas Alcalinas Aaa Panasonic (7 Cart)";"BKR1";"ALVO_VALIDADO";"147.54";"147.54";"0.10275179612308527";"0.07";""
"MLB7184755192";"VTK016057";"20 Pilhas Alcalinas Premium Aaa Panasonic (10 Cart)";"BKR1";"ALVO_VALIDADO";"125";"137.04";"0.07005253940455342";"0.07";""
"MLB7184755052";"VTK016104";"30 Pilhas Alcalinas Aa Panasonic (5 Cart)";"BKR1";"ALVO_VALIDADO";"142.7";"142.7";"0.10735809390329364";"0.07";""
"MLB7184754742";"VTK016199";"6 Pilhas Alcalinas D Panasonic (3  Cart)";"BKR1";"ALVO_VALIDADO";"145.13";"145.13";"0.10500930200509888";"0.07";""
"MLB7184754648";"VTK016047";"20 Baterias Cr2032 Panasonic (4 Cart)";"BKR1";"ALVO_VALIDADO";"133.86";"133.86";"0.11661437322575824";"0.07";""
"MLB7184750874";"VTK015960";"12 Pilhas Alcalinas C Panasonic (6  Cart)";"BKR1";"ALVO_VALIDADO";"192.21";"192.21";"0.07122418188439728";"0.07";""
"MLB7184750136";"VTK016161";"42 Pilhas Alcalinas Aaa Panasonic (7 Cart)";"BKR1";"ALVO_VALIDADO";"197.56";"198.02";"0.07004342995657004";"0.07";""
"MLB7184750018";"VTK016107";"30 Pilhas Alcalinas Premium Aaa Panasonic (5 Cart)";"BKR1";"ALVO_VALIDADO";"175";"180.46";"0.07004322287487531";"0.07";""
"MLB7184749810";"VTK016102";"30 Baterias Cr2025 Panasonic (6 Cart)";"BKR1";"ALVO_VALIDADO";"180.46";"180.46";"0.07796741660201706";"0.07";""
"MLB7184749700";"VTK016142";"4 Pilhas Recarregaveis Eneloop Std Aa Panasonic (2 Cart)";"BKR1";"ALVO_VALIDADO";"196.14";"196.39";"0.07001374815418301";"0.07";""
"MLB7184749312";"VTK016221";"8 Baterias Alcalinas 9v Panasonic";"BKR1";"ALVO_VALIDADO";"179.04";"179.04";"0.0788650580875782";"0.07";""
"MLB7184748844";"VTK016242";"80 Pilhas Comum Aaa Panasonic (10 Cart)";"BKR1";"ALVO_VALIDADO";"170.44";"170.44";"0.08448720957521709";"0.07";""
"MLB7184748528";"VTK016036";"2 Tubos Pilha Comum Aa C/52un Cada Panasonic";"BKR1";"ALVO_VALIDADO";"169.49";"169.49";"0.08519676677090093";"0.07";""
"MLB7184748336";"VTK015940";"10 Pilhas Alcalinas C Panasonic (5  Cart)";"BKR1";"ALVO_VALIDADO";"168.37";"168.37";"0.0858822830670547";"0.07";""
"MLB7184748102";"VTK016122";"36 Pilhas Alcalinas Aaa Panasonic (6 Cart)";"BKR1";"ALVO_VALIDADO";"179.19";"179.19";"0.07879904012500698";"0.07";""
"MLB7184747836";"VTK016076";"24 Pilhas Alcalinas Premium Aaa Panasonic (6 Cart)";"BKR1";"ALVO_VALIDADO";"164.34";"164.34";"0.08890105878057684";"0.07";""
"MLB7184747612";"VTK016219";"72 Pilhas Comum Aaa Panasonic (9 Cart)";"BKR1";"ALVO_VALIDADO";"159.57";"159.57";"0.09243592153913643";"0.07";""
"MLB7184747214";"VTK016120";"36 Pilhas Alcalinas Aa Panasonic (6 Cart)";"BKR1";"ALVO_VALIDADO";"157.81";"157.81";"0.09391039858057157";"0.07";""
"MLB7184746742";"VTK016143";"4 Pilhas Recarregaveis Eneloop Std Aaa Panasonic (2 Cart)";"BKR1";"ALVO_VALIDADO";"154.91";"154.91";"0.09624943515589697";"0.07";""
"MLB7184746622";"VTK016073";"24 Pilhas Alcalinas Premium Aa Panasonic (6 Cart)";"BKR1";"ALVO_VALIDADO";"154.14";"154.14";"0.096924873491631";"0.07";""
"MLB7184746464";"VTK016109";"32 Pilhas Alcalinas Aa Panasonic (8 Cart)";"BKR1";"ALVO_VALIDADO";"151.16";"151.16";"0.09949722148716592";"0.07";""
"MLB7184746248";"VTK015926";"10 Baterias Alcalinas 12v Panasonic Lrv08-1b";"BKR1";"ALVO_VALIDADO";"144";"149.5";"0.07003344481605352";"0.07";""
"MLB7184745934";"VTK016071";"24 Pilhas Alcalinas Premium AA Panasonic (12 Cartelas C/2 Un)";"BKR1";"ALVO_VALIDADO";"134";"146.85";"0.0700034048348655";"0.07";""
"MLB7184745822";"VTK016072";"24 Pilhas Alcalinas Premium Aa Panasonic (4 Cart)";"BKR1";"ALVO_VALIDADO";"148.74";"148.74";"0.07711442786069651";"0.07";""
"MLB7184744776";"VTK016046";"20 Baterias Cr2025 Panasonic (4 Cart)";"BKR1";"ALVO_VALIDADO";"142.01";"142.01";"0.1080205619322583";"0.07";""
"MLB7184744382";"VTK016243";"9 Baterias Alcalinas 12v Panasonic Lrv08-1b";"BKR1";"ALVO_VALIDADO";"163.15";"163.15";"0.1994483604045357";"0.07";""
"MLB7184743836";"VTK016056";"20 Pilhas Alcalinas Premium Aa Panasonic (5 Cart)";"BKR1";"ALVO_VALIDADO";"140.07";"140.07";"0.11001642036124795";"0.07";""
"MLB7184743082";"VTK016020";"18 Pilhas Alcalinas Premium Aaa Panasonic (3 Cart)";"BKR1";"ALVO_VALIDADO";"121";"123.26";"0.07001460327762454";"0.07";""
"MLB7184742950";"VTK016061";"20 Pilhas Comum D Panasonic (10 Cart)";"BKR1";"ALVO_VALIDADO";"135.33";"135.33";"0.11497820143353284";"0.07";""
"MLB7184742018";"VTK016218";"72 Pilhas Comum Aa Panasonic (9 Cart)";"BKR1";"ALVO_VALIDADO";"133.21";"133.21";"0.11733353351850462";"0.07";""
"MLB7184741714";"VTK016174";"5 Baterias Alcalinas 9v Panasonic";"BKR1";"ALVO_VALIDADO";"133.75";"133.75";"0.11671028037383177";"0.07";""
"MLB7184741432";"VTK016069";"24 Pilhas Alcalinas Aaa Panasonic (4 Cart)";"BKR1";"ALVO_VALIDADO";"138.09";"138.09";"0.11195597074371787";"0.07";""
"MLB7184739316";"VTK016067";"24 Pilhas Alcalinas Aa Panasonic (4 Cart)";"BKR1";"ALVO_VALIDADO";"123.88";"123.88";"0.12859218598643848";"0.07";""
"MLB7184725476";"VTK016215";"7 Baterias Alcalinas 9v Panasonic";"BKR1";"ALVO_VALIDADO";"160.34";"160.34";"0.0919296494948235";"0.07";""
"MLB7184725216";"VTK016074";"24 Pilhas Alcalinas Premium AAA Panasonic (12 Cartelas C/2 Un)";"BKR1";"ALVO_VALIDADO";"194.6";"194.6";"0.21408016443987665";"0.07";""
"MLB7184725090";"VTK016110";"32 Pilhas Alcalinas Aaa Panasonic (8 Cart)";"BKR1";"ALVO_VALIDADO";"157.96";"157.96";"0.09382122056216763";"0.07";""
"MLB7184724764";"VTK016082";"25 Baterias Cr2025 Panasonic (5 Cart)";"BKR1";"ALVO_VALIDADO";"147";"153.98";"0.0700090920898818";"0.07";""
"MLB7184724036";"VTK015925";"10 Baterias Alcalinas 12v Lrv08 Panasonic (10 Cartelas)";"BKR1";"ALVO_VALIDADO";"142";"150.89";"0.08091987540592487";"0.07";""
"MLB7184723588";"VTK016083";"25 Baterias Cr2032 Panasonic (5 Cart)";"BKR1";"ALVO_VALIDADO";"148.87";"148.87";"0.07691274266138241";"0.07";""
"MLB7184723430";"VTK016213";"64 Pilhas Comum Aaa Panasonic (8 Cart)";"BKR1";"ALVO_VALIDADO";"146.46";"146.46";"0.07940734671582685";"0.07";""
"MLB7184723034";"VTK016058";"20 Pilhas Alcalinas Premium Aaa Panasonic (5 Cart)";"BKR1";"ALVO_VALIDADO";"149.01";"149.01";"0.10140259043017247";"0.07";""
"MLB7184722914";"VTK016227";"8 Pilhas Alcalinas C Panasonic (4  Cart)";"BKR1";"ALVO_VALIDADO";"149.64";"149.64";"0.10077519379844962";"0.07";""
"MLB7184722770";"VTK016194";"6 Baterias Alcalinas 9v Panasonic";"BKR1";"ALVO_VALIDADO";"148.14";"148.14";"0.0803969218307007";"0.07";""
"MLB7184722082";"VTK016085";"28 Pilhas Alcalinas Aa Panasonic (7 Cart)";"BKR1";"ALVO_VALIDADO";"141.28";"141.28";"0.10879105322763306";"0.07";""
"MLB7184721946";"VTK016241";"80 Pilhas Comum Aa Panasonic (10 Cart)";"BKR1";"ALVO_VALIDADO";"142.3";"142.3";"0.10765987350667602";"0.07";""
"MLB7184721228";"VTK016070";"24 Pilhas Alcalinas Aaa Panasonic (6 Cart)";"BKR1";"ALVO_VALIDADO";"134.99";"134.99";"0.11534187717608711";"0.07";""
"MLB7184720876";"VTK016220";"8 Baterias Alcalinas 12v Panasonic Lrv08-1b";"BKR1";"ALVO_VALIDADO";"114";"125.41";"0.07001036599952157";"0.07";""
"MLB7184719180";"VTK016068";"24 Pilhas Alcalinas Aa Panasonic (6 Cart)";"BKR1";"ALVO_VALIDADO";"129.62";"129.62";"0.12143187779663632";"0.07";""
"MLB7184718452";"VTK016018";"18 Pilhas Alcalinas Premium Aa Panasonic (3 Cart)";"BKR1";"ALVO_VALIDADO";"114";"114";"0.08526315789473685";"0.07";""
"MLB7184716338";"VTK016212";"64 Pilhas Comum Aa Panasonic (8 Cart)";"BKR1";"ALVO_VALIDADO";"114";"114";"0.10061403508771931";"0.07";""
"MLB7184503318";"VTK016113";"32 Pilhas Comum Aa Panasonic (4 Cart)";"BKR1";"ALVO_VALIDADO";"53.99";"54.92";"0.0701019664967225";"0.07";""
"MLB4903944759";"VTK000405";"Pipoqueira Agratto Pop Cine Vermelha 127v";"BKR1";"ALVO_VALIDADO";"154";"162.63";"0.0700362786693722";"0.07";""
"MLB4903871149";"VTK016186";"500 Pilhas Baterias Cr2032 3v Panasonic 100 Cartelas";"BKR1";"ALVO_VALIDADO";"2572.89";"2717.7";"0.15000183979099976";"0.15";""
"MLB4903871077";"VTK016159";"400 Pilhas Baterias Cr2032 3v Panasonic 80 Cartelas";"BKR1";"ALVO_VALIDADO";"2064.01";"2181.65";"0.1500011459216648";"0.15";""
"MLB4903870831";"VTK015951";"100 Baterias Alcalinas 12v Panasonic Lr-V08-1bt (10 Cart)";"BKR1";"ALVO_VALIDADO";"1158.28";"1277.99";"0.1500011737181042";"0.15";""
"MLB4903870465";"VTK016031";"192 Pilhas Alcalinas Premium AA Panasonic (32 Cartelas C/6 Un)";"BKR1";"ALVO_VALIDADO";"1014.33";"1120.37";"0.15000401653025341";"0.15";""
"MLB4903870163";"VTK016030";"192 Pilhas Alcalinas AAA Panasonic (48 Cartelas C/4 Un)";"BKR1";"ALVO_VALIDADO";"846.15";"860.94";"0.1000069691267684";"0.1";""
"MLB4903869653";"VTK015949";"10 Tubos Pilha Comum Aa C/52un Cada Panasonic";"BKR1";"ALVO_VALIDADO";"784.72";"799.2";"0.09999999999999999";"0.1";""
"MLB4903868313";"VTK015984";"14 Pilhas Recarregaveis Eneloop Std Aa Panasonic (7 Cart)";"BKR1";"ALVO_VALIDADO";"635.75";"641.06";"0.10000623966555393";"0.1";""
"MLB4903868157";"VTK016011";"16 Pilhas Recarregaveis Eneloop Std Aaa Panasonic (8 Cart)";"BKR1";"ALVO_VALIDADO";"510.57";"537.14";"0.1000111702721823";"0.1";""
"MLB4903867673";"VTK016249";"Bateria Alcalina 9V Panasonic 24 unidades";"BKR1";"ALVO_VALIDADO";"466.98";"493.26";"0.1000081093135466";"0.1";""
"MLB4903867487";"VTK016146";"40 Baterias Alcalinas 12v Panasonic Lr-V08-1bt (4 Cart)";"BKR1";"ALVO_VALIDADO";"446.65";"471.43";"0.10001484843985321";"0.1";""
"MLB4903867367";"VTK015974";"12 Pilhas Recarregaveis Eneloop Std Aaa Panasonic (6 Cart)";"BKR1";"ALVO_VALIDADO";"390.57";"412.02";"0.100019416533178";"0.1";""
"MLB4903866657";"VTK016099";"30 Baterias Alcalinas 12v Panasonic Lr-V08-1bt (3 Cart)";"BKR1";"ALVO_VALIDADO";"344.13";"364.54";"0.10001645909913864";"0.1";""
"MLB4903866283";"VTK015948";"10 Pilhas Recarregaveis Eneloop Std Aaa Panasonic (5 Cart)";"BKR1";"ALVO_VALIDADO";"330.57";"349.46";"0.10001144623132835";"0.1";""
"MLB4903865633";"VTK016144";"4 Tubos Pilha Comum Aa C/52un Cada Panasonic";"BKR1";"ALVO_VALIDADO";"302.59";"320.05";"0.10001562255897516";"0.1";""
"MLB4903865373";"VTK016053";"20 Pilhas Alcalinas C Panasonic (10  Cart)";"BKR1";"ALVO_VALIDADO";"298.94";"316.48";"0.10000631951466127";"0.1";""
"MLB4903864709";"VTK016016";"18 Pilhas Alcalinas C Panasonic (9  Cart)";"BKR1";"ALVO_VALIDADO";"272.11";"288.49";"0.10000346632465597";"0.1";""
"MLB4903864385";"VTK015978";"14 Pilhas Alcalinas D Panasonic (7  Cart)";"BKR1";"ALVO_VALIDADO";"268.05";"284.03";"0.10002464528394889";"0.1";""
"MLB4903864077";"VTK016250";"CR2032 50 unidades Panasonic - 10 Cartelas";"BKR1";"ALVO_VALIDADO";"256.19";"272.42";"0.10002936641949929";"0.1";""
"MLB4903863969";"VTK016165";"45 Baterias Cr2025 Panasonic (9 Cart)";"BKR1";"ALVO_VALIDADO";"254.01";"270.14";"0.10002221070556008";"0.1";""
"MLB4903863801";"VTK016209";"60 Pilhas Alcalinas Aaa Panasonic (10 Cart)";"BKR1";"ALVO_VALIDADO";"273.44";"289.66";"0.10001380929365462";"0.1";""
"MLB4903862567";"VTK015961";"12 Pilhas Alcalinas D Panasonic (6  Cart)";"BKR1";"ALVO_VALIDADO";"235.41";"250.23";"0.10002797426367742";"0.1";""
"MLB4903860565";"VTK015952";"100 Baterias Alcalinas 9v Panasonic";"BKR1";"ALVO_VALIDADO";"2068.49";"2188.25";"0.1500011424654404";"0.15";""
"MLB4903860425";"VTK016084";"250 Pilhas Baterias Cr2032 3v Panasonic 50 Cartelas";"BKR1";"ALVO_VALIDADO";"1249.8";"1377.6";"0.15";"0.15";""
"MLB4903859621";"VTK016064";"20 Pilhas Recarregaveis Eneloop Std Aa Panasonic (10 Cart)";"BKR1";"ALVO_VALIDADO";"944.49";"960.23";"0.1000072899201233";"0.1";""
"MLB4903859315";"VTK016028";"192 Pilhas Alcalinas AA Panasonic (48 Cartelas C/4 Un)";"BKR1";"ALVO_VALIDADO";"794.61";"808.89";"0.1000012362620381";"0.1";""
"MLB4903858889";"VTK016027";"192 Pilhas Alcalinas AA Panasonic (32 Cartelas C/6 Un)";"BKR1";"ALVO_VALIDADO";"758.12";"772.74";"0.10000776457799519";"0.1";""
"MLB4903858473";"VTK016026";"18 Pilhas Recarregaveis Eneloop Std Aaa Panasonic (9 Cart)";"BKR1";"ALVO_VALIDADO";"569.07";"597.89";"0.1000016725484621";"0.1";""
"MLB4903858167";"VTK016248";"96 Pilhas Alcalinas Premium AAA Panasonic (24 Cartelas C/4 Un)";"BKR1";"ALVO_VALIDADO";"548.75";"576.95";"0.10000866626224109";"0.1";""
"MLB4903857433";"VTK015953";"100 Pilhas Baterias Cr2032 3v Panasonic 20 Cartelas";"BKR1";"ALVO_VALIDADO";"471.82";"496.19";"0.1000020153570205";"0.1";""
"MLB4903857331";"VTK015973";"12 Pilhas Recarregaveis Eneloop Std Aa Panasonic (6 Cart)";"BKR1";"ALVO_VALIDADO";"528.92";"556.26";"0.10000719088196168";"0.1";""
"MLB4903856859";"VTK016040";"20 Baterias Alcalinas 9v Panasonic";"BKR1";"ALVO_VALIDADO";"387.16";"408.66";"0.10000978808789701";"0.1";""
"MLB4903856575";"VTK016054";"20 Pilhas Alcalinas D Panasonic (10  Cart)";"BKR1";"ALVO_VALIDADO";"370.47";"390.82";"0.1000204697814851";"0.1";""
"MLB4903856059";"VTK016211";"60 Pilhas Alcalinas Premium Aaa Panasonic (10 Cart)";"BKR1";"ALVO_VALIDADO";"335.97";"354.86";"0.10001127205094967";"0.1";""
"MLB4903855799";"VTK016238";"8 Pilhas Recarregaveis Eneloop Std Aa Panasonic (4 Cart)";"BKR1";"ALVO_VALIDADO";"361.3";"381.26";"0.10001049152809108";"0.1";""
"MLB4903855675";"VTK016210";"60 Pilhas Alcalinas Premium Aa Panasonic (10 Cart)";"BKR1";"ALVO_VALIDADO";"294";"323.38";"0.1000061846743769";"0.1";""
"MLB4903854531";"VTK016185";"50 Baterias Cr2025 Panasonic (10 Cart)";"BKR1";"ALVO_VALIDADO";"276.47";"293.26";"0.10001363977357976";"0.1";""
"MLB4903854217";"VTK016239";"8 Pilhas Recarregaveis Eneloop Std Aaa Panasonic (4 Cart)";"BKR1";"ALVO_VALIDADO";"270.57";"286.89";"0.10000348565652342";"0.1";""
"MLB4903852553";"VTK016208";"60 Pilhas Alcalinas Aa Panasonic (10 Cart)";"BKR1";"ALVO_VALIDADO";"234.62";"249.19";"0.1000040130021269";"0.1";""
"MLB4903852423";"VTK016094";"3 Tubos Pilha Comum Aa C/52un Cada Panasonic";"BKR1";"ALVO_VALIDADO";"238.96";"254.45";"0.1000196502259776";"0.1";""
"MLB4903852241";"VTK016039";"20 Baterias Alcalinas 12v Panasonic Lr-V08-1bt (2 Cart)";"BKR1";"ALVO_VALIDADO";"241.61";"257.65";"0.10001940617116244";"0.1";""
"MLB4903851825";"VTK016188";"54 Pilhas Alcalinas Aaa Panasonic (9 Cart)";"BKR1";"ALVO_VALIDADO";"249";"264.18";"0.1000075705958059";"0.1";""
"MLB4903851721";"VTK016153";"40 Pilhas Alcalinas Premium Aa Panasonic (10 Cart)";"BKR1";"ALVO_VALIDADO";"223.43";"237.19";"0.10000421602934356";"0.1";""
"MLB4903851409";"VTK016162";"42 Pilhas Alcalinas Premium Aa Panasonic (7 Cart)";"BKR1";"ALVO_VALIDADO";"224.38";"238.49";"0.10000419304792654";"0.1";""
"MLB4903849371";"VTK015950";"10 Tubos Pilha Comum Aaa C/40un Cada";"BKR1";"ALVO_VALIDADO";"777.83";"798.55";"0.10000626134869452";"0.1";""
"MLB4903849291";"VTK016065";"20 Pilhas Recarregaveis Eneloop Std Aaa Panasonic (10 Cart)";"BKR1";"ALVO_VALIDADO";"656.66";"662.26";"0.10000603992389696";"0.1";""
"MLB4903849169";"VTK016010";"16 Pilhas Recarregaveis Eneloop Std Aa Panasonic (8 Cart)";"BKR1";"ALVO_VALIDADO";"760.44";"774.07";"0.1000038756184841";"0.1";""
"MLB4903848949";"VTK016100";"30 Baterias Alcalinas 9v Panasonic";"BKR1";"ALVO_VALIDADO";"563.59";"592.42";"0.1000135039330205";"0.1";""
"MLB4903848667";"VTK016178";"50 Baterias Alcalinas 12v Panasonic Lr-V08-1bt (5 Cart)";"BKR1";"ALVO_VALIDADO";"549.17";"578.33";"0.10001210381616032";"0.1";""
"MLB4903848245";"VTK016247";"96 Pilhas Alcalinas Premium AA Panasonic (24 Cartelas C/4 Un)";"BKR1";"ALVO_VALIDADO";"503.08";"529.53";"0.10001321926991862";"0.1";""
"MLB4903847797";"VTK015985";"14 Pilhas Recarregaveis Eneloop Std Aaa Panasonic (7 Cart)";"BKR1";"ALVO_VALIDADO";"450.57";"474.58";"0.10000421425260231";"0.1";""
"MLB4903847293";"VTK016176";"5 Tubos Pilha Comum Aa C/52un Cada Panasonic";"BKR1";"ALVO_VALIDADO";"373.85";"394.79";"0.1000025329922237";"0.1";""
"MLB4903847073";"VTK016177";"5 Tubos Pilha Comum Aaa C/40un Cada";"BKR1";"ALVO_VALIDADO";"347";"376.66";"0.10001061965698507";"0.1";""
"MLB4903846781";"VTK016017";"18 Pilhas Alcalinas D Panasonic (9  Cart)";"BKR1";"ALVO_VALIDADO";"336.33";"355.23";"0.10001970554288771";"0.1";""
"MLB4903845999";"VTK016190";"54 Pilhas Alcalinas Premium Aaa Panasonic (9 Cart)";"BKR1";"ALVO_VALIDADO";"305.28";"322.86";"0.1000123892708914";"0.1";""
"MLB4903845747";"VTK015998";"16 Pilhas Alcalinas D Panasonic (8  Cart)";"BKR1";"ALVO_VALIDADO";"302.19";"319.63";"0.1000219003222476";"0.1";""
"MLB4903845503";"VTK016145";"4 Tubos Pilha Comum Aaa C/40un Cada";"BKR1";"ALVO_VALIDADO";"285";"308.99";"0.10000323635069096";"0.1";""
"MLB4903845367";"VTK016189";"54 Pilhas Alcalinas Premium Aa Panasonic (9 Cart)";"BKR1";"ALVO_VALIDADO";"278.18";"294.28";"0.10000679624847085";"0.1";""
"MLB4903845267";"VTK016170";"48 Pilhas Alcalinas Premium Aaa Panasonic (8 Cart)";"BKR1";"ALVO_VALIDADO";"274.59";"290.86";"0.10001375232070411";"0.1";""
"MLB4903844501";"VTK016169";"48 Pilhas Alcalinas Premium Aa Panasonic (8 Cart)";"BKR1";"ALVO_VALIDADO";"252.28";"267.59";"0.10000373706042828";"0.1";""
"MLB4903843905";"VTK016205";"6 Pilhas Recarregaveis Eneloop Std Aa Panasonic (3 Cart)";"BKR1";"ALVO_VALIDADO";"279.74";"296.46";"0.10001349254536869";"0.1";""
"MLB4903843765";"VTK016154";"40 Pilhas Alcalinas Premium Aaa Panasonic (10 Cart)";"BKR1";"ALVO_VALIDADO";"242.98";"257.58";"0.10000776457799519";"0.1";""
"MLB4903843629";"VTK016163";"42 Pilhas Alcalinas Premium Aaa Panasonic (7 Cart)";"BKR1";"ALVO_VALIDADO";"241.9";"256.46";"0.10001559697418701";"0.1";""
"MLB4903843455";"VTK015997";"16 Pilhas Alcalinas C Panasonic (8  Cart)";"BKR1";"ALVO_VALIDADO";"245.27";"260.53";"0.10002686830691283";"0.1";""
"MLB4903842685";"VTK016166";"45 Baterias Cr2032 Panasonic (9 Cart)";"BKR1";"ALVO_VALIDADO";"233.96";"249.23";"0.10002808650643984";"0.1";""
"MLB4903841665";"VTK015977";"14 Pilhas Alcalinas C Panasonic (7  Cart)";"BKR1";"ALVO_VALIDADO";"218.93";"232.54";"0.100025802012557";"0.1";""
"MLB4903841511";"VTK016187";"54 Pilhas Alcalinas Aa Panasonic (9 Cart)";"BKR1";"ALVO_VALIDADO";"212.94";"225.35";"0.10002218770800976";"0.1";""
"MLB4903841113";"VTK016150";"40 Baterias Cr2032 Panasonic (8 Cart)";"BKR1";"ALVO_VALIDADO";"213.51";"226.05";"0.10002211900022118";"0.1";""
"MLB4903840809";"VTK016125";"36 Pilhas Alcalinas Premium Aa Panasonic (9 Cart)";"BKR1";"ALVO_VALIDADO";"207.74";"219.13";"0.10003194450782642";"0.1";""
"MLB4903840483";"VTK016112";"32 Pilhas Alcalinas Premium Aaa Panasonic (8 Cart)";"BKR1";"ALVO_VALIDADO";"204.26";"214.95";"0.10002326122354037";"0.1";""
"MLB4903840315";"VTK016118";"35 Baterias Cr2025 Panasonic (7 Cart)";"BKR1";"ALVO_VALIDADO";"205.86";"216.87";"0.10001383317194633";"0.1";""
"MLB4903839533";"VTK016244";"9 Baterias Alcalinas 9v Panasonic";"BKR1";"ALVO_VALIDADO";"194.49";"194.49";"0.0700293074194046";"0.07";""
"MLB4903839363";"VTK016111";"32 Pilhas Alcalinas Premium Aa Panasonic (8 Cart)";"BKR1";"ALVO_VALIDADO";"187.16";"187.16";"0.07405428510365462";"0.07";""
"MLB4903839227";"VTK016119";"35 Baterias Cr2032 Panasonic (7 Cart)";"BKR1";"ALVO_VALIDADO";"188.18";"188.18";"0.07344032309490912";"0.07";""
"MLB4903839071";"VTK016152";"40 Pilhas Alcalinas Aaa Panasonic (10 Cart)";"BKR1";"ALVO_VALIDADO";"183.06";"183.06";"0.07642303070031684";"0.07";""
"MLB4903838199";"VTK016160";"42 Pilhas Alcalinas Aa Panasonic (7 Cart)";"BKR1";"ALVO_VALIDADO";"175.69";"175.69";"0.08105185269508794";"0.07";""
"MLB4903795983";"VTK016022";"18 Pilhas Comum D Panasonic (9 Cart)";"BKR1";"ALVO_VALIDADO";"126.93";"126.93";"0.12471440951705665";"0.07";""
"MLB4903792895";"VTK016156";"40 Pilhas Comum Aa Panasonic (5 Cart)";"BKR1";"ALVO_VALIDADO";"90.79";"90.79";"0.18746557990968166";"0.07";""
"MLB4903788139";"VTK016012";"18 Pilhas Alcalinas Aa Panasonic (3 Cart)";"BKR1";"ALVO_VALIDADO";"104.01";"104.01";"0.15940774925487933";"0.07";""
"MLB4903786961";"VTK016173";"5 Baterias Alcalinas 12v Panasonic Lrv08-1b";"BKR1";"ALVO_VALIDADO";"104.8";"104.8";"0.1885496183206107";"0.07";""
"MLB4903784191";"VTK016171";"48 Pilhas Comum Aa Panasonic (6 Cart)";"BKR1";"ALVO_VALIDADO";"102.12";"102.12";"0.16304347826086954";"0.07";""
"MLB4903776529";"VTK015993";"16 Pilhas Alcalinas Aa Panasonic (4 Cart)";"BKR1";"ALVO_VALIDADO";"96.3";"96.3";"0.1747663551401869";"0.07";""
"MLB4903773885";"VTK015959";"12 Pilhas Alcalinas Aaa Panasonic (6 Cart)";"BKR1";"ALVO_VALIDADO";"99.27";"99.27";"0.21114133172156746";"0.07";""
"MLB4903766095";"VTK015994";"16 Pilhas Alcalinas Aa Panasonic (8 Cart)";"BKR1";"ALVO_VALIDADO";"99.82";"99.82";"0.21107994389901824";"0.07";""
"MLB4903759801";"VTK015954";"12 Pilhas Alcalinas Aa Panasonic (2 Cart)";"BKR1";"ALVO_VALIDADO";"80.99";"80.99";"0.21410050623533772";"0.07";""
"MLB4903535663";"VTK016077";"24 Pilhas Comum Aa Panasonic (3 Cart)";"BKR1";"ALVO_VALIDADO";"72.61";"72.61";"0.24252857733094615";"0.07";""
"MLB4903509625";"VTK016003";"16 Pilhas Comum Aa Panasonic (2 Cart)";"BKR1";"ALVO_VALIDADO";"61.54";"61.54";"0.2921676958076048";"0.07";""
"MLB7192786804";"VTK009688";"Encordoamento Violão Aço 012 Phosphor Bronze 203l Thomaz";"VANRAL";"ALVO_VALIDADO";"52.09";"52.09";"0.07007103090804376";"0.07";""
"MLB7191487574";"VTK001958";"Piano Yamaha P-45 Digital Preto";"VANRAL";"ALVO_VALIDADO";"2970";"3312.93";"0.15000015092380461";"0.15";""
"MLB7191487498";"VTK001048";"Cabo para Microfone Stereo AF(E) 2x0,14mm Tiaflex - RL / 100";"EVOLUSOM-PR";"ALVO_VALIDADO";"587.45";"623.28";"0.1000032088307021";"0.1";""
"MLB7210718042";"VTK016126";"36 Pilhas Alcalinas Premium Aaa Panasonic (6 Cart)";"BKR1";"ALVO_VALIDADO";"215.69";"228.66";"0.10001749322137672";"0.1";""
"MLB7210718036";"VTK016094";"3 Tubos Pilha Comum Aa C/52un Cada Panasonic";"BKR1";"ALVO_VALIDADO";"238.96";"254.45";"0.1000196502259776";"0.1";""
"MLB7210717986";"VTK015925";"10 Baterias Alcalinas 12v Lrv08 Panasonic (10 Cartelas)";"BKR1";"ALVO_VALIDADO";"142";"150.89";"0.08091987540592487";"0.07";""
"MLB7210717982";"VTK016107";"30 Pilhas Alcalinas Premium Aaa Panasonic (5 Cart)";"BKR1";"ALVO_VALIDADO";"175";"180.46";"0.07004322287487531";"0.07";""
"MLB7210717978";"VTK016143";"4 Pilhas Recarregaveis Eneloop Std Aaa Panasonic (2 Cart)";"BKR1";"ALVO_VALIDADO";"154.91";"154.91";"0.09624943515589697";"0.07";""
"MLB7210659184";"VTK016091";"3 Baterias Alcalinas 12v Panasonic Lrv08-1b";"BKR1";"ALVO_VALIDADO";"70.26";"70.26";"0.2332764019356675";"0.07";""
"MLB7210659182";"VTK015953";"100 Pilhas Baterias Cr2032 3v Panasonic 20 Cartelas";"BKR1";"ALVO_VALIDADO";"471.82";"496.19";"0.1000020153570205";"0.1";""
"MLB7210659168";"VTK016075";"24 Pilhas Alcalinas Premium Aaa Panasonic (4 Cart)";"BKR1";"ALVO_VALIDADO";"158.44";"158.44";"0.09341075485988387";"0.07";""
"MLB7149338600";"VTK012412";"Emenda Hdmi Fêmea Fêmea Gold Storm";"BKR1";"ALVO_VALIDADO";"22.06";"22.07";"0.07023108291798823";"0.07";""
"MLB7149371272";"VTK012173";"Bateria Cr 2032 Elgin Cartela Com 01 Unidade";"BKR1";"ALVO_VALIDADO";"20.99";"22.52";"0.07015985790408526";"0.07";""
"MLB7149338770";"VTK012507";"Cabo Usb X Usb Tipo C, 1m Storm";"BKR1";"ALVO_VALIDADO";"29.98";"29.99";"0.07002334111370458";"0.07";""
"MLB4857624927";"VTK012295";"Pilha Recarregável Aaa 900mah Elgin";"BKR1";"ALVO_VALIDADO";"34.04";"35.99";"0.07001944984717977";"0.07";""
"MLB4857638535";"VTK012167";"10 Baterias Alcalinas Lr626 Ag4 Elgin";"BKR1";"ALVO_VALIDADO";"26.1";"27.8";"0.07014388489208633";"0.07";""
"MLB4857627513";"VTK012034";"Corda Avulsa 1ª Mi Aço P/violão 1un Sg";"BKR1";"ALVO_VALIDADO";"22";"22";"0.09545454545454546";"0.07";""
"MLB7149371294";"VTK012177";"Adaptador Usb Tipo C Macho Para Usb 3.0 Fêmea Storm";"BKR1";"ALVO_VALIDADO";"22.22";"22.22";"0.07020702070207022";"0.07";""
"MLB7184362764";"VTK015968";"12 Pilhas Comum Aa Panasonic (3 Cart)";"BKR1";"ALVO_VALIDADO";"36.33";"38.35";"0.07014341590612777";"0.07";""
"MLB4880560409";"VTK012528";"Pilha Zinco Aaa R03l4b/59 Philips";"BKR1";"ALVO_VALIDADO";"22.95";"24.55";"0.07006109979633401";"0.07";""
"MLB4857626165";"VTK012028";"Pilha Alcalina Aa2 Rayovac Cartela Com 02 Unidades";"BKR1";"ALVO_VALIDADO";"26.98";"26.99";"0.0700259355316784";"0.07";""
"MLB7111714826";"VTK012331";"Tampa Metal Adaptador Xlr Para P10 Wireconex";"BKR1";"ALVO_VALIDADO";"14.55";"14.55";"0.07010309278350516";"0.07";""
"MLB4857624717";"VTK003659";"Encordoamento Para Violão Nylon Média com Bolinha São Gonçalo";"BKR1";"ALVO_VALIDADO";"37";"37.42";"0.07001603420630678";"0.07";""
"MLB7149273758";"VTK012208";"Suporte Para Microfone Storm";"BKR1";"ALVO_VALIDADO";"30.09";"30.1";"0.07009966777408637";"0.07";""
"MLB7149337482";"VTK012343";"Pilha Alcalina M.plus Aaa2 Cart 2 Energizer";"BKR1";"ALVO_VALIDADO";"29.23";"31.03";"0.07025459233000322";"0.07";""
"MLB7111714668";"VTK012067";"10 Baterias Alcalinas Lr41 Elgin";"BKR1";"ALVO_VALIDADO";"30.02";"30.03";"0.07026307026307026";"0.07";""
"MLB4857627495";"VTK012412";"Emenda Hdmi Fêmea Fêmea Gold Storm";"BKR1";"ALVO_VALIDADO";"22.06";"22.07";"0.07023108291798823";"0.07";""
"MLB4857639859";"VTK012173";"Bateria Cr 2032 Elgin Cartela Com 01 Unidade";"BKR1";"ALVO_VALIDADO";"20.99";"22.52";"0.07015985790408526";"0.07";""
"MLB7149338064";"VTK012394";"Jogo De Cordas P/cavaco Solez Slcv L Npb 0.010""/0.030""";"BKR1";"ALVO_VALIDADO";"42.32";"42.33";"0.07016300496102056";"0.07";""
"MLB4857638567";"VTK012531";"Cabo Otg Usb Tipo C Macho Para Usb Fêmea 15cm Storm";"BKR1";"ALVO_VALIDADO";"23";"23.57";"0.07000424268137462";"0.07";""
"MLB4882855451";"VTK012154";"Abracadeira Nylon Pa66 Media Preta 3.6x200 P20 - 20 Unidades";"BKR1";"ALVO_VALIDADO";"25";"25";"0.0832";"0.07";""
"MLB7111713306";"VTK003442";"Pilha Alcalina 1,5V AAA LR03 (C/6 Pilhas) Panasonic - CAR / 6";"BKR1";"ALVO_VALIDADO";"41.44";"43.64";"0.0701191567369386";"0.07";""
"MLB4857639801";"VTK012177";"Adaptador Usb Tipo C Macho Para Usb 3.0 Fêmea Storm";"BKR1";"ALVO_VALIDADO";"22.22";"22.22";"0.07020702070207022";"0.07";""
"MLB7111714940";"VTK012528";"Pilha Zinco Aaa R03l4b/59 Philips";"BKR1";"ALVO_VALIDADO";"22.95";"24.55";"0.07006109979633401";"0.07";""
"MLB7111714314";"VTK012208";"Suporte Para Microfone Storm";"BKR1";"ALVO_VALIDADO";"30.09";"30.1";"0.07009966777408637";"0.07";""
"MLB7184612784";"VTK016033";"2 Baterias Alcalinas 12v Panasonic Lrv08-1b";"BKR1";"ALVO_VALIDADO";"60.6";"60.6";"0.2773927392739274";"0.07";""
"MLB4857625681";"VTK012507";"Cabo Usb X Usb Tipo C, 1m Storm";"BKR1";"ALVO_VALIDADO";"29.98";"29.99";"0.07002334111370458";"0.07";""
"MLB4857626311";"VTK012114";"Pilha Alcalina Aa2 Elgin Cartela Com 02 Unidades";"BKR1";"ALVO_VALIDADO";"22.4";"23.98";"0.07005838198498748";"0.07";""
"MLB4857639883";"VTK012159";"Abracadeira Nylon Pa66 Med Branco 3.6x150 P20 - 20 Unidades";"BKR1";"ALVO_VALIDADO";"22";"25.39";"0.07010634107916502";"0.07";""
"MLB7111716064";"VTK012104";"Adaptador P2 Trs Fêmea P10 Trs Metal Storm";"BKR1";"ALVO_VALIDADO";"21.98";"21.98";"0.07006369426751592";"0.07";""
"MLB4857636715";"VTK012499";"Pilha Alcalina Rayovac ""c"" (cartela Com 2 Unidades) 20120";"BKR1";"ALVO_VALIDADO";"43.37";"45.63";"0.07012930089853167";"0.07";""
"MLB4857638073";"VTK012343";"Pilha Alcalina M.plus Aaa2 Cart 2 Energizer";"BKR1";"ALVO_VALIDADO";"29.23";"31.03";"0.07025459233000322";"0.07";""
"MLB4857638613";"VTK012024";"Pilha Comum Aa Pequena Panasonic Sm-4 Um-3shs";"BKR1";"ALVO_VALIDADO";"24.28";"24.3";"0.07037037037037036";"0.07";""
"MLB7111716016";"VTK012092";"Pilha Aa Alcalina Cartela Com 2 Unidades Flex";"BKR1";"ALVO_VALIDADO";"23";"23.55";"0.07006369426751592";"0.07";""
"MLB4857627437";"VTK011999";"Corda Avulsa 3ª Sol Encapada Aço Bronze P/violão Sg";"BKR1";"ALVO_VALIDADO";"25";"25";"0.1364";"0.07";""
"MLB4880526029";"VTK012161";"Pilha Zinco Philips Aa R03l4b/59 Philips";"BKR1";"ALVO_VALIDADO";"22";"23.57";"0.07000424268137462";"0.07";""
"MLB4857638585";"VTK012154";"Abracadeira Nylon Pa66 Media Preta 3.6x200 P20 - 20 Unidades";"BKR1";"ALVO_VALIDADO";"25";"25";"0.0832";"0.07";""
"MLB4857636689";"VTK012394";"Jogo De Cordas P/cavaco Solez Slcv L Npb 0.010""/0.030""";"BKR1";"ALVO_VALIDADO";"42.32";"42.33";"0.07016300496102056";"0.07";""
"MLB4857626057";"VTK011994";"Pino Para Cavalete De Violão Aço Csp1 - Creme 6 Unidades";"BKR1";"ALVO_VALIDADO";"25";"25.66";"0.0701480904130943";"0.07";""
"MLB4857626207";"VTK012116";"Tampa Metal Cega Para Xlr Wireconex";"BKR1";"ALVO_VALIDADO";"25";"25";"0.0892";"0.07";""
"MLB7149339276";"VTK003692";"Cabo HDMI 4K C/ Filtro 5m CBHM0021 Preto STORM";"BKR1";"ALVO_VALIDADO";"47";"47";"0.0825531914893617";"0.07";""
"MLB4880560533";"VTK012026";"Cabo P10 6,35mm Estéreo X 2 Rca 2m Niquel";"BKR1";"ALVO_VALIDADO";"24.21";"25.07";"0.0702034303948943";"0.07";""
"MLB7111716002";"VTK012161";"Pilha Zinco Philips Aa R03l4b/59 Philips";"BKR1";"ALVO_VALIDADO";"22";"23.57";"0.07000424268137462";"0.07";""
"MLB4857626055";"VTK012361";"Adaptador 2 Jack Rca Para Jack Rca Plástico - Niquel Pct C/4un";"BKR1";"ALVO_VALIDADO";"25";"25.91";"0.07024314936318024";"0.07";""
"MLB7111714892";"VTK012027";"Cabo 3 Rca X 3 Rca Standard Fechado";"BKR1";"ALVO_VALIDADO";"25";"25.84";"0.07004643962848298";"0.07";""
"MLB7181841450";"VTK012112";"Cabo P2 Estéreo X P2 Estéreo 3m Dourado";"BKR1";"ALVO_VALIDADO";"25";"25.48";"0.07025117739403454";"0.07";""
"MLB4880525995";"VTK012107";"Pilha De Zinco Carvao Aa R06 4 Unidades Elgin";"BKR1";"ALVO_VALIDADO";"25";"25";"0.09519999999999999";"0.07";""
"MLB4857638463";"VTK012168";"Cabo 2 Rca X P10 Mono Niquel 1,8m";"BKR1";"ALVO_VALIDADO";"25";"26.39";"0.07010231148162183";"0.07";""
"MLB7111714880";"VTK012344";"Cabo Audio Y 1 Fêmea X 2 Machos, Transparente. 20cm Automotivo Storm";"BKR1";"ALVO_VALIDADO";"23.76";"23.77";"0.0702566259991586";"0.07";""
"MLB4857623457";"VTK003692";"Cabo HDMI 4K C/ Filtro 5m CBHM0021 Preto STORM";"BKR1";"ALVO_VALIDADO";"47";"47";"0.0825531914893617";"0.07";""
"MLB7111714808";"VTK012026";"Cabo P10 6,35mm Estéreo X 2 Rca 2m Niquel";"BKR1";"ALVO_VALIDADO";"24.21";"25.07";"0.0702034303948943";"0.07";""
"MLB7111714710";"VTK011993";"Pino Para Cavalete De Violão Aço Csp1 - Preto 6 Unidades";"BKR1";"ALVO_VALIDADO";"25";"25.82";"0.07010069713400464";"0.07";""
"MLB4857626107";"VTK012271";"Adaptador Hdmi Macho Para Hdmi Fêmea Gold 90 Graus Storm";"BKR1";"ALVO_VALIDADO";"24.82";"24.83";"0.07007652033830045";"0.07";""
"MLB4857626123";"VTK012481";"Emenda T 1x2 Jack F Pequena Storm 05 Unidades";"BKR1";"ALVO_VALIDADO";"24.74";"24.75";"0.0703030303030303";"0.07";""
"MLB7111714706";"VTK012109";"Chave Comutadora On/off Quadrada 2 Polos Storm 10 Unidades";"BKR1";"ALVO_VALIDADO";"25.5";"25.51";"0.07016856134849078";"0.07";""
"MLB4880526015";"VTK012105";"Cabo P2 Stereo P10 Mono 1,8m Storm";"BKR1";"ALVO_VALIDADO";"23.69";"23.7";"0.070042194092827";"0.07";""
"MLB7149372258";"VTK012129";"Bateria Para Aparelho Auditivo Ar 312 - Pr41 Elgin 06 Unidades";"EVOLUSOM-PR";"ALVO_VALIDADO";"34";"35.22";"0.0701306076093129";"0.07";""
"MLB7111714776";"VTK012112";"Cabo P2 Estéreo X P2 Estéreo 3m Dourado";"BKR1";"ALVO_VALIDADO";"25";"25.48";"0.07025117739403454";"0.07";""
"MLB7111716080";"VTK012107";"Pilha De Zinco Carvao Aa R06 4 Unidades Elgin";"BKR1";"ALVO_VALIDADO";"25";"25";"0.09519999999999999";"0.07";""
"MLB7111714912";"VTK012396";"Abracadeira Nylon Pa66 Grd Branc 4.8x300 P10 - 10 Unidades";"BKR1";"ALVO_VALIDADO";"25";"25.24";"0.07012678288431062";"0.07";""
"MLB7149338638";"VTK000761";"Tomada Keystone RJ45 Cat6 Storm - PCT / 10";"BKR1";"ALVO_VALIDADO";"26.2";"26.22";"0.07017543859649124";"0.07";""
"MLB4857638539";"VTK012082";"2 Pilhas Alcalinas Aaa Philips";"BKR1";"ALVO_VALIDADO";"25";"26.02";"0.07033051498847041";"0.07";""
"MLB4880591417";"VTK012079";"2 Pilhas Alcalinas Aa Philips";"BKR1";"ALVO_VALIDADO";"23.49";"25.1";"0.07011952191235059";"0.07";""
"MLB4857638515";"VTK012023";"Pilha Alcalina Aa Pequena Panasonic Sm-2 Lr6xab/2b192";"BKR1";"ALVO_VALIDADO";"24.75";"26.41";"0.07004922377887164";"0.07";""
"MLB7149338704";"VTK011998";"Jogo De Cordas Niquel P/cavaquinho 0.011 - 0.029 São Gonçalo";"BKR1";"ALVO_VALIDADO";"26";"27.94";"0.07015032211882605";"0.07";""
"MLB4857636607";"VTK012129";"Bateria Para Aparelho Auditivo Ar 312 - Pr41 Elgin 06 Unidades";"EVOLUSOM-PR";"ALVO_VALIDADO";"34";"35.22";"0.0701306076093129";"0.07";""
"MLB7149371320";"VTK012094";"Bateria 9v Zinco Unidade Flex";"BKR1";"ALVO_VALIDADO";"25";"26.1";"0.07011494252873562";"0.07";""
"MLB4857625883";"VTK012211";"Corda 3a Re P/violino Dominante Orchestral";"BKR1";"ALVO_VALIDADO";"26";"27.25";"0.07009174311926605";"0.07";""
"MLB4857638231";"VTK012315";"Cabo Usb A Macho Para Usb A Macho 2.0 1,8m Storm";"BKR1";"ALVO_VALIDADO";"26.12";"26.13";"0.07003444316877153";"0.07";""
"MLB4857625819";"VTK012285";"Encordoador Bori Grl (vermelho) R23-038";"BKR1";"ALVO_VALIDADO";"27";"28.62";"0.07023060796645701";"0.07";""
"MLB4857638211";"VTK012047";"Bateria Lítio Cr2032 Elgin Cartela Com 05 Unidades";"BKR1";"ALVO_VALIDADO";"26.23";"27.94";"0.07015032211882605";"0.07";""
"MLB7111716030";"VTK012105";"Cabo P2 Stereo P10 Mono 1,8m Storm";"BKR1";"ALVO_VALIDADO";"23.69";"23.7";"0.070042194092827";"0.07";""
"MLB4857625851";"VTK011998";"Jogo De Cordas Niquel P/cavaquinho 0.011 - 0.029 São Gonçalo";"BKR1";"ALVO_VALIDADO";"26";"27.94";"0.07015032211882605";"0.07";""
"MLB4857626247";"VTK012079";"2 Pilhas Alcalinas Aa Philips";"BKR1";"ALVO_VALIDADO";"23.49";"25.1";"0.07011952191235059";"0.07";""
"MLB4857625983";"VTK012273";"Lâmpada Led Tkl 90 / 15w 6500k";"BKR1";"ALVO_VALIDADO";"29";"29";"0.0793103448275862";"0.07";""
"MLB4857626085";"VTK012113";"Bateria Cr 2032 Botão Panasonic - Com 01 Unidade";"BKR1";"ALVO_VALIDADO";"24.47";"26.12";"0.07006125574272588";"0.07";""
"MLB7149338660";"VTK012246";"Corda 2a La P/violino Dominante Orchestral (86)";"BKR1";"ALVO_VALIDADO";"26";"27.25";"0.07009174311926605";"0.07";""
"MLB4880590063";"VTK012162";"Pilha Zinco Aaa4 Rayovac Amarelinhas Cartela Com 04 Unidades";"BKR1";"ALVO_VALIDADO";"25.82";"27.51";"0.07015630679752817";"0.07";""
"MLB7111714784";"VTK012096";"Bateria Cr2032 Philips";"BKR1";"ALVO_VALIDADO";"27.49";"27.88";"0.0703012912482066";"0.07";""
"MLB4857626025";"VTK012232";"Cabo P2 Stereo Para J2 Stereo 2 Metros Flex";"BKR1";"ALVO_VALIDADO";"25";"26.42";"0.0700227100681302";"0.07";""
"MLB4857626069";"VTK000761";"Tomada Keystone RJ45 Cat6 Storm - PCT / 10";"BKR1";"ALVO_VALIDADO";"26.2";"26.22";"0.07017543859649124";"0.07";""
"MLB4857638595";"VTK012094";"Bateria 9v Zinco Unidade Flex";"BKR1";"ALVO_VALIDADO";"25";"26.1";"0.07011494252873562";"0.07";""
"MLB7111714726";"VTK012145";"Bateria Lítio Cr2025 Elgin Cartela Com 05 Unidades";"BKR1";"ALVO_VALIDADO";"24.75";"26.41";"0.07004922377887164";"0.07";""
"MLB4857625911";"VTK012453";"Cabo 2 Rca Transparente 01m Automotivo Storm";"BKR1";"ALVO_VALIDADO";"48.43";"48.43";"0.38013627916580633";"0.07";""
"MLB7111714760";"VTK012180";"Pilha Zinco Aa4 Rayovac Amarelinhas Cartela Com 04 Unidades";"BKR1";"ALVO_VALIDADO";"25.53";"27.22";"0.07016899338721529";"0.07";""
"MLB4857638215";"VTK012251";"Cabo Usb A Macho Usb A Fêmea 2.0 1,8m Storm";"BKR1";"ALVO_VALIDADO";"27";"27";"0.08888888888888889";"0.07";""
"MLB7149337266";"VTK012063";"Pilha Alcalina Aaa Sm-2 Panasonic Lr03xab/2b192";"BKR1";"ALVO_VALIDADO";"26";"27.13";"0.07003317360855142";"0.07";""
"MLB4857626071";"VTK012025";"Pilha Comum Aaa Palito Panasonic Sm-4 R03ual/4b400";"BKR1";"ALVO_VALIDADO";"32.32";"32.32";"0.19863861386138615";"0.07";""
"MLB4857625895";"VTK012246";"Corda 2a La P/violino Dominante Orchestral (86)";"BKR1";"ALVO_VALIDADO";"26";"27.25";"0.07009174311926605";"0.07";""
"MLB4857638381";"VTK012162";"Pilha Zinco Aaa4 Rayovac Amarelinhas Cartela Com 04 Unidades";"BKR1";"ALVO_VALIDADO";"25.82";"27.51";"0.07015630679752817";"0.07";""
"MLB7149337398";"VTK012316";"Cabo Usb A Macho Para Mini Usb 5 Pinos 1,8m Storm";"BKR1";"ALVO_VALIDADO";"27.7";"27.7";"0.07003610108303249";"0.07";""
"MLB4857638091";"VTK000280";"Cabo VGA HDB15 MXM 2MT Com Filtro Storm";"BKR1";"ALVO_VALIDADO";"32";"32";"0.0809375";"0.07";""
"MLB4857638293";"VTK012063";"Pilha Alcalina Aaa Sm-2 Panasonic Lr03xab/2b192";"BKR1";"ALVO_VALIDADO";"26";"27.13";"0.07003317360855142";"0.07";""
"MLB7149406862";"VTK012203";"Baqueta Vanguarda";"BKR1";"IDENTIDADE_PENDENTE";"29";"30.09";"0.07012296444001329";"0.07";"BRAND: cadastro=Vanguarda, ML=Vanguarda By Spanking"
"MLB7149338302";"VTK012250";"Bateria Cr2032 Cart 2 Energizer";"BKR1";"ALVO_VALIDADO";"46.33";"48.67";"0.07006369426751592";"0.07";""
"MLB4857638175";"VTK012095";"Bateria 9v Zinco Cartela Com 2 Unidades Flex";"BKR1";"ALVO_VALIDADO";"29";"29";"0.08896551724137931";"0.07";""
"MLB7184365752";"VTK016059";"20 Pilhas Comum Aa Panasonic (5 Cart)";"BKR1";"ALVO_VALIDADO";"47.88";"50.28";"0.07000795544948289";"0.07";""
"MLB7149273578";"VTK012038";"Pilha Alcalina Premium Panasonic Aaa Palito 02 Unidades Lr03egr/2b96";"BKR1";"ALVO_VALIDADO";"26.77";"28.49";"0.0702000702000702";"0.07";""
"MLB4857638159";"VTK012316";"Cabo Usb A Macho Para Mini Usb 5 Pinos 1,8m Storm";"BKR1";"ALVO_VALIDADO";"27.7";"27.7";"0.07003610108303249";"0.07";""
"MLB4880526301";"VTK012346";"Cabo Vga Hd15 Macho/macho, 1.5m Storm";"BKR1";"ALVO_VALIDADO";"28.77";"28.78";"0.07018763029881862";"0.07";""
"MLB4880590203";"VTK012036";"Bateria Alcalina 12v Panasonic Sm-1 Lr-v08-1b";"BKR1";"ALVO_VALIDADO";"27.77";"29.52";"0.07012195121951219";"0.07";""
"MLB7168452518";"VTK012042";"Pilha Alcalina Aa4 Elgin Cartela Com 04 Unidades";"BKR1";"ALVO_VALIDADO";"26.78";"28.5";"0.07017543859649122";"0.07";""
"MLB7111714512";"VTK012254";"Encordoador (02 Unidades)";"BKR1";"ALVO_VALIDADO";"29.85";"29.85";"0.07001675041876046";"0.07";""
"MLB4857625795";"VTK000401";"Cabo VGA HD15M Com Filtro 1,8M Storm";"BKR1";"ALVO_VALIDADO";"29.68";"29.68";"0.07008086253369272";"0.07";""
"MLB4857625901";"VTK012029";"Pilha Alcalina Aaa2 Rayovac Cartela Com 02 Unidades";"BKR1";"ALVO_VALIDADO";"26.51";"28.22";"0.07016300496102056";"0.07";""
"MLB4857635695";"VTK012250";"Bateria Cr2032 Cart 2 Energizer";"BKR1";"ALVO_VALIDADO";"46.33";"48.67";"0.07006369426751592";"0.07";""
"MLB7145201178";"VTK012203";"Baqueta Vanguarda";"BKR1";"ALVO_VALIDADO";"29";"30.09";"0.07012296444001329";"0.07";""
"MLB7111714554";"VTK012038";"Pilha Alcalina Premium Panasonic Aaa Palito 02 Unidades Lr03egr/2b96";"BKR1";"ALVO_VALIDADO";"26.77";"28.49";"0.0702000702000702";"0.07";""
"MLB4857638121";"VTK012163";"Corda 4a Sol P/violino Dominante Orchestral";"BKR1";"ALVO_VALIDADO";"29";"29.85";"0.07001675041876046";"0.07";""
"MLB7184362210";"VTK016233";"8 Pilhas Comum Aa Panasonic (2 Cart)";"BKR1";"ALVO_VALIDADO";"30.98";"31.52";"0.07011421319796954";"0.07";""
"MLB4857637499";"VTK012286";"Palheta Tradicional Celuloide Perolada Fina 0,70mm Pct C/12 Sg";"BKR1";"ALVO_VALIDADO";"33";"33";"0.0912121212121212";"0.07";""
"MLB7149337364";"VTK012215";"Bateria Cr2032 Cartela Com 5 Unidades Flex";"BKR1";"ALVO_VALIDADO";"26.51";"28.22";"0.07016300496102056";"0.07";""
"MLB4857625413";"VTK012218";"Palheta Bori Grl Drip Gota 2,00 Mm (roxo) R23-022 10un";"BKR1";"ALVO_VALIDADO";"30";"31.36";"0.0701530612244898";"0.07";""
"MLB4880591489";"VTK012100";"Pilha Alcalina Max Aaa Cart 2 Sm-96 Energizer";"BKR1";"ALVO_VALIDADO";"27.26";"29";"0.06999999999999999";"0.07";""
"MLB7111714552";"VTK012042";"Pilha Alcalina Aa4 Elgin Cartela Com 04 Unidades";"BKR1";"ALVO_VALIDADO";"26.78";"28.5";"0.07017543859649122";"0.07";""
"MLB7111714526";"VTK012346";"Cabo Vga Hd15 Macho/macho, 1.5m Storm";"BKR1";"IDENTIDADE_PENDENTE";"28.77";"28.78";"0.07018763029881862";"0.07";"BRAND: cadastro=Stormtech, ML=Storm"
"MLB7111714140";"VTK012294";"Palheta Bori Grl Picker Crystal 0,62 Mm R18-008 10un";"BKR1";"ALVO_VALIDADO";"31";"31.36";"0.0701530612244898";"0.07";""
"MLB4857637767";"VTK012325";"Palheta Bori Grl S.t.d 0,67 Mm (vermelho) R23-012 10un";"BKR1";"ALVO_VALIDADO";"30";"31.36";"0.0701530612244898";"0.07";""
"MLB4880526359";"VTK012032";"Bateria Cr2032 Rayovac Com 01 Unidade";"BKR1";"ALVO_VALIDADO";"28.73";"31.34";"0.07019783024888322";"0.07";""
"MLB4857625759";"VTK012298";"Cabo Usb A Macho Para Usb B Macho 2.0 3m Storm";"BKR1";"ALVO_VALIDADO";"51";"51";"0.3592156862745098";"0.07";""
"MLB4880526327";"VTK012650";"Calculadora Bolso Verde 8 Dig. Solar Cb1485v Elgin";"BKR1";"ALVO_VALIDADO";"29";"30.53";"0.07009498853586636";"0.07";""
"MLB4857638129";"VTK012036";"Bateria Alcalina 12v Panasonic Sm-1 Lr-v08-1b";"BKR1";"ALVO_VALIDADO";"27.77";"29.52";"0.07012195121951219";"0.07";""
"MLB4857625871";"VTK012100";"Pilha Alcalina Max Aaa Cart 2 Sm-96 Energizer";"BKR1";"ALVO_VALIDADO";"27.26";"29";"0.06999999999999999";"0.07";""
"MLB4857625615";"VTK002685";"Garra de Jacaré 13,5cm 300A Vermelho Storm - PCT / 10";"BKR1";"ALVO_VALIDADO";"31.43";"31.44";"0.07029262086513995";"0.07";""
"MLB4857638077";"VTK012691";"Calculadora De Bolso 4 Op. S.p. Cb1483 Elgin";"BKR1";"ALVO_VALIDADO";"30";"31.08";"0.07014157014157014";"0.07";""
"MLB4857625789";"VTK012389";"Adaptador J2 Rca Estéreo Para P2 Estéreo Plástico Pct C/4un";"BKR1";"ALVO_VALIDADO";"30";"30.46";"0.07025607353906763";"0.07";""
"MLB4880590401";"VTK012126";"Correia Ny 01 Preto Sintetico Basso";"BKR1";"ALVO_VALIDADO";"32.65";"32.65";"0.07013782542113324";"0.07";""
"MLB4857637711";"VTK012302";"Palheta Bori Grl Picker 0,62 Mm (verde) R18-004 10un";"BKR1";"ALVO_VALIDADO";"30";"31.36";"0.0701530612244898";"0.07";""
"MLB7149372898";"VTK012080";"4 Pilhas Alcalinas Aa Philips";"BKR1";"ALVO_VALIDADO";"30";"31.22";"0.07014734144778988";"0.07";""
"MLB4857637823";"VTK012260";"Palheta Bori Grl Drip Gota 3,00 Mm (roxo) R23-026 10un";"BKR1";"ALVO_VALIDADO";"30";"31.36";"0.0701530612244898";"0.07";""
"MLB4886661609";"VTK012345";"Cabo Usb A Macho Para Usb A Fêmea 2.0 3m Storm";"BKR1";"ALVO_VALIDADO";"30.72";"30.73";"0.07028961926456231";"0.07";""
"MLB4880526391";"VTK012521";"Calculadora De Bolso 8 Digitos Solar Cb-1485 Elgin";"BKR1";"ALVO_VALIDADO";"30";"31.62";"0.07020872865275142";"0.07";""
"MLB7111712036";"VTK001796";"Encordoamento Para Violino 4/4 Aço Inox Dominante";"BKR1";"ALVO_VALIDADO";"49.47";"49.48";"0.07012934518997575";"0.07";""
"MLB4857638181";"VTK012215";"Bateria Cr2032 Cartela Com 5 Unidades Flex";"BKR1";"ALVO_VALIDADO";"26.51";"28.22";"0.07016300496102056";"0.07";""
"MLB4857637355";"VTK012326";"Palheta Bori Grl Big Drip 3,0 Mm (roxo) R24-050 10un";"BKR1";"ALVO_VALIDADO";"31";"32.71";"0.07000917150718435";"0.07";""
"MLB4857637373";"VTK012339";"Palheta Bori Grl Trindade 2,00 Mm (vermelho) R24-041 10un";"BKR1";"ALVO_VALIDADO";"32";"32.71";"0.07000917150718435";"0.07";""
"MLB7111713960";"VTK012207";"Suporte Cachimbo Para Microfone Storm";"BKR1";"ALVO_VALIDADO";"28.03";"28.04";"0.0702567760342368";"0.07";""
"MLB4857637369";"VTK012605";"Palheta Bori Grl Trindade 3,00 Mm (vermelho) R24-043 10un";"BKR1";"ALVO_VALIDADO";"31";"32.71";"0.07000917150718435";"0.07";""
"MLB4903413285";"VTK016133";"4 Pilhas Alcalinas Aa Panasonic (2 Cart)";"BKR1";"ALVO_VALIDADO";"31.17";"31.95";"0.0701095461658842";"0.07";""
"MLB7149338748";"VTK012083";"1 Bateria Alcalina 9v Philips";"BKR1";"ALVO_VALIDADO";"30.07";"31.91";"0.07019743027264182";"0.07";""
"MLB4857625807";"VTK012080";"4 Pilhas Alcalinas Aa Philips";"BKR1";"ALVO_VALIDADO";"30";"31.22";"0.07014734144778988";"0.07";""
"MLB7111714472";"VTK012650";"Calculadora Bolso Verde 8 Dig. Solar Cb1485v Elgin";"BKR1";"ALVO_VALIDADO";"29";"30.53";"0.07009498853586636";"0.07";""
"MLB4880590327";"VTK012001";"Jogo De Cordas Niquel P/guitarra 0.010"" - 0.046"" Tensão Leve São Gonçalo";"BKR1";"ALVO_VALIDADO";"31";"32.26";"0.07005579665220087";"0.07";""
"MLB4880560851";"VTK012798";"Calculadora Bolso Rosa 8 Dig. Solar Cb1485r Elgin";"BKR1";"ALVO_VALIDADO";"31";"32.39";"0.07008335906143871";"0.07";""
"MLB4857637791";"VTK012338";"Palheta Bori Grl S.t.d 0,53 Mm (laranja) R23-011 10un";"BKR1";"ALVO_VALIDADO";"31";"32.59";"0.07026695305308377";"0.07";""
"MLB4857637341";"VTK012471";"Palheta Bori Grl Trindade 1,50 Mm (vermelho) R24-040 10un";"BKR1";"ALVO_VALIDADO";"32";"32.71";"0.07000917150718435";"0.07";""
"MLB4857637387";"VTK012265";"Palheta Bori Grl Big Drip 2,0 Mm (roxo) R24-047 10un";"BKR1";"ALVO_VALIDADO";"31";"32.71";"0.07000917150718435";"0.07";""
"MLB4857625725";"VTK012083";"1 Bateria Alcalina 9v Philips";"BKR1";"ALVO_VALIDADO";"30.07";"31.91";"0.07019743027264182";"0.07";""
"MLB7111714408";"VTK012146";"Bateria Lítio Cr2016 Elgin Cartela Com 05 Unidades";"BKR1";"ALVO_VALIDADO";"29.79";"31.62";"0.07020872865275142";"0.07";""
"MLB4857625111";"VTK012410";"Palheta Bori Grl Trindade 2,50 Mm (vermelho) R24-042 10un";"BKR1";"ALVO_VALIDADO";"32";"32.71";"0.07000917150718435";"0.07";""
"MLB7111714426";"VTK012032";"Bateria Cr2032 Rayovac Com 01 Unidade";"BKR1";"ALVO_VALIDADO";"28.73";"31.34";"0.07019783024888322";"0.07";""
"MLB7149273892";"VTK000388";"Encordoamento Para Ukulele Nylon Concert Giannini Geuks";"BKR1";"ALVO_VALIDADO";"34";"35.04";"0.0702054794520548";"0.07";""
"MLB4857625395";"VTK001502";"Pilha Alcalina 1,5V AA LR6 (C/4 Pilhas) Panasonic - CAR / 4";"BKR1";"ALVO_VALIDADO";"31.93";"33.81";"0.07009760425909493";"0.07";""
"MLB7149337762";"VTK011996";"Capotraste Para Violão De Nylon Custom Sound Ctn3-sv Prata";"BKR1";"ALVO_VALIDADO";"34";"34.84";"0.07003444316877151";"0.07";""
"MLB4857625701";"VTK012078";"4 Pilhas Alcalinas Aaa Philips";"BKR1";"ALVO_VALIDADO";"31";"31.94";"0.07013149655604259";"0.07";""
"MLB4857637573";"VTK012479";"Cabo Usb A Macho Para Usb A Fêmea 2.0 5m Storm";"BKR1";"ALVO_VALIDADO";"32.98";"32.99";"0.07002121855107608";"0.07";""
"MLB4857637945";"VTK012001";"Jogo De Cordas Niquel P/guitarra 0.010"" - 0.046"" Tensão Leve São Gonçalo";"BKR1";"ALVO_VALIDADO";"31";"32.26";"0.07005579665220087";"0.07";""
"MLB7111714386";"VTK000376";"Pilha Zinco 1,5V AAA R03UAL/L8P6 (C/8 Pilhas) Panasonic - CAR / 8";"BKR1";"ALVO_VALIDADO";"31.29";"33.16";"0.07026537997587455";"0.07";""
"MLB7149371698";"VTK012582";"Encordoamento Nylon P/ukulele Concert Sg 0.024";"BKR1";"ALVO_VALIDADO";"32";"32.88";"0.07025547445255474";"0.07";""
"MLB4857625235";"VTK003140";"Cabo Adaptador Par POE CBUS0028 Storm";"BKR1";"ALVO_VALIDADO";"34.61";"34.62";"0.07019064124783363";"0.07";""
"MLB4857637599";"VTK012126";"Correia Ny 01 Preto Sintetico Basso";"BKR1";"ALVO_VALIDADO";"32.65";"32.65";"0.07013782542113324";"0.07";""
"MLB7149338840";"VTK000020";"Encordoamento Para Ukulele Nylon Soprano SG";"BKR1";"ALVO_VALIDADO";"34";"35.07";"0.0701454234388366";"0.07";""
"MLB4857625031";"VTK012181";"Palheta Tradicional Celuloide Perolada Media 0,90mm C/ 12un Sg";"BKR1";"ALVO_VALIDADO";"31.45";"33.54";"0.07006559332140729";"0.07";""
"MLB4880526513";"VTK012451";"Cabo Hdmi 1.4 Com Filtro 1,8m Storm";"BKR1";"ALVO_VALIDADO";"33.51";"33.52";"0.07010739856801909";"0.07";""
"MLB4857625799";"VTK012060";"5 Baterias Cr1220 Elgin";"BKR1";"ALVO_VALIDADO";"32";"33.31";"0.07024917442209545";"0.07";""
"MLB4857637193";"VTK011996";"Capotraste Para Violão De Nylon Custom Sound Ctn3-sv Prata";"BKR1";"ALVO_VALIDADO";"34";"34.84";"0.07003444316877151";"0.07";""
"MLB7111713628";"VTK000388";"Encordoamento Para Ukulele Nylon Concert Giannini Geuks";"BKR1";"ALVO_VALIDADO";"34";"35.04";"0.0702054794520548";"0.07";""
"MLB4880561165";"VTK011991";"Afinador Digital Cromático Custom Sound Cs 4 Preto";"BKR1";"ALVO_VALIDADO";"34.35";"34.35";"0.0992721979621543";"0.07";""
"MLB4880591597";"VTK012210";"Cabo P2 Stereo 02 Rca Metal 1,8m Storm";"BKR1";"ALVO_VALIDADO";"27";"27";"0.09925925925925927";"0.07";""
"MLB4857638105";"VTK012062";"5 Baterias Cr1616 Elgin";"BKR1";"ALVO_VALIDADO";"31.14";"33";"0.07";"0.07";""
"MLB7184367000";"VTK016078";"24 Pilhas Comum Aa Panasonic (6 Cart)";"BKR1";"ALVO_VALIDADO";"72.16";"72.16";"0.22602549889135254";"0.07";""
"MLB7149371768";"VTK012399";"Cabo De Dados Usb Tipo C Flex";"BKR1";"ALVO_VALIDADO";"34";"34";"0.0826470588235294";"0.07";""
"MLB7111714416";"VTK012521";"Calculadora De Bolso 8 Digitos Solar Cb-1485 Elgin";"BKR1";"ALVO_VALIDADO";"30";"31.62";"0.07020872865275142";"0.07";""
"MLB7149373024";"VTK002430";"Adaptador Display Portátil Para HDMI 15cm ADAP0043 Branco Storm";"BKR1";"ALVO_VALIDADO";"32.51";"32.52";"0.07011070110701106";"0.07";""
"MLB7184595358";"VTK015938";"10 Pilhas Alcalinas Aa Panasonic (5 Cart)";"BKR1";"ALVO_VALIDADO";"53";"53.67";"0.07005776038755356";"0.07";""
"MLB7111713682";"VTK004180";"Conversor Com Saida de Audio HDMI X VGA Preto Storm";"BKR1";"ALVO_VALIDADO";"35.11";"35.11";"0.07006550840216462";"0.07";""
"MLB7149371848";"VTK003213";"Bateria Alcalina 9V (C/1 Bateria) Panasonic";"BKR1";"ALVO_VALIDADO";"35.79";"35.8";"0.07011173184357541";"0.07";""
"MLB7157760958";"VTK000060";"Cabo de Dados USB 2.0 A Macho x USB 2.0 B Macho 5m Preto Storm";"BKR1";"ALVO_VALIDADO";"36.72";"36.73";"0.07024230873945005";"0.07";""
"MLB7111713086";"VTK011991";"Afinador Digital Cromático Custom Sound Cs 4 Preto";"BKR1";"ALVO_VALIDADO";"34.35";"34.35";"0.0992721979621543";"0.07";""
"MLB7149273868";"VTK012123";"Suporte De Parede Para Violao";"BKR1";"ALVO_VALIDADO";"34";"35.13";"0.07002561912894961";"0.07";""
"MLB4857637347";"VTK012399";"Cabo De Dados Usb Tipo C Flex";"BKR1";"ALVO_VALIDADO";"34";"34";"0.0826470588235294";"0.07";""
"MLB4857637259";"VTK012012";"Conector 1/4 Fêmea Painel Trs Wc 195 Wireconex 02 Unidades";"BKR1";"ALVO_VALIDADO";"37.58";"37.6";"0.07021276595744681";"0.07";""
"MLB4857624913";"VTK012452";"Cabo Hdmi 1.4 Com Filtro 2m Storm";"BKR1";"ALVO_VALIDADO";"33.06";"33.07";"0.07015421832476565";"0.07";""
"MLB7111711768";"VTK012571";"Palheta 2,5 P/sax Alto Jsr6125 Juno";"BKR1";"ALVO_VALIDADO";"57";"57";"0.08526315789473685";"0.07";""
"MLB7149338946";"VTK003606";"Cabo HDMI 4K C/ Filtro 2m CBHM0017 Preto STORM";"BKR1";"ALVO_VALIDADO";"34.71";"34.71";"0.07000864304235091";"0.07";""
"MLB7149373156";"VTK000090";"Encordoamento Para Violão Folk em Aço São Gonçalo";"BKR1";"ALVO_VALIDADO";"34";"35.94";"0.07011686143572622";"0.07";""
"MLB4857637215";"VTK003213";"Bateria Alcalina 9V (C/1 Bateria) Panasonic";"BKR1";"ALVO_VALIDADO";"35.79";"35.8";"0.07011173184357541";"0.07";""
"MLB4857637125";"VTK000060";"Cabo de Dados USB 2.0 A Macho x USB 2.0 B Macho 5m Preto Storm";"BKR1";"ALVO_VALIDADO";"36.72";"36.73";"0.07024230873945005";"0.07";""
"MLB4880590639";"VTK011995";"Capotraste Para Guitarra Custom Sound Ct-3-bk Preto";"BKR1";"ALVO_VALIDADO";"34";"35.21";"0.07015052541891509";"0.07";""
"MLB4880591743";"VTK003667";"Encordoamento Para Violão Nylon Leve com Bolinha São Gonçalo";"BKR1";"ALVO_VALIDADO";"35";"35.92";"0.07015590200445435";"0.07";""
"MLB4857637411";"VTK003190";"Video Balun VDBL0001 Storm";"BKR1";"ALVO_VALIDADO";"55.29";"55.29";"0.3288117200217037";"0.07";""
"MLB7111713696";"VTK000364";"Cabo USB x Lightning 1m CBCL0006 Storm";"BKR1";"ALVO_VALIDADO";"35.49";"35.49";"0.07016060862214708";"0.07";""
"MLB7111713886";"VTK000044";"Pilha Alcalina 1,5V AAA LR03 (C/4 Pilhas) Panasonic - CAR / 4";"BKR1";"ALVO_VALIDADO";"34";"34.78";"0.07015526164462334";"0.07";""
"MLB7149373292";"VTK001743";"Encordoamento Para Violão Nylon Preto São Gonçalo";"BKR1";"ALVO_VALIDADO";"36";"38.12";"0.07004197271773348";"0.07";""
"MLB7111713730";"VTK012123";"Suporte De Parede Para Violao";"BKR1";"ALVO_VALIDADO";"34";"35.13";"0.07002561912894961";"0.07";""
"MLB4857624877";"VTK000090";"Encordoamento Para Violão Folk em Aço São Gonçalo";"BKR1";"ALVO_VALIDADO";"34";"35.94";"0.07011686143572622";"0.07";""
"MLB4857625149";"VTK012210";"Cabo P2 Stereo 02 Rca Metal 1,8m Storm";"BKR1";"ALVO_VALIDADO";"27";"27";"0.09925925925925927";"0.07";""
"MLB7149339086";"VTK012204";"Baqueta 5a Pta Mad. Natural Pro Fire - Spanking";"BKR1";"ALVO_VALIDADO";"37";"38.54";"0.0700570835495589";"0.07";""
"MLB4903508597";"VTK016234";"8 Pilhas Comum Aaa Panasonic (2 Cart)";"BKR1";"ALVO_VALIDADO";"34.36";"35.85";"0.0700139470013947";"0.07";""
"MLB4786791333";"VTK009664";"Encordoamento Violão Nylon 103h Thomaz";"VANRAL";"ALVO_VALIDADO";"36";"43.59";"0.07019958706125258";"0.07";""
"MLB4857624907";"VTK003606";"Cabo HDMI 4K C/ Filtro 2m CBHM0017 Preto STORM";"BKR1";"ALVO_VALIDADO";"34.71";"34.71";"0.07000864304235091";"0.07";""
"MLB4908883321";"VTK012050";"Bateria Para Aparelho Auditivo 13 Pr48 Elgin 06 Unidades";"BKR1";"ALVO_VALIDADO";"33.63";"35.57";"0.07000281135788586";"0.07";""
"MLB7149373252";"VTK003651";"Encordoamento Para Violão Aço .010 Leve São Gonçalo";"BKR1";"ALVO_VALIDADO";"39";"39";"0.08794871794871795";"0.07";""
"MLB4880526635";"VTK012519";"Combo Abrac De Nylon Branca Pq Md E Gd (125 Unidades)";"BKR1";"ALVO_VALIDADO";"36";"38.22";"0.07012035583464156";"0.07";""
"MLB4857637045";"VTK000201";"Conversor HDMI x VGA Com Áudio Branco Storm";"BKR1";"ALVO_VALIDADO";"55.3";"55.3";"0.32875226039783";"0.07";""
"MLB7111713468";"VTK012198";"Baqueta 2b Pta Mad. Natural Pro Fire - Spanking";"BKR1";"IDENTIDADE_PENDENTE";"37";"38.51";"0.07011165930927032";"0.07";"BRAND: cadastro=Pro Fire, ML=Spanking"
"MLB4857624749";"VTK012204";"Baqueta 5a Pta Mad. Natural Pro Fire - Spanking";"BKR1";"ALVO_VALIDADO";"37";"38.54";"0.0700570835495589";"0.07";""
"MLB7111713358";"VTK002662";"Garra de Jacaré 10cm 50A Vermelho Storm - PCT / 50";"BKR1";"ALVO_VALIDADO";"38.48";"38.49";"0.0701480904130943";"0.07";""
"MLB7111713652";"VTK012131";"Pilha Alcalina Aa Elgin (cartela Com 08 Unidades)";"EVOLUSOM-PR";"ALVO_VALIDADO";"34.37";"34.37";"0.07011929007855688";"0.07";""
"MLB4772738263";"VTK009664";"Encordoamento Violão Nylon 103h Thomaz";"VANRAL";"ALVO_VALIDADO";"36";"43.59";"0.07019958706125258";"0.07";""
"MLB4857624597";"VTK000611";"Encordoamento Para Violão Aço Extra Leve Solez Monterey";"BKR1";"ALVO_VALIDADO";"35";"38.19";"0.07017543859649124";"0.07";""
"MLB4880526677";"VTK000034";"Encordoamento Para Violão Nylon .029 Cristal São Gonçalo";"BKR1";"ALVO_VALIDADO";"36";"37.39";"0.0700722118213426";"0.07";""
"MLB7169655686";"VTK016035";"2 Baterias Cr2032 Panasonic";"BKR1";"ALVO_VALIDADO";"54.28";"54.28";"0.33548268238761975";"0.07";""
"MLB4857637065";"VTK012433";"Cabo Hdmi 1.4 Com Filtro 3m Storm";"BKR1";"ALVO_VALIDADO";"37.43";"37.45";"0.07022696929238985";"0.07";""
"MLB7111713620";"VTK012519";"Combo Abrac De Nylon Branca Pq Md E Gd (125 Unidades)";"BKR1";"ALVO_VALIDADO";"36";"38.22";"0.07012035583464156";"0.07";""
"MLB7111713532";"VTK003650";"Cabo 2RCA X 2RCA 5m Injetado Storm";"BKR1";"ALVO_VALIDADO";"55.91";"55.91";"0.32480772670363084";"0.07";""
"MLB7149337862";"VTK012175";"Cabo Hdmi 2.0 4k Ultra Hd 3d - Dourado 1,8m";"BKR1";"ALVO_VALIDADO";"36";"37.26";"0.07004830917874397";"0.07";""
"MLB4880591649";"VTK012084";"4 Pilhas Alcalinas Aa Rayovac";"BKR1";"ALVO_VALIDADO";"34.95";"36.93";"0.07013268345518549";"0.07";""
"MLB4881447273";"VTK012198";"Baqueta 2b Pta Mad. Natural Pro Fire - Spanking";"BKR1";"ALVO_VALIDADO";"37";"38.51";"0.07011165930927032";"0.07";""
"MLB4857624481";"VTK012244";"Jogo De Cordas P/violão Nylon Monterey Tensão Média Emvn10 Prata";"BKR1";"ALVO_VALIDADO";"40";"40";"0.08149999999999999";"0.07";""
"MLB7111713568";"VTK003146";"Espuma Para Microfone EPMC0001 Storm - PCT / 5";"BKR1";"ALVO_VALIDADO";"35.33";"35.34";"0.07017543859649122";"0.07";""
"MLB7149371954";"VTK012596";"Combo Abrac De Nylon Preta Uv Pq Md Gd";"BKR1";"ALVO_VALIDADO";"38";"39.34";"0.07015760040671072";"0.07";""
"MLB4857624485";"VTK012649";"Knobs Andaluz Kb (kit C/2 Vol+2ton) Branco";"BKR1";"ALVO_VALIDADO";"38";"38.87";"0.07023411371237459";"0.07";""
"MLB7111713438";"VTK000034";"Encordoamento Para Violão Nylon .029 Cristal São Gonçalo";"BKR1";"ALVO_VALIDADO";"36";"37.39";"0.0700722118213426";"0.07";""
"MLB7184591928";"VTK016134";"4 Pilhas Alcalinas Aaa Panasonic (2 Cart)";"BKR1";"ALVO_VALIDADO";"54.65";"54.65";"0.3121683440073193";"0.07";""
"MLB4857637629";"VTK012582";"Encordoamento Nylon P/ukulele Concert Sg 0.024";"BKR1";"ALVO_VALIDADO";"32";"32.88";"0.07025547445255474";"0.07";""
"MLB4857625013";"VTK000020";"Encordoamento Para Ukulele Nylon Soprano SG";"BKR1";"ALVO_VALIDADO";"34";"35.07";"0.0701454234388366";"0.07";""
"MLB7111713758";"VTK012451";"Cabo Hdmi 1.4 Com Filtro 1,8m Storm";"BKR1";"ALVO_VALIDADO";"33.51";"33.52";"0.07010739856801909";"0.07";""
"MLB7111713604";"VTK012052";"Bateria Para Aparelho Auditivo 675 Pr44 Elgin 06 Unidades";"EVOLUSOM-PR";"ALVO_VALIDADO";"38.77";"38.77";"0.11529533144183646";"0.07";""
"MLB4903532497";"VTK016139";"4 Pilhas Comum D Panasonic (2 Cart)";"BKR1";"ALVO_VALIDADO";"57.54";"57.54";"0.3145637817170664";"0.07";""
"MLB7149339118";"VTK000371";"Encordoamento Para Viola Caipira 0.11 em Aço São Gonçalo";"BKR1";"ALVO_VALIDADO";"38";"39.11";"0.07005880848887754";"0.07";""
"MLB4880591781";"VTK012311";"4 Pilhas Alcalinas Aaa Rayovac";"BKR1";"ALVO_VALIDADO";"36.64";"38.69";"0.07004393900232618";"0.07";""
"MLB7184592260";"VTK016137";"4 Pilhas Alcalinas Premium Aa Panasonic (2 Cart)";"BKR1";"ALVO_VALIDADO";"55.38";"55.38";"0.3075117370892019";"0.07";""
"MLB4857636931";"VTK001624";"Cabo VGA HDB15M x HDB15M 3 MT Preto Com Filtro Storm";"BKR1";"ALVO_VALIDADO";"39.46";"39.47";"0.07017988345578921";"0.07";""
"MLB4857637075";"VTK012596";"Combo Abrac De Nylon Preta Uv Pq Md Gd";"BKR1";"ALVO_VALIDADO";"38";"39.34";"0.07015760040671072";"0.07";""
"MLB7111714252";"VTK012798";"Calculadora Bolso Rosa 8 Dig. Solar Cb1485r Elgin";"BKR1";"ALVO_VALIDADO";"31";"32.39";"0.07008335906143871";"0.07";""
"MLB7111713364";"VTK002681";"Garra de Jacaré 10cm 50A Preto Storm - PCT / 50";"BKR1";"ALVO_VALIDADO";"38.48";"38.49";"0.0701480904130943";"0.07";""
"MLB4857637033";"VTK012099";"Pilha Alcalina Max Aa Cart 4 Sm-160 Energizer";"BKR1";"ALVO_VALIDADO";"35.75";"37.77";"0.07016150383902567";"0.07";""
"MLB4857624969";"VTK002430";"Adaptador Display Portátil Para HDMI 15cm ADAP0043 Branco Storm";"BKR1";"IDENTIDADE_PENDENTE";"32.51";"32.52";"0.07011070110701106";"0.07";"BRAND: cadastro=Stormtech, ML=Storm"
"MLB4857624705";"VTK012048";"Bateria Alcalina A23 Elgin Cartela Com 05 Unidades";"BKR1";"ALVO_VALIDADO";"38";"38.82";"0.07006697578567748";"0.07";""
"MLB4877404099";"VTK012353";"Cabo Para Pedal Emborrachado Cachibmo Pedem 0,25 Wireconex";"BKR1";"ALVO_VALIDADO";"36";"37.91";"0.07016618306515432";"0.07";""
"MLB7149372204";"VTK001497";"Encordoamento Para Violão em Aço .011 Série Canário Giannini GESWB";"BKR1";"ALVO_VALIDADO";"38";"39.54";"0.07005563985837127";"0.07";""
"MLB7149372190";"VTK012492";"Cabo Hdmi 2.0 4k Ultra Hd 3d - Dourado 3m";"BKR1";"ALVO_VALIDADO";"38";"40.26";"0.07004470938897168";"0.07";""
"MLB7149339142";"VTK003622";"Cabo HDMI 4K C/ Filtro 3m CBHM0018 Preto STORM";"BKR1";"ALVO_VALIDADO";"37.74";"37.75";"0.07019867549668873";"0.07";""
"MLB4857624501";"VTK001652";"Plug RCA Niquelado Com Mola 3FX 5,8mm Preto Genérico - PCT / 10";"BKR1";"ALVO_VALIDADO";"40.06";"40.07";"0.07012727726478662";"0.07";""
"MLB7111713598";"VTK012184";"5 Baterias Alcalinas A27 Elgin";"EVOLUSOM-PR";"ALVO_VALIDADO";"35";"36.78";"0.0701468189233279";"0.07";""
"MLB4857625685";"VTK012345";"Cabo Usb A Macho Para Usb A Fêmea 2.0 3m Storm";"BKR1";"ALVO_VALIDADO";"30.72";"30.73";"0.07028961926456231";"0.07";""
"MLB7149373390";"VTK012231";"Porta Palheta Pro Fire Pct C/10 Unidades";"BKR1";"ALVO_VALIDADO";"39";"41.42";"0.07001448575567358";"0.07";""
"MLB7149373354";"VTK000256";"Cabo Adaptador Serial RS-232 x USB A Macho 0,8m CBUS0016 Preto Storm";"EVOLUSOM-PR";"ALVO_VALIDADO";"52.26";"52.26";"0.33849980864906243";"0.07";""
"MLB4880590777";"VTK012182";"Encordoamento Violão R-53a Nylon Preto Dourada Rouxinol";"BKR1";"ALVO_VALIDADO";"38";"38.02";"0.07022619673855865";"0.07";""
"MLB7111713498";"VTK012261";"Suporte Fixo Para Tv 14"" A 116"" Preto Multivisão";"BKR1";"ALVO_VALIDADO";"38";"39.6";"0.0702020202020202";"0.07";""
"MLB7149339046";"VTK002811";"Pilha Alcalina 1,5V AA LR6 Premium (C/4 Pilhas) Panasonic - CAR / 4";"BKR1";"ALVO_VALIDADO";"36.86";"38.92";"0.07014388489208633";"0.07";""
"MLB4857636771";"VTK001691";"Plug RCA Niquelado Com Mola 3FX 5,8mm Vemelho Genérico - PCT / 10";"BKR1";"ALVO_VALIDADO";"60.71";"60.71";"0.2966562345577335";"0.07";""
"MLB4857637127";"VTK011995";"Capotraste Para Guitarra Custom Sound Ct-3-bk Preto";"BKR1";"ALVO_VALIDADO";"34";"35.21";"0.07015052541891509";"0.07";""
"MLB4857624519";"VTK003773";"Pilha Botão Alcalina 1,5v LR44 (C/4 Pilhas) Duracell";"BKR1";"ALVO_VALIDADO";"38.15";"40.24";"0.07007952286282305";"0.07";""
"MLB4857624415";"VTK012252";"Estanho Em Fio Para Solda Mx-072 Box";"BKR1";"ALVO_VALIDADO";"39";"41.2";"0.07014563106796116";"0.07";""
"MLB4857624879";"VTK003667";"Encordoamento Para Violão Nylon Leve com Bolinha São Gonçalo";"BKR1";"ALVO_VALIDADO";"35";"35.92";"0.07015590200445435";"0.07";""
"MLB4880590825";"VTK012240";"Bateria 9v Alcalina Com Lanterna Elgin";"BKR1";"ALVO_VALIDADO";"38.56";"40.66";"0.07009345794392524";"0.07";""
"MLB4857636813";"VTK002315";"Adaptador Display Portátil Para VGA 15cm ADAP0044 Branco Storm";"EVOLUSOM-PR";"ALVO_VALIDADO";"31";"32.3";"0.07027863777089784";"0.07";""
"MLB4857624361";"VTK012231";"Porta Palheta Pro Fire Pct C/10 Unidades";"BKR1";"ALVO_VALIDADO";"39";"41.42";"0.07001448575567358";"0.07";""
"MLB4857636927";"VTK012182";"Encordoamento Violão R-53a Nylon Preto Dourada Rouxinol";"BKR1";"ALVO_VALIDADO";"38";"38.02";"0.07022619673855865";"0.07";""
"MLB4857637203";"VTK012068";"5 Baterias Cr2430 Elgin";"BKR1";"ALVO_VALIDADO";"38.96";"38.96";"0.07007186858316222";"0.07";""
"MLB4857624629";"VTK001743";"Encordoamento Para Violão Nylon Preto São Gonçalo";"BKR1";"ALVO_VALIDADO";"36";"38.12";"0.07004197271773348";"0.07";""
"MLB4857624853";"VTK002811";"Pilha Alcalina 1,5V AA LR6 Premium (C/4 Pilhas) Panasonic - CAR / 4";"BKR1";"ALVO_VALIDADO";"36.86";"38.92";"0.07014388489208633";"0.07";""
"MLB7160228674";"VTK001488";"Encordoamento Para Cavaco Aço Pesada Série Cobra Gescp Giannini";"BKR1";"ALVO_VALIDADO";"37";"38.7";"0.07002583979328164";"0.07";""
"MLB4772728309";"VTK009668";"Fonte De Alimentação Bivolt 9v 0,5a Ma 9500 Microdigital";"VANRAL";"ALVO_VALIDADO";"37.31";"40.73";"0.07021851215320403";"0.07";""
"MLB4880590849";"VTK012051";"Bateria Para Aparelho Auditivo 10/230 Pr70 Elgin 06 Unidades";"EVOLUSOM-PR";"ALVO_VALIDADO";"34.45";"36.56";"0.0700218818380744";"0.07";""
"MLB4786766717";"VTK009689";"Encordoamento Violão Aço 011 Phosphor Bronze 203sl Thomaz";"VANRAL";"ALVO_VALIDADO";"39";"41.3";"0.07021791767554479";"0.07";""
"MLB4857636735";"VTK012492";"Cabo Hdmi 2.0 4k Ultra Hd 3d - Dourado 3m";"BKR1";"ALVO_VALIDADO";"38";"40.26";"0.07004470938897168";"0.07";""
"MLB4857624541";"VTK000256";"Cabo Adaptador Serial RS-232 x USB A Macho 0,8m CBUS0016 Preto Storm";"EVOLUSOM-PR";"ALVO_VALIDADO";"52.26";"52.26";"0.33849980864906243";"0.07";""
"MLB4880561619";"VTK012334";"Palheta Tradicional 2 P/clarinete Sib Cr102 Vandoren Un";"BKR1";"ALVO_VALIDADO";"57";"59.9";"0.07011686143572622";"0.07";""
"MLB7184612180";"VTK016138";"4 Pilhas Alcalinas Premium Aaa Panasonic (2 Cart)";"BKR1";"ALVO_VALIDADO";"36.62";"38.66";"0.07009829280910503";"0.07";""
"MLB4857636795";"VTK000230";"Pilha Moeda Lithium 3V CR2032 (C/5 Pilhas) Panasonic - CAR / 5";"BKR1";"ALVO_VALIDADO";"39";"40.2";"0.07014925373134327";"0.07";""
"MLB4894821149";"VTK016093";"3 Baterias Cr2032 Panasonic";"BKR1";"ALVO_VALIDADO";"61.09";"61.09";"0.29464724177443113";"0.07";""
"MLB4857624759";"VTK003651";"Encordoamento Para Violão Aço .010 Leve São Gonçalo";"BKR1";"ALVO_VALIDADO";"39";"39";"0.08794871794871795";"0.07";""
"MLB4857636911";"VTK012051";"Bateria Para Aparelho Auditivo 10/230 Pr70 Elgin 06 Unidades";"EVOLUSOM-PR";"ALVO_VALIDADO";"34.45";"36.56";"0.0700218818380744";"0.07";""
"MLB4857624557";"VTK001488";"Encordoamento Para Cavaco Aço Pesada Série Cobra Gescp Giannini";"BKR1";"ALVO_VALIDADO";"37";"38.7";"0.07002583979328164";"0.07";""
"MLB4772971361";"VTK009689";"Encordoamento Violão Aço 011 Phosphor Bronze 203sl Thomaz";"VANRAL";"ALVO_VALIDADO";"39";"41.3";"0.07021791767554479";"0.07";""
"MLB4857624377";"VTK001841";"Plug BNC com KRE CBNC0003 Genérico - DEZ / 10";"BKR1";"ALVO_VALIDADO";"42.95";"42.95";"0.07008149010477298";"0.07";""
"MLB4857636913";"VTK012240";"Bateria 9v Alcalina Com Lanterna Elgin";"BKR1";"ALVO_VALIDADO";"38.56";"40.66";"0.07009345794392524";"0.07";""
"MLB4880561115";"VTK012563";"Cera Com Silicone - Carnu 200g - Grand Prix";"BKR1";"ALVO_VALIDADO";"40";"42.61";"0.07017132128608308";"0.07";""
"MLB4857637017";"VTK012175";"Cabo Hdmi 2.0 4k Ultra Hd 3d - Dourado 1,8m";"BKR1";"ALVO_VALIDADO";"36";"37.26";"0.07004830917874397";"0.07";""
"MLB4857624957";"VTK012084";"4 Pilhas Alcalinas Aa Rayovac";"BKR1";"ALVO_VALIDADO";"34.95";"36.93";"0.07013268345518549";"0.07";""
"MLB4903510273";"VTK016004";"16 Pilhas Comum Aa Panasonic (4 Cart)";"BKR1";"ALVO_VALIDADO";"60.04";"60.04";"0.2801465689540307";"0.07";""
"MLB7111710806";"VTK012334";"Palheta Tradicional 2 P/clarinete Sib Cr102 Vandoren Un";"BKR1";"ALVO_VALIDADO";"57";"59.9";"0.07011686143572622";"0.07";""
"MLB4857636683";"VTK012030";"Pilha Alcalina Aaa6 Rayovac Cartela Com 06 Unidades";"BKR1";"ALVO_VALIDADO";"40";"41.8";"0.07009569377990431";"0.07";""
"MLB4857624341";"VTK000268";"Plug RCA Macho 6/7mm Com Mola 3FXA Tarja Vermelha Genérico Storm - DEZ / 10";"BKR1";"ALVO_VALIDADO";"62.22";"62.22";"0.2884924461587914";"0.07";""
"MLB7111713032";"VTK012106";"Conector Xlr Femea Linha Vermelho Corpo Metalico Storm 05 Unidades";"BKR1";"ALVO_VALIDADO";"40.44";"40.45";"0.07021013597033374";"0.07";""
"MLB4857635919";"VTK005769";"Chave Anti Vandalismo On/Off Preta Storm";"EVOLUSOM-PR";"ALVO_VALIDADO";"42";"42";"0.15785714285714286";"0.07";""
"MLB4857624323";"VTK000175";"Plug RCA Profissional PGRC0013 Vermelho Storm - DEZ / 10";"BKR1";"ALVO_VALIDADO";"41.26";"41.26";"0.07004362578768784";"0.07";""
"MLB7149366914";"VTK012390";"Cabo Instrumentos P10 Tweed Wci-gg 03 3 Metros Dourado Wireconex";"BKR1";"ALVO_VALIDADO";"60";"61.03";"0.07012944453547436";"0.07";""
"MLB7149373372";"VTK012789";"Jogo De Cordas P/cavaco Solez Slcv L Npb 0.011""/0.032""";"BKR1";"ALVO_VALIDADO";"41";"42.33";"0.07016300496102056";"0.07";""
"MLB4857624333";"VTK002509";"Plug RCA Macho 6/7mm Com Mola 3FXA Tarja Preta Genérico Storm - DEZ / 10";"BKR1";"ALVO_VALIDADO";"43.26";"43.26";"0.07004160887656033";"0.07";""
"MLB4857636589";"VTK001623";"Conector Cannon Fêmea Preto YS1057A-PO Corpo Metálico Genérico - PCT / 5";"BKR1";"ALVO_VALIDADO";"43.1";"43.1";"0.07006960556844548";"0.07";""
"MLB7184593016";"VTK016196";"6 Pilhas Alcalinas Aa Panasonic (3 Cart)";"BKR1";"ALVO_VALIDADO";"37.96";"40.05";"0.07016229712858928";"0.07";""
"MLB7111650898";"VTK012390";"Cabo Instrumentos P10 Tweed Wci-gg 03 3 Metros Dourado Wireconex";"BKR1";"ALVO_VALIDADO";"60";"61.03";"0.07012944453547436";"0.07";""
"MLB7149366562";"VTK012245";"Pilhas Alcalina Philips Aaa Lr03p16bp/59";"BKR1";"ALVO_VALIDADO";"70.25";"70.25";"0.21138790035587188";"0.07";""
"MLB7157760832";"VTK012395";"Palheta Tradicional 1,5 P/sax Alto Sr2115 Vandoren Un";"BKR1";"ALVO_VALIDADO";"65.38";"65.39";"0.07004129071723506";"0.07";""
"MLB4857624389";"VTK012789";"Jogo De Cordas P/cavaco Solez Slcv L Npb 0.011""/0.032""";"BKR1";"ALVO_VALIDADO";"41";"42.33";"0.07016300496102056";"0.07";""
"MLB4880561195";"VTK012476";"Correia Ny Marrom Bkr";"BKR1";"ALVO_VALIDADO";"43.09";"43.1";"0.07006960556844548";"0.07";""
"MLB4880579709";"VTK012610";"Palheta Tradicional 1,5 Sax Soprano Sr2015 Vandoren";"BKR1";"ALVO_VALIDADO";"62.02";"62.03";"0.07012735773013057";"0.07";""
"MLB4857624681";"VTK000371";"Encordoamento Para Viola Caipira 0.11 em Aço São Gonçalo";"BKR1";"ALVO_VALIDADO";"38";"39.11";"0.07005880848887754";"0.07";""
"MLB7111652224";"VTK012245";"Pilhas Alcalina Philips Aaa Lr03p16bp/59";"BKR1";"ALVO_VALIDADO";"70.25";"70.25";"0.21138790035587188";"0.07";""
"MLB7111710286";"VTK012443";"Palheta Tradicional 1,5 P/clarinete Sib Cr1015 Vandoren Un";"BKR1";"ALVO_VALIDADO";"58.41";"61.17";"0.07013241785188817";"0.07";""
"MLB4880581665";"VTK005081";"Encordoamento Para Violão Aço .010 Solez SLATB10 Bronze";"BKR1";"ALVO_VALIDADO";"56";"57.84";"0.07002074688796679";"0.07";""
"MLB4877412775";"VTK001860";"Conector XLR Macho 3 Pinos Azul Genérico - PCT / 5";"BKR1";"ALVO_VALIDADO";"42.24";"42.24";"0.07007575757575757";"0.07";""
"MLB4772924243";"VTK009728";"Pele Clear Transparente Para Bateria 10"" New York";"VANRAL";"ALVO_VALIDADO";"43";"43.98";"0.0700318326512051";"0.07";""
"MLB7111713078";"VTK012476";"Correia Ny Marrom Bkr";"BKR1";"ALVO_VALIDADO";"43.09";"43.1";"0.07006960556844548";"0.07";""
"MLB7111652216";"VTK012395";"Palheta Tradicional 1,5 P/sax Alto Sr2115 Vandoren Un";"BKR1";"ALVO_VALIDADO";"65.38";"65.39";"0.07004129071723506";"0.07";""
"MLB7111710242";"VTK012610";"Palheta Tradicional 1,5 Sax Soprano Sr2015 Vandoren";"BKR1";"ALVO_VALIDADO";"62.02";"62.03";"0.07012735773013057";"0.07";""
"MLB4857624585";"VTK003622";"Cabo HDMI 4K C/ Filtro 3m CBHM0018 Preto STORM";"BKR1";"ALVO_VALIDADO";"37.74";"37.75";"0.07019867549668873";"0.07";""
"MLB4880590905";"VTK012506";"Bateria Cr2016 Cart 2 Energizer";"BKR1";"ALVO_VALIDADO";"49";"51.2";"0.0701171875";"0.07";""
"MLB7111664344";"VTK005081";"Encordoamento Para Violão Aço .010 Solez SLATB10 Bronze";"BKR1";"ALVO_VALIDADO";"56";"57.84";"0.07002074688796679";"0.07";""
"MLB7111713170";"VTK012563";"Cera Com Silicone - Carnu 200g - Grand Prix";"BKR1";"ALVO_VALIDADO";"40";"42.61";"0.07017132128608308";"0.07";""
"MLB4903670229";"VTK016089";"28 Pilhas Comum Aa Panasonic (7 Cart)";"BKR1";"ALVO_VALIDADO";"77.3";"77.3";"0.2080206985769728";"0.07";""
"MLB4857636697";"VTK012506";"Bateria Cr2016 Cart 2 Energizer";"BKR1";"ALVO_VALIDADO";"49";"51.2";"0.0701171875";"0.07";""
"MLB4857623587";"VTK012532";"Botão On Off 19mm Prata 220v 3a C/ Led Branco 12v Storm";"BKR1";"ALVO_VALIDADO";"44.55";"44.55";"0.07003367003367005";"0.07";""
"MLB4857623523";"VTK012480";"Botão On Off 19mm Prata 220v 3a C/ Led Verde 12v Storm";"BKR1";"ALVO_VALIDADO";"44.71";"44.73";"0.07019897160742232";"0.07";""
"MLB4857636543";"VTK012619";"Cabo Hdmi Dvi (24+1) Com Filtro 2m Storm";"EVOLUSOM-PR";"ALVO_VALIDADO";"35";"36.06";"0.0701608430393788";"0.07";""
"MLB7149338018";"VTK012061";"5 Baterias Cr2450 Elgin";"BKR1";"ALVO_VALIDADO";"40.75";"42.93";"0.07011413929652922";"0.07";""
"MLB7111713010";"VTK000625";"Encordoamento Para Viola Tensão Média .011 São Gonçalo";"BKR1";"ALVO_VALIDADO";"47";"49.51";"0.07008685114118361";"0.07";""
"MLB7149338150";"VTK002676";"Cabo USB Tipo C Macho Para USB 3.0 Macho 1,0M Storm";"EVOLUSOM-PR";"ALVO_VALIDADO";"35.09";"36.33";"0.07018992568125516";"0.07";""
"MLB4880592045";"VTK000107";"Encordoamento Para Violão Aço .009 Extra Light Bronze 85/15 SG";"BKR1";"ALVO_VALIDADO";"44";"45.59";"0.07019083132265848";"0.07";""
"MLB4857636727";"VTK001497";"Encordoamento Para Violão em Aço .011 Série Canário Giannini GESWB";"BKR1";"ALVO_VALIDADO";"38";"39.54";"0.07005563985837127";"0.07";""
"MLB7111712262";"VTK012575";"Botão On Off 19mm Prata 220v 3a C/ Led Vermelho 12v Storm";"BKR1";"ALVO_VALIDADO";"44.71";"44.73";"0.07019897160742232";"0.07";""
"MLB4857636833";"VTK012061";"5 Baterias Cr2450 Elgin";"BKR1";"ALVO_VALIDADO";"40.75";"42.93";"0.07011413929652922";"0.07";""
"MLB4857624863";"VTK012311";"4 Pilhas Alcalinas Aaa Rayovac";"BKR1";"ALVO_VALIDADO";"36.64";"38.69";"0.07004393900232618";"0.07";""
"MLB4857636567";"VTK002676";"Cabo USB Tipo C Macho Para USB 3.0 Macho 1,0M Storm";"EVOLUSOM-PR";"ALVO_VALIDADO";"35.09";"36.33";"0.07018992568125516";"0.07";""
"MLB7149274158";"VTK001583";"Encordoamento Para Violão em Aço .011 Custom Light Bronze SG";"BKR1";"ALVO_VALIDADO";"44";"45.39";"0.07005948446794448";"0.07";""
"MLB7111712174";"VTK001640";"Conector F Para Cabo RGC06 de Rosquear Genérico - CEM / 100";"BKR1";"ALVO_VALIDADO";"45.96";"45.97";"0.07004568196649989";"0.07";""
"MLB4857623627";"VTK012445";"Palheta Delrin 500 0,71mm Pct C/6 41r.71 Dunlop (1802)";"BKR1";"ALVO_VALIDADO";"43";"44.7";"0.07002237136465324";"0.07";""
"MLB4857623343";"VTK000107";"Encordoamento Para Violão Aço .009 Extra Light Bronze 85/15 SG";"BKR1";"ALVO_VALIDADO";"44";"45.59";"0.07019083132265848";"0.07";""
"MLB7184718858";"VTK015936";"10 Baterias Cr2032 Panasonic (2 Cart)";"BKR1";"ALVO_VALIDADO";"72.95";"72.95";"0.24126113776559288";"0.07";""
"MLB7111712098";"VTK001583";"Encordoamento Para Violão em Aço .011 Custom Light Bronze SG";"BKR1";"ALVO_VALIDADO";"44";"45.39";"0.07005948446794448";"0.07";""
"MLB4857623595";"VTK002227";"Adaptador de Antena Níquel CB90 Prata Storm - PCT / 10";"BKR1";"ALVO_VALIDADO";"42.5";"42.5";"0.07011764705882353";"0.07";""
"MLB4857623581";"VTK004830";"Chave Gangorra Com Led 4 Terminais Vermelha KCD2 Storm - PCT / 10";"BKR1";"ALVO_VALIDADO";"44.71";"44.73";"0.07019897160742232";"0.07";""
"MLB7149373458";"VTK004979";"Cabo DVI/DVI Com Filtro 2m CBDV0003 Storm";"EVOLUSOM-PR";"ALVO_VALIDADO";"41";"41.63";"0.07014172471775161";"0.07";""
"MLB4903510665";"VTK015969";"12 Pilhas Comum Aaa Panasonic (3 Cart)";"BKR1";"ALVO_VALIDADO";"61.59";"61.59";"0.27228446176327326";"0.07";""
"MLB7149339258";"VTK012402";"Botão On Off 16mm Prata 220v 3a C/ Led Azul 12v Storm";"BKR1";"ALVO_VALIDADO";"44.56";"44.56";"0.07001795332136446";"0.07";""
"MLB4857623605";"VTK004979";"Cabo DVI/DVI Com Filtro 2m CBDV0003 Storm";"EVOLUSOM-PR";"IDENTIDADE_PENDENTE";"41";"41.63";"0.07014172471775161";"0.07";"BRAND: cadastro=Stormtech, ML=Storm"
"MLB4857623495";"VTK012402";"Botão On Off 16mm Prata 220v 3a C/ Led Azul 12v Storm";"BKR1";"ALVO_VALIDADO";"44.56";"44.56";"0.07001795332136446";"0.07";""
"MLB4857635801";"VTK006576";"Chave Anti Vandalismo Led Azul On/Off Prata Storm";"BKR1";"ALVO_VALIDADO";"63.27";"63.27";"0.2833886518097044";"0.07";""
"MLB7111712080";"VTK012219";"Rastilho / Nut 43mm P/guitarra E Violão Aço 100% Osso - Csk1";"BKR1";"ALVO_VALIDADO";"44";"45.67";"0.07006787825706152";"0.07";""
"MLB4857624313";"VTK002099";"Plug RCA Profissional Metal PGRC0012 Preto Storm - DEZ / 10";"BKR1";"ALVO_VALIDADO";"44.11";"44.11";"0.07005214237134437";"0.07";""
"MLB7149328794";"VTK012386";"Pandeiro Meia Lua Rosa Spanking";"BKR1";"ALVO_VALIDADO";"57";"57.1";"0.07005253940455342";"0.07";""
"MLB4880591999";"VTK012478";"Cabo Hdmi 1.4 Com Filtro 5m Storm";"BKR1";"ALVO_VALIDADO";"42.13";"42.13";"0.07002136244956088";"0.07";""
"MLB7149373502";"VTK000007";"Encordoamento Para Violão Aço .012 Bronze SG";"BKR1";"ALVO_VALIDADO";"45";"46.88";"0.07017918088737202";"0.07";""
"MLB4857623631";"VTK012478";"Cabo Hdmi 1.4 Com Filtro 5m Storm";"BKR1";"ALVO_VALIDADO";"42.13";"42.13";"0.07002136244956088";"0.07";""
"MLB4857623327";"VTK000007";"Encordoamento Para Violão Aço .012 Bronze SG";"BKR1";"ALVO_VALIDADO";"45";"46.88";"0.07017918088737202";"0.07";""
"MLB7184617628";"VTK015957";"12 Pilhas Alcalinas Aaa Panasonic (2 Cart)";"BKR1";"ALVO_VALIDADO";"76.73";"76.73";"0.2278118076371693";"0.07";""
"MLB7184607488";"VTK015939";"10 Pilhas Alcalinas Aaa Panasonic (5 Cart)";"BKR1";"ALVO_VALIDADO";"69.64";"69.64";"0.21137277426766227";"0.07";""
"MLB7111664196";"VTK012386";"Pandeiro Meia Lua Rosa Spanking";"BKR1";"ALVO_VALIDADO";"57";"57.1";"0.07005253940455342";"0.07";""
"MLB4857635907";"VTK012160";"2 Pilhas Alcalinas D Philips";"BKR1";"ALVO_VALIDADO";"42.26";"44.49";"0.07012811867835468";"0.07";""
"MLB7111712324";"VTK012546";"Fone De Ouvido Com Microfone Flex";"BKR1";"ALVO_VALIDADO";"44";"45.82";"0.07005674378000873";"0.07";""
"MLB7184593506";"VTK016197";"6 Pilhas Alcalinas Aaa Panasonic (3 Cart)";"BKR1";"ALVO_VALIDADO";"63.34";"63.34";"0.2633407009788443";"0.07";""
"MLB4857623403";"VTK012417";"Cera Tradicional Armor All C/ Carnaúba 200g - Stp";"BKR1";"ALVO_VALIDADO";"45.04";"47.25";"0.07005291005291005";"0.07";""
"MLB7149372564";"VTK001490";"Encordoamento Para Violão Aço .010 Giannini GESWAM Acústico Bronze 65/35";"EVOLUSOM-PR";"ALVO_VALIDADO";"44.87";"44.88";"0.07018716577540106";"0.07";""
"MLB4857635453";"VTK001490";"Encordoamento Para Violão Aço .010 Giannini GESWAM Acústico Bronze 65/35";"EVOLUSOM-PR";"ALVO_VALIDADO";"44.87";"44.88";"0.07018716577540106";"0.07";""
"MLB7149338414";"VTK001437";"Encordoamento Para Violão Aço .009 Giannini GESWAL Acústico Bronze 65/35";"EVOLUSOM-PR";"ALVO_VALIDADO";"43";"44.06";"0.07013163867453472";"0.07";""
"MLB4857623421";"VTK012640";"Palheta Gator Grip 0,58mm Pct C/6 417r.58 Dunlop (1811)";"BKR1";"ALVO_VALIDADO";"44";"46";"0.07";"0.07";""
"MLB4857635443";"VTK001437";"Encordoamento Para Violão Aço .009 Giannini GESWAL Acústico Bronze 65/35";"EVOLUSOM-PR";"ALVO_VALIDADO";"43";"44.06";"0.07013163867453472";"0.07";""
"MLB4857623355";"VTK012299";"Palheta Gator Grip 0,71mm Pct C/6 417r.71 Dunlop (1812)";"BKR1";"ALVO_VALIDADO";"45";"46.32";"0.07016407599309153";"0.07";""
"MLB7111711922";"VTK003102";"Garra de Jacaré 15,5cm 500A GRJC0021 Vermelho Storm - PCT / 2";"BKR1";"ALVO_VALIDADO";"67.13";"67.13";"0.2650081930582452";"0.07";""
"MLB4903534405";"VTK016202";"6 Pilhas Comum D Panasonic (3 Cart)";"BKR1";"ALVO_VALIDADO";"66.16";"66.16";"0.2694981862152358";"0.07";""
"MLB4857635847";"VTK005703";"Chave Anti Vandalismo On/Off Prata Storm";"BKR1";"ALVO_VALIDADO";"46.77";"46.78";"0.07011543394613082";"0.07";""
"MLB7184365448";"VTK016005";"16 Pilhas Comum Aaa Panasonic (2 Cart)";"BKR1";"ALVO_VALIDADO";"65.47";"65.47";"0.2724912173514587";"0.07";""
"MLB4857623165";"VTK003191";"Garra de Jacaré 15,5cm 500A GRJC0022 Preto Storm - PCT / 2";"BKR1";"ALVO_VALIDADO";"67.13";"67.13";"0.2650081930582452";"0.07";""
"MLB7149372626";"VTK003632";"Encordoamento Para Violão Nylon .029 Heavy Com Bolinha SG";"BKR1";"ALVO_VALIDADO";"47";"48.85";"0.07001023541453429";"0.07";""
"MLB7111712150";"VTK012356";"Palheta Nylon Standard 0,60mm Cinza Claro Pct C/6 44r.60 Dunlop (1980)";"BKR1";"ALVO_VALIDADO";"45";"46.03";"0.07017162719965239";"0.07";""
"MLB4772949003";"VTK009729";"Pele Clear Transparente Para Bateria 12"" New York";"VANRAL";"ALVO_VALIDADO";"50";"50";"0.0942";"0.07";""
"MLB7184602414";"VTK016224";"8 Pilhas Alcalinas Aa Panasonic (4 Cart)";"BKR1";"ALVO_VALIDADO";"62.96";"62.96";"0.2652477763659466";"0.07";""
"MLB4857635359";"VTK003632";"Encordoamento Para Violão Nylon .029 Heavy Com Bolinha SG";"BKR1";"ALVO_VALIDADO";"47";"48.85";"0.07001023541453429";"0.07";""
"MLB7149338374";"VTK012652";"Calculadora Mesa Visor 12 Dig. - Roxa Mv4127 Elgin";"BKR1";"ALVO_VALIDADO";"46";"47.62";"0.07013859722805545";"0.07";""
"MLB4857635567";"VTK012652";"Calculadora Mesa Visor 12 Dig. - Roxa Mv4127 Elgin";"BKR1";"ALVO_VALIDADO";"46";"47.62";"0.07013859722805545";"0.07";""
"MLB4880527001";"VTK001474";"Encordoamento Para Violão Nylon Série MPB Giannini GENWBS Preto/Prata";"EVOLUSOM-PR";"ALVO_VALIDADO";"42.89";"44.47";"0.070159658196537";"0.07";""
"MLB7111711908";"VTK001474";"Encordoamento Para Violão Nylon Série MPB Giannini GENWBS Preto/Prata";"EVOLUSOM-PR";"ALVO_VALIDADO";"42.89";"44.47";"0.070159658196537";"0.07";""
"MLB4894829879";"VTK016132";"4 Baterias Cr2032 Panasonic";"BKR1";"ALVO_VALIDADO";"67.89";"67.89";"0.2617469435852114";"0.07";""
"MLB4857623137";"VTK012375";"Palheta Nylon Standard 0,73mm Cinza Pct C/6 44r.73 Dunlop (1981)";"BKR1";"ALVO_VALIDADO";"47";"47.84";"0.07002508361204013";"0.07";""
"MLB4880591245";"VTK002271";"Cabo de Dados USB 3.0 A Macho x USB 3.0 A Macho 1,8m Preto Storm";"EVOLUSOM-PR";"ALVO_VALIDADO";"38.28";"38.28";"0.07001044932079414";"0.07";""
"MLB7111711786";"VTK012363";"Palheta Tortex 1mm Azul Pct C/6 418r1.0 Dunlop (1345)";"BKR1";"ALVO_VALIDADO";"47";"49.42";"0.07001214083367058";"0.07";""
"MLB4857635411";"VTK002271";"Cabo de Dados USB 3.0 A Macho x USB 3.0 A Macho 1,8m Preto Storm";"EVOLUSOM-PR";"ALVO_VALIDADO";"38.28";"38.28";"0.07001044932079414";"0.07";""
"MLB4772949319";"VTK009730";"Pele Clear Transparente Para Bateria 14"" New York";"VANRAL";"ALVO_VALIDADO";"50";"50";"0.07400000000000001";"0.07";""
"MLB4857635301";"VTK012350";"Palheta Tortex 0,73mm Amarela Pct C/ 6 Un 418r.73 Dunlop (1343)";"BKR1";"ALVO_VALIDADO";"48";"49.42";"0.07001214083367058";"0.07";""
"MLB7149373558";"VTK012274";"Calculadora De Mesa 12 Digitos Mv-4122 Elgin";"BKR1";"ALVO_VALIDADO";"48";"50.2";"0.07011952191235059";"0.07";""
"MLB4880591171";"VTK000409";"Pilha Moeda Lithium 3v CR2032 (C/2 Pilhas) Duracell";"BKR1";"ALVO_VALIDADO";"47";"49.3";"0.07018255578093306";"0.07";""
"MLB7111709972";"VTK012351";"Palheta Tradicional 2.5 P/sax Alto Sr2125 Vandoren Un";"BKR1";"ALVO_VALIDADO";"63.92";"63.93";"0.07007664633192555";"0.07";""
"MLB7111711756";"VTK012372";"Palheta Nylon Midi 0,67mm Laranja Pct C/ 6 Un 443r.67 Dunlop (1822)";"BKR1";"ALVO_VALIDADO";"50.55";"50.55";"0.07636003956478735";"0.07";""
"MLB4880591159";"VTK012618";"Pilha Alcalina Max C2 Cart 2 Energizer";"BKR1";"ALVO_VALIDADO";"48.08";"50.51";"0.07008513165709761";"0.07";""
"MLB7111711988";"VTK012142";"Pilha Auditiva Rayovac E.adv Act Tam312 Cart 6 Sm-60";"BKR1";"ALVO_VALIDADO";"48.42";"50.84";"0.07002360346184107";"0.07";""
"MLB4857635323";"VTK004143";"Chave Push-Button N/A CHVS0028 Preta Storm - PCT / 10";"BKR1";"ALVO_VALIDADO";"50.51";"50.52";"0.07007125890736342";"0.07";""
"MLB4857623081";"VTK012274";"Calculadora De Mesa 12 Digitos Mv-4122 Elgin";"BKR1";"ALVO_VALIDADO";"48";"50.2";"0.07011952191235059";"0.07";""
"MLB4857623021";"VTK012371";"Palheta Tortex 0.88mm Verde Pct C/ 6 Un 418r.88 Dunlop (1344)";"BKR1";"ALVO_VALIDADO";"49";"50.65";"0.0700888450148075";"0.07";""
"MLB4857635291";"VTK012403";"Palheta Tortex 0,50mm Vermelha Pct C/ 6 Un 418r.50 Dunlop (1341)";"BKR1";"ALVO_VALIDADO";"49";"50.65";"0.0700888450148075";"0.07";""
"MLB4880632371";"VTK012524";"Calculadora Mesa Visor 12 Dig. Mv4124 Elgin";"BKR1";"ALVO_VALIDADO";"48";"50.34";"0.07012316249503377";"0.07";""
"MLB4880581865";"VTK004024";"Encordoamento Guitarra Solez SLG9 009";"BKR1";"ALVO_VALIDADO";"59";"61.14";"0.0700032711808963";"0.07";""
"MLB7149373536";"VTK000423";"Encordoamento Para Violão Nylon .028 Medium Com Bolinha SG";"BKR1";"ALVO_VALIDADO";"49";"50.69";"0.07003353718682186";"0.07";""
"MLB4880526931";"VTK012314";"Bateria Cr2025 Cart 2 Energizer";"BKR1";"ALVO_VALIDADO";"47.25";"49.63";"0.07011887970985291";"0.07";""
"MLB4857635607";"VTK012618";"Pilha Alcalina Max C2 Cart 2 Energizer";"BKR1";"ALVO_VALIDADO";"48.08";"50.51";"0.07008513165709761";"0.07";""
"MLB7184614138";"VTK016225";"8 Pilhas Alcalinas Aaa Panasonic (2 Cart)";"BKR1";"ALVO_VALIDADO";"68.31";"68.31";"0.25999121651295565";"0.07";""
"MLB4857635591";"VTK000409";"Pilha Moeda Lithium 3v CR2032 (C/2 Pilhas) Duracell";"BKR1";"ALVO_VALIDADO";"47";"49.3";"0.07018255578093306";"0.07";""
"MLB4880527067";"VTK003683";"Encordoamento Para Violão Nylon .028 Light SG";"BKR1";"ALVO_VALIDADO";"48";"49.77";"0.07012256379344987";"0.07";""
"MLB7111664144";"VTK004024";"Encordoamento Guitarra Solez SLG9 009";"BKR1";"ALVO_VALIDADO";"59";"61.14";"0.0700032711808963";"0.07";""
"MLB4857623065";"VTK012524";"Calculadora Mesa Visor 12 Dig. Mv4124 Elgin";"BKR1";"ALVO_VALIDADO";"48";"50.34";"0.07012316249503377";"0.07";""
"MLB4857623091";"VTK000423";"Encordoamento Para Violão Nylon .028 Medium Com Bolinha SG";"BKR1";"ALVO_VALIDADO";"49";"50.69";"0.07003353718682186";"0.07";""
"MLB7184614364";"VTK016201";"6 Pilhas Alcalinas Premium Aaa Panasonic (3 Cart)";"BKR1";"ALVO_VALIDADO";"67.59";"67.59";"0.24426690338807516";"0.07";""
"MLB7149372640";"VTK012011";"Cabo De Microfone Pro Balanceado Emborrachado Xlr Xlr 0,70 Cm Mpbe-0,70 Wireconex";"BKR1";"ALVO_VALIDADO";"48";"50.14";"0.07000398883127243";"0.07";""
"MLB4857623221";"VTK012444";"Pilha Rec Eco Rayovac Aa2 Cart 2 Sm-24";"BKR1";"ALVO_VALIDADO";"46.37";"48.73";"0.0701826390313975";"0.07";""
"MLB7149405068";"VTK000072";"Encordoamento Para Guitarra .010 Leve Nickel SG";"BKR1";"ALVO_VALIDADO";"49";"51.08";"0.07008613938919342";"0.07";""
"MLB7111711856";"VTK003683";"Encordoamento Para Violão Nylon .028 Light SG";"BKR1";"ALVO_VALIDADO";"48";"49.77";"0.07012256379344987";"0.07";""
"MLB7184713514";"VTK016114";"32 Pilhas Comum Aa Panasonic (8 Cart)";"BKR1";"ALVO_VALIDADO";"74.48";"74.48";"0.21039205155746507";"0.07";""
"MLB7111711606";"VTK012000";"Encordoamento P/violão Nylon Bronze 65/35 Prata Tensão Média Sg 0.028";"BKR1";"ALVO_VALIDADO";"50";"51.93";"0.07009435778933179";"0.07";""
"MLB7111709570";"VTK012467";"Painel Led 24w Lys Quadrado Embutir 6500k";"BKR1";"ALVO_VALIDADO";"59";"62.95";"0.07005559968228753";"0.07";""
"MLB4857635339";"VTK012011";"Cabo De Microfone Pro Balanceado Emborrachado Xlr Xlr 0,70 Cm Mpbe-0,70 Wireconex";"BKR1";"ALVO_VALIDADO";"48";"50.14";"0.07000398883127243";"0.07";""
"MLB4857622889";"VTK012696";"Calculadora Mesa Visor 12 Dig. Rosa Mv4135 Elgin";"BKR1";"ALVO_VALIDADO";"51";"52.2";"0.07011494252873562";"0.07";""
"MLB4857622965";"VTK000072";"Encordoamento Para Guitarra .010 Leve Nickel SG";"BKR1";"ALVO_VALIDADO";"49";"51.08";"0.07008613938919342";"0.07";""
"MLB7111709792";"VTK003160";"Plug RCA Metal Com Anel Preto PGRC0028 Storm - PCT / 10";"BKR1";"ALVO_VALIDADO";"62.16";"62.17";"0.07013028792021876";"0.07";""
"MLB7169860526";"VTK015933";"10 Baterias Cr2016 Panasonic (2 Cart)";"BKR1";"ALVO_VALIDADO";"76.78";"76.78";"0.22766345402448554";"0.07";""
"MLB4880591213";"VTK012374";"Pilha Auditiva Rayovac E.adv Act Tam10 Cart 6 Sm-60";"BKR1";"ALVO_VALIDADO";"48.42";"50.84";"0.07002360346184107";"0.07";""
"MLB4880561465";"VTK002844";"Encordoamento para Guitarra .009 Extra Light SG";"BKR1";"ALVO_VALIDADO";"51";"51.8";"0.07007722007722007";"0.07";""
"MLB7157761038";"VTK012606";"Calculadora Mesa Visor 12 Dig. Um Raiz Mv4123 Elgin";"BKR1";"ALVO_VALIDADO";"51";"53.07";"0.07009609949123799";"0.07";""
"MLB7111711980";"VTK012314";"Bateria Cr2025 Cart 2 Energizer";"BKR1";"ALVO_VALIDADO";"47.25";"49.63";"0.07011887970985291";"0.07";""
"MLB7111711382";"VTK012360";"Palheta Royal Alto Rjb0120 D Addario";"BKR1";"ALVO_VALIDADO";"51";"52.52";"0.07006854531607007";"0.07";""
"MLB7152529510";"VTK003680";"Encordoamento Para Violão Nylon .029 Heavy SG";"BKR1";"ALVO_VALIDADO";"51";"52.59";"0.07016543069024529";"0.07";""
"MLB4857635239";"VTK012431";"Bateria Cr1220 Cartela Com 05 Unidades Panasonic";"BKR1";"ALVO_VALIDADO";"51";"52.05";"0.07012487992315082";"0.07";""
"MLB7149274500";"VTK005090";"Encordoamento Para Violão Aço .011 Solez Groove GPF4";"BKR1";"ALVO_VALIDADO";"52";"53.24";"0.07006010518407213";"0.07";""
"MLB4857623001";"VTK001211";"Plug Jack Cannon Fêmea Metálico Preto Storm - PCT / 5";"BKR1";"ALVO_VALIDADO";"67.68";"67.68";"0.2625591016548463";"0.07";""
"MLB4857635077";"VTK012373";"Correia Ny 01 Sint Deus E Fiel Basso";"BKR1";"ALVO_VALIDADO";"52.78";"52.79";"0.07008903201363895";"0.07";""
"MLB7111711200";"VTK012475";"Breu Gold P/violino Orchestral Dominante";"BKR1";"ALVO_VALIDADO";"50";"53.21";"0.07009960533734261";"0.07";""
"MLB4857622743";"VTK012680";"Correia Ny 01 Sint 100% Jesus Basso";"BKR1";"ALVO_VALIDADO";"56.71";"56.71";"0.07000529007229765";"0.07";""
"MLB4857635535";"VTK012374";"Pilha Auditiva Rayovac E.adv Act Tam10 Cart 6 Sm-60";"BKR1";"ALVO_VALIDADO";"48.42";"50.84";"0.07002360346184107";"0.07";""
"MLB7149338508";"VTK001480";"Encordoamento Para Violão Nylon Com Bolinha Média Série MPB Giannini GENWG";"BKR1";"ALVO_VALIDADO";"51";"53.3";"0.0701688555347092";"0.07";""
"MLB7111711726";"VTK002844";"Encordoamento para Guitarra .009 Extra Light SG";"BKR1";"ALVO_VALIDADO";"51";"51.8";"0.07007722007722007";"0.07";""
"MLB4857635253";"VTK012132";"Pilha Recarregável Univ. Aa2 Cart 2 Energizer";"BKR1";"ALVO_VALIDADO";"49.49";"51.95";"0.07006737247353224";"0.07";""
"MLB4882855471";"VTK001438";"Encordoamento Para Violão Aço .011 Série Cobra Giannini GEEFLK";"EVOLUSOM-PR";"ALVO_VALIDADO";"51.02";"51.03";"0.07015481089555163";"0.07";""
"MLB7111711736";"VTK012256";"Pilha Recarregável AAA 900mAh Elgin Blister com 4 Unidades";"BKR1";"ALVO_VALIDADO";"50";"52.12";"0.07003069838833462";"0.07";""
"MLB4857635101";"VTK012606";"Calculadora Mesa Visor 12 Dig. Um Raiz Mv4123 Elgin";"BKR1";"ALVO_VALIDADO";"51";"53.07";"0.07009609949123799";"0.07";""
"MLB4880591321";"VTK012810";"Correia Ny 13 Cinza Nylon Basso";"BKR1";"ALVO_VALIDADO";"54.5";"54.51";"0.07007888460832874";"0.07";""
"MLB7149405082";"VTK003105";"Pilha Auditiva 312 (Cartela C/6 Unid.) Duracell";"BKR1";"ALVO_VALIDADO";"66.7";"66.7";"0.208095952023988";"0.07";""
"MLB7111711194";"VTK005090";"Encordoamento Para Violão Aço .011 Solez Groove GPF4";"BKR1";"ALVO_VALIDADO";"52";"53.24";"0.07006010518407213";"0.07";""
"MLB4880581467";"VTK001644";"Encordoamento Para Violão Nylon Leve Série Clássico Giannini GENWPL";"BKR1";"ALVO_VALIDADO";"52";"54.75";"0.07013698630136986";"0.07";""
"MLB7149274380";"VTK000365";"Pilha Alcalina 1,5V D (C/2 Pilhas) Panasonic - CAR / 2";"BKR1";"ALVO_VALIDADO";"50.68";"53.19";"0.07012596352697875";"0.07";""
"MLB4857635189";"VTK001408";"Encordoamento Para Violão Aço .010 Série Cobra Giannini GEEFLE";"EVOLUSOM-PR";"ALVO_VALIDADO";"51.84";"51.84";"0.07002314814814814";"0.07";""
"MLB4857634623";"VTK001480";"Encordoamento Para Violão Nylon Com Bolinha Média Série MPB Giannini GENWG";"BKR1";"ALVO_VALIDADO";"51";"53.3";"0.0701688555347092";"0.07";""
"MLB4880581565";"VTK001529";"Encordoamento Para Violão em Aço .011 Custom Light Phosphor Bronze SG";"BKR1";"ALVO_VALIDADO";"52";"54.76";"0.07012417823228634";"0.07";""
"MLB7111710612";"VTK012612";"Palheta Royal Alto Rjb0125 D Addario";"BKR1";"ALVO_VALIDADO";"51";"53.9";"0.07012987012987013";"0.07";""
"MLB4857634723";"VTK003680";"Encordoamento Para Violão Nylon .029 Heavy SG";"BKR1";"ALVO_VALIDADO";"51";"52.59";"0.07016543069024529";"0.07";""
"MLB4857635119";"VTK003152";"Pilha Auditiva 675 (Cartela C/6 Unid.) Duracell";"BKR1";"ALVO_VALIDADO";"51";"53.67";"0.07005776038755356";"0.07";""
"MLB7149372674";"VTK000097";"Encordoamento Para Guitarra .009 N63 NIG";"BKR1";"ALVO_VALIDADO";"51";"54.12";"0.07002956393200296";"0.07";""
"MLB4773138177";"VTK009669";"Fonte De Alimentação Bivolt Automática 12v 1a Ma 3s Microdigital";"VANRAL";"ALVO_VALIDADO";"49.58";"52.98";"0.07002642506606267";"0.07";""
"MLB4857635177";"VTK001438";"Encordoamento Para Violão Aço .011 Série Cobra Giannini GEEFLK";"EVOLUSOM-PR";"ALVO_VALIDADO";"51.02";"51.03";"0.07015481089555163";"0.07";""
"MLB4880581535";"VTK001452";"Encordoamento Para Guitarra .010 N64 NIG";"BKR1";"ALVO_VALIDADO";"52";"54.64";"0.07009516837481698";"0.07";""
"MLB7111710440";"VTK012503";"Palheta Royal Alto Rjb0115 D Addario";"BKR1";"ALVO_VALIDADO";"51";"54.03";"0.07014621506570423";"0.07";""
"MLB7111665450";"VTK001644";"Encordoamento Para Violão Nylon Leve Série Clássico Giannini GENWPL";"BKR1";"ALVO_VALIDADO";"52";"54.75";"0.07013698630136986";"0.07";""
"MLB7111651918";"VTK003143";"Plug RCA Metal Com Anel Vermelho PGRC0025 Storm - PCT / 10";"BKR1";"ALVO_VALIDADO";"80.38";"80.38";"0.14630505100771338";"0.07";""
"MLB4880527189";"VTK012007";"Cabo De Audio P2 P10 1,5 Metros P2ts 1,5 Wireconex";"BKR1";"ALVO_VALIDADO";"51";"54.18";"0.07013658176448874";"0.07";""
"MLB4880581499";"VTK000019";"Encordoamento Para Viola Aço Leve Série Cobra Giannini GESVL";"EVOLUSOM-PR";"ALVO_VALIDADO";"51.15";"51.16";"0.07017200938232995";"0.07";""
"MLB7111711752";"VTK000365";"Pilha Alcalina 1,5V D (C/2 Pilhas) Panasonic - CAR / 2";"BKR1";"ALVO_VALIDADO";"50.68";"53.19";"0.07012596352697875";"0.07";""
"MLB4903536089";"VTK016006";"16 Pilhas Comum Aaa Panasonic (4 Cart)";"BKR1";"ALVO_VALIDADO";"68.6";"68.6";"0.23994169096209916";"0.07";""
"MLB7111664700";"VTK001529";"Encordoamento Para Violão em Aço .011 Custom Light Phosphor Bronze SG";"BKR1";"ALVO_VALIDADO";"52";"54.76";"0.07012417823228634";"0.07";""
"MLB4857622801";"VTK003105";"Pilha Auditiva 312 (Cartela C/6 Unid.) Duracell";"BKR1";"ALVO_VALIDADO";"66.7";"66.7";"0.208095952023988";"0.07";""
"MLB4857634579";"VTK012810";"Correia Ny 13 Cinza Nylon Basso";"BKR1";"ALVO_VALIDADO";"54.5";"54.51";"0.07007888460832874";"0.07";""
"MLB7111711676";"VTK003174";"Pilha Auditiva 13 (Cartela C/6 Unid.) Duracell";"BKR1";"ALVO_VALIDADO";"51";"53.67";"0.07005776038755356";"0.07";""
"MLB4880561481";"VTK012489";"Painel Speakon 8 Polos Wp04 Spk Ep Wireconex";"BKR1";"ALVO_VALIDADO";"51";"53.3";"0.0701688555347092";"0.07";""
"MLB7149274470";"VTK012135";"Cabo Para Microfone Emborrachado Xlr Xlr 1 Metro Mpbe-1 Wireconex";"BKR1";"ALVO_VALIDADO";"51";"54.18";"0.07013658176448874";"0.07";""
"MLB4880632409";"VTK012529";"Correia Ny 15 Bordo Nylon Basso";"BKR1";"ALVO_VALIDADO";"53.02";"53.04";"0.07013574660633484";"0.07";""
"MLB7111651790";"VTK012599";"Slg11 Ga Encordoamento Solez De Guitarra 0.011""";"BKR1";"ALVO_VALIDADO";"62";"64.12";"0.07002495321272614";"0.07";""
"MLB4882855359";"VTK012269";"Cabo Para Microfone Balanceado Xlr Xlr 01m Kng Wireconex";"BKR1";"ALVO_VALIDADO";"52";"55.16";"0.07015953589557651";"0.07";""
"MLB7111664710";"VTK001452";"Encordoamento Para Guitarra .010 N64 NIG";"BKR1";"ALVO_VALIDADO";"52";"54.64";"0.07009516837481698";"0.07";""
"MLB4880527457";"VTK001516";"Encordoamento Para Violão em Aço .010 Light Phosphor Bronze SG";"BKR1";"ALVO_VALIDADO";"54";"55.67";"0.07005568528830608";"0.07";""
"MLB7184615198";"VTK016034";"2 Baterias Alcalinas 9v Panasonic";"BKR1";"ALVO_VALIDADO";"68.78";"68.78";"0.17854027333527187";"0.07";""
"MLB7184595074";"VTK016091";"3 Baterias Alcalinas 12v Panasonic Lrv08-1b";"BKR1";"ALVO_VALIDADO";"70.26";"70.26";"0.2332764019356675";"0.07";""
"MLB4880579543";"VTK012548";"Correia Ny 10 Marrom Nylon Basso";"BKR1";"ALVO_VALIDADO";"53.02";"53.04";"0.07013574660633484";"0.07";""
"MLB7111664762";"VTK000019";"Encordoamento Para Viola Aço Leve Série Cobra Giannini GESVL";"EVOLUSOM-PR";"ALVO_VALIDADO";"51.15";"51.16";"0.07017200938232995";"0.07";""
"MLB7111711526";"VTK012620";"Conector F Rosca Rg 59 Storm 100 Unidades";"BKR1";"ALVO_VALIDADO";"56.6";"56.61";"0.07012895248189366";"0.07";""
"MLB4857634655";"VTK000097";"Encordoamento Para Guitarra .009 N63 NIG";"BKR1";"ALVO_VALIDADO";"51";"54.12";"0.07002956393200296";"0.07";""
"MLB7111711638";"VTK012466";"Painel Led 18w Lys Quadrado Embutir 6500k";"BKR1";"ALVO_VALIDADO";"52";"55.02";"0.07015630679752817";"0.07";""
"MLB7149405114";"VTK012657";"Correia Ny 11 Whiskey Nylon Basso";"BKR1";"ALVO_VALIDADO";"55.3";"55.31";"0.07015006327969625";"0.07";""
"MLB7111711674";"VTK012007";"Cabo De Audio P2 P10 1,5 Metros P2ts 1,5 Wireconex";"BKR1";"ALVO_VALIDADO";"51";"54.18";"0.07013658176448874";"0.07";""
"MLB7111711702";"VTK012489";"Painel Speakon 8 Polos Wp04 Spk Ep Wireconex";"BKR1";"ALVO_VALIDADO";"51";"53.3";"0.0701688555347092";"0.07";""
"MLB7184502700";"VTK016235";"8 Pilhas Comum D Panasonic (4 Cart)";"BKR1";"ALVO_VALIDADO";"52.68";"55.67";"0.07005568528830608";"0.07";""
"MLB7149338486";"VTK012589";"Suporte Fixo Para Tv De 22-70";"BKR1";"ALVO_VALIDADO";"54";"55.63";"0.07010605788243753";"0.07";""
"MLB7111652440";"VTK001718";"Encordoamento Para Violão Nylon .028 N475 NIG";"BKR1";"ALVO_VALIDADO";"54";"55.4";"0.07003610108303249";"0.07";""
"MLB7111664986";"VTK012473";"Encordoador Manual P04119 Ernie Ball";"BKR1";"ALVO_VALIDADO";"54";"56";"0.06999999999999999";"0.07";""
"MLB7145203560";"VTK001454";"Encordoamento Para Viola Aço Média Série Cobra Giannini GESVM";"BKR1";"ALVO_VALIDADO";"52";"53.81";"0.07006132689091246";"0.07";""
"MLB7111710256";"VTK001516";"Encordoamento Para Violão em Aço .010 Light Phosphor Bronze SG";"BKR1";"ALVO_VALIDADO";"54";"55.67";"0.07005568528830608";"0.07";""
"MLB4857622071";"VTK012529";"Correia Ny 15 Bordo Nylon Basso";"BKR1";"ALVO_VALIDADO";"53.02";"53.04";"0.07013574660633484";"0.07";""
"MLB4880585261";"VTK012382";"Lanterna Pequena Recarregável Led 0,5w 500mah Elgin";"BKR1";"ALVO_VALIDADO";"54";"56.49";"0.07010090281465746";"0.07";""
"MLB7184615506";"VTK016226";"8 Pilhas Alcalinas Aaa Panasonic (4 Cart)";"BKR1";"ALVO_VALIDADO";"70.94";"70.94";"0.23061742317451367";"0.07";""
"MLB4877405093";"VTK012597";"Palheta Big Stubby 1mm Pct C/6 475r1.0 Dunlop Vermelha (1841)";"BKR1";"ALVO_VALIDADO";"57";"57.63";"0.07010237723407947";"0.07";""
"MLB7111710232";"VTK012216";"Revitalizador P/ Instrumentos Musicais D'sollution";"BKR1";"ALVO_VALIDADO";"55";"57.42";"0.07001044932079414";"0.07";""
"MLB7111710488";"VTK012269";"Cabo Para Microfone Balanceado Xlr Xlr 01m Kng Wireconex";"BKR1";"ALVO_VALIDADO";"52";"55.16";"0.07015953589557651";"0.07";""
"MLB7111664608";"VTK012542";"Limpador/polidor 651j P/guitarra/baixo 651j Dunlop";"BKR1";"ALVO_VALIDADO";"55";"57.56";"0.07001389854065324";"0.07";""
"MLB7169860182";"VTK016175";"5 Baterias Cr2032 Panasonic";"BKR1";"ALVO_VALIDADO";"74.69";"74.69";"0.23483732762083276";"0.07";""
"MLB4903793249";"VTK016128";"36 Pilhas Comum Aa Panasonic (9 Cart)";"BKR1";"ALVO_VALIDADO";"92.55";"92.55";"0.21058887088060507";"0.07";""
"MLB7111710862";"VTK012548";"Correia Ny 10 Marrom Nylon Basso";"BKR1";"ALVO_VALIDADO";"53.02";"53.04";"0.07013574660633484";"0.07";""
"MLB7149405086";"VTK000282";"Bateria Alcalina 9v MN1604 (C/1 Pilha) Duracell";"BKR1";"ALVO_VALIDADO";"52";"54.94";"0.07007644703312706";"0.07";""
"MLB4857622009";"VTK012657";"Correia Ny 11 Whiskey Nylon Basso";"BKR1";"ALVO_VALIDADO";"55.3";"55.31";"0.07015006327969625";"0.07";""
"MLB7111652194";"VTK004620";"Botão Para Violino Madeira 3/4 Scarlett SBT34 - PCT / 4";"BKR1";"ALVO_VALIDADO";"59";"59";"0.07593220338983052";"0.07";""
"MLB4877760911";"VTK012276";"Kit 05 Conectores P2 Trrs Linha Wc 2314 Wireconex";"BKR1";"ALVO_VALIDADO";"64";"65.76";"0.07010340632603407";"0.07";""
"MLB7111652416";"VTK012382";"Lanterna Pequena Recarregável Led 0,5w 500mah Elgin";"BKR1";"ALVO_VALIDADO";"54";"56.49";"0.07010090281465746";"0.07";""
"MLB4857621857";"VTK012564";"Painel Led 18w Lys Quadrado Sobrepor 6500k";"BKR1";"ALVO_VALIDADO";"57";"57";"0.0812280701754386";"0.07";""
"MLB7111652326";"VTK012446";"Globo Protetor Da Capsula Para Microfone Com Espuma Csgm58 - Preto";"BKR1";"ALVO_VALIDADO";"52.59";"56.09";"0.07006596541272954";"0.07";""
"MLB7111652398";"VTK012169";"Pilha Zinco Aa Tubo 40 Unidades Elgin R06p";"EVOLUSOM-PR";"ALVO_VALIDADO";"56.28";"56.28";"0.07000710732054015";"0.07";""
"MLB4857621823";"VTK012115";"Pilha Alcalina Aaa Com 16 Unidades Elgin";"EVOLUSOM-PR";"ALVO_VALIDADO";"50.68";"50.69";"0.07003353718682186";"0.07";""
"MLB4903759151";"VTK016230";"8 Pilhas Alcalinas Premium Aa Panasonic (4 Cart)";"BKR1";"ALVO_VALIDADO";"57.37";"57.37";"0.09604322816803207";"0.07";""
"MLB4857634885";"VTK012589";"Suporte Fixo Para Tv De 22-70";"BKR1";"ALVO_VALIDADO";"54";"55.63";"0.07010605788243753";"0.07";""
"MLB7149406874";"VTK012171";"Kit 05 Conectores P2 Linha Stereo Wc 2313 Wireconex";"BKR1";"ALVO_VALIDADO";"65";"67.14";"0.07000297885016384";"0.07";""
"MLB7149328572";"VTK001637";"Encordoamento Para Guitarra .009 Nickel Round Wound Giannini GEEGST9";"BKR1";"ALVO_VALIDADO";"56";"58.12";"0.07002752924982796";"0.07";""
"MLB7111664722";"VTK012153";"Cabos Para Instrumentos P10 P10 3 Metros Gte-03 Kng Wireconex";"BKR1";"ALVO_VALIDADO";"57.1";"57.1";"0.07005253940455342";"0.07";""
"MLB7111710272";"VTK003188";"Plug RCA Com Mola Niquel PGRC0024 Storm - PCT / 10";"BKR1";"ALVO_VALIDADO";"73.51";"73.51";"0.23915113589987752";"0.07";""
"MLB4880527359";"VTK012087";"02 Pilhas Aaa Recarregáveis 1000mah Philips";"BKR1";"ALVO_VALIDADO";"54";"56.5";"0.07008849557522123";"0.07";""
"MLB7149326584";"VTK012213";"Cabo Para Microfone Balanceado Mcb-03 3 Metros Wireconex";"BKR1";"ALVO_VALIDADO";"54.47";"54.47";"0.07123187075454379";"0.07";""
"MLB4880581637";"VTK003764";"Pilha Alcalina C MN1400 (C/2 Pilhas) Duracell";"BKR1";"ALVO_VALIDADO";"66.88";"66.88";"0.19632177033492826";"0.07";""
"MLB7151451646";"VTK001454";"Encordoamento Para Viola Aço Média Série Cobra Giannini GESVM";"BKR1";"ALVO_VALIDADO";"52";"53.81";"0.07006132689091246";"0.07";""
"MLB4880579653";"VTK012196";"Pilha Alcalina Max Aaa Cart 8 Sm-96 Energizer";"BKR1";"ALVO_VALIDADO";"56";"58.06";"0.07009989665862901";"0.07";""
"MLB4880581737";"VTK012683";"Correia Qr V 04 Basso";"BKR1";"ALVO_VALIDADO";"74.2";"74.2";"0.23665768194070078";"0.07";""
"MLB7184527464";"VTK016060";"20 Pilhas Comum Aaa Panasonic (5 Cart)";"BKR1";"ALVO_VALIDADO";"68.9";"68.9";"0.24150943396226415";"0.07";""
"MLB4880563129";"VTK003934";"Cortador de Cabelos Agratto VIZZO 10W Preto 127v";"BKR1";"ALVO_VALIDADO";"67";"69.61";"0.07010486998994397";"0.07";""
"MLB7184616792";"VTK015956";"12 Pilhas Alcalinas Aa Panasonic (6 Cart)";"BKR1";"ALVO_VALIDADO";"69.23";"69.23";"0.2402137801531128";"0.07";""
"MLB7149332276";"VTK001690";"Conector F para Cabo RGC59 com Anel Latão Genérico - CEM / 100";"BKR1";"ALVO_VALIDADO";"77.09";"77.09";"0.22661823842262288";"0.07";""
"MLB7111664418";"VTK012397";"Calculadora Científica 240 Funções Cc240 Elgin";"BKR1";"ALVO_VALIDADO";"57";"57";"0.09771929824561404";"0.07";""
"MLB7184605228";"VTK016229";"8 Pilhas Alcalinas Premium Aa Panasonic (2 Cart)";"BKR1";"ALVO_VALIDADO";"68.48";"68.48";"0.25905373831775697";"0.07";""
"MLB7111652142";"VTK012059";"Conector P10 1/4 Femea Linha Trs Wc 197 Wireconex 04 Unidades";"BKR1";"ALVO_VALIDADO";"54";"55.36";"0.07008670520231214";"0.07";""
"MLB4882821531";"VTK012009";"Cabo De Audio P2p2 1,5 Metros P2p2 1,5 Wireconex";"BKR1";"ALVO_VALIDADO";"53";"53.71";"0.07000558555203872";"0.07";""
"MLB4903786497";"VTK015964";"12 Pilhas Alcalinas Premium Aa Panasonic (6 Cart)";"BKR1";"ALVO_VALIDADO";"93.63";"93.63";"0.21072305884865963";"0.07";""
"MLB7157782884";"VTK012272";"Jogo De Cordas P/violão Bronze 85/15 Solez 0.009""/0.045"" Slatb09";"BKR1";"ALVO_VALIDADO";"52";"53.24";"0.07006010518407213";"0.07";""
"MLB7111710226";"VTK012098";"Pilha Recarregável AA 2500mAh Elgin Blister com 2 Unidades";"EVOLUSOM-PR";"ALVO_VALIDADO";"50.77";"50.78";"0.07010634107916502";"0.07";""
"MLB7111707642";"VTK001410";"Encordoamento Para Violão 12 Cordas Aço .010 Série Cobra Giannini GEEF12M";"BKR1";"ALVO_VALIDADO";"69";"69";"0.08652173913043477";"0.07";""
"MLB7111664536";"VTK003764";"Pilha Alcalina C MN1400 (C/2 Pilhas) Duracell";"BKR1";"ALVO_VALIDADO";"66.88";"66.88";"0.19632177033492826";"0.07";""
"MLB4903759973";"VTK016232";"8 Pilhas Alcalinas Premium Aaa Panasonic (4 Cart)";"BKR1";"ALVO_VALIDADO";"61.48";"61.48";"0.17501626545217958";"0.07";""
"MLB7184527776";"VTK016079";"24 Pilhas Comum Aaa Panasonic (3 Cart)";"BKR1";"ALVO_VALIDADO";"70.4";"70.4";"0.2512784090909091";"0.07";""
"MLB4880561835";"VTK012165";"Pandeiro Meia Lua Preto Spanking";"BKR1";"ALVO_VALIDADO";"51.26";"51.26";"0.07003511509949278";"0.07";""
"MLB7111710298";"VTK012196";"Pilha Alcalina Max Aaa Cart 8 Sm-96 Energizer";"BKR1";"ALVO_VALIDADO";"56";"58.06";"0.07009989665862901";"0.07";""
"MLB4880563817";"VTK012526";"Calculadora Mesa Visor 8 Dig. Preta Mv-4133 Elgin";"BKR1";"ALVO_VALIDADO";"56.34";"56.35";"0.07009760425909495";"0.07";""
"MLB7111707704";"VTK003934";"Cortador de Cabelos Agratto VIZZO 10W Preto 127v";"BKR1";"ALVO_VALIDADO";"67";"69.61";"0.07010486998994397";"0.07";""
"MLB7111651996";"VTK012238";"Gaita Blues 20 Vozes Do Corpo De Plastico Cores Sortidas Dolphin";"BKR1";"ALVO_VALIDADO";"54.33";"56.35";"0.07009760425909495";"0.07";""
"MLB4880579851";"VTK012608";"Calculadora Mesa Visor 8 Dig. Vermelha Mv-4131 Elgin";"BKR1";"ALVO_VALIDADO";"56.34";"56.35";"0.07009760425909495";"0.07";""
"MLB7111664504";"VTK000008";"Plug P10 Mono Profissional Com Mola Genérico Storm - DEZ / 10";"BKR1";"ALVO_VALIDADO";"56.92";"56.93";"0.07008607061303355";"0.07";""
"MLB4880563995";"VTK001763";"Encordoamento Violão Aço .010-.050 85/15 Bronze EZ900-B D Addario Com Corda Extra PL010";"BKR1";"ALVO_VALIDADO";"57";"57.64";"0.07009021512838307";"0.07";""
"MLB7111652126";"VTK000317";"Plug RCA Com Mola 6mm Niquel PGRC0026 Storm - PCT / 10";"BKR1";"ALVO_VALIDADO";"51.97";"51.98";"0.07002693343593691";"0.07";""
"MLB4857622311";"VTK000282";"Bateria Alcalina 9v MN1604 (C/1 Pilha) Duracell";"BKR1";"ALVO_VALIDADO";"52";"54.94";"0.07007644703312706";"0.07";""
"MLB7111652166";"VTK012272";"Jogo De Cordas P/violão Bronze 85/15 Solez 0.009""/0.045"" Slatb09";"BKR1";"ALVO_VALIDADO";"52";"53.24";"0.07006010518407213";"0.07";""
"MLB4903760505";"VTK016231";"8 Pilhas Alcalinas Premium Aaa Panasonic (2 Cart)";"BKR1";"ALVO_VALIDADO";"61.84";"61.84";"0.15782664941785252";"0.07";""
"MLB7111664314";"VTK012683";"Correia Qr V 04 Basso";"BKR1";"ALVO_VALIDADO";"74.2";"74.2";"0.23665768194070078";"0.07";""
"MLB7111709930";"VTK012541";"Palheta Java 1,5 P/sax Alto Sr2615 Vandoren Un";"BKR1";"ALVO_VALIDADO";"65.25";"65.25";"0.07003831417624522";"0.07";""
"MLB7111664600";"VTK001637";"Encordoamento Para Guitarra .009 Nickel Round Wound Giannini GEEGST9";"BKR1";"ALVO_VALIDADO";"56";"58.12";"0.07002752924982796";"0.07";""
"MLB7184617362";"VTK015955";"12 Pilhas Alcalinas Aa Panasonic (3 Cart)";"BKR1";"ALVO_VALIDADO";"72.14";"72.14";"0.24438591627391182";"0.07";""
"MLB7111710076";"VTK012189";"Cabos Para Instrumentos Com Cachimbo P10 P10 3 Metros Gtc-03 Kng Wireconex";"BKR1";"ALVO_VALIDADO";"55";"55.4";"0.07003610108303249";"0.07";""
"MLB4880579793";"VTK012076";"16 Pilhas Alcalinas Aa Philips";"EVOLUSOM-PR";"ALVO_VALIDADO";"47.02";"47.03";"0.07016797788645544";"0.07";""
"MLB4877761065";"VTK012171";"Kit 05 Conectores P2 Linha Stereo Wc 2313 Wireconex";"BKR1";"ALVO_VALIDADO";"65";"67.14";"0.07000297885016384";"0.07";""
"MLB4880579833";"VTK002207";"Cabo P2 Estéreo x 2 RCA Macho 1,8m Preto Storm - PCT / 10";"BKR1";"ALVO_VALIDADO";"50.55";"50.55";"0.07002967359050445";"0.07";""
"MLB7111710100";"VTK012213";"Cabo Para Microfone Balanceado Mcb-03 3 Metros Wireconex";"BKR1";"ALVO_VALIDADO";"54.47";"54.47";"0.07123187075454379";"0.07";""
"MLB7111710342";"VTK012087";"02 Pilhas Aaa Recarregáveis 1000mah Philips";"BKR1";"ALVO_VALIDADO";"54";"56.5";"0.07008849557522123";"0.07";""
"MLB4882855383";"VTK000126";"Encordoamento Para Violão Aço .010 NPB560 NIG";"BKR1";"ALVO_VALIDADO";"55";"55.28";"0.07000723589001447";"0.07";""
"MLB4880562841";"VTK005074";"Encordoamento Para Guitarra .010 Solez SLG10";"BKR1";"ALVO_VALIDADO";"59";"61.14";"0.0700032711808963";"0.07";""
"MLB4880581893";"VTK012653";"Calculadora Mesa Visor 12 Dig. Azul Mv-4134 Elgin";"BKR1";"ALVO_VALIDADO";"57";"57.71";"0.07000519840582221";"0.07";""
"MLB7111651930";"VTK012674";"Pandeiro Meia Lua Amarelo Spanking";"BKR1";"ALVO_VALIDADO";"55";"57.1";"0.07005253940455342";"0.07";""
"MLB7149332364";"VTK012008";"Cabo De Audio P2 P10 3 Metros P2ts 03 Wireconex";"BKR1";"ALVO_VALIDADO";"62";"62";"0.13790322580645162";"0.07";""
"MLB7111664514";"VTK012009";"Cabo De Audio P2p2 1,5 Metros P2p2 1,5 Wireconex";"BKR1";"ALVO_VALIDADO";"53";"53.71";"0.07000558555203872";"0.07";""
"MLB7149332484";"VTK012426";"Pandeiro Meia Lua Laranja Spanking";"BKR1";"ALVO_VALIDADO";"57.09";"57.1";"0.07005253940455342";"0.07";""
"MLB7111710188";"VTK012165";"Pandeiro Meia Lua Preto Spanking";"BKR1";"ALVO_VALIDADO";"51.26";"51.26";"0.07003511509949278";"0.07";""
"MLB7111651938";"VTK012259";"Pandeiro Meia Lua Branco Spanking";"BKR1";"ALVO_VALIDADO";"55.53";"57.1";"0.07005253940455342";"0.07";""
"MLB7111652234";"VTK001690";"Conector F para Cabo RGC59 com Anel Latão Genérico - CEM / 100";"BKR1";"ALVO_VALIDADO";"77.09";"77.09";"0.22661823842262288";"0.07";""
"MLB7149366704";"VTK012639";"Ferro De Solda 30w 127v Ms-130 A30";"BKR1";"ALVO_VALIDADO";"56";"57.17";"0.07014168270071715";"0.07";""
"MLB7111664270";"VTK012526";"Calculadora Mesa Visor 8 Dig. Preta Mv-4133 Elgin";"BKR1";"ALVO_VALIDADO";"56.34";"56.35";"0.07009760425909495";"0.07";""
"MLB4880561975";"VTK012151";"Cabo De áudio P2 Xlr 1,5 Metros P2xlr 1,5 Wireconex";"BKR1";"ALVO_VALIDADO";"56";"57.53";"0.07005040848253086";"0.07";""
"MLB4880562787";"VTK012262";"Palheta Tradicional 2 Para Sax Alto Sr212 Vandoren 01 Unidade";"BKR1";"ALVO_VALIDADO";"70.8";"70.8";"0.21144067796610172";"0.07";""
"MLB7111710088";"VTK012076";"16 Pilhas Alcalinas Aa Philips";"EVOLUSOM-PR";"ALVO_VALIDADO";"47.02";"47.03";"0.07016797788645544";"0.07";""
"MLB7111709928";"VTK012608";"Calculadora Mesa Visor 8 Dig. Vermelha Mv-4131 Elgin";"BKR1";"ALVO_VALIDADO";"56.34";"56.35";"0.07009760425909495";"0.07";""
"MLB7111664408";"VTK012365";"Cabo Guitar Emborrachado Guiemc-03 03 Metros Wireconex";"BKR1";"ALVO_VALIDADO";"56.13";"56.13";"0.07001603420630678";"0.07";""
"MLB7111710058";"VTK002207";"Cabo P2 Estéreo x 2 RCA Macho 1,8m Preto Storm - PCT / 10";"BKR1";"ALVO_VALIDADO";"50.55";"50.55";"0.07002967359050445";"0.07";""
"MLB7111707072";"VTK003678";"Trava para Correia Strap Lock S1 Custom Sound Cromada";"BKR1";"ALVO_VALIDADO";"78.9";"78.9";"0.08871989860583016";"0.07";""
"MLB7111652116";"VTK012464";"Painel Led 18w Lux Quadrado Sobrepor 6500k";"BKR1";"ALVO_VALIDADO";"56.27";"56.27";"0.07001954860494046";"0.07";""
"MLB7149366822";"VTK012525";"Calculadora Mesa Visor 12 Dig. Branca Mv-4132 Elgin";"BKR1";"ALVO_VALIDADO";"57";"57.71";"0.07000519840582221";"0.07";""
"MLB4880563883";"VTK012538";"Pandeiro Meia Lua Lilás Spanking";"BKR1";"ALVO_VALIDADO";"57.09";"57.1";"0.07005253940455342";"0.07";""
"MLB4880562889";"VTK012654";"Calculadora Mesa Visor 12 Dig. Verde Mv-4136 Elgin";"BKR1";"ALVO_VALIDADO";"57";"57.71";"0.07000519840582221";"0.07";""
"MLB7111664362";"VTK012518";"Painel Led 18w Lux Quadrado Embutir 6500k";"BKR1";"ALVO_VALIDADO";"54.6";"56.61";"0.07012895248189366";"0.07";""
"MLB7111652080";"VTK012008";"Cabo De Audio P2 P10 3 Metros P2ts 03 Wireconex";"BKR1";"ALVO_VALIDADO";"62";"62";"0.13790322580645162";"0.07";""
"MLB4894907999";"VTK016195";"6 Baterias Cr2032 Panasonic";"BKR1";"ALVO_VALIDADO";"75.57";"75.57";"0.23183803096466854";"0.07";""
"MLB4903793961";"VTK016155";"40 Pilhas Comum Aa Panasonic (10 Cart)";"BKR1";"ALVO_VALIDADO";"100.09";"100.09";"0.18723149165750821";"0.07";""
"MLB7111664066";"VTK001763";"Encordoamento Violão Aço .010-.050 85/15 Bronze EZ900-B D Addario Com Corda Extra PL010";"BKR1";"ALVO_VALIDADO";"57";"57.64";"0.07009021512838307";"0.07";""
"MLB4880580699";"VTK012307";"Palheta Java 2 P/sax Alto Sr262 Vandoren Un";"BKR1";"ALVO_VALIDADO";"59.81";"60.53";"0.07004791012720965";"0.07";""
"MLB7111709770";"VTK005074";"Encordoamento Para Guitarra .010 Solez SLG10";"BKR1";"ALVO_VALIDADO";"59";"61.14";"0.0700032711808963";"0.07";""
"MLB7111649130";"VTK003681";"Trava Para Correia Strap Lock S1 Custom Sound Preta";"BKR1";"ALVO_VALIDADO";"78.9";"78.9";"0.08871989860583016";"0.07";""
"MLB4880563851";"VTK001818";"Carregador de Pilhas AA/AAA/9V FXC03 Bivolt Flex";"BKR1";"ALVO_VALIDADO";"66.19";"66.21";"0.07008004833106782";"0.07";""
"MLB4880585645";"VTK012368";"Cabo De Audio P2 Xlr 3 Metros P2xlr 03 Wireconex";"BKR1";"ALVO_VALIDADO";"63.1";"63.1";"0.07004754358161648";"0.07";""
"MLB7111709738";"VTK012015";"Conector Xlr Femea Wc 1003 Fl Bk Ni 3p 5un Wireconex";"BKR1";"ALVO_VALIDADO";"85.79";"85.79";"0.19326261802074832";"0.07";""
"MLB7184619660";"VTK015975";"14 Pilhas Alcalinas Aa Panasonic (7 Cart)";"BKR1";"ALVO_VALIDADO";"74.09";"74.09";"0.21176946956404372";"0.07";""
"MLB7111709784";"VTK012262";"Palheta Tradicional 2 Para Sax Alto Sr212 Vandoren 01 Unidade";"BKR1";"ALVO_VALIDADO";"70.8";"70.8";"0.21144067796610172";"0.07";""
"MLB7184618616";"VTK016130";"4 Baterias Alcalinas 12v Panasonic Lrv08-1b";"BKR1";"ALVO_VALIDADO";"57.5";"57.5";"0.07913043478260869";"0.07";""
"MLB7111664056";"VTK002225";"Plug P10 Mono Metal Com Mola Espaçada PGPZ0025 Preto Storm - PCT / 10";"BKR1";"ALVO_VALIDADO";"52.31";"52.32";"0.07014525993883793";"0.07";""
"MLB7111651960";"VTK012426";"Pandeiro Meia Lua Laranja Spanking";"BKR1";"ALVO_VALIDADO";"57.09";"57.1";"0.07005253940455342";"0.07";""
"MLB7111709724";"VTK012654";"Calculadora Mesa Visor 12 Dig. Verde Mv-4136 Elgin";"BKR1";"ALVO_VALIDADO";"57";"57.71";"0.07000519840582221";"0.07";""
"MLB7111651970";"VTK012639";"Ferro De Solda 30w 127v Ms-130 A30";"BKR1";"ALVO_VALIDADO";"56";"57.17";"0.07014168270071715";"0.07";""
"MLB4903781749";"VTK015944";"10 Pilhas Comum D Panasonic (5 Cart)";"BKR1";"ALVO_VALIDADO";"74.51";"74.51";"0.23567306401825255";"0.07";""
"MLB7111709892";"VTK012151";"Cabo De áudio P2 Xlr 1,5 Metros P2xlr 1,5 Wireconex";"BKR1";"ALVO_VALIDADO";"56";"57.53";"0.07005040848253086";"0.07";""
"MLB7111711652";"VTK012135";"Cabo Para Microfone Emborrachado Xlr Xlr 1 Metro Mpbe-1 Wireconex";"BKR1";"ALVO_VALIDADO";"51";"54.18";"0.07013658176448874";"0.07";""
"MLB4786766983";"VTK009684";"Capa Protetora Para Guitarra Preta Thomaz";"VANRAL";"ALVO_VALIDADO";"56.18";"59.71";"0.07000502428403951";"0.07";""
"MLB7149327778";"VTK012157";"Cabo Extensão Fone De Ouvido Phc03 P10 1/4 Trs X P2 3,5 Wireconex";"BKR1";"ALVO_VALIDADO";"58";"59.42";"0.07001009761023225";"0.07";""
"MLB7111664224";"VTK012538";"Pandeiro Meia Lua Lilás Spanking";"BKR1";"ALVO_VALIDADO";"57.09";"57.1";"0.07005253940455342";"0.07";""
"MLB7111651824";"VTK012525";"Calculadora Mesa Visor 12 Dig. Branca Mv-4132 Elgin";"BKR1";"ALVO_VALIDADO";"57";"57.71";"0.07000519840582221";"0.07";""
"MLB7111709754";"VTK012017";"Conector Xlr Macho Wc 1013 Ml Bk Ni 3p Cabo Wireconex 05 Unidades";"BKR1";"ALVO_VALIDADO";"64.35";"64.36";"0.07007458048477315";"0.07";""
"MLB7111664376";"VTK000126";"Encordoamento Para Violão Aço .010 NPB560 NIG";"BKR1";"ALVO_VALIDADO";"55";"55.28";"0.07000723589001447";"0.07";""
"MLB7111651800";"VTK012368";"Cabo De Audio P2 Xlr 3 Metros P2xlr 03 Wireconex";"BKR1";"ALVO_VALIDADO";"63.1";"63.1";"0.07004754358161648";"0.07";""
"MLB7184618930";"VTK015958";"12 Pilhas Alcalinas Aaa Panasonic (3 Cart)";"BKR1";"ALVO_VALIDADO";"74.65";"74.65";"0.2349631614199598";"0.07";""
"MLB7111650940";"VTK012430";"Kit 10 Conectores P10 Mono Femea Painel Ts Wc 344 Wireconex";"BKR1";"ALVO_VALIDADO";"58.78";"58.78";"0.0700918679823069";"0.07";""
"MLB4880564035";"VTK012075";"Kit 10 Conectores P10 Mono Preto Wc 181 Wireconex";"BKR1";"ALVO_VALIDADO";"58.43";"60.18";"0.07012296444001329";"0.07";""
"MLB7149366656";"VTK012003";"Cabo Para Instrumentos P10 P10 3 Metros Guiem-03 Wireconex";"BKR1";"ALVO_VALIDADO";"54.5";"57.77";"0.07010559113726847";"0.07";""
"MLB7111708794";"VTK012157";"Cabo Extensão Fone De Ouvido Phc03 P10 1/4 Trs X P2 3,5 Wireconex";"BKR1";"ALVO_VALIDADO";"58";"59.42";"0.07001009761023225";"0.07";""
"MLB7111664044";"VTK003286";"Plug P10 Com Mola Mono Gold PGPZ0046 Storm - PCT / 10";"BKR1";"ALVO_VALIDADO";"59.17";"59.17";"0.0701368936961298";"0.07";""
"MLB4903771541";"VTK015942";"10 Pilhas Alcalinas Premium Aa Panasonic (5 Cart)";"BKR1";"ALVO_VALIDADO";"72.14";"72.14";"0.21153313002495147";"0.07";""
"MLB4772718139";"VTK009684";"Capa Protetora Para Guitarra Preta Thomaz";"VANRAL";"ALVO_VALIDADO";"56.18";"59.71";"0.07000502428403951";"0.07";""
"MLB4880591335";"VTK009705";"Pele Clear Transparente Para Bateria 18"" New York";"VANRAL";"ALVO_VALIDADO";"57";"59.62";"0.07011070110701106";"0.07";""
"MLB7149333200";"VTK012413";"Capotraste Para Guitarra E Violão Ct1 Aço Cromado";"BKR1";"ALVO_VALIDADO";"74";"78.49";"0.07007262071601478";"0.07";""
"MLB7111707076";"VTK003635";"Trava para Correia Strap Lock S1 Custom Sound Dourada";"BKR1";"ALVO_VALIDADO";"78.9";"78.9";"0.08871989860583016";"0.07";""
"MLB7111709774";"VTK012307";"Palheta Java 2 P/sax Alto Sr262 Vandoren Un";"BKR1";"ALVO_VALIDADO";"59.81";"60.53";"0.07004791012720965";"0.07";""
"MLB7111664084";"VTK012653";"Calculadora Mesa Visor 12 Dig. Azul Mv-4134 Elgin";"BKR1";"ALVO_VALIDADO";"57";"57.71";"0.07000519840582221";"0.07";""
"MLB7076364080";"VTK000018";"Encordoamento Para Contrabaixo 4 Cordas .040 Giannini GESBX G";"EVOLUSOM-PR";"ALVO_VALIDADO";"100.22";"101.83";"0.07001865854856133";"0.07";""
"MLB4880564505";"VTK012392";"Tarraxa P/violao 3 Mais 3 Pino Grosso Niquel Dolphin";"BKR1";"ALVO_VALIDADO";"74.9";"75.47";"0.07009407711673513";"0.07";""
"MLB4880582419";"VTK012296";"Correia Ex 04 Tweed Amarelo Basso";"BKR1";"ALVO_VALIDADO";"83.15";"83.16";"0.07010582010582012";"0.07";""
"MLB7149327846";"VTK012209";"Jogo De Cordas P/violão Solez Brass 80/20 0.010""/0.050"" Slab10";"BKR1";"ALVO_VALIDADO";"59";"61.66";"0.07006162828413884";"0.07";""
"MLB7111664264";"VTK001818";"Carregador de Pilhas AA/AAA/9V FXC03 Bivolt Flex";"BKR1";"ALVO_VALIDADO";"66.19";"66.21";"0.07008004833106782";"0.07";""
"MLB4903779667";"VTK015966";"12 Pilhas Alcalinas Premium Aaa Panasonic (3 Cart)";"BKR1";"ALVO_VALIDADO";"97.42";"97.42";"0.17244918907821802";"0.07";""
"MLB4880564099";"VTK001738";"Encordoamento Para Guitarra .010-.046 XL Nickel EXL110-B D Addario Extra PL010";"BKR1";"ALVO_VALIDADO";"61.27";"61.28";"0.0700065274151436";"0.07";""
"MLB7111663998";"VTK012075";"Kit 10 Conectores P10 Mono Preto Wc 181 Wireconex";"BKR1";"ALVO_VALIDADO";"58.43";"60.18";"0.07012296444001329";"0.07";""
"MLB4886661325";"VTK012449";"Condicionador P/ Escalas Pw-fbc D Addario";"BKR1";"ALVO_VALIDADO";"78.9";"78.9";"0.07807351077313054";"0.07";""
"MLB7111661764";"VTK012723";"Cabo P10 Prowire Em L Tweed Preto 4,57m Wireconex";"BKR1";"ALVO_VALIDADO";"73";"75.14";"0.07000266169816342";"0.07";""
"MLB7111651774";"VTK012738";"Cabo P10 Prowire Tweed Dourado/verde 3,05m Wireconex";"BKR1";"ALVO_VALIDADO";"57";"60.09";"0.07006157430520885";"0.07";""
"MLB4880564265";"VTK012193";"Pilha Zinco Aaa4 Rayovac Amarelinhas Tubo Com 40 Unidades";"BKR1";"ALVO_VALIDADO";"82.65";"82.66";"0.07004597144931043";"0.07";""
"MLB7111661750";"VTK012725";"Cabo P10 Prowire Em L Tweed Prata 4,57m Wireconex";"BKR1";"ALVO_VALIDADO";"75.27";"75.28";"0.07000531349628054";"0.07";""
"MLB7149328918";"VTK001541";"Encordoamento Para Violino Médio Série Arco Giannini GEAVVA";"EVOLUSOM-PR";"ALVO_VALIDADO";"51";"53.62";"0.0701230883998508";"0.07";""
"MLB4857631393";"VTK009705";"Pele Clear Transparente Para Bateria 18"" New York";"VANRAL";"ALVO_VALIDADO";"57";"59.62";"0.07011070110701106";"0.07";""
"MLB4880586103";"VTK012255";"Cabo Instrumentos P10 Tweed Wci-bk05 5 Metros Preto Wireconex";"BKR1";"ALVO_VALIDADO";"73.96";"77.38";"0.07004393900232618";"0.07";""
"MLB7111664026";"VTK012717";"Cabo P10 Prowire Tweed Prata 3,05m Wireconex";"BKR1";"ALVO_VALIDADO";"60.09";"60.09";"0.07006157430520885";"0.07";""
"MLB7111661598";"VTK012296";"Correia Ex 04 Tweed Amarelo Basso";"BKR1";"ALVO_VALIDADO";"83.15";"83.16";"0.07010582010582012";"0.07";""
"MLB7111662686";"VTK012704";"Correia Sf 127 Verde Militar Basso";"BKR1";"ALVO_VALIDADO";"70.59";"70.6";"0.07011331444759207";"0.07";""
"MLB7149327760";"VTK000086";"Suporte Fixo TV 32""- 65"" STPF66 Multivisão";"EVOLUSOM-PR";"ALVO_VALIDADO";"60.17";"60.18";"0.07012296444001329";"0.07";""
"MLB7111662740";"VTK001738";"Encordoamento Para Guitarra .010-.046 XL Nickel EXL110-B D Addario Extra PL010";"BKR1";"ALVO_VALIDADO";"61.27";"61.28";"0.0700065274151436";"0.07";""
"MLB7111649078";"VTK012413";"Capotraste Para Guitarra E Violão Ct1 Aço Cromado";"BKR1";"ALVO_VALIDADO";"74";"78.49";"0.07007262071601478";"0.07";""
"MLB7149327814";"VTK012393";"Cabo De áudio P2 P2 3 Metros P2p2 03 Wireconex";"BKR1";"ALVO_VALIDADO";"66";"66";"0.11984848484848486";"0.07";""
"MLB7149332768";"VTK012303";"Palheta Royal Tenor Rkb0120 D Addario";"BKR1";"ALVO_VALIDADO";"59";"63.04";"0.07011421319796954";"0.07";""
"MLB7111661634";"VTK012392";"Tarraxa P/violao 3 Mais 3 Pino Grosso Niquel Dolphin";"BKR1";"ALVO_VALIDADO";"74.9";"75.47";"0.07009407711673513";"0.07";""
"MLB7111661936";"VTK012193";"Pilha Zinco Aaa4 Rayovac Amarelinhas Tubo Com 40 Unidades";"BKR1";"ALVO_VALIDADO";"82.65";"82.66";"0.07004597144931043";"0.07";""
"MLB4903782243";"VTK016080";"24 Pilhas Comum Aaa Panasonic (6 Cart)";"BKR1";"ALVO_VALIDADO";"75.63";"75.63";"0.21182070606902023";"0.07";""
"MLB7111708632";"VTK012133";"Cabo Instrumentos P10 Tweed Wci-bk03 3 Metros Preto Wireconex";"BKR1";"ALVO_VALIDADO";"61.65";"61.65";"0.07007299270072993";"0.07";""
"MLB7111664004";"VTK012714";"Cabo P10 Prowire Tweed Preto 3,05m (10ft) Wireconex";"BKR1";"ALVO_VALIDADO";"66";"66";"0.1322727272727273";"0.07";""
"MLB7111651766";"VTK012085";"Pilha Alcalina Aaa Tubo Com 24 Unidades Elgin (82348)";"EVOLUSOM-PR";"ALVO_VALIDADO";"59.61";"59.62";"0.07011070110701106";"0.07";""
"MLB7079118774";"VTK000018";"Encordoamento Para Contrabaixo 4 Cordas .040 Giannini GESBX G";"EVOLUSOM-PR";"ALVO_VALIDADO";"100.22";"101.83";"0.07001865854856133";"0.07";""
"MLB7184713432";"VTK016049";"20 Pilhas Alcalinas Aa Panasonic (10 Cart)";"BKR1";"ALVO_VALIDADO";"109.73";"109.73";"0.190740909505149";"0.07";""
"MLB7184719138";"VTK015934";"10 Baterias Cr2025 Panasonic (2 Cart)";"BKR1";"ALVO_VALIDADO";"70.29";"70.29";"0.16986769099445154";"0.07";""
"MLB7111708318";"VTK012549";"Cabo Hdmi 1.4 Com Filtro 10m Storm";"BKR1";"ALVO_VALIDADO";"64.77";"64.78";"0.07008335906143871";"0.07";""
"MLB7111651752";"VTK012140";"Pilha Alcalina Aa Tubo Com 24 Unidades Elgin (82347)";"EVOLUSOM-PR";"ALVO_VALIDADO";"59.61";"59.62";"0.07011070110701106";"0.07";""
"MLB7111650372";"VTK012303";"Palheta Royal Tenor Rkb0120 D Addario";"BKR1";"ALVO_VALIDADO";"59";"63.04";"0.07011421319796954";"0.07";""
"MLB7111708684";"VTK012393";"Cabo De áudio P2 P2 3 Metros P2p2 03 Wireconex";"BKR1";"ALVO_VALIDADO";"66";"66";"0.11984848484848486";"0.07";""
"MLB7111708776";"VTK012190";"Cabo Instrumentos P10 Tweed Wci-sv 03 3 Metros Prata Wireconex";"BKR1";"ALVO_VALIDADO";"62.39";"62.39";"0.08911684564834108";"0.07";""
"MLB7111663188";"VTK012253";"Bateria Cr1632 Cartela Com 05 Unidades Panasonic";"BKR1";"ALVO_VALIDADO";"61.57";"61.57";"0.07000162416761409";"0.07";""
"MLB7111709734";"VTK012508";"Cabo Para Instrumentos Emborrachado P10 P10 3 Metros Guiems-03 Wireconex";"BKR1";"ALVO_VALIDADO";"57";"58.92";"0.07009504412763068";"0.07";""
"MLB7111649194";"VTK012255";"Cabo Instrumentos P10 Tweed Wci-bk05 5 Metros Preto Wireconex";"BKR1";"ALVO_VALIDADO";"73.96";"77.38";"0.07004393900232618";"0.07";""
"MLB7111651982";"VTK012003";"Cabo Para Instrumentos P10 P10 3 Metros Guiem-03 Wireconex";"BKR1";"ALVO_VALIDADO";"54.5";"57.77";"0.07010559113726847";"0.07";""
"MLB7111707436";"VTK012715";"Cabo P10 Prowire Tweed Preto 4,57m (15ft) Wireconex";"BKR1";"ALVO_VALIDADO";"68";"73.24";"0.07004369197160022";"0.07";""
"MLB7111708302";"VTK012209";"Jogo De Cordas P/violão Solez Brass 80/20 0.010""/0.050"" Slab10";"BKR1";"ALVO_VALIDADO";"59";"61.66";"0.07006162828413884";"0.07";""
"MLB7149327914";"VTK012312";"Palheta Royal Tenor Rkb0115 D Addario";"BKR1";"ALVO_VALIDADO";"59";"63.04";"0.07011421319796954";"0.07";""
"MLB7149328288";"VTK001725";"Encordoamento Guitarra .011-.049 XL Nickel EXL115-B D Addario Com Corda Extra PL011";"BKR1";"ALVO_VALIDADO";"78.9";"87.47";"0.07008117068709271";"0.07";""
"MLB7111662560";"VTK012194";"Jogo De Cordas P/violão Solez Brass 80/20 0.011""/0.052"" Slab11";"BKR1";"ALVO_VALIDADO";"62";"64";"0.07";"0.07";""
"MLB7111661794";"VTK001809";"Cabo VGA HDB15M x HDB15M 10 MT Preto Com Filtro Storm";"BKR1";"ALVO_VALIDADO";"85.07";"85.08";"0.07005171603196991";"0.07";""
"MLB7111663174";"VTK001541";"Encordoamento Para Violino Médio Série Arco Giannini GEAVVA";"EVOLUSOM-PR";"ALVO_VALIDADO";"51";"53.62";"0.0701230883998508";"0.07";""
"MLB7111661664";"VTK012449";"Condicionador P/ Escalas Pw-fbc D Addario";"BKR1";"ALVO_VALIDADO";"78.9";"78.9";"0.07807351077313054";"0.07";""
"MLB4880563055";"VTK012498";"Calculadora De Mesa 12 Digitos Cor Rosa Mv-4130 Elgin";"BKR1";"ALVO_VALIDADO";"59";"63.04";"0.07011421319796954";"0.07";""
"MLB7111708294";"VTK005799";"Cabo Display Port 1.4v 3m Storm";"BKR1";"ALVO_VALIDADO";"61.1";"61.1";"0.07004909983633388";"0.07";""
"MLB7111661784";"VTK012202";"Cabo Para Microfone Desbalanceado Xlr P10 5 Metros Mcd-05 Kng Wireconex";"BKR1";"ALVO_VALIDADO";"74.85";"74.85";"0.07000668002672011";"0.07";""
"MLB7111708522";"VTK012722";"Cabo P10 Prowire Em L Tweed Preto 3,05m Wireconex";"BKR1";"ALVO_VALIDADO";"62.3";"62.31";"0.0701332049430268";"0.07";""
"MLB7149333170";"VTK012309";"Bateria Recarregável 9v Elgin Cartela Com 01 Unidade";"EVOLUSOM-PR";"ALVO_VALIDADO";"46.31";"46.32";"0.07016407599309153";"0.07";""
"MLB7111709552";"VTK000086";"Suporte Fixo TV 32""- 65"" STPF66 Multivisão";"EVOLUSOM-PR";"ALVO_VALIDADO";"60.17";"60.18";"0.07012296444001329";"0.07";""
"MLB7111708240";"VTK012498";"Calculadora De Mesa 12 Digitos Cor Rosa Mv-4130 Elgin";"BKR1";"ALVO_VALIDADO";"59";"63.04";"0.07011421319796954";"0.07";""
"MLB4903792585";"VTK015996";"16 Pilhas Alcalinas Aaa Panasonic (8 Cart)";"BKR1";"ALVO_VALIDADO";"114.63";"114.63";"0.21189915379917998";"0.07";""
"MLB7184713212";"VTK016158";"40 Pilhas Comum Aaa Panasonic (5 Cart)";"BKR1";"ALVO_VALIDADO";"103.83";"103.83";"0.1597804102860445";"0.07";""
"MLB7111661804";"VTK003675";"Plug P10 Mono 90º Metal Ponta Gold Storm - PCT / 10";"BKR1";"ALVO_VALIDADO";"89.5";"89.5";"0.12793296089385475";"0.07";""
"MLB7111651722";"VTK012110";"Cabos Para Instrumentos P10 P10 5 Metros Gte-05 Kng Wireconex";"BKR1";"ALVO_VALIDADO";"66";"66";"0.13333333333333333";"0.07";""
"MLB4880582379";"VTK002473";"Pilha Zinco 1,5V AAA R03UAL/4S40 (C/40 Pilhas) Panasonic - TUB / 40";"BKR1";"ALVO_VALIDADO";"83.43";"83.44";"0.07011025886864813";"0.07";""
"MLB7111706900";"VTK001725";"Encordoamento Guitarra .011-.049 XL Nickel EXL115-B D Addario Com Corda Extra PL011";"BKR1";"ALVO_VALIDADO";"78.9";"87.47";"0.07008117068709271";"0.07";""
"MLB4880585951";"VTK012367";"Cabo Para Instrumentos Emborrachado P10 P10 5 Metros Guiems-05 Wireconex";"BKR1";"ALVO_VALIDADO";"70.7";"75.65";"0.07005948446794448";"0.07";""
"MLB4903770465";"VTK015981";"14 Pilhas Comum D Panasonic (7 Cart)";"BKR1";"ALVO_VALIDADO";"96.93";"96.93";"0.17352728773341586";"0.07";""
"MLB7169863248";"VTK015989";"15 Baterias Cr2016 Panasonic (3 Cart)";"BKR1";"ALVO_VALIDADO";"106.19";"106.19";"0.15547603352481404";"0.07";""
"MLB4880564363";"VTK012004";"Cabo Para Instrumentos P10 P10 05 Metros Guiem-05 Wireconex";"BKR1";"ALVO_VALIDADO";"74.25";"74.25";"0.07003367003367003";"0.07";""
"MLB7111661572";"VTK012588";"óleo De Limão Para Escalas F65 Dunlop";"BKR1";"ALVO_VALIDADO";"78.9";"78.9";"0.09822560202788339";"0.07";""
"MLB4898611575";"VTK012253";"Bateria Cr1632 Cartela Com 05 Unidades Panasonic";"BKR1";"ALVO_VALIDADO";"61.57";"61.57";"0.07000162416761409";"0.07";""
"MLB4880586031";"VTK012788";"Correia Ex 01 Preto Basso";"BKR1";"ALVO_VALIDADO";"84.8";"84.81";"0.07003891050583658";"0.07";""
"MLB7111649344";"VTK012367";"Cabo Para Instrumentos Emborrachado P10 P10 5 Metros Guiems-05 Wireconex";"BKR1";"ALVO_VALIDADO";"70.7";"75.65";"0.07005948446794448";"0.07";""
"MLB7111708204";"VTK012312";"Palheta Royal Tenor Rkb0115 D Addario";"BKR1";"ALVO_VALIDADO";"59";"63.04";"0.07011421319796954";"0.07";""
"MLB4786789493";"VTK009667";"Estante Para Partitura Dobrável S1 New York";"VANRAL";"ALVO_VALIDADO";"61";"63.88";"0.07013149655604259";"0.07";""
"MLB7149333332";"VTK012172";"Cordas Para Violão Aço D Addario Bronze 80/20 Ej13-b+pl011 011"" 052"" Corda Extra Pl010";"BKR1";"ALVO_VALIDADO";"78.9";"88.02";"0.07009770506703022";"0.07";""
"MLB7149329432";"VTK012493";"Correia Qs 04 Preto Basso";"BKR1";"ALVO_VALIDADO";"89.44";"89.44";"0.12813059033989269";"0.07";""
"MLB7111649308";"VTK012229";"Cabo Instrumentos P10 Tweedwci-sv 05 Wci-sv 5 Metros Prata Wireconex";"BKR1";"ALVO_VALIDADO";"79";"84.56";"0.07000946073793755";"0.07";""
"MLB6957769978";"VTK009667";"Estante Para Partitura Dobrável S1 New York";"VANRAL";"ALVO_VALIDADO";"61";"63.88";"0.07013149655604259";"0.07";""
"MLB7149333140";"VTK012566";"Cabos Para Instrumentos Gte-10 10 Metros Wireconex";"BKR1";"ALVO_VALIDADO";"90.57";"90.57";"0.07011151595451033";"0.07";""
"MLB7111649116";"VTK012309";"Bateria Recarregável 9v Elgin Cartela Com 01 Unidade";"EVOLUSOM-PR";"ALVO_VALIDADO";"46.31";"46.32";"0.07016407599309153";"0.07";""
"MLB4880564247";"VTK012058";"Suporte Para Violao Guitarra E Baixo Bk-si42";"BKR1";"ALVO_VALIDADO";"75";"75";"0.09359999999999999";"0.07";""
"MLB7111707118";"VTK012323";"Conector P10 Mono Nickel Wc153 10 Un Wireconex";"BKR1";"ALVO_VALIDADO";"83.59";"83.61";"0.07008731013036719";"0.07";""
"MLB7111708216";"VTK012124";"Kit 10 Conectores P10 Mono Cachimbo Wc 167 Wireconex";"BKR1";"ALVO_VALIDADO";"86.77";"86.77";"0.1423302984902616";"0.07";""
"MLB7111662638";"VTK012234";"Conector De Ac-in Painel Wc 1823 4un Azul Wireconex";"BKR1";"ALVO_VALIDADO";"82.2";"82.21";"0.07006446904269553";"0.07";""
"MLB7184712668";"VTK016136";"4 Pilhas Alcalinas D Panasonic (2  Cart)";"BKR1";"ALVO_VALIDADO";"101.79";"101.79";"0.16367030160133608";"0.07";""
"MLB7111648902";"VTK012172";"Cordas Para Violão Aço D Addario Bronze 80/20 Ej13-b+pl011 011"" 052"" Corda Extra Pl010";"BKR1";"ALVO_VALIDADO";"78.9";"88.02";"0.07009770506703022";"0.07";""
"MLB7111707196";"VTK012602";"Conector Xlr Painel Cromado Mxt 10 Unidades";"BKR1";"ALVO_VALIDADO";"78.9";"78.9";"0.0868187579214195";"0.07";""
"MLB7149328138";"VTK012289";"Cabo Instrumentos P10 Tweed Wci-gg 05 5 Metros Dourado Wireconex";"BKR1";"ALVO_VALIDADO";"70.05";"75.21";"0.07007046935247972";"0.07";""
"MLB7111661812";"VTK002473";"Pilha Zinco 1,5V AAA R03UAL/4S40 (C/40 Pilhas) Panasonic - TUB / 40";"BKR1";"ALVO_VALIDADO";"83.43";"83.44";"0.07011025886864813";"0.07";""
"MLB7111661958";"VTK012058";"Suporte Para Violao Guitarra E Baixo Bk-si42";"BKR1";"ALVO_VALIDADO";"75";"75";"0.09359999999999999";"0.07";""
"MLB7111708226";"VTK012510";"Conector De Ac-out Painel Wc 1833 Out P Gy Pgy Azul Wireconex 04 Unidades";"BKR1";"ALVO_VALIDADO";"79";"82.21";"0.07006446904269553";"0.07";""
"MLB7111661840";"VTK012004";"Cabo Para Instrumentos P10 P10 05 Metros Guiem-05 Wireconex";"BKR1";"ALVO_VALIDADO";"74.25";"74.25";"0.07003367003367003";"0.07";""
"MLB4880581029";"VTK012347";"Lanterna Media Recarregável Led 1,0w 500mah Elgin";"BKR1";"ALVO_VALIDADO";"64.4";"64.41";"0.07002018320136624";"0.07";""
"MLB7184716282";"VTK016116";"32 Pilhas Comum Aaa Panasonic (8 Cart)";"BKR1";"ALVO_VALIDADO";"90.82";"90.82";"0.11164941642809956";"0.07";""
"MLB7111661564";"VTK000250";"Pilha Zinco 1,5V AA UM-3SH936 (C/52 Pilhas) Panasonic - TUB / 52";"BKR1";"ALVO_VALIDADO";"98.96";"98.96";"0.15652789005658854";"0.07";""
"MLB7111649230";"VTK012788";"Correia Ex 01 Preto Basso";"BKR1";"ALVO_VALIDADO";"84.8";"84.81";"0.07003891050583658";"0.07";""
"MLB4880564117";"VTK004050";"Encordoamento Para Violão Aço .010 Solez SLAPB10 Bronze";"BKR1";"ALVO_VALIDADO";"64";"66.03";"0.07011964258670302";"0.07";""
"MLB7111707314";"VTK012289";"Cabo Instrumentos P10 Tweed Wci-gg 05 5 Metros Dourado Wireconex";"BKR1";"ALVO_VALIDADO";"70.05";"75.21";"0.07007046935247972";"0.07";""
"MLB7111708152";"VTK012347";"Lanterna Media Recarregável Led 1,0w 500mah Elgin";"BKR1";"ALVO_VALIDADO";"64.4";"64.41";"0.07002018320136624";"0.07";""
"MLB7111661588";"VTK012493";"Correia Qs 04 Preto Basso";"BKR1";"ALVO_VALIDADO";"89.44";"89.44";"0.12813059033989269";"0.07";""
"MLB7111649152";"VTK012566";"Cabos Para Instrumentos Gte-10 10 Metros Wireconex";"BKR1";"ALVO_VALIDADO";"90.57";"90.57";"0.07011151595451033";"0.07";""
"MLB7111662090";"VTK004050";"Encordoamento Para Violão Aço .010 Solez SLAPB10 Bronze";"BKR1";"ALVO_VALIDADO";"64";"66.03";"0.07011964258670302";"0.07";""
"MLB7111648940";"VTK012329";"Capotraste Para Violão De Nylon Ctn1-gd Dourado";"BKR1";"ALVO_VALIDADO";"78.9";"86.88";"0.07009668508287294";"0.07";""
"MLB7111708162";"VTK012720";"Cabo P10 Prowire Em L Tweed Prata/verde 3,05m Wireconex";"BKR1";"ALVO_VALIDADO";"65.11";"65.11";"0.07003532483489479";"0.07";""
"MLB7111662596";"VTK012727";"Cabo P10 Prowire Em L Tweed Lilás 3,05m Wireconex";"BKR1";"ALVO_VALIDADO";"65.11";"65.11";"0.07003532483489479";"0.07";""
"MLB4903773453";"VTK016135";"4 Pilhas Alcalinas C Panasonic (2  Cart)";"BKR1";"ALVO_VALIDADO";"88.63";"88.63";"0.19282410019180865";"0.07";""
"MLB7111661546";"VTK000735";"Cabo Adaptador 3.0 USB-C Para HDMI Flex";"BKR1";"ALVO_VALIDADO";"78.9";"78.9";"0.07541191381495564";"0.07";""
"MLB7111649726";"VTK000140";"Óleo Limão Para Limpeza de Escala Planet Waves PW-LMN 59ml";"BKR1";"ALVO_VALIDADO";"64";"65.84";"0.07001822600243013";"0.07";""
"MLB7111662524";"VTK000366";"Divisor HDMI 1 Entrada X 2 Saídas Preto Storm";"EVOLUSOM-PR";"ALVO_VALIDADO";"67.84";"67.84";"0.07001768867924528";"0.07";""
"MLB4903773179";"VTK016092";"3 Baterias Alcalinas 9v Panasonic";"BKR1";"ALVO_VALIDADO";"89.05";"89.05";"0.19169006176305448";"0.07";""
"MLB7111662208";"VTK012741";"Cabo P10 Prowire Em L Tweed Prata/verde 3,05m Wireconex";"BKR1";"ALVO_VALIDADO";"65";"67.24";"0.07004759071980964";"0.07";""
"MLB7111662380";"VTK012201";"Cabos Para Instrumentos Com Cachimbo P10 P10 5 Metros Gtc-05 Kng Wireconex";"BKR1";"ALVO_VALIDADO";"65";"66.95";"0.07005227781926811";"0.07";""
"MLB7111649168";"VTK001084";"Conector Speakon de Linha Macho 4 Pólos PGSP0003 Preto/Vermelho Storm - PCT / 10";"BKR1";"ALVO_VALIDADO";"88.35";"88.36";"0.07005432322317791";"0.07";""
"MLB4903783145";"VTK015970";"12 Pilhas Comum D Panasonic (6 Cart)";"BKR1";"ALVO_VALIDADO";"89.79";"89.79";"0.18988751531350928";"0.07";""
"MLB4903793427";"VTK016007";"16 Pilhas Comum D Panasonic (8 Cart)";"BKR1";"ALVO_VALIDADO";"94.15";"94.15";"0.08794476898566117";"0.07";""
"MLB4898641383";"VTK012416";"Palheta Java 2 Para Sax Tenor Sr272 Vandoren 01 Unidade";"BKR1";"ALVO_VALIDADO";"105.54";"105.54";"0.13852567746825847";"0.07";""
"MLB7111662000";"VTK012416";"Palheta Java 2 Para Sax Tenor Sr272 Vandoren 01 Unidade";"BKR1";"ALVO_VALIDADO";"105.54";"105.54";"0.13852567746825847";"0.07";""
"MLB7111649888";"VTK012750";"Cabo P10 Prowire Em L Tweed Branco/lilás 3,05m Wireconex";"BKR1";"ALVO_VALIDADO";"65";"67.24";"0.07004759071980964";"0.07";""
"MLB4903775511";"VTK015962";"12 Pilhas Alcalinas Premium Aa Panasonic (2 Cart)";"BKR1";"ALVO_VALIDADO";"88.6";"88.6";"0.19288939051918738";"0.07";""
"MLB7111649100";"VTK012731";"Cabo P10 Prowire Em L Tweed Preto/lilás 4,57m Wireconex";"BKR1";"ALVO_VALIDADO";"78.9";"86.08";"0.0700511152416357";"0.07";""
"MLB4903780825";"VTK016193";"6 Baterias Alcalinas 12v Panasonic Lrv08-1b";"BKR1";"ALVO_VALIDADO";"87.54";"87.64";"0.0700593336376084";"0.07";""
"MLB7149332814";"VTK004070";"Encordoamento Violão Aço Soleza SLAPB11 011 Phosphor Bronze";"BKR1";"ALVO_VALIDADO";"65";"68.27";"0.07001611249450711";"0.07";""
"MLB7149367448";"VTK012437";"Capotraste Para Guitarra / Violão Ct1 Aço Preto";"BKR1";"ALVO_VALIDADO";"78.9";"87.99";"0.0700079554494829";"0.07";""
"MLB7111649674";"VTK004070";"Encordoamento Violão Aço Soleza SLAPB11 011 Phosphor Bronze";"BKR1";"ALVO_VALIDADO";"65";"68.27";"0.07001611249450711";"0.07";""
"MLB7111661482";"VTK012721";"Cabo P10 Prowire Tweed Dourado/verde 4,57m Wireconex";"BKR1";"ALVO_VALIDADO";"78.9";"87.34";"0.07007098694756125";"0.07";""
"MLB7111661376";"VTK012627";"Ferro De Passar Facile 127v Agratto";"BKR1";"ALVO_VALIDADO";"73.96";"87.44";"0.07010521500457456";"0.07";""
"MLB7111649036";"VTK012437";"Capotraste Para Guitarra / Violão Ct1 Aço Preto";"BKR1";"ALVO_VALIDADO";"78.9";"87.99";"0.0700079554494829";"0.07";""
"MLB4903767959";"VTK015963";"12 Pilhas Alcalinas Premium Aa Panasonic (3 Cart)";"BKR1";"ALVO_VALIDADO";"92.38";"92.38";"0.1836977700801039";"0.07";""
"MLB7111661350";"VTK012748";"Cabo P10 Prowire Em L Tweed Preto/prata 4,57m Wireconex";"BKR1";"ALVO_VALIDADO";"78.9";"88.22";"0.07005214237134437";"0.07";""
"MLB7111661280";"VTK003124";"Plug P10 Mono Metal 17mm com Ponta Gold PGPZ0037 Storm - PCT / 10";"BKR1";"ALVO_VALIDADO";"86.62";"86.63";"0.0700681057370426";"0.07";""
"MLB7111661140";"VTK012642";"Plug Rca Macho Nickel Azul 10 Un Wireconex";"BKR1";"ALVO_VALIDADO";"89";"93.37";"0.07004391132055264";"0.07";""
"MLB4877415237";"VTK012243";"Cabo Flat Para Pedal Emborrachado 3 Polegadas Wireconex";"BKR1";"ALVO_VALIDADO";"78.9";"91.83";"0.07002069040618535";"0.07";""
"MLB7111650240";"VTK002090";"Suporte Articulado Para TV 14""-56"" Multivisão STPA550";"BKR1";"ALVO_VALIDADO";"90.44";"90.45";"0.0700939745715865";"0.07";""
"MLB7111648892";"VTK012682";"Correia Nm Branco Nota Musical Preto Basso";"BKR1";"ALVO_VALIDADO";"102.96";"102.96";"0.07983682983682985";"0.07";""
"MLB7111649682";"VTK002262";"Plug XLR Canon Fêmea JCCN0013 Preto Storm - PCT / 10";"BKR1";"ALVO_VALIDADO";"65.09";"65.09";"0.07005684436933476";"0.07";""
"MLB7184715880";"VTK016090";"28 Pilhas Comum Aaa Panasonic (7 Cart)";"BKR1";"ALVO_VALIDADO";"85.89";"85.89";"0.14728140645011062";"0.07";""
"MLB7111706968";"VTK012070";"Conector P10 Ts Wc1132 10 Un Wireconex";"BKR1";"ALVO_VALIDADO";"78.9";"89.05";"0.07007299270072993";"0.07";""
"MLB4880585913";"VTK012647";"Capa Cavaco Luxo - Nylon 600";"BKR1";"ALVO_VALIDADO";"67";"69.19";"0.07009683480271715";"0.07";""
"MLB7111649436";"VTK012056";"Cabo Extensão Fone De Ouvido Phc05 P10 1/4 Trs X P2 3,5 Wireconex";"BKR1";"ALVO_VALIDADO";"78.9";"78.9";"0.12724968314321924";"0.07";""
"MLB4857530991";"VTK002336";"Conector F Tipo Barril Para Crimpar RG59 CONF0006 Níquel Storm - PCT / 100";"BKR1";"ALVO_VALIDADO";"116.68";"116.69";"0.07001456851486845";"0.07";""
"MLB7111649642";"VTK012647";"Capa Cavaco Luxo - Nylon 600";"BKR1";"ALVO_VALIDADO";"67";"69.19";"0.07009683480271715";"0.07";""
"MLB4880564203";"VTK003616";"Cabo HDMI 4K C/ Filtro 10m CBHM0022 Preto STORM";"BKR1";"ALVO_VALIDADO";"89.62";"89.62";"0.1366882392323142";"0.07";""
"MLB4882855415";"VTK012428";"Correia Vt L 01 Preto Basso";"BKR1";"ALVO_VALIDADO";"70.26";"70.26";"0.07002561912894961";"0.07";""
"MLB7149406994";"VTK012468";"Baqueta Nova 7a Ponta De Madeira N7a Vic Firth";"BKR1";"ALVO_VALIDADO";"99";"106.61";"0.07006847387674701";"0.07";""
"MLB7111649338";"VTK012565";"Palheta Big Stubby 2mm Pct C/6 475r2.0 Dunlop (1842)";"BKR1";"ALVO_VALIDADO";"72";"74";"0.06999999999999999";"0.07";""
"MLB7184742944";"VTK015990";"15 Baterias Cr2025 Panasonic (3 Cart)";"BKR1";"ALVO_VALIDADO";"109.52";"109.52";"0.14983564645726807";"0.07";""
"MLB7111649590";"VTK012441";"Correia Vt L 02 Marrom Basso";"BKR1";"ALVO_VALIDADO";"79.14";"79.14";"0.07000252716704575";"0.07";""
"MLB7184715464";"VTK016129";"36 Pilhas Comum Aaa Panasonic (9 Cart)";"BKR1";"ALVO_VALIDADO";"120";"120";"0.19466666666666665";"0.07";""
"MLB7111661890";"VTK002230";"Cabo P2 Estéreo x J2 Estéreo 5m CBPD0015 Preto Storm - PCT / 10";"BKR1";"ALVO_VALIDADO";"82.28";"82.3";"0.07010935601458079";"0.07";""
"MLB4880582223";"VTK012439";"Suporte Para Violino Articulável Em Metal Custom Sound Csis1";"BKR1";"ALVO_VALIDADO";"69";"71.95";"0.07004864489228631";"0.07";""
"MLB7111649586";"VTK012428";"Correia Vt L 01 Preto Basso";"BKR1";"ALVO_VALIDADO";"70.26";"70.26";"0.07002561912894961";"0.07";""
"MLB7111661980";"VTK003616";"Cabo HDMI 4K C/ Filtro 10m CBHM0022 Preto STORM";"BKR1";"ALVO_VALIDADO";"89.62";"89.62";"0.1366882392323142";"0.07";""
"MLB7111649158";"VTK012609";"Tarraxa P/violao 3 Mais 3 Pino Fino Tradicional Cromada Dolphin";"BKR1";"ALVO_VALIDADO";"74.9";"77.11";"0.07002982751912852";"0.07";""
"MLB7111649268";"VTK012465";"Painel Led 24w Lux Quadrado Embutir 6500k";"BKR1";"ALVO_VALIDADO";"78.9";"78.9";"0.08339670468948035";"0.07";""
"MLB7184739130";"VTK016015";"18 Pilhas Alcalinas Aaa Panasonic (9 Cart)";"BKR1";"ALVO_VALIDADO";"125.75";"125.75";"0.1965009940357853";"0.07";""
"MLB7111661982";"VTK012409";"Capa Ukulele Concert Luxo - Nylon 600";"BKR1";"ALVO_VALIDADO";"68";"70.69";"0.07002404866317725";"0.07";""
"MLB7184716150";"VTK015999";"16 Pilhas Alcalinas Premium Aa Panasonic (4 Cart)";"BKR1";"ALVO_VALIDADO";"110.6";"110.6";"0.1480108499095841";"0.07";""
"MLB4903769333";"VTK016013";"18 Pilhas Alcalinas Aa Panasonic (9 Cart)";"BKR1";"ALVO_VALIDADO";"99.52";"99.52";"0.21111334405144697";"0.07";""
"MLB4903794349";"VTK016052";"20 Pilhas Alcalinas Aaa Panasonic (5 Cart)";"BKR1";"ALVO_VALIDADO";"110.93";"110.93";"0.14748039304065624";"0.07";""
"MLB4880581115";"VTK012693";"Cabo Guitar Emborrachado Guiemc-05 05 Metros Wireconex";"BKR1";"ALVO_VALIDADO";"69";"72.87";"0.07012487992315082";"0.07";""
"MLB7111661874";"VTK012439";"Suporte Para Violino Articulável Em Metal Custom Sound Csis1";"BKR1";"ALVO_VALIDADO";"69";"71.95";"0.07004864489228631";"0.07";""
"MLB7111661964";"VTK012013";"Conector P10 1/4 Ts Metal Nickel Com Mola Wc 244/ts Wireconex 10 Unidades";"BKR1";"ALVO_VALIDADO";"69";"72.87";"0.07012487992315082";"0.07";""
"MLB7169880942";"VTK015929";"10 Baterias CR1220 Panasonic (02 cartelas)";"BKR1";"ALVO_VALIDADO";"104.75";"104.75";"0.158090692124105";"0.07";""
"MLB7169881066";"VTK015930";"10 Baterias CR1616 Panasonic (02 cartelas)";"BKR1";"ALVO_VALIDADO";"104.75";"104.75";"0.158090692124105";"0.07";""
"MLB7086773274";"VTK000302";"Encordoamento para Violão Aço .010 Extra Leve Earthwood 2006 Erniel Ball";"BKR1";"ALVO_VALIDADO";"116";"116";"0.13956896551724138";"0.07";""
"MLB7111661922";"VTK012224";"Cabo Para Instrumentos Têxtil P10 P10 3 Metros Guitx-03 Wireconex";"BKR1";"ALVO_VALIDADO";"69";"72.87";"0.07012487992315082";"0.07";""
"MLB7111661676";"VTK002209";"Chave Gangorra 6A/250VAC 3 Terminais ON/OFF Vermelha CHVS0011 Storm - PCT / 25";"BKR1";"ALVO_VALIDADO";"85.43";"85.44";"0.07010767790262172";"0.07";""
"MLB7111661928";"VTK012438";"Cabos Para Instrumentos P10 P10 7 Metros Gte-07 Kng Wireconex";"BKR1";"ALVO_VALIDADO";"82.06";"82.07";"0.07006214207383941";"0.07";""
"MLB4880563241";"VTK012166";"Cabo Para Microfone Balanceado Xlr Xlr 5 Metros Mcb-05 Kng Wireconex";"BKR1";"ALVO_VALIDADO";"69";"72.87";"0.07012487992315082";"0.07";""
"MLB7111707514";"VTK012693";"Cabo Guitar Emborrachado Guiemc-05 05 Metros Wireconex";"BKR1";"ALVO_VALIDADO";"69";"72.87";"0.07012487992315082";"0.07";""
"MLB4857486009";"VTK003207";"Pilha Recarregável 1,2V AA 2000mAh Eneloop (C/2 Pilhas) Panasonic - CAR / 2";"BKR1";"ALVO_VALIDADO";"115.96";"115.96";"0.13961710934805108";"0.07";""
"MLB4903788593";"VTK015967";"12 Pilhas Alcalinas Premium Aaa Panasonic (6 Cart)";"BKR1";"ALVO_VALIDADO";"91.05";"91.05";"0.1512355848434926";"0.07";""
"MLB7184715666";"VTK016000";"16 Pilhas Alcalinas Premium Aa Panasonic (8 Cart)";"BKR1";"ALVO_VALIDADO";"118.91";"118.91";"0.2120931797157514";"0.07";""
"MLB7111707166";"VTK012515";"Correia Qs 06 Marrom Basso";"BKR1";"ALVO_VALIDADO";"81.1";"81.11";"0.07002835655282949";"0.07";""
"MLB4880564317";"VTK012398";"Cabo De Microfone Pro Balanceado Emborrachado Mpbe-03 3 Metros Wireconex";"BKR1";"ALVO_VALIDADO";"79";"81.52";"0.0700441609421001";"0.07";""
"MLB4903788339";"VTK015995";"16 Pilhas Alcalinas Aaa Panasonic (4 Cart)";"BKR1";"ALVO_VALIDADO";"93.72";"93.72";"0.180644472897994";"0.07";""
"MLB7111649510";"VTK012718";"Cabo P10 Prowire Tweed Prata 4,57m Wireconex";"BKR1";"ALVO_VALIDADO";"73.23";"73.24";"0.07004369197160022";"0.07";""
"MLB7184738624";"VTK016214";"7 Baterias Alcalinas 12v Panasonic Lrv08-1b";"BKR1";"ALVO_VALIDADO";"95.46";"98.84";"0.07001214083367058";"0.07";""
"MLB7111707484";"VTK012166";"Cabo Para Microfone Balanceado Xlr Xlr 5 Metros Mcb-05 Kng Wireconex";"BKR1";"ALVO_VALIDADO";"69";"72.87";"0.07012487992315082";"0.07";""
"MLB7149367142";"VTK012811";"Correia Ex 03 Tweed Preto E Branco Basso";"BKR1";"ALVO_VALIDADO";"81.1";"81.11";"0.07002835655282949";"0.07";""
"MLB4903790655";"VTK016014";"18 Pilhas Alcalinas Aaa Panasonic (3 Cart)";"BKR1";"ALVO_VALIDADO";"90.35";"90.44";"0.07010172490048651";"0.07";""
"MLB7111707350";"VTK002189";"Conector Speakon de Linha Macho 4 Pólos PGSP0002 Preto/Azul Storm - PCT / 10";"BKR1";"ALVO_VALIDADO";"62.21";"62.22";"0.070073931211829";"0.07";""
"MLB4903769547";"VTK015976";"14 Pilhas Alcalinas Aaa Panasonic (7 Cart)";"BKR1";"ALVO_VALIDADO";"99.93";"99.93";"0.2111478034624237";"0.07";""
"MLB4903787945";"VTK015965";"12 Pilhas Alcalinas Premium Aaa Panasonic (2 Cart)";"BKR1";"ALVO_VALIDADO";"93.4";"93.4";"0.18126338329764452";"0.07";""
"MLB4837725139";"VTK000302";"Encordoamento para Violão Aço .010 Extra Leve Earthwood 2006 Erniel Ball";"BKR1";"ALVO_VALIDADO";"116";"116";"0.13956896551724138";"0.07";""
"MLB7169883242";"VTK015928";"10 Baterias CR 2032 Panasonic (10 Cartelas)";"BKR1";"ALVO_VALIDADO";"113.52";"113.52";"0.1434108527131783";"0.07";""
"MLB7111649520";"VTK012739";"Cabo P10 Prowire Tweed Dourado/verde 4,57m Wireconex";"BKR1";"ALVO_VALIDADO";"73.23";"73.24";"0.07004369197160022";"0.07";""
"MLB4880632435";"VTK012591";"Correia Cla 02 Suede Azul Basso";"BKR1";"ALVO_VALIDADO";"97";"97";"0.08010309278350515";"0.07";""
"MLB7111649260";"VTK012811";"Correia Ex 03 Tweed Preto E Branco Basso";"BKR1";"ALVO_VALIDADO";"81.1";"81.11";"0.07002835655282949";"0.07";""
"MLB4880563289";"VTK012292";"Cabo Para Microfone Emborrachado P10 Xlr 5 Metros Wireconex";"BKR1";"ALVO_VALIDADO";"79";"81.56";"0.07000980872976949";"0.07";""
"MLB7184740736";"VTK016019";"18 Pilhas Alcalinas Premium Aa Panasonic (9 Cart)";"BKR1";"ALVO_VALIDADO";"130.57";"130.57";"0.19721222332848282";"0.07";""
"MLB7184739728";"VTK016157";"40 Pilhas Comum Aaa Panasonic (10 Cart)";"BKR1";"ALVO_VALIDADO";"130.27";"130.27";"0.19643816688416366";"0.07";""
"MLB7087435606";"VTK004225";"Amplificador Booster UHF HDTV Digital 40dB Bivolt Proeletronic";"EVOLUSOM-PR";"ALVO_VALIDADO";"75";"86.94";"0.07004830917874397";"0.07";""
"MLB7184752634";"VTK015991";"15 Baterias Cr2032 Panasonic (3 Cart)";"BKR1";"ALVO_VALIDADO";"84.85";"86.92";"0.07006442705936493";"0.07";""
"MLB7111645126";"VTK012380";"Palheta Plasticover Ten Rrptsx150 Un";"BKR1";"ALVO_VALIDADO";"102";"105.34";"0.07005885703436492";"0.07";""
"MLB4857542615";"VTK012041";"Conector Xlr Femea Wc 1023 Fp Bk Ni 3p Painel Wireconex 10 Unidades";"BKR1";"ALVO_VALIDADO";"111.76";"111.77";"0.07005457636217233";"0.07";""
"MLB7111649086";"VTK012728";"Cabo P10 Prowire Em L Tweed Branco/lilás 4,57m Wireconex";"BKR1";"ALVO_VALIDADO";"78.9";"87.34";"0.07007098694756125";"0.07";""
"MLB4841970055";"VTK000385";"Divisor HDMI 1 Entrada X 4 Saídas Preto Storm";"BKR1";"ALVO_VALIDADO";"105.43";"105.45";"0.07008060692271217";"0.07";""
"MLB7111658042";"VTK012520";"Plug Rca Macho Nickel Verde 10 Un Wireconex";"BKR1";"ALVO_VALIDADO";"95";"98.94";"0.0700424499696786";"0.07";""
"MLB4857542717";"VTK012591";"Correia Cla 02 Suede Azul Basso";"BKR1";"ALVO_VALIDADO";"97";"97";"0.08010309278350515";"0.07";""
"MLB7111645298";"VTK012019";"Conector P10 Macho Linha Mono Wc 1112 Wireconex 10 Unidades";"BKR1";"ALVO_VALIDADO";"127.99";"127.99";"0.09219470271114932";"0.07";""
"MLB4894911293";"VTK015935";"10 Baterias Cr2032 Panasonic";"BKR1";"ALVO_VALIDADO";"111.17";"111.17";"0.14707205181253938";"0.07";""
"MLB4903779915";"VTK015979";"14 Pilhas Alcalinas Premium Aa Panasonic (7 Cart)";"BKR1";"ALVO_VALIDADO";"103.68";"103.68";"0.19203317901234568";"0.07";""
"MLB4880632489";"VTK012469";"Cabo Instrumentos P10 Tweed Wci-gg 07 7 Metros Dourado Wireconex";"BKR1";"ALVO_VALIDADO";"94.99";"104.83";"0.07001812458265763";"0.07";""
"MLB7111661560";"VTK001847";"Chave Redonda On/Off 2 Polos CHVS0006 10A 125VAC Genérico - PCT / 10";"BKR1";"ALVO_VALIDADO";"85.9";"85.91";"0.07007333255732744";"0.07";""
"MLB7111657714";"VTK012749";"Cabo P10 Prowire Em L Tweed Preto/prata 6,10m Wireconex";"BKR1";"ALVO_VALIDADO";"97";"107.36";"0.07004470938897168";"0.07";""
"MLB4877406881";"VTK012468";"Baqueta Nova 7a Ponta De Madeira N7a Vic Firth";"BKR1";"ALVO_VALIDADO";"99";"106.61";"0.07006847387674701";"0.07";""
"MLB4857542583";"VTK012469";"Cabo Instrumentos P10 Tweed Wci-gg 07 7 Metros Dourado Wireconex";"BKR1";"ALVO_VALIDADO";"94.99";"104.83";"0.07001812458265763";"0.07";""
"MLB7184718232";"VTK016172";"48 Pilhas Comum Aaa Panasonic (6 Cart)";"BKR1";"ALVO_VALIDADO";"102";"105.21";"0.070050375439597";"0.07";""
"MLB7111645398";"VTK012263";"Conector P10 1/4 Ts Metal Cachimbo Wc 165 Wireconex 10 Unidades";"BKR1";"ALVO_VALIDADO";"98";"104.02";"0.070082676408383";"0.07";""
"MLB4903792263";"VTK016131";"4 Baterias Alcalinas 9v Panasonic";"BKR1";"ALVO_VALIDADO";"106.9";"106.9";"0.15416276894293732";"0.07";""
"MLB4880586295";"VTK012077";"4 Pilhas Recarregaveis Aaa Philips";"BKR1";"ALVO_VALIDADO";"94.99";"94.99";"0.07000736919675755";"0.07";""
"MLB7111661342";"VTK012751";"Cabo P10 Prowire Em L Tweed Branco/lilás 4,57m Wireconex";"BKR1";"ALVO_VALIDADO";"78.9";"89.47";"0.07007935620878507";"0.07";""
"MLB7111645140";"VTK012400";"Palheta Plasticover Ten Rrptsx200 Un";"BKR1";"ALVO_VALIDADO";"102";"105.34";"0.07005885703436492";"0.07";""
"MLB7149328316";"VTK012002";"Cordas Para Violão Aço D Addario Bronze 85/15 Ez910-b .011-.052 Com Corda Extra Pl011";"BKR1";"ALVO_VALIDADO";"78.9";"90.53";"0.07003203358002871";"0.07";""
"MLB4857624695";"VTK012352";"Painel Rack 1u 8 Xlr Wp08 Wireconex";"BKR1";"ALVO_VALIDADO";"80.54";"80.54";"0.21554507077228705";"0.07";""
"MLB4903793175";"VTK015980";"14 Pilhas Alcalinas Premium Aaa Panasonic (7 Cart)";"BKR1";"ALVO_VALIDADO";"94.14";"94.14";"0.10495007435734013";"0.07";""
"MLB7149367642";"VTK000094";"Encordoamento Guitarra .009-.042 XL Nickel EXL120-B D Addario Com Corda Extra PL009";"BKR1";"ALVO_VALIDADO";"78.9";"89.42";"0.07000670990829791";"0.07";""
"MLB7111645312";"VTK012197";"Cabo Para Microfone Emborrachado Xlr Xlr 5 Metros Mpbe-5 Wireconex";"BKR1";"ALVO_VALIDADO";"101";"105.73";"0.07008417667643999";"0.07";""
"MLB7111648906";"VTK012077";"4 Pilhas Recarregaveis Aaa Philips";"BKR1";"ALVO_VALIDADO";"94.99";"94.99";"0.07000736919675755";"0.07";""
"MLB4880586679";"VTK004008";"Cabo Extensor USB 2.0 Macho X Fêmea Com Filtro 10M Storm";"BKR1";"ALVO_VALIDADO";"118.98";"118.98";"0.1352328122373508";"0.07";""
"MLB4880582825";"VTK012423";"Encordoamento P/violão Aço Earthwood Media Leve 80/20 Bronze Ernie Ball 012""-054"" P02003";"BKR1";"ALVO_VALIDADO";"101";"105.69";"0.07001608477623238";"0.07";""
"MLB7111707394";"VTK012292";"Cabo Para Microfone Emborrachado P10 Xlr 5 Metros Wireconex";"BKR1";"ALVO_VALIDADO";"79";"81.56";"0.07000980872976949";"0.07";""
"MLB4903797415";"VTK016001";"16 Pilhas Alcalinas Premium Aaa Panasonic (4 Cart)";"BKR1";"ALVO_VALIDADO";"118.8";"118.8";"0.13552188552188554";"0.07";""
"MLB4880632531";"VTK012330";"Cabo Para Instrumentos Emborrachado P10 P10 7 Metros Guiems-07 Wireconex";"BKR1";"ALVO_VALIDADO";"102";"108.16";"0.07008136094674557";"0.07";""
"MLB6646507824";"VTK001715";"Encordoamento Violão Nylon Tensão Alta Student EJ27H D Addario";"BKR1";"ALVO_VALIDADO";"92";"93.28";"0.07000428816466553";"0.07";""
"MLB4880586473";"VTK012456";"Plug Rca Femea Nickel Vermelho 10 Un Wireconex";"BKR1";"ALVO_VALIDADO";"89";"93.37";"0.07004391132055264";"0.07";""
"MLB4894910365";"VTK016245";"9 Baterias Cr2032 Panasonic";"BKR1";"ALVO_VALIDADO";"104.37";"104.37";"0.1587620963878509";"0.07";""
"MLB7149367672";"VTK001792";"Encordoamento Cavaquinho Aço Inox EJ93 D Addario";"BKR1";"ALVO_VALIDADO";"78.9";"92.36";"0.07005197055002166";"0.07";""
"MLB7111657780";"VTK012423";"Encordoamento P/violão Aço Earthwood Media Leve 80/20 Bronze Ernie Ball 012""-054"" P02003";"BKR1";"ALVO_VALIDADO";"101";"105.69";"0.07001608477623238";"0.07";""
"MLB7149333360";"VTK002605";"Plug P10 Mono Metal 90° PGPZ0034 Storm - PCT / 10";"BKR1";"ALVO_VALIDADO";"92.55";"95.25";"0.0700262467191601";"0.07";""
"MLB7095325368";"VTK001035";"Encordoamento Violão Aço .012-.053 80/20 Bronze EJ11 D Addario";"BKR1";"ALVO_VALIDADO";"103.39";"103.4";"0.0700193423597679";"0.07";""
"MLB7111706604";"VTK012158";"Jogo De Cordas P/contra Baixo 4 Cordas Niquel 0.045 - 0.100 São Gonçalo";"BKR1";"ALVO_VALIDADO";"94";"94";"0.07180851063829788";"0.07";""
"MLB4857542449";"VTK012330";"Cabo Para Instrumentos Emborrachado P10 P10 7 Metros Guiems-07 Wireconex";"BKR1";"ALVO_VALIDADO";"102";"108.16";"0.07008136094674557";"0.07";""
"MLB4907843137";"VTK009697";"Escaleta Melódica 27 Teclas Azul New York";"VANRAL";"ALVO_VALIDADO";"92.63";"92.63";"0.07006369426751594";"0.07";""
"MLB7145205372";"VTK012120";"Conector Xlr Macho Wc 1033 10 Unidades Painel Wireconex";"BKR1";"ALVO_VALIDADO";"114.45";"114.45";"0.12179991262560069";"0.07";""
"MLB7111648772";"VTK012456";"Plug Rca Femea Nickel Vermelho 10 Un Wireconex";"BKR1";"ALVO_VALIDADO";"89";"93.37";"0.07004391132055264";"0.07";""
"MLB7149328342";"VTK012494";"Correia Eco 01 Black Basso";"BKR1";"ALVO_VALIDADO";"91.21";"91.22";"0.07005042753782065";"0.07";""
"MLB7111648824";"VTK001792";"Encordoamento Cavaquinho Aço Inox EJ93 D Addario";"BKR1";"ALVO_VALIDADO";"78.9";"92.36";"0.07005197055002166";"0.07";""
"MLB7111648792";"VTK012021";"Conector Plug Rca Macho Wc 1212 Bk Wireconex 10unidades";"BKR1";"ALVO_VALIDADO";"78.9";"93.37";"0.07004391132055264";"0.07";""
"MLB6563437468";"VTK001715";"Encordoamento Violão Nylon Tensão Alta Student EJ27H D Addario";"BKR1";"ALVO_VALIDADO";"92";"93.28";"0.07000428816466553";"0.07";""
"MLB4880581435";"VTK004382";"Jogo de Tarraxa Para Guitarra CMH807 Com 6 Cromada Custom Sound";"BKR1";"ALVO_VALIDADO";"89";"92.62";"0.07007125890736342";"0.07";""
"MLB7086959336";"VTK000115";"Bateria Selada 12V 1,3Ah UP1213 Unipower";"EVOLUSOM-PR";"ALVO_VALIDADO";"94.36";"94.36";"0.09877066553624418";"0.07";""
"MLB7101696502";"VTK000367";"Pilha Alcalina 1,5V AAA LR03 (C/20 Pilhas) Panasonic - BLI / 20";"BKR1";"ALVO_VALIDADO";"101.42";"101.42";"0.0700059159929008";"0.07";""
"MLB7111706684";"VTK012560";"Correia Cla 14 Marrom Basso";"BKR1";"ALVO_VALIDADO";"107.05";"107.06";"0.07005417522884363";"0.07";""
"MLB7111648626";"VTK012055";"Cabo Extensão Fone De Ouvido Phc07 P10 1/4 Trs X P2 3,5 Wireconex";"BKR1";"ALVO_VALIDADO";"90";"94.02";"0.07009146990002127";"0.07";""
"MLB4877415313";"VTK002299";"Adaptador P10 Mono x XLR Cannon Fêmea Metal ADAP0028 Prata Storm - PCT / 5";"BKR1";"ALVO_VALIDADO";"100.74";"100.74";"0.0980742505459599";"0.07";""
"MLB7111648806";"VTK012010";"Conector Rca Macho Wc 1212 Rd Wireconex 10 Unidades";"BKR1";"ALVO_VALIDADO";"78.9";"93.37";"0.07004391132055264";"0.07";""
"MLB7111706668";"VTK004382";"Jogo de Tarraxa Para Guitarra CMH807 Com 6 Cromada Custom Sound";"BKR1";"ALVO_VALIDADO";"89";"92.62";"0.07007125890736342";"0.07";""
"MLB7095340348";"VTK000390";"Encordoamento Para Violão Aço .011 Leve Earthwood 2004 Ernie Ball";"BKR1";"ALVO_VALIDADO";"109.01";"109.02";"0.07007888460832874";"0.07";""
"MLB7149329622";"VTK004335";"Tarraxa Violão/Guitarra Blindada CMH801 3l + 3r Cromada Custom Sound";"BKR1";"ALVO_VALIDADO";"95";"95";"0.07263157894736842";"0.07";""
"MLB7111648848";"VTK012477";"Cabo Flat Para Pedal Emborrachado 6 Polegadas Wireconex";"BKR1";"ALVO_VALIDADO";"112.74";"112.74";"0.12320383182543908";"0.07";""
"MLB7111661238";"VTK012559";"Suporte De Parede C/espelho P/caixa Acústica Spc30";"BKR1";"ALVO_VALIDADO";"78.9";"93.54";"0.07002351935001068";"0.07";""
"MLB7111661166";"VTK012583";"Plug Rca Femea Nickel Preto 10 Un Wireconex";"BKR1";"ALVO_VALIDADO";"78.9";"94.62";"0.07006975269499048";"0.07";""
"MLB6563424810";"VTK002836";"Pilha Zinco 1,5V D UM-1SH300 (C/20 Pilhas) Panasonic - BLI / 20";"BKR1";"ALVO_VALIDADO";"101";"108.27";"0.07001015978572088";"0.07";""
"MLB4786776935";"VTK000004";"Encordoamento Para Contrabaixo 4 Cordas .040 Extra Light Niquel SG";"BKR1";"ALVO_VALIDADO";"116.68";"116.69";"0.07001456851486845";"0.07";""
"MLB7111645306";"VTK012436";"Chaleira Aroma Inox 2,2l 1000w 127v Agratto";"BKR1";"ALVO_VALIDADO";"99";"106.07";"0.07004808145564251";"0.07";""
"MLB7149329782";"VTK012318";"Cabo Instrumentos P10 Tweed Wci-bk 07 7 Metros Preto Wireconex";"BKR1";"ALVO_VALIDADO";"94.35";"105.28";"0.07000379939209726";"0.07";""
"MLB7111648870";"VTK002605";"Plug P10 Mono Metal 90° PGPZ0034 Storm - PCT / 10";"BKR1";"ALVO_VALIDADO";"92.55";"95.25";"0.0700262467191601";"0.07";""
"MLB4841998927";"VTK000390";"Encordoamento Para Violão Aço .011 Leve Earthwood 2004 Ernie Ball";"BKR1";"ALVO_VALIDADO";"109.01";"109.02";"0.07007888460832874";"0.07";""
"MLB7111706660";"VTK012740";"Cabo P10 Prowire Tweed Dourado/verde 6,10m Wireconex";"BKR1";"ALVO_VALIDADO";"103";"103";"0.09679611650485438";"0.07";""
"MLB7111706638";"VTK012719";"Cabo P10 Prowire Tweed Prata 6,10m Wireconex";"BKR1";"ALVO_VALIDADO";"95";"95.95";"0.07003647733194372";"0.07";""
"MLB4786778733";"VTK000009";"Cabo XLR Macho x XLR Fêmea 4,57m Ninja LW B Santo Angelo";"EVOLUSOM-PR";"ALVO_VALIDADO";"104.65";"104.65";"0.07004300047778309";"0.07";""
"MLB4880565027";"VTK012125";"4 Pilhas Recarregaveis Aa Philips";"EVOLUSOM-PR";"ALVO_VALIDADO";"117.16";"117.17";"0.07006913032346164";"0.07";""
"MLB7149367764";"VTK004119";"Encordoamento Para Violão Aço SG+ .010 Phosphor Bronze Coated";"BKR1";"ALVO_VALIDADO";"96";"96.41";"0.07001348407841511";"0.07";""
"MLB4877529417";"VTK012072";"Kit 05 Conectores P2 Femea Stereo Wc 2323 Wireconex";"BKR1";"ALVO_VALIDADO";"78.9";"92";"0.07";"0.07";""
"MLB7111661128";"VTK012509";"Cabo Para Microfone Emborrachado P10 Xlr 7 Metros Mpae-07 Wireconex";"BKR1";"ALVO_VALIDADO";"95";"95.53";"0.07003035695593007";"0.07";""
"MLB7111648686";"VTK012716";"Cabo P10 Prowire Tweed Preto 6,10m (20ft) Wireconex";"BKR1";"ALVO_VALIDADO";"96";"96";"0.07041666666666667";"0.07";""
"MLB7111648730";"VTK003176";"Conector Cannon Fêmea 3 Polos para Painel Metal JCCN0018 Storm - PCT / 5";"BKR1";"ALVO_VALIDADO";"103.28";"103.28";"0.08423702556158016";"0.07";""
"MLB7149405178";"VTK004163";"Encordoamento Para Violão Aço SG+ .012 Phosphor Bronze Coated";"BKR1";"ALVO_VALIDADO";"99";"106.12";"0.07001507727101394";"0.07";""
"MLB7111657872";"VTK012318";"Cabo Instrumentos P10 Tweed Wci-bk 07 7 Metros Preto Wireconex";"BKR1";"ALVO_VALIDADO";"94.35";"105.28";"0.07000379939209726";"0.07";""
"MLB7111645204";"VTK003604";"Encordoamento Para Guitarra .010 Light (Pack Com 3) SG";"BKR1";"ALVO_VALIDADO";"105";"107.54";"0.0700204575041845";"0.07";""
"MLB4772557417";"VTK000009";"Cabo XLR Macho x XLR Fêmea 4,57m Ninja LW B Santo Angelo";"EVOLUSOM-PR";"ALVO_VALIDADO";"104.65";"104.65";"0.07004300047778309";"0.07";""
"MLB7111661040";"VTK012459";"Cabo Para Microfone Desbalanceado Xlr P10 7 Metros Mcd-07 Kng Wireconex";"BKR1";"ALVO_VALIDADO";"97";"97";"0.07";"0.07";""
"MLB7149333550";"VTK003640";"Pedal de Sustain CPS 10 Custom Sound Preto";"BKR1";"ALVO_VALIDADO";"98";"98";"0.07642857142857143";"0.07";""
"MLB7111648586";"VTK012533";"Apoio De Pé Para Violinista Csf1 Preto";"BKR1";"ALVO_VALIDADO";"95";"97.26";"0.07001850709438617";"0.07";""
"MLB7111648600";"VTK012724";"Cabo P10 Prowire Em L Tweed Preto 6,10m Wireconex";"BKR1";"ALVO_VALIDADO";"97";"97";"0.07195876288659794";"0.07";""
"MLB7184752622";"VTK016051";"20 Pilhas Alcalinas Aaa Panasonic (10 Cart)";"BKR1";"ALVO_VALIDADO";"117";"117";"0.10666666666666667";"0.07";""
"MLB7111657728";"VTK012125";"4 Pilhas Recarregaveis Aa Philips";"EVOLUSOM-PR";"ALVO_VALIDADO";"117.16";"117.17";"0.07006913032346164";"0.07";""
"MLB7111657816";"VTK012732";"Cabo P10 Prowire Tweed Preto/lilás 6,10m Wireconex";"BKR1";"ALVO_VALIDADO";"104";"106.91";"0.07005892807033955";"0.07";""
"MLB4841979915";"VTK000500";"Cabo P10 x XLR Fêmea 6,10m Ninja HG B Santo Angelo";"EVOLUSOM-PR";"ALVO_VALIDADO";"105";"110.5";"0.07004524886877828";"0.07";""
"MLB4903795319";"VTK016198";"6 Pilhas Alcalinas C Panasonic (3  Cart)";"BKR1";"ALVO_VALIDADO";"114.64";"114.64";"0.14157362177250524";"0.07";""
"MLB7184743498";"VTK016055";"20 Pilhas Alcalinas Premium Aa Panasonic (10 Cart)";"BKR1";"ALVO_VALIDADO";"115";"115.19";"0.0700581647712475";"0.07";""
"MLB7111648574";"VTK003640";"Pedal de Sustain CPS 10 Custom Sound Preto";"BKR1";"ALVO_VALIDADO";"98";"98";"0.07642857142857143";"0.07";""
"MLB7087130184";"VTK001035";"Encordoamento Violão Aço .012-.053 80/20 Bronze EJ11 D Addario";"BKR1";"ALVO_VALIDADO";"103.39";"103.4";"0.0700193423597679";"0.07";""
"MLB7086773016";"VTK000010";"Encordoamento Para Contrabaixo 4 Cordas .045 Light Niquel SG";"BKR1";"ALVO_VALIDADO";"122.88";"122.89";"0.07006265766132314";"0.07";""
"MLB7184721644";"VTK016192";"56 Pilhas Comum Aaa Panasonic (7 Cart)";"BKR1";"ALVO_VALIDADO";"114";"117.78";"0.07004584819154355";"0.07";""
"MLB4877415769";"VTK012139";"Microfone Custom Sound Csms 58 Com Cabo";"BKR1";"ALVO_VALIDADO";"96";"96";"0.07510416666666667";"0.07";""
"MLB7149329698";"VTK012516";"Correia Cla 03 Suede Preto Basso";"BKR1";"ALVO_VALIDADO";"95.65";"95.65";"0.07004704652378463";"0.07";""
"MLB4898612933";"VTK000500";"Cabo P10 x XLR Fêmea 6,10m Ninja HG B Santo Angelo";"EVOLUSOM-PR";"ALVO_VALIDADO";"105";"110.5";"0.07004524886877828";"0.07";""
"MLB4857530925";"VTK002451";"Plug P2 Estéreo de Metal Com Mola PGPD0004 Níquel Storm - PCT / 50";"BKR1";"ALVO_VALIDADO";"127.68";"127.68";"0.12382518796992481";"0.07";""
"MLB7184721378";"VTK016021";"18 Pilhas Alcalinas Premium Aaa Panasonic (9 Cart)";"BKR1";"ALVO_VALIDADO";"144.93";"144.93";"0.21368936728075622";"0.07";""
"MLB7149264172";"VTK000505";"Chaleira Elétrica Agratto Aroma Preto 127v";"BKR1";"ALVO_VALIDADO";"104.66";"104.66";"0.07003630804509842";"0.07";""
"MLB7149329670";"VTK003295";"Chapinha Prancha Alisadora 30W Della PA03 Preta AGRATTO";"BKR1";"ALVO_VALIDADO";"98";"98";"0.07418367346938776";"0.07";""
"MLB7111706548";"VTK012737";"Cabo P10 Prowire Em L Tweed Dourado/verde 6,10m Wireconex";"BKR1";"ALVO_VALIDADO";"97";"97";"0.07195876288659794";"0.07";""
"MLB7149367836";"VTK003320";"Encordoamento Para Guitarra 0.09 Niquel Super Slinky 2223 Ernie Ball";"BKR1";"ALVO_VALIDADO";"89.56";"97.31";"0.07008529441989518";"0.07";""
"MLB7101696838";"VTK001748";"Timer Digital 24h Bivolt Brasfort";"EVOLUSOM-PR";"ALVO_VALIDADO";"130.6";"130.6";"0.10497702909647781";"0.07";""
"MLB7076175412";"VTK000010";"Encordoamento Para Contrabaixo 4 Cordas .045 Light Niquel SG";"BKR1";"ALVO_VALIDADO";"122.88";"122.89";"0.07006265766132314";"0.07";""
"MLB4857542379";"VTK012743";"Cabo P10 Prowire Em L Tweed Verde/prata 6,10m Wireconex";"BKR1";"ALVO_VALIDADO";"106";"110";"0.07";"0.07";""
"MLB7111657740";"VTK012270";"Capa Teclado Modelo Cts Luxo - Nylon 600";"BKR1";"ALVO_VALIDADO";"107";"108.11";"0.07002127462769402";"0.07";""
"MLB7111658002";"VTK012593";"Extensão Elétrica Elgin 3 Tomadas - 2pinos - 10metros";"BKR1";"ALVO_VALIDADO";"99";"99";"0.07525252525252525";"0.07";""
"MLB4897325977";"VTK001499";"Divisor Satélite 1/2 5-2400 MHz Storm - DEZ / 10";"BKR1";"ALVO_VALIDADO";"94.93";"94.94";"0.07004423846639983";"0.07";""
"MLB7111658082";"VTK003295";"Chapinha Prancha Alisadora 30W Della PA03 Preta AGRATTO";"BKR1";"ALVO_VALIDADO";"98";"98";"0.07418367346938776";"0.07";""
"MLB7111645406";"VTK003320";"Encordoamento Para Guitarra 0.09 Niquel Super Slinky 2223 Ernie Ball";"BKR1";"ALVO_VALIDADO";"89.56";"97.31";"0.07008529441989518";"0.07";""
"MLB7111706576";"VTK012726";"Cabo P10 Prowire Em L Tweed Prata 6,10m Wireconex";"BKR1";"ALVO_VALIDADO";"98";"98";"0.07010204081632654";"0.07";""
"MLB4880632511";"VTK012388";"Pandeiro Abs Branco 10"" Pele Leitosa - Batimento Spanking";"BKR1";"ALVO_VALIDADO";"103";"106.97";"0.07001963167243153";"0.07";""
"MLB7111645502";"VTK012442";"Correia Cla 04 Suede Marrom Basso";"BKR1";"ALVO_VALIDADO";"100.84";"100.84";"0.0700119000396668";"0.07";""
"MLB7111645274";"VTK012735";"Cabo P10 Prowire Em L Tweed Preto/prata 6,10m Wireconex";"BKR1";"ALVO_VALIDADO";"103";"106.91";"0.07005892807033955";"0.07";""
"MLB6655134296";"VTK000791";"Suporte Para TV Fixo Universal 37-80"" SAV-1006 Aquário";"EVOLUSOM-PR";"ALVO_VALIDADO";"115.84";"115.84";"0.14356008287292815";"0.07";""
"MLB4880632473";"VTK012598";"Baqueta Nova 5an Ponta De Nylon Vic Firth";"BKR1";"ALVO_VALIDADO";"119.8";"119.8";"0.09991652754590986";"0.07";""
"MLB7111658014";"VTK012711";"Conector Xlr Macho Linha 3 Polos Metal Storm 10 Unidades";"BKR1";"ALVO_VALIDADO";"97";"105.37";"0.07003891050583658";"0.07";""
"MLB4880564817";"VTK002015";"Microventilador Storm MVAC0002 80x80x38mm 110/220Vac Preto";"BKR1";"ALVO_VALIDADO";"95.29";"104.64";"0.07004969418960244";"0.07";""
"MLB4841993159";"VTK000541";"Chaleira Elétrica Agratto Aroma Preto 220v";"BKR1";"ALVO_VALIDADO";"104.66";"104.66";"0.07003630804509842";"0.07";""
"MLB7149329760";"VTK012407";"Cabo Para Instrumentos P10 Tweed Wci-sv 07 07 Metros Prata Wireconex";"BKR1";"ALVO_VALIDADO";"93.21";"99.87";"0.07009111845399019";"0.07";""
"MLB4621151913";"VTK006301";"Suporte Para TV Articulado Multivisão Cheap 14-55"" Preto";"BKR1";"ALVO_VALIDADO";"106.08";"106.09";"0.07003487604863795";"0.07";""
"MLB7111661062";"VTK002015";"Microventilador Storm MVAC0002 80x80x38mm 110/220Vac Preto";"BKR1";"ALVO_VALIDADO";"95.29";"104.64";"0.07004969418960244";"0.07";""
"MLB7111661022";"VTK012601";"Cabo Guitar Emborrachado Guiemc-07 07 Metros Wireconex";"BKR1";"ALVO_VALIDADO";"98.14";"98.24";"0.07003257328990228";"0.07";""
"MLB7184717988";"VTK016002";"16 Pilhas Alcalinas Premium Aaa Panasonic (8 Cart)";"BKR1";"ALVO_VALIDADO";"128.34";"128.34";"0.1968988623967586";"0.07";""
"MLB7111657978";"VTK012407";"Cabo Para Instrumentos P10 Tweed Wci-sv 07 07 Metros Prata Wireconex";"BKR1";"ALVO_VALIDADO";"93.21";"99.87";"0.07009111845399019";"0.07";""
"MLB7149374578";"VTK012278";"Cabo Para Instrumentos Têxtil P10 P10 5 Metros Guitx-05 Wireconex";"BKR1";"ALVO_VALIDADO";"93.53";"103.4";"0.0700193423597679";"0.07";""
"MLB6565496964";"VTK006301";"Suporte Para TV Articulado Multivisão Cheap 14-55"" Preto";"BKR1";"ALVO_VALIDADO";"106.08";"106.09";"0.07003487604863795";"0.07";""
"MLB7149367806";"VTK012071";"Conector P10 Trs Stereo Wc1133 10 Un Wireconex";"BKR1";"ALVO_VALIDADO";"123.11";"123.11";"0.09714889123548047";"0.07";""
"MLB7111658092";"VTK012005";"Cabo Para Instrumentos Emborrachado P10 P10 7 Metros Guiem-07 Wireconex";"BKR1";"ALVO_VALIDADO";"91.87";"98.79";"0.07004757566555318";"0.07";""
"MLB7111645336";"VTK012710";"Chicote Universal 16 Vias Macho Storm 10 Unidades";"BKR1";"ALVO_VALIDADO";"106.66";"106.67";"0.07002906159182525";"0.07";""
"MLB7111645438";"VTK012071";"Conector P10 Trs Stereo Wc1133 10 Un Wireconex";"BKR1";"ALVO_VALIDADO";"123.11";"123.11";"0.09714889123548047";"0.07";""
"MLB7111648864";"VTK000094";"Encordoamento Guitarra .009-.042 XL Nickel EXL120-B D Addario Com Corda Extra PL009";"BKR1";"ALVO_VALIDADO";"78.9";"89.42";"0.07000670990829791";"0.07";""
"MLB7111706856";"VTK012002";"Cordas Para Violão Aço D Addario Bronze 85/15 Ez910-b .011-.052 Com Corda Extra Pl011";"BKR1";"ALVO_VALIDADO";"78.9";"90.53";"0.07003203358002871";"0.07";""
"MLB7111645478";"VTK003109";"Conector Cannon Fêmea 3 Polos Metal JCCN0017 Storm - PCT / 10";"BKR1";"ALVO_VALIDADO";"108.41";"108.41";"0.12950834793838206";"0.07";""
"MLB4882821565";"VTK012561";"Correia Cla 10 Preto Basso";"BKR1";"ALVO_VALIDADO";"112";"115.05";"0.07005649717514124";"0.07";""
"MLB7111661864";"VTK012398";"Cabo De Microfone Pro Balanceado Emborrachado Mpbe-03 3 Metros Wireconex";"BKR1";"ALVO_VALIDADO";"79";"81.52";"0.0700441609421001";"0.07";""
"MLB7111645354";"VTK004008";"Cabo Extensor USB 2.0 Macho X Fêmea Com Filtro 10M Storm";"BKR1";"ALVO_VALIDADO";"118.98";"118.98";"0.1352328122373508";"0.07";""
"MLB4857542629";"VTK012278";"Cabo Para Instrumentos Têxtil P10 P10 5 Metros Guitx-05 Wireconex";"BKR1";"ALVO_VALIDADO";"93.53";"103.4";"0.0700193423597679";"0.07";""
"MLB7087038554";"VTK000367";"Pilha Alcalina 1,5V AAA LR03 (C/20 Pilhas) Panasonic - BLI / 20";"BKR1";"ALVO_VALIDADO";"101.42";"101.42";"0.0700059159929008";"0.07";""
"MLB7111706810";"VTK012494";"Correia Eco 01 Black Basso";"BKR1";"ALVO_VALIDADO";"91.21";"91.22";"0.07005042753782065";"0.07";""
"MLB7111661114";"VTK004335";"Tarraxa Violão/Guitarra Blindada CMH801 3l + 3r Cromada Custom Sound";"BKR1";"ALVO_VALIDADO";"95";"95";"0.07263157894736842";"0.07";""
"MLB6955942282";"VTK000004";"Encordoamento Para Contrabaixo 4 Cordas .040 Extra Light Niquel SG";"BKR1";"ALVO_VALIDADO";"116.68";"116.69";"0.07001456851486845";"0.07";""
"MLB7111648570";"VTK004119";"Encordoamento Para Violão Aço SG+ .010 Phosphor Bronze Coated";"BKR1";"ALVO_VALIDADO";"96";"96.41";"0.07001348407841511";"0.07";""
"MLB7111658060";"VTK012516";"Correia Cla 03 Suede Preto Basso";"BKR1";"ALVO_VALIDADO";"95.65";"95.65";"0.07004704652378463";"0.07";""
"MLB4842175573";"VTK001748";"Timer Digital 24h Bivolt Brasfort";"EVOLUSOM-PR";"ALVO_VALIDADO";"130.6";"130.6";"0.10497702909647781";"0.07";""
"MLB6573096520";"VTK000791";"Suporte Para TV Fixo Universal 37-80"" SAV-1006 Aquário";"EVOLUSOM-PR";"ALVO_VALIDADO";"115.84";"115.84";"0.14356008287292815";"0.07";""
"MLB4857542473";"VTK004163";"Encordoamento Para Violão Aço SG+ .012 Phosphor Bronze Coated";"BKR1";"ALVO_VALIDADO";"99";"106.12";"0.07001507727101394";"0.07";""
"MLB4857542461";"VTK012388";"Pandeiro Abs Branco 10"" Pele Leitosa - Batimento Spanking";"BKR1";"ALVO_VALIDADO";"103";"106.97";"0.07001963167243153";"0.07";""
"MLB4857542597";"VTK012598";"Baqueta Nova 5an Ponta De Nylon Vic Firth";"BKR1";"ALVO_VALIDADO";"119.8";"119.8";"0.09991652754590986";"0.07";""
"MLB4857624429";"VTK001675";"Conector Cannon Macho Corpo Metálico YS1058A Preto Genérico - PCT / 5";"BKR1";"ALVO_VALIDADO";"40.98";"40.99";"0.0700170773359356";"0.07";""
"MLB7009337154";"VTK000505";"Chaleira Elétrica Agratto Aroma Preto 127v";"BKR1";"ALVO_VALIDADO";"104.66";"104.66";"0.07003630804509842";"0.07";""
"MLB7111657512";"VTK012561";"Correia Cla 10 Preto Basso";"BKR1";"ALVO_VALIDADO";"112";"115.05";"0.07005649717514124";"0.07";""
"MLB4857623619";"VTK003761";"Pilha Alcalina 1,5v AA MN1500 (C/4 Pilhas) Duracell";"BKR1";"ALVO_VALIDADO";"42.95";"45.2";"0.07013274336283186";"0.07";""
"MLB4857623663";"VTK003173";"Plug P10 Mono Metal com Mola Niquelado PGPZ0004 Storm - PCT / 10";"BKR1";"ALVO_VALIDADO";"46.39";"46.4";"0.07004310344827587";"0.07";""
"MLB4880526839";"VTK012103";"Bateria Alcalina Max 9v Cart 1 Energizer";"BKR1";"ALVO_VALIDADO";"45.64";"47.98";"0.07002917882451022";"0.07";""
"MLB7111712134";"VTK012379";"Palheta Royal Clarinet Rcb0115 D Addario";"BKR1";"ALVO_VALIDADO";"44";"45.02";"0.07019102621057308";"0.07";""
"MLB7111712050";"VTK012268";"Painel 16 Xlr Femea Wp16 Xlr Wireconex";"BKR1";"ALVO_VALIDADO";"45";"46.69";"0.07003641036624546";"0.07";""
"MLB4886661521";"VTK002875";"Pilha Alcalina 1,5V C (C/2 Pilhas) Panasonic - CAR / 2";"BKR1";"ALVO_VALIDADO";"63.21";"63.21";"0.2626166745768075";"0.07";""
"MLB4857623189";"VTK011992";"Rastilho / Nut 52mm P/violão Nylon 100% Osso - Csk1n";"BKR1";"ALVO_VALIDADO";"45.87";"47.21";"0.07011226435077314";"0.07";""
"MLB7111713070";"VTK012103";"Bateria Alcalina Max 9v Cart 1 Energizer";"BKR1";"ALVO_VALIDADO";"45.64";"47.98";"0.07002917882451022";"0.07";""
"MLB4880589945";"VTK009756";"Pele Clear Transparente Para Bateria 13"" New York";"VANRAL";"ALVO_VALIDADO";"46";"47.52";"0.07007575757575757";"0.07";""
"MLB4857636577";"VTK012033";"Bateria Cr2032 Rayovac Multiblister Com 05 Unidades";"BKR1";"ALVO_VALIDADO";"45";"45";"0.09155555555555556";"0.07";""
"MLB7149274194";"VTK000051";"Encordoamento Para Violão em Aço .010 Light Bronze 85/15 SG";"BKR1";"ALVO_VALIDADO";"44";"46.2";"0.07012987012987013";"0.07";""
"MLB7111712120";"VTK012065";"Cabo Guitar Emborrachado Guiem-01 1x24 Awg 01 Metro Wireconex";"BKR1";"ALVO_VALIDADO";"45";"52.79";"0.07008903201363895";"0.07";""
"MLB7149338366";"VTK012607";"Calculadora Mesa Visor 12 Dig. - Azul Mv4125 Elgin";"BKR1";"ALVO_VALIDADO";"46";"47.62";"0.07013859722805545";"0.07";""
"MLB4857635903";"VTK002875";"Pilha Alcalina 1,5V C (C/2 Pilhas) Panasonic - CAR / 2";"BKR1";"ALVO_VALIDADO";"63.21";"63.21";"0.2626166745768075";"0.07";""
"MLB4880527031";"VTK000082";"Encordoamento Para Guitarra .011 Medium SG";"BKR1";"ALVO_VALIDADO";"47";"48.53";"0.0700597568514321";"0.07";""
"MLB7111712074";"VTK000051";"Encordoamento Para Violão em Aço .010 Light Bronze 85/15 SG";"BKR1";"ALVO_VALIDADO";"44";"46.2";"0.07012987012987013";"0.07";""
"MLB4857623479";"VTK002834";"Pilha Alcalina 1,5V AA LR6 Premium (C/6 Pilhas) Panasonic - CAR / 6";"BKR1";"ALVO_VALIDADO";"45";"47.05";"0.07013815090329437";"0.07";""
"MLB4857623367";"VTK002101";"Conector Speakon Fêmea 4 Pólos Painel JCSP0002 Preto STORM - PCT / 10";"BKR1";"ALVO_VALIDADO";"48.22";"48.23";"0.07008086253369272";"0.07";""
"MLB4882821667";"VTK001435";"Encordoamento Para Violão Nylon Série MPB Cobre Prateado Giannini GENWS";"EVOLUSOM-PR";"ALVO_VALIDADO";"47";"48.28";"0.0700082850041425";"0.07";""
"MLB4857635587";"VTK012607";"Calculadora Mesa Visor 12 Dig. - Azul Mv4125 Elgin";"BKR1";"ALVO_VALIDADO";"46";"47.62";"0.07013859722805545";"0.07";""
"MLB7111712014";"VTK001621";"Cabo P2 estéreo + P2 estéreo Niquelado 1,8MT Preto Genérico - PCT / 10";"BKR1";"ALVO_VALIDADO";"47.87";"47.88";"0.07017543859649122";"0.07";""
"MLB4857643951";"VTK009756";"Pele Clear Transparente Para Bateria 13"" New York";"VANRAL";"ALVO_VALIDADO";"46";"47.52";"0.07007575757575757";"0.07";""
"MLB7111709592";"VTK012497";"Pis - Polidor De Instrumentos Solez";"BKR1";"ALVO_VALIDADO";"60.72";"60.73";"0.07014655030462703";"0.07";""
"MLB4857623203";"VTK012119";"Cabo Para Pedal Textil Pedtx-0,25 Wireconex";"BKR1";"ALVO_VALIDADO";"46";"48.21";"0.07010993569798797";"0.07";""
"MLB7111711876";"VTK012300";"Palheta Nylon Standard 0,88mm Cinza Escuro Pct C/6 44r.88 Dunlop (1982)";"BKR1";"ALVO_VALIDADO";"49";"49.41";"0.07002631046346894";"0.07";""
"MLB7184613606";"VTK016200";"6 Pilhas Alcalinas Premium Aa Panasonic (3 Cart)";"BKR1";"ALVO_VALIDADO";"45.81";"47.3";"0.07019027484143764";"0.07";""
"MLB7149339336";"VTK005712";"Cabo DisplayPort 1.4v 2m Emborrachado Storm";"BKR1";"ALVO_VALIDADO";"42";"42.99";"0.07001628285647825";"0.07";""
"MLB4857623177";"VTK005712";"Cabo DisplayPort 1.4v 2m Emborrachado Storm";"BKR1";"ALVO_VALIDADO";"42";"42.99";"0.07001628285647825";"0.07";""
"MLB7149338436";"VTK004026";"Suporte de Parede Para Violão SP-10F Saty";"BKR1";"ALVO_VALIDADO";"42";"43.25";"0.07005780346820809";"0.07";""
"MLB7111662590";"VTK012730";"Cabo P10 Prowire Tweed Preto/lilás 3,05m Wireconex";"BKR1";"ALVO_VALIDADO";"63";"65.11";"0.07003532483489479";"0.07";""
"MLB4857635399";"VTK004026";"Suporte de Parede Para Violão SP-10F Saty";"BKR1";"ALVO_VALIDADO";"42";"43.25";"0.07005780346820809";"0.07";""
"MLB7111711864";"VTK000082";"Encordoamento Para Guitarra .011 Medium SG";"BKR1";"ALVO_VALIDADO";"47";"48.53";"0.0700597568514321";"0.07";""
"MLB7111708146";"VTK012594";"Protetor De Linha 4 Tom. 2p+t Cabo 1,5m Elgin";"BKR1";"ALVO_VALIDADO";"63";"64.41";"0.07002018320136624";"0.07";""
"MLB7157761130";"VTK002250";"Cabo de Dados USB 3.0 A Macho x USB 3.0 A Fêmea 1,8m Preto Storm";"EVOLUSOM-PR";"ALVO_VALIDADO";"36.91";"38";"0.07";"0.07";""
"MLB4857623207";"VTK001435";"Encordoamento Para Violão Nylon Série MPB Cobre Prateado Giannini GENWS";"EVOLUSOM-PR";"ALVO_VALIDADO";"47";"48.28";"0.0700082850041425";"0.07";""
"MLB4772728821";"VTK009683";"Capa Protetora Para Violão Preta Thomaz";"VANRAL";"ALVO_VALIDADO";"67";"67";"0.12611940298507462";"0.07";""
"MLB7111650264";"VTK012733";"Cabo P10 Prowire Em L Tweed Preto/prata 3,05m Wireconex";"BKR1";"ALVO_VALIDADO";"63";"65.11";"0.07003532483489479";"0.07";""
"MLB7111711978";"VTK002820";"Pilha Alcalina 1,5V AAA LR03 Premium (C/6 Pilhas) Panasonic - CAR / 6";"BKR1";"ALVO_VALIDADO";"47";"48.51";"0.07008864151721295";"0.07";""
"MLB4857623129";"VTK002250";"Cabo de Dados USB 3.0 A Macho x USB 3.0 A Fêmea 1,8m Preto Storm";"EVOLUSOM-PR";"ALVO_VALIDADO";"36.91";"38";"0.07";"0.07";""
"MLB7111649094";"VTK012734";"Cabo P10 Prowire Em L Tweed Preto/prata 4,57m Wireconex";"BKR1";"ALVO_VALIDADO";"78.9";"87.34";"0.07007098694756125";"0.07";""
"MLB7184613876";"VTK016223";"8 Pilhas Alcalinas Aa Panasonic (2 Cart)";"BKR1";"ALVO_VALIDADO";"65.52";"65.52";"0.27243589743589747";"0.07";""
"MLB7111650556";"VTK012655";"Caixa Com 60 Pilhas Aa Zinco Flex";"BKR1";"ALVO_VALIDADO";"79.2";"79.2";"0.1414141414141414";"0.07";""
"MLB7111708266";"VTK000399";"Pilha Moeda Lithium 3v CR2032 (C/5 Pilhas) Duracell - CAR / 5";"BKR1";"ALVO_VALIDADO";"64.56";"64.56";"0.07001239157372985";"0.07";""
"MLB7111649692";"VTK012615";"Palheta Plasticover Cla Rrpbcl300 Un";"BKR1";"ALVO_VALIDADO";"66.39";"66.39";"0.070040668775418";"0.07";""
"MLB7111649808";"VTK012744";"Cabo P10 Prowire Em L Tweed Preto/lilás 3,05m Wireconex";"BKR1";"ALVO_VALIDADO";"67.1";"67.24";"0.07004759071980964";"0.07";""
"MLB7169880540";"VTK016216";"7 Baterias Cr2032 Panasonic";"BKR1";"ALVO_VALIDADO";"88.3";"88.3";"0.19365798414496038";"0.07";""
"MLB7111707868";"VTK012747";"Cabo P10 Prowire Em L Tweed Prata/preto 3,05m Wireconex";"BKR1";"ALVO_VALIDADO";"67.1";"67.24";"0.07004759071980964";"0.07";""
"MLB7111648946";"VTK012328";"Capotraste Para Violão De Nylon Ctn1-cr Cromado";"BKR1";"ALVO_VALIDADO";"78.9";"88.1";"0.07003405221339387";"0.07";""
"MLB7149333260";"VTK000343";"Encordoamento Para Guitarra 0.11 Niquel Power Slinky 2220 Ernie Ball";"BKR1";"ALVO_VALIDADO";"78.9";"89.05";"0.07007299270072993";"0.07";""
"MLB7111648914";"VTK000343";"Encordoamento Para Guitarra 0.11 Niquel Power Slinky 2220 Ernie Ball";"BKR1";"ALVO_VALIDADO";"78.9";"89.05";"0.07007299270072993";"0.07";""
"MLB4880564181";"VTK000050";"Encordoamento Violão Aço .009-.045 85/15 Bronze EZ890-B D Addario Com Corda Extra PL009";"BKR1";"ALVO_VALIDADO";"69.18";"69.19";"0.07009683480271715";"0.07";""
"MLB4903792821";"VTK016050";"20 Pilhas Alcalinas Aa Panasonic (5 Cart)";"BKR1";"ALVO_VALIDADO";"106.73";"106.73";"0.15459570879790124";"0.07";""
"MLB4880564131";"VTK012658";"Correia Ex 43 Porus Off White Basso";"BKR1";"ALVO_VALIDADO";"85.5";"85.5";"0.13567251461988303";"0.07";""
"MLB7111662056";"VTK012658";"Correia Ex 43 Porus Off White Basso";"BKR1";"ALVO_VALIDADO";"85.5";"85.5";"0.13567251461988303";"0.07";""
"MLB7111661992";"VTK000050";"Encordoamento Violão Aço .009-.045 85/15 Bronze EZ890-B D Addario Com Corda Extra PL009";"BKR1";"ALVO_VALIDADO";"69.18";"69.19";"0.07009683480271715";"0.07";""
"MLB7149376418";"VTK012183";"Kit 05 Conectores P2 Stereo Linha Femea Wc 336 Wireconex";"BKR1";"ALVO_VALIDADO";"85.93";"90.56";"0.07000883392226148";"0.07";""
"MLB7111649042";"VTK012429";"Pilha Recarregável Elgin Aa 2700mah Blister Com 04 Unidades";"BKR1";"ALVO_VALIDADO";"88.88";"88.88";"0.0700945094509451";"0.07";""
"MLB7184715412";"VTK016115";"32 Pilhas Comum Aaa Panasonic (4 Cart)";"BKR1";"ALVO_VALIDADO";"89.15";"89.15";"0.19147504206393717";"0.07";""
"MLB7145205476";"VTK012183";"Kit 05 Conectores P2 Stereo Linha Femea Wc 336 Wireconex";"BKR1";"ALVO_VALIDADO";"85.93";"90.56";"0.07000883392226148";"0.07";""
"MLB7169860912";"VTK016222";"8 Baterias Cr2032 Panasonic";"BKR1";"ALVO_VALIDADO";"102.75";"102.75";"0.16184914841849146";"0.07";""
"MLB7111707566";"VTK012791";"Painel Led 24w Lux Quadrado Sobrepor 6500k";"BKR1";"ALVO_VALIDADO";"69.33";"69.34";"0.07008941447937699";"0.07";""
"MLB7149338556";"VTK009725";"Batedor Para Pedal De Bateria Ph 2 New York";"VANRAL";"ALVO_VALIDADO";"65";"68.07";"0.07007492287351257";"0.07";""
"MLB4857631351";"VTK009725";"Batedor Para Pedal De Bateria Ph 2 New York";"VANRAL";"ALVO_VALIDADO";"65";"68.07";"0.07007492287351257";"0.07";""
"MLB7111648964";"VTK012745";"Cabo P10 Prowire Em L Tweed Preto/lilás 4,57m Wireconex";"BKR1";"ALVO_VALIDADO";"78.9";"89.47";"0.07007935620878507";"0.07";""
"MLB4880564667";"VTK001570";"Encordoamento Violão Aço .012-.054 85/15 Bronze EZ920-B D Addario";"BKR1";"ALVO_VALIDADO";"78.9";"88.03";"0.07008974213336362";"0.07";""
"MLB7111661330";"VTK001570";"Encordoamento Violão Aço .012-.054 85/15 Bronze EZ920-B D Addario";"BKR1";"ALVO_VALIDADO";"78.9";"88.03";"0.07008974213336362";"0.07";""
"MLB7111650126";"VTK002219";"Conector Cannon Macho PGCN0013 Preto Storm - PCT / 10";"BKR1";"ALVO_VALIDADO";"83.93";"83.93";"0.13404027165495055";"0.07";""
"MLB4880581065";"VTK001589";"Suporte Fixo Para TV 32""- 86"" STPF63 Preto Multivisão";"BKR1";"ALVO_VALIDADO";"65";"68.14";"0.07000293513354856";"0.07";""
"MLB7111649008";"VTK003137";"Conversor Digital Para Analógico Storm";"BKR1";"ALVO_VALIDADO";"91.92";"91.93";"0.07005330142499729";"0.07";""
"MLB7111706994";"VTK000449";"Pilha Alcalina 1,5V AA LR6 (C/20 Pilhas) Panasonic - BLI / 20";"BKR1";"ALVO_VALIDADO";"101.8";"101.8";"0.14646365422396856";"0.07";""
"MLB7111707646";"VTK001589";"Suporte Fixo Para TV 32""- 86"" STPF63 Preto Multivisão";"BKR1";"ALVO_VALIDADO";"65";"68.14";"0.07000293513354856";"0.07";""
"MLB7111707618";"VTK012239";"02 Conectores Ac Out L Gy Pgy Linha Cinza Wc 1813 Wireconex";"BKR1";"ALVO_VALIDADO";"65";"68.54";"0.07003209804493725";"0.07";""
"MLB7217233526";"VTK017226";"Disco Diamantado Vonder 110mm V1 Furo 20";"EVOLUSOM-PR";"ALVO_VALIDADO";"34";"35.25";"0.0700709219858156";"0.07";""
"MLB7217233340";"VTK017513";"Cabo Rca Injetado Technoise Series 300 Pro 4mm - 1m";"EVOLUSOM-PR";"ALVO_VALIDADO";"33";"34.25";"0.07007299270072992";"0.07";""
"MLB7217182694";"VTK017191";"Controle Remoto Mxt Universal Co1064";"EVOLUSOM-PR";"ALVO_VALIDADO";"33.65";"33.66";"0.07011289364230541";"0.07";""
"MLB7216679780";"VTK000696";"Patch Cord Cat5E 10m Azul PlusCable";"EVOLUSOM-PR";"ALVO_VALIDADO";"42";"43.23";"0.07009021512838307";"0.07";""
"MLB7216671126";"VTK000822";"Patch Cord Cat5E 10m Vermelho PlusCable";"EVOLUSOM-PR";"ALVO_VALIDADO";"42";"43.23";"0.07009021512838307";"0.07";""
"MLB7216247120";"VTK016138";"4 Pilhas Alcalinas Premium Aaa Panasonic (2 Cart)";"BKR1";"ALVO_VALIDADO";"36.62";"38.66";"0.07009829280910503";"0.07";""
"MLB4923683591";"VTK017381";"Controle Remoto Mxt C01367 Tv Philco Smart Ph55";"EVOLUSOM-PR";"ALVO_VALIDADO";"34";"34.71";"0.07000864304235091";"0.07";""
"MLB4923527257";"VTK016211";"60 Pilhas Alcalinas Premium Aaa Panasonic (10 Cart)";"BKR1";"ALVO_VALIDADO";"335.97";"354.86";"0.10001127205094967";"0.1";""
"MLB4923526891";"VTK016142";"4 Pilhas Recarregaveis Eneloop Std Aa Panasonic (2 Cart)";"BKR1";"ALVO_VALIDADO";"196.14";"196.39";"0.07001374815418301";"0.07";""
"MLB4923465103";"VTK016210";"60 Pilhas Alcalinas Premium Aa Panasonic (10 Cart)";"BKR1";"ALVO_VALIDADO";"294";"323.38";"0.1000061846743769";"0.1";""
"MLB4923465039";"VTK016034";"2 Baterias Alcalinas 9v Panasonic";"BKR1";"ALVO_VALIDADO";"53.19";"53.19";"0.1402519270539575";"0.07";""
"MLB7044869292";"VTK009672";"Prato De Ataque Para Bateria 16"" New York";"VANRAL";"ALVO_VALIDADO";"112";"123.54";"0.07001780799740974";"0.07";""
"MLB4773175289";"VTK009672";"Prato De Ataque Para Bateria 16"" New York";"VANRAL";"ALVO_VALIDADO";"112";"123.54";"0.07001780799740974";"0.07";""
"MLB7149368676";"VTK012206";"Filtro De Linha Distribuidor De Energia Wpd8d Preto Wireconex";"BKR1";"ALVO_VALIDADO";"448";"478.04";"0.10001255125094134";"0.1";""
"MLB7111643390";"VTK012206";"Filtro De Linha Distribuidor De Energia Wpd8d Preto Wireconex";"BKR1";"ALVO_VALIDADO";"448";"478.04";"0.10001255125094134";"0.1";""
"MLB7229867624";"VTK009840";"Guitarra Elétrica Sg De Madeira Maciça Thomaz Teg 340 Vinho";"VANRAL";"ALVO_VALIDADO";"1039";"1198.75";"0.15000625651720542";"0.15";""
"MLB7229843758";"VTK009909";"Guitarra Elétrica Kids Teg 30 Rosa Thomaz";"VANRAL";"ALVO_VALIDADO";"589.2";"627.48";"0.10000318735258494";"0.1";""
"MLB7229843632";"VTK009908";"Guitarra Elétrica Kids Teg 30 Preto Thomaz";"VANRAL";"ALVO_VALIDADO";"591.78";"648.02";"0.10001234529798464";"0.1";""
"MLB7229843102";"VTK009839";"Guitarra Elétrica Sg De Madeira Maciça Thomaz Teg 340 Vermelho";"VANRAL";"ALVO_VALIDADO";"1012";"1198.75";"0.15000625651720542";"0.15";""
"MLB7229842814";"VTK009837";"Guitarra Elétrica Sg De Madeira Maciça Thomaz Teg 340 Azul";"VANRAL";"ALVO_VALIDADO";"1061.37";"1198.75";"0.15000625651720542";"0.15";""
"MLB7229842566";"VTK009835";"Guitarra Elétrica Thomaz Teg 300 Azul";"VANRAL";"ALVO_VALIDADO";"711";"795.87";"0.10000376945983641";"0.1";""
"MLB7227857914";"VTK013012";"Carregador Scb Philips (01 Carregador E 04 Un Pilhas Aa)";"BKR1";"ALVO_VALIDADO";"277.19";"277.19";"0.10000360763375302";"0.1";""
"MLB7227725762";"VTK012463";"Soquete Porta Lâmpada E27 Branco Taschibra";"BKR1";"ALVO_VALIDADO";"25";"25.83";"0.07007355787843593";"0.07";""
"MLB7227689886";"VTK013097";"Climatizador Industrial 125l 400w 127v Clin 125 Pro Ventisol";"BKR1";"ALVO_VALIDADO";"2699";"3079.83";"0.1500017858128533";"0.15";""
"MLB7227689604";"VTK012686";"Refletor Tr Led 10w Slim 6500k Preto";"BKR1";"ALVO_VALIDADO";"44";"44";"0.07045454545454545";"0.07";""
"MLB7227306662";"VTK012377";"Kit 10 Conectores P10 Stereo Femea Painel Wc 345 Wireconex";"BKR1";"ALVO_VALIDADO";"84.61";"84.61";"0.14679115943741874";"0.07";""
"MLB7227306200";"VTK013052";"Pilha Comum Aa (tubo Com 40 Unidades) Philips R6l40tf/59";"BKR1";"ALVO_VALIDADO";"74.27";"74.27";"0.2117948027467349";"0.07";""
"MLB7227223740";"VTK012195";"Cavalete Scarlett 3/4 Para Violino Em Maple";"BKR1";"ALVO_VALIDADO";"37";"39.36";"0.07012195121951219";"0.07";""
"MLB7227173920";"VTK012073";"Kit 02 Conectores Xlr Femea 90 Graus Wc2043 Wireconex";"BKR1";"ALVO_VALIDADO";"59";"63.34";"0.07009788443321756";"0.07";""
"MLB7226895558";"VTK009834";"Guitarra Elétrica Thomaz Teg 300 Preto";"VANRAL";"ALVO_VALIDADO";"699";"803.69";"0.10000124426084685";"0.1";""
"MLB4932006275";"VTK009849";"Guitarra Elétrica Vintage Thomaz Teg 400v Verde";"VANRAL";"ALVO_VALIDADO";"711";"764.29";"0.10000130840387812";"0.1";""
"MLB4932005863";"VTK009838";"Guitarra Elétrica Sg De Madeira Maciça Thomaz Teg 340 Preto";"VANRAL";"ALVO_VALIDADO";"1012";"1198.75";"0.15000625651720542";"0.15";""
"MLB4932005585";"VTK009836";"Guitarra Elétrica Thomaz Teg 300 Sunburst";"VANRAL";"ALVO_VALIDADO";"699";"803.69";"0.10000124426084685";"0.1";""
"MLB4931997979";"VTK012530";"Bateria Alcalina A76 Cart 1 Energizer";"BKR1";"ALVO_VALIDADO";"34";"35.23";"0.07011070110701108";"0.07";""
"MLB4930466627";"VTK012228";"Cavalete Scarlett 4/4 Para Violino Em Maple";"BKR1";"ALVO_VALIDADO";"38";"39.36";"0.07012195121951219";"0.07";""
"MLB4930465949";"VTK013051";"Pilhas Comum Aaa Philips";"BKR1";"ALVO_VALIDADO";"65.81";"65.81";"0.07005014435496125";"0.07";""
"MLB4930461593";"VTK013077";"Pilha Recarregável Univ. Aaa2 Cart 2 Energizer";"BKR1";"ALVO_VALIDADO";"54";"55.47";"0.07012799711555796";"0.07";""
"MLB4930460847";"VTK013074";"Pilha Alcalina Max Aaa Cart 4 Sm-160 Energizer";"BKR1";"ALVO_VALIDADO";"40";"41.75";"0.07017964071856288";"0.07";""
"MLB4930420755";"VTK012130";"Correia Ny 01 Bkr Preto Basso";"BKR1";"ALVO_VALIDADO";"45";"46.69";"0.07003641036624546";"0.07";""
"MLB4930415681";"VTK012074";"Kit 02 Conectores Xlr Macho 90 Graus Wc2053 Wireconex";"BKR1";"ALVO_VALIDADO";"64.83";"64.83";"0.0700293074194046";"0.07";""
"MLB7239571716";"VTK012547";"Breu Vr300 Escuro D Addario";"BKR1";"ALVO_VALIDADO";"58.84";"58.85";"0.07000849617672047";"0.07";""
"MLB7239571018";"VTK012523";"Knobs Andaluz Kp (kit C/2 Vol+2ton) Preto";"BKR1";"ALVO_VALIDADO";"42";"43.04";"0.07016728624535316";"0.07";""
"MLB7239096330";"VTK017774";"Jogo De Panelas Tramontina Loreto Alumínio Starflon Max 5 Peças Vermelho";"EVOLUSOM-PR";"ALVO_VALIDADO";"419";"440.87";"0.10000680472701703";"0.1";""
"MLB7239070270";"VTK018659";"Trava Portao Ipec Eco Lock 127v Com Temporizador";"EVOLUSOM-PR";"ALVO_VALIDADO";"165.19";"165.2";"0.07003631961259081";"0.07";""
"MLB7239070138";"VTK017604";"Testador Digital De Cabos De Rede Mxt Ns-468-b";"EVOLUSOM-PR";"ALVO_VALIDADO";"59.51";"59.51";"0.07007225676356915";"0.07";""
"MLB7239069016";"VTK017843";"Telefone Sem Fio Intelbras Ts5122 Digital Com Ramal Adicional";"EVOLUSOM-PR";"ALVO_VALIDADO";"428";"440.28";"0.10000454256382303";"0.1";""
"MLB7239068864";"VTK017454";"Teclado Usb Multimídia C3tech Kb-m10bk - Preto";"EVOLUSOM-PR";"ALVO_VALIDADO";"45";"47";"0.07";"0.07";""
"MLB7239068738";"VTK019049";"Teclado Gamer Bloody B540 Mecânico De Alta Performance Usb Preto";"EVOLUSOM-PR";"ALVO_VALIDADO";"991";"1191";"0.15";"0.15";""
"MLB7239066650";"VTK018231";"Resistencia Para Ferro De Solda Hikari Power 30 127v Conjunto 2 Peças";"EVOLUSOM-PR";"ALVO_VALIDADO";"63.99";"63.99";"0.2603531801844038";"0.07";""
"MLB7239066390";"VTK018727";"Resistencia Para Ferro De Solda Hikari Power 30 220v Conj 2 Pç";"EVOLUSOM-PR";"ALVO_VALIDADO";"41";"41.88";"0.07020057306590258";"0.07";""
"MLB7239025646";"VTK001157";"Lupa Com Suporte E Pinça Hikari HLS-10";"EVOLUSOM-PR";"ALVO_VALIDADO";"71.03";"71.05";"0.07009148486981";"0.07";""
"MLB7239023352";"VTK017537";"Fone Com Microfone C3 Tech Ph-60bk Voicer Comfort";"EVOLUSOM-PR";"ALVO_VALIDADO";"61.98";"61.99";"0.07001129214389418";"0.07";""
"MLB7239023028";"VTK017224";"Fita Dupla Face Vonder Espuma 19mmx10,0m";"EVOLUSOM-PR";"ALVO_VALIDADO";"46.66";"46.67";"0.0700664238268695";"0.07";""
"MLB7239021130";"VTK017962";"Ferro De Solda Hikari 30 Power 25w 220v";"EVOLUSOM-PR";"ALVO_VALIDADO";"85.57";"85.57";"0.19434381208367418";"0.07";""
"MLB7239018872";"VTK012908";"Encordoamento Giannini P/guitarra Niquel 0.011 Geegst.11";"EVOLUSOM-PR";"ALVO_VALIDADO";"55.93";"55.94";"0.07007508044333215";"0.07";""
"MLB7239018444";"VTK017739";"Disco Diamantado Vonder V3 Furo 20 110mm";"EVOLUSOM-PR";"ALVO_VALIDADO";"35";"36.9";"0.07018970189701897";"0.07";""
"MLB7239016738";"VTK017576";"Controle Remoto MXT 01315 York GZ-12A-E1 GZ-12B-E1";"EVOLUSOM-PR";"ALVO_VALIDADO";"46.21";"46.21";"0.07011469378922311";"0.07";""
"MLB7239014302";"VTK018245";"Câmera Dome Citrox Jetcolor 4x1 2mp Ir20m";"EVOLUSOM-PR";"ALVO_VALIDADO";"277";"281.14";"0.10002134168030163";"0.1";""
"MLB7239012274";"VTK017792";"Fixa Forte 3m Espuma 24mm X 1,5m 76686";"EVOLUSOM-PR";"ALVO_VALIDADO";"50";"51.81";"0.07006369426751592";"0.07";""
"MLB7239010726";"VTK017225";"Fita Auto Fusão Vonder 19mm X 5m";"EVOLUSOM-PR";"ALVO_VALIDADO";"42";"42.14";"0.0700047460844803";"0.07";""
"MLB7239010396";"VTK018758";"Ferro De Soldar à Gás Hikari Hk-900 30a100w";"EVOLUSOM-PR";"ALVO_VALIDADO";"157";"163.96";"0.0700170773359356";"0.07";""
"MLB7239010048";"VTK017186";"Ferro De Solda Hikari Power 25w 127v";"EVOLUSOM-PR";"ALVO_VALIDADO";"85.57";"85.57";"0.19434381208367418";"0.07";""
"MLB7239009906";"VTK001736";"Ferro de Solda 34W 220V Plus SC40P Azul Hikari";"EVOLUSOM-PR";"ALVO_VALIDADO";"62.1";"62.11";"0.07003703107390113";"0.07";""
"MLB7239007694";"VTK017228";"Disco Diamantado Vonder V4 110mm";"EVOLUSOM-PR";"ALVO_VALIDADO";"39";"40.78";"0.07013241785188817";"0.07";""
"MLB7239006272";"VTK018555";"Corda Giannini Contrabaixo Geebrl 6 0.030"" Leve";"EVOLUSOM-PR";"ALVO_VALIDADO";"185";"185";"0.08600000000000001";"0.07";""
"MLB7239005854";"VTK017688";"Controle Remoto Ar Condicionado Mxt 01300 Samsung Db93-13553a";"EVOLUSOM-PR";"ALVO_VALIDADO";"42";"44.18";"0.07016749660479855";"0.07";""
"MLB7239005768";"VTK017323";"Controle Remoto MXT 01374 para TV Samsung 4K Netflix";"EVOLUSOM-PR";"ALVO_VALIDADO";"42";"43.18";"0.07017137563686891";"0.07";""
"MLB7239005700";"VTK018492";"Climatizador Evaporativo Symphony Diet 8i 8l 127v 60hz";"EVOLUSOM-PR";"ALVO_VALIDADO";"890";"941.77";"0.10000318549114966";"0.1";""
"MLB7239005588";"VTK017640";"Cinta Metálica Permak Para Auto Rádio Bosch 130";"EVOLUSOM-PR";"ALVO_VALIDADO";"35";"36.55";"0.07004103967168264";"0.07";""
"MLB7239003838";"VTK018969";"Central Multimídia Evolve Gp348 7"" Capacitiva Com Espelhamento Ios Android";"EVOLUSOM-PR";"ALVO_VALIDADO";"559";"576.07";"0.10000520770045306";"0.1";""
"MLB7239003680";"VTK017886";"Câmera Multitoc Ccd Color Ir100 1/ 3"" Sharp 420 Linhas 100mts";"EVOLUSOM-PR";"ALVO_VALIDADO";"350";"359.4";"0.1";"0.1";""
"MLB7239003366";"VTK019180";"Câmera De Segurança Externa Elsys Full Hd - Esc-wb3f";"EVOLUSOM-PR";"ALVO_VALIDADO";"539";"558.66";"0.10000715998997602";"0.1";""
"MLB7239001698";"VTK018384";"Calculadora Cientifica Procalc Sc82p 10+2 Dígitos 240 Funções";"EVOLUSOM-PR";"ALVO_VALIDADO";"55.47";"55.48";"0.0701153568853641";"0.07";""
"MLB7239001348";"VTK017992";"Caixa Hermética Multitoc Vedada 14,5x10,5x7,0 Completa Preta";"EVOLUSOM-PR";"ALVO_VALIDADO";"35";"35";"0.09428571428571428";"0.07";""
"MLB7238974268";"VTK018674";"Dvr Gravador De Vídeo Frahm 8 Canais Fgd2008l";"EVOLUSOM-PR";"ALVO_VALIDADO";"711";"728.85";"0.10000686012211017";"0.1";""
"MLB7238974184";"VTK017254";"Divisor Hdmi Evus C-081 4k Fêmea X Fêmea 2 Saídas 1 Entrada 1,8m";"EVOLUSOM-PR";"ALVO_VALIDADO";"119";"125.99";"0.07000555599650767";"0.07";""
"MLB7238972596";"VTK017978";"Controle Stetsom Sx2 Ultra Grafite";"EVOLUSOM-PR";"ALVO_VALIDADO";"113";"118.96";"0.07002353732347008";"0.07";""
"MLB7238970260";"VTK018800";"Central Multimídia Roadstar Android Com Carplay 7"" - Rs815br";"EVOLUSOM-PR";"ALVO_VALIDADO";"790";"827.18";"0.10000241785342973";"0.1";""
"MLB7238970088";"VTK019204";"Camera Roadstar Dash Cam Rs25 Dvr Br Es";"EVOLUSOM-PR";"ALVO_VALIDADO";"690";"721.78";"0.10000277092742943";"0.1";""
"MLB7238969930";"VTK018458";"Câmera Dome Hikvision Plastica Ds-2ce56d8t-itmf 2mp";"EVOLUSOM-PR";"ALVO_VALIDADO";"304";"334.8";"0.09999999999999999";"0.1";""
"MLB7238968484";"VTK017997";"Câmera De Segurança Rotacional Elsys Esc-wr4f";"EVOLUSOM-PR";"ALVO_VALIDADO";"390";"414.54";"0.10001447387465624";"0.1";""
"MLB7238968080";"VTK000337";"Caixa Multimídia C3Tech SP-301BK 2.0";"EVOLUSOM-PR";"ALVO_VALIDADO";"52";"53.74";"0.07015258652772609";"0.07";""
"MLB7238967994";"VTK017232";"Caixa Hermética Multitoc Vedada 17x13,5x6,5 Completa Preto";"EVOLUSOM-PR";"ALVO_VALIDADO";"54";"56.06";"0.07010346057795219";"0.07";""
"MLB7238967728";"VTK017338";"Caixa De Som Evus As-225d Color Wave";"EVOLUSOM-PR";"ALVO_VALIDADO";"79";"82.39";"0.0700327709673504";"0.07";""
"MLB7238967636";"VTK004200";"Caixa de Som Ambiente Frahm Outdoor 120W HS5 Preta - PAR / 2";"EVOLUSOM-PR";"ALVO_VALIDADO";"849";"872.18";"0.10000229310463436";"0.1";""
"MLB7238965948";"VTK017396";"Cabo Rca 'y' Technoise Series 400 Pro 2 Macho X 1 Femea Vermelho - 20cm";"EVOLUSOM-PR";"ALVO_VALIDADO";"53";"55.24";"0.07005792903692976";"0.07";""
"MLB7238965598";"VTK002145";"Cabo Para Instrumento XLR(F) x P10 10M CBMC0002 Preto Storm";"EVOLUSOM-PR";"ALVO_VALIDADO";"44";"45.65";"0.07009857612267252";"0.07";""
"MLB7238965498";"VTK002166";"Cabo Para Instrumento XLR(F) x P10 5M CBMC0001 Preto Storm";"EVOLUSOM-PR";"ALVO_VALIDADO";"36";"37.55";"0.07003994673768309";"0.07";""
"MLB7238964084";"VTK017717";"Cabo óptico Splitter Intelbras Xfs1320 Plc 1x32 Nc 4830017";"EVOLUSOM-PR";"ALVO_VALIDADO";"217";"220.26";"0.10001816035594299";"0.1";""
"MLB7238963762";"VTK017475";"Cabo Lan Mpt Cat6 U/utp 23awgx4p 305 Metros Cmx Azul 53040545";"EVOLUSOM-PR";"ALVO_VALIDADO";"1390";"1602.28";"0.1500049928851387";"0.15";""
"MLB7238963230";"VTK017182";"Cabo Extensor Usb 2.0 Plus Cable Pc-usb5002 A Macho X A Fêmea 5,0 Metros";"EVOLUSOM-PR";"ALVO_VALIDADO";"36";"37.94";"0.07011070110701108";"0.07";""
"MLB7238961532";"VTK005073";"Cabo Blindado Y 1FX2M 20cm Vermelho Storm";"EVOLUSOM-PR";"ALVO_VALIDADO";"48";"52.1";"0.07005758157389635";"0.07";""
"MLB7238910500";"VTK018041";"Arandela 6"" Frahm Cs Cx 50w - Branca";"EVOLUSOM-PR";"ALVO_VALIDADO";"299";"314.44";"0.10001908154178857";"0.1";""
"MLB7238909924";"VTK000534";"Antena Interna TV Digital DTV-200 2,5m Aquário";"EVOLUSOM-PR";"ALVO_VALIDADO";"38";"39.89";"0.07019303083479568";"0.07";""
"MLB7238909634";"VTK004716";"Antena Externa Log Para TV LU-20 Aquário";"EVOLUSOM-PR";"ECONOMIA_INCONCLUSIVA";"102.44";"102.44";"";"0.07";"INCONCLUSIVO_FONTE_ML_INDISPONIVEL | FRETE_INDISPONIVEL"
"MLB7238896344";"VTK018650";"Antena Permak Shark Branca 100/m1";"EVOLUSOM-PR";"ALVO_VALIDADO";"63.72";"63.73";"0.07013965165542131";"0.07";""
"MLB7238889666";"VTK020760";"Antena Log Digital Proeletronic Prohd-1040db 14db 28 Elementos";"EVOLUSOM-PR";"ECONOMIA_INCONCLUSIVA";"103.88";"103.88";"";"0.07";"INCONCLUSIVO_FONTE_ML_INDISPONIVEL | FRETE_INDISPONIVEL"
"MLB7238889442";"VTK000585";"Antena Externa Log Para TV LU-30 Aquário";"EVOLUSOM-PR";"ECONOMIA_INCONCLUSIVA";"110.13";"110.13";"";"0.07";"INCONCLUSIVO_FONTE_ML_INDISPONIVEL | FRETE_INDISPONIVEL"
"MLB7238889012";"VTK018075";"Antena Digital Interna Slim Aquário Dtv-250";"EVOLUSOM-PR";"ALVO_VALIDADO";"72.56";"72.56";"0.23690738699007718";"0.07";""
"MLB7238836080";"VTK018349";"Alarme Automotivo Fks Fki505rf Conector Original Fiat 2012 Controle Cr963";"EVOLUSOM-PR";"ALVO_VALIDADO";"316";"354.69";"0.10000281936338774";"0.1";""
"MLB7238824470";"VTK018080";"Alarme Automotivo Positron Cyber Ex-360 Blade";"EVOLUSOM-PR";"ALVO_VALIDADO";"447";"468.42";"0.10001707869006447";"0.1";""
"MLB7238823924";"VTK018009";"Alarme Automotivo Universal Fks Fk902 Plus - Sem Bloqueio";"EVOLUSOM-PR";"ALVO_VALIDADO";"247";"247";"0.11174089068825911";"0.1";""
"MLB7238823730";"VTK017861";"Alarme Automotivo Fks Fk902 Plus Universal Função Desliga Rádio";"EVOLUSOM-PR";"ALVO_VALIDADO";"209.45";"209.46";"0.10001909672491167";"0.1";""
"MLB7238823266";"VTK002611";"Adaptador USB Tipo C Macho Para VGA Femea ADAP0057 Branca Storm";"EVOLUSOM-PR";"ALVO_VALIDADO";"77.24";"77.24";"0.2704557224236147";"0.07";""
"MLB7238804632";"VTK019038";"Alicate Amperimetro Digital Minipa Et-3111 Cat Iii";"EVOLUSOM-PR";"ALVO_VALIDADO";"370";"382.99";"0.10000261103423065";"0.1";""
"MLB7238804114";"VTK018503";"Alarme Automotivo Universal Fks Fk904 Cb Com Bloqueador";"EVOLUSOM-PR";"ALVO_VALIDADO";"337";"337";"0.10044510385756678";"0.1";""
"MLB7238803510";"VTK018588";"Airfryer Black + Decker Digital Afmdv360-b2 4,5l - 220v";"EVOLUSOM-PR";"ALVO_VALIDADO";"490";"515.45";"0.10000970026190706";"0.1";""
"MLB7238802910";"VTK018179";"Adaptador Rca Stetsom St-6100 Com Saída Remoto/filtro Antirruído";"EVOLUSOM-PR";"ALVO_VALIDADO";"165.4";"165.4";"0.07001209189842805";"0.07";""
"MLB7236458972";"VTK012580";"Fone Bluetooth W820nb V2.5 Plus Cinza Edifier";"BKR1";"ALVO_VALIDADO";"655.17";"705.95";"0.10000708265457892";"0.1";""
"MLB7236458864";"VTK016130";"4 Baterias Alcalinas 12v Panasonic Lrv08-1b";"BKR1";"ALVO_VALIDADO";"57.5";"57.5";"0.07913043478260869";"0.07";""
"MLB7236458320";"VTK016131";"4 Baterias Alcalinas 9v Panasonic";"BKR1";"ALVO_VALIDADO";"106.9";"106.9";"0.15416276894293732";"0.07";""
"MLB4937922729";"VTK012907";"Painel Multicabo 28 Vias Xlr Medusa Wireconex";"BKR1";"ALVO_VALIDADO";"424.65";"458.13";"0.10001527950581712";"0.1";""
"MLB4937865089";"VTK012611";"Breu Vr200 Claro D Addario";"BKR1";"ALVO_VALIDADO";"63";"63";"0.12285714285714286";"0.07";""
"MLB4937567207";"VTK000478";"Suporte Para Notebook Com Cooler NBC-11BK C3Tech";"EVOLUSOM-PR";"ALVO_VALIDADO";"89";"90.47";"0.07007847905383";"0.07";""
"MLB4937567111";"VTK018559";"Suporte De Mesa Para Tv Multivisão De 32"" Até 65"" - Preto";"EVOLUSOM-PR";"ALVO_VALIDADO";"299";"316.16";"0.10001265182186235";"0.1";""
"MLB4937566873";"VTK017910";"Ssd Kingston Nv3 M.2 2280 Nvme 4.0 1tb";"EVOLUSOM-PR";"ALVO_VALIDADO";"2209.33";"2209.33";"0.21688023065816336";"0.15";""
"MLB4937566765";"VTK017909";"Ssd Kingston Nv3 M.2 2280 Nvme 4.0 500gb";"EVOLUSOM-PR";"ALVO_VALIDADO";"1270";"1438.28";"0.1500055621992936";"0.15";""
"MLB4937565685";"VTK018565";"Roteador Wi-fi Tp-link Hx510 Ax3000";"EVOLUSOM-PR";"ALVO_VALIDADO";"699";"752.28";"0.10000265858456958";"0.1";""
"MLB4937565601";"VTK017268";"Roteador Wi-fi Tp-link Gpon Voip Archer Xr500v Dual Band Gibabit Ac1200";"EVOLUSOM-PR";"ALVO_VALIDADO";"557";"598.49";"0.10000167087169376";"0.1";""
"MLB4937565215";"VTK017193";"Resistencia Para Ducha Eletrônica Hydra Hit 5500w 127v";"EVOLUSOM-PR";"ALVO_VALIDADO";"40.35";"40.36";"0.0701189296333003";"0.07";""
"MLB4937563951";"VTK018118";"Refil De Tinta Magenta Multilaser Epson T664 100ml";"EVOLUSOM-PR";"ALVO_VALIDADO";"61.73";"61.73";"0.2713429450834278";"0.07";""
"MLB4937563807";"VTK017398";"Porta Fusível Technoise 1 Via Niquel Faca Anl";"EVOLUSOM-PR";"ALVO_VALIDADO";"45.6";"47.56";"0.07001682085786375";"0.07";""
"MLB4937563737";"VTK018090";"Ponta Fenda Para Ferro De Solda Hikari Hk Plus Sc-40 Com 4 Peças";"EVOLUSOM-PR";"ALVO_VALIDADO";"76.9";"76.9";"0.22899869960988295";"0.07";""
"MLB4937563411";"VTK003308";"Patch Cord U/UTP CAT.6 CMX 10m T568A/B Azul FURUKAWA SOHOPLUS";"EVOLUSOM-PR";"ALVO_VALIDADO";"137";"142.47";"0.07004983505299361";"0.07";""
"MLB4937561455";"VTK000016";"Patch Cord U/UTP CAT.5e CMX 2,5m T568A Azul Furukawa Sohoplus";"EVOLUSOM-PR";"ALVO_VALIDADO";"46.24";"46.24";"0.07006920415224914";"0.07";""
"MLB4937561087";"VTK017388";"Patch Cord Furukawa Cat5e 0.5m Cinza T568a";"EVOLUSOM-PR";"ALVO_VALIDADO";"67.81";"67.81";"0.3558472201740156";"0.07";""
"MLB4937560361";"VTK002745";"Multímetro Analógico Minipa ET-3021C Azul";"EVOLUSOM-PR";"ALVO_VALIDADO";"290";"307.38";"0.10000650660420327";"0.1";""
"MLB4937558181";"VTK018643";"Tweeter Permak 160 Watts Ref. 242";"EVOLUSOM-PR";"ALVO_VALIDADO";"62.18";"62.19";"0.0701077343624377";"0.07";""
"MLB4937556401";"VTK017983";"Switch 08 Portas Intelbras Sf802af 10/100 Mbps Poe Ativo";"EVOLUSOM-PR";"ALVO_VALIDADO";"1178";"1408.3";"0.15000355037989066";"0.15";""
"MLB4937554555";"VTK018278";"Resistência Para Ferro De Solda Hikari Power 40 127v Com 2 Peças";"EVOLUSOM-PR";"ALVO_VALIDADO";"46";"53.1";"0.07005649717514124";"0.07";""
"MLB4937552987";"VTK018829";"Refletor Led Elgin 400w 6500k Preto";"EVOLUSOM-PR";"ALVO_VALIDADO";"419.72";"419.72";"0.21504812732297723";"0.1";""
"MLB4937552207";"VTK004940";"Patch Cord Cat6 10m Azul PlusCable";"EVOLUSOM-PR";"ALVO_VALIDADO";"69.29";"69.29";"0.25010824072737764";"0.07";""
"MLB4937550225";"VTK017386";"Patch Cord Furukawa Cat5e 2.5m Preto T568a 35104008";"EVOLUSOM-PR";"ALVO_VALIDADO";"43";"44.76";"0.07015192135835568";"0.07";""
"MLB4937549367";"VTK017162";"Multímetro Digital Dt-830b 2 Mega";"EVOLUSOM-PR";"ALVO_VALIDADO";"52.5";"52.5";"0.0700952380952381";"0.07";""
"MLB4937548153";"VTK017455";"Mouse Sem Fio C3tech M-w15bk - Preto";"EVOLUSOM-PR";"ALVO_VALIDADO";"39";"40.25";"0.07006211180124224";"0.07";""
"MLB4937548087";"VTK018979";"Moldura Fiamon 9"" Modelo Chinês Com Adaptador 7"" Cruze 2016/2017";"EVOLUSOM-PR";"ALVO_VALIDADO";"329";"357.26";"0.10001119632760454";"0.1";""
"MLB4937548015";"VTK019132";"Moldura Fiamon Fit 15/19 G3 Black Piano";"EVOLUSOM-PR";"ALVO_VALIDADO";"249";"252.48";"0.10000792141951838";"0.1";""
"MLB4937547931";"VTK018981";"Moldura Fiamon 9"" Toyota Corolla G10 Preta Fosca";"EVOLUSOM-PR";"ALVO_VALIDADO";"122";"132.05";"0.07004922377887163";"0.07";""
"MLB4937547671";"VTK017932";"Mini Morsa Hikari Hk-201 Abertura Máxima: 2""/ 50mm";"EVOLUSOM-PR";"ALVO_VALIDADO";"149.3";"149.3";"0.087073007367716";"0.07";""
"MLB4937546181";"VTK017218";"Guia Organizador Cabos Max Eletron 2ux19""";"EVOLUSOM-PR";"ALVO_VALIDADO";"67.08";"67.08";"0.07006559332140729";"0.07";""
"MLB4937546111";"VTK019115";"Grampeador/pinador Elétrico Vonder Gpe 916 127v";"EVOLUSOM-PR";"ALVO_VALIDADO";"555";"586.17";"0.10000511796918983";"0.1";""
"MLB4937531879";"VTK018637";"Pistola De Cola Quente Hikari Hpc-280 280w Bivolt 21k913";"EVOLUSOM-PR";"ALVO_VALIDADO";"219.34";"219.34";"0.1975471870155922";"0.1";""
"MLB4937529073";"VTK004012";"Nobreak Ts Shara Ups Compact 700VA 7Ah Bivolt";"EVOLUSOM-PR";"ALVO_VALIDADO";"790";"825.73";"0.10000847734731691";"0.1";""
"MLB4937528811";"VTK018086";"Multimidia Mp5 Roadstar Pro Line Rs7200br";"EVOLUSOM-PR";"ALVO_VALIDADO";"517";"540.09";"0.1000018515432613";"0.1";""
"MLB4937527103";"VTK018595";"Módulo Amplificador H-buster Maxpower Hbm6400 6 Canais";"EVOLUSOM-PR";"ALVO_VALIDADO";"711";"742.99";"0.10000134591313477";"0.1";""
"MLB4937525717";"VTK017552";"Jogo De Potes Tramontina Mixcolor 02 Peças 2l Preto";"EVOLUSOM-PR";"ALVO_VALIDADO";"80.57";"80.57";"0.19796450291671838";"0.07";""
"MLB4937525359";"VTK005794";"Gabinete Gamer C3Tech Aquarius MT-G810 Sem Fans Preto";"EVOLUSOM-PR";"ALVO_VALIDADO";"347";"370.15";"0.10001350803728219";"0.1";""
"MLB4937524045";"VTK017597";"Fonte Chaveada 9v 2a P4 C+ 2.1 X 5.5 Mm";"EVOLUSOM-PR";"ALVO_VALIDADO";"49";"49.38";"0.07006885378695828";"0.07";""
"MLB4937523965";"VTK018645";"Fonte Atx Gamemax Gp400a 400w Real 80plus/pfc/bivolt Auto";"EVOLUSOM-PR";"ALVO_VALIDADO";"423";"463.52";"0.10001725923369002";"0.1";""
"MLB4937523785";"VTK017222";"Fone De Ouvido Evus F-09 Intra Auricular Premium Rosa";"EVOLUSOM-PR";"ALVO_VALIDADO";"46";"48.5";"0.07010309278350516";"0.07";""
"MLB4937519869";"VTK019116";"Esmerilhadeira Vonder 4.1/ 2"" Eav 860 127v";"EVOLUSOM-PR";"ALVO_VALIDADO";"417";"443.67";"0.10000676178240583";"0.1";""
"MLB4937519569";"VTK012916";"Encordoamento Giannini P/contra Baixo Pesado 0.045 Geebrs/5";"EVOLUSOM-PR";"ALVO_VALIDADO";"227.3";"227.3";"0.20219973603167618";"0.1";""
"MLB4937490735";"VTK018520";"Cabo Santo Angelo Rca Paredão 5 Metros Estéreo Vermelho Cristal";"EVOLUSOM-PR";"ALVO_VALIDADO";"228.94";"228.94";"0.19839259194548792";"0.1";""
"MLB4937490499";"VTK018177";"Cabo Paralelo Technoise 100% Cobre Cristal 2x4.00mm - 50 Metros";"EVOLUSOM-PR";"ALVO_VALIDADO";"770";"774.55";"0.10000645536117746";"0.1";""
"MLB4937488947";"VTK017622";"Cabo óptico Splitter Intelbras Xfs 1322 Plc 1x32 Sc/apc 4830027";"EVOLUSOM-PR";"ALVO_VALIDADO";"299";"299";"0.10076923076923076";"0.1";""
"MLB4937486509";"VTK003185";"Cabo Cannon Macho para Cannon Fêmea 10m CBCN0002 Storm";"EVOLUSOM-PR";"ALVO_VALIDADO";"59";"59";"0.08711864406779661";"0.07";""
"MLB4937486417";"VTK005071";"Cabo Blindado 2RCA X 2RCA 5m Azul Storm";"EVOLUSOM-PR";"ALVO_VALIDADO";"59.58";"59.6";"0.07013422818791945";"0.07";""
"MLB4937486049";"VTK017571";"Bateria Selada de Chumbo Elgin VRLA 12V 7Ah";"EVOLUSOM-PR";"ALVO_VALIDADO";"103";"111.76";"0.07006084466714388";"0.07";""
"MLB4937480137";"VTK017329";"Cabo Vga Evus C-041 Hd15 Macho X Hd15 Macho Com Filtro 10,0m";"EVOLUSOM-PR";"ALVO_VALIDADO";"57.93";"57.94";"0.07007248878149809";"0.07";""
"MLB4937479755";"VTK017449";"Cabo RCA 2x2 Storm CBRC0035 Profissional Blindado Vermelho 1m";"EVOLUSOM-PR";"IDENTIDADE_PENDENTE";"55.31";"58.24";"0.07005494505494506";"0.07";"BRAND: cadastro=Stormtech, ML=Storm"
"MLB4937479371";"VTK019026";"Cabo Para Microfone Mono Tiaflex Espiralado 100 Metros 1x0,14 Mm 501410";"EVOLUSOM-PR";"ALVO_VALIDADO";"330";"330";"0.11006060606060607";"0.1";""
"MLB4937477631";"VTK017213";"Cabo óptico Splitter Intelbras Xfs 141 Plc 1x4 Sc/upc 4830029";"EVOLUSOM-PR";"ALVO_VALIDADO";"67.41";"67.42";"0.07000889943636902";"0.07";""
"MLB4937477495";"VTK017755";"Cabo óptico Splitter Intelbras Xfs 142 Plc 1x4 Sc/apc 4830019";"EVOLUSOM-PR";"ALVO_VALIDADO";"65";"67.26";"0.07002676181980375";"0.07";""
"MLB4937477311";"VTK018479";"Cabo Hdmi Aquário 4k20 4k Macho X Macho 2.0 20m";"EVOLUSOM-PR";"ALVO_VALIDADO";"286.25";"286.25";"0.21439301310043668";"0.1";""
"MLB4937477103";"VTK017332";"Cabo Hdmi Evus C-050 4k Macho X Macho V2.0 3,0m";"EVOLUSOM-PR";"ALVO_VALIDADO";"46";"48.21";"0.07010993569798797";"0.07";""
"MLB4937477027";"VTK017453";"Cabo Hdmi Aquário 2.0 4k 3 Metro";"EVOLUSOM-PR";"ALVO_VALIDADO";"38";"39.66";"0.07009581442259204";"0.07";""
"MLB4937467285";"VTK017679";"Bateria Selada De Chumbo Elgin Vrla 6v 4,5ah";"EVOLUSOM-PR";"ALVO_VALIDADO";"59.9";"63.19";"0.07010602943503719";"0.07";""
"MLB4937409883";"VTK005814";"Amplificador Frahm RD BT Ceiling Amplifier Bluetooth 40W RMS";"EVOLUSOM-PR";"ALVO_VALIDADO";"557";"600.06";"0.10000666600006666";"0.1";""
"MLB4937409025";"VTK017876";"Amplificador Digital Stetsom Db500 500w 1 Canal 4 Ohms";"EVOLUSOM-PR";"ALVO_VALIDADO";"470";"493.83";"0.10001417491849422";"0.1";""
"MLB4937408849";"VTK017836";"Amplificador Digital Stetsom Cl800.4 800w";"EVOLUSOM-PR";"ALVO_VALIDADO";"447";"467.63";"0.10001496909950175";"0.1";""
"MLB4937408639";"VTK018489";"Alto Falante Eros E-15 Hammer 7200 Xbass 4hms Amarelo";"EVOLUSOM-PR";"ALVO_VALIDADO";"2390";"2643.8";"0.15";"0.15";""
"MLB4937408283";"VTK017940";"Subwoofer JBL Tornado 18SWT5600 18 Polegadas 2800W RMS 4 Ohms";"EVOLUSOM-PR";"ALVO_VALIDADO";"2099";"2417.13";"0.15000020685689225";"0.15";""
"MLB4937407843";"VTK018501";"Alto Falante Roadstar Rs850br Marine Coaxial 8'' Par";"EVOLUSOM-PR";"ALVO_VALIDADO";"970";"1107.83";"0.1500049646606429";"0.15";""
"MLB4937405043";"VTK018988";"Alto Falante Eros E908 Trio Evo 8r 450w";"EVOLUSOM-PR";"ALVO_VALIDADO";"899";"960.36";"0.1000041651047524";"0.1";""
"MLB4937404789";"VTK018917";"Alto Falante Eros Linha Pro E-510 10"" 8r 500w Rms";"EVOLUSOM-PR";"ALVO_VALIDADO";"899";"930.25";"0.10000537489922064";"0.1";""
"MLB4937404067";"VTK017264";"Alto Falante Triaxial 6"" Pioneer Ts-1790br 120wrms Par";"EVOLUSOM-PR";"ALVO_VALIDADO";"290";"290";"0.1477241379310345";"0.1";""
"MLB4937398279";"VTK018568";"Amplificador Digital Stetsom Vulcan 3000 1 Canal 2 Ohms";"EVOLUSOM-PR";"ALVO_VALIDADO";"1011";"1111.55";"0.15000674733480276";"0.15";""
"MLB4937398015";"VTK017609";"Amplificador Digital Stetsom Hl800.4 900w 4 Canais 2 Ohms";"EVOLUSOM-PR";"ALVO_VALIDADO";"600.74";"648.23";"0.1000107986362865";"0.1";""
"MLB4937396643";"VTK019005";"Alto Falante Subwoofer 15"" Eros Target Xbass 5k 2500w Rms 4 Ohms - Amarelo";"EVOLUSOM-PR";"ALVO_VALIDADO";"2070";"2347.31";"0.1500014910684997";"0.15";""
"MLB4937392937";"VTK018500";"Alto Falante Roadstar Rs650mbr Marine Coaxial 6,5'' 200w Rms 4 Ohms Par";"EVOLUSOM-PR";"ALVO_VALIDADO";"697";"755.34";"0.10000794344268807";"0.1";""
"MLB4937391243";"VTK018238";"Alicate Decapador/cortador Ajustável Hikari Hk-312";"EVOLUSOM-PR";"ALVO_VALIDADO";"67";"68.46";"0.07011393514460999";"0.07";""
"MLB4937384875";"VTK017229";"Alto Falante Pioneer 6"" Ts-1760br 100rms Par";"EVOLUSOM-PR";"ALVO_VALIDADO";"236.93";"236.93";"0.19904613176887687";"0.1";""
"MLB4937384547";"VTK017221";"Alicate Vonder Corte Diagonal 6"" 1000v";"EVOLUSOM-PR";"ALVO_VALIDADO";"56.64";"56.64";"0.07009180790960452";"0.07";""
"MLB4937384359";"VTK018239";"Alicate Multiuso Vonder 954 Para Eletrecista 9""";"EVOLUSOM-PR";"ALVO_VALIDADO";"63.72";"63.73";"0.07013965165542131";"0.07";""
"MLB4937383945";"VTK017920";"Alicate Bico Redondo Longo Hikari 6"" 150 Mm";"EVOLUSOM-PR";"ALVO_VALIDADO";"44";"46.31";"0.07017922694882314";"0.07";""
"MLB4935792289";"VTK012820";"Fone De Ouvido Athm50x Preto Audiotechnica";"BKR1";"ALVO_VALIDADO";"2140";"2495.79";"0.15000060101210438";"0.15";""
"MLB4935792261";"VTK012644";"Caixa De Som Coluna Passiva 8x3"" Versa Red Attack Vsc83";"BKR1";"ALVO_VALIDADO";"1999";"2336.3";"0.15000214013611263";"0.15";""
"MLB4935792067";"VTK016235";"8 Pilhas Comum D Panasonic (4 Cart)";"BKR1";"ALVO_VALIDADO";"52.68";"55.67";"0.07005568528830608";"0.07";""
"MLB4935791983";"VTK000047";"Multímetro Digital Minipa ET-1002";"EVOLUSOM-PR";"ALVO_VALIDADO";"141.09";"141.09";"0.10886668084201573";"0.07";""
"MLB4930416431";"VTK012936";"Bateria Alcalina 9v Rayovac Cartela Com 02 Unidades";"BKR1";"ALVO_VALIDADO";"53";"53";"0.08943396226415094";"0.07";""
"MLB7238967906";"VTK017231";"Caixa Hermética Multitoc Vedada 17x13,5x6,5 Completa Cinza";"EVOLUSOM-PR";"ALVO_VALIDADO";"42";"42";"0.0769047619047619";"0.07";""
"MLB7111708258";"VTK003684";"Pilha Alcalina 1,5v AA MN1500 (C/8 Pilhas) Duracell";"BKR1";"ALVO_VALIDADO";"80.63";"80.63";"0.152672702468064";"0.07";""
"MLB7149327868";"VTK003684";"Pilha Alcalina 1,5v AA MN1500 (C/8 Pilhas) Duracell";"BKR1";"ALVO_VALIDADO";"80.63";"80.63";"0.152672702468064";"0.07";""
"MLB7239004176";"VTK001028";"Chaleira Elétrica Agratto CE02 Prata Em Aço Inox 220V";"EVOLUSOM-PR";"ALVO_VALIDADO";"68.9";"72.65";"0.07006194081211287";"0.07";""
"MLB4937479947";"VTK017945";"Cabo Usb A X Lightning Proeletronic Caus-100l Branco 1,0m";"EVOLUSOM-PR";"ALVO_VALIDADO";"74.67";"74.68";"0.07003213711837172";"0.07";""
"MLB7227726872";"VTK012790";"Refletor Tr Led 50w Slim 6500k Preto";"BKR1";"ALVO_VALIDADO";"78.9";"78.9";"0.07034220532319391";"0.07";""
"MLB4937546247";"VTK017223";"Headset Gamer Evus F-02r Supreme";"EVOLUSOM-PR";"ALVO_VALIDADO";"78.9";"90.16";"0.07009760425909495";"0.07";""
"MLB4937488303";"VTK017334";"Cabo Hdmi Evus C-052 4k Macho X Macho V2.0 10,0m";"EVOLUSOM-PR";"ALVO_VALIDADO";"78.9";"87.64";"0.0700593336376084";"0.07";""
"MLB4937523881";"VTK017368";"Fonte Atx Evus Ft-200w Atx 200w Real 20/24p 3 Sata Com Cabo";"EVOLUSOM-PR";"ALVO_VALIDADO";"78.9";"89.73";"0.07009918644823358";"0.07";""
"MLB7104350446";"VTK000627";"Apresentador Sem Fio C3Tech AP-200";"EVOLUSOM-PR";"ALVO_VALIDADO";"84.85";"84.85";"0.07000589275191516";"0.07";""
"MLB7087121826";"VTK000627";"Apresentador Sem Fio C3Tech AP-200";"EVOLUSOM-PR";"ALVO_VALIDADO";"84.85";"84.85";"0.07000589275191516";"0.07";""
"MLB7239025350";"VTK001672";"Jogo de Soquete Com 11 Peças e Catraca Brasfort";"EVOLUSOM-PR";"ALVO_VALIDADO";"78.9";"90.02";"0.0700955343257054";"0.07";""
"MLB4930775609";"VTK012795";"Limpador de Cordas Solez LCCS 2 Dist Aerosol";"BKR1";"ALVO_VALIDADO";"78.9";"87.78";"0.07006151742993849";"0.07";""
"MLB7247346484";"VTK018041";"Arandela 6"" Frahm Cs Cx 50w - Branca";"EVOLUSOM-PR";"ALVO_VALIDADO";"299";"314.44";"0.10001908154178857";"0.1";""
"MLB7247346250";"VTK019180";"Câmera De Segurança Externa Elsys Full Hd - Esc-wb3f";"EVOLUSOM-PR";"ALVO_VALIDADO";"539";"558.66";"0.10000715998997602";"0.1";""
"MLB7247346200";"VTK017640";"Cinta Metálica Permak Para Auto Rádio Bosch 130";"EVOLUSOM-PR";"ALVO_VALIDADO";"35";"36.55";"0.07004103967168264";"0.07";""
"MLB7247346172";"VTK017323";"Controle Remoto MXT 01374 para TV Samsung 4K Netflix";"EVOLUSOM-PR";"ALVO_VALIDADO";"42";"43.18";"0.07017137563686891";"0.07";""
"MLB7247346062";"VTK017186";"Ferro De Solda Hikari Power 25w 127v";"EVOLUSOM-PR";"ALVO_VALIDADO";"85.57";"85.57";"0.19434381208367418";"0.07";""
"MLB7247345986";"VTK018245";"Câmera Dome Citrox Jetcolor 4x1 2mp Ir20m";"EVOLUSOM-PR";"ALVO_VALIDADO";"277";"281.14";"0.10002134168030163";"0.1";""
"MLB7247345856";"VTK017537";"Fone Com Microfone C3 Tech Ph-60bk Voicer Comfort";"EVOLUSOM-PR";"ALVO_VALIDADO";"61.98";"61.99";"0.07001129214389418";"0.07";""
"MLB4942213867";"VTK018238";"Alicate Decapador/cortador Ajustável Hikari Hk-312";"EVOLUSOM-PR";"ALVO_VALIDADO";"67";"68.46";"0.07011393514460999";"0.07";""
"MLB4942213843";"VTK017836";"Amplificador Digital Stetsom Cl800.4 800w";"EVOLUSOM-PR";"ALVO_VALIDADO";"447";"467.63";"0.10001496909950175";"0.1";""
"MLB4942213799";"VTK005814";"Amplificador Frahm RD BT Ceiling Amplifier Bluetooth 40W RMS";"EVOLUSOM-PR";"ALVO_VALIDADO";"557";"600.06";"0.10000666600006666";"0.1";""
"MLB4942213571";"VTK017597";"Fonte Chaveada 9v 2a P4 C+ 2.1 X 5.5 Mm";"EVOLUSOM-PR";"ALVO_VALIDADO";"49";"49.38";"0.07006885378695828";"0.07";""
"MLB4942213343";"VTK017932";"Mini Morsa Hikari Hk-201 Abertura Máxima: 2""/ 50mm";"EVOLUSOM-PR";"ALVO_VALIDADO";"149.3";"149.3";"0.087073007367716";"0.07";""
"MLB4942213135";"VTK018643";"Tweeter Permak 160 Watts Ref. 242";"EVOLUSOM-PR";"ALVO_VALIDADO";"62.18";"62.19";"0.0701077343624377";"0.07";""
"MLB4942212903";"VTK018118";"Refil De Tinta Magenta Multilaser Epson T664 100ml";"EVOLUSOM-PR";"ALVO_VALIDADO";"61.73";"61.73";"0.2713429450834278";"0.07";""
"MLB4942212841";"VTK018559";"Suporte De Mesa Para Tv Multivisão De 32"" Até 65"" - Preto";"EVOLUSOM-PR";"ALVO_VALIDADO";"299";"316.16";"0.10001265182186235";"0.1";""
"MLB4942212661";"VTK018080";"Alarme Automotivo Positron Cyber Ex-360 Blade";"EVOLUSOM-PR";"ALVO_VALIDADO";"447";"468.42";"0.10001707869006447";"0.1";""
"MLB4942212637";"VTK018349";"Alarme Automotivo Fks Fki505rf Conector Original Fiat 2012 Controle Cr963";"EVOLUSOM-PR";"ALVO_VALIDADO";"316";"354.69";"0.10000281936338774";"0.1";""
"MLB4942206393";"VTK017229";"Alto Falante Pioneer 6"" Ts-1760br 100rms Par";"EVOLUSOM-PR";"ALVO_VALIDADO";"236.93";"236.93";"0.19904613176887687";"0.1";""
"MLB4942206195";"VTK018520";"Cabo Santo Angelo Rca Paredão 5 Metros Estéreo Vermelho Cristal";"EVOLUSOM-PR";"ALVO_VALIDADO";"228.94";"228.94";"0.19839259194548792";"0.1";""
"MLB4942205913";"VTK018086";"Multimidia Mp5 Roadstar Pro Line Rs7200br";"EVOLUSOM-PR";"ALVO_VALIDADO";"517";"540.09";"0.1000018515432613";"0.1";""
"MLB4942205867";"VTK004012";"Nobreak Ts Shara Ups Compact 700VA 7Ah Bivolt";"EVOLUSOM-PR";"ALVO_VALIDADO";"790";"825.73";"0.10000847734731691";"0.1";""
"MLB4942205823";"VTK018637";"Pistola De Cola Quente Hikari Hpc-280 280w Bivolt 21k913";"EVOLUSOM-PR";"ALVO_VALIDADO";"219.34";"219.34";"0.1975471870155922";"0.1";""
"MLB4942205583";"VTK018979";"Moldura Fiamon 9"" Modelo Chinês Com Adaptador 7"" Cruze 2016/2017";"EVOLUSOM-PR";"ALVO_VALIDADO";"329";"357.26";"0.10001119632760454";"0.1";""
"MLB4942205527";"VTK017162";"Multímetro Digital Dt-830b 2 Mega";"EVOLUSOM-PR";"ALVO_VALIDADO";"52.5";"52.5";"0.0700952380952381";"0.07";""
"MLB4942205487";"VTK018278";"Resistência Para Ferro De Solda Hikari Power 40 127v Com 2 Peças";"EVOLUSOM-PR";"ALVO_VALIDADO";"46";"53.1";"0.07005649717514124";"0.07";""
"MLB4942205407";"VTK002745";"Multímetro Analógico Minipa ET-3021C Azul";"EVOLUSOM-PR";"ALVO_VALIDADO";"290";"307.38";"0.10000650660420327";"0.1";""
"MLB4942205239";"VTK017398";"Porta Fusível Technoise 1 Via Niquel Faca Anl";"EVOLUSOM-PR";"ALVO_VALIDADO";"45.6";"47.56";"0.07001682085786375";"0.07";""
"MLB4942205025";"VTK018179";"Adaptador Rca Stetsom St-6100 Com Saída Remoto/filtro Antirruído";"EVOLUSOM-PR";"ALVO_VALIDADO";"165.4";"165.4";"0.07001209189842805";"0.07";""
"MLB4942204815";"VTK020760";"Antena Log Digital Proeletronic Prohd-1040db 14db 28 Elementos";"EVOLUSOM-PR";"ALVO_VALIDADO";"103.88";"103.88";"0.2486522911051213";"0.07";""
"MLB4942204703";"VTK000337";"Caixa Multimídia C3Tech SP-301BK 2.0";"EVOLUSOM-PR";"ALVO_VALIDADO";"52";"53.74";"0.07015258652772609";"0.07";""
"MLB4942204669";"VTK017997";"Câmera De Segurança Rotacional Elsys Esc-wr4f";"EVOLUSOM-PR";"ALVO_VALIDADO";"390";"414.54";"0.10001447387465624";"0.1";""
"MLB4942204637";"VTK018800";"Central Multimídia Roadstar Android Com Carplay 7"" - Rs815br";"EVOLUSOM-PR";"ALVO_VALIDADO";"790";"827.18";"0.10000241785342973";"0.1";""
"MLB4942204541";"VTK018384";"Calculadora Cientifica Procalc Sc82p 10+2 Dígitos 240 Funções";"EVOLUSOM-PR";"ALVO_VALIDADO";"55.47";"55.48";"0.0701153568853641";"0.07";""
"MLB4942204411";"VTK017228";"Disco Diamantado Vonder V4 110mm";"EVOLUSOM-PR";"ALVO_VALIDADO";"39";"40.78";"0.07013241785188817";"0.07";""
"MLB4942204387";"VTK001736";"Ferro de Solda 34W 220V Plus SC40P Azul Hikari";"EVOLUSOM-PR";"ALVO_VALIDADO";"62.1";"62.11";"0.07003703107390113";"0.07";""
"MLB4942204341";"VTK018758";"Ferro De Soldar à Gás Hikari Hk-900 30a100w";"EVOLUSOM-PR";"ALVO_VALIDADO";"157";"163.96";"0.0700170773359356";"0.07";""
"MLB4942204321";"VTK017225";"Fita Auto Fusão Vonder 19mm X 5m";"EVOLUSOM-PR";"ALVO_VALIDADO";"42";"42.14";"0.0700047460844803";"0.07";""
"MLB4942204245";"VTK017739";"Disco Diamantado Vonder V3 Furo 20 110mm";"EVOLUSOM-PR";"ALVO_VALIDADO";"35";"36.9";"0.07018970189701897";"0.07";""
"MLB4942204211";"VTK017962";"Ferro De Solda Hikari 30 Power 25w 220v";"EVOLUSOM-PR";"ALVO_VALIDADO";"85.57";"85.57";"0.19434381208367418";"0.07";""
"MLB4942204135";"VTK018727";"Resistencia Para Ferro De Solda Hikari Power 30 220v Conj 2 Pç";"EVOLUSOM-PR";"ALVO_VALIDADO";"41";"41.88";"0.07020057306590258";"0.07";""
"MLB4942204073";"VTK017604";"Testador Digital De Cabos De Rede Mxt Ns-468-b";"EVOLUSOM-PR";"ALVO_VALIDADO";"59.51";"59.51";"0.07007225676356915";"0.07";""
"MLB4942184259";"VTK017920";"Alicate Bico Redondo Longo Hikari 6"" 150 Mm";"EVOLUSOM-PR";"ALVO_VALIDADO";"44";"46.31";"0.07017922694882314";"0.07";""
"MLB4942184227";"VTK018239";"Alicate Multiuso Vonder 954 Para Eletrecista 9""";"EVOLUSOM-PR";"ALVO_VALIDADO";"63.72";"63.73";"0.07013965165542131";"0.07";""
"MLB4942184071";"VTK017571";"Bateria Selada de Chumbo Elgin VRLA 12V 7Ah";"EVOLUSOM-PR";"ALVO_VALIDADO";"103";"111.76";"0.07006084466714388";"0.07";""
"MLB4942183847";"VTK017222";"Fone De Ouvido Evus F-09 Intra Auricular Premium Rosa";"EVOLUSOM-PR";"ALVO_VALIDADO";"46";"48.5";"0.07010309278350516";"0.07";""
"MLB4942183783";"VTK018595";"Módulo Amplificador H-buster Maxpower Hbm6400 6 Canais";"EVOLUSOM-PR";"ALVO_VALIDADO";"711";"742.99";"0.10000134591313477";"0.1";""
"MLB4942183635";"VTK019115";"Grampeador/pinador Elétrico Vonder Gpe 916 127v";"EVOLUSOM-PR";"ALVO_VALIDADO";"555";"586.17";"0.10000511796918983";"0.1";""
"MLB4942183533";"VTK018981";"Moldura Fiamon 9"" Toyota Corolla G10 Preta Fosca";"EVOLUSOM-PR";"ALVO_VALIDADO";"122";"132.05";"0.07004922377887163";"0.07";""
"MLB4942183509";"VTK019132";"Moldura Fiamon Fit 15/19 G3 Black Piano";"EVOLUSOM-PR";"ALVO_VALIDADO";"249";"252.48";"0.10000792141951838";"0.1";""
"MLB4942183017";"VTK018503";"Alarme Automotivo Universal Fks Fk904 Cb Com Bloqueador";"EVOLUSOM-PR";"ALVO_VALIDADO";"337";"337";"0.10044510385756678";"0.1";""
"MLB4942182987";"VTK017861";"Alarme Automotivo Fks Fk902 Plus Universal Função Desliga Rádio";"EVOLUSOM-PR";"ALVO_VALIDADO";"209.45";"209.46";"0.10001909672491167";"0.1";""
"MLB4942182959";"VTK018009";"Alarme Automotivo Universal Fks Fk902 Plus - Sem Bloqueio";"EVOLUSOM-PR";"ALVO_VALIDADO";"247";"247";"0.11174089068825911";"0.1";""
"MLB4942182707";"VTK017338";"Caixa De Som Evus As-225d Color Wave";"EVOLUSOM-PR";"ALVO_VALIDADO";"79";"82.39";"0.0700327709673504";"0.07";""
"MLB4942182573";"VTK017992";"Caixa Hermética Multitoc Vedada 14,5x10,5x7,0 Completa Preta";"EVOLUSOM-PR";"ALVO_VALIDADO";"35";"35";"0.09428571428571428";"0.07";""
"MLB4942182437";"VTK017688";"Controle Remoto Ar Condicionado Mxt 01300 Samsung Db93-13553a";"EVOLUSOM-PR";"ALVO_VALIDADO";"42";"44.18";"0.07016749660479855";"0.07";""
"MLB4942182145";"VTK001157";"Lupa Com Suporte E Pinça Hikari HLS-10";"EVOLUSOM-PR";"ALVO_VALIDADO";"71.03";"71.05";"0.07009148486981";"0.07";""
"MLB4942182107";"VTK017454";"Teclado Usb Multimídia C3tech Kb-m10bk - Preto";"EVOLUSOM-PR";"ALVO_VALIDADO";"45";"47";"0.07";"0.07";""
"MLB4612539573";"VTK001528";"Encordoamento Para Guitarra .011 Medium Nanoweb 12102 Elixir";"BKR1";"ALVO_VALIDADO";"202.05";"216.09";"0.1000046277014207";"0.1";""
"MLB4582573677";"VTK001528";"Encordoamento Para Guitarra .011 Medium Nanoweb 12102 Elixir";"BKR1";"ALVO_VALIDADO";"202.05";"216.09";"0.1000046277014207";"0.1";""
"MLB7108545962";"VTK000036";"Encordoamento Para Contrabaixo 4 Cordas .045 Giannini GEEBRS";"EVOLUSOM-PR";"ALVO_VALIDADO";"136.37";"136.38";"0.07002493034169234";"0.07";""
"MLB7076429362";"VTK000036";"Encordoamento Para Contrabaixo 4 Cordas .045 Giannini GEEBRS";"EVOLUSOM-PR";"ALVO_VALIDADO";"136.37";"136.38";"0.07002493034169234";"0.07";""
"MLB7253032724";"VTK001672";"Jogo de Soquete Com 11 Peças e Catraca Brasfort";"EVOLUSOM-PR";"ALVO_VALIDADO";"78.9";"90.02";"0.0700955343257054";"0.07";""
"MLB7253032596";"VTK018917";"Alto Falante Eros Linha Pro E-510 10"" 8r 500w Rms";"EVOLUSOM-PR";"ALVO_VALIDADO";"899";"930.25";"0.10000537489922064";"0.1";""
"MLB7253022344";"VTK017223";"Headset Gamer Evus F-02r Supreme";"EVOLUSOM-PR";"ALVO_VALIDADO";"78.9";"90.16";"0.07009760425909495";"0.07";""
"MLB7253022256";"VTK018500";"Alto Falante Roadstar Rs650mbr Marine Coaxial 6,5'' 200w Rms 4 Ohms Par";"EVOLUSOM-PR";"ALVO_VALIDADO";"697";"755.34";"0.10000794344268807";"0.1";""
"MLB7253022242";"VTK017609";"Amplificador Digital Stetsom Hl800.4 900w 4 Canais 2 Ohms";"EVOLUSOM-PR";"ALVO_VALIDADO";"600.74";"648.23";"0.1000107986362865";"0.1";""
"MLB7253022130";"VTK019049";"Teclado Gamer Bloody B540 Mecânico De Alta Performance Usb Preto";"EVOLUSOM-PR";"ALVO_VALIDADO";"991";"1191";"0.15";"0.15";""
"MLB7252818098";"VTK016152";"40 Pilhas Alcalinas Aaa Panasonic (10 Cart)";"BKR1";"ALVO_VALIDADO";"183.06";"183.06";"0.07642303070031684";"0.07";""
"MLB4945582851";"VTK018988";"Alto Falante Eros E908 Trio Evo 8r 450w";"EVOLUSOM-PR";"ALVO_VALIDADO";"899";"960.36";"0.1000041651047524";"0.1";""
"MLB4945582837";"VTK018501";"Alto Falante Roadstar Rs850br Marine Coaxial 8'' Par";"EVOLUSOM-PR";"ALVO_VALIDADO";"970";"1107.83";"0.1500049646606429";"0.15";""
"MLB4945582777";"VTK018674";"Dvr Gravador De Vídeo Frahm 8 Canais Fgd2008l";"EVOLUSOM-PR";"ALVO_VALIDADO";"711";"728.85";"0.10000686012211017";"0.1";""
"MLB7258671368";"VTK001122";"Super Mixer Agratto MX-01 200W Preto 127v";"BKR1";"ALVO_VALIDADO";"122.31";"122.32";"0.07006213211249183";"0.07";""
"MLB7257135796";"VTK002611";"Adaptador USB Tipo C Macho Para VGA Femea ADAP0057 Branca Storm";"EVOLUSOM-PR";"ALVO_VALIDADO";"77.24";"77.24";"0.2704557224236147";"0.07";""
"MLB4949364223";"VTK001220";"Arandela 6"" Frahm 70w Quadrada Cx Branca";"EVOLUSOM-PR";"ALVO_VALIDADO";"276.8";"296.85";"0.10001684352366515";"0.1";""
"MLB4947942215";"VTK017475";"Cabo Lan Mpt Cat6 U/utp 23awgx4p 305 Metros Cmx Azul 53040545";"EVOLUSOM-PR";"ALVO_VALIDADO";"1390";"1602.28";"0.1500049928851387";"0.15";""
"MLB7111644574";"VTK012178";"Driver 25mm 30w Rms 8 Ohms - Atk 35mh2560b-8 - Médios E Agudos";"BKR1";"ALVO_VALIDADO";"153";"163.99";"0.07000426855296055";"0.07";""
"MLB7276014356";"VTK012049";"Bateria Elgin Zinco-Carvão 9V 6F22 Blister 1 Unidade";"BKR1";"ALVO_VALIDADO";"25.34";"25.35";"0.07021696252465483";"0.07";""
"MLB7272652038";"VTK017940";"Subwoofer JBL Tornado 18SWT5600 18 Polegadas 2800W RMS 4 Ohms";"EVOLUSOM-PR";"ALVO_VALIDADO";"2099";"2417.13";"0.15000020685689225";"0.15";""
"MLB7184713650";"VTK016191";"56 Pilhas Comum Aa Panasonic (7 Cart)";"BKR1";"ALVO_VALIDADO";"101";"101";"0.1313861386138614";"0.07";""
"MLB7287243078";"VTK025254";"2 Jogos de Cordas 010 Light Guitarra Optiweb Elixir";"BKR1";"ALVO_VALIDADO";"449.54";"473.82";"0.1000168840487949";"0.1";""
"MLB7287242104";"VTK025252";"2 Jogos de Cordas 010 Extra Light Phosphor Violão Aço Elixir";"BKR1";"ALVO_VALIDADO";"606.31";"637.06";"0.10000627884343705";"0.1";""
"MLB7287241400";"VTK025251";"2 Jogos de Cordas 010 Extra Light 80/20 Violão Aço Elixir";"BKR1";"ALVO_VALIDADO";"475.59";"500.95";"0.10000998103603155";"0.1";""
"MLB7287239546";"VTK025248";"2 Jogos de Cordas 009 Custom Light Guitarra Nanoweb Elixir";"BKR1";"ALVO_VALIDADO";"500.69";"526.65";"0.10000949397132822";"0.1";""
"MLB7287228026";"VTK025250";"2 Jogos de Cordas 009 Super Light Guitarra Optiweb Elixir";"BKR1";"ALVO_VALIDADO";"449.54";"473.82";"0.1000168840487949";"0.1";""
"MLB7287177370";"VTK025249";"2 Jogos de Cordas 009 Super Light Guitarra Nanoweb Elixir";"BKR1";"ALVO_VALIDADO";"410.22";"432.88";"0.1000046202180743";"0.1";""
"MLB7286157346";"VTK018973";"Sirene Smart Isi 1001 Intelbras";"EVOLUSOM-PR";"ALVO_VALIDADO";"370";"388.89";"0.10000257142122451";"0.1";""
"MLB7286157244";"VTK018926";"Sirene Sem Fio Intelbras Is7";"EVOLUSOM-PR";"ALVO_VALIDADO";"290";"319.16";"0.1000125328988595";"0.1";""
"MLB7286157094";"VTK018927";"Sensor Presenca Intelbras Sem Fio Is5";"EVOLUSOM-PR";"ALVO_VALIDADO";"269";"296.17";"0.10001012931762164";"0.1";""
"MLB7286156942";"VTK018451";"Sensor Magnético Abertura Intelbras Sem Fio Is3";"EVOLUSOM-PR";"ALVO_VALIDADO";"164.11";"164.11";"0.07001401498994576";"0.07";""
"MLB7285987972";"VTK017362";"Cooler Gamer Evus F12s-argb Singularity";"EVOLUSOM-PR";"ALVO_VALIDADO";"55";"56.74";"0.07014451885794853";"0.07";""
"MLB7285987892";"VTK017375";"Cooler Gamer Evus F-12rgb Fan 12cm Com Led Rgb";"EVOLUSOM-PR";"ALVO_VALIDADO";"42";"43.25";"0.07005780346820809";"0.07";""
"MLB7285987734";"VTK017787";"Cabo De Aço Galvanizado Vonder 1,5mm 6x7 Bobina 500m";"EVOLUSOM-PR";"ALVO_VALIDADO";"470";"479.77";"0.10000625299622735";"0.1";""
"MLB7285984342";"VTK017955";"Jogo De Panelas Tramontina Loreto Alumínio Starflon Max 5 Peças Grafite";"EVOLUSOM-PR";"ALVO_VALIDADO";"449";"449";"0.1123608017817372";"0.1";""
"MLB7285979328";"VTK018602";"Moldura Universal Permak 2 Din 90/g";"EVOLUSOM-PR";"ALVO_VALIDADO";"35";"35";"0.09428571428571428";"0.07";""
"MLB7285978902";"VTK018910";"Moldura Fiamon 2 Din Gm Vectra Gt/meriva/corsa/montana Prata";"EVOLUSOM-PR";"ALVO_VALIDADO";"49";"49";"0.0763265306122449";"0.07";""
"MLB7285976880";"VTK017760";"Miniprocessador Agratto Ampr01i-01 350ml 100w 127v";"EVOLUSOM-PR";"ALVO_VALIDADO";"122.94";"122.94";"0.09874735643403287";"0.07";""
"MLB7285976496";"VTK017599";"Interfone Hdl Az-s01 Ajuste Volume E Toque Branco";"EVOLUSOM-PR";"ALVO_VALIDADO";"221.78";"221.78";"0.2005140229055821";"0.1";""
"MLB7285976274";"VTK017328";"Fan Para Pc Gamer Gf12r 12cm Vermelho 32 Led";"EVOLUSOM-PR";"ALVO_VALIDADO";"67.53";"67.54";"0.07003257328990228";"0.07";""
"MLB7285975146";"VTK017363";"Cooler Gamer Evus F12d-argb Double Ring";"EVOLUSOM-PR";"ALVO_VALIDADO";"53.52";"57.05";"0.07011393514460999";"0.07";""
"MLB7285954730";"VTK018773";"Moldura Fiamon 2 Din Idea/ Idea Adventure 13/ 18 Prata";"EVOLUSOM-PR";"ALVO_VALIDADO";"152.53";"155.13";"0.07000580158576677";"0.07";""
"MLB7285954282";"VTK018376";"Moldura 2 Din Fiamon Gm Vectra Gt/ Meriva/ Corsa/ Montana Black";"EVOLUSOM-PR";"ALVO_VALIDADO";"48.56";"48.56";"0.0700164744645799";"0.07";""
"MLB7285952348";"VTK018198";"Liquidificador Philco Ph900 Com Filtro 12 Velocidades 3 Litros Vermelho 127v";"EVOLUSOM-PR";"ALVO_VALIDADO";"240";"251.62";"0.10003179397504174";"0.1";""
"MLB7285950578";"VTK018150";"Câmera Bullet Hikvision Plast Ds-2ce16d8t-itf 2.8 1080p";"EVOLUSOM-PR";"ALVO_VALIDADO";"330";"336.33";"0.10002081289210003";"0.1";""
"MLB7285499326";"VTK018513";"Par Lâmpadas Narva HB3 9005 White 12V 60W P20d";"EVOLUSOM-PR";"ALVO_VALIDADO";"101.72";"101.73";"0.07008748648382974";"0.07";""
"MLB7285498824";"VTK018703";"Cabo Auto Plastic Pompéia Profissional 50,00 Mm Rolo Com 12 Metros";"EVOLUSOM-PR";"ALVO_VALIDADO";"1099";"1193.19";"0.1500012571342368";"0.15";""
"MLB7285487582";"VTK018171";"Suporte Para Tv Multivisão Led-180 Preto Para Tv Samsung Led 26 A 55""";"EVOLUSOM-PR";"ALVO_VALIDADO";"134.52";"134.52";"0.07002676181980375";"0.07";""
"MLB4967208843";"VTK025275";"3 Jogos de Cordas 11 Custom Light Phosphor Violão Aço Elixir";"BKR1";"ALVO_VALIDADO";"912.38";"926.69";"0.10000107910951882";"0.1";""
"MLB4967205255";"VTK025269";"3 Jogos de Cordas 011 Custom Light 80/20 Violão Aço Elixir";"BKR1";"ALVO_VALIDADO";"934.97";"945.27";"0.1000031736964042";"0.1";""
"MLB4967203649";"VTK025267";"3 Jogos de Cordas 010 Light Guitarra Nanoweb Elixir";"BKR1";"ALVO_VALIDADO";"643.86";"649.82";"0.1000123111015358";"0.1";""
"MLB4967201979";"VTK025264";"3 Jogos de Cordas 009 Super Light Guitarra Optiweb Elixir";"BKR1";"ALVO_VALIDADO";"697.49";"727.87";"0.10000412161512359";"0.1";""
"MLB4967194711";"VTK025273";"3 Jogos de Cordas 012 Light Violão Aço Nanoweb Elixir";"BKR1";"ALVO_VALIDADO";"950.48";"963.8";"0.1";"0.1";""
"MLB4967194049";"VTK025272";"3 Jogos de Cordas 012 Light Phosphor Violão Aço Nanoweb Elixir";"BKR1";"ALVO_VALIDADO";"965.16";"979.65";"0.10000510386362477";"0.1";""
"MLB4967188495";"VTK025262";"3 Jogos de Cordas 009 Custom Light Guitarra Nanoweb Elixir";"BKR1";"ALVO_VALIDADO";"784.18";"793.46";"0.10000504121190733";"0.1";""
"MLB4967188037";"VTK025261";"2 Jogos de Cordas 12 Phosphor Violão Aço Nanoweb Elixir";"BKR1";"ALVO_VALIDADO";"605.71";"637.06";"0.10000627884343705";"0.1";""
"MLB4967187517";"VTK025260";"2 Jogos de Cordas 11 Custom Light Phosphor Violão Aço Elixir";"BKR1";"ALVO_VALIDADO";"572.82";"602.83";"0.10001161189721812";"0.1";""
"MLB4967187107";"VTK025259";"2 Jogos de Cordas 013 Medium 80/20 Violão Nanoweb Elixir";"BKR1";"ALVO_VALIDADO";"563.53";"596.43";"0.10001173649883474";"0.1";""
"MLB4967186763";"VTK025258";"2 Jogos de Cordas 012 Light Violão Aço Nanoweb Elixir";"BKR1";"ALVO_VALIDADO";"596.08";"626.42";"0.10001277098432362";"0.1";""
"MLB4967185851";"VTK025255";"2 Jogos de Cordas 011 Custom Light 80/20 Violão Aço Elixir";"BKR1";"ALVO_VALIDADO";"595.62";"625.94";"0.10000958558328274";"0.1";""
"MLB4967171103";"VTK025274";"3 Jogos de Cordas 013 Medium 80/20 Violão Nanoweb Elixir";"BKR1";"ALVO_VALIDADO";"890.01";"909.53";"0.10000769628269546";"0.1";""
"MLB4967168963";"VTK025270";"3 Jogos de Cordas 011 Medium Guitarra Nanoweb Elixir";"BKR1";"ALVO_VALIDADO";"566.05";"595.15";"0.10000840124338403";"0.1";""
"MLB4967167529";"VTK025268";"3 Jogos de Cordas 010 Light Guitarra Optiweb Elixir";"BKR1";"ALVO_VALIDADO";"683.08";"688.96";"0.10000580585229912";"0.1";""
"MLB4967165957";"VTK025266";"3 Jogos de Cordas 010 Extra Light Phosphor Violão Aço Elixir";"BKR1";"ALVO_VALIDADO";"977.72";"993.29";"0.10000100675532825";"0.1";""
"MLB4967165587";"VTK025265";"3 Jogos de Cordas 010 Extra Light 80/20 Violão Aço Elixir";"BKR1";"ALVO_VALIDADO";"757.09";"769.83";"0.10000909291661794";"0.1";""
"MLB4967164665";"VTK025263";"3 Jogos de Cordas 009 Super Light Guitarra Nanoweb Elixir";"BKR1";"ALVO_VALIDADO";"642.63";"681.99";"0.10000146629715978";"0.1";""
"MLB4967162183";"VTK025256";"2 Jogos de Cordas 011 Medium Guitarra Nanoweb Elixir";"BKR1";"ALVO_VALIDADO";"389.48";"411.27";"0.1000072944780801";"0.1";""
"MLB4967160835";"VTK025253";"2 Jogos de Cordas 010 Light Guitarra Nanoweb Elixir";"BKR1";"ALVO_VALIDADO";"421.75";"444.44";"0.10001350013500136";"0.1";""
"MLB4966508585";"VTK018148";"Telefone Sem Fio Intelbras Ts 3110 Branco/vermelho 4123101";"EVOLUSOM-PR";"ALVO_VALIDADO";"299";"299";"0.15862876254180602";"0.1";""
"MLB4966507939";"VTK018787";"Fone Headset Intelbras Chs-55 Conector Usb 4010058";"EVOLUSOM-PR";"ALVO_VALIDADO";"470";"477.75";"0.10001046572475145";"0.1";""
"MLB4966092305";"VTK018536";"Calota Grid 117CB Aro 14 Prata Gol Voyage 2014 Unidade";"EVOLUSOM-PR";"ALVO_VALIDADO";"105.76";"105.76";"0.0791414523449319";"0.07";""
"MLB4966055261";"VTK017521";"Reparo Jbl Selenium Rpst304 Para Super Tweeter St304";"EVOLUSOM-PR";"ALVO_VALIDADO";"80.57";"80.57";"0.0700012411567581";"0.07";""
"MLB4966054577";"VTK017173";"Fonte Chaveada Para Cftv 9v 500ma Com Led";"EVOLUSOM-PR";"ALVO_VALIDADO";"41";"41";"0.07";"0.07";""
"MLB4966000715";"VTK017592";"Controle Remoto Mxt 1065 Para Ar-condicionado Universal Kt-1000";"EVOLUSOM-PR";"ALVO_VALIDADO";"47.95";"47.96";"0.07005838198498748";"0.07";""
"MLB4965988433";"VTK017837";"Ponta Fenda Para Ferro De Solda Hikari Hk Plus Sc-60 Com 4 Peças";"EVOLUSOM-PR";"ALVO_VALIDADO";"90.19";"90.19";"0.13349595298813616";"0.07";""
"MLB4965927843";"VTK021130";"Controle Remoto Mxt 01347 Tv Led Lg Akb 75095308";"EVOLUSOM-PR";"ALVO_VALIDADO";"56.35";"56.35";"0.31748003549245785";"0.07";""
"MLB4965919583";"VTK019526";"Módulo Para Porteiro Residencial Intelbras Ipr 8000n Módulo Interno";"EVOLUSOM-PR";"ALVO_VALIDADO";"206.82";"206.82";"0.1992553911613964";"0.1";""
"MLB4965893887";"VTK021272";"Intelbras Telefone Ip Tip 125i Cz 4201251";"EVOLUSOM-PR";"ALVO_VALIDADO";"370";"377.22";"0.10002120778325643";"0.1";""
"MLB4961750989";"VTK021397";"Autotransformador Blindado Indusat 750va Tripolar";"EVOLUSOM-PR";"ALVO_VALIDADO";"185.75";"185.75";"0.1994078061911171";"0.07";""
"MLB4961738321";"VTK021398";"Autotransformador Blindado Indusat 1010va Tripolar";"EVOLUSOM-PR";"ALVO_VALIDADO";"197";"197";"0.17680203045685278";"0.07";""
"MLB7298190078";"VTK018479";"Cabo Hdmi Aquário 4k20 4k Macho X Macho 2.0 20m";"EVOLUSOM-PR";"ALVO_VALIDADO";"286.25";"286.25";"0.21439301310043668";"0.1";""
"MLB7298189920";"VTK017396";"Cabo Rca 'y' Technoise Series 400 Pro 2 Macho X 1 Femea Vermelho - 20cm";"EVOLUSOM-PR";"ALVO_VALIDADO";"53";"55.24";"0.07005792903692976";"0.07";""
"MLB7298189818";"VTK000591";"Ventilador de Parede Ventisol New 50cm Preto 127v";"EVOLUSOM-PR";"ALVO_VALIDADO";"279";"312.94";"0.1000191730044098";"0.1";""
"MLB7298177184";"VTK003308";"Patch Cord U/UTP CAT.6 CMX 10m T568A/B Azul FURUKAWA SOHOPLUS";"EVOLUSOM-PR";"ALVO_VALIDADO";"137";"142.47";"0.07004983505299361";"0.07";""
"MLB7298177172";"VTK000541";"Chaleira Elétrica Agratto Aroma Preto 220v";"BKR1";"ALVO_VALIDADO";"104.66";"104.66";"0.07003630804509842";"0.07";""
"MLB7298177126";"VTK018969";"Central Multimídia Evolve Gp348 7"" Capacitiva Com Espelhamento Ios Android";"EVOLUSOM-PR";"ALVO_VALIDADO";"559";"576.07";"0.10000520770045306";"0.1";""
"MLB7298176950";"VTK009839";"Guitarra Elétrica Sg De Madeira Maciça Thomaz Teg 340 Vermelho";"VANRAL";"ALVO_VALIDADO";"1012";"1198.75";"0.15000625651720542";"0.15";""
"MLB7298176942";"VTK017332";"Cabo Hdmi Evus C-050 4k Macho X Macho V2.0 3,0m";"EVOLUSOM-PR";"ALVO_VALIDADO";"46";"48.21";"0.07010993569798797";"0.07";""
"MLB7297407246";"VTK025855";"9 Baterias Cr2032 Elgin";"BKR1";"ALVO_VALIDADO";"78.53";"78.53";"0.2218260537374252";"0.07";""
"MLB7297406948";"VTK025853";"8 Pilhas Recarregável AAA 900mah Elgin 2 Unidades (4 Cart)";"BKR1";"ALVO_VALIDADO";"114.28";"114.28";"0.14219460973048653";"0.07";""
"MLB7297406618";"VTK025851";"8 Pilhas Recarregável Aa-2500mah Elgin (2 Cart)";"BKR1";"ALVO_VALIDADO";"163.56";"163.56";"0.08944729762778186";"0.07";""
"MLB7297406256";"VTK025847";"8 Pilhas Alcalinas Aa Sm-4 Elgin (2 Cart)";"BKR1";"ALVO_VALIDADO";"63.49";"63.49";"0.2822491730981257";"0.07";""
"MLB7297406140";"VTK025846";"8 Pilhas Alcalinas Aa Sm-2 Elgin (4 Cart)";"BKR1";"ALVO_VALIDADO";"65.59";"65.59";"0.2719926818112517";"0.07";""
"MLB7297406004";"VTK025845";"8 Baterias Zinco 9v Elgin";"BKR1";"ALVO_VALIDADO";"97.64";"97.64";"0.17195821384678409";"0.07";""
"MLB7297405884";"VTK025844";"8 Baterias Recarregaveis 9v Elgin";"EVOLUSOM-PR";"ALVO_VALIDADO";"329.66";"348.7";"0.09999999999999999";"0.1";""
"MLB7297405530";"VTK025841";"7 Baterias Zinco 9v Elgin";"BKR1";"ALVO_VALIDADO";"91.11";"91.11";"0.18669739874876526";"0.07";""
"MLB7297404292";"VTK025813";"50 Baterias CR2450 Elgin (10  Cart)";"BKR1";"ALVO_VALIDADO";"243";"261.78";"0.10000764000305601";"0.1";""
"MLB7297403882";"VTK025803";"5 Baterias Recarregaveis 9v Elgin";"EVOLUSOM-PR";"ALVO_VALIDADO";"218.69";"232.26";"0.1000172220787049";"0.1";""
"MLB7297403792";"VTK025802";"5 Baterias Cr2032 Elgin";"BKR1";"ALVO_VALIDADO";"62.89";"62.89";"0.2851009699475274";"0.07";""
"MLB7297403506";"VTK025788";"40 Pilhas Recarregavel Aaa 900mah Elgin (10 Cart)";"BKR1";"ALVO_VALIDADO";"370.63";"390.67";"0.10000767911536591";"0.1";""
"MLB7297403428";"VTK025787";"40 Pilhas Recarregável Aa-2500mah Elgin (10 Cart)";"BKR1";"ALVO_VALIDADO";"753.22";"766.36";"0.10000521947909599";"0.1";""
"MLB7297403352";"VTK025786";"40 Pilhas Recarregaveis AAA 1000 Mah Elgin (10 Cartelas C/4 Un)";"BKR1";"ALVO_VALIDADO";"343";"375.39";"0.10000266389621461";"0.1";""
"MLB7297403074";"VTK025783";"40 Pilhas Alcalinas AA Elgin (10 Cartelas C/4 Un)";"BKR1";"ALVO_VALIDADO";"143.36";"143.36";"0.10665457589285712";"0.07";""
"MLB7297402976";"VTK025777";"40 Baterias Alcalinas Lr626 Ag4 Elgin (4  Cart)";"BKR1";"ALVO_VALIDADO";"67.57";"67.57";"0.2631345271570224";"0.07";""
"MLB7297402876";"VTK025776";"40 Baterias Alcalinas Lr621 Ag1 Elgin (4  Cart)";"BKR1";"ALVO_VALIDADO";"66.69";"66.69";"0.24801319538161642";"0.07";""
"MLB7297402518";"VTK025773";"4 Pilhas Recarregável AAA 900mah Elgin 2 Unidades (2 Cart)";"BKR1";"ALVO_VALIDADO";"77.43";"77.43";"0.2253648456670541";"0.07";""
"MLB7297402428";"VTK025772";"4 Pilhas recarregável AA 2500 Mah Elgin (2 Cart)";"EVOLUSOM-PR";"ALVO_VALIDADO";"106.38";"106.38";"0.15519834555367554";"0.07";""
"MLB7297401940";"VTK025766";"4 Baterias Cr2032 Elgin";"BKR1";"ALVO_VALIDADO";"58.99";"58.99";"0.3061535853534497";"0.07";""
"MLB7297401850";"VTK025765";"4 Baterias Alcalina A23 Elgin";"BKR1";"ALVO_VALIDADO";"69.67";"69.67";"0.2541983637146548";"0.07";""
"MLB7297401428";"VTK025746";"30 Baterias Alcalinas Lr626 Ag4 Elgin (3  Cart)";"BKR1";"ALVO_VALIDADO";"61.51";"61.51";"0.2921476182734515";"0.07";""
"MLB7297400606";"VTK025740";"3 Baterias Cr2032 Elgin";"BKR1";"ALVO_VALIDADO";"55.08";"55.08";"0.3300653594771242";"0.07";""
"MLB7297400306";"VTK025737";"28 Pilhas Alcalinas Aa Sm-4 Elgin (7 Cart)";"BKR1";"ALVO_VALIDADO";"112.3";"112.3";"0.1452359750667854";"0.07";""
"MLB7297400140";"VTK025732";"25 Baterias Alcalinas A23 (5 Cart)";"BKR1";"ALVO_VALIDADO";"161.73";"161.73";"0.20107586718605086";"0.07";""
"MLB7297400036";"VTK025731";"24 Pilhas Alcalinas Aa Sm-4 Elgin (6 Cart)";"BKR1";"ALVO_VALIDADO";"102.83";"102.83";"0.1616259846348342";"0.07";""
"MLB7297398722";"VTK025719";"20 Pilhas Alcalinas Aa Sm-2 Elgin (10 Cart)";"BKR1";"ALVO_VALIDADO";"95.99";"95.99";"0.17553911865819358";"0.07";""
"MLB7297398384";"VTK025712";"20 Baterias CR2450 Elgin (4  Cart)";"BKR1";"ALVO_VALIDADO";"152.25";"152.25";"0.24006568144499177";"0.07";""
"MLB7297397864";"VTK025706";"20 Baterias Alcalinas A27 Elgin (4  Cart)";"EVOLUSOM-PR";"ALVO_VALIDADO";"103.62";"103.62";"0.1602007334491411";"0.07";""
"MLB7297397256";"VTK025701";"2 Baterias Zinco 9v Elgin";"BKR1";"ALVO_VALIDADO";"56.43";"56.43";"0.32146021619705833";"0.07";""
"MLB7297396992";"VTK025699";"2 Baterias Cr2032 Elgin";"BKR1";"ALVO_VALIDADO";"52.36";"52.36";"0.3491214667685256";"0.07";""
"MLB7297396654";"VTK025696";"18 Pilhas Alcalinas Aaa Sm-2 Elgin (9 Cart)";"BKR1";"ALVO_VALIDADO";"93.09";"93.09";"0.18197443334407562";"0.07";""
"MLB7297394518";"VTK025857";"9 Baterias Zinco 9v Elgin";"BKR1";"ALVO_VALIDADO";"107.34";"107.34";"0.15353083659400038";"0.07";""
"MLB7297393538";"VTK025850";"8 Pilhas recarregável AA 2500 Mah Elgin (4 Cart)";"EVOLUSOM-PR";"ALVO_VALIDADO";"165.31";"165.31";"0.08813743875143669";"0.07";""
"MLB7297393438";"VTK025848";"8 Pilhas Alcalinas Aaa Sm-2 Elgin (4 Cart)";"BKR1";"ALVO_VALIDADO";"65.46";"65.46";"0.27253284448518184";"0.07";""
"MLB7297392560";"VTK025840";"7 Baterias Recarregaveis 9v Elgin";"EVOLUSOM-PR";"ALVO_VALIDADO";"292.43";"309.88";"0.10000645411126888";"0.1";""
"MLB7297392320";"VTK025838";"7 Baterias Alcalina A23 Elgin";"BKR1";"ALVO_VALIDADO";"89.41";"89.41";"0.1908063974946874";"0.07";""
"MLB7297392242";"VTK025829";"6 Pilhas Recarregável AAA 900mah Elgin 2 Unidades (3 Cart)";"BKR1";"ALVO_VALIDADO";"94.67";"94.67";"0.17840921094327664";"0.07";""
"MLB7297392006";"VTK025826";"6 Pilhas Alcalinas Aaa Sm-2 Elgin (3 Cart)";"BKR1";"ALVO_VALIDADO";"59.93";"59.93";"0.3006841314867345";"0.07";""
"MLB7297391538";"VTK025822";"6 Baterias Cr2032 Elgin";"BKR1";"ALVO_VALIDADO";"66.8";"66.8";"0.2664670658682635";"0.07";""
"MLB7297391458";"VTK025821";"6 Baterias Alcalina A23 Elgin";"BKR1";"ALVO_VALIDADO";"82.83";"82.83";"0.20862006519377038";"0.07";""
"MLB7297391312";"VTK025809";"50 Baterias Alcalinas A27 Elgin (10  Cart)";"EVOLUSOM-PR";"ALVO_VALIDADO";"188.56";"188.56";"0.07323928722952906";"0.07";""
"MLB7297391216";"VTK025808";"50 Baterias Alcalinas A23 Elgin (10 Cartelas C/5 Un)";"BKR1";"ALVO_VALIDADO";"247";"253.98";"0.10000787463579809";"0.1";""
"MLB7297391162";"VTK025807";"50 Baterias Alcalinas A23 (10 Cart)";"BKR1";"ALVO_VALIDADO";"301.73";"301.73";"0.2055811487091108";"0.1";""
"MLB7297391050";"VTK025804";"5 Baterias Zinco 9v Elgin";"BKR1";"ALVO_VALIDADO";"78.03";"78.03";"0.2233756247597078";"0.07";""
"MLB7297390776";"VTK025801";"5 Baterias Alcalina A23 Elgin";"BKR1";"ALVO_VALIDADO";"76.25";"76.25";"0.22937704918032784";"0.07";""
"MLB7297389848";"VTK025775";"40 Baterias Alcalinas Lr41 Elgin (4  Cart)";"BKR1";"ALVO_VALIDADO";"75.88";"75.88";"0.23062730627306274";"0.07";""
"MLB7297389774";"VTK025774";"40 Baterias Alcalinas A23 (8 Cart)";"BKR1";"ALVO_VALIDADO";"188";"193.71";"0.0700015487068298";"0.07";""
"MLB7297389410";"VTK025770";"4 Pilhas Alcalinas Aaa Sm-2 Elgin (2 Cart)";"BKR1";"ALVO_VALIDADO";"54.41";"54.41";"0.3346811247932366";"0.07";""
"MLB7297389318";"VTK025769";"4 Pilhas Alcalinas Aa Sm-2 Elgin (2 Cart)";"BKR1";"ALVO_VALIDADO";"55.07";"55.07";"0.33048846922099145";"0.07";""
"MLB7297388426";"VTK025745";"30 Baterias Alcalinas Lr621 Ag1 Elgin (3  Cart)";"BKR1";"ALVO_VALIDADO";"61.1";"61.1";"0.27463175122749595";"0.07";""
"MLB7297387878";"VTK025742";"3 Baterias Zinco 9v Elgin";"BKR1";"ALVO_VALIDADO";"64.95";"64.95";"0.27513471901462666";"0.07";""
"MLB7297387500";"VTK025738";"3 Baterias Alcalina A23 Elgin";"BKR1";"ALVO_VALIDADO";"63.09";"63.09";"0.28403867490886037";"0.07";""
"MLB7297386892";"VTK025725";"20 Pilhas Recarregável AAA 900mah Elgin 2 Unidades (10 Cart)";"BKR1";"ALVO_VALIDADO";"213.06";"225.5";"0.1";"0.1";""
"MLB7297386726";"VTK025722";"20 Pilhas Alcalinas Aaa Sm-2 Elgin (10 Cart)";"BKR1";"ALVO_VALIDADO";"101.25";"101.25";"0.164641975308642";"0.07";""
"MLB7297386542";"VTK025721";"20 Pilhas Alcalinas AAA Elgin (10 Cartelas C/2 Un)";"BKR1";"ALVO_VALIDADO";"101.25";"101.25";"0.164641975308642";"0.07";""
"MLB7297385700";"VTK025718";"20 Pilhas Alcalinas AA Elgin (10 Cartelas C/2 Un)";"BKR1";"ALVO_VALIDADO";"95.99";"95.99";"0.17553911865819358";"0.07";""
"MLB7297385056";"VTK025707";"20 Baterias Alcalinas Lr41 Elgin (2  Cart)";"BKR1";"ALVO_VALIDADO";"59.62";"59.62";"0.3025830258302583";"0.07";""
"MLB7297384492";"VTK025704";"20 Baterias Alcalinas A23 (4 Cart)";"BKR1";"ALVO_VALIDADO";"141.86";"141.86";"0.19885802904271815";"0.07";""
"MLB7297384238";"VTK025700";"2 Baterias Recarregaveis 9v Elgin";"EVOLUSOM-PR";"ALVO_VALIDADO";"117.04";"117.04";"0.13798701298701296";"0.07";""
"MLB7297383964";"VTK025698";"2 Baterias Alcalina A23 Elgin";"BKR1";"ALVO_VALIDADO";"56.51";"56.51";"0.32100513183507345";"0.07";""
"MLB7297381740";"VTK025856";"9 Baterias Recarregaveis 9v Elgin";"EVOLUSOM-PR";"ALVO_VALIDADO";"366.89";"387.53";"0.10001806311769412";"0.1";""
"MLB7297381128";"VTK025852";"8 Pilhas Recarregavel Aaa 900mah Elgin (2 Cart)";"BKR1";"ALVO_VALIDADO";"108.88";"108.88";"0.15080822924320356";"0.07";""
"MLB7297380096";"VTK025843";"8 Baterias Cr2032 Elgin";"BKR1";"ALVO_VALIDADO";"74.62";"74.62";"0.235191637630662";"0.07";""
"MLB7297379956";"VTK025842";"8 Baterias Alcalina A23 Elgin";"BKR1";"ALVO_VALIDADO";"95.99";"95.99";"0.17553911865819358";"0.07";""
"MLB7297379674";"VTK025839";"7 Baterias Cr2032 Elgin";"BKR1";"ALVO_VALIDADO";"70.71";"70.71";"0.2500353556781219";"0.07";""
"MLB7297379402";"VTK025828";"6 Pilhas recarregável AA 2500 Mah Elgin (3 Cart)";"EVOLUSOM-PR";"ALVO_VALIDADO";"139.21";"139.21";"0.11083973852453127";"0.07";""
"MLB7297379158";"VTK025825";"6 Pilhas Alcalinas Aa Sm-2 Elgin (3 Cart)";"BKR1";"ALVO_VALIDADO";"60.33";"60.33";"0.2986905353886955";"0.07";""
"MLB7297379050";"VTK025824";"6 Baterias Zinco 9v Elgin";"BKR1";"ALVO_VALIDADO";"84.57";"84.57";"0.20361830436324937";"0.07";""
"MLB7297378922";"VTK025823";"6 Baterias Recarregaveis 9v Elgin";"EVOLUSOM-PR";"ALVO_VALIDADO";"255.2";"271.07";"0.10001106725200133";"0.1";""
"MLB7297377962";"VTK025793";"45 Baterias Alcalinas A23 (9 Cart)";"BKR1";"ALVO_VALIDADO";"275.36";"275.36";"0.21466443927948867";"0.1";""
"MLB7297377540";"VTK025784";"40 Pilhas Alcalinas Aa Sm-4 Elgin (10 Cart)";"BKR1";"ALVO_VALIDADO";"143.36";"143.36";"0.10665457589285712";"0.07";""
"MLB7297376526";"VTK025768";"4 Baterias Zinco 9v Elgin";"BKR1";"ALVO_VALIDADO";"69.51";"69.51";"0.2547834843907351";"0.07";""
"MLB7297376392";"VTK025767";"4 Baterias Recarregaveis 9v Elgin";"EVOLUSOM-PR";"ALVO_VALIDADO";"187.44";"187.44";"0.0738903115663679";"0.07";""
"MLB7297376038";"VTK025764";"36 Pilhas Alcalinas Aa Sm-4 Elgin (9 Cart)";"BKR1";"ALVO_VALIDADO";"133.88";"133.88";"0.11652225873916941";"0.07";""
"MLB7297375900";"VTK025756";"32 Pilhas Alcalinas Aa Sm-4 Elgin (8 Cart)";"BKR1";"ALVO_VALIDADO";"124.41";"124.41";"0.12788361064223133";"0.07";""
"MLB7297375392";"VTK025744";"30 Baterias Alcalinas Lr41 Elgin (3  Cart)";"BKR1";"ALVO_VALIDADO";"67.75";"67.75";"0.26243542435424355";"0.07";""
"MLB7297375214";"VTK025743";"30 Baterias Alcalinas A23 (6 Cart)";"BKR1";"ALVO_VALIDADO";"191.73";"191.73";"0.21405100923173212";"0.07";""
"MLB7297374950";"VTK025741";"3 Baterias Recarregaveis 9v Elgin";"EVOLUSOM-PR";"ALVO_VALIDADO";"149.31";"149.31";"0.07648516509276003";"0.07";""
"MLB7297373506";"VTK025720";"20 Pilhas Alcalinas Aa Sm-4 Elgin (5 Cart)";"BKR1";"ALVO_VALIDADO";"90.72";"90.72";"0.18750000000000003";"0.07";""
"MLB7297372504";"VTK025709";"20 Baterias Alcalinas Lr626 Ag4 Elgin (2  Cart)";"BKR1";"ALVO_VALIDADO";"55.46";"55.46";"0.32762351244139926";"0.07";""
"MLB7297372340";"VTK025708";"20 Baterias Alcalinas Lr621 Ag1 Elgin (2  Cart)";"BKR1";"ALVO_VALIDADO";"55.52";"55.52";"0.30655619596541783";"0.07";""
"MLB7297370726";"VTK025695";"18 Pilhas Alcalinas Aa Sm-2 Elgin (9 Cart)";"BKR1";"ALVO_VALIDADO";"90.72";"90.72";"0.18750000000000003";"0.07";""
"MLB7296161092";"VTK025594";"6 Baterias Cr2032 Duracell (3 Cart. c/ 2 Un. Cada)";"BKR1";"ALVO_VALIDADO";"131.51";"131.51";"0.1192304767698274";"0.07";""
"MLB7296160790";"VTK025592";"6 Baterias Alcalinas 9v Duracell (3 Cart. c/ 2 Un. Cada)";"BKR1";"ALVO_VALIDADO";"228.89";"243.65";"0.10002052123948287";"0.1";""
"MLB7296160218";"VTK025584";"50 Baterias Alcalinas 9v Duracell (50 Cart. c/ 1 Un. Cada)";"BKR1";"ALVO_VALIDADO";"2158.42";"2281.11";"0.15000153434073762";"0.15";""
"MLB7296159420";"VTK025579";"48 Pilhas Alcalinas Aa Duracell (3 Cart. c/ 16 Un. Cada)";"BKR1";"ALVO_VALIDADO";"371.7";"395.55";"0.1000126406269751";"0.1";""
"MLB7296159056";"VTK025573";"48 Baterias Alcalinas 9v Duracell (48 Cart. c/ 1 Un. Cada)";"BKR1";"ALVO_VALIDADO";"2073.22";"2191.37";"0.15000205350990475";"0.15";""
"MLB7296158948";"VTK025572";"45 Baterias Cr2032 Duracell (9 Cart. c/ 5 Un. Cada)";"BKR1";"ALVO_VALIDADO";"520.42";"548.35";"0.10000911826388256";"0.1";""
"MLB7296158818";"VTK025567";"400 Baterias Cr2032 Duracell (80 Cart. c/ 5 Un. Cada)";"BKR1";"ALVO_VALIDADO";"4707.75";"5221.16";"0.15000114916991625";"0.15";""
"MLB7296158654";"VTK025566";"40 Pilhas Alcalinas Aaa Palito Duracell (10 Cart. c/ 4 Un.)";"BKR1";"ALVO_VALIDADO";"304.94";"322.93";"0.10002167652432414";"0.1";""
"MLB7296158204";"VTK025563";"40 Baterias Cr2032 Duracell (8 Cart. c/ 5 Un. Cada)";"BKR1";"ALVO_VALIDADO";"466.66";"492.29";"0.10000203132300066";"0.1";""
"MLB7296157506";"VTK025559";"4 Pilhas Alcalinas Aaa Palito Duracell (2 Cart. c/ 2 Un.)";"BKR1";"ALVO_VALIDADO";"73.22";"73.22";"0.24023490849494675";"0.07";""
"MLB7296157318";"VTK025558";"4 Pilhas Alcalinas Aa Duracell (2 Cart. c/ 2 Un. Cada)";"BKR1";"ALVO_VALIDADO";"52";"52.89";"0.070145585176782";"0.07";""
"MLB7296157178";"VTK025557";"4 Pilhas Alcalinas A23 Mn21 12v Duracell (2 Cart. c/ 2 Un.)";"BKR1";"ALVO_VALIDADO";"137.04";"137.04";"0.11310566258026854";"0.07";""
"MLB7296156800";"VTK025555";"4 Baterias Alcalinas 9v Duracell (4 Cart. c/ 1 Un. Cada)";"BKR1";"ALVO_VALIDADO";"180.06";"180.06";"0.07825169387981784";"0.07";""
"MLB7296156238";"VTK025552";"36 Pilhas Alcalinas Aaa Palito Duracell (9 Cart. c/ 4 Un.)";"BKR1";"ALVO_VALIDADO";"276.38";"292.95";"0.10001706775900325";"0.1";""
"MLB7296155312";"VTK025544";"32 Pilhas Alcalinas Aaa Palito Duracell (2 Cart. c/ 16 Un.)";"BKR1";"ALVO_VALIDADO";"242.96";"257.88";"0.10000775554521482";"0.1";""
"MLB7296155048";"VTK025543";"32 Pilhas Alcalinas Aa Duracell (8 Cart. c/ 4 Un. Cada)";"BKR1";"ALVO_VALIDADO";"247.56";"262.67";"0.10001142117485817";"0.1";""
"MLB7296154786";"VTK025542";"32 Pilhas Alcalinas Aa Duracell (4 Cart. c/ 8 Un. Cada)";"BKR1";"ALVO_VALIDADO";"244.11";"259.08";"0.10000771962328239";"0.1";""
"MLB7296153596";"VTK025533";"28 Pilhas Alcalinas Aaa Palito Duracell (7 Cart. c/ 4 Un.)";"BKR1";"ALVO_VALIDADO";"220.31";"234.2";"0.1";"0.1";""
"MLB7296153222";"VTK025531";"250 Baterias Cr2032 Duracell (50 Cart. c/ 5 Un. Cada)";"BKR1";"ALVO_VALIDADO";"3104.14";"3277.3";"0.15000152564611113";"0.15";""
"MLB7296152400";"VTK025526";"24 Pilhas Alcalinas Aa Duracell (6 Cart. c/ 4 Un. Cada)";"BKR1";"ALVO_VALIDADO";"191.31";"191.31";"0.07166379175160734";"0.07";""
"MLB7296152066";"VTK025524";"24 Pilhas Alcalinas Aa Duracell (12 Cart. c/ 2 Un. Cada)";"BKR1";"ALVO_VALIDADO";"225.06";"239.89";"0.10000416857726457";"0.1";""
"MLB7296151942";"VTK025519";"24 Baterias Alcalinas 9v Duracell (12 Cart. c/ 2 Un. Cada)";"BKR1";"ALVO_VALIDADO";"898.07";"913.36";"0.1000043794341771";"0.1";""
"MLB7296148362";"VTK025595";"6 Pilhas Alcalinas A23 Mn21 12v Duracell (3 Cart. c/ 2 Un.)";"BKR1";"ALVO_VALIDADO";"172.56";"172.56";"0.08310152990264255";"0.07";""
"MLB7296147708";"VTK025591";"56 Pilhas Alcalinas Aa Duracell (7 Cart. c/ 8 Un. Cada)";"BKR1";"ALVO_VALIDADO";"406.9";"429.05";"0.10001165365342034";"0.1";""
"MLB7296146986";"VTK025582";"48 Pilhas Alcalinas Aaa Palito Duracell (3 Cart. c/ 16 Un.)";"BKR1";"ALVO_VALIDADO";"384.29";"410.6";"0.1";"0.1";""
"MLB7296146828";"VTK025581";"48 Pilhas Alcalinas Aaa Palito Duracell (12 Cart. c/ 4 Un.)";"BKR1";"ALVO_VALIDADO";"359.69";"380.03";"0.10001841959845276";"0.1";""
"MLB7296146672";"VTK025580";"48 Pilhas Alcalinas Aa Duracell (6 Cart. c/ 8 Un. Cada)";"BKR1";"ALVO_VALIDADO";"349.64";"368.79";"0.10000271157027034";"0.1";""
"MLB7296145074";"VTK025562";"40 Baterias Alcalinas 9v Duracell (40 Cart. c/ 1 Un. Cada)";"BKR1";"ALVO_VALIDADO";"1844.54";"1980";"0.15";"0.15";""
"MLB7296144896";"VTK025561";"4 Pilhas Alcalinas D Duracell (2 Cart. c/ 2 Un. Cada)";"BKR1";"ALVO_VALIDADO";"150.44";"150.44";"0.10010635469290083";"0.07";""
"MLB7296144732";"VTK025560";"4 Pilhas Alcalinas C Duracell (2 Cart. c/ 2 Un. Cada)";"BKR1";"ALVO_VALIDADO";"130.07";"130.07";"0.12101176289690167";"0.07";""
"MLB7296144084";"VTK025556";"4 Baterias Cr2032 Duracell (2 Cart. c/ 2 Un. Cada)";"BKR1";"ALVO_VALIDADO";"101.25";"101.25";"0.164641975308642";"0.07";""
"MLB7296143630";"VTK025554";"4 Baterias Alcalinas 9v Duracell (2 Cart. c/ 2 Un. Cada)";"BKR1";"ALVO_VALIDADO";"165.94";"165.94";"0.08774255755092203";"0.07";""
"MLB7296142742";"VTK025546";"35 Baterias Cr2032 Duracell (7 Cart. c/ 5 Un. Cada)";"BKR1";"ALVO_VALIDADO";"403.4";"424.85";"0.1000117688595975";"0.1";""
"MLB7296141320";"VTK025540";"30 Baterias Cr2032 Duracell (6 Cart. c/ 5 Un. Cada)";"BKR1";"ALVO_VALIDADO";"359.14";"380.18";"0.10000526066600032";"0.1";""
"MLB7296140946";"VTK025535";"30 Baterias Alcalinas 9v Duracell (30 Cart. c/ 1 Un. Cada)";"BKR1";"ALVO_VALIDADO";"1255.33";"1383.68";"0.15000578168362627";"0.15";""
"MLB7296140714";"VTK025534";"3 Baterias Alcalinas 9v Duracell (3 Cart. c/ 1 Un. Cada)";"BKR1";"ALVO_VALIDADO";"148.81";"148.81";"0.0770109535649486";"0.07";""
"MLB7296140376";"VTK025532";"28 Pilhas Alcalinas Aa Duracell (7 Cart. c/ 4 Un. Cada)";"BKR1";"ALVO_VALIDADO";"218.31";"231.8";"0.09999999999999999";"0.1";""
"MLB7296140036";"VTK025530";"25 Baterias Cr2032 Duracell (5 Cart. c/ 5 Un. Cada)";"BKR1";"ALVO_VALIDADO";"295.88";"312.74";"0.10001918526571593";"0.1";""
"MLB7296139916";"VTK025529";"24 Pilhas Alcalinas Lr44 A76 Duracell (6 Cart. c/ 4 Un Cada)";"BKR1";"ALVO_VALIDADO";"165.06";"165.06";"0.08833151581243184";"0.07";""
"MLB7296138590";"VTK025517";"20 Pilhas Alcalinas Lr44 A76 Duracell (5 Cart. c/ 4 Un Cada)";"BKR1";"ALVO_VALIDADO";"145.69";"145.69";"0.07886608552405794";"0.07";""
"MLB7296138426";"VTK025516";"20 Pilhas Alcalinas D Duracell (10 Cart. c/ 2 Un. Cada)";"BKR1";"ALVO_VALIDADO";"599.63";"630.18";"0.10000317369640421";"0.1";""
"MLB7296137722";"VTK025512";"20 Pilhas Alcalinas Aa Duracell (5 Cart. c/ 4 Un. Cada)";"BKR1";"ALVO_VALIDADO";"169.31";"169.31";"0.0852873427440789";"0.07";""
"MLB7296135246";"VTK025596";"6 Pilhas Alcalinas Aa Duracell (3 Cart. c/ 2 Un. Cada)";"BKR1";"ALVO_VALIDADO";"86.38";"86.38";"0.19865709655012737";"0.07";""
"MLB7296134736";"VTK025593";"6 Baterias Alcalinas 9v Duracell (6 Cart. c/ 1 Un. Cada)";"BKR1";"ALVO_VALIDADO";"252.45";"267.78";"0.10000746881768617";"0.1";""
"MLB7296134254";"VTK025586";"500 Baterias Cr2032 Duracell (100 Cart. c/ 5 Un. Cada)";"BKR1";"ALVO_VALIDADO";"5750";"6517.06";"0.15000015344342385";"0.15";""
"MLB7296134148";"VTK025585";"50 Baterias Cr2032 Duracell (10 Cart. c/ 5 Un. Cada)";"BKR1";"ALVO_VALIDADO";"564.69";"593.02";"0.10001349027014267";"0.1";""
"MLB7296133876";"VTK025583";"5 Baterias Alcalinas 9v Duracell (5 Cart. c/ 1 Un. Cada)";"BKR1";"ALVO_VALIDADO";"218.69";"232.26";"0.1000172220787049";"0.1";""
"MLB7296133080";"VTK025578";"48 Pilhas Alcalinas Aa Duracell (12 Cart. c/ 4 Un. Cada)";"BKR1";"ALVO_VALIDADO";"359.69";"380.03";"0.10001841959845276";"0.1";""
"MLB7296132420";"VTK025565";"40 Pilhas Alcalinas Aa Duracell (5 Cart. c/ 8 Un. Cada)";"BKR1";"ALVO_VALIDADO";"295.88";"312.74";"0.10001918526571593";"0.1";""
"MLB7296132272";"VTK025564";"40 Pilhas Alcalinas Aa Duracell (10 Cart. c/ 4 Un. Cada)";"BKR1";"ALVO_VALIDADO";"305.06";"323.07";"0.10000928591326957";"0.1";""
"MLB7296130486";"VTK025553";"384 Pilhas Alcalinas Aa Duracell (48 Cart. c/ 8 Un. Cada)";"BKR1";"ALVO_VALIDADO";"2981.12";"3147.7";"0.15000158846141629";"0.15";""
"MLB7296130044";"VTK025551";"36 Pilhas Alcalinas Aa Duracell (9 Cart. c/ 4 Un. Cada)";"BKR1";"ALVO_VALIDADO";"272.88";"288.75";"0.10001731601731602";"0.1";""
"MLB7296129616";"VTK025545";"32 Pilhas Alcalinas Aaa Palito Duracell (8 Cart. c/ 4 Un.)";"BKR1";"ALVO_VALIDADO";"249.06";"264.47";"0.10001134344160016";"0.1";""
"MLB7296128736";"VTK025541";"32 Pilhas Alcalinas Aa Duracell (2 Cart. c/ 16 Un. Cada)";"BKR1";"ALVO_VALIDADO";"240.82";"255.34";"0.10002349808099005";"0.1";""
"MLB7296126950";"VTK025528";"24 Pilhas Alcalinas Aaa Palito Duracell (6 Cart. c/ 4 Un.)";"BKR1";"ALVO_VALIDADO";"194.19";"194.19";"0.0701889901642721";"0.07";""
"MLB7296126808";"VTK025527";"24 Pilhas Alcalinas Aaa Palito Duracell (12 Cart. c/ 2 Un.)";"BKR1";"ALVO_VALIDADO";"220.44";"234.35";"0.10002133560913165";"0.1";""
"MLB7296126430";"VTK025525";"24 Pilhas Alcalinas Aa Duracell (3 Cart. c/ 8 Un. Cada)";"BKR1";"ALVO_VALIDADO";"190.81";"190.81";"0.07200880456999109";"0.07";""
"MLB7296125966";"VTK025518";"200 Baterias Cr2032 Duracell (40 Cart. c/ 5 Un. Cada)";"BKR1";"ALVO_VALIDADO";"2489.01";"2629.33";"0.15000019016251287";"0.15";""
"MLB7296125532";"VTK025515";"20 Pilhas Alcalinas C Duracell (10 Cart. c/ 2 Un. Cada)";"BKR1";"ALVO_VALIDADO";"463.5";"488.99";"0.10000204503159574";"0.1";""
"MLB7296125294";"VTK025514";"20 Pilhas Alcalinas Aaa Palito Duracell (5 Cart. c/ 4 Un.)";"BKR1";"ALVO_VALIDADO";"169.31";"169.31";"0.0852873427440789";"0.07";""
"MLB7296125150";"VTK025513";"20 Pilhas Alcalinas Aaa Palito Duracell (10 Cart. c/ 2 Un.)";"BKR1";"ALVO_VALIDADO";"186.81";"186.81";"0.0742465606766233";"0.07";""
"MLB7296124702";"VTK025511";"20 Pilhas Alcalinas Aa Duracell (10 Cart. c/ 2 Un. Cada)";"BKR1";"ALVO_VALIDADO";"186.81";"186.81";"0.0742465606766233";"0.07";""
"MLB7296018224";"VTK025492";"16 Pilhas Alcalinas Aaa Palito Duracell (8 Cart. c/ 2 Un.)";"BKR1";"ALVO_VALIDADO";"159.56";"159.56";"0.09250438706442717";"0.07";""
"MLB7296017638";"VTK025489";"16 Pilhas Alcalinas Aa Duracell (4 Cart. c/ 4 Un. Cada)";"BKR1";"ALVO_VALIDADO";"148.62";"148.62";"0.10173597093257973";"0.07";""
"MLB7296017430";"VTK025488";"16 Pilhas Alcalinas Aa Duracell (2 Cart. c/ 8 Un. Cada)";"BKR1";"ALVO_VALIDADO";"148.62";"148.62";"0.10173597093257973";"0.07";""
"MLB7296016274";"VTK025483";"144 Baterias Cr2032 Duracell (72 Cart. c/ 2 Un. Cada)";"BKR1";"ALVO_VALIDADO";"2515.33";"2657.06";"0.15000037635582186";"0.15";""
"MLB7296015856";"VTK025481";"14 Pilhas Alcalinas C Duracell (7 Cart. c/ 2 Un. Cada)";"BKR1";"ALVO_VALIDADO";"330.67";"349.75";"0.10001429592566118";"0.1";""
"MLB7296014882";"VTK025476";"12 Pilhas Alcalinas D Duracell (6 Cart. c/ 2 Un. Cada)";"BKR1";"ALVO_VALIDADO";"372.5";"393.36";"0.10001016880211512";"0.1";""
"MLB7296014560";"VTK025475";"12 Pilhas Alcalinas C Duracell (6 Cart. c/ 2 Un. Cada)";"BKR1";"ALVO_VALIDADO";"286.72";"303.74";"0.10001975373674853";"0.1";""
"MLB7296014216";"VTK025474";"12 Pilhas Alcalinas Aaa Palito Duracell (6 Cart. c/ 2 Un.)";"BKR1";"ALVO_VALIDADO";"136.25";"136.25";"0.11390825688073394";"0.07";""
"MLB7296013954";"VTK025473";"12 Pilhas Alcalinas Aaa Palito Duracell (3 Cart. c/ 4 Un.)";"BKR1";"ALVO_VALIDADO";"125.2";"125.2";"0.12691693290734823";"0.07";""
"MLB7296013772";"VTK025472";"12 Pilhas Alcalinas Aa Duracell (6 Cart. c/ 2 Un. Cada)";"BKR1";"ALVO_VALIDADO";"136.25";"136.25";"0.11390825688073394";"0.07";""
"MLB7296012182";"VTK025465";"12 Baterias Auditiva 312 Duracell (2 Cart)";"BKR1";"ALVO_VALIDADO";"121.42";"121.42";"0.19576676000658869";"0.07";""
"MLB7296011088";"VTK025459";"10 Pilhas Alcalinas C Duracell (5 Cart. c/ 2 Un. Cada)";"BKR1";"ALVO_VALIDADO";"242.53";"257.43";"0.10002719185798081";"0.1";""
"MLB7296008154";"VTK025458";"10 Pilhas Alcalinas Aaa Palito Duracell (5 Cart. c/ 2 Un.)";"BKR1";"ALVO_VALIDADO";"123.09";"123.09";"0.129579982126899";"0.07";""
"MLB7296005180";"VTK025491";"16 Pilhas Alcalinas Aaa Palito Duracell (4 Cart. c/ 4 Un.)";"BKR1";"ALVO_VALIDADO";"146.69";"146.69";"0.07921467039334651";"0.07";""
"MLB7296004970";"VTK025490";"16 Pilhas Alcalinas Aa Duracell (8 Cart. c/ 2 Un. Cada)";"BKR1";"ALVO_VALIDADO";"160.69";"160.69";"0.09166718526355094";"0.07";""
"MLB7296003984";"VTK025485";"15 Baterias Cr2032 Duracell (3 Cart. c/ 5 Un. Cada)";"BKR1";"ALVO_VALIDADO";"189.06";"189.06";"0.0729398074685285";"0.07";""
"MLB7296003700";"VTK025484";"144 Pilhas Alcalinas Lr44 A76 Duracell (36 Cart. c/ 4 Un.)";"BKR1";"ALVO_VALIDADO";"909.54";"924.2";"0.09999999999999999";"0.1";""
"MLB7296003210";"VTK025482";"14 Pilhas Alcalinas D Duracell (7 Cart. c/ 2 Un. Cada)";"BKR1";"ALVO_VALIDADO";"429.28";"452.58";"0.10000441910822395";"0.1";""
"MLB7296002782";"VTK025480";"14 Pilhas Alcalinas Aaa Palito Duracell (7 Cart. c/ 2 Un.)";"BKR1";"ALVO_VALIDADO";"145.94";"145.94";"0.07996436891873372";"0.07";""
"MLB7296002556";"VTK025479";"14 Pilhas Alcalinas Aa Duracell (7 Cart. c/ 2 Un. Cada)";"BKR1";"ALVO_VALIDADO";"149.01";"149.01";"0.10140259043017247";"0.07";""
"MLB7296000808";"VTK025471";"12 Pilhas Alcalinas Aa Duracell (3 Cart. c/ 4 Un. Cada)";"BKR1";"ALVO_VALIDADO";"123.62";"123.62";"0.12894353664455588";"0.07";""
"MLB7296000354";"VTK025469";"12 Baterias Cr2032 Duracell (6 Cart. c/ 2 Un. Cada)";"BKR1";"ALVO_VALIDADO";"219.06";"232.69";"0.10000429756328162";"0.1";""
"MLB7296000142";"VTK025468";"12 Baterias Auditivas 675 Duracell (2 Cart. c/ 6 Un. Cada)";"BKR1";"ALVO_VALIDADO";"123.49";"123.49";"0.1953194590655114";"0.07";""
"MLB7295999924";"VTK025467";"12 Baterias Auditivas 13 Duracell (2 Cart. c/ 6 Un. Cada)";"BKR1";"ALVO_VALIDADO";"124.81";"124.81";"0.19389471997436103";"0.07";""
"MLB7295999126";"VTK025463";"12 Baterias Alcalinas 9v Duracell (12 Cart. c/ 1 Un. Cada)";"BKR1";"ALVO_VALIDADO";"478.71";"504.14";"0.10001190145594478";"0.1";""
"MLB7295998622";"VTK025460";"10 Pilhas Alcalinas D Duracell (5 Cart. c/ 2 Un. Cada)";"BKR1";"ALVO_VALIDADO";"314.47";"332.67";"0.10000901794571197";"0.1";""
"MLB7295993800";"VTK025457";"10 Pilhas Alcalinas Aa Duracell (5 Cart. c/ 2 Un. Cada)";"BKR1";"ALVO_VALIDADO";"121.91";"121.91";"0.13124436059388073";"0.07";""
"MLB7295991674";"VTK025487";"16 Baterias Alcalinas 9v Duracell (8 Cart. c/ 2 Un. Cada)";"BKR1";"ALVO_VALIDADO";"557.36";"586.13";"0.10001194274307747";"0.1";""
"MLB7295991428";"VTK025486";"150 Baterias Cr2032 Duracell (30 Cart. c/ 5 Un. Cada)";"BKR1";"ALVO_VALIDADO";"1873.88";"1981.38";"0.15000151409623594";"0.15";""
"MLB7295989674";"VTK025478";"14 Baterias Alcalinas 9v Duracell (7 Cart. c/ 2 Un. Cada)";"BKR1";"ALVO_VALIDADO";"491.67";"517.62";"0.10001545535334802";"0.1";""
"MLB7295989448";"VTK025477";"12 Pilhas Alcalinas Lr44 A76 Duracell (3 Cart. c/ 4 Un Cada)";"BKR1";"ALVO_VALIDADO";"107.17";"107.17";"0.1537743771577867";"0.07";""
"MLB7295987810";"VTK025470";"12 Pilhas Alcalinas A23 Mn21 12v Duracell (6 Cart. c/ 2 Un.)";"BKR1";"ALVO_VALIDADO";"313.69";"331.62";"0.10002412399734636";"0.1";""
"MLB7295986978";"VTK025466";"12 Baterias Auditivas 10 Duracell (2 Cart. c/ 6 Un. Cada)";"BKR1";"ALVO_VALIDADO";"123.49";"123.49";"0.1953194590655114";"0.07";""
"MLB7295986620";"VTK025464";"12 Baterias Alcalinas 9v Duracell (6 Cart. c/ 2 Un. Cada)";"BKR1";"ALVO_VALIDADO";"425.98";"449.13";"0.10001558568788547";"0.1";""
"MLB7295986230";"VTK025462";"100 Baterias Cr2032 Duracell (20 Cart. c/ 5 Un. Cada)";"BKR1";"ALVO_VALIDADO";"1209.54";"1333.43";"0.15000412470095917";"0.15";""
"MLB7295986058";"VTK025461";"100 Baterias Alcalinas 9v Duracell (100 Cart. c/ 1 Un. Cada)";"BKR1";"ALVO_VALIDADO";"4219.51";"4524.7";"0.1500011050456384";"0.15";""
"MLB7294467270";"VTK025384";"3 Jogos de Corda P/Violão Nylon Canário  Giannini";"EVOLUSOM-PR";"ALVO_VALIDADO";"112.17";"112.17";"0.14549344744584114";"0.07";""
"MLB7294464660";"VTK025383";"3 Jogos de Corda P/Violão Nylon 65/35 Prateado Giannini";"BKR1";"ALVO_VALIDADO";"174.61";"174.61";"0.08172498711414007";"0.07";""
"MLB7294457572";"VTK025385";"3 Jogos de Corda P/Violão Nylon Canário GENW Giannini";"BKR1";"ALVO_VALIDADO";"98.31";"98.31";"0.17058285016783642";"0.07";""
"MLB7294449928";"VTK025382";"3 Jogos de Corda P/Violão Nylon 65/35 Prateado Giannini";"BKR1";"ALVO_VALIDADO";"150.97";"150.97";"0.10372921772537591";"0.07";""
"MLB7294448136";"VTK025380";"3 Jogos de Corda P/Violão Canário Aço C/Bolinha  Giannini";"BKR1";"ALVO_VALIDADO";"108.05";"108.05";"0.15224433132808884";"0.07";""
"MLB7294131088";"VTK025371";"3 Jogos de Corda P/Guitarra Niquel 09 GEEGST.9 Giannini";"BKR1";"ALVO_VALIDADO";"159.44";"159.44";"0.09257400903161064";"0.07";""
"MLB7294101138";"VTK025366";"3 Jogos de Corda P/Cavaquinho  Cobra Niquel GESCP Giannini";"BKR1";"ALVO_VALIDADO";"106.74";"106.74";"0.15458122540753233";"0.07";""
"MLB7294096024";"VTK025361";"2 Jogos de Corda P/Violão Nylon Cristal/Prata GENWS Giannini";"EVOLUSOM-PR";"ALVO_VALIDADO";"99.43";"99.43";"0.1682590767374032";"0.07";""
"MLB7294090710";"VTK025369";"3 Jogos de Corda P/Guitarra Niquel 011 GEEGST.11 Giannini";"EVOLUSOM-PR";"ALVO_VALIDADO";"143.38";"143.38";"0.10663969870274793";"0.07";""
"MLB7294084616";"VTK025363";"2 Jogos de Corda P/Violão Nylon Preto/Prata GENWBS Giannini";"EVOLUSOM-PR";"ALVO_VALIDADO";"96.37";"96.37";"0.17474317733734565";"0.07";""
"MLB7293871650";"VTK025353";"2 Jogos de Corda P/Violão Bronze 85/15 09 GEEWAK Giannini";"EVOLUSOM-PR";"ALVO_VALIDADO";"103.12";"103.12";"0.16117145073700542";"0.07";""
"MLB7293869094";"VTK025352";"2 Jogos de Corda P/Violão Bronze 85/15 011 GEEFLK Giannini";"EVOLUSOM-PR";"ALVO_VALIDADO";"107.2";"107.2";"0.1537313432835821";"0.07";""
"MLB7293867118";"VTK025351";"2 Jogos de Corda P/Violão Bronze 85/15 010 GEEFLE Giannini";"EVOLUSOM-PR";"ALVO_VALIDADO";"107.2";"107.2";"0.1537313432835821";"0.07";""
"MLB7293862176";"VTK025349";"2 Jogos de Corda P/Violão Aço Bronze 65/35 0.010 Giannini";"EVOLUSOM-PR";"ALVO_VALIDADO";"94.97";"94.97";"0.17774033905443823";"0.07";""
"MLB7293851236";"VTK025350";"2 Jogos de Corda P/Violão Aço Bronze 65/35 0.011 Giannini";"EVOLUSOM-PR";"ALVO_VALIDADO";"92.68";"92.68";"0.18299525248165732";"0.07";""
"MLB7293713782";"VTK025341";"2 Jogos de Corda P/Guitarra Canário Aço 09 GESGT9 Giannini";"BKR1";"ALVO_VALIDADO";"90.25";"90.25";"0.18869806094182826";"0.07";""
"MLB7293711722";"VTK025340";"2 Jogos de Corda P/Cavaquinho  Cobra Niquel GESCP Giannini";"BKR1";"ALVO_VALIDADO";"82.31";"82.31";"0.21018102296197302";"0.07";""
"MLB7288803756";"VTK025333";"9 Jogos de Cordas Guitarra 009 1ª Mi Extra + Palheta N63 Nig";"BKR1";"ALVO_VALIDADO";"367.66";"388.56";"0.10001029442042413";"0.1";""
"MLB7288765746";"VTK025334";"9 Jogos de Cordas Guitarra 010 1ª Mi Extra + Palheta N64 Nig";"BKR1";"ALVO_VALIDADO";"384.12";"405.7";"0.1";"0.1";""
"MLB7287867298";"VTK025296";"3 Jogos de Cordas Violão Nylon-Cristal/Prateada Média Nig";"BKR1";"ALVO_VALIDADO";"154.63";"154.63";"0.09648839164457092";"0.07";""
"MLB7287866394";"VTK025294";"3 Jogos de Cordas Violão Aço Fósforo Bronze 010 NPB560 Nig";"BKR1";"ALVO_VALIDADO";"171.81";"171.81";"0.08358069961003434";"0.07";""
"MLB7287865850";"VTK025292";"3 Jogos de Cordas Violão Aço 010 1ª Corda Mí Extra N500 Nig";"BKR1";"ALVO_VALIDADO";"137.15";"137.15";"0.11301494713816988";"0.07";""
"MLB7287865406";"VTK025291";"3 Jogos de Cordas Guitarra 010 1ª Mi Extra + Palheta N64 Nig";"BKR1";"ALVO_VALIDADO";"155.9";"155.9";"0.095445798588839";"0.07";""
"MLB7287861368";"VTK025283";"2 Jogos de Corda Guitarra 009 1ª Mi Extra + Palheta N63 Nig";"BKR1";"ALVO_VALIDADO";"112.98";"112.98";"0.1441848114710568";"0.07";""
"MLB7287860626";"VTK025282";"10 Jogos de Cordas Violão Nylon-Cristal/Prateada Média Nig";"BKR1";"ALVO_VALIDADO";"421.88";"445.64";"0.10001346378242527";"0.1";""
"MLB7287858486";"VTK025276";"10  Jogos de Cordas Violão Aço 010 1ª Corda Mí Extra N500 Nig";"BKR1";"ALVO_VALIDADO";"367.34";"388.22";"0.10002060687239193";"0.1";""
"MLB7287826656";"VTK025289";"2 Jogos de Corda Violão Nylon-Cristal/Prateada Média Nig";"BKR1";"ALVO_VALIDADO";"117.92";"117.92";"0.13670284938941657";"0.07";""
"MLB7287821724";"VTK025277";"10 Jogos de Cordas Guitarra 009 1ª Mi Extra + Palheta N63 Nig";"BKR1";"ALVO_VALIDADO";"404.48";"426.89";"0.10000234252383518";"0.1";""
"MLB7287801574";"VTK025290";"3 Jogos de Cordas Guitarra 009 1ª Mi Extra + Palheta N63 Nig";"BKR1";"ALVO_VALIDADO";"147.08";"147.08";"0.10314114767473483";"0.07";""
"MLB7287799962";"VTK025287";"2 Jogos de Corda Violão Aço Fósforo Bronze 010 NPB560 Nig";"BKR1";"ALVO_VALIDADO";"132.34";"132.34";"0.11825600725404262";"0.07";""
"MLB7287799488";"VTK025285";"2 Jogos de Corda Violão Aço 010 1ª Corda (Mí) Extra N500 Nig";"BKR1";"ALVO_VALIDADO";"105.08";"105.08";"0.15740388275599543";"0.07";""
"MLB7287798908";"VTK025284";"2 Jogos de Corda Guitarra 010 1ª Mi Extra + Palheta N64 Nig";"BKR1";"ALVO_VALIDADO";"118.79";"118.79";"0.13553329404832057";"0.07";""
"MLB7287796908";"VTK025278";"10 Jogos de Cordas Guitarra 010 1ª Mi Extra + Palheta N64 Nig";"BKR1";"ALVO_VALIDADO";"422.76";"445.94";"0.10001345472485088";"0.1";""
"MLB4972532847";"VTK012626";"Escova Secadora Della Preta Bivolt 1100w Agratto";"EVOLUSOM-PR";"ALVO_VALIDADO";"199.34";"199.34";"0.21415671716664994";"0.07";""
"MLB4972470597";"VTK017679";"Bateria Selada De Chumbo Elgin Vrla 6v 4,5ah";"EVOLUSOM-PR";"ALVO_VALIDADO";"59.9";"63.19";"0.07010602943503719";"0.07";""
"MLB4972449661";"VTK025685";"16 Pilhas Alcalinas Aa Sm-2 Elgin (8 Cart)";"BKR1";"ALVO_VALIDADO";"85.46";"85.46";"0.20114673531476718";"0.07";""
"MLB4972449565";"VTK025684";"16 Pilhas alcalina AA Elgin Cartela com 8 unidades (2 Cart)";"EVOLUSOM-PR";"ALVO_VALIDADO";"72.04";"72.04";"0.24472515269294834";"0.07";""
"MLB4972449035";"VTK025675";"15 Baterias Alcalinas A23 (3 Cart)";"BKR1";"ALVO_VALIDADO";"117.55";"117.55";"0.2112292641429179";"0.07";""
"MLB4972448357";"VTK025669";"12 Pilhas Recarregavel Aaa 900mah Elgin (3 Cart)";"BKR1";"ALVO_VALIDADO";"144.54";"144.54";"0.10557631105576311";"0.07";""
"MLB4972447863";"VTK025666";"12 Pilhas Alcalinas Aaa Sm-2 Elgin (6 Cart)";"BKR1";"ALVO_VALIDADO";"77.7";"77.7";"0.22458172458172457";"0.07";""
"MLB4972445433";"VTK025641";"10 Baterias CR2450 Elgin (2  Cart)";"BKR1";"ALVO_VALIDADO";"84.22";"84.22";"0.21004511992400857";"0.07";""
"MLB4972444983";"VTK025636";"10 Baterias Alcalinas A23 (2 Cart)";"BKR1";"ALVO_VALIDADO";"79.68";"79.68";"0.2006777108433735";"0.07";""
"MLB4972437425";"VTK025690";"16 Pilhas Recarregavel Aaa 900mah Elgin (4 Cart)";"BKR1";"ALVO_VALIDADO";"170.06";"170.06";"0.08473479948253558";"0.07";""
"MLB4972437001";"VTK025687";"16 Pilhas Alcalinas Aaa Sm-2 Elgin (8 Cart)";"BKR1";"ALVO_VALIDADO";"87.57";"87.57";"0.19550074226333222";"0.07";""
"MLB4972436863";"VTK025686";"16 Pilhas Alcalinas Aa Sm-4 Elgin (4 Cart)";"BKR1";"ALVO_VALIDADO";"81.25";"81.25";"0.21329230769230767";"0.07";""
"MLB4972436535";"VTK025679";"15 Baterias CR2450 Elgin (3  Cart)";"BKR1";"ALVO_VALIDADO";"118.14";"118.14";"0.21203656678517013";"0.07";""
"MLB4972436409";"VTK025676";"15 Baterias Alcalinas A27 Elgin (3  Cart)";"EVOLUSOM-PR";"ALVO_VALIDADO";"86.58";"86.58";"0.1981981981981982";"0.07";""
"MLB4972435247";"VTK025668";"12 Pilhas Recarregável Aa-2500mah Elgin (3 Cart)";"BKR1";"ALVO_VALIDADO";"225.01";"238.85";"0.10002093364036006";"0.1";""
"MLB4972434315";"VTK025654";"100 Baterias Alcalinas Lr626 Ag4 Elgin (10  Cart)";"BKR1";"ALVO_VALIDADO";"106.51";"106.51";"0.15491503145244578";"0.07";""
"MLB4972433803";"VTK025650";"10 Pilhas Alcalinas Aaa Sm-2 Elgin (5 Cart)";"BKR1";"ALVO_VALIDADO";"70.99";"70.99";"0.2489082969432315";"0.07";""
"MLB4972433603";"VTK025649";"10 Pilhas Alcalinas Aa Sm-2 Elgin (5 Cart)";"BKR1";"ALVO_VALIDADO";"69.67";"69.67";"0.2541983637146548";"0.07";""
"MLB4972433445";"VTK025648";"10 Baterias Zinco 9v Elgin (10 Cartelas)";"BKR1";"ALVO_VALIDADO";"113.88";"113.88";"0.14278187565858802";"0.07";""
"MLB4972433077";"VTK025647";"10 Baterias Zinco 9v Elgin";"BKR1";"ALVO_VALIDADO";"113.88";"113.88";"0.14278187565858802";"0.07";""
"MLB4972432875";"VTK025646";"10 Baterias Recarregaveis 9v Elgin (10 Cartelas)";"EVOLUSOM-PR";"ALVO_VALIDADO";"402.88";"424.85";"0.1000117688595975";"0.1";""
"MLB4972432707";"VTK025645";"10 Baterias Recarregaveis 9v Elgin";"EVOLUSOM-PR";"ALVO_VALIDADO";"402.88";"424.85";"0.1000117688595975";"0.1";""
"MLB4972432413";"VTK025639";"10 Baterias Cr2032 Elgin";"BKR1";"ALVO_VALIDADO";"82.43";"82.43";"0.20975373043794732";"0.07";""
"MLB4972432223";"VTK025637";"10 Baterias Alcalinas A27 Elgin (2  Cart)";"EVOLUSOM-PR";"ALVO_VALIDADO";"72.17";"72.17";"0.24428432866842176";"0.07";""
"MLB4972424403";"VTK025689";"16 Pilhas Recarregável Aa-2500mah Elgin (4 Cart)";"BKR1";"ALVO_VALIDADO";"290.99";"307.65";"0.10001625223468227";"0.1";""
"MLB4972423021";"VTK025671";"14 Pilhas Alcalinas Aaa Sm-2 Elgin (7 Cart)";"BKR1";"ALVO_VALIDADO";"75.72";"75.72";"0.23124669836238776";"0.07";""
"MLB4972422755";"VTK025670";"14 Pilhas Alcalinas Aa Sm-2 Elgin (7 Cart)";"BKR1";"ALVO_VALIDADO";"81.38";"81.38";"0.212951585156058";"0.07";""
"MLB4972421597";"VTK025665";"12 Pilhas Alcalinas Aa Sm-4 Elgin (3 Cart)";"BKR1";"ALVO_VALIDADO";"72.96";"72.96";"0.24122807017543862";"0.07";""
"MLB4972421461";"VTK025664";"12 Pilhas Alcalinas Aa Sm-2 Elgin (6 Cart)";"BKR1";"ALVO_VALIDADO";"76.12";"76.12";"0.22990015764582236";"0.07";""
"MLB4972421181";"VTK025653";"100 Baterias Alcalinas Lr621 Ag1 Elgin (10  Cart)";"BKR1";"ALVO_VALIDADO";"116.57";"116.57";"0.21111778330616798";"0.07";""
"MLB4972421055";"VTK025652";"100 Baterias Alcalinas Lr41 Elgin (10  Cart)";"BKR1";"ALVO_VALIDADO";"129.93";"129.93";"0.12106518894789502";"0.07";""
"MLB4971984035";"VTK017592";"Controle Remoto Mxt 1065 Para Ar-condicionado Universal Kt-1000";"EVOLUSOM-PR";"ALVO_VALIDADO";"47.95";"47.96";"0.07005838198498748";"0.07";""
"MLB4971983481";"VTK018910";"Moldura Fiamon 2 Din Gm Vectra Gt/meriva/corsa/montana Prata";"EVOLUSOM-PR";"ALVO_VALIDADO";"49";"49";"0.0763265306122449";"0.07";""
"MLB4971983413";"VTK018602";"Moldura Universal Permak 2 Din 90/g";"EVOLUSOM-PR";"ALVO_VALIDADO";"35";"35";"0.09428571428571428";"0.07";""
"MLB4971983237";"VTK017787";"Cabo De Aço Galvanizado Vonder 1,5mm 6x7 Bobina 500m";"EVOLUSOM-PR";"ALVO_VALIDADO";"470";"479.77";"0.10000625299622735";"0.1";""
"MLB4971983099";"VTK018927";"Sensor Presenca Intelbras Sem Fio Is5";"EVOLUSOM-PR";"ALVO_VALIDADO";"269";"296.17";"0.10001012931762164";"0.1";""
"MLB4971983041";"VTK018926";"Sirene Sem Fio Intelbras Is7";"EVOLUSOM-PR";"ALVO_VALIDADO";"290";"319.16";"0.1000125328988595";"0.1";""
"MLB4971957747";"VTK017328";"Fan Para Pc Gamer Gf12r 12cm Vermelho 32 Led";"EVOLUSOM-PR";"ALVO_VALIDADO";"67.53";"67.54";"0.07003257328990228";"0.07";""
"MLB4971957699";"VTK017599";"Interfone Hdl Az-s01 Ajuste Volume E Toque Branco";"EVOLUSOM-PR";"ALVO_VALIDADO";"221.78";"221.78";"0.2005140229055821";"0.1";""
"MLB4971957217";"VTK018451";"Sensor Magnético Abertura Intelbras Sem Fio Is3";"EVOLUSOM-PR";"ALVO_VALIDADO";"164.11";"164.11";"0.07001401498994576";"0.07";""
"MLB4971945377";"VTK021397";"Autotransformador Blindado Indusat 750va Tripolar";"EVOLUSOM-PR";"ALVO_VALIDADO";"185.75";"185.75";"0.1994078061911171";"0.07";""
"MLB4971945321";"VTK021272";"Intelbras Telefone Ip Tip 125i Cz 4201251";"EVOLUSOM-PR";"ALVO_VALIDADO";"370";"377.22";"0.10002120778325643";"0.1";""
"MLB4971945255";"VTK018787";"Fone Headset Intelbras Chs-55 Conector Usb 4010058";"EVOLUSOM-PR";"ALVO_VALIDADO";"470";"477.75";"0.10001046572475145";"0.1";""
"MLB4971945209";"VTK018150";"Câmera Bullet Hikvision Plast Ds-2ce16d8t-itf 2.8 1080p";"EVOLUSOM-PR";"ALVO_VALIDADO";"330";"336.33";"0.10002081289210003";"0.1";""
"MLB4971945165";"VTK018376";"Moldura 2 Din Fiamon Gm Vectra Gt/ Meriva/ Corsa/ Montana Black";"EVOLUSOM-PR";"ALVO_VALIDADO";"48.56";"48.56";"0.0700164744645799";"0.07";""
"MLB4971945063";"VTK018773";"Moldura Fiamon 2 Din Idea/ Idea Adventure 13/ 18 Prata";"EVOLUSOM-PR";"ALVO_VALIDADO";"152.53";"155.13";"0.07000580158576677";"0.07";""
"MLB4971944461";"VTK017362";"Cooler Gamer Evus F12s-argb Singularity";"EVOLUSOM-PR";"ALVO_VALIDADO";"55";"56.74";"0.07014451885794853";"0.07";""
"MLB4971793783";"VTK025632";"96 Pilhas Alcalinas D Duracell (48 Cart. c/ 2 Un. Cada)";"BKR1";"ALVO_VALIDADO";"3154.01";"3331.7";"0.15000150073536034";"0.15";""
"MLB4971793599";"VTK025631";"96 Pilhas Alcalinas C Duracell (48 Cart. c/ 2 Un. Cada)";"BKR1";"ALVO_VALIDADO";"2380.33";"2516.73";"0.15000019867049702";"0.15";""
"MLB4971792161";"VTK025626";"96 Pilhas Alcalinas Aa Duracell (12 Cart. c/ 8 Un. Cada)";"BKR1";"ALVO_VALIDADO";"739.22";"752.64";"0.1000079719387755";"0.1";""
"MLB4971791655";"VTK025624";"9 Baterias Alcalinas 9v Duracell (9 Cart. c/ 1 Un. Cada)";"BKR1";"ALVO_VALIDADO";"365.64";"386.03";"0.10001813330570164";"0.1";""
"MLB4971791503";"VTK025623";"80 Pilhas Alcalinas Aaa Palito Duracell (5 Cart. c/ 16 Un.)";"BKR1";"ALVO_VALIDADO";"703.49";"763.48";"0.10000261958401005";"0.1";""
"MLB4971791119";"VTK025621";"80 Pilhas Alcalinas Aa Duracell (10 Cart. c/ 8 Un. Cada)";"BKR1";"ALVO_VALIDADO";"564.69";"593.02";"0.10001349027014267";"0.1";""
"MLB4971790055";"VTK025615";"8 Pilhas Alcalinas Aa Duracell (4 Cart. c/ 2 Un. Cada)";"BKR1";"ALVO_VALIDADO";"103.36";"103.36";"0.16070046439628483";"0.07";""
"MLB4971789865";"VTK025614";"8 Pilhas Alcalinas Aa Duracell (2 Cart. c/ 4 Un. Cada)";"BKR1";"ALVO_VALIDADO";"93.36";"93.36";"0.18134104541559554";"0.07";""
"MLB4971788485";"VTK025609";"72 Pilhas Alcalinas Aa Duracell (9 Cart. c/ 8 Un. Cada)";"BKR1";"ALVO_VALIDADO";"520.42";"548.35";"0.10000911826388256";"0.1";""
"MLB4971788315";"VTK025608";"72 Pilhas Alcalinas A23 Mn21 12v Duracell (36 Cart c/ 2 Un.)";"BKR1";"ALVO_VALIDADO";"1984.54";"2098.51";"0.15000166785004596";"0.15";""
"MLB4971788145";"VTK025607";"7 Baterias Alcalinas 9v Duracell (7 Cart. c/ 1 Un. Cada)";"BKR1";"ALVO_VALIDADO";"292.56";"310.05";"0.10001612643122078";"0.1";""
"MLB4971779907";"VTK025628";"96 Pilhas Alcalinas Aa Duracell (6 Cart. c/ 16 Un. Cada)";"BKR1";"ALVO_VALIDADO";"736.54";"750.26";"0.10000533148508517";"0.1";""
"MLB4971779067";"VTK025625";"96 Baterias Alcalinas 9v Duracell (48 Cart. c/ 2 Un. Cada)";"BKR1";"ALVO_VALIDADO";"3756.76";"3851.1";"0.15000129833034717";"0.15";""
"MLB4971778037";"VTK025620";"8 Pilhas Alcalinas Lr44 A76 Duracell (2 Cart. c/ 4 Un.a)";"BKR1";"ALVO_VALIDADO";"84.14";"84.14";"0.20477775136676968";"0.07";""
"MLB4971777851";"VTK025619";"8 Pilhas Alcalinas D Duracell (4 Cart. c/ 2 Un. Cada)";"BKR1";"ALVO_VALIDADO";"257.69";"273.47";"0.10001097012469375";"0.1";""
"MLB4971777631";"VTK025618";"8 Pilhas Alcalinas C Duracell (4 Cart. c/ 2 Un. Cada)";"BKR1";"ALVO_VALIDADO";"204.06";"214.7";"0.1";"0.1";""
"MLB4971777505";"VTK025617";"8 Pilhas Alcalinas Aaa Palito Duracell (4 Cart. c/ 2 Un.)";"BKR1";"ALVO_VALIDADO";"104.93";"104.93";"0.15772419708377014";"0.07";""
"MLB4971776313";"VTK025611";"8 Baterias Alcalinas 9v Duracell (8 Cart. c/ 1 Un. Cada)";"BKR1";"ALVO_VALIDADO";"328.41";"347.2";"0.1";"0.1";""
"MLB4971775189";"VTK025606";"64 Pilhas Alcalinas Aaa Palito Duracell (4 Cart. c/ 16 Un.)";"BKR1";"ALVO_VALIDADO";"459.61";"484.2";"0.1";"0.1";""
"MLB4971775057";"VTK025605";"64 Pilhas Alcalinas Aa Duracell (8 Cart. c/ 8 Un. Cada)";"BKR1";"ALVO_VALIDADO";"460.66";"485.09";"0.10000206147312869";"0.1";""
"MLB4971774935";"VTK025604";"64 Pilhas Alcalinas Aa Duracell (4 Cart. c/ 16 Un. Cada)";"BKR1";"ALVO_VALIDADO";"459.32";"483.89";"0.10000206658538098";"0.1";""
"MLB4971774639";"VTK025598";"6 Pilhas Alcalinas C Duracell (3 Cart. c/ 2 Un. Cada)";"BKR1";"ALVO_VALIDADO";"163.06";"163.06";"0.08978290199926407";"0.07";""
"MLB4971767375";"VTK025629";"96 Pilhas Alcalinas Aaa Palito Duracell (48 Cart. c/ 2 Un.)";"BKR1";"ALVO_VALIDADO";"856.7";"871.26";"0.10000459105203957";"0.1";""
"MLB4971766769";"VTK025627";"96 Pilhas Alcalinas Aa Duracell (48 Cart. c/ 2 Un. Cada)";"BKR1";"ALVO_VALIDADO";"856.7";"871.26";"0.10000459105203957";"0.1";""
"MLB4971765563";"VTK025622";"80 Pilhas Alcalinas Aa Duracell (5 Cart. c/ 16 Un. Cada)";"BKR1";"ALVO_VALIDADO";"564.95";"593.83";"0.10001178788542175";"0.1";""
"MLB4971764579";"VTK025616";"8 Pilhas Alcalinas Aaa Palito Duracell (2 Cart. c/ 4 Un.)";"BKR1";"ALVO_VALIDADO";"94.54";"94.54";"0.17876031309498622";"0.07";""
"MLB4971764101";"VTK025613";"8 Pilhas Alcalinas A23 Mn21 12v Duracell (4 Cart. c/ 2 Un.)";"BKR1";"ALVO_VALIDADO";"217.06";"230.29";"0.10000434235094881";"0.1";""
"MLB4971763813";"VTK025612";"8 Baterias Cr2032 Duracell (4 Cart. c/ 2 Un. Cada)";"BKR1";"ALVO_VALIDADO";"153.81";"153.81";"0.09719784149275079";"0.07";""
"MLB4971763115";"VTK025610";"8 Baterias Alcalinas 9v Duracell (4 Cart. c/ 2 Un. Cada)";"BKR1";"ALVO_VALIDADO";"294.59";"312.14";"0.10001922214390979";"0.1";""
"MLB4971761947";"VTK025599";"6 Pilhas Alcalinas D Duracell (3 Cart. c/ 2 Un. Cada)";"BKR1";"ALVO_VALIDADO";"202.19";"212.47";"0.10001411964041983";"0.1";""
"MLB4971761649";"VTK025597";"6 Pilhas Alcalinas Aaa Palito Duracell (3 Cart. c/ 2 Un.)";"BKR1";"ALVO_VALIDADO";"87.57";"87.57";"0.19550074226333222";"0.07";""
"MLB4971641475";"VTK025508";"20 Baterias Alcalinas 9v Duracell (10 Cart. c/ 2 Un. Cada)";"BKR1";"ALVO_VALIDADO";"755.2";"769.38";"0.10000259949569783";"0.1";""
"MLB4971640667";"VTK025504";"18 Pilhas Alcalinas D Duracell (9 Cart. c/ 2 Un. Cada)";"BKR1";"ALVO_VALIDADO";"542.97";"571.13";"0.10001225640397107";"0.1";""
"MLB4971632129";"VTK025496";"18 Baterias Alcalinas 9v Duracell (9 Cart. c/ 2 Un. Cada)";"BKR1";"ALVO_VALIDADO";"648.76";"654.62";"0.10001222083040542";"0.1";""
"MLB4971628841";"VTK025509";"20 Baterias Alcalinas 9v Duracell (20 Cart. c/ 1 Un. Cada)";"BKR1";"ALVO_VALIDADO";"851.38";"866.48";"0.1000023081894562";"0.1";""
"MLB4971628399";"VTK025507";"2 Baterias Alcalinas 9v Duracell (2 Cart. c/ 1 Un. Cada)";"BKR1";"ALVO_VALIDADO";"115.72";"115.72";"0.13990667127549258";"0.07";""
"MLB4971628035";"VTK025505";"192 Pilhas Alcalinas Aa Duracell (48 Cart. c/ 4 Un. Cada)";"BKR1";"ALVO_VALIDADO";"1470.59";"1620.33";"0.15000030857911661";"0.15";""
"MLB4971618579";"VTK025493";"16 Pilhas Alcalinas C Duracell (8 Cart. c/ 2 Un. Cada)";"BKR1";"ALVO_VALIDADO";"372.11";"392.78";"0.10000509190895668";"0.1";""
"MLB4971617971";"VTK025510";"20 Baterias Cr2032 Duracell (4 Cart. c/ 5 Un. Cada)";"BKR1";"ALVO_VALIDADO";"251.61";"268.07";"0.10001119110680046";"0.1";""
"MLB4971615329";"VTK025506";"192 Pilhas Alcalinas Aaa Palito Duracell (48 Cart. c/ 4 Un.)";"BKR1";"ALVO_VALIDADO";"1473.49";"1624.13";"0.15000030785712964";"0.15";""
"MLB4971614669";"VTK025503";"18 Pilhas Alcalinas C Duracell (9 Cart. c/ 2 Un. Cada)";"BKR1";"ALVO_VALIDADO";"418.06";"441.18";"0.10000453329706695";"0.1";""
"MLB4971614361";"VTK025502";"18 Pilhas Alcalinas Aaa Palito Duracell (9 Cart. c/ 2 Un.)";"BKR1";"ALVO_VALIDADO";"174.31";"174.31";"0.08186564167288164";"0.07";""
"MLB4971614189";"VTK025501";"18 Pilhas Alcalinas Aa Duracell (9 Cart. c/ 2 Un. Cada)";"BKR1";"ALVO_VALIDADO";"171.44";"171.44";"0.08381941203919738";"0.07";""
"MLB4971606293";"VTK025495";"16 Pilhas Alcalinas Lr44 A76 Duracell (4 Cart. c/ 4 Un Cada)";"BKR1";"ALVO_VALIDADO";"130.2";"130.2";"0.1207373271889401";"0.07";""
"MLB4971606053";"VTK025494";"16 Pilhas Alcalinas D Duracell (8 Cart. c/ 2 Un. Cada)";"BKR1";"ALVO_VALIDADO";"484.81";"510.28";"0.10000391941679079";"0.1";""
"MLB4971513533";"VTK025456";"10 Pilhas Alcalinas A23 Mn21 12v Duracell (5 Cart. c/ 2 Un.)";"BKR1";"ALVO_VALIDADO";"266.25";"282.16";"0.10001417635384179";"0.1";""
"MLB4971510899";"VTK025455";"10 Baterias Cr2032 Duracell (5 Cart. c/ 2 Un. Cada)";"BKR1";"ALVO_VALIDADO";"180.06";"180.06";"0.07825169387981784";"0.07";""
"MLB4971508343";"VTK025454";"10 Baterias Cr2032 Duracell (2 Cart. c/ 5 Un. Cada)";"BKR1";"ALVO_VALIDADO";"147.04";"147.04";"0.10316920565832427";"0.07";""
"MLB4971505965";"VTK025453";"10 Baterias Alcalinas 9v Duracell (5 Cart. c/ 2 Un. Cada)";"BKR1";"ALVO_VALIDADO";"360.28";"380.63";"0.10001839056301395";"0.1";""
"MLB4971478509";"VTK025452";"10 Baterias Alcalinas 9v Duracell (10 Cart. c/ 1 Un. Cada)";"BKR1";"ALVO_VALIDADO";"402.88";"424.85";"0.1000117688595975";"0.1";""
"MLB4970816113";"VTK025389";"3 Jogos de Corda P/Violão Nylon Preto/Prata GENWBS Giannini";"EVOLUSOM-PR";"ALVO_VALIDADO";"125.67";"125.67";"0.12628312246359513";"0.07";""
"MLB4970805149";"VTK025390";"3 Jogos de Corda P/Violino Aluminio Médio GEAVVA Giannini";"EVOLUSOM-PR";"ALVO_VALIDADO";"170.99";"170.99";"0.08415696824375694";"0.07";""
"MLB4970799933";"VTK025386";"3 Jogos de Corda P/Violão Nylon Cristal/Ouro Giannini";"BKR1";"ALVO_VALIDADO";"150.36";"150.36";"0.10428305400372438";"0.07";""
"MLB4970789649";"VTK025387";"3 Jogos de Corda P/Violão Nylon Cristal/Prata GENWS Giannini";"EVOLUSOM-PR";"ALVO_VALIDADO";"132.42";"132.42";"0.11818456426521674";"0.07";""
"MLB4970649165";"VTK025376";"3 Jogos de Corda P/Violão Aço Bronze 65/35 11 GESPW Giannini";"EVOLUSOM-PR";"ALVO_VALIDADO";"126.82";"126.82";"0.1248225831887715";"0.07";""
"MLB4970643115";"VTK025379";"3 Jogos de Corda P/Violão Bronze 85/15 09 GEEWAK Giannini";"EVOLUSOM-PR";"ALVO_VALIDADO";"133.44";"133.44";"0.11705635491606714";"0.07";""
"MLB4970641373";"VTK025378";"3 Jogos de Corda P/Violão Bronze 85/15 011 GEEFLK Giannini";"EVOLUSOM-PR";"ALVO_VALIDADO";"139.55";"139.55";"0.1104263704765317";"0.07";""
"MLB4970630735";"VTK025372";"3 Jogos de Corda P/Viola Cobre Prateado Leve GESVL Giannini";"EVOLUSOM-PR";"ALVO_VALIDADO";"144.39";"144.39";"0.10568598933444145";"0.07";""
"MLB4970613593";"VTK025377";"3 Jogos de Corda P/Violão Bronze 85/15 010 GEEFLE Giannini";"EVOLUSOM-PR";"ALVO_VALIDADO";"140.06";"140.06";"0.1099528773382836";"0.07";""
"MLB4970610271";"VTK025375";"3 Jogos de Corda P/Violão Aço Bronze 65/35 0.010 Giannini";"EVOLUSOM-PR";"ALVO_VALIDADO";"126.82";"126.82";"0.1248225831887715";"0.07";""
"MLB4970608687";"VTK025374";"3 Jogos de Corda P/Violão Aço Bronze 65/35 0.009 Giannini";"EVOLUSOM-PR";"ALVO_VALIDADO";"124.52";"124.52";"0.12769033087054288";"0.07";""
"MLB4970606941";"VTK025373";"3 Jogos de Corda P/Viola Cobre Prateado Media GESVM Giannini";"BKR1";"ALVO_VALIDADO";"153.63";"153.63";"0.09731172297077394";"0.07";""
"MLB4970469339";"VTK025358";"2 Jogos de Corda P/Violão Nylon Canário GENW Giannini";"BKR1";"ALVO_VALIDADO";"73.41";"73.41";"0.2396131317259229";"0.07";""
"MLB4970467431";"VTK025357";"2 Jogos de Corda P/Violão Nylon 65/35 Prateado Giannini";"BKR1";"ALVO_VALIDADO";"113.75";"113.75";"0.14303296703296703";"0.07";""
"MLB4970463661";"VTK025356";"2 Jogos de Corda P/Violão Nylon 65/35 Prateado Giannini";"BKR1";"ALVO_VALIDADO";"133.24";"133.24";"0.11730711498048634";"0.07";""
"MLB4970461121";"VTK025360";"2 Jogos de Corda P/Violão Nylon Cristal/Ouro Giannini";"BKR1";"ALVO_VALIDADO";"116.27";"116.27";"0.13924486109916576";"0.07";""
"MLB4970449457";"VTK025354";"2 Jogos de Corda P/Violão Canário Aço C/Bolinha Giannini";"BKR1";"ALVO_VALIDADO";"85.01";"85.01";"0.2024467709681214";"0.07";""
"MLB4970446455";"VTK025359";"2 Jogos de Corda P/Violão Nylon Canário Giannini";"EVOLUSOM-PR";"ALVO_VALIDADO";"83.5";"83.5";"0.20658682634730538";"0.07";""
"MLB4970336455";"VTK025346";"2 Jogos de Corda P/Viola  Cobre Prateado Leve GESVL Giannini";"EVOLUSOM-PR";"ALVO_VALIDADO";"108.47";"108.47";"0.1514704526597216";"0.07";""
"MLB4970333427";"VTK025345";"2 Jogos de Corda P/Guitarra Niquel 09 GEEGST.9 Giannini";"BKR1";"ALVO_VALIDADO";"119.17";"119.17";"0.13501720231601913";"0.07";""
"MLB4970329507";"VTK025348";"2 Jogos de Corda P/Violão Aço Bronze 65/35 0.009 Giannini";"EVOLUSOM-PR";"ALVO_VALIDADO";"93.44";"93.44";"0.1811857876712329";"0.07";""
"MLB4970326945";"VTK025347";"2 Jogos de Corda P/Viola Cobre Prateado Media GESVM Giannini";"BKR1";"ALVO_VALIDADO";"113.41";"113.41";"0.14346177585750816";"0.07";""
"MLB4970305855";"VTK025343";"2 Jogos de Corda P/Guitarra Niquel 011 GEEGST.11 Giannini";"EVOLUSOM-PR";"ALVO_VALIDADO";"111.53";"111.53";"0.1465076660988075";"0.07";""
"MLB4967561865";"VTK025338";"9 Jogos de Cordas Violão Nylon-Cristal/Prateada Média Nig";"BKR1";"ALVO_VALIDADO";"379.75";"401.15";"0.10001246416552412";"0.1";""
"MLB4967559427";"VTK025327";"8 Jogos de Cordas Guitarra 009 1ª Mi Extra + Palheta N63 Nig";"BKR1";"ALVO_VALIDADO";"328.12";"346.95";"0.100014411298458";"0.1";""
"MLB4967557183";"VTK025322";"7 Jogos de Cordas Violão Aço Fósforo Bronze 010 NPB560 Nig";"BKR1";"ALVO_VALIDADO";"356.54";"376.97";"0.10000795819295966";"0.1";""
"MLB4967556843";"VTK025320";"7 Jogos de Cordas Guitarra 010 1ª Mi Extra + Palheta N64 Nig";"BKR1";"ALVO_VALIDADO";"304.1";"321.94";"0.10001863701310804";"0.1";""
"MLB4967556439";"VTK025319";"7 Jogos de Cordas Guitarra 009 1ª Mi Extra + Palheta N63 Nig";"BKR1";"ALVO_VALIDADO";"294.04";"311.88";"0.10000641272284212";"0.1";""
"MLB4967553101";"VTK025311";"6  Jogos de Cordas Guitarra 010 1ª Mi Extra + Palheta N64 Nig";"BKR1";"ALVO_VALIDADO";"265.46";"281.7";"0.1";"0.1";""
"MLB4967552445";"VTK025308";"5 Jogos de Cordas Violão Aço Fósforo Bronze 010 NPB560 Nig";"BKR1";"ALVO_VALIDADO";"262.32";"278.43";"0.10002514096900478";"0.1";""
"MLB4967550511";"VTK025299";"4 Jogos de Cordas Guitarra 009 1ª Mi Extra + Palheta N63 Nig";"BKR1";"ALVO_VALIDADO";"179.91";"179.91";"0.07831693624590073";"0.07";""
"MLB4967549805";"VTK025297";"4  Jogos de Cordas Guitarra 010 1ª Mi Extra + Palheta N64 Nig";"BKR1";"ALVO_VALIDADO";"186.89";"186.89";"0.07416127133608005";"0.07";""
"MLB4967510399";"VTK025332";"9  Jogos de Cordas Violão Aço 010 1ª Corda Mí Extra N500 Nig";"BKR1";"ALVO_VALIDADO";"334.24";"353.74";"0.10001696161022221";"0.1";""
"MLB4967509981";"VTK025331";"8 Jogos de Cordas Violão Nylon-Cristal/Prateada Média Nig";"BKR1";"ALVO_VALIDADO";"338.86";"358.14";"0.10001675322499581";"0.1";""
"MLB4967509591";"VTK025328";"8 Jogos de Cordas Guitarra 010 1ª Mi Extra + Palheta N64 Nig";"BKR1";"ALVO_VALIDADO";"345.48";"365.45";"0.10001368176221097";"0.1";""
"MLB4967507709";"VTK025324";"7 Jogos de Cordas Violão Nylon-Cristal/Prateada Média Nig";"BKR1";"ALVO_VALIDADO";"300.7";"318.4";"0.1";"0.1";""
"MLB4967505465";"VTK025318";"7  Jogos de Cordas Violão Aço 010 1ª Corda Mí Extra N500 Nig";"BKR1";"ALVO_VALIDADO";"265.3";"281.54";"0.10002131135895431";"0.1";""
"MLB4967504623";"VTK025317";"6 Jogos de Cordas Violão Nylon-Cristal/Prateada Média Nig";"BKR1";"ALVO_VALIDADO";"255.84";"270.63";"0.10002586557292244";"0.1";""
"MLB4967503971";"VTK025315";"6 Jogos de Cordas Violão Aço Fósforo Bronze 010 NPB560 Nig";"BKR1";"ALVO_VALIDADO";"308.06";"326.06";"0.10001226768079495";"0.1";""
"MLB4967502955";"VTK025312";"6  Jogos de Cordas Violão Aço 010 1ª Corda Mí Extra N500 Nig";"BKR1";"ALVO_VALIDADO";"232.2";"247.06";"0.10001619039909335";"0.1";""
"MLB4967496375";"VTK025326";"8  Jogos de Cordas Violão Aço Fósforo Bronze 010 NPB560 Nig";"BKR1";"ALVO_VALIDADO";"406.25";"429.37";"0.10000698698092554";"0.1";""
"MLB4967495817";"VTK025325";"8  Jogos de Cordas Violão Aço 010 1ª Corda Mí Extra N500 Nig";"BKR1";"ALVO_VALIDADO";"298.4";"316";"0.1";"0.1";""
"MLB4967490873";"VTK025313";"6 Jogos de Cordas Guitarra 009 1ª Mi Extra + Palheta N63 Nig";"BKR1";"ALVO_VALIDADO";"254.49";"270.27";"0.10001110001110002";"0.1";""
"MLB4967489729";"VTK025310";"5 Jogos de Cordas Violão Nylon-Cristal/Prateada Média Nig";"BKR1";"ALVO_VALIDADO";"224.39";"238.93";"0.10002929728372326";"0.1";""
"MLB4967489147";"VTK025306";"5 Jogos de Cordas Guitarra 009 1ª Mi Extra + Palheta N63 Nig";"BKR1";"ALVO_VALIDADO";"216.65";"229.7";"0.1";"0.1";""
"MLB4967488809";"VTK025305";"5  Jogos de Cordas Violão Aço 010 1ª Corda Mí Extra N500 Nig";"BKR1";"ALVO_VALIDADO";"199.01";"199.67";"0.0700155256172685";"0.07";""
"MLB4967488551";"VTK025304";"5  Jogos de Cordas Guitarra 010 1ª Mi Extra + Palheta N64 Nig";"BKR1";"ALVO_VALIDADO";"224.95";"239.23";"0.10002926054424613";"0.1";""
"MLB4967488273";"VTK025303";"4 Jogos de Cordas Violão Nylon-Cristal/Prateada Média Nig";"BKR1";"ALVO_VALIDADO";"185.2";"185.2";"0.07516198704103672";"0.07";""
"MLB4967487745";"VTK025301";"4 Jogos de Cordas Violão Aço Fósforo Bronze 010 NPB560 Nig";"BKR1";"ALVO_VALIDADO";"217.55";"230.78";"0.10000866626224109";"0.1";""
"MLB4967487089";"VTK025298";"4  Jogos de Cordas Violão Aço 010 1ª Corda Mí Extra N500 Nig";"BKR1";"ALVO_VALIDADO";"170.22";"170.22";"0.08465515215603336";"0.07";""
"MLB4841873353";"VTK000038";"Par de Caixa Som Ambiente JBL C621B 50W Branca - PAR / 2";"EVOLUSOM-PR";"ALVO_VALIDADO";"1370";"1565.5";"0.1500031938677739";"0.15";""
"MLB4836086361";"VTK000038";"Par de Caixa Som Ambiente JBL C621B 50W Branca - PAR / 2";"EVOLUSOM-PR";"ALVO_VALIDADO";"1370";"1565.5";"0.1500031938677739";"0.15";""
"MLB7298190190";"VTK012753";"Ventilador Coluna Turbo 50cm 6p 220v Preto Ventisol";"BKR1";"ALVO_VALIDADO";"331.11";"361.06";"0.1000110784911095";"0.1";""
"MLB7298190174";"VTK012509";"Cabo Para Microfone Emborrachado P10 Xlr 7 Metros Mpae-07 Wireconex";"BKR1";"ALVO_VALIDADO";"95";"95.53";"0.07003035695593007";"0.07";""
"MLB7298177250";"VTK017221";"Alicate Vonder Corte Diagonal 6"" 1000v";"EVOLUSOM-PR";"ALVO_VALIDADO";"56.64";"56.64";"0.07009180790960452";"0.07";""
"MLB7298177242";"VTK012636";"Mesa Som 12 Canais Analógica Usb Cmx12 Mark Audio";"BKR1";"ALVO_VALIDADO";"2170";"2495.28";"0.1500032060530281";"0.15";""
"MLB7298177226";"VTK012637";"Amplificador Para Guitarra 8 Pol 25w Vosstorm Gx-8";"BKR1";"ALVO_VALIDADO";"1140";"1334.86";"0.15000074914223216";"0.15";""
"MLB7310368088";"VTK025634";"10 Pilhas Moeda Lítio Elgin CR1616 3V Kit";"BKR1";"ALVO_VALIDADO";"65.14";"65.14";"0.2740251765428309";"0.07";""
"MLB7305856632";"VTK015984";"14 Pilhas Recarregaveis Eneloop Std Aa Panasonic (7 Cart)";"BKR1";"ALVO_VALIDADO";"635.75";"641.06";"0.10000623966555393";"0.1";""
"MLB7305856598";"VTK016238";"8 Pilhas Recarregaveis Eneloop Std Aa Panasonic (4 Cart)";"BKR1";"ALVO_VALIDADO";"361.3";"381.26";"0.10001049152809108";"0.1";""
"MLB4980622371";"VTK025834";"60 Pilhas Zinco Ar Elgin Tamanho 312 PR41 1,4V Kit";"EVOLUSOM-PR";"ALVO_VALIDADO";"206.31";"217.42";"0.10003679514304112";"0.1";""
"MLB4980621051";"VTK025833";"60 Pilhas Zinco Ar Elgin Tamanho 13 PR48 1,4V Kit";"BKR1";"ALVO_VALIDADO";"208.06";"219.5";"0.09999999999999999";"0.1";""
"MLB4980620237";"VTK025820";"54 Pilhas Zinco Ar Elgin Tamanho 675 PR44 1,4V Kit";"EVOLUSOM-PR";"ALVO_VALIDADO";"184.94";"184.94";"0.07532172596517789";"0.07";""
"MLB4980618633";"VTK025790";"42 Pilhas Zinco Ar Elgin Tamanho 13 PR48 1,4V Kit";"BKR1";"ALVO_VALIDADO";"158.44";"158.44";"0.09341075485988387";"0.07";""
"MLB4980618509";"VTK025789";"42 Pilhas Zinco Ar Elgin Tamanho 10 PR70 1,4V Kit";"EVOLUSOM-PR";"ALVO_VALIDADO";"174.44";"174.44";"0.0818046319651456";"0.07";""
"MLB4980618439";"VTK025763";"36 Pilhas Zinco Ar Elgin Tamanho 675 PR44 1,4V Kit";"EVOLUSOM-PR";"ALVO_VALIDADO";"144.54";"144.54";"0.10557631105576311";"0.07";""
"MLB4980617917";"VTK025761";"36 Pilhas Zinco Ar Elgin Tamanho 13 PR48 1,4V Kit";"BKR1";"ALVO_VALIDADO";"147.7";"147.7";"0.1026404874746107";"0.07";""
"MLB4980617349";"VTK025729";"24 Pilhas Zinco Ar Elgin Tamanho 312 PR41 1,4V Kit";"EVOLUSOM-PR";"ALVO_VALIDADO";"111.38";"111.38";"0.14670497396300952";"0.07";""
"MLB4980617149";"VTK025694";"18 Pilhas Zinco Ar Elgin Tamanho 675 PR44 1,4V Kit";"EVOLUSOM-PR";"ALVO_VALIDADO";"89.93";"89.93";"0.18948070721672408";"0.07";""
"MLB4980616347";"VTK025691";"18 Pilhas Zinco Ar Elgin Tamanho 10 PR70 1,4V Kit";"EVOLUSOM-PR";"ALVO_VALIDADO";"94.28";"94.28";"0.17935935511243106";"0.07";""
"MLB4980616177";"VTK025662";"12 Pilhas Zinco Ar Elgin Tamanho 312 PR41 1,4V Kit";"EVOLUSOM-PR";"ALVO_VALIDADO";"75.99";"75.99";"0.23029345966574552";"0.07";""
"MLB4980616077";"VTK025660";"12 Pilhas Zinco Ar Elgin Tamanho 10 PR70 1,4V Kit";"EVOLUSOM-PR";"ALVO_VALIDADO";"79.28";"79.28";"0.21947527749747728";"0.07";""
"MLB4980610069";"VTK025836";"60 Pilhas Zinco Ar Elgin Tamanho 675 PR44 1,4V Kit";"EVOLUSOM-PR";"ALVO_VALIDADO";"204.31";"215.02";"0.10003720584131709";"0.1";""
"MLB4980608215";"VTK025831";"60 Pilhas Zinco Ar Elgin Tamanho 10 PR70 1,4V Kit";"EVOLUSOM-PR";"ALVO_VALIDADO";"247.94";"267.33";"0.10002618486514794";"0.1";""
"MLB4980607667";"VTK025819";"54 Pilhas Zinco Ar Elgin Tamanho 312 PR41 1,4V Kit";"EVOLUSOM-PR";"ALVO_VALIDADO";"186.13";"186.13";"0.07462526191371623";"0.07";""
"MLB4980607567";"VTK025818";"54 Pilhas Zinco Ar Elgin Tamanho 13 PR48 1,4V Kit";"BKR1";"ALVO_VALIDADO";"188.94";"188.94";"0.07303906001905368";"0.07";""
"MLB4980607411";"VTK025817";"54 Pilhas Zinco Ar Elgin Tamanho 10 PR70 1,4V Kit";"EVOLUSOM-PR";"ALVO_VALIDADO";"201.94";"212.16";"0.10001885369532428";"0.1";""
"MLB4980606501";"VTK025792";"42 Pilhas Zinco Ar Elgin Tamanho 675 PR44 1,4V Kit";"EVOLUSOM-PR";"ALVO_VALIDADO";"156.06";"156.06";"0.09528386518005895";"0.07";""
"MLB4980606307";"VTK025791";"42 Pilhas Zinco Ar Elgin Tamanho 312 PR41 1,4V Kit";"EVOLUSOM-PR";"ALVO_VALIDADO";"156.25";"156.25";"0.09516799999999999";"0.07";""
"MLB4980605821";"VTK025762";"36 Pilhas Zinco Ar Elgin Tamanho 312 PR41 1,4V Kit";"EVOLUSOM-PR";"ALVO_VALIDADO";"145.72";"145.72";"0.10437825967609114";"0.07";""
"MLB4980605137";"VTK025749";"30 Pilhas Zinco Ar Elgin Tamanho 312 PR41 1,4V Kit";"EVOLUSOM-PR";"ALVO_VALIDADO";"131.05";"131.05";"0.11972529568866844";"0.07";""
"MLB4980605101";"VTK025748";"30 Pilhas Zinco Ar Elgin Tamanho 13 PR48 1,4V Kit";"BKR1";"ALVO_VALIDADO";"131.64";"131.64";"0.11911273169249469";"0.07";""
"MLB4980604993";"VTK025730";"24 Pilhas Zinco Ar Elgin Tamanho 675 PR44 1,4V Kit";"EVOLUSOM-PR";"ALVO_VALIDADO";"110.59";"110.59";"0.1480242336558459";"0.07";""
"MLB4980604843";"VTK025728";"24 Pilhas Zinco Ar Elgin Tamanho 13 PR48 1,4V Kit";"BKR1";"ALVO_VALIDADO";"111.78";"111.78";"0.14609053497942384";"0.07";""
"MLB4980603739";"VTK025663";"12 Pilhas Zinco Ar Elgin Tamanho 675 PR44 1,4V Kit";"EVOLUSOM-PR";"ALVO_VALIDADO";"74.41";"74.41";"0.2358553957801371";"0.07";""
"MLB4980603325";"VTK025661";"12 Pilhas Zinco Ar Elgin Tamanho 13 PR48 1,4V Kit";"BKR1";"ALVO_VALIDADO";"75.46";"75.46";"0.2321759872780281";"0.07";""
"MLB4980596715";"VTK025830";"60 Pilhas Zinco Ar Elgin Tamanho 10 PR70 1,4V Kit";"EVOLUSOM-PR";"ALVO_VALIDADO";"247.94";"267.33";"0.10002618486514794";"0.1";""
"MLB4980595951";"VTK025800";"48 Pilhas Zinco Ar Elgin Tamanho 675 PR44 1,4V Kit";"EVOLUSOM-PR";"ALVO_VALIDADO";"170.81";"170.81";"0.08424565306480886";"0.07";""
"MLB4980595833";"VTK025799";"48 Pilhas Zinco Ar Elgin Tamanho 312 PR41 1,4V Kit";"EVOLUSOM-PR";"ALVO_VALIDADO";"171.69";"171.69";"0.08369736152367639";"0.07";""
"MLB4980595591";"VTK025798";"48 Pilhas Zinco Ar Elgin Tamanho 13 PR48 1,4V Kit";"BKR1";"ALVO_VALIDADO";"173.69";"173.69";"0.08233058898036733";"0.07";""
"MLB4980595457";"VTK025797";"48 Pilhas Zinco Ar Elgin Tamanho 10 PR70 1,4V Kit";"EVOLUSOM-PR";"ALVO_VALIDADO";"181.19";"181.19";"0.07754291075666428";"0.07";""
"MLB4980594043";"VTK025760";"36 Pilhas Zinco Ar Elgin Tamanho 10 PR70 1,4V Kit";"EVOLUSOM-PR";"ALVO_VALIDADO";"148.94";"148.94";"0.07687659460185309";"0.07";""
"MLB4980593935";"VTK025750";"30 Pilhas Zinco Ar Elgin Tamanho 675 PR44 1,4V Kit";"EVOLUSOM-PR";"ALVO_VALIDADO";"132.43";"132.43";"0.11817563996073396";"0.07";""
"MLB4980593763";"VTK025747";"30 Pilhas Zinco Ar Elgin Tamanho 10 PR70 1,4V Kit";"EVOLUSOM-PR";"ALVO_VALIDADO";"141.91";"141.91";"0.10809668099499684";"0.07";""
"MLB4980593519";"VTK025727";"24 Pilhas Zinco Ar Elgin Tamanho 10 PR70 1,4V Kit";"EVOLUSOM-PR";"ALVO_VALIDADO";"116.38";"116.38";"0.13902732428252276";"0.07";""
"MLB4980593325";"VTK025693";"18 Pilhas Zinco Ar Elgin Tamanho 312 PR41 1,4V Kit";"EVOLUSOM-PR";"ALVO_VALIDADO";"91.71";"91.71";"0.18525787809399194";"0.07";""
"MLB4980593067";"VTK025692";"18 Pilhas Zinco Ar Elgin Tamanho 13 PR48 1,4V Kit";"BKR1";"ALVO_VALIDADO";"89.17";"89.17";"0.19143209599641134";"0.07";""
"MLB4980470955";"VTK025870";"20 Pilhas Recarregáveis AA Elgin 2500mAh Kit 10 Blisters";"EVOLUSOM-PR";"ALVO_VALIDADO";"363.72";"384.53";"0.10001820404129717";"0.1";""
"MLB7009932680";"VTK000192";"Ventilador de Parede Ventisol New Premium 60cm Preto 127v";"EVOLUSOM-PR";"ALVO_VALIDADO";"319";"347.5";"0.1";"0.1";""
"MLB4824321721";"VTK000192";"Ventilador de Parede Ventisol New Premium 60cm Preto 127v";"EVOLUSOM-PR";"ALVO_VALIDADO";"319";"347.5";"0.1";"0.1";""
"MLB7314824310";"VTK012706";"Amplificador Para Guitarra 12 Pol 100w Vosstorm Gx-12";"BKR1";"ALVO_VALIDADO";"1989";"2340.85";"0.150001067988124";"0.15";""
"MLB7314824306";"VTK003442";"Pilha Alcalina 1,5V AAA LR03 (C/6 Pilhas) Panasonic - CAR / 6";"BKR1";"ALVO_VALIDADO";"41.44";"43.64";"0.0701191567369386";"0.07";""
"MLB7314824296";"VTK000399";"Pilha Moeda Lithium 3v CR2032 (C/5 Pilhas) Duracell - CAR / 5";"BKR1";"ALVO_VALIDADO";"64.56";"64.56";"0.07001239157372985";"0.07";""
"MLB7314824104";"VTK017449";"Cabo RCA 2x2 Storm CBRC0035 Profissional Blindado Vermelho 1m";"EVOLUSOM-PR";"ALVO_VALIDADO";"55.31";"58.24";"0.07005494505494506";"0.07";""
"MLB7314823954";"VTK018645";"Fonte Atx Gamemax Gp400a 400w Real 80plus/pfc/bivolt Auto";"EVOLUSOM-PR";"ALVO_VALIDADO";"423";"463.52";"0.10001725923369002";"0.1";""
"MLB7314823508";"VTK016202";"6 Pilhas Comum D Panasonic (3 Cart)";"BKR1";"ALVO_VALIDADO";"66.16";"66.16";"0.2694981862152358";"0.07";""
"MLB7314823234";"VTK002834";"Pilha Alcalina 1,5V AA LR6 Premium (C/6 Pilhas) Panasonic - CAR / 6";"BKR1";"ALVO_VALIDADO";"45";"47.05";"0.07013815090329437";"0.07";""
"MLB7314823222";"VTK000453";"Ventilador de Coluna Ventisol Turbo 6 40cm Bronze 127v";"BKR1";"ALVO_VALIDADO";"267";"302.58";"0.1000066098221958";"0.1";""
"MLB7314823006";"VTK012158";"Jogo De Cordas P/contra Baixo 4 Cordas Niquel 0.045 - 0.100 São Gonçalo";"BKR1";"ALVO_VALIDADO";"94";"94";"0.07180851063829788";"0.07";""
"MLB7314822926";"VTK012576";"Climatizador De Ar 60l Duplo 300w 127v Clin 60 Pro Ventisol";"BKR1";"ALVO_VALIDADO";"2252.32";"2512.65";"0.15000099496547467";"0.15";""
"MLB7314821136";"VTK012005";"Cabo Para Instrumentos Emborrachado P10 P10 7 Metros Guiem-07 Wireconex";"BKR1";"ALVO_VALIDADO";"91.87";"98.79";"0.07004757566555318";"0.07";""
"MLB7314820970";"VTK000044";"Pilha Alcalina 1,5V AAA LR03 (C/4 Pilhas) Panasonic - CAR / 4";"BKR1";"ALVO_VALIDADO";"34";"34.78";"0.07015526164462334";"0.07";""
"MLB7314820914";"VTK023620";"Espaguete Corrugado Permak 10mm 3/8 20m Preto";"EVOLUSOM-PR";"ALVO_VALIDADO";"56";"69.05";"0.07009413468501086";"0.07";""
"MLB7314820764";"VTK000534";"Antena Interna TV Digital DTV-200 2,5m Aquário";"EVOLUSOM-PR";"ALVO_VALIDADO";"38";"39.89";"0.07019303083479568";"0.07";""
"MLB7314820706";"VTK012752";"Ventilador Coluna Turbo 40cm 10p 220v Preto Ventisol";"BKR1";"ALVO_VALIDADO";"327.5";"351.32";"0.10002277126266652";"0.1";""
"MLB7314820696";"VTK025375";"3 Jogos de Corda P/Violão Aço Bronze 65/35 0.010 Giannini";"EVOLUSOM-PR";"ALVO_VALIDADO";"126.82";"126.82";"0.1248225831887715";"0.07";""
"MLB7314820690";"VTK017389";"Cabo Hdmi Proeletronic Cahd-2010 4k Macho X Macho 2.0 10m";"EVOLUSOM-PR";"ALVO_VALIDADO";"81.46";"81.47";"0.07008714864367252";"0.07";""
"MLB7314820636";"VTK017576";"Controle Remoto MXT 01315 York GZ-12A-E1 GZ-12B-E1";"EVOLUSOM-PR";"ALVO_VALIDADO";"46.21";"46.21";"0.07011469378922311";"0.07";""
"MLB7314820634";"VTK017792";"Fixa Forte 3m Espuma 24mm X 1,5m 76686";"EVOLUSOM-PR";"ALVO_VALIDADO";"50";"51.81";"0.07006369426751592";"0.07";""
"MLB7314820046";"VTK013077";"Pilha Recarregável Univ. Aaa2 Cart 2 Energizer";"BKR1";"ALVO_VALIDADO";"54";"55.47";"0.07012799711555796";"0.07";""
"MLB7314819908";"VTK017347";"Cabo Optico Splitter Evus Opf-plc1x16-nc250 Plc 1x16 Nc 1,5m G657a1";"EVOLUSOM-PR";"ALVO_VALIDADO";"55.75";"55.76";"0.0701219512195122";"0.07";""
"MLB7314819882";"VTK025675";"15 Baterias Alcalinas A23 (3 Cart)";"BKR1";"ALVO_VALIDADO";"117.55";"117.55";"0.2112292641429179";"0.07";""
"MLB7314819690";"VTK012181";"Palheta Tradicional Celuloide Perolada Media 0,90mm C/ 12un Sg";"BKR1";"ALVO_VALIDADO";"31.45";"33.54";"0.07006559332140729";"0.07";""
"MLB7314819678";"VTK025346";"2 Jogos de Corda P/Viola  Cobre Prateado Leve GESVL Giannini";"EVOLUSOM-PR";"ALVO_VALIDADO";"108.47";"108.47";"0.1514704526597216";"0.07";""
"MLB7314819664";"VTK016234";"8 Pilhas Comum Aaa Panasonic (2 Cart)";"BKR1";"ALVO_VALIDADO";"34.36";"35.85";"0.0700139470013947";"0.07";""
"MLB7314819606";"VTK025250";"2 Jogos de Cordas 009 Super Light Guitarra Optiweb Elixir";"BKR1";"ALVO_VALIDADO";"449.54";"473.82";"0.1000168840487949";"0.1";""
"MLB7314819554";"VTK012019";"Conector P10 Macho Linha Mono Wc 1112 Wireconex 10 Unidades";"BKR1";"ALVO_VALIDADO";"127.99";"127.99";"0.09219470271114932";"0.07";""
"MLB7314819544";"VTK000411";"Bateria Alcalina 9v MN1604 (C/2 Pilhas) Duracell";"BKR1";"ALVO_VALIDADO";"105";"105";"0.1880952380952381";"0.07";""
"MLB7313984046";"VTK025296";"3 Jogos de Cordas Violão Nylon-Cristal/Prateada Média Nig";"BKR1";"ALVO_VALIDADO";"154.63";"154.63";"0.09648839164457092";"0.07";""
"MLB7313984042";"VTK012594";"Protetor De Linha 4 Tom. 2p+t Cabo 1,5m Elgin";"BKR1";"ALVO_VALIDADO";"63";"64.41";"0.07002018320136624";"0.07";""
"MLB7313984020";"VTK012028";"Pilha Alcalina Aa2 Rayovac Cartela Com 02 Unidades";"BKR1";"ALVO_VALIDADO";"26.98";"26.99";"0.0700259355316784";"0.07";""
"MLB7313984018";"VTK016206";"6 Pilhas Recarregaveis Eneloop Std Aaa Panasonic (3 Cart)";"BKR1";"ALVO_VALIDADO";"212.09";"224.34";"0.10002674511901578";"0.1";""
"MLB7313984006";"VTK005803";"Mangueira Látex 13 Metros KM215CA Azul Kepper";"EVOLUSOM-PR";"ALVO_VALIDADO";"140.31";"140.31";"0.12536526263274178";"0.07";""
"MLB7313984002";"VTK000230";"Pilha Moeda Lithium 3V CR2032 (C/5 Pilhas) Panasonic - CAR / 5";"BKR1";"ALVO_VALIDADO";"39";"40.2";"0.07014925373134327";"0.07";""
"MLB7313983882";"VTK017368";"Fonte Atx Evus Ft-200w Atx 200w Real 20/24p 3 Sata Com Cabo";"EVOLUSOM-PR";"ALVO_VALIDADO";"78.9";"89.73";"0.07009918644823358";"0.07";""
"MLB7313983342";"VTK000449";"Pilha Alcalina 1,5V AA LR6 (C/20 Pilhas) Panasonic - BLI / 20";"BKR1";"ALVO_VALIDADO";"101.8";"101.8";"0.14646365422396856";"0.07";""
"MLB7313983026";"VTK025261";"2 Jogos de Cordas 12 Phosphor Violão Aço Nanoweb Elixir";"BKR1";"ALVO_VALIDADO";"605.71";"637.06";"0.10000627884343705";"0.1";""
"MLB7313982872";"VTK012000";"Encordoamento P/violão Nylon Bronze 65/35 Prata Tensão Média Sg 0.028";"BKR1";"ALVO_VALIDADO";"50";"51.93";"0.07009435778933179";"0.07";""
"MLB7313982646";"VTK016003";"16 Pilhas Comum Aa Panasonic (2 Cart)";"BKR1";"ALVO_VALIDADO";"61.54";"61.54";"0.2921676958076048";"0.07";""
"MLB7313980660";"VTK018526";"Cabo Para Microfone Santo Angelo Ninja Hg P10 X Xlrf 03ft 091 Cm 8827 Preto";"EVOLUSOM-PR";"ALVO_VALIDADO";"65.58";"65.58";"0.07014333638304361";"0.07";""
"MLB7313980490";"VTK025649";"10 Pilhas Alcalinas Aa Sm-2 Elgin (5 Cart)";"BKR1";"ALVO_VALIDADO";"69.67";"69.67";"0.2541983637146548";"0.07";""
"MLB7313979706";"VTK012696";"Calculadora Mesa Visor 12 Dig. Rosa Mv4135 Elgin";"BKR1";"ALVO_VALIDADO";"51";"52.2";"0.07011494252873562";"0.07";""
"MLB7313979680";"VTK012119";"Cabo Para Pedal Textil Pedtx-0,25 Wireconex";"BKR1";"ALVO_VALIDADO";"46";"48.21";"0.07010993569798797";"0.07";""
"MLB7313979674";"VTK018408";"Climatizador Evaporativo Symphony Hicool I 31l 127v 60hz";"EVOLUSOM-PR";"ALVO_VALIDADO";"1590";"1748.75";"0.15000428877769836";"0.15";""
"MLB7313979556";"VTK013097";"Climatizador Industrial 125l 400w 127v Clin 125 Pro Ventisol";"BKR1";"ALVO_VALIDADO";"2699";"3079.83";"0.1500017858128533";"0.15";""
"MLB7313979460";"VTK002315";"Adaptador Display Portátil Para VGA 15cm ADAP0044 Branco Storm";"EVOLUSOM-PR";"ALVO_VALIDADO";"31";"32.3";"0.07027863777089784";"0.07";""
"MLB7313979446";"VTK012438";"Cabos Para Instrumentos P10 P10 7 Metros Gte-07 Kng Wireconex";"BKR1";"ALVO_VALIDADO";"82.06";"82.07";"0.07006214207383941";"0.07";""
"MLB7313979440";"VTK001624";"Cabo VGA HDB15M x HDB15M 3 MT Preto Com Filtro Storm";"BKR1";"ALVO_VALIDADO";"39.46";"39.47";"0.07017988345578921";"0.07";""
"MLB7313979402";"VTK012535";"Conector Spk Femea Painel 4 P Wc 1604 Fp Bk Pbk Wireconex 04 Unidades";"BKR1";"ALVO_VALIDADO";"59.88";"59.89";"0.07012856904324595";"0.07";""
"MLB7313979328";"VTK020597";"Cabo Para Microfone Mono Tiaflex Espiralado 100 Metros 1x0,50 Mm 505010";"EVOLUSOM-PR";"ALVO_VALIDADO";"750";"764.22";"0.10001046818978829";"0.1";""
"MLB7313979306";"VTK012021";"Conector Plug Rca Macho Wc 1212 Bk Wireconex 10unidades";"BKR1";"ALVO_VALIDADO";"78.9";"93.37";"0.07004391132055264";"0.07";""
"MLB7313975858";"VTK019005";"Alto Falante Subwoofer 15"" Eros Target Xbass 5k 2500w Rms 4 Ohms - Amarelo";"EVOLUSOM-PR";"ALVO_VALIDADO";"2070";"2347.31";"0.1500014910684997";"0.15";""
"MLB7313975298";"VTK012167";"10 Baterias Alcalinas Lr626 Ag4 Elgin";"BKR1";"ALVO_VALIDADO";"26.1";"27.8";"0.07014388489208633";"0.07";""
"MLB7313972932";"VTK025254";"2 Jogos de Cordas 010 Light Guitarra Optiweb Elixir";"BKR1";"ALVO_VALIDADO";"449.54";"473.82";"0.1000168840487949";"0.1";""
"MLB7313972918";"VTK001744";"Encordoamento Violão Nylon Tensão Alta Pro-Arte Nylon Core EJ46 D Addario";"BKR1";"ALVO_VALIDADO";"213.99";"213.99";"0.1553343614187579";"0.1";""
"MLB7313972902";"VTK000346";"Ventilador de Coluna Ventisol Turbo 6 40cm Preto 220v";"BKR1";"ALVO_VALIDADO";"280.87";"302.58";"0.1000066098221958";"0.1";""
"MLB7313972866";"VTK018492";"Climatizador Evaporativo Symphony Diet 8i 8l 127v 60hz";"EVOLUSOM-PR";"ALVO_VALIDADO";"890";"941.77";"0.10000318549114966";"0.1";""
"MLB7313972464";"VTK016061";"20 Pilhas Comum D Panasonic (10 Cart)";"BKR1";"ALVO_VALIDADO";"135.33";"135.33";"0.11497820143353284";"0.07";""
"MLB7313972440";"VTK003174";"Pilha Auditiva 13 (Cartela C/6 Unid.) Duracell";"BKR1";"ALVO_VALIDADO";"51";"53.67";"0.07005776038755356";"0.07";""
"MLB7313972378";"VTK018148";"Telefone Sem Fio Intelbras Ts 3110 Branco/vermelho 4123101";"EVOLUSOM-PR";"ALVO_VALIDADO";"299";"299";"0.15862876254180602";"0.1";""
"MLB7313972262";"VTK017388";"Patch Cord Furukawa Cat5e 0.5m Cinza T568a";"EVOLUSOM-PR";"ALVO_VALIDADO";"67.81";"67.81";"0.3558472201740156";"0.07";""
"MLB7313972248";"VTK025249";"2 Jogos de Cordas 009 Super Light Guitarra Nanoweb Elixir";"BKR1";"ALVO_VALIDADO";"410.22";"432.88";"0.1000046202180743";"0.1";""
"MLB7313972188";"VTK003007";"Ventilador de Mesa Ventisol Turbo 6 40cm Bronze 220v";"BKR1";"ALVO_VALIDADO";"218.65";"237.4";"0.09999999999999999";"0.1";""
"MLB7313972084";"VTK000678";"Ventilador de Teto Ventisol Mistral 3 Pás Preto Bivolt";"EVOLUSOM-PR";"ALVO_VALIDADO";"340";"360.56";"0.10001109385400489";"0.1";""
"MLB7313516646";"VTK015944";"10 Pilhas Comum D Panasonic (5 Cart)";"BKR1";"ALVO_VALIDADO";"74.51";"74.51";"0.23567306401825255";"0.07";""
"MLB7313516632";"VTK016214";"7 Baterias Alcalinas 12v Panasonic Lrv08-1b";"BKR1";"ALVO_VALIDADO";"95.46";"98.84";"0.07001214083367058";"0.07";""
"MLB7313273036";"VTK018723";"Contra Frente Plástica Permak Fiat Bravo 2 Din Preta";"EVOLUSOM-PR";"ALVO_VALIDADO";"102.46";"102.47";"0.07006928857226505";"0.07";""
"MLB7313273030";"VTK017352";"Base Para Notebook Evus Bpn-03 Twins";"EVOLUSOM-PR";"ALVO_VALIDADO";"94.33";"94.33";"0.21074949644863775";"0.07";""
"MLB7313007222";"VTK000240";"Expositor Para Instrumentos de Corda ASL Preto ASK";"EVOLUSOM-PR";"ALVO_VALIDADO";"47.18";"50.21";"0.07010555666201952";"0.07";""
"MLB7311698800";"VTK019158";"Conversor De Audio Rca Bee Link 4 Ch + Superbass";"EVOLUSOM-PR";"ALVO_VALIDADO";"181.28";"181.28";"0.07000220653133274";"0.07";""
"MLB7311575674";"VTK018706";"Protetor De Carter Dhf-240 Stilo 2003";"EVOLUSOM-PR";"ALVO_VALIDADO";"142.66";"142.66";"0.10297210150007009";"0.07";""
"MLB7311575302";"VTK018130";"Sirene Bitonal Fks 12v Preta";"EVOLUSOM-PR";"ALVO_VALIDADO";"59.35";"59.35";"0.27952822240943553";"0.07";""
"MLB7311574752";"VTK017986";"Driver Fenólico Jbl D450 Trio 300w 8r Rms";"EVOLUSOM-PR";"ALVO_VALIDADO";"1099";"1252.95";"0.1500059858733389";"0.15";""
"MLB7311574210";"VTK017812";"Calota Aro 14p 879cp-pta Mod Kwid Zen 2020";"EVOLUSOM-PR";"ALVO_VALIDADO";"46.82";"46.82";"0.07005553182400683";"0.07";""
"MLB7311573580";"VTK017751";"Fonte Chaveada 6v 1a Plug P4 C+ 2.1 X 5.5 Mm";"EVOLUSOM-PR";"ALVO_VALIDADO";"57.94";"57.94";"0.2702795995857784";"0.07";""
"MLB7311573484";"VTK017645";"Calota Aro 14p 879cp-gft Mod Kwid Zen 2020";"EVOLUSOM-PR";"ALVO_VALIDADO";"62.77";"62.77";"0.13621156603472998";"0.07";""
"MLB7311573318";"VTK017347";"Cabo Optico Splitter Evus Opf-plc1x16-nc250 Plc 1x16 Nc 1,5m G657a1";"EVOLUSOM-PR";"ALVO_VALIDADO";"55.75";"55.76";"0.0701219512195122";"0.07";""
"MLB7311540276";"VTK018107";"Arandela Frahm Sem Borda 6"" 100w Quadrada";"EVOLUSOM-PR";"ALVO_VALIDADO";"390";"406.39";"0.10000246069046975";"0.1";""
"MLB7311501764";"VTK022968";"Liquidificador Oster Oliq610 1400w 220v";"EVOLUSOM-PR";"ALVO_VALIDADO";"284.35";"303.05";"0.1000164989275697";"0.1";""
"MLB7311501514";"VTK018930";"Telefone Sem Fio Intelbras Ts 2512 Id Preto 4122512";"EVOLUSOM-PR";"ALVO_VALIDADO";"390";"394.64";"0.10001520372998175";"0.1";""
"MLB4983626609";"VTK017360";"Fonte Chaveada Evus Pdc-5a 12v 5a 60w Bivolt";"EVOLUSOM-PR";"ALVO_VALIDADO";"96.31";"106.06";"0.0700546860267773";"0.07";""
"MLB4981704163";"VTK000115";"Bateria Selada 12V 1,3Ah UP1213 Unipower";"EVOLUSOM-PR";"ALVO_VALIDADO";"94.36";"94.36";"0.09877066553624418";"0.07";""
"MLB4981703335";"VTK016233";"8 Pilhas Comum Aa Panasonic (2 Cart)";"BKR1";"ALVO_VALIDADO";"30.98";"31.52";"0.07011421319796954";"0.07";""
"MLB4981703069";"VTK001502";"Pilha Alcalina 1,5V AA LR6 (C/4 Pilhas) Panasonic - CAR / 4";"BKR1";"ALVO_VALIDADO";"31.93";"33.81";"0.07009760425909493";"0.07";""
"MLB4981703063";"VTK019038";"Alicate Amperimetro Digital Minipa Et-3111 Cat Iii";"EVOLUSOM-PR";"ALVO_VALIDADO";"370";"382.99";"0.10000261103423065";"0.1";""
"MLB4981702769";"VTK017886";"Câmera Multitoc Ccd Color Ir100 1/ 3"" Sharp 420 Linhas 100mts";"EVOLUSOM-PR";"ALVO_VALIDADO";"350";"359.4";"0.1";"0.1";""
"MLB4981702765";"VTK003185";"Cabo Cannon Macho para Cannon Fêmea 10m CBCN0002 Storm";"EVOLUSOM-PR";"ALVO_VALIDADO";"59";"59";"0.08711864406779661";"0.07";""
"MLB4981702607";"VTK012059";"Conector P10 1/4 Femea Linha Trs Wc 197 Wireconex 04 Unidades";"BKR1";"ALVO_VALIDADO";"54";"55.36";"0.07008670520231214";"0.07";""
"MLB4981702571";"VTK017945";"Cabo Usb A X Lightning Proeletronic Caus-100l Branco 1,0m";"EVOLUSOM-PR";"ALVO_VALIDADO";"74.67";"74.68";"0.07003213711837172";"0.07";""
"MLB4981702545";"VTK017876";"Amplificador Digital Stetsom Db500 500w 1 Canal 4 Ohms";"EVOLUSOM-PR";"ALVO_VALIDADO";"470";"493.83";"0.10001417491849422";"0.1";""
"MLB4981702537";"VTK017329";"Cabo Vga Evus C-041 Hd15 Macho X Hd15 Macho Com Filtro 10,0m";"EVOLUSOM-PR";"ALVO_VALIDADO";"57.93";"57.94";"0.07007248878149809";"0.07";""
"MLB4981702363";"VTK018458";"Câmera Dome Hikvision Plastica Ds-2ce56d8t-itmf 2mp";"EVOLUSOM-PR";"ALVO_VALIDADO";"304";"334.8";"0.09999999999999999";"0.1";""
"MLB4981702361";"VTK012623";"Ventilador Coluna Turbo 50cm 6p 127v Preto Ventisol";"BKR1";"ALVO_VALIDADO";"331.11";"361.06";"0.1000110784911095";"0.1";""
"MLB4981702355";"VTK017181";"Mouse Logitech M90 Usb Preto";"EVOLUSOM-PR";"ALVO_VALIDADO";"64.53";"64.54";"0.07003408738766655";"0.07";""
"MLB4981702339";"VTK012190";"Cabo Instrumentos P10 Tweed Wci-sv 03 3 Metros Prata Wireconex";"BKR1";"ALVO_VALIDADO";"62.39";"62.39";"0.08911684564834108";"0.07";""
"MLB4981702287";"VTK012010";"Conector Rca Macho Wc 1212 Rd Wireconex 10 Unidades";"BKR1";"ALVO_VALIDADO";"78.9";"93.37";"0.07004391132055264";"0.07";""
"MLB4981698839";"VTK012197";"Cabo Para Microfone Emborrachado Xlr Xlr 5 Metros Mpbe-5 Wireconex";"BKR1";"ALVO_VALIDADO";"101";"105.73";"0.07008417667643999";"0.07";""
"MLB4981698407";"VTK012113";"Bateria Cr 2032 Botão Panasonic - Com 01 Unidade";"BKR1";"ALVO_VALIDADO";"24.47";"26.12";"0.07006125574272588";"0.07";""
"MLB4981506269";"VTK023620";"Espaguete Corrugado Permak 10mm 3/8 20m Preto";"EVOLUSOM-PR";"ALVO_VALIDADO";"56";"69.05";"0.07009413468501086";"0.07";""
"MLB4981506115";"VTK023619";"Espaguete Corrugado Permak 7,5mm 1/4 20m Preto";"EVOLUSOM-PR";"ALVO_VALIDADO";"55.9";"55.9";"0.0701252236135957";"0.07";""
"MLB4981506047";"VTK023618";"Espaguete Corrugado Permak 4,5mm 3/16 20m Preto";"EVOLUSOM-PR";"ALVO_VALIDADO";"45.85";"48.08";"0.07009151414309485";"0.07";""
"MLB4981505671";"VTK018867";"Módulo de Vidro Elétrico Quantum LV8FC20 Kia Picanto 2011+";"EVOLUSOM-PR";"ALVO_VALIDADO";"161.96";"161.96";"0.09298592244998764";"0.07";""
"MLB4981505549";"VTK018549";"Modulador ágil De áudio E Vídeo Aquário Mod-002 Para Tv/ Catv";"EVOLUSOM-PR";"ALVO_VALIDADO";"270";"276.45";"0.10001808645324652";"0.1";""
"MLB4981505455";"VTK018345";"Corneta Jbl Hl14-50 Trio Alumínio";"EVOLUSOM-PR";"ALVO_VALIDADO";"173.73";"173.75";"0.0700431654676259";"0.07";""
"MLB4981505305";"VTK018294";"Controle Remoto Intelbras iR3 433,92 MHz para Câmera iC7s";"EVOLUSOM-PR";"ALVO_VALIDADO";"145.72";"145.72";"0.09923140269009059";"0.07";""
"MLB4981504807";"VTK017885";"Termopar Tipo K Minipa Mtk-01 Com Blister";"EVOLUSOM-PR";"ALVO_VALIDADO";"61.84";"61.84";"0.2708602846054334";"0.07";""
"MLB4981504717";"VTK017397";"Trava Elétrica Roadstar 2 Fios Individual - Rs101br";"EVOLUSOM-PR";"ALVO_VALIDADO";"38.03";"38.04";"0.07018927444794952";"0.07";""
"MLB4981504493";"VTK017185";"Plug Santo Angelo P10 Ninja Estéreo Com Mola Níquel";"EVOLUSOM-PR";"ALVO_VALIDADO";"37.55";"37.55";"0.07003994673768309";"0.07";""
"MLB4981496529";"VTK018224";"Módulo De Vidro Elétrico Soft Infinity 2.0 - Aa.56.0001";"EVOLUSOM-PR";"ALVO_VALIDADO";"132.09";"132.09";"0.08812173518055871";"0.07";""
"MLB4981496363";"VTK018089";"Trava Elétrica Soft Aa420012 Novo Uno / Palio / Strada / Celta 2 Portas";"EVOLUSOM-PR";"ALVO_VALIDADO";"195.75";"195.75";"0.21409961685823753";"0.07";""
"MLB4981496075";"VTK017317";"Mouse Pad Evus Mp-500b Pan";"EVOLUSOM-PR";"ALVO_VALIDADO";"56.57";"56.57";"0.07000176772140711";"0.07";""
"MLB4981486471";"VTK019114";"Módulo de Vidro Elétrico Soft AW32 Toyota Etios 4 Portas 2014+";"EVOLUSOM-PR";"ALVO_VALIDADO";"254.35";"270.64";"0.10002216967188886";"0.1";""
"MLB4981464231";"VTK019168";"Módulo De Vidro Tury Ae Pro3.4b";"EVOLUSOM-PR";"ALVO_VALIDADO";"413.59";"444.3";"0.09999999999999999";"0.1";""
"MLB4981463707";"VTK019039";"Módulo De Vidro Elétrico Quantum Lv8fc54 Hyundai Novo I30 2014";"EVOLUSOM-PR";"ALVO_VALIDADO";"154.37";"154.37";"0.08479626870505927";"0.07";""
"MLB4981462505";"VTK017995";"Conversor De Audio/video Evus C-085 Hdmi Para 3 Rca";"EVOLUSOM-PR";"ALVO_VALIDADO";"101.7";"101.71";"0.07000294956248157";"0.07";""
"MLB4981462239";"VTK017968";"Cabo óptico Splitter Intelbras Xfs 1321 Plc 1x32 Sc/upc 4830044";"EVOLUSOM-PR";"ALVO_VALIDADO";"216.85";"216.86";"0.10001844507977498";"0.1";""
"MLB4981461981";"VTK017819";"Sirene De Ré Fks 12/24v";"EVOLUSOM-PR";"ALVO_VALIDADO";"49.84";"49.84";"0.07002407704654895";"0.07";""
"MLB4981461191";"VTK017608";"Lâmpada Super Branca Techone H9 55w 6000k Com Inmetro";"EVOLUSOM-PR";"ALVO_VALIDADO";"42.59";"42.6";"0.07018779342723006";"0.07";""
"MLB4981460951";"VTK017267";"Controle Remoto Ar Condicionado Elgin Ecoplus Mxt";"EVOLUSOM-PR";"ALVO_VALIDADO";"41.4";"41.4";"0.07004830917874397";"0.07";""
"MLB4981360853";"VTK019623";"Cabo Para Microfone Balanceado Tiaflex Af(t)2x0,20 Mm 24awg Preto 100 Metros";"EVOLUSOM-PR";"ALVO_VALIDADO";"1099";"1196.11";"0.15000292615227698";"0.15";""
"MLB4981360801";"VTK019485";"Cabo Blindado Para áudio Estéreo Tiaflex 2x0,30 Mm Preto 603010";"EVOLUSOM-PR";"ALVO_VALIDADO";"890";"944.06";"0.10000423701883356";"0.1";""
"MLB4981360557";"VTK018502";"Conector Derivação Permak Taplink 1,50 A 2,50mm - Azul";"EVOLUSOM-PR";"ALVO_VALIDADO";"43.23";"43.23";"0.07009021512838307";"0.07";""
"MLB4981360527";"VTK018408";"Climatizador Evaporativo Symphony Hicool I 31l 127v 60hz";"EVOLUSOM-PR";"ALVO_VALIDADO";"1590";"1748.75";"0.15000428877769836";"0.15";""
"MLB4981360445";"VTK018218";"Impressora Térmica Epson Tm-t20x-ii Serial";"EVOLUSOM-PR";"ALVO_VALIDADO";"943";"1098.4";"0.14999999999999997";"0.15";""
"MLB4981360347";"VTK017907";"Capa Marítima Protetora Roadstar Rs4201m Para Rádio De Lancha / Barco";"EVOLUSOM-PR";"ALVO_VALIDADO";"128";"133.33";"0.07005175129378234";"0.07";""
"MLB4981360153";"VTK017389";"Cabo Hdmi Proeletronic Cahd-2010 4k Macho X Macho 2.0 10m";"EVOLUSOM-PR";"ALVO_VALIDADO";"81.46";"81.47";"0.07008714864367252";"0.07";""
"MLB4981359145";"VTK000462";"Cabo de Áudio Y 1 Fêmea X 2 Machos 20cm Azul Storm";"EVOLUSOM-PR";"ALVO_VALIDADO";"45.49";"45.5";"0.0701098901098901";"0.07";""
"MLB4981359099";"VTK000240";"Expositor Para Instrumentos de Corda ASL Preto ASK";"EVOLUSOM-PR";"ALVO_VALIDADO";"47.18";"50.21";"0.07010555666201952";"0.07";""
"MLB4981312713";"VTK022016";"Cabo Hdmi Evus C-002 3d Macho X Macho Com Filtro V1.4 3,0m";"EVOLUSOM-PR";"ALVO_VALIDADO";"38.88";"38.9";"0.07017994858611826";"0.07";""
"MLB4981312627";"VTK020597";"Cabo Para Microfone Mono Tiaflex Espiralado 100 Metros 1x0,50 Mm 505010";"EVOLUSOM-PR";"ALVO_VALIDADO";"750";"764.22";"0.10001046818978829";"0.1";""
"MLB4981312507";"VTK019046";"Módulo De Vidro Elétrico Tury Ae Tw14/pro4.16bm Peugeot Active/griffe/allur";"EVOLUSOM-PR";"ALVO_VALIDADO";"563.53";"603.46";"0.10000662844264739";"0.1";""
"MLB4981312437";"VTK018922";"Placa Viaweb Central Vw16z Ip Star";"EVOLUSOM-PR";"ALVO_VALIDADO";"527";"544.98";"0.10000366985944438";"0.1";""
"MLB4981312003";"VTK017824";"Lâminas Para Ratinho Nwt Insf0013 Para Aplicação De Insulfilm 100 Unidades";"EVOLUSOM-PR";"ALVO_VALIDADO";"129.58";"131.83";"0.07001441250094818";"0.07";""
"MLB4981311917";"VTK017708";"Acessório Cabo De Antena Ford Fusion / Gm";"EVOLUSOM-PR";"ALVO_VALIDADO";"37.99";"37.99";"0.07001842590155304";"0.07";""
"MLB4981311787";"VTK017360";"Fonte Chaveada Evus Pdc-5a 12v 5a 60w Bivolt";"EVOLUSOM-PR";"ALVO_VALIDADO";"96.31";"106.06";"0.0700546860267773";"0.07";""
"MLB4981311687";"VTK017352";"Base Para Notebook Evus Bpn-03 Twins";"EVOLUSOM-PR";"ALVO_VALIDADO";"94.33";"94.33";"0.21074949644863775";"0.07";""
"MLB4981311655";"VTK017219";"Guia Organizador Cabos 2u X 19 Alta Densidade";"EVOLUSOM-PR";"ALVO_VALIDADO";"90.95";"90.95";"0.10159428257284223";"0.07";""
"MLB4981311607";"VTK017181";"Mouse Logitech M90 Usb Preto";"EVOLUSOM-PR";"ALVO_VALIDADO";"64.53";"64.54";"0.07003408738766655";"0.07";""
"MLB4981311011";"VTK001491";"Encordoamento Para Violão Aço Bronze 85/15 Série Cobra Giannini GEEWA";"EVOLUSOM-PR";"ALVO_VALIDADO";"51.09";"51.1";"0.0700587084148728";"0.07";""
"MLB4981290435";"VTK018723";"Contra Frente Plástica Permak Fiat Bravo 2 Din Preta";"EVOLUSOM-PR";"ALVO_VALIDADO";"102.46";"102.47";"0.07006928857226505";"0.07";""
"MLB4981290407";"VTK018526";"Cabo Para Microfone Santo Angelo Ninja Hg P10 X Xlrf 03ft 091 Cm 8827 Preto";"EVOLUSOM-PR";"ALVO_VALIDADO";"65.58";"65.58";"0.07014333638304361";"0.07";""
"MLB4981290297";"VTK018344";"Microfone Csr Ht-58-a Profissional Sem Chave Anti Queda";"EVOLUSOM-PR";"ALVO_VALIDADO";"223.52";"223.52";"0.2006531853972799";"0.1";""
"MLB4981290257";"VTK018261";"Espaguete Liso Permak 6mm 100m";"EVOLUSOM-PR";"ALVO_VALIDADO";"126.99";"126.99";"0.09181825340577998";"0.07";""
"MLB4981290101";"VTK017884";"Cabo St- Dvi-dvi 2m Cabo Dvi Com Filtro";"EVOLUSOM-PR";"ALVO_VALIDADO";"41.3";"42.8";"0.07009345794392524";"0.07";""
"MLB4981289061";"VTK003138";"Cabo Speakon Macho Para Speakon Macho 10m CBSP0002 Storm";"EVOLUSOM-PR";"ALVO_VALIDADO";"80.19";"80.19";"0.1991520139668288";"0.07";""
"MLB4981289011";"VTK001628";"Encordoamento Para Violão Nylon Médio Série Canário Giannini GENW";"BKR1";"ALVO_VALIDADO";"41.91";"41.93";"0.07011686143572621";"0.07";""
"MLB7322840598";"VTK012425";"Cabeçote Autoamplificado Voxstorm 40 W Rms - Psg 180";"BKR1";"ALVO_VALIDADO";"418.62";"455.02";"0.10001758164476286";"0.1";""
"MLB7322687370";"VTK002659";"Venova Yamaha YVS-100 Branca";"VANRAL";"ALVO_VALIDADO";"977";"1140.65";"0.15000219173278392";"0.15";""
"MLB7322675012";"VTK009748";"Estante Dupla Para Conga New York";"VANRAL";"ALVO_VALIDADO";"561.67";"608.56";"0.10000657289338767";"0.1";""
"MLB7320341490";"VTK003981";"Ferro de Passar Vapor Agratto Bravo FC-01 Cerâmico Vermelho 127v";"BKR1";"ALVO_VALIDADO";"122.31";"122.32";"0.07006213211249183";"0.07";""
"MLB7320340944";"VTK017268";"Roteador Wi-fi Tp-link Gpon Voip Archer Xr500v Dual Band Gibabit Ac1200";"EVOLUSOM-PR";"ALVO_VALIDADO";"557";"598.49";"0.10000167087169376";"0.1";""
"MLB7320340672";"VTK018922";"Placa Viaweb Central Vw16z Ip Star";"EVOLUSOM-PR";"ALVO_VALIDADO";"527";"544.98";"0.10000366985944438";"0.1";""
"MLB7320340410";"VTK025308";"5 Jogos de Cordas Violão Aço Fósforo Bronze 010 NPB560 Nig";"BKR1";"ALVO_VALIDADO";"262.32";"278.43";"0.10002514096900478";"0.1";""
"MLB7320340366";"VTK025357";"2 Jogos de Corda P/Violão Nylon 65/35 Prateado Giannini";"BKR1";"ALVO_VALIDADO";"113.75";"113.75";"0.14303296703296703";"0.07";""
"MLB7320340216";"VTK022016";"Cabo Hdmi Evus C-002 3d Macho X Macho Com Filtro V1.4 3,0m";"EVOLUSOM-PR";"ALVO_VALIDADO";"38.88";"38.9";"0.07017994858611826";"0.07";""
"MLB7320340204";"VTK012603";"Violao Aco London Le30c Bk Strinberg";"BKR1";"ALVO_VALIDADO";"1170";"1359.95";"0.15000551490863634";"0.15";""
"MLB7320224382";"VTK017455";"Mouse Sem Fio C3tech M-w15bk - Preto";"EVOLUSOM-PR";"ALVO_VALIDADO";"39";"40.25";"0.07006211180124224";"0.07";""
"MLB7317390336";"VTK012431";"Bateria Cr1220 Cartela Com 05 Unidades Panasonic";"BKR1";"ALVO_VALIDADO";"51";"52.05";"0.07012487992315082";"0.07";""
"MLB7317390086";"VTK018555";"Corda Giannini Contrabaixo Geebrl 6 0.030"" Leve";"EVOLUSOM-PR";"ALVO_VALIDADO";"185";"185";"0.08600000000000001";"0.07";""
"MLB7317389816";"VTK016139";"4 Pilhas Comum D Panasonic (2 Cart)";"BKR1";"ALVO_VALIDADO";"57.54";"57.54";"0.3145637817170664";"0.07";""
"MLB7317389682";"VTK001628";"Encordoamento Para Violão Nylon Médio Série Canário Giannini GENW";"BKR1";"ALVO_VALIDADO";"41.91";"41.93";"0.07011686143572621";"0.07";""
"MLB7317387488";"VTK012560";"Correia Cla 14 Marrom Basso";"BKR1";"ALVO_VALIDADO";"107.05";"107.06";"0.07005417522884363";"0.07";""
"MLB7317387446";"VTK005794";"Gabinete Gamer C3Tech Aquarius MT-G810 Sem Fans Preto";"EVOLUSOM-PR";"ALVO_VALIDADO";"347";"370.15";"0.10001350803728219";"0.1";""
"MLB7317385664";"VTK012907";"Painel Multicabo 28 Vias Xlr Medusa Wireconex";"BKR1";"ALVO_VALIDADO";"424.65";"458.13";"0.10001527950581712";"0.1";""
"MLB7317385612";"VTK012443";"Palheta Tradicional 1,5 P/clarinete Sib Cr1015 Vandoren Un";"BKR1";"ALVO_VALIDADO";"58.41";"61.17";"0.07013241785188817";"0.07";""
"MLB7317385518";"VTK012429";"Pilha Recarregável Elgin Aa 2700mah Blister Com 04 Unidades";"BKR1";"ALVO_VALIDADO";"88.88";"88.88";"0.0700945094509451";"0.07";""
"MLB7317385298";"VTK001354";"Fogão Elétrico De Mesa Agratto FMP-01 2 Pratos Preto 127v";"BKR1";"ALVO_VALIDADO";"187.38";"189.99";"0.07000368440444234";"0.07";""
"MLB7317385146";"VTK003773";"Pilha Botão Alcalina 1,5v LR44 (C/4 Pilhas) Duracell";"BKR1";"ALVO_VALIDADO";"38.15";"40.24";"0.07007952286282305";"0.07";""
"MLB7317384972";"VTK016194";"6 Baterias Alcalinas 9v Panasonic";"BKR1";"ALVO_VALIDADO";"148.14";"148.14";"0.0803969218307007";"0.07";""
"MLB7317384588";"VTK012033";"Bateria Cr2032 Rayovac Multiblister Com 05 Unidades";"BKR1";"ALVO_VALIDADO";"45";"45";"0.09155555555555556";"0.07";""
"MLB7317384576";"VTK012180";"Pilha Zinco Aa4 Rayovac Amarelinhas Cartela Com 04 Unidades";"BKR1";"ALVO_VALIDADO";"25.53";"27.22";"0.07016899338721529";"0.07";""
"MLB7317384416";"VTK012287";"Cabo Para Microfone Balanceado Xlr Xlr 10 Metros Mcb-10 Kng Wireconex";"BKR1";"ALVO_VALIDADO";"122";"125.99";"0.07000555599650767";"0.07";""
"MLB7317384276";"VTK025634";"10 Pilhas Moeda Lítio Elgin CR1616 3V Kit";"BKR1";"ALVO_VALIDADO";"65.14";"65.14";"0.2740251765428309";"0.07";""
"MLB7317384260";"VTK025847";"8 Pilhas Alcalinas Aa Sm-4 Elgin (2 Cart)";"BKR1";"ALVO_VALIDADO";"63.49";"63.49";"0.2822491730981257";"0.07";""
"MLB7317384244";"VTK012677";"Amplificador Para Baixo 10 Pol 40w Vosstorm Bs-10";"BKR1";"ALVO_VALIDADO";"1960";"2269.93";"0.1500002202711097";"0.15";""
"MLB7317384236";"VTK025684";"16 Pilhas alcalina AA Elgin Cartela com 8 unidades (2 Cart)";"EVOLUSOM-PR";"ALVO_VALIDADO";"72.04";"72.04";"0.24472515269294834";"0.07";""
"MLB7317384038";"VTK000489";"Ventilador de Coluna Ventisol Turbo 6 30cm Preto 220v";"EVOLUSOM-PR";"ALVO_VALIDADO";"235";"258.9";"0.1";"0.1";""
"MLB7317384006";"VTK012053";"Cabo Para Instrumentos P10 P10 10 Metros Guiem-10 Wireconex";"BKR1";"ALVO_VALIDADO";"144.42";"144.42";"0.09216175045007617";"0.07";""
"MLB7317383984";"VTK018930";"Telefone Sem Fio Intelbras Ts 2512 Id Preto 4122512";"EVOLUSOM-PR";"ALVO_VALIDADO";"390";"394.64";"0.10001520372998175";"0.1";""
"MLB7317383946";"VTK016111";"32 Pilhas Alcalinas Premium Aa Panasonic (8 Cart)";"BKR1";"ALVO_VALIDADO";"187.16";"187.16";"0.07405428510365462";"0.07";""
"MLB7316881936";"VTK025389";"3 Jogos de Corda P/Violão Nylon Preto/Prata GENWBS Giannini";"EVOLUSOM-PR";"ALVO_VALIDADO";"125.67";"125.67";"0.12628312246359513";"0.07";""
"MLB7316881852";"VTK018261";"Espaguete Liso Permak 6mm 100m";"EVOLUSOM-PR";"ALVO_VALIDADO";"126.99";"126.99";"0.09181825340577998";"0.07";""
"MLB7316881834";"VTK025706";"20 Baterias Alcalinas A27 Elgin (4  Cart)";"EVOLUSOM-PR";"ALVO_VALIDADO";"103.62";"103.62";"0.1602007334491411";"0.07";""
"MLB7316881812";"VTK002564";"Guitarra Strinberg STS100 Preta";"BKR1";"ALVO_VALIDADO";"1074.91";"1195.38";"0.15000250966219947";"0.15";""
"MLB7316881438";"VTK012936";"Bateria Alcalina 9v Rayovac Cartela Com 02 Unidades";"BKR1";"ALVO_VALIDADO";"53";"53";"0.08943396226415094";"0.07";""
"MLB7316881426";"VTK000372";"Ventilador de Mesa Ventisol Turbo 6 40cm Bronze 127v";"BKR1";"ALVO_VALIDADO";"218.65";"237.4";"0.09999999999999999";"0.1";""
"MLB7316881416";"VTK001718";"Encordoamento Para Violão Nylon .028 N475 NIG";"BKR1";"ALVO_VALIDADO";"54";"55.4";"0.07003610108303249";"0.07";""
"MLB7316881386";"VTK002431";"Microfone Vocal Leson SM58 P4BK Profissional Preto Fosco";"EVOLUSOM-PR";"ALVO_VALIDADO";"221.85";"221.85";"0.2018480955600631";"0.1";""
"MLB7316881314";"VTK001796";"Encordoamento Para Violino 4/4 Aço Inox Dominante";"BKR1";"ALVO_VALIDADO";"49.47";"49.48";"0.07012934518997575";"0.07";""
"MLB7316881180";"VTK001348";"Ventilador de Parede Ventisol New 50cm Preto 220v";"EVOLUSOM-PR";"ALVO_VALIDADO";"276";"304.56";"0.10001313370107696";"0.1";""
"MLB7316881074";"VTK012098";"Pilha Recarregável AA 2500mAh Elgin Blister com 2 Unidades";"EVOLUSOM-PR";"ALVO_VALIDADO";"50.77";"50.78";"0.07010634107916502";"0.07";""
"MLB7316880258";"VTK012025";"Pilha Comum Aaa Palito Panasonic Sm-4 R03ual/4b400";"BKR1";"ALVO_VALIDADO";"32.32";"32.32";"0.19863861386138615";"0.07";""
"MLB7316880226";"VTK012169";"Pilha Zinco Aa Tubo 40 Unidades Elgin R06p";"EVOLUSOM-PR";"ALVO_VALIDADO";"56.28";"56.28";"0.07000710732054015";"0.07";""
"MLB7316880106";"VTK012674";"Pandeiro Meia Lua Amarelo Spanking";"BKR1";"ALVO_VALIDADO";"55";"57.1";"0.07005253940455342";"0.07";""
"MLB7316879990";"VTK022968";"Liquidificador Oster Oliq610 1400w 220v";"EVOLUSOM-PR";"ALVO_VALIDADO";"284.35";"303.05";"0.1000164989275697";"0.1";""
"MLB7316879796";"VTK025369";"3 Jogos de Corda P/Guitarra Niquel 011 GEEGST.11 Giannini";"EVOLUSOM-PR";"ALVO_VALIDADO";"143.38";"143.38";"0.10663969870274793";"0.07";""
"MLB7316879752";"VTK017774";"Jogo De Panelas Tramontina Loreto Alumínio Starflon Max 5 Peças Vermelho";"EVOLUSOM-PR";"ALVO_VALIDADO";"419";"440.87";"0.10000680472701703";"0.1";""
"MLB7316879750";"VTK017955";"Jogo De Panelas Tramontina Loreto Alumínio Starflon Max 5 Peças Grafite";"EVOLUSOM-PR";"ALVO_VALIDADO";"449";"449";"0.1123608017817372";"0.1";""
"MLB7316879614";"VTK025380";"3 Jogos de Corda P/Violão Canário Aço C/Bolinha  Giannini";"BKR1";"ALVO_VALIDADO";"108.05";"108.05";"0.15224433132808884";"0.07";""
"MLB7316879502";"VTK025559";"4 Pilhas Alcalinas Aaa Palito Duracell (2 Cart. c/ 2 Un.)";"BKR1";"ALVO_VALIDADO";"73.22";"73.22";"0.24023490849494675";"0.07";""
"MLB7316879214";"VTK016004";"16 Pilhas Comum Aa Panasonic (4 Cart)";"BKR1";"ALVO_VALIDADO";"60.04";"60.04";"0.2801465689540307";"0.07";""
"MLB7316879120";"VTK000376";"Pilha Zinco 1,5V AAA R03UAL/L8P6 (C/8 Pilhas) Panasonic - CAR / 8";"BKR1";"ALVO_VALIDADO";"31.29";"33.16";"0.07026537997587455";"0.07";""
"MLB7316878514";"VTK012676";"Amplificador Para Baixo 8 Pol 30 W Vosstorm Bs-8";"BKR1";"ALVO_VALIDADO";"1620";"1887.02";"0.15000370955262796";"0.15";""
"MLB4988648611";"VTK012415";"Cabeçote Autoamplificado Voxstorm 15 W Rms - Psg 160 Usb";"BKR1";"ALVO_VALIDADO";"384";"430.14";"0.10001394894685452";"0.1";""
"MLB4988488947";"VTK003157";"Emenda 1+1 Jack F Fêmea Metal Com Porca Storm - PCT / 100";"BKR1";"ALVO_VALIDADO";"85.9";"85.91";"0.07007333255732744";"0.07";""
"MLB4988015169";"VTK000478";"Suporte Para Notebook Com Cooler NBC-11BK C3Tech";"EVOLUSOM-PR";"ALVO_VALIDADO";"89";"90.47";"0.07007847905383";"0.07";""
"MLB4988015093";"VTK000484";"Kit Teclado e Mouse C3Tech K-W20BK Sem Fio Preto";"EVOLUSOM-PR";"ALVO_VALIDADO";"99";"103.5";"0.07004830917874397";"0.07";""
"MLB4988014461";"VTK012627";"Ferro De Passar Facile 127v Agratto";"BKR1";"ALVO_VALIDADO";"73.96";"87.44";"0.07010521500457456";"0.07";""
"MLB4988014399";"VTK012006";"Cabo Para Microfone Emborrachado Xlr Xlr 10 Metros Mpbe-10 Wireconex";"BKR1";"ALVO_VALIDADO";"179.17";"180.39";"0.07001496757026443";"0.07";""
"MLB4988014369";"VTK012372";"Palheta Nylon Midi 0,67mm Laranja Pct C/ 6 Un 443r.67 Dunlop (1822)";"BKR1";"ALVO_VALIDADO";"50.55";"50.55";"0.07636003956478735";"0.07";""
"MLB4988014307";"VTK012339";"Palheta Bori Grl Trindade 2,00 Mm (vermelho) R24-041 10un";"BKR1";"ALVO_VALIDADO";"32";"32.71";"0.07000917150718435";"0.07";""
"MLB4988012017";"VTK012085";"Pilha Alcalina Aaa Tubo Com 24 Unidades Elgin (82348)";"EVOLUSOM-PR";"ALVO_VALIDADO";"59.61";"59.62";"0.07011070110701106";"0.07";""
"MLB4987968089";"VTK001491";"Encordoamento Para Violão Aço Bronze 85/15 Série Cobra Giannini GEEWA";"EVOLUSOM-PR";"ALVO_VALIDADO";"51.09";"51.1";"0.0700587084148728";"0.07";""
"MLB4987964911";"VTK016212";"64 Pilhas Comum Aa Panasonic (8 Cart)";"BKR1";"ALVO_VALIDADO";"114";"114";"0.10061403508771931";"0.07";""
"MLB4987964887";"VTK001071";"Arandela Frahm 6"" Quadrada Branca 25W RMS 8 Ohms";"EVOLUSOM-PR";"ALVO_VALIDADO";"259";"267.35";"0.10001870207593042";"0.1";""
"MLB4987964387";"VTK025700";"2 Baterias Recarregaveis 9v Elgin";"EVOLUSOM-PR";"ALVO_VALIDADO";"117.04";"117.04";"0.13798701298701296";"0.07";""
"MLB4987964345";"VTK012034";"Corda Avulsa 1ª Mi Aço P/violão 1un Sg";"BKR1";"ALVO_VALIDADO";"22";"22";"0.09545454545454546";"0.07";""
"MLB4987964051";"VTK018973";"Sirene Smart Isi 1001 Intelbras";"EVOLUSOM-PR";"ALVO_VALIDADO";"370";"388.89";"0.10000257142122451";"0.1";""
"MLB4987964023";"VTK012908";"Encordoamento Giannini P/guitarra Niquel 0.011 Geegst.11";"EVOLUSOM-PR";"ALVO_VALIDADO";"55.93";"55.94";"0.07007508044333215";"0.07";""
"MLB4987962307";"VTK000473";"Pilha Alcalina 1,5V AA LR6 (C/6 Pilhas) Panasonic - CAR / 6";"BKR1";"ALVO_VALIDADO";"39.19";"42.84";"0.0700280112044818";"0.07";""
"MLB4987961323";"VTK012485";"Caixa De Som R1280t Marrom Edifier";"BKR1";"ALVO_VALIDADO";"1149";"1378.85";"0.15000181310512387";"0.15";""
"MLB4987960393";"VTK000492";"Ventilador de Coluna Ventisol Turbo 6 40cm Bronze 220v";"BKR1";"ALVO_VALIDADO";"282";"302.58";"0.1000066098221958";"0.1";""
"MLB4987960269";"VTK017254";"Divisor Hdmi Evus C-081 4k Fêmea X Fêmea 2 Saídas 1 Entrada 1,8m";"EVOLUSOM-PR";"ALVO_VALIDADO";"119";"125.99";"0.07000555599650767";"0.07";""
"MLB4987960069";"VTK013074";"Pilha Alcalina Max Aaa Cart 4 Sm-160 Energizer";"BKR1";"ALVO_VALIDADO";"40";"41.75";"0.07017964071856288";"0.07";""
"MLB4987959959";"VTK016220";"8 Baterias Alcalinas 12v Panasonic Lrv08-1b";"BKR1";"ALVO_VALIDADO";"114";"125.41";"0.07001036599952157";"0.07";""
"MLB4986647859";"VTK012447";"Amplificador De Fones De Ouvido 8 Canais Estereos Wha8x2 Wireconex";"BKR1";"ALVO_VALIDADO";"1743";"2045.88";"0.15000391029776916";"0.15";""
"MLB4986647585";"VTK001028";"Chaleira Elétrica Agratto CE02 Prata Em Aço Inox 220V";"EVOLUSOM-PR";"ALVO_VALIDADO";"68.9";"72.65";"0.07006194081211287";"0.07";""
"MLB4986647231";"VTK017909";"Ssd Kingston Nv3 M.2 2280 Nvme 4.0 500gb";"EVOLUSOM-PR";"ALVO_VALIDADO";"1270";"1438.28";"0.1500055621992936";"0.15";""
"MLB4986647191";"VTK019204";"Camera Roadstar Dash Cam Rs25 Dvr Br Es";"EVOLUSOM-PR";"ALVO_VALIDADO";"690";"721.78";"0.10000277092742943";"0.1";""
"MLB4986120857";"VTK017708";"Acessório Cabo De Antena Ford Fusion / Gm";"EVOLUSOM-PR";"ALVO_VALIDADO";"37.99";"37.99";"0.07001842590155304";"0.07";""
"MLB4986120825";"VTK017907";"Capa Marítima Protetora Roadstar Rs4201m Para Rádio De Lancha / Barco";"EVOLUSOM-PR";"ALVO_VALIDADO";"128";"133.33";"0.07005175129378234";"0.07";""
"MLB7332789378";"VTK018828";"Conector Derivação Permak Taplink 2,50 A 6,00mm Com 25 Unidades - Amarelo";"EVOLUSOM-PR";"ALVO_VALIDADO";"54.49";"54.5";"0.07009174311926605";"0.07";""
"MLB7332789328";"VTK018764";"Calota Aro 14p 877cp-pta Mod Kwid 2018/ 19 Cp - PC / 4";"EVOLUSOM-PR";"ALVO_VALIDADO";"104.33";"104.34";"0.0700594211232509";"0.07";""
"MLB7332789278";"VTK018739";"Calota Grid Aro 14p 108ca-pta Volkswaggen Modelo Saveiro 2013 Cubo Alto - PC / 4";"EVOLUSOM-PR";"ALVO_VALIDADO";"105.76";"105.76";"0.0791414523449319";"0.07";""
"MLB7332787836";"VTK018497";"Micro Inversor Solar Growatt Neo 2000m-x 2kw";"EVOLUSOM-PR";"ALVO_VALIDADO";"1900";"2063.57";"0.1500021806868679";"0.15";""
"MLB7332787718";"VTK018438";"Calota Grid Aro 15a 120ar-pta Modelo Honda Fit / City 2015/ 16 - PC / 4";"EVOLUSOM-PR";"ALVO_VALIDADO";"149";"158.67";"0.07001953740467637";"0.07";""
"MLB7332787672";"VTK018421";"Kit Lâmpada Xenon Golden Cabo Hb-5 8000k Hid";"EVOLUSOM-PR";"ALVO_VALIDADO";"346.73";"346.73";"0.10002018861938684";"0.1";""
"MLB7332785636";"VTK017456";"Cabo Y Rca Blindado Nwt 1mx2f 20cm - Azul";"EVOLUSOM-PR";"ALVO_VALIDADO";"66.35";"66.35";"0.2631499623210249";"0.07";""
"MLB7332784730";"VTK017331";"Cabo Vga Evus C-044 Hd15 Macho X Hd15 Macho Com Filtro 20,0m";"EVOLUSOM-PR";"ALVO_VALIDADO";"113.69";"113.69";"0.07001495294221127";"0.07";""
"MLB7332777004";"VTK018874";"Reparo Jbl Rpd450 Trio Para Driver D450 Trio";"EVOLUSOM-PR";"ALVO_VALIDADO";"381.82";"381.83";"0.10001833276589057";"0.1";""
"MLB7332776554";"VTK018795";"Calota Grid Aro 14p 378cb Prata Onix/prisma 2021 - PC / 4";"EVOLUSOM-PR";"ALVO_VALIDADO";"118.04";"118.04";"0.14859369705184683";"0.07";""
"MLB7332776516";"VTK018755";"Calota Grid 375cb-pta Aro 15 P Mod Onix/prisma 17/18 - PC / 4";"EVOLUSOM-PR";"ALVO_VALIDADO";"136.82";"136.82";"0.07001900306972665";"0.07";""
"MLB7332776462";"VTK018738";"Calota Grid Aro 14a 065ar-pta Modelo Renault Clio / Logan 2007/ 08 Aro De Pressão - PC / 4";"EVOLUSOM-PR";"ALVO_VALIDADO";"104.33";"104.34";"0.0700594211232509";"0.07";""
"MLB7332776444";"VTK018735";"Calota Grid Aro 15a 130ar-pta Citroen Modelo C3 2014/ 15 - PC / 4";"EVOLUSOM-PR";"ALVO_VALIDADO";"136.9";"136.9";"0.0704163623082542";"0.07";""
"MLB7332775978";"VTK018668";"Rack Mini De Parede 19"" Evus Ev-dw6412 12u X 600 X 450mm Preto";"EVOLUSOM-PR";"ALVO_VALIDADO";"1190";"1313.71";"0.1500026642105183";"0.15";""
"MLB7332775906";"VTK018648";"Calota Aro 14p 026cb-gft Mod Fiesta Hatch / Sedan 2011/ 13 Cb - PC / 4";"EVOLUSOM-PR";"ALVO_VALIDADO";"142.72";"148.35";"0.07003707448601282";"0.07";""
"MLB7332775850";"VTK018622";"Calota Grid Aro 13p 082ca-pta Modelo Gol G5/ Voyage/ Saveiro 2009/ 11 Cubo Alto - PC / 4";"EVOLUSOM-PR";"ALVO_VALIDADO";"90.45";"90.47";"0.07007847905383";"0.07";""
"MLB7332775828";"VTK018621";"Calota Grid Aro 13p 047ca-pta Modelo Volkswaggen Gol G5 1.6 2012/ 13 Cubo Alto - PC / 4";"EVOLUSOM-PR";"ALVO_VALIDADO";"100.19";"100.19";"0.08593672023156003";"0.07";""
"MLB7332774856";"VTK018424";"ANTENA Móvel Aquário B-2070 COM BOBINA NA BASE PARA Rádio PX POSSUI HASTE Dobrável";"EVOLUSOM-PR";"ALVO_VALIDADO";"210.99";"210.99";"0.10000473956111665";"0.1";""
"MLB7332774174";"VTK018069";"Abracadeira Seccon Bap3 Com Parafuso Galv. Fogo - PC / 10";"EVOLUSOM-PR";"ALVO_VALIDADO";"255.49";"255.49";"0.10000391404751653";"0.1";""
"MLB7332773180";"VTK017781";"Cabo Y Rca Blindado Nwt 1mx2f 20cm - Vermelho";"EVOLUSOM-PR";"ALVO_VALIDADO";"76.43";"76.43";"0.22883684417113695";"0.07";""
"MLB7332763454";"VTK018741";"Calota Grid Aro 15p 242cp-pta Gol/ Voyage 15 Cubo Pequeno - PC / 4";"EVOLUSOM-PR";"ALVO_VALIDADO";"134.75";"136.82";"0.07001900306972665";"0.07";""
"MLB7332762890";"VTK018647";"Calota Aro 14p 009ca-gft Mod Gol G5/ Voyage/saveiro 2009/ 11 Ca - PC / 4";"EVOLUSOM-PR";"ALVO_VALIDADO";"142.72";"148.35";"0.07003707448601282";"0.07";""
"MLB7332762840";"VTK018619";"Calota Grid Aro 14p 191cb-pta Modelo Hb20/ Hb20s 2016 Cubo Baixo - PC / 4";"EVOLUSOM-PR";"ALVO_VALIDADO";"105.76";"113.64";"0.07004575853572685";"0.07";""
"MLB7332762800";"VTK018566";"Controle Remoto Original Para Smart Box Stv-3000 Ace-stv30-cnt";"EVOLUSOM-PR";"ALVO_VALIDADO";"70.71";"70.71";"0.24423702446612927";"0.07";""
"MLB7332762190";"VTK018551";"Calota Aro 14p 373cb-gft Mod Onix / Prisma 2017/ 18 Cb - PC / 4";"EVOLUSOM-PR";"ALVO_VALIDADO";"146.77";"148.35";"0.07003707448601282";"0.07";""
"MLB7332762150";"VTK018535";"Calota Grid Aro 14p 121cp-pta Modelo Volkswaggen Fox/ Polo 2014 Cubo Padrão - PC / 4";"EVOLUSOM-PR";"ALVO_VALIDADO";"105.76";"105.76";"0.0791414523449319";"0.07";""
"MLB7332762112";"VTK018533";"Calota Grid Aro 13p 060ca-pta Modelo Volkswaggen Gol G4 2006 Cubo Alto - PC / 4";"EVOLUSOM-PR";"ALVO_VALIDADO";"101.84";"107.14";"0.07000186671644577";"0.07";""
"MLB7332762044";"VTK018466";"Mola Aerea Ipec F3 65kg Cinza";"EVOLUSOM-PR";"ALVO_VALIDADO";"216.44";"216.45";"0.10002310002310003";"0.1";""
"MLB7332760652";"VTK017959";"Cabo De áudio Tcw 1 Rca Fêmea + 2 Rca Macho 4mm Com 10 Peças";"EVOLUSOM-PR";"ALVO_VALIDADO";"64.22";"64.22";"0.2785736530675802";"0.07";""
"MLB7332135446";"VTK018299";"Calota Aro 14p 344cb-pta Mod Ka+ 2019 Cb - PC / 4";"EVOLUSOM-PR";"ALVO_VALIDADO";"105.76";"113.64";"0.07004575853572685";"0.07";""
"MLB7332135416";"VTK018286";"Calota Grid Aro 14p 016ca-pta Volkswaggen Modelo Gol/ Voyage/ Saveiro 2009/ 12 Cubo Alto - PC / 4";"EVOLUSOM-PR";"ALVO_VALIDADO";"105.76";"113.64";"0.07004575853572685";"0.07";""
"MLB7332135346";"VTK018264";"Cinta Metálica Permak Para Auto Rádio Pioneer Nova 2007 Prata 130/h1";"EVOLUSOM-PR";"ALVO_VALIDADO";"45.41";"45.41";"0.0700286280554944";"0.07";""
"MLB7332135174";"VTK018188";"Calota Grid Aro 14p 117ca-pta Volkswaggen Modelo Gol/ Voyage G5/ G6 2014 Cubo Alto - PC / 4";"EVOLUSOM-PR";"ALVO_VALIDADO";"105.76";"105.76";"0.0791414523449319";"0.07";""
"MLB7332134478";"VTK018185";"Calota Grid Aro 15p 030cp-pta Modelo Agile 2010/2013 Cubo Padrão - PC / 4";"EVOLUSOM-PR";"ALVO_VALIDADO";"132.85";"136.82";"0.07001900306972665";"0.07";""
"MLB7332134414";"VTK018184";"Calota Grid Aro 14p 370cb-pta Gm Modelo Montana 2013/ 15 Cubo Baixo - PC / 4";"EVOLUSOM-PR";"ALVO_VALIDADO";"105.76";"105.76";"0.0791414523449319";"0.07";""
"MLB7332133252";"VTK018098";"Calota Grid Aro 13p 230cb-pta Fiat Modelo Palio Fire 20015/ 16 - PC / 4";"EVOLUSOM-PR";"ALVO_VALIDADO";"101.84";"101.84";"0.09662215239591515";"0.07";""
"MLB7332133184";"VTK018059";"Calota Grid Aro 14p 067ca-pta Volkswaggen Modelo Gol Trend G5 2007/ 08 Cubo Alto - PC / 4";"EVOLUSOM-PR";"ALVO_VALIDADO";"107.41";"107.41";"0.08937715296527325";"0.07";""
"MLB7332133158";"VTK018058";"Calota Grid Aro 14p 185cb-pta Modelo Hb20/ Hb20s 2014/ 15 - PC / 4";"EVOLUSOM-PR";"ALVO_VALIDADO";"109.18";"117.34";"0.07005283790693712";"0.07";""
"MLB7332133042";"VTK018020";"Calota Grid Aro 13p 004cb-pta Gm Modelo Corsa Wind 2000 Cubo Baixo - PC / 4";"EVOLUSOM-PR";"ALVO_VALIDADO";"101.84";"101.84";"0.09662215239591515";"0.07";""
"MLB7332132664";"VTK017972";"Calota Aro 15a 878ar-pta Mod Logan / Sandero 2020 - PC / 4";"EVOLUSOM-PR";"ALVO_VALIDADO";"132.85";"136.82";"0.07001900306972665";"0.07";""
"MLB7332132528";"VTK017928";"Calota Grid Aro 14p 109cb-pta Gm Modelo Agile 2012/ 13 Cubo Baixo - PC / 4";"EVOLUSOM-PR";"ALVO_VALIDADO";"105.76";"105.76";"0.0791414523449319";"0.07";""
"MLB7332101000";"VTK018414";"Calota Aro Grid 382cb-pta-u 14p Onix 2013/19 - PC / 4";"EVOLUSOM-PR";"ALVO_VALIDADO";"105.76";"105.76";"0.0791414523449319";"0.07";""
"MLB7332100930";"VTK018386";"Calota Aro 14p 133cb-pof Mod Onix / Prisma 2014/ 16 Cb - PC / 4";"EVOLUSOM-PR";"ALVO_VALIDADO";"146.77";"163.7";"0.07000610873549176";"0.07";""
"MLB7332100906";"VTK018385";"Reparo Para Driver Shock Completo Kd-305 Keybass";"EVOLUSOM-PR";"ALVO_VALIDADO";"49.99";"49.99";"0.07001400280056011";"0.07";""
"MLB7332100806";"VTK018367";"Decapador Seccon De Fibra óptica 162mm 3 Furos Ct-s144h-n";"EVOLUSOM-PR";"ALVO_VALIDADO";"144.87";"144.87";"0.1669772899841237";"0.07";""
"MLB7332100778";"VTK018364";"Calota Grid Aro 14p 049cb-pta Modelo Volkswaggen Fox Até 2012/ 13 Cubo Baixo - PC / 4";"EVOLUSOM-PR";"ALVO_VALIDADO";"105.76";"105.76";"0.0791414523449319";"0.07";""
"MLB7332100710";"VTK018362";"Calota Grid Aro 13p 013cb-pta Ford Modelo Ka 2008/ 12 Cubo Baixo - PC / 4";"EVOLUSOM-PR";"ALVO_VALIDADO";"101.84";"101.84";"0.09662215239591515";"0.07";""
"MLB7332100128";"VTK018237";"Calota Grid 602ar-pta Aro 15 Ar Universal Gss - PC / 4";"EVOLUSOM-PR";"ALVO_VALIDADO";"149";"158.67";"0.07001953740467637";"0.07";""
"MLB7332100106";"VTK018235";"Calota Grid Aro 14p 112ca-pta Volkswaggen Modelo Gol/ Voyage G5/ G6 2013 Cubo Alto - PC / 4";"EVOLUSOM-PR";"ALVO_VALIDADO";"105.76";"113.64";"0.07004575853572685";"0.07";""
"MLB7332100068";"VTK018234";"Calota Grid Aro 14p 241ca-pta Volkswaggen Modelo Gol / Voyage G6 2015 Cubo Alto - PC / 4";"EVOLUSOM-PR";"ALVO_VALIDADO";"105.76";"113.64";"0.07004575853572685";"0.07";""
"MLB7332099078";"VTK018183";"Calota Grid Aro 13p 220cb-pta Fiat Modelo Palio Essence 2014/ 15 Cubo Baixo - PC / 4";"EVOLUSOM-PR";"ALVO_VALIDADO";"90.45";"90.47";"0.07007847905383";"0.07";""
"MLB7332098680";"VTK018140";"Calota Grid Aro 14p 073cb-pta Fiat Modelo Siena/ Palio 2009/ 10 Cubo Baixo - PC / 4";"EVOLUSOM-PR";"ALVO_VALIDADO";"105.76";"105.76";"0.0791414523449319";"0.07";""
"MLB7332098648";"VTK018101";"Calota Grid Aro 15p 078cp-pta Volkswaggen Modelo Fox/ Space 2012/ 13 Cubo Padrão - PC / 4";"EVOLUSOM-PR";"ALVO_VALIDADO";"136.9";"136.9";"0.0704163623082542";"0.07";""
"MLB7332098070";"VTK018099";"Calota Grid Aro 14p 166ca-pta Fiat Modelo Strada Trekking 2014 Cubo Alto - PC / 4";"EVOLUSOM-PR";"ALVO_VALIDADO";"107.41";"107.41";"0.08937715296527325";"0.07";""
"MLB7332097912";"VTK018054";"Calota Grid Aro 13p 074cb-pta Fiat Modelo Siena/ Palio 2009/ 10 Cubo Baixo - PC / 4";"EVOLUSOM-PR";"ALVO_VALIDADO";"101.84";"101.84";"0.09662215239591515";"0.07";""
"MLB7332097896";"VTK018053";"Calota Grid Aro 14a 136ar-pta Citroen Modelo C3/ C4 2014/ 15 - PC / 4";"EVOLUSOM-PR";"ALVO_VALIDADO";"107.41";"107.41";"0.08937715296527325";"0.07";""
"MLB7332097868";"VTK018029";"Conversor De Audio Rca Bee Link 4ch";"EVOLUSOM-PR";"ALVO_VALIDADO";"149.29";"149.29";"0.16879898184741107";"0.07";""
"MLB7332097382";"VTK017990";"Calota Grid 244ca-pta Aro 13 P Mod Gol G7 2017 - PC / 4";"EVOLUSOM-PR";"ALVO_VALIDADO";"100.19";"100.19";"0.08593672023156003";"0.07";""
"MLB7332097332";"VTK017967";"Decapador Longitudinal Seccon Para Fo 1.5 3,3mm";"EVOLUSOM-PR";"ALVO_VALIDADO";"183.48";"183.48";"0.2138652714192283";"0.07";""
"MLB7332097296";"VTK017964";"Calota Grid Aro 13p 054cb-pta Fiat Modelo Uno Fire 2004/ 05 Cubo Baixo - PC / 4";"EVOLUSOM-PR";"ALVO_VALIDADO";"100.19";"100.19";"0.08593672023156003";"0.07";""
"MLB7332097192";"VTK017927";"Calota Grid Aro 13p 080cb-pta Modulo Palio Fire 2011/ 13 Cubo Baixo - PC / 4";"EVOLUSOM-PR";"ALVO_VALIDADO";"100.19";"100.19";"0.08593672023156003";"0.07";""
"MLB7332096756";"VTK017894";"Calota Grid Aro 14p 340cb-pta Ford Modelo Novo Ka / K+ 2015 Cubo Baixo - PC / 4";"EVOLUSOM-PR";"ALVO_VALIDADO";"105.76";"105.76";"0.0791414523449319";"0.07";""
"MLB7332096712";"VTK017892";"Conector Fast Crimp Transcend Sc/ Apc - PC / 10";"EVOLUSOM-PR";"ALVO_VALIDADO";"283.51";"283.52";"0.10002821670428895";"0.1";""
"MLB7332096556";"VTK017845";"Calota Grid Aro 15a 869ar-pta Modelo Renault Sandero 2014/ 16 - PC / 4";"EVOLUSOM-PR";"ALVO_VALIDADO";"136.9";"147.61";"0.0700494546439943";"0.07";""
"MLB7332096542";"VTK017844";"Calota Grid Aro 13p 069cb-pta Gm Modelo Corsa Classic 2012/ 15 Cubo Baixo - PC / 4";"EVOLUSOM-PR";"ALVO_VALIDADO";"100.19";"107.14";"0.07000186671644577";"0.07";""
"MLB7332096172";"VTK017815";"Calota Grid Aro 14p 295cb Prata Argo/cronos 2022 - PC / 4";"EVOLUSOM-PR";"ALVO_VALIDADO";"105.76";"105.76";"0.0791414523449319";"0.07";""
"MLB7332096058";"VTK017721";"Calota Grid Aro 15p 296cp Prata Argo/cronos 2022 - PC / 4";"EVOLUSOM-PR";"ALVO_VALIDADO";"136.9";"136.9";"0.0704163623082542";"0.07";""
"MLB7332095674";"VTK017687";"Calota Grid Aro 14p 133cb-pta Gm Modelo Onix/ Prisma 2014/ 15 Cubo Baixo - PC / 4";"EVOLUSOM-PR";"ALVO_VALIDADO";"107.41";"107.41";"0.08937715296527325";"0.07";""
"MLB7332095662";"VTK017686";"Calota Grid Aro 13p 015cb-pta Fiat Modelo Mercurio/ Linea Cubo Baixo - PC / 4";"EVOLUSOM-PR";"ALVO_VALIDADO";"100.19";"100.19";"0.08593672023156003";"0.07";""
"MLB7332095634";"VTK017644";"Calota Grid 245ca-pta Aro 14 P Mod Gol G7 2017 Ca - PC / 4";"EVOLUSOM-PR";"ALVO_VALIDADO";"104.33";"104.34";"0.0700594211232509";"0.07";""
"MLB7332095530";"VTK017391";"Grampo Vonder 16mm Para Pinador Elétrico Com 1000 Grampos";"EVOLUSOM-PR";"ALVO_VALIDADO";"46.74";"46.74";"0.10269576379974325";"0.07";""
"MLB7332095162";"VTK017371";"Teclado Evus Tc-04 Multimidia Abnt2";"EVOLUSOM-PR";"ALVO_VALIDADO";"68.91";"68.91";"0.23871716731969236";"0.07";""
"MLB7332095092";"VTK017364";"Parafuso Longo Olhal M12 X 250mm Galvanizado Fosco - PC / 10";"EVOLUSOM-PR";"ALVO_VALIDADO";"288.21";"288.21";"0.21439228340446204";"0.1";""
"MLB7332094580";"VTK017344";"Cabo óptico Splitter Evus Opf-plc1x16-sc/upc Plc 1x16 1m G657a1";"EVOLUSOM-PR";"ALVO_VALIDADO";"69.02";"71.41";"0.07001820473323064";"0.07";""
"MLB7332094562";"VTK017343";"Cabo óptico Splitter Evus Opf-plc1x8-sc/upc Plc 1x8 1m G657a1";"EVOLUSOM-PR";"ALVO_VALIDADO";"56.34";"56.35";"0.07009760425909495";"0.07";""
"MLB7332094496";"VTK017341";"Cabo óptico Splitter Evus Opf-plc1x8-sc/apc Plc 1x8 1m G657a1";"EVOLUSOM-PR";"ALVO_VALIDADO";"65";"65";"0.074";"0.07";""
"MLB7331798958";"VTK018282";"Conector Fast Crimp Transcend Sc/ Upc - PC / 10";"EVOLUSOM-PR";"ALVO_VALIDADO";"310.66";"310.67";"0.10000965654874948";"0.1";""
"MLB7331797658";"VTK017823";"Calota Grid Aro 13p 050cb-pta Fiat Modelo Palio Fire 2004 Cubo Baixo - PC / 4";"EVOLUSOM-PR";"ALVO_VALIDADO";"100.19";"107.14";"0.07000186671644577";"0.07";""
"MLB7331797620";"VTK017742";"Calota Grid Aro 15"" Modelo Nova Strada 2021 - PC / 4";"EVOLUSOM-PR";"ALVO_VALIDADO";"149";"158.67";"0.07001953740467637";"0.07";""
"MLB7331797296";"VTK017350";"Base Para Notebook Evus Bpn-01";"EVOLUSOM-PR";"ALVO_VALIDADO";"52.39";"52.39";"0.07005153655277725";"0.07";""
"MLB7331797086";"VTK017342";"Cabo óptico Splitter Evus Opf-plc1x2-nc250 Plc 1x2 Nc 1,5m G657a1";"EVOLUSOM-PR";"ALVO_VALIDADO";"54.55";"54.55";"0.07002749770852429";"0.07";""
"MLB7331729024";"VTK017372";"Teclado Evus Tc-03 Standard Abnt2";"EVOLUSOM-PR";"ALVO_VALIDADO";"47";"48.95";"0.07007150153217569";"0.07";""
"MLB7331728968";"VTK017367";"Patch Panel Evus Cat5e 24 Portas Ev-pp-5e-24";"EVOLUSOM-PR";"ALVO_VALIDADO";"226.95";"226.96";"0.10001762425096933";"0.1";""
"MLB7331728896";"VTK017349";"Caixa De Atendimento óptico Evus 1x16 Ftth (cto Inteligente)";"EVOLUSOM-PR";"ALVO_VALIDADO";"160.42";"160.44";"0.07005734230865121";"0.07";""
"MLB7331728364";"VTK017298";"Caixa De Atendimento óptico Evus Opf-ctoi-bas3-dh5 1x16 Ftth (cto Inteligente)";"EVOLUSOM-PR";"ALVO_VALIDADO";"154.68";"154.68";"0.0700155159038014";"0.07";""
"MLB7331728308";"VTK017269";"Protetor Emenda óptica Tubete 60mm Pacote Com 100 Unidades";"EVOLUSOM-PR";"ALVO_VALIDADO";"42.29";"42.31";"0.07019617111793902";"0.07";""
"MLB7331721376";"VTK017214";"Cabo óptico Splitter Intelbras Xfs 1161 Plc 1x16 Sc/upc 4830043";"EVOLUSOM-PR";"ALVO_VALIDADO";"162.83";"162.84";"0.07000736919675755";"0.07";""
"MLB7331721260";"VTK005357";"Alto-Falante 5"" JBL Multisystem 5TRMS80 (PAR)";"EVOLUSOM-PR";"ALVO_VALIDADO";"421.7";"421.7";"0.21529523357837327";"0.1";""
"MLB7331721088";"VTK001707";"Ferro de Solda 50W 220V Plus SC-60 Verde Hikari";"EVOLUSOM-PR";"ALVO_VALIDADO";"69.7";"69.71";"0.07000430354325061";"0.07";""
"MLB7330546610";"VTK012774";"Caixa De Som Passiva 15 Polegadas 300 W Rms - Attack Vrf1530";"BKR1";"ALVO_VALIDADO";"2699";"3156.11";"0.1500011089600806";"0.15";""
"MLB7330400402";"VTK025252";"2 Jogos de Cordas 010 Extra Light Phosphor Violão Aço Elixir";"BKR1";"ALVO_VALIDADO";"606.31";"637.06";"0.10000627884343705";"0.1";""
"MLB7330399852";"VTK012499";"Pilha Alcalina Rayovac ""c"" (cartela Com 2 Unidades) 20120";"BKR1";"ALVO_VALIDADO";"43.37";"45.63";"0.07012930089853167";"0.07";""
"MLB7330399772";"VTK017182";"Cabo Extensor Usb 2.0 Plus Cable Pc-usb5002 A Macho X A Fêmea 5,0 Metros";"EVOLUSOM-PR";"ALVO_VALIDADO";"36";"37.94";"0.07011070110701108";"0.07";""
"MLB7330399364";"VTK025248";"2 Jogos de Cordas 009 Custom Light Guitarra Nanoweb Elixir";"BKR1";"ALVO_VALIDADO";"500.69";"526.65";"0.10000949397132822";"0.1";""
"MLB7330399274";"VTK012194";"Jogo De Cordas P/violão Solez Brass 80/20 0.011""/0.052"" Slab11";"BKR1";"ALVO_VALIDADO";"62";"64";"0.07";"0.07";""
"MLB7330398940";"VTK009838";"Guitarra Elétrica Sg De Madeira Maciça Thomaz Teg 340 Preto";"VANRAL";"ALVO_VALIDADO";"1012";"1198.75";"0.15000625651720542";"0.15";""
"MLB7330398878";"VTK025317";"6 Jogos de Cordas Violão Nylon-Cristal/Prateada Média Nig";"BKR1";"ALVO_VALIDADO";"255.84";"270.63";"0.10002586557292244";"0.1";""
"MLB7330398476";"VTK025358";"2 Jogos de Corda P/Violão Nylon Canário GENW Giannini";"BKR1";"ALVO_VALIDADO";"73.41";"73.41";"0.2396131317259229";"0.07";""
"MLB7330398336";"VTK012153";"Cabos Para Instrumentos P10 P10 3 Metros Gte-03 Kng Wireconex";"BKR1";"ALVO_VALIDADO";"57.1";"57.1";"0.07005253940455342";"0.07";""
"MLB7330397702";"VTK012593";"Extensão Elétrica Elgin 3 Tomadas - 2pinos - 10metros";"BKR1";"ALVO_VALIDADO";"99";"99";"0.07525252525252525";"0.07";""
"MLB7330397662";"VTK002659";"Venova Yamaha YVS-100 Branca";"VANRAL";"ALVO_VALIDADO";"977";"1140.65";"0.15000219173278392";"0.15";""
"MLB7330397642";"VTK012510";"Conector De Ac-out Painel Wc 1833 Out P Gy Pgy Azul Wireconex 04 Unidades";"BKR1";"ALVO_VALIDADO";"79";"82.21";"0.07006446904269553";"0.07";""
"MLB7330397384";"VTK017760";"Miniprocessador Agratto Ampr01i-01 350ml 100w 127v";"EVOLUSOM-PR";"ALVO_VALIDADO";"122.94";"122.94";"0.09874735643403287";"0.07";""
"MLB7330397152";"VTK012015";"Conector Xlr Femea Wc 1003 Fl Bk Ni 3p 5un Wireconex";"BKR1";"ALVO_VALIDADO";"85.79";"85.79";"0.19326261802074832";"0.07";""
"MLB7330397116";"VTK012530";"Bateria Alcalina A76 Cart 1 Energizer";"BKR1";"ALVO_VALIDADO";"34";"35.23";"0.07011070110701108";"0.07";""
"MLB7330397080";"VTK025374";"3 Jogos de Corda P/Violão Aço Bronze 65/35 0.009 Giannini";"EVOLUSOM-PR";"ALVO_VALIDADO";"124.52";"124.52";"0.12769033087054288";"0.07";""
"MLB7330396528";"VTK016069";"24 Pilhas Alcalinas Aaa Panasonic (4 Cart)";"BKR1";"ALVO_VALIDADO";"138.09";"138.09";"0.11195597074371787";"0.07";""
"MLB7330396504";"VTK017884";"Cabo St- Dvi-dvi 2m Cabo Dvi Com Filtro";"EVOLUSOM-PR";"ALVO_VALIDADO";"41.3";"42.8";"0.07009345794392524";"0.07";""
"MLB7330396476";"VTK017363";"Cooler Gamer Evus F12d-argb Double Ring";"EVOLUSOM-PR";"ALVO_VALIDADO";"53.52";"57.05";"0.07011393514460999";"0.07";""
"MLB7330396250";"VTK004783";"Smart TV Box Proeletronic PROSB3000 16gb";"EVOLUSOM-PR";"ALVO_VALIDADO";"299.47";"317.34";"0.10001890716581585";"0.1";""
"MLB7330395310";"VTK012755";"Ventilador Coluna 60cm Oscilante 127v Premium Ventisol";"BKR1";"ALVO_VALIDADO";"448.41";"484.02";"0.1000165282426346";"0.1";""
"MLB7330395160";"VTK025676";"15 Baterias Alcalinas A27 Elgin (3  Cart)";"EVOLUSOM-PR";"ALVO_VALIDADO";"86.58";"86.58";"0.1981981981981982";"0.07";""
"MLB7330395094";"VTK013012";"Carregador Scb Philips (01 Carregador E 04 Un Pilhas Aa)";"BKR1";"ALVO_VALIDADO";"277.19";"277.19";"0.10000360763375302";"0.1";""
"MLB7330394498";"VTK012013";"Conector P10 1/4 Ts Metal Nickel Com Mola Wc 244/ts Wireconex 10 Unidades";"BKR1";"ALVO_VALIDADO";"69";"72.87";"0.07012487992315082";"0.07";""
"MLB7330116996";"VTK012124";"Kit 10 Conectores P10 Mono Cachimbo Wc 167 Wireconex";"BKR1";"ALVO_VALIDADO";"86.77";"86.77";"0.1423302984902616";"0.07";""
"MLB7330116900";"VTK001006";"Chaleira Elétrica Agratto Aroma 2,2 Litros Inox 127v";"BKR1";"ALVO_VALIDADO";"212.09";"224.53";"0.1000311762348016";"0.1";""
"MLB7330115638";"VTK012115";"Pilha Alcalina Aaa Com 16 Unidades Elgin";"EVOLUSOM-PR";"ALVO_VALIDADO";"50.68";"50.69";"0.07003353718682186";"0.07";""
"MLB7330115398";"VTK017191";"Controle Remoto Mxt Universal Co1064";"EVOLUSOM-PR";"ALVO_VALIDADO";"33.65";"33.66";"0.07011289364230541";"0.07";""
"MLB7330115330";"VTK017334";"Cabo Hdmi Evus C-052 4k Macho X Macho V2.0 10,0m";"EVOLUSOM-PR";"ALVO_VALIDADO";"78.9";"87.64";"0.0700593336376084";"0.07";""
"MLB7330115322";"VTK012378";"Carregador Panasonic Eneloop Pro Bq-cc87";"BKR1";"ALVO_VALIDADO";"566.82";"609.06";"0.1000065674974551";"0.1";""
"MLB4995166689";"VTK018388";"Botoeira Citrox Inox Cube Na/ Nf Cx-4508";"EVOLUSOM-PR";"ALVO_VALIDADO";"152.65";"152.65";"0.0700294792007861";"0.07";""
"MLB4995166573";"VTK018380";"Calota Grid 373cb-pta Aro 14 P Mod Onix 2017 - PC / 4";"EVOLUSOM-PR";"ALVO_VALIDADO";"105.76";"113.64";"0.07004575853572685";"0.07";""
"MLB4995166543";"VTK018379";"Calota Grid 291cb-pta Aro 14 P Mod Mobi 2017 - PC / 4";"EVOLUSOM-PR";"ALVO_VALIDADO";"105.76";"105.76";"0.0791414523449319";"0.07";""
"MLB4995166453";"VTK018363";"Calota Grid Aro 14a 100ar-pta Modelo Orbital Aro De Pressão - PC / 4";"EVOLUSOM-PR";"ALVO_VALIDADO";"107.41";"107.41";"0.08937715296527325";"0.07";""
"MLB4995164713";"VTK018182";"Calota Grid Aro 13p 092cb-pta Fiat Modelo Grand Siena 2012/ 13 Cubo Baixo - PC / 4";"EVOLUSOM-PR";"ALVO_VALIDADO";"100.19";"100.19";"0.08593672023156003";"0.07";""
"MLB4995164527";"VTK018142";"Calota Grid Aro 15p 119cp-pta Volkswaggen Modelo Fox/ Space/ Polo 2014 Cubo Padrao - PC / 4";"EVOLUSOM-PR";"ALVO_VALIDADO";"132.85";"136.82";"0.07001900306972665";"0.07";""
"MLB4995164453";"VTK018141";"Calota Grid Aro 14p 192 Cp-pta Hyundai Hb20/ Hb20s 2016 Cubo Padrão - PC / 4";"EVOLUSOM-PR";"ALVO_VALIDADO";"149";"158.67";"0.07001953740467637";"0.07";""
"MLB4995163743";"VTK018060";"Decapador Seccon Para Fibra óptica 3 Furos Ct-223h-n";"EVOLUSOM-PR";"ALVO_VALIDADO";"120.57";"120.57";"0.09148212656548063";"0.07";""
"MLB4995163155";"VTK017966";"Calota Grid Aro 14p 014cb-pta Ford Modelo Fiesta 2008/ 10 Cubo Baixo - PC / 4";"EVOLUSOM-PR";"ALVO_VALIDADO";"105.76";"105.76";"0.0791414523449319";"0.07";""
"MLB4995163103";"VTK017929";"Calota Grid Aro 13a 101ar-pta Modelo Orbital Aro Pressão - PC / 4";"EVOLUSOM-PR";"ALVO_VALIDADO";"100.19";"100.19";"0.08593672023156003";"0.07";""
"MLB4995162553";"VTK017893";"Calota Grid Aro 13p 227cb-pta Fiat Modelo Uno Mille Way Cubo Baixo - PC / 4";"EVOLUSOM-PR";"ALVO_VALIDADO";"100.19";"100.19";"0.08593672023156003";"0.07";""
"MLB4995162417";"VTK017847";"Conversor Mxt De áudio ótico Para áudio Analógico Estéreo";"EVOLUSOM-PR";"ALVO_VALIDADO";"129.42";"129.42";"0.1773296244784423";"0.07";""
"MLB4995162393";"VTK017846";"Calota Grid Aro 14p 048ca-pta Volkswaggen Modelo Gol/ Saveiro G5 1.6 2012/ 13 Cubo Alto - PC / 4";"EVOLUSOM-PR";"ALVO_VALIDADO";"105.76";"113.64";"0.07004575853572685";"0.07";""
"MLB4995162039";"VTK017831";"Calota Grid Aro 14p 293cb Prata Mobi 2021 - PC / 4";"EVOLUSOM-PR";"ALVO_VALIDADO";"105.76";"113.64";"0.07004575853572685";"0.07";""
"MLB4995161953";"VTK017806";"Cabo Optico Splitter Evus Opf-plc1x4-sc/apc Plc 1x4 1m G657a1";"EVOLUSOM-PR";"ALVO_VALIDADO";"81.31";"81.31";"0.19148936170212766";"0.07";""
"MLB4995161925";"VTK017754";"Calota Grid Aro 14p 053cb-pta Gm Modelo Corsa Hatch 2004 Cubo Baixo - PC / 4";"EVOLUSOM-PR";"ALVO_VALIDADO";"105.76";"105.76";"0.0791414523449319";"0.07";""
"MLB4995161853";"VTK017707";"Calota Grid Aro 14p 026cb-pta Ford Modelo Fiesta Sedan 2011/ 13 Cubo Baixo - PC / 4";"EVOLUSOM-PR";"ALVO_VALIDADO";"105.76";"105.76";"0.0791414523449319";"0.07";""
"MLB4994953433";"VTK017895";"Calota Grid Aro 15p 195cp-pta Modelo Onix / Prisma Lt 2014/ 16 - PC / 4";"EVOLUSOM-PR";"ALVO_VALIDADO";"149";"149";"0.0763758389261745";"0.07";""
"MLB4994952951";"VTK017864";"Calota Grid Aro 14a 870ar-pta Modelo Renault Logan 2014/ 16 - PC / 4";"EVOLUSOM-PR";"ALVO_VALIDADO";"118.04";"118.04";"0.095221958658082";"0.07";""
"MLB4994952933";"VTK017862";"Calota Grid Aro 14p 079cb-pta Fiat Modelo Uno Way 2011/ 12 - PC / 4";"EVOLUSOM-PR";"ALVO_VALIDADO";"107.41";"107.41";"0.08937715296527325";"0.07";""
"MLB4994952921";"VTK017853";"Cartela Super Cola Instantânea Western 3g 12 Unidade";"EVOLUSOM-PR";"ALVO_VALIDADO";"40.24";"40.25";"0.07006211180124224";"0.07";""
"MLB4994952445";"VTK017786";"Calota Grid Aro 14p 094cb-pta Fiat Modelo Palio Attractive 2012/ 13 Cubo Baixo - PC / 4";"EVOLUSOM-PR";"ALVO_VALIDADO";"109.18";"109.18";"0.10001831837332845";"0.07";""
"MLB4994952055";"VTK017701";"Calota Grid Aro 13p 158cb-pta Fiat Modelo Palio Fire 2014 Cubo Baixo - PC / 4";"EVOLUSOM-PR";"ALVO_VALIDADO";"100.19";"107.14";"0.07000186671644577";"0.07";""
"MLB4994952001";"VTK017610";"Intelbras Cabo óptico Splitter Plc 1x32 Nc Xfs 1320 4830017";"EVOLUSOM-PR";"ALVO_VALIDADO";"214.64";"214.65";"0.10002329373398555";"0.1";""
"MLB4994951981";"VTK017606";"Ferramenta Decape Seccon Capa/ Isolamento Cabo óptico Flat Drop";"EVOLUSOM-PR";"ALVO_VALIDADO";"70.97";"70.97";"0.07002958996759194";"0.07";""
"MLB4994951959";"VTK017575";"Corneta Jbl Hl14-50 Trio Branca";"EVOLUSOM-PR";"ALVO_VALIDADO";"220.09";"220.09";"0.20032713889772366";"0.1";""
"MLB4994951569";"VTK017382";"Conector Deye Fêmea E Endcap Para Micro Inversor Deye Sun2000g3";"EVOLUSOM-PR";"ALVO_VALIDADO";"100.03";"100.05";"0.07006496751624187";"0.07";""
"MLB4994951555";"VTK017377";"Mouse Gamer Evus Mo-07";"EVOLUSOM-PR";"ALVO_VALIDADO";"63.35";"67.97";"0.07003089598352213";"0.07";""
"MLB4994951319";"VTK017346";"Cabo Optico Splitter Evus Opf-plc1x4-nc250 Plc 1x4 Nc 1,5m G657a1";"EVOLUSOM-PR";"ALVO_VALIDADO";"49.69";"49.7";"0.07002012072434607";"0.07";""
"MLB4994950929";"VTK017345";"Cabo óptico Splitter Evus Opf-plc1x4-sc/apc Plc 1x4 1m G657a1";"EVOLUSOM-PR";"ALVO_VALIDADO";"58.45";"58.47";"0.07012142979305626";"0.07";""
"MLB4994950779";"VTK017283";"Caixa De Atendimento óptico Evus 1x24 Ftth (cto Inteligente)";"EVOLUSOM-PR";"ALVO_VALIDADO";"204.34";"204.34";"0.19907996476460801";"0.1";""
"MLB4994950619";"VTK005078";"Cabo Blindado 2RCA X 2RCA 3m Vermelho Storm";"EVOLUSOM-PR";"ALVO_VALIDADO";"59.29";"59.31";"0.07013994267408531";"0.07";""
"MLB4994944229";"VTK017256";"Cabo óptico Splitter Evus Opf-plc1x4-nc250 Plc 1x4 Nc 1,5m G657a1";"EVOLUSOM-PR";"ALVO_VALIDADO";"49";"49.71";"0.0700060350030175";"0.07";""
"MLB4994943971";"VTK017244";"Video Balun Evus C-067 1 Canal Mini Cctv Bnc Para Hdcvi Cftv";"EVOLUSOM-PR";"ALVO_VALIDADO";"35.77";"35.78";"0.07015092230296253";"0.07";""
"MLB4994909013";"VTK017257";"Cabo Optico Splitter Evus Opf-plc1x8-sc/upc Plc 1x8 1m G657a1";"EVOLUSOM-PR";"ALVO_VALIDADO";"56.34";"56.35";"0.07009760425909495";"0.07";""
"MLB4994228699";"VTK025348";"2 Jogos de Corda P/Violão Aço Bronze 65/35 0.009 Giannini";"EVOLUSOM-PR";"ALVO_VALIDADO";"93.44";"93.44";"0.1811857876712329";"0.07";""
"MLB4994228469";"VTK012273";"Lâmpada Led Tkl 90 / 15w 6500k";"BKR1";"ALVO_VALIDADO";"29";"29";"0.0793103448275862";"0.07";""
"MLB4994227259";"VTK012023";"Pilha Alcalina Aa Pequena Panasonic Sm-2 Lr6xab/2b192";"BKR1";"ALVO_VALIDADO";"24.75";"26.41";"0.07004922377887164";"0.07";""
"MLB4994226875";"VTK012048";"Bateria Alcalina A23 Elgin Cartela Com 05 Unidades";"BKR1";"ALVO_VALIDADO";"38";"38.82";"0.07006697578567748";"0.07";""
"MLB4994225957";"VTK025350";"2 Jogos de Corda P/Violão Aço Bronze 65/35 0.011 Giannini";"EVOLUSOM-PR";"ALVO_VALIDADO";"92.68";"92.68";"0.18299525248165732";"0.07";""
"MLB6630710448";"VTK001008";"Estabilizador 2000VA POWEREST ABS 115V Preto TS SHARA";"EVOLUSOM-PR";"ALVO_VALIDADO";"299";"466.35";"0.1000107215610593";"0.1";""
"MLB4582573951";"VTK001008";"Estabilizador 2000VA POWEREST ABS 115V Preto TS SHARA";"EVOLUSOM-PR";"ALVO_VALIDADO";"299";"466.35";"0.1000107215610593";"0.1";""
"MLB7330400068";"VTK018195";"Extensão Daneva No Shock Pl 10m Grafite 2 X 0,75mm";"EVOLUSOM-PR";"ALVO_VALIDADO";"51.58";"53.76";"0.0701264880952381";"0.07";""
"MLB7239019584";"VTK018195";"Extensão Daneva No Shock Pl 10m Grafite 2 X 0,75mm";"EVOLUSOM-PR";"ALVO_VALIDADO";"51.58";"53.76";"0.0701264880952381";"0.07";""
"MLB7184620482";"VTK015943";"10 Pilhas Alcalinas Premium Aaa Panasonic (5 Cart)";"BKR1";"ALVO_VALIDADO";"87.86";"87.86";"0.2103346232642841";"0.07";""
"MLB7339962212";"VTK015968";"12 Pilhas Comum Aa Panasonic (3 Cart)";"BKR1";"ALVO_VALIDADO";"36.33";"38.35";"0.07014341590612777";"0.07";""
"MLB7339962060";"VTK018218";"Impressora Térmica Epson Tm-t20x-ii Serial";"EVOLUSOM-PR";"ALVO_VALIDADO";"943";"1098.4";"0.14999999999999997";"0.15";""
"MLB7339962000";"VTK012397";"Calculadora Científica 240 Funções Cc240 Elgin";"BKR1";"ALVO_VALIDADO";"57";"57";"0.09771929824561404";"0.07";""
"MLB7339960260";"VTK017214";"Cabo óptico Splitter Intelbras Xfs 1161 Plc 1x16 Sc/upc 4830043";"EVOLUSOM-PR";"ALVO_VALIDADO";"162.83";"162.84";"0.07000736919675755";"0.07";""
"MLB7339018118";"VTK016020";"18 Pilhas Alcalinas Premium Aaa Panasonic (3 Cart)";"BKR1";"ALVO_VALIDADO";"121";"123.26";"0.07001460327762454";"0.07";""
"MLB7339018046";"VTK012029";"Pilha Alcalina Aaa2 Rayovac Cartela Com 02 Unidades";"BKR1";"ALVO_VALIDADO";"26.51";"28.22";"0.07016300496102056";"0.07";""
"MLB7339017972";"VTK016033";"2 Baterias Alcalinas 12v Panasonic Lrv08-1b";"BKR1";"ALVO_VALIDADO";"60.6";"60.6";"0.2773927392739274";"0.07";""
"MLB7339016458";"VTK012686";"Refletor Tr Led 10w Slim 6500k Preto";"BKR1";"ALVO_VALIDADO";"44";"44";"0.07045454545454545";"0.07";""
"MLB7332793056";"VTK018851";"Antena Móvel Aquário B-2080 Com Bobina E Mola Na Base Para Rádio Px";"EVOLUSOM-PR";"ALVO_VALIDADO";"227";"229.24";"0.10002617344268015";"0.1";""
"MLB7332790540";"VTK019004";"Calota Aro Grid 246cp-pbp-u Idea 15p Gol G7 17/18 - PC / 4";"EVOLUSOM-PR";"ALVO_VALIDADO";"146.77";"163.7";"0.07000610873549176";"0.07";""
"MLB7332789900";"VTK018931";"Calota Grid Aro 14p 292cb-pof Mod Argo 2017/18 Cb - PC / 4";"EVOLUSOM-PR";"ALVO_VALIDADO";"142.72";"148.35";"0.07003707448601282";"0.07";""
"MLB7332789868";"VTK018919";"Cabo óptico Splitter Intelbras Xfs 121 Plc 1x2 Sc/upc 4830028";"EVOLUSOM-PR";"ALVO_VALIDADO";"69.93";"69.94";"0.07006005147269088";"0.07";""
"MLB7332781300";"VTK023354";"Alicate De Corte Diagonal Hikari Hk-701 21a-701 6""";"EVOLUSOM-PR";"ALVO_VALIDADO";"54.86";"54.88";"0.07015306122448979";"0.07";""
"MLB7332781214";"VTK021105";"Caixa Rlp Vazia Para 1 Alto Falante 12""+1 Driver + 1 Tweeter Acarpetada Duto Rasgado";"EVOLUSOM-PR";"ALVO_VALIDADO";"202.89";"202.89";"0.1939967470057667";"0.1";""
"MLB7332780590";"VTK018865";"Antena Móvel Aquário B-2003p Marinox 1/4 De Onda Para Rádio Px Com Base De Poliuretano";"EVOLUSOM-PR";"ALVO_VALIDADO";"237";"238.19";"0.10000419832906503";"0.1";""
"MLB7332777990";"VTK019387";"Caixa Vazia Para 1 Alto Falante 12"" + 1 Driver + 1 Tweeter Acarpetada - PC / 2";"EVOLUSOM-PR";"ALVO_VALIDADO";"390";"390";"0.16756410256410256";"0.1";""
"MLB7332777862";"VTK019104";"Extensor De Controle Remoto Proeletronic Pqec-8020 G2";"EVOLUSOM-PR";"ALVO_VALIDADO";"155.81";"155.82";"0.07001668591965088";"0.07";""
"MLB7332777766";"VTK019071";"Calota Grid Aro 14p Volkswaggen Modelo Gol/ Voyage G5/ G6 2013 Cubo Baixo - PC / 4";"EVOLUSOM-PR";"ALVO_VALIDADO";"101.23";"101.24";"0.07003160806005532";"0.07";""
"MLB7332777742";"VTK019068";"Calota Grid Aro 13p 124cb-pta Ford Ka 2014 Cubo Baixo - PC / 4";"EVOLUSOM-PR";"ALVO_VALIDADO";"90.45";"90.47";"0.07007847905383";"0.07";""
"MLB7332777170";"VTK018977";"Inversor Solar Saj 2kw 220v 1mppt Mono R5-2k-s1";"EVOLUSOM-PR";"ALVO_VALIDADO";"2871";"3257.18";"0.15000092104212848";"0.15";""
"MLB7332777148";"VTK018952";"Calota Aro 15p 193cp-pof Mod Hb20 2020";"EVOLUSOM-PR";"ALVO_VALIDADO";"53.83";"53.83";"0.07003529630317668";"0.07";""
"MLB7332777038";"VTK018890";"Calota Grid Aro 15a 085ar-pta Modelo Renault Sandero/ Logan/ Scenic 2008/ 11 Aro De Pressão - PC / 4";"EVOLUSOM-PR";"ALVO_VALIDADO";"132.85";"132.85";"0.07015430937147159";"0.07";""
"MLB7332768248";"VTK021855";"Caixa Vazia Para 2 Alto Falantes 15"" Turbo/rasgada Com Duto No Meio";"EVOLUSOM-PR";"ALVO_VALIDADO";"470";"470";"0.16836170212765955";"0.1";""
"MLB7332764974";"VTK019147";"Mola Aerea Ipec F4 85kg Cinza";"EVOLUSOM-PR";"ALVO_VALIDADO";"229";"234.62";"0.1000340976898815";"0.1";""
"MLB7332764720";"VTK019022";"Antena Usb Parábola Grade Aquário Usb-2010 2.4 Ghz 20 Dbi Plug And Play Cabo 10m - PC / 6";"EVOLUSOM-PR";"ALVO_VALIDADO";"1202.98";"1202.98";"0.21661208000133";"0.15";""
"MLB7332764104";"VTK018933";"Calota Aro 14p 877cp-gft Mod Kwid 2018/ 19 Cp - PC / 4";"EVOLUSOM-PR";"ALVO_VALIDADO";"146.77";"148.35";"0.07003707448601282";"0.07";""
"MLB5005555553";"VTK025730";"24 Pilhas Zinco Ar Elgin Tamanho 675 PR44 1,4V Kit";"EVOLUSOM-PR";"ALVO_VALIDADO";"110.59";"110.59";"0.1480242336558459";"0.07";""
"MLB5005553293";"VTK017606";"Ferramenta Decape Seccon Capa/ Isolamento Cabo óptico Flat Drop";"EVOLUSOM-PR";"ALVO_VALIDADO";"70.97";"70.97";"0.07002958996759194";"0.07";""
"MLB5005553223";"VTK001707";"Ferro de Solda 50W 220V Plus SC-60 Verde Hikari";"EVOLUSOM-PR";"ALVO_VALIDADO";"69.7";"69.71";"0.07000430354325061";"0.07";""
"MLB5005543231";"VTK016071";"24 Pilhas Alcalinas Premium AA Panasonic (12 Cartelas C/2 Un)";"BKR1";"ALVO_VALIDADO";"134";"146.85";"0.0700034048348655";"0.07";""
"MLB5005543193";"VTK017349";"Caixa De Atendimento óptico Evus 1x16 Ftth (cto Inteligente)";"EVOLUSOM-PR";"ALVO_VALIDADO";"160.42";"160.44";"0.07005734230865121";"0.07";""
"MLB5005542975";"VTK019147";"Mola Aerea Ipec F4 85kg Cinza";"EVOLUSOM-PR";"ALVO_VALIDADO";"229";"234.62";"0.1000340976898815";"0.1";""
"MLB5005542963";"VTK018029";"Conversor De Audio Rca Bee Link 4ch";"EVOLUSOM-PR";"ALVO_VALIDADO";"149.29";"149.29";"0.16879898184741107";"0.07";""
"MLB5005542855";"VTK017345";"Cabo óptico Splitter Evus Opf-plc1x4-sc/apc Plc 1x4 1m G657a1";"EVOLUSOM-PR";"ALVO_VALIDADO";"58.45";"58.47";"0.07012142979305626";"0.07";""
"MLB5005542765";"VTK019104";"Extensor De Controle Remoto Proeletronic Pqec-8020 G2";"EVOLUSOM-PR";"ALVO_VALIDADO";"155.81";"155.82";"0.07001668591965088";"0.07";""
"MLB5005542483";"VTK017847";"Conversor Mxt De áudio ótico Para áudio Analógico Estéreo";"EVOLUSOM-PR";"ALVO_VALIDADO";"129.42";"129.42";"0.1773296244784423";"0.07";""
"MLB5005540513";"VTK023354";"Alicate De Corte Diagonal Hikari Hk-701 21a-701 6""";"EVOLUSOM-PR";"ALVO_VALIDADO";"54.86";"54.88";"0.07015306122448979";"0.07";""
"MLB5007910637";"";"Kit 3 Jogo De Corda D'addario Xtapb1047 Extra Light Phb";"INCONCLUSIVO";"PENDENTE";"";"";"";"";"SEM_VINCULO"
"MLB7349903698";"";"Kit 3 Jogo De Corda D'addario Xtapb1047 Extra Light Phb";"INCONCLUSIVO";"PENDENTE";"";"";"";"";"SEM_VINCULO"
"MLB7381766316";"VTK018854";"Kit Adaptador Para Celular Pqkc-0345";"EVOLUSOM-PR";"ALVO_VALIDADO";"37.99";"38.92";"0.07014388489208633";"0.07";""
"MLB7381763412";"VTK025735";"25 Pilhas Moeda Lítio Elgin CR2032 3V Kit";"BKR1";"ALVO_VALIDADO";"83.77";"83.77";"0.20592097409573834";"0.07";""
"MLB7381763010";"VTK025657";"100 Pilhas Moeda Lítio Elgin CR2032 3V Kit";"BKR1";"ALVO_VALIDADO";"222.56";"236.29";"0.10000423208768885";"0.1";""
"MLB7381762984";"VTK025656";"100 Pilhas Moeda Lítio Elgin CR2025 3V Kit";"BKR1";"ALVO_VALIDADO";"193.56";"193.56";"0.07052076875387477";"0.07";""
"MLB7381762804";"VTK025794";"45 Pilhas Moeda Lítio Elgin CR2016 3V Kit";"BKR1";"ALVO_VALIDADO";"157.44";"157.44";"0.09419461382113821";"0.07";""
"MLB7381762728";"VTK025778";"40 Pilhas Moeda Lítio Elgin CR2016 3V Kit";"BKR1";"ALVO_VALIDADO";"146.81";"146.81";"0.07976295892650365";"0.07";""
"MLB7381762644";"VTK025816";"50 Pilhas Moeda Lítio Elgin CR2032 3V Kit";"BKR1";"ALVO_VALIDADO";"138.09";"138.09";"0.11195597074371787";"0.07";""
"MLB7381762600";"VTK025682";"15 Pilhas Moeda Lítio Elgin CR2032 3V Kit";"BKR1";"ALVO_VALIDADO";"65.86";"65.86";"0.270725781961737";"0.07";""
"MLB7381762552";"VTK025796";"45 Pilhas Moeda Lítio Elgin CR2032 3V Kit";"BKR1";"ALVO_VALIDADO";"121.17";"121.17";"0.13221094330279773";"0.07";""
"MLB7381762520";"VTK025815";"50 Pilhas Moeda Lítio Elgin CR2025 3V Kit";"BKR1";"ALVO_VALIDADO";"113.77";"113.77";"0.14291992616682783";"0.07";""
"MLB7381762458";"VTK025633";"10 Pilhas Moeda Lítio Elgin CR1220 3V Kit";"BKR1";"ALVO_VALIDADO";"61.67";"61.67";"0.29155180801037783";"0.07";""
"MLB7381756542";"VTK018381";"Detector Pyronix Fp02302 Octopus Dq 360 Graus 12 Metros";"EVOLUSOM-PR";"ALVO_VALIDADO";"267";"267";"0.15561797752808987";"0.1";""
"MLB7381756114";"VTK012912";"Capa P/ Guitarra Extra Bolso Cargo - Nylon 600 - Preto Bkr 1";"BKR1";"ALVO_VALIDADO";"243.24";"243.24";"0.13390067423121196";"0.1";""
"MLB7381755980";"VTK017539";"Sensor Magnético Smart Sulton V3 Smw250";"EVOLUSOM-PR";"ALVO_VALIDADO";"82.06";"82.07";"0.07006214207383941";"0.07";""
"MLB7381755840";"VTK012200";"Pilha Recarregável AA 2500mAh Elgin Blister com 4 Unidades";"BKR1";"ALVO_VALIDADO";"83.22";"83.23";"0.07004685810404902";"0.07";""
"MLB7381754952";"VTK017801";"Resistência Hikari Hplus Sc-40 W 220v Com 2 Peças";"EVOLUSOM-PR";"ALVO_VALIDADO";"58.86";"63.13";"0.07001425629653096";"0.07";""
"MLB7381754796";"VTK018455";"Reparo Tweeter Shock Completo St-450 Trio";"EVOLUSOM-PR";"ALVO_VALIDADO";"43.78";"45.68";"0.07005253940455342";"0.07";""
"MLB7381754732";"VTK012857";"Alto-falante Profissional 700w 12 Pol 8 Ohms 12lf1410b8 Atk";"BKR1";"ALVO_VALIDADO";"890";"898.5";"0.09999999999999999";"0.1";""
"MLB7381754568";"VTK018752";"Cabo Prolongador Aquário Ac-13 Marinox 60cm";"EVOLUSOM-PR";"ALVO_VALIDADO";"173.83";"173.83";"0.2381637231778174";"0.07";""
"MLB7381754448";"VTK018133";"Fonte Adaptadora Carregador Universal Alltech 12v Dc 2a Automotiva";"EVOLUSOM-PR";"ALVO_VALIDADO";"49.15";"51.47";"0.07013794443365066";"0.07";""
"MLB7381754412";"VTK001186";"Antena Para Celular Fullband PQAG5015LTE Proeletronic";"EVOLUSOM-PR";"ALVO_VALIDADO";"159.68";"159.68";"0.09243486973947895";"0.07";""
"MLB7381753908";"VTK017545";"Reparo Para Driver Shock D-250 Trio Selenium";"EVOLUSOM-PR";"ALVO_VALIDADO";"50.14";"51.32";"0.0701480904130943";"0.07";""
"MLB7381753878";"VTK013009";"Capa Violao Luxo - Nylon 600";"BKR1";"ALVO_VALIDADO";"159";"159";"0.08125786163522013";"0.07";""
"MLB7381753726";"VTK018753";"Conector Permak Cd Do Nissan March Livina Versa 35-d7";"EVOLUSOM-PR";"ALVO_VALIDADO";"47.71";"48.52";"0.07007419620774938";"0.07";""
"MLB7381753534";"VTK003270";"Interruptor Inteligente 1 Tecla Wi-Fi SE235 Branco MULTILASER";"EVOLUSOM-PR";"ALVO_VALIDADO";"153.81";"153.81";"0.24679799752941942";"0.07";""
"MLB7381752856";"VTK025733";"25 Pilhas Moeda Lítio Elgin CR2016 3V Kit";"BKR1";"ALVO_VALIDADO";"99.81";"99.81";"0.1675182847410079";"0.07";""
"MLB7381752726";"VTK025711";"20 Pilhas Moeda Lítio Elgin CR2430 3V Kit";"BKR1";"ALVO_VALIDADO";"104.88";"104.88";"0.15789473684210525";"0.07";""
"MLB7381752632";"VTK025753";"30 Pilhas Moeda Lítio Elgin CR2032 3V Kit";"BKR1";"ALVO_VALIDADO";"91.05";"91.05";"0.1868204283360791";"0.07";""
"MLB7381752386";"VTK025752";"30 Pilhas Moeda Lítio Elgin CR2025 3V Kit";"BKR1";"ALVO_VALIDADO";"84.9";"84.9";"0.2027090694935218";"0.07";""
"MLB7381752110";"VTK025703";"20 Pilhas Moeda Lítio Elgin CR1616 3V Kit";"BKR1";"ALVO_VALIDADO";"81.57";"81.57";"0.21233296555106046";"0.07";""
"MLB7381751690";"VTK025673";"15 Pilhas Moeda Lítio Elgin CR1220 3V Kit";"BKR1";"ALVO_VALIDADO";"73.27";"73.27";"0.24007097038351305";"0.07";""
"MLB7381751642";"VTK025674";"15 Pilhas Moeda Lítio Elgin CR1616 3V Kit";"BKR1";"ALVO_VALIDADO";"71.35";"71.35";"0.24751226348983885";"0.07";""
"MLB7381751518";"VTK025640";"10 Pilhas Moeda Lítio Elgin CR2430 3V Kit";"BKR1";"ALVO_VALIDADO";"72.65";"72.65";"0.24239504473503096";"0.07";""
"MLB7381751416";"VTK025736";"250 Pilhas Moeda Lítio Elgin CR2032 3V Kit";"BKR1";"ALVO_VALIDADO";"503.67";"526.48";"0.10000379881476978";"0.1";""
"MLB7381751356";"VTK025681";"15 Pilhas Moeda Lítio Elgin CR2025 3V Kit";"BKR1";"ALVO_VALIDADO";"61.86";"61.86";"0.2903330100226318";"0.07";""
"MLB7381751224";"VTK025655";"100 Pilhas Moeda Lítio Elgin CR2016 3V Kit";"BKR1";"ALVO_VALIDADO";"302.06";"319.93";"0.10002187978620324";"0.1";""
"MLB7381751222";"VTK025780";"40 Pilhas Moeda Lítio Elgin CR2032 3V Kit";"BKR1";"ALVO_VALIDADO";"110.31";"110.31";"0.14849061735110142";"0.07";""
"MLB7381744424";"VTK012984";"Palheta Stubby 2mm Pct C/6 474r2.0 Dunlop (1852)";"BKR1";"ALVO_VALIDADO";"76.68";"76.68";"0.08568075117370892";"0.07";""
"MLB7381744360";"VTK018027";"Arandela Sem Borda Frahm 6"" 40w Full Ranger Quadrada";"EVOLUSOM-PR";"ALVO_VALIDADO";"240.56";"240.56";"0.20867974725640173";"0.1";""
"MLB7381744044";"VTK018325";"Controlador De Volume Frahm Cv-10 10w Mono";"EVOLUSOM-PR";"ALVO_VALIDADO";"214.11";"214.11";"0.22535145485965158";"0.1";""
"MLB7381743794";"VTK017238";"Detector De Temperatura 12/ 24v Segurimax Contato Seco";"EVOLUSOM-PR";"ALVO_VALIDADO";"69";"74.39";"0.07003629520096787";"0.07";""
"MLB7381743394";"VTK013010";"Capa Contra Baixo Luxo - Nylon 600";"BKR1";"ALVO_VALIDADO";"170";"170";"0.19717647058823531";"0.07";""
"MLB7381742428";"VTK021122";"Modulador De áudio E Vídeo Aquário Mod-001 Canal 3 E 4 De Tv";"EVOLUSOM-PR";"IDENTIDADE_PENDENTE";"154.21";"154.21";"0.25575513909603786";"0.07";"VOLTAGE: cadastro=127/220V, ML=220V"
"MLB7381742282";"VTK018663";"Haste Permak Fiat Toro/ Jeep Renegade/ Compass Ov";"EVOLUSOM-PR";"ALVO_VALIDADO";"46.71";"48.52";"0.07007419620774938";"0.07";""
"MLB7381742096";"VTK017735";"Kit Adaptador Aquário Cf-375 Para Motorola";"EVOLUSOM-PR";"ALVO_VALIDADO";"43.68";"45.82";"0.07005674378000873";"0.07";""
"MLB7381742094";"VTK017724";"Rotulador Portátil Eletrônica Brother Ptm95 Preto";"EVOLUSOM-PR";"ALVO_VALIDADO";"415";"431.64";"0.10001390047261607";"0.1";""
"MLB7381741820";"VTK017212";"Cabo óptico Intelbras Plc 1x2 Nc Xfs 120 Com Divisor 4830013";"EVOLUSOM-PR";"ALVO_VALIDADO";"47.1";"47.64";"0.07010915197313182";"0.07";""
"MLB7381741220";"VTK018712";"Cabo De Descida Proeletronic Para Celular Fixo Rgc213 20 Metros Caco0192";"EVOLUSOM-PR";"ALVO_VALIDADO";"297";"298.46";"0.10001340213093883";"0.1";""
"MLB7381740910";"VTK018291";"Módulo Para Rebatimento De Espelho Retrovisor Fks Mce300 Re";"EVOLUSOM-PR";"ALVO_VALIDADO";"143.45";"143.45";"0.26490066225165565";"0.07";""
"MLB7381688554";"VTK016248";"96 Pilhas Alcalinas Premium AAA Panasonic (24 Cartelas C/4 Un)";"BKR1";"ALVO_VALIDADO";"548.75";"576.95";"0.10000866626224109";"0.1";""
"MLB7381675254";"VTK018448";"Bandeja Móvel Max Eletron 19 1u X 600mm Ventilada 4 Pontos";"EVOLUSOM-PR";"ALVO_VALIDADO";"227.89";"227.89";"0.20817060862696915";"0.1";""
"MLB7381675066";"VTK017924";"Chaveiro Positron Novo Px-32 Cyber 4 Botões Preto";"EVOLUSOM-PR";"ALVO_VALIDADO";"75.3";"77.57";"0.07000128915817971";"0.07";""
"MLB7381674860";"VTK017980";"Controle Remoto Fks Cr961 02 Botões Fiat";"EVOLUSOM-PR";"ECONOMIA_INCONCLUSIVA";"115.26";"115.26";"";"0.07";"INCONCLUSIVO_FONTE_ML_INDISPONIVEL | FRETE_INDISPONIVEL"
"MLB7381674662";"VTK019466";"Cabo De Descida Proeletronic Para Celular Fixo Rgc58 10 Metros Caco-0190";"EVOLUSOM-PR";"ALVO_VALIDADO";"66.46";"70.36";"0.07006822057987493";"0.07";""
"MLB7381674436";"VTK018378";"Caixa Rlp Vazia Para Moto Emborrachada 2 10"" + 2tw + 2driver";"EVOLUSOM-PR";"ALVO_VALIDADO";"201.61";"201.61";"0.18019939487128614";"0.1";""
"MLB7381673590";"VTK000787";"Multímetro Analógico Hikari HM-202A";"EVOLUSOM-PR";"ALVO_VALIDADO";"137.47";"137.47";"0.09500254601003856";"0.07";""
"MLB7381672458";"VTK019181";"Cabo Automotivo Pompeia 2.50mm Reduzido - Preto";"EVOLUSOM-PR";"ALVO_VALIDADO";"399";"399";"0.1069172932330827";"0.1";""
"MLB7381672436";"VTK018149";"Sinalizador Veicular Gcp Ss 1000";"EVOLUSOM-PR";"ALVO_VALIDADO";"160.19";"160.19";"0.2374680067419939";"0.07";""
"MLB7381672068";"VTK017899";"Conector Para Cd Nissan Kicks";"EVOLUSOM-PR";"ALVO_VALIDADO";"43.97";"45.69";"0.07003720726636026";"0.07";""
"MLB7381671776";"VTK019629";"Fonte Chaveada Mxt Para Cftv 12v/1a";"EVOLUSOM-PR";"ALVO_VALIDADO";"38.11";"38.96";"0.07007186858316222";"0.07";""
"MLB7381671414";"VTK017159";"Bucha Para Alto Falante Original Permak Palio 237/c";"EVOLUSOM-PR";"ALVO_VALIDADO";"40.7";"41.57";"0.07000240558094781";"0.07";""
"MLB7381670832";"VTK025644";"10 Pilhas Moeda Lítio Elgin CR2032 3V Kit";"BKR1";"ALVO_VALIDADO";"57.47";"57.47";"0.31512093266051855";"0.07";""
"MLB7381670494";"VTK017534";"Reparo Jbl Selenium Rpd250-x Para Driver D250-x";"EVOLUSOM-PR";"ALVO_VALIDADO";"143.21";"143.21";"0.2733747643320997";"0.07";""
"MLB7381670348";"VTK025643";"10 Pilhas Moeda Lítio Elgin CR2025 3V Kit";"BKR1";"ALVO_VALIDADO";"54.8";"54.8";"0.33211678832116787";"0.07";""
"MLB7381670118";"VTK025759";"35 Pilhas Moeda Lítio Elgin CR2032 3V Kit";"BKR1";"ALVO_VALIDADO";"99.44";"99.44";"0.1682421560740145";"0.07";""
"MLB7381670110";"VTK004137";"Arandela 6"" FRAHM 50W Quadrada 6CX Preta";"EVOLUSOM-PR";"ALVO_VALIDADO";"247";"254.05";"0.10001968116512497";"0.1";""
"MLB7381288892";"VTK012101";"Pilha Alcalina Max Aa Cart 2 Sm-96 Energizer";"BKR1";"ALVO_VALIDADO";"30";"31.12";"0.07005141388174807";"0.07";""
"MLB7381276976";"VTK000464";"Pilha Alcalina 12v MN21/A23 (C/2 Pilhas) Duracell";"BKR1";"ALVO_VALIDADO";"67.99";"69.92";"0.07008009153318079";"0.07";""
"MLB7381240938";"VTK025359";"2 Jogos de Corda P/Violão Nylon Canário Giannini";"EVOLUSOM-PR";"ALVO_VALIDADO";"83.5";"83.5";"0.20658682634730538";"0.07";""
"MLB7381240874";"VTK016247";"96 Pilhas Alcalinas Premium AA Panasonic (24 Cartelas C/4 Un)";"BKR1";"ALVO_VALIDADO";"503.08";"529.53";"0.10001321926991862";"0.1";""
"MLB7381240798";"VTK012511";"Encordoamento P/violão Aço Earthwood Extra Leve Phosphor Bronze Ernie Ball 010""-050"" P02150";"BKR1";"ALVO_VALIDADO";"128.98";"130.47";"0.07005441864030046";"0.07";""
"MLB7381240592";"VTK017983";"Switch 08 Portas Intelbras Sf802af 10/100 Mbps Poe Ativo";"EVOLUSOM-PR";"ALVO_VALIDADO";"1178";"1408.3";"0.15000355037989066";"0.15";""
"MLB7381240568";"VTK018565";"Roteador Wi-fi Tp-link Hx510 Ax3000";"EVOLUSOM-PR";"ALVO_VALIDADO";"699";"752.28";"0.10000265858456958";"0.1";""
"MLB7381240556";"VTK000980";"Gabinete Gamer Fortrek Crystal Mid Tower Preto";"INCONCLUSIVO";"ECONOMIA_INCONCLUSIVA";"219";"219";"";"0.1";"CUSTO_INDISPONIVEL"
"MLB7381240518";"VTK017391";"Grampo Vonder 16mm Para Pinador Elétrico Com 1000 Grampos";"EVOLUSOM-PR";"ALVO_VALIDADO";"46.74";"46.74";"0.10269576379974325";"0.07";""
"MLB7381240474";"VTK018568";"Amplificador Digital Stetsom Vulcan 3000 1 Canal 2 Ohms";"EVOLUSOM-PR";"ALVO_VALIDADO";"1011";"1111.55";"0.15000674733480276";"0.15";""
"MLB7381240378";"VTK017853";"Cartela Super Cola Instantânea Western 3g 12 Unidade";"EVOLUSOM-PR";"ALVO_VALIDADO";"40.24";"40.25";"0.07006211180124224";"0.07";""
"MLB7381240362";"VTK025258";"2 Jogos de Cordas 012 Light Violão Aço Nanoweb Elixir";"BKR1";"ALVO_VALIDADO";"596.08";"626.42";"0.10001277098432362";"0.1";""
"MLB7381240328";"VTK016074";"24 Pilhas Alcalinas Premium AAA Panasonic (12 Cartelas C/2 Un)";"BKR1";"ALVO_VALIDADO";"194.6";"194.6";"0.21408016443987665";"0.07";""
"MLB7381239954";"VTK017377";"Mouse Gamer Evus Mo-07";"EVOLUSOM-PR";"ALVO_VALIDADO";"63.35";"67.97";"0.07003089598352213";"0.07";""
"MLB7381239818";"VTK016184";"50 Baterias Cr2016 Panasonic (10 Cart)";"BKR1";"ALVO_VALIDADO";"275.22";"291.75";"0.10001713796058269";"0.1";""
"MLB7381239398";"VTK017717";"Cabo óptico Splitter Intelbras Xfs1320 Plc 1x32 Nc 4830017";"EVOLUSOM-PR";"ALVO_VALIDADO";"217";"220.26";"0.10001816035594299";"0.1";""
"MLB7381239262";"VTK013052";"Pilha Comum Aa (tubo Com 40 Unidades) Philips R6l40tf/59";"BKR1";"ALVO_VALIDADO";"74.27";"74.27";"0.2117948027467349";"0.07";""
"MLB7381238898";"VTK016029";"192 Pilhas Alcalinas AAA Panasonic (32 Cartelas C/6 Un)";"BKR1";"ALVO_VALIDADO";"891.12";"906.34";"0.10000662003221748";"0.1";""
"MLB7381238864";"VTK017218";"Guia Organizador Cabos Max Eletron 2ux19""";"EVOLUSOM-PR";"ALVO_VALIDADO";"67.08";"67.08";"0.07006559332140729";"0.07";""
"MLB5034826679";"VTK018667";"String Box Momberg 6e/3s 600vdc";"EVOLUSOM-PR";"ALVO_VALIDADO";"2789.72";"2824.24";"0.1500014163102286";"0.15";""
"MLB5034826531";"VTK018477";"String Box Proauto 4.2e/4.2s 1040vcc";"EVOLUSOM-PR";"ALVO_VALIDADO";"890";"890.8";"0.1";"0.1";""
"MLB5034826495";"VTK018176";"Reparo Jbl Selenium Rpd450ti Trio Para Driver D450ti Trio";"EVOLUSOM-PR";"ALVO_VALIDADO";"449";"466.66";"0.10000857155102215";"0.1";""
"MLB5034826019";"VTK018717";"Cabo Auto Plastic Pompéia 1,50 Mm 300v Rolo Com 100 Metros Vermelho";"EVOLUSOM-PR";"ALVO_VALIDADO";"317";"317";"0.10069400630914827";"0.1";""
"MLB5034825983";"VTK018913";"Caixa Rlp Vazia Para Carro Emborrachada 2 12""+ 2tw + 2dr + 2 Duto";"EVOLUSOM-PR";"ALVO_VALIDADO";"470";"470";"0.18368085106382978";"0.1";""
"MLB5034825759";"VTK018770";"Parafuso Para Alto Falante Do Gol 4 X 10 Mm - 144 Cento - PC / 5";"EVOLUSOM-PR";"ALVO_VALIDADO";"167.54";"167.54";"0.23892801718992482";"0.07";""
"MLB5034825645";"VTK019017";"Calha Com 2 Tomadas 2p+t / 2 Colares Rj-45 Lan Rack 51610";"EVOLUSOM-PR";"ALVO_VALIDADO";"158.05";"158.05";"0.2459348307497627";"0.07";""
"MLB5034825123";"VTK017766";"Shock Reparo Driver Parcial D-300/ D-305 Selenium S/ Aneis";"EVOLUSOM-PR";"ALVO_VALIDADO";"60";"63.28";"0.0700063211125158";"0.07";""
"MLB5034824745";"VTK018310";"Controle Remoto Fks Cr955 G3 Digital 433mhz";"EVOLUSOM-PR";"ALVO_VALIDADO";"55.29";"57.38";"0.07005925409550365";"0.07";""
"MLB5034789021";"VTK018704";"Cabo Extensão De Antena Permak 2,00 Metros - PC / 2";"EVOLUSOM-PR";"ALVO_VALIDADO";"56.65";"58.47";"0.07012142979305626";"0.07";""
"MLB5034788795";"VTK018600";"Kit Placa Dvr Seykon Pci Sk-9808 8 Canais Real Time";"EVOLUSOM-PR";"ALVO_VALIDADO";"377";"384.09";"0.10000260355645813";"0.1";""
"MLB5034788621";"VTK018713";"Kit Placa Dvr Seykon Pci Sk-8416 16 Canais";"EVOLUSOM-PR";"ALVO_VALIDADO";"270";"286.68";"0.10000697641970141";"0.1";""
"MLB5034787395";"VTK017631";"Controle Remoto Fks Cr941 Digital 433mhz";"EVOLUSOM-PR";"ECONOMIA_INCONCLUSIVA";"93.46";"93.46";"";"0.07";"INCONCLUSIVO_FONTE_ML_INDISPONIVEL | FRETE_INDISPONIVEL"
"MLB5034787225";"VTK017778";"Sirene Dedicada Positron Para Alarme Si-700";"EVOLUSOM-PR";"ALVO_VALIDADO";"41.7";"42.6";"0.07018779342723006";"0.07";""
"MLB5034771539";"VTK017217";"Big Haste 28x28 1,20m Completa Gancho E Castanha";"EVOLUSOM-PR";"ALVO_VALIDADO";"97";"97";"0.2949484536082474";"0.07";""
"MLB5034771531";"VTK019028";"Cabo Auto Plastic Pompéia 2,50 Mm 300v Rolo Com 100 Metros Amarelo";"EVOLUSOM-PR";"ALVO_VALIDADO";"451";"451";"0.1739911308203991";"0.1";""
"MLB5034771305";"VTK025406";"Kit 2 Alto-Falantes  700w 12 Pol 8 Ohms 12LF1410B8 ATK";"BKR1";"ALVO_VALIDADO";"1823.11";"1887.09";"0.15000344445680916";"0.15";""
"MLB5034771253";"VTK018985";"String Box Proauto 2e/2s 1040vcc";"EVOLUSOM-PR";"ALVO_VALIDADO";"699";"738.14";"0.10000812853930148";"0.1";""
"MLB5034771127";"VTK018895";"D.i.o Seccon Para Painel Até 24fo 19"" Preto";"EVOLUSOM-PR";"ALVO_VALIDADO";"480.53";"480.53";"0.10929598568247562";"0.1";""
"MLB5034770067";"VTK017216";"Big Haste 28x28 1,00m Completa Gancho E Castanha";"EVOLUSOM-PR";"ALVO_VALIDADO";"64.63";"65.03";"0.07012148239274181";"0.07";""
"MLB5034769815";"VTK017871";"Microfone Ipec Profissional Para Cftv";"EVOLUSOM-PR";"ALVO_VALIDADO";"55.77";"55.77";"0.07172314864622556";"0.07";""
"MLB5034767251";"VTK025779";"40 Pilhas Moeda Lítio Elgin CR2025 3V Kit";"BKR1";"ALVO_VALIDADO";"98.28";"98.28";"0.17063492063492064";"0.07";""
"MLB5034767035";"VTK025758";"35 Pilhas Moeda Lítio Elgin CR2025 3V Kit";"BKR1";"ALVO_VALIDADO";"91.22";"91.22";"0.18636263977197984";"0.07";""
"MLB5034766977";"VTK025713";"20 Pilhas Moeda Lítio Elgin CR2016 3V Kit";"BKR1";"ALVO_VALIDADO";"88.21";"88.21";"0.19385557193062014";"0.07";""
"MLB5034766769";"VTK025702";"20 Pilhas Moeda Lítio Elgin CR1220 3V Kit";"BKR1";"ALVO_VALIDADO";"82.65";"82.65";"0.20907441016333939";"0.07";""
"MLB5034766479";"VTK025678";"15 Pilhas Moeda Lítio Elgin CR2430 3V Kit";"BKR1";"ALVO_VALIDADO";"86.98";"86.98";"0.19705679466544032";"0.07";""
"MLB5034766433";"VTK025734";"25 Pilhas Moeda Lítio Elgin CR2025 3V Kit";"BKR1";"ALVO_VALIDADO";"77.84";"77.84";"0.22404933196300103";"0.07";""
"MLB5034766377";"VTK025680";"15 Pilhas Moeda Lítio Elgin CR2016 3V Kit";"BKR1";"ALVO_VALIDADO";"75.49";"75.49";"0.23195125182143334";"0.07";""
"MLB5034766339";"VTK025715";"20 Pilhas Moeda Lítio Elgin CR2032 3V Kit";"BKR1";"ALVO_VALIDADO";"74.26";"74.26";"0.23646646916240233";"0.07";""
"MLB5034766337";"VTK025814";"50 Pilhas Moeda Lítio Elgin CR2016 3V Kit";"BKR1";"ALVO_VALIDADO";"166.31";"166.31";"0.08736696530575432";"0.07";""
"MLB5034766285";"VTK025805";"50 Pilhas Moeda Lítio Elgin CR1220 3V Kit";"BKR1";"ALVO_VALIDADO";"161.69";"161.69";"0.09091471334034262";"0.07";""
"MLB5034766179";"VTK025806";"50 Pilhas Moeda Lítio Elgin CR1616 3V Kit";"BKR1";"ALVO_VALIDADO";"152.31";"152.31";"0.09841770074190795";"0.07";""
"MLB5034766137";"VTK025714";"20 Pilhas Moeda Lítio Elgin CR2025 3V Kit";"BKR1";"ALVO_VALIDADO";"70.04";"70.04";"0.2527127355796687";"0.07";""
"MLB5034766005";"VTK025757";"35 Pilhas Moeda Lítio Elgin CR2016 3V Kit";"BKR1";"ALVO_VALIDADO";"135.2";"135.2";"0.11508875739644972";"0.07";""
"MLB5034765947";"VTK025642";"10 Pilhas Moeda Lítio Elgin CR2016 3V Kit";"BKR1";"ALVO_VALIDADO";"65";"65";"0.27476923076923077";"0.07";""
"MLB5034765901";"VTK025726";"200 Pilhas Moeda Lítio Elgin CR2032 3V Kit";"BKR1";"ALVO_VALIDADO";"418.06";"440.14";"0.1000136320261735";"0.1";""
"MLB5034765835";"VTK025751";"30 Pilhas Moeda Lítio Elgin CR2016 3V Kit";"BKR1";"ALVO_VALIDADO";"112.78";"112.78";"0.14452917183897854";"0.07";""
"MLB5034765833";"VTK025683";"150 Pilhas Moeda Lítio Elgin CR2032 3V Kit";"BKR1";"ALVO_VALIDADO";"320.31";"338.22";"0.100023653243451";"0.1";""
"MLB5034765767";"VTK018015";"Kit Adaptador Para Celular Proeletronic Pqkc-0335";"EVOLUSOM-PR";"ALVO_VALIDADO";"39.99";"39.99";"0.08927231807951987";"0.07";""
"MLB5034759581";"VTK017821";"Reparo Jbl Selenium Rpst302-x Para Super Tweeter St302-x";"EVOLUSOM-PR";"ALVO_VALIDADO";"101.89";"101.89";"0.13426243988615172";"0.07";""
"MLB5034732715";"VTK017577";"Fone De Ouvido Para Radio Comunicador Intelbras Hc20pt 4161020";"EVOLUSOM-PR";"ALVO_VALIDADO";"144.91";"144.91";"0.2727209992409082";"0.07";""
"MLB5034732711";"VTK023357";"Bateria Selada De Chumbo Elgin Vrla 12v 18ah";"EVOLUSOM-PR";"ALVO_VALIDADO";"290";"320.65";"0.10001559332605646";"0.1";""
"MLB5034732415";"VTK018751";"Chaveiro Presença Positron Dpn62 Para Duoblock Fx G6/ Cg150/ 125";"EVOLUSOM-PR";"ALVO_VALIDADO";"142.84";"142.84";"0.24355922710725286";"0.07";""
"MLB5034732297";"VTK019006";"Testador Smd Com Pinça Hikari Hm-10";"EVOLUSOM-PR";"ALVO_VALIDADO";"277";"281.09";"0.10000355757942296";"0.1";""
"MLB5034732287";"VTK018710";"Kit Adaptador Aquário Cf-265 Para Nokia 8265";"EVOLUSOM-PR";"ALVO_VALIDADO";"40.79";"41.54";"0.0700529610014444";"0.07";""
"MLB5034732279";"VTK003259";"Pilha Recarregável 1,2V AAA 950mAh Eneloop Pro (C/2 Pilhas) Panasonic - CAR / 2";"BKR1";"ALVO_VALIDADO";"141.98";"141.98";"0.27384138611071984";"0.07";""
"MLB5034731187";"VTK025795";"45 Pilhas Moeda Lítio Elgin CR2025 3V Kit";"BKR1";"ALVO_VALIDADO";"106.7";"106.7";"0.1545454545454545";"0.07";""
"MLB5034707131";"VTK018222";"Bucha Para Kit Do Alto Falante Gol Original Permak 237/a";"EVOLUSOM-PR";"ALVO_VALIDADO";"39.71";"40.4";"0.07004950495049506";"0.07";""
"MLB5034706983";"VTK017868";"Extensão Sort Pl 2x0.75mm² 3 Metros Cores Sortidas Ref.1513";"EVOLUSOM-PR";"ALVO_VALIDADO";"36.36";"37.83";"0.07005022468939995";"0.07";""
"MLB5034706875";"VTK017165";"Kit Adaptador Proeletronic Para Celular - Pqkc-0160";"EVOLUSOM-PR";"ALVO_VALIDADO";"34.86";"34.86";"0.07429718875502007";"0.07";""
"MLB5034706797";"VTK017872";"Reparo Jbl Rpst330 Para Super Tweeter St330 Poly T";"EVOLUSOM-PR";"ALVO_VALIDADO";"106.58";"106.58";"0.13783073747419777";"0.07";""
"MLB5034706661";"VTK019103";"Frente Falsa Max Eletron 1ux19";"EVOLUSOM-PR";"ALVO_VALIDADO";"87.58";"87.58";"0.3166248001826901";"0.07";""
"MLB5034706529";"VTK012037";"Pilha Alcalina Premium Panasonic Aa Pequena 02 Unidades Lr6egr/2b96";"BKR1";"ALVO_VALIDADO";"25.86";"27.56";"0.07002902757619739";"0.07";""
"MLB5034704431";"VTK012144";"Pilha Alcalina Aaa2 Elgin Cartela Com 02 Unidades";"BKR1";"ALVO_VALIDADO";"25.67";"25.67";"0.074016361511492";"0.07";""
"MLB5034096127";"VTK017224";"Fita Dupla Face Vonder Espuma 19mmx10,0m";"EVOLUSOM-PR";"ALVO_VALIDADO";"46.66";"46.67";"0.0700664238268695";"0.07";""
"MLB5034095097";"VTK012256";"Pilha Recarregável AAA 900mAh Elgin Blister com 4 Unidades";"BKR1";"ALVO_VALIDADO";"50";"52.12";"0.07003069838833462";"0.07";""
"MLB5034094891";"VTK025253";"2 Jogos de Cordas 010 Light Guitarra Nanoweb Elixir";"BKR1";"ALVO_VALIDADO";"421.75";"444.44";"0.10001350013500136";"0.1";""
"MLB5034094537";"VTK002836";"Pilha Zinco 1,5V D UM-1SH300 (C/20 Pilhas) Panasonic - BLI / 20";"BKR1";"ALVO_VALIDADO";"101";"108.27";"0.07001015978572088";"0.07";""
"MLB7391077794";"VTK017238";"Detector De Temperatura 12/ 24v Segurimax Contato Seco";"EVOLUSOM-PR";"ALVO_VALIDADO";"69";"74.39";"0.07003629520096787";"0.07";""
"MLB7391077710";"VTK025644";"10 Pilhas Moeda Lítio Elgin CR2032 3V Kit";"BKR1";"ALVO_VALIDADO";"57.47";"57.47";"0.31512093266051855";"0.07";""
"MLB7391077700";"VTK012680";"Correia Ny 01 Sint 100% Jesus Basso";"BKR1";"ALVO_VALIDADO";"56.71";"56.71";"0.07000529007229765";"0.07";""
"MLB7391077666";"VTK025734";"25 Pilhas Moeda Lítio Elgin CR2025 3V Kit";"BKR1";"ALVO_VALIDADO";"77.84";"77.84";"0.22404933196300103";"0.07";""
"MLB7391077632";"VTK003259";"Pilha Recarregável 1,2V AAA 950mAh Eneloop Pro (C/2 Pilhas) Panasonic - CAR / 2";"BKR1";"ALVO_VALIDADO";"141.98";"141.98";"0.27384138611071984";"0.07";""
"MLB7391077604";"VTK000787";"Multímetro Analógico Hikari HM-202A";"EVOLUSOM-PR";"ALVO_VALIDADO";"137.47";"137.47";"0.09500254601003856";"0.07";""
"MLB7391077510";"VTK012144";"Pilha Alcalina Aaa2 Elgin Cartela Com 02 Unidades";"BKR1";"ALVO_VALIDADO";"25.67";"25.67";"0.074016361511492";"0.07";""
"MLB7391077480";"VTK017212";"Cabo óptico Intelbras Plc 1x2 Nc Xfs 120 Com Divisor 4830013";"EVOLUSOM-PR";"ALVO_VALIDADO";"47.1";"47.64";"0.07010915197313182";"0.07";""
"MLB7391076906";"VTK013009";"Capa Violao Luxo - Nylon 600";"BKR1";"ALVO_VALIDADO";"159";"159";"0.08125786163522013";"0.07";""
"MLB7390923558";"VTK000672";"Ventilador de Teto Ventisol Wind 3 Pás Branco Bivolt";"BKR1";"ALVO_VALIDADO";"337.21";"356.2";"0.09999999999999999";"0.1";""
"MLB7390923508";"VTK017724";"Rotulador Portátil Eletrônica Brother Ptm95 Preto";"EVOLUSOM-PR";"ALVO_VALIDADO";"415";"431.64";"0.10001390047261607";"0.1";""
"MLB7390923456";"VTK000021";"Bateria Estacionária Selada 12V 12Ah VRLA UP12120 Unipower";"EVOLUSOM-PR";"ECONOMIA_INCONCLUSIVA";"279.27";"279.27";"";"0.1";"INCONCLUSIVO_FONTE_ML_INDISPONIVEL | FRETE_INDISPONIVEL"
"MLB7390923400";"VTK016221";"8 Baterias Alcalinas 9v Panasonic";"BKR1";"ALVO_VALIDADO";"179.04";"179.04";"0.0788650580875782";"0.07";""
"MLB7390923348";"VTK016030";"192 Pilhas Alcalinas AAA Panasonic (48 Cartelas C/4 Un)";"BKR1";"ALVO_VALIDADO";"846.15";"860.94";"0.1000069691267684";"0.1";""
"MLB7390923206";"VTK012984";"Palheta Stubby 2mm Pct C/6 474r2.0 Dunlop (1852)";"BKR1";"ALVO_VALIDADO";"76.68";"76.68";"0.08568075117370892";"0.07";""
"MLB7390922484";"VTK023357";"Bateria Selada De Chumbo Elgin Vrla 12v 18ah";"EVOLUSOM-PR";"ALVO_VALIDADO";"290";"320.65";"0.10001559332605646";"0.1";""
"MLB7390922480";"VTK001186";"Antena Para Celular Fullband PQAG5015LTE Proeletronic";"EVOLUSOM-PR";"ALVO_VALIDADO";"159.68";"159.68";"0.09243486973947895";"0.07";""
"MLB7401437226";"VTK001450";"Encordoamento Para Cavaco Aço Leve Série Cobra Gescl Giannini";"BKR1";"ALVO_VALIDADO";"81.97";"81.97";"0.44321093082835183";"0.07";""
"MLB7401437172";"VTK000377";"Plug RCA Metal Com Parte Inferior Preto PGRC0023 Storm - PCT / 10";"BKR1";"ALVO_VALIDADO";"111.65";"111.65";"0.20626959247648902";"0.07";""
"MLB7401386206";"VTK002697";"Cabo Adaptador USB Tipo C Macho Para 3 X USB 3.0 Femea e 1 X RJ45 Femea ADAP 0055 Branca STORM";"EVOLUSOM-PR";"ALVO_VALIDADO";"179";"179.8";"0.0700222469410456";"0.07";""
"MLB7401385890";"VTK000022";"Encordoamento Para Guitarra .008 Super Leve Giannini GEEGST8";"BKR1";"ALVO_VALIDADO";"129.03";"129.03";"0.4030070526234209";"0.07";""
"MLB7400501212";"VTK012202";"Cabo Para Microfone Desbalanceado Xlr P10 5 Metros Mcd-05 Kng Wireconex";"BKR1";"ALVO_VALIDADO";"74.85";"74.85";"0.07000668002672011";"0.07";""
"MLB7400501166";"VTK012817";"Climatizador De Ar 80l 150w 127v Clin 80 Pro Ventisol";"BKR1";"ALVO_VALIDADO";"1399";"1596.93";"0.1500003131007621";"0.15";""
"MLB7400501086";"VTK025682";"15 Pilhas Moeda Lítio Elgin CR2032 3V Kit";"BKR1";"ALVO_VALIDADO";"65.86";"65.86";"0.270725781961737";"0.07";""
"MLB7400501048";"VTK001634";"Microfone Leson MC-200 Dinâmico Cardióide Prata";"BKR1";"ALVO_VALIDADO";"138.91";"151.42";"0.07000396248844275";"0.07";""
"MLB7400500962";"VTK012200";"Pilha Recarregável AA 2500mAh Elgin Blister com 4 Unidades";"BKR1";"ALVO_VALIDADO";"83.22";"83.23";"0.07004685810404902";"0.07";""
"MLB7400500890";"VTK005557";"Alto-falantes 4"" Leson JB Flex 110w (PAR)";"BKR1";"ALVO_VALIDADO";"115";"124.87";"0.07007287579082246";"0.07";""
"MLB7400500870";"VTK009840";"Guitarra Elétrica Sg De Madeira Maciça Thomaz Teg 340 Vinho";"VANRAL";"ALVO_VALIDADO";"1039";"1198.75";"0.15000625651720542";"0.15";""
"MLB7400500850";"VTK000244";"Antena Externa TV 4 em 1 VHF/UHF/FM/HDTV DTV-3000 Aquário";"EVOLUSOM-PR";"ALVO_VALIDADO";"194.68";"194.68";"0.09898294637353605";"0.07";""
"MLB5050065459";"VTK002792";"Detector Óptico de Fumaça 12V/24V SEGURIMAX";"EVOLUSOM-PR";"ALVO_VALIDADO";"99";"99";"0.1778787878787879";"0.07";""
"MLB5050065207";"VTK002550";"Pedestal Com Bandeja Multiuso BMU Preto ASK";"EVOLUSOM-PR";"ALVO_VALIDADO";"430.73";"430.73";"0.39635038190978106";"0.1";""
"MLB5050065065";"VTK000054";"Pasta Térmica Thermal Silver Seringa 5g Prata Implastec";"EVOLUSOM-PR";"ALVO_VALIDADO";"40.85";"40.85";"0.07001223990208078";"0.07";""
"MLB5048998421";"VTK000696";"Patch Cord Cat5E 10m Azul PlusCable";"EVOLUSOM-PR";"ALVO_VALIDADO";"42";"43.23";"0.07009021512838307";"0.07";""
"MLB5048998323";"VTK009837";"Guitarra Elétrica Sg De Madeira Maciça Thomaz Teg 340 Azul";"VANRAL";"ALVO_VALIDADO";"1061.37";"1198.75";"0.15000625651720542";"0.15";""
"MLB5048998307";"VTK000585";"Antena Externa Log Para TV LU-30 Aquário";"EVOLUSOM-PR";"ECONOMIA_INCONCLUSIVA";"110.13";"110.13";"";"0.07";"INCONCLUSIVO_FONTE_ML_INDISPONIVEL | FRETE_INDISPONIVEL"
"MLB5048998289";"VTK019629";"Fonte Chaveada Mxt Para Cftv 12v/1a";"EVOLUSOM-PR";"ALVO_VALIDADO";"38.11";"38.96";"0.07007186858316222";"0.07";""
"MLB5048998203";"VTK004716";"Antena Externa Log Para TV LU-20 Aquário";"EVOLUSOM-PR";"ECONOMIA_INCONCLUSIVA";"102.44";"102.44";"";"0.07";"INCONCLUSIVO_FONTE_ML_INDISPONIVEL | FRETE_INDISPONIVEL"
"MLB5048998199";"VTK018090";"Ponta Fenda Para Ferro De Solda Hikari Hk Plus Sc-40 Com 4 Peças";"EVOLUSOM-PR";"ALVO_VALIDADO";"76.9";"76.9";"0.22899869960988295";"0.07";""
"MLB4971945451";"VTK021396";"Autotransformador Blindado Indusat 500va Tripolar";"EVOLUSOM-PR";"ALVO_VALIDADO";"123";"130.51";"0.07003294766684547";"0.07";""
"MLB4961725223";"VTK021396";"Autotransformador Blindado Indusat 500va Tripolar";"EVOLUSOM-PR";"ALVO_VALIDADO";"123";"130.51";"0.07003294766684547";"0.07";""
"MLB7432766896";"VTK004630";"Violino Scarlett SCV F144 4/4 Natural";"BKR1";"ALVO_VALIDADO";"692";"711.72";"0.10001124037542855";"0.1";""
"MLB7432766370";"VTK012842";"Painel Speakon 8 Polos Wp08 Spk Ep Wireconex";"BKR1";"ALVO_VALIDADO";"94.21";"94.21";"0.30039273962424373";"0.07";""
"MLB7432633862";"VTK004693";"Violino Scarlett SCV F44 Flamed Maple 4/4 Natural";"BKR1";"ALVO_VALIDADO";"823";"823";"0.10760631834750911";"0.1";""
"MLB7432633540";"VTK026035";"Espaleira Scarlett Plastico 4/4 E 3/4 Ajustavel Preta";"BKR1";"ALVO_VALIDADO";"189.9";"189.9";"0.509478672985782";"0.07";""
"MLB7432633436";"VTK026028";"Prolongador Para Sub Prs-130 Saty";"BKR1";"ALVO_VALIDADO";"230";"230";"0.10200000000000001";"0.1";""
"MLB7432632852";"VTK000039";"Encordoamento Para Contrabaixo 5 Cordas .040 Extra Leve SG";"BKR1";"ALVO_VALIDADO";"159.83";"159.83";"0.07914659325533378";"0.07";""
"MLB7432625460";"VTK021108";"Telefone Headset Intelbras Hsb-50 Para Telemarketing Com Fio 4013330";"EVOLUSOM-PR";"ALVO_VALIDADO";"210";"210";"0.11599999999999999";"0.1";""
"MLB7432625408";"VTK012839";"Cabo De Extensão Power Play P10 5 Metros Phbe-5 Wireconex";"BKR1";"ALVO_VALIDADO";"127.79";"127.8";"0.07003129890453834";"0.07";""
"MLB7432502048";"VTK017933";"Botão De Pânico Ipec Nf";"EVOLUSOM-PR";"ALVO_VALIDADO";"39.27";"39.28";"0.070010183299389";"0.07";""
"MLB7432501874";"VTK017508";"Jogo De Potes Tramontina Mixcolor 02 Peças 2l Vermelho";"EVOLUSOM-PR";"ALVO_VALIDADO";"159.9";"159.9";"0.48918073796122574";"0.07";""
"MLB7432492832";"VTK026047";"Mouse Logitech Silent M110 Usb Cinza";"EVOLUSOM-PR";"ALVO_VALIDADO";"79.27";"79.28";"0.0700050454086781";"0.07";""
"MLB7432492782";"VTK017504";"Jogo De Potes Tramontina Mixcolor 03 Peças 300ml Preto";"EVOLUSOM-PR";"ALVO_VALIDADO";"99.9";"99.9";"0.5083083083083083";"0.07";""
"MLB7432450528";"VTK026043";"Abraçadeira De Nylon Mxt 4,8x40cm 100 Unidades Preta";"EVOLUSOM-PR";"ALVO_VALIDADO";"27.24";"27.73";"0.0703209520375045";"0.07";""
"MLB7432450504";"VTK017507";"Jogo De Potes Tramontina Mixcolor 03 Peças 600ml Vermelho";"EVOLUSOM-PR";"ALVO_VALIDADO";"119.9";"119.9";"0.4873227689741451";"0.07";""
"MLB7432445588";"VTK026046";"Umidificador Ventisol Branco Uv-04 4,0 Litros Bivolt";"EVOLUSOM-PR";"ALVO_VALIDADO";"165.36";"165.36";"0.0881107885824867";"0.07";""
"MLB5075857471";"VTK018435";"Golden Waffle 2 Britânia 220v";"EVOLUSOM-PR";"ALVO_VALIDADO";"213";"226.75";"0.10002205071664828";"0.1";""
"MLB5075857033";"VTK026029";"Suporte Microfone Girafa Gm-10 Saty";"BKR1";"ALVO_VALIDADO";"140.7";"140.7";"0.07007818052594172";"0.07";""
"MLB5075856301";"VTK026013";"Suporte Para Celular Sc-01 Saty";"BKR1";"ALVO_VALIDADO";"199";"199";"0.14381909547738694";"0.07";""
"MLB5075856243";"VTK026001";"Encordoamento Guitarra Elétrica 010 Aço Níquel Sx";"BKR1";"ALVO_VALIDADO";"29.54";"29.85";"0.07001675041876046";"0.07";""
"MLB5075703275";"VTK017562";"Carregador Veicular Elgin Usb 12v - 2 Saídas";"EVOLUSOM-PR";"ALVO_VALIDADO";"119.9";"119.9";"0.4881567973311092";"0.07";""
"MLB5075703185";"VTK019632";"Fonte Chaveada Para Cftv 9v 1a";"EVOLUSOM-PR";"ALVO_VALIDADO";"99.9";"99.9";"0.5123123123123123";"0.07";""
"MLB5075703147";"VTK017505";"Jogo De Potes Tramontina Mixcolor 03 Peças 300ml Vermelho";"EVOLUSOM-PR";"ALVO_VALIDADO";"99.9";"99.9";"0.5083083083083083";"0.07";""
"MLB5075703121";"VTK013007";"Kit 10 Conectores P10 Stereo Metal Com Mola Wc 244 Wireconex";"BKR1";"ALVO_VALIDADO";"124.7";"124.7";"0.16848436246992785";"0.07";""
"MLB5075703099";"VTK013008";"Conector P10 Mono Preto Wc153 10 Un Wireconex";"BKR1";"ALVO_VALIDADO";"82.77";"83.61";"0.07008731013036719";"0.07";""
"MLB5075698225";"VTK017506";"Jogo De Potes Tramontina Mixcolor 03 Peças 600ml Preto";"EVOLUSOM-PR";"ALVO_VALIDADO";"119.9";"119.9";"0.49316096747289406";"0.07";""
"MLB5075665407";"VTK026045";"Fone Headset C3 Tech Ph-380bk Usb";"EVOLUSOM-PR";"ALVO_VALIDADO";"110.68";"116.78";"0.07004624079465661";"0.07";""
"MLB7437026476";"VTK025701";"2 Baterias Zinco 9v Elgin";"BKR1";"ALVO_VALIDADO";"56.43";"56.43";"0.32146021619705833";"0.07";""
"MLB7437026456";"VTK001450";"Encordoamento Para Cavaco Aço Leve Série Cobra Gescl Giannini";"BKR1";"ALVO_VALIDADO";"81.97";"81.97";"0.44321093082835183";"0.07";""
"MLB7437026332";"VTK012159";"Abracadeira Nylon Pa66 Med Branco 3.6x150 P20 - 20 Unidades";"BKR1";"ALVO_VALIDADO";"22";"25.39";"0.07010634107916502";"0.07";""
"MLB7437026312";"VTK012732";"Cabo P10 Prowire Tweed Preto/lilás 6,10m Wireconex";"BKR1";"ALVO_VALIDADO";"104";"106.91";"0.07005892807033955";"0.07";""
"MLB7437026280";"VTK012555";"Alto-falante 1300w 12 Pol 2 Ohms Wf3004600b2 Atk";"BKR1";"ALVO_VALIDADO";"1770";"2018.23";"0.1500027251601651";"0.15";""
"MLB7437026210";"VTK000054";"Pasta Térmica Thermal Silver Seringa 5g Prata Implastec";"EVOLUSOM-PR";"ALVO_VALIDADO";"40.85";"40.85";"0.07001223990208078";"0.07";""
"MLB7437025648";"VTK001957";"Encordoamento Para Guitarra .010-.046 NYXL NYXL1046 D Addario";"BKR1";"ALVO_VALIDADO";"144.38";"144.38";"0.0922565452278709";"0.07";""
"MLB5079124789";"VTK012068";"5 Baterias Cr2430 Elgin";"BKR1";"ALVO_VALIDADO";"38.96";"38.96";"0.07007186858316222";"0.07";""
"MLB5079124731";"VTK012120";"Conector Xlr Macho Wc 1033 10 Unidades Painel Wireconex";"BKR1";"ALVO_VALIDADO";"114.45";"114.45";"0.12179991262560069";"0.07";""
"MLB5079124691";"VTK012396";"Abracadeira Nylon Pa66 Grd Branc 4.8x300 P10 - 10 Unidades";"BKR1";"ALVO_VALIDADO";"25";"25.24";"0.07012678288431062";"0.07";""
"MLB5079124601";"VTK012104";"Adaptador P2 Trs Fêmea P10 Trs Metal Storm";"BKR1";"ALVO_VALIDADO";"21.98";"21.98";"0.07006369426751592";"0.07";""
"MLB5109039701";"VTK016231";"8 Pilhas Alcalinas Premium Aaa Panasonic (2 Cart)";"BKR1";"ALVO_VALIDADO";"61.84";"61.84";"0.15782664941785252";"0.07";""
"MLB5109038839";"VTK001806";"Contrabaixo Yamaha TRBX174 Passivo 4 Cordas Old Violin Sunburst";"VANRAL";"ALVO_VALIDADO";"2290";"2621.38";"0.1500011444353737";"0.15";""
"MLB5109038099";"VTK025637";"10 Baterias Alcalinas A27 Elgin (2  Cart)";"EVOLUSOM-PR";"ALVO_VALIDADO";"72.17";"72.17";"0.24428432866842176";"0.07";""
"MLB5109038021";"VTK001719";"Arandela 6"" JBL 6CO1Q 25W Quadrada Branca - PAR / 2";"EVOLUSOM-PR";"ALVO_VALIDADO";"572.64";"607.28";"0.10000329337373205";"0.1";""
"MLB5109037741";"VTK003659";"Encordoamento Para Violão Nylon Média com Bolinha São Gonçalo";"BKR1";"ALVO_VALIDADO";"37";"37.42";"0.07001603420630678";"0.07";""
"MLB5109036709";"VTK017837";"Ponta Fenda Para Ferro De Solda Hikari Hk Plus Sc-60 Com 4 Peças";"EVOLUSOM-PR";"ALVO_VALIDADO";"90.19";"90.19";"0.13349595298813616";"0.07";""
"MLB5108989417";"VTK018448";"Bandeja Móvel Max Eletron 19 1u X 600mm Ventilada 4 Pontos";"EVOLUSOM-PR";"ALVO_VALIDADO";"227.89";"227.89";"0.20817060862696915";"0.1";""
"MLB5108989351";"VTK025636";"10 Baterias Alcalinas A23 (2 Cart)";"BKR1";"ALVO_VALIDADO";"79.68";"79.68";"0.2006777108433735";"0.07";""
"MLB5108988945";"VTK009908";"Guitarra Elétrica Kids Teg 30 Preto Thomaz";"VANRAL";"ALVO_VALIDADO";"591.78";"648.02";"0.10001234529798464";"0.1";""
"MLB5108987865";"VTK025256";"2 Jogos de Cordas 011 Medium Guitarra Nanoweb Elixir";"BKR1";"ALVO_VALIDADO";"389.48";"411.27";"0.1000072944780801";"0.1";""
"MLB5112642681";"VTK012761";"Caixa De Som R1700bt Preta Edifier";"BKR1";"ALVO_VALIDADO";"1770";"1984.79";"0.15000075574745944";"0.15";""
"MLB5112606079";"VTK000464";"Pilha Alcalina 12v MN21/A23 (C/2 Pilhas) Duracell";"BKR1";"ALVO_VALIDADO";"67.99";"69.92";"0.07008009153318079";"0.07";""
"MLB7331797046";"VTK017258";"Cabo Optico Splitter Evus Opf-plc1x16-sc/upc Plc 1x16 1m G657a1";"EVOLUSOM-PR";"ALVO_VALIDADO";"68.74";"68.74";"0.09368635437881875";"0.07";""
"MLB7381755654";"VTK019019";"Corzus Ftd 80 Hi-tech Conversor Ac/dc 80a 13,8v Fonte Digital";"EVOLUSOM-PR";"ALVO_VALIDADO";"1290";"1483.12";"0.15000134850854954";"0.15";""
"MLB7492666754";"VTK000022";"Encordoamento Para Guitarra .008 Super Leve Giannini GEEGST8";"BKR1";"ALVO_VALIDADO";"129.03";"129.03";"0.4030070526234209";"0.07";""
"MLB7492666254";"VTK012435";"Caixa De Som R1700bt Madeira Edifier";"BKR1";"ALVO_VALIDADO";"1770";"1984.79";"0.15000075574745944";"0.15";""
"MLB7492666108";"VTK009909";"Guitarra Elétrica Kids Teg 30 Rosa Thomaz";"VANRAL";"ALVO_VALIDADO";"589.2";"627.48";"0.10000318735258494";"0.1";""
"MLB7501736578";"VTK000795";"Mangueira Látex 13 Metros KM215CV Verde Kepper";"EVOLUSOM-PR";"ALVO_VALIDADO";"142.83";"142.83";"0.08737660155429532";"0.07";""
"MLB5124077185";"VTK017562";"Carregador Veicular Elgin Usb 12v - 2 Saídas";"EVOLUSOM-PR";"ALVO_VALIDADO";"119.9";"119.9";"0.4881567973311092";"0.07";""
"MLB7510665990";"VTK001026";"Antena Externa TV 2 em 1 UHF/HD Com Cabo FULL HD DTV1500 Aquário";"EVOLUSOM-PR";"ECONOMIA_INCONCLUSIVA";"140.96";"140.96";"";"0.07";"INCONCLUSIVO_FONTE_ML_INDISPONIVEL | FRETE_INDISPONIVEL"
"MLB5131491783";"VTK001696";"Ferro de Solda 21K017 65W 220V Hikari";"EVOLUSOM-PR";"ALVO_VALIDADO";"121";"125";"0.07";"0.07";""
"MLB5131491715";"VTK012583";"Plug Rca Femea Nickel Preto 10 Un Wireconex";"BKR1";"ALVO_VALIDADO";"78.9";"94.62";"0.07006975269499048";"0.07";""
"MLB7524753486";"VTK004830";"Chave Gangorra Com Led 4 Terminais Vermelha KCD2 Storm - PCT / 10";"BKR1";"ALVO_VALIDADO";"44.71";"44.73";"0.07019897160742232";"0.07";""
"MLB7531514934";"VTK012484";"Caixa De Som R1000t4 Madeira Edifier";"BKR1";"ALVO_VALIDADO";"1036.3";"1160.3";"0.15000430923037147";"0.15";""
"MLB7529393556";"VTK019526";"Módulo Para Porteiro Residencial Intelbras Ipr 8000n Módulo Interno";"EVOLUSOM-PR";"ALVO_VALIDADO";"206.82";"206.82";"0.1992553911613964";"0.1";""
"MLB5148294775";"VTK017843";"Telefone Sem Fio Intelbras Ts5122 Digital Com Ramal Adicional";"EVOLUSOM-PR";"ALVO_VALIDADO";"428";"440.28";"0.10000454256382303";"0.1";""
"MLB7550642124";"VTK018292";"Alto Falante Subwoofer Pioneer 12"" Ts-w3090br 600w Rms 2x4 Ohms Bobina Dupla";"EVOLUSOM-PR";"ALVO_VALIDADO";"663.7";"686.63";"0.1000101947191355";"0.1";""
"MLB7550641496";"VTK018106";"Módulo Viaweb Gprs Ip 2.3";"EVOLUSOM-PR";"ALVO_VALIDADO";"764.06";"777.39";"0.10000128635562587";"0.1";""
"MLB7550640480";"VTK019018";"Alto Falante Eros Neo E-515-neo-4 15"" 4r 500w Rms";"EVOLUSOM-PR";"ALVO_VALIDADO";"980.05";"1144.51";"0.15000305807725578";"0.15";""
"MLB7550639646";"VTK018830";"Cabo De Bateria Technoise 70,00mm² Vermelho - Rolo Com 10m";"EVOLUSOM-PR";"ALVO_VALIDADO";"1061.96";"1240.55";"0.15000604570553383";"0.15";""
"MLB5157060519";"VTK022568";"Caixa Vazia 2 Alto-falantes 12"" + 4 Cornetas + 2 Tweeter Dutada";"EVOLUSOM-PR";"ALVO_VALIDADO";"337.68";"388.47";"0.10000772260406209";"0.1";""
"MLB5157056389";"VTK018639";"Kit Ventilador Universal Para Rack Piso Max Eletron Com 4 Coolers";"EVOLUSOM-PR";"ALVO_VALIDADO";"485.89";"589.39";"0.1000016966694379";"0.1";""
"MLB5157051383";"VTK019003";"Caixa Amplificada Multiuso Frahm Pw 600 App";"EVOLUSOM-PR";"ALVO_VALIDADO";"2170";"2301.93";"0.15000021720903764";"0.15";""
"MLB5156995367";"VTK018702";"Alto Falante Hinor Hpl 18"" 1000w Rms 8r Subwoofer";"EVOLUSOM-PR";"ALVO_VALIDADO";"929.55";"946.26";"0.10000422716800879";"0.1";""
"MLB5156993841";"VTK018857";"Alto Falante Selenium Jbl Original Pro 2206-h 12"" 8r 600w Rms Woofer";"EVOLUSOM-PR";"ALVO_VALIDADO";"1153.68";"1295.57";"0.15000347337465364";"0.15";""
"MLB5156958987";"VTK000216";"Ponteira Cônica Para Ferro de Solda 40W CP40S PLUS Hikari - PCT / 4";"EVOLUSOM-PR";"ALVO_VALIDADO";"85.45";"85.45";"0.2222352252779403";"0.07";""
"MLB5160664497";"VTK022568";"Caixa Vazia 2 Alto-falantes 12"" + 4 Cornetas + 2 Tweeter Dutada";"EVOLUSOM-PR";"ALVO_VALIDADO";"337.68";"388.47";"0.10000772260406209";"0.1";""
"MLB7087033170";"VTK000310";"Ventilador de Coluna Ventisol Turbo 6 40cm Preto 127v";"BKR1";"ALVO_VALIDADO";"264.15";"306.61";"0.1586380091973517";"0.1";""
"MLB7149374856";"VTK012279";"Alto-falante Profissional 150w 8 Pol 8 Ohms 8wf310b8 Atk";"BKR1";"ALVO_VALIDADO";"231";"259.98";"0.1000076928994538";"0.1";""
"MLB4857541269";"VTK012279";"Alto-falante Profissional 150w 8 Pol 8 Ohms 8wf310b8 Atk";"BKR1";"ALVO_VALIDADO";"231";"259.98";"0.1000076928994538";"0.1";""
"MLB5187692705";"VTK012302";"Palheta Bori Grl Picker 0,62 Mm (verde) R18-004 10un";"BKR1";"ALVO_VALIDADO";"30";"31.36";"0.0701530612244898";"0.07";""
"MLB7594388458";"VTK017481";"Cabo Rca Mxt Profissional Blindado 2 Rca + 2 Rca Azul 4mm - 05 Metros";"EVOLUSOM-PR";"ALVO_VALIDADO";"47.49";"47.49";"0.07012002526847758";"0.07";""
"MLB7594388436";"VTK026044";"Mouse Intelbras Msi50 Sem Fio Preto";"EVOLUSOM-PR";"ALVO_VALIDADO";"73.7";"75.79";"0.07006201345823987";"0.07";""
"MLB7594387528";"VTK018319";"Esmerilhadeira Angular Multilaser Fe048 700w 127v";"EVOLUSOM-PR";"ALVO_VALIDADO";"258.72";"258.72";"0.10582869511440939";"0.1";""
"MLB7594384288";"VTK017284";"Identificador De Fibra Ativa Evus Ev-430 10mw";"EVOLUSOM-PR";"ALVO_VALIDADO";"1291.84";"1295.29";"0.15000501818125672";"0.15";""
"MLB7593393876";"VTK000201";"Conversor HDMI x VGA Com Áudio Branco Storm";"BKR1";"ALVO_VALIDADO";"55.3";"55.3";"0.32875226039783";"0.07";""
"MLB7593393830";"VTK017386";"Patch Cord Furukawa Cat5e 2.5m Preto T568a 35104008";"EVOLUSOM-PR";"ALVO_VALIDADO";"43";"44.76";"0.07015192135835568";"0.07";""
"MLB5192503807";"VTK005849";"Esguicho Alumínio 30cm KE30A Azul Kepper";"EVOLUSOM-PR";"ALVO_VALIDADO";"76.28";"76.28";"0.22076560041950707";"0.07";""
"MLB5192491275";"VTK018417";"Capotraste De Alumínio Para Violão Mxt Mc-5001 Preto";"EVOLUSOM-PR";"ALVO_VALIDADO";"32.32";"32.32";"0.07023514851485149";"0.07";""
"MLB5192489345";"VTK026052";"Microfone Condensador De Mesa Mxt Mx-mc017 P2 Com Tripé";"EVOLUSOM-PR";"ALVO_VALIDADO";"93.92";"93.92";"0.07005962521294719";"0.07";""
"MLB5192489303";"VTK018404";"Calculadora De Mesa Truly 12 Dígitos - T882";"EVOLUSOM-PR";"ALVO_VALIDADO";"92.68";"92.68";"0.07002589555459646";"0.07";""
"MLB5192488569";"VTK017249";"Cabo óptico Splitter Intelbras Plc 1x2 Sc/ Upc Xfs121 4830028";"EVOLUSOM-PR";"ALVO_VALIDADO";"70.08";"70.08";"0.08718607305936074";"0.07";""
"MLB5192060243";"VTK005172";"Ponta de Prova Minipa MTL24";"EVOLUSOM-PR";"ALVO_VALIDADO";"329.9";"329.9";"0.5317975143983026";"0.1";""
"MLB5191246487";"VTK000876";"Suporte Para Notebook NBC-40BK C3Tech";"EVOLUSOM-PR";"ALVO_VALIDADO";"68";"72.85";"0.07000686341798215";"0.07";""
"MLB5191246449";"VTK017185";"Plug Santo Angelo P10 Ninja Estéreo Com Mola Níquel";"EVOLUSOM-PR";"ALVO_VALIDADO";"37.55";"37.55";"0.07003994673768309";"0.07";""
"MLB5191246423";"VTK012354";"Pilha Auditiva Rayovac E.adv Act Tam13 Cart 6 Sm-60";"BKR1";"ALVO_VALIDADO";"69.55";"69.55";"0.23623292595255213";"0.07";""
"MLB5191246395";"VTK012721";"Cabo P10 Prowire Tweed Dourado/verde 4,57m Wireconex";"BKR1";"ALVO_VALIDADO";"78.9";"87.34";"0.07007098694756125";"0.07";""
"MLB5191246357";"VTK002550";"Pedestal Com Bandeja Multiuso BMU Preto ASK";"EVOLUSOM-PR";"ALVO_VALIDADO";"430.73";"430.73";"0.39635038190978106";"0.1";""
"MLB5191246163";"VTK012471";"Palheta Bori Grl Trindade 1,50 Mm (vermelho) R24-040 10un";"BKR1";"ALVO_VALIDADO";"32";"32.71";"0.07000917150718435";"0.07";""
"MLB5191246127";"VTK012325";"Palheta Bori Grl S.t.d 0,67 Mm (vermelho) R23-012 10un";"BKR1";"ALVO_VALIDADO";"30";"31.36";"0.0701530612244898";"0.07";""
"MLB5191246097";"VTK012365";"Cabo Guitar Emborrachado Guiemc-03 03 Metros Wireconex";"BKR1";"ALVO_VALIDADO";"56.13";"56.13";"0.07001603420630678";"0.07";""
"MLB5191246013";"VTK018702";"Alto Falante Hinor Hpl 18"" 1000w Rms 8r Subwoofer";"EVOLUSOM-PR";"ALVO_VALIDADO";"929.55";"946.26";"0.10000422716800879";"0.1";""
"MLB7294124560";"VTK025364";"2 Jogos de Corda P/Violino Aluminio Médio GEAVVA Giannini";"EVOLUSOM-PR";"ALVO_VALIDADO";"130";"130";"0.171";"0.07";""
"MLB7597965046";"VTK017275";"Alicate Decapador Evus Ev-13 Para Cabo Drop";"EVOLUSOM-PR";"ALVO_VALIDADO";"98.73";"103.46";"0.07007539145563503";"0.07";""
"MLB7597964112";"VTK017211";"Suporte Para Microfone De Bateria/precussão Ask B10";"EVOLUSOM-PR";"ALVO_VALIDADO";"124.38";"124.38";"0.07002733558449913";"0.07";""
"MLB7597963436";"VTK017494";"Alto Falante 5"" Hurricane Triak 5 Triaxial 50w Rms 4r Par";"EVOLUSOM-PR";"ALVO_VALIDADO";"128.46";"128.46";"0.09030048264051066";"0.07";""
"MLB7597962202";"VTK017486";"Jogo De Talheres Tramontina Churrasco Com Cabos De Madeira Natural 12 Peças";"EVOLUSOM-PR";"ALVO_VALIDADO";"118.81";"119.84";"0.07001001335113485";"0.07";""
"MLB7597962110";"VTK017411";"Sensor De Estacionamento Roadstar Rs304br - Preto Fosco";"EVOLUSOM-PR";"ALVO_VALIDADO";"119.7";"119.7";"0.08003341687552214";"0.07";""
"MLB7597961954";"VTK017493";"Alto Falante 6"" Hurricane Class Cm 6 Quadriaxial 65w Rms 4r Par";"EVOLUSOM-PR";"ALVO_VALIDADO";"139.07";"139.07";"0.07003667217947797";"0.07";""
"MLB7597961822";"VTK017445";"Super Tweeter Jbl St200 Ghost 8r 100wrms Translúcido";"EVOLUSOM-PR";"ALVO_VALIDADO";"150.94";"150.94";"0.0700278256260766";"0.07";""
"MLB7597961284";"VTK017583";"Decapador Roletador Evus Ev-21 Para Tubo Loose 45/163";"EVOLUSOM-PR";"ALVO_VALIDADO";"150.39";"150.39";"0.17042356539663542";"0.07";""
"MLB7597960568";"VTK018011";"Liquidificador Agratto Forza Aliq02n-01 Leitoso 1,5l 850w Vermelho 127v";"EVOLUSOM-PR";"ALVO_VALIDADO";"158.99";"158.99";"0.07000440279262847";"0.07";""
"MLB7597960204";"VTK017387";"Jogo Para Churrasco Tramontina Dynamic Cabos De Madeira 12 Peças";"EVOLUSOM-PR";"ALVO_VALIDADO";"170.25";"170.82";"0.07001522070015222";"0.07";""
"MLB7597959948";"VTK023250";"Torradeira Oster Simple Life Otor600 Inox 220v";"EVOLUSOM-PR";"ALVO_VALIDADO";"191.59";"191.59";"0.07004540946813508";"0.07";""
"MLB7597959870";"VTK017489";"Faqueiro Tramontina Malibu Em Aço Inox 60 Peças";"EVOLUSOM-PR";"ALVO_VALIDADO";"198.9";"198.9";"0.07003519356460533";"0.07";""
"MLB7597959460";"VTK017419";"Modulo Potencia Stetsom Hl400.4 Iron High Line 2r Entrada Rca";"EVOLUSOM-PR";"ALVO_VALIDADO";"294.47";"294.47";"0.10001018779502155";"0.1";""
"MLB7597959264";"VTK017270";"Alicate Decapador Evus Ev-4 Longitudinal Ajustável";"EVOLUSOM-PR";"ALVO_VALIDADO";"327.16";"331.3";"0.1";"0.1";""
"MLB7597959176";"VTK017450";"Caixa De Som Aiwa Mini Speaker Aws-sp-03-b Bivolt - Preta";"EVOLUSOM-PR";"ALVO_VALIDADO";"352.1";"352.1";"0.09999999999999999";"0.1";""
"MLB7597958408";"VTK020551";"Alarme Positron Cyber Ex-360 012872000";"EVOLUSOM-PR";"ALVO_VALIDADO";"396.42";"398.88";"0.10000501403931007";"0.1";""
"MLB7597957448";"VTK017516";"Jogo De Panelas Tramontina Turim Alumínio Starflon Max 7 Peças Vermelho";"EVOLUSOM-PR";"ALVO_VALIDADO";"461.96";"461.96";"0.10000865875833406";"0.1";""
"MLB7597887990";"VTK017324";"Cabo Proeletronic Para Aplicação Cftv 4 Pares - Azul 305m";"EVOLUSOM-PR";"ALVO_VALIDADO";"353.35";"353.35";"0.10001415027593039";"0.1";""
"MLB7597887556";"VTK017488";"Kit Churrasco Tramontina Com Tábua E Cabos Em Madeira Natural 03 Peças";"EVOLUSOM-PR";"ALVO_VALIDADO";"141.24";"141.24";"0.07285471537807986";"0.07";""
"MLB7597887048";"VTK022996";"Cafeteira Elétrica Cadence Desperta Contrast 220v";"EVOLUSOM-PR";"ALVO_VALIDADO";"147.34";"147.34";"0.09379666078457988";"0.07";""
"MLB7597886544";"VTK003954";"Aparador de Pelos Agratto VIZZO AP-03 7 em 1 Preto Bivolt";"EVOLUSOM-PR";"ALVO_VALIDADO";"167.24";"167.24";"0.07001913417842622";"0.07";""
"MLB7597886400";"VTK023564";"Grill Elétrico Cadence Grl200 Click Inox 127v";"EVOLUSOM-PR";"ALVO_VALIDADO";"174.84";"174.84";"0.07000686341798215";"0.07";""
"MLB7597886322";"VTK004933";"Fone de Ouvido AKG K21 Preto";"EVOLUSOM-PR";"ALVO_VALIDADO";"180.39";"181.74";"0.07004511940134257";"0.07";""
"MLB7597886206";"VTK023249";"Torradeira Oster Simple Life Otor600 Inox 127v";"EVOLUSOM-PR";"ALVO_VALIDADO";"191.59";"191.59";"0.07004540946813508";"0.07";""
"MLB7597886124";"VTK018016";"Telefone Intelbras Tc60id Com Identicador Grafite";"EVOLUSOM-PR";"ALVO_VALIDADO";"219.65";"219.65";"0.10002276348736626";"0.1";""
"MLB7597885862";"VTK023146";"Omeleteira Britânia Bom02p Antiaderente Redstone 750w 127v";"EVOLUSOM-PR";"ALVO_VALIDADO";"256.33";"256.33";"0.1000273085475754";"0.1";""
"MLB7597885818";"VTK017164";"Fone De Ouvido Akg K-414p Mini Headphone";"EVOLUSOM-PR";"ALVO_VALIDADO";"287.44";"290.89";"0.10000343772560075";"0.1";""
"MLB7597885574";"VTK017287";"Ont Gpon D-link Dpn-1452d Ac1200 Dual Band Usb Fxs Gigabit";"EVOLUSOM-PR";"ALVO_VALIDADO";"352.1";"352.1";"0.09999999999999999";"0.1";""
"MLB7597885412";"VTK017429";"Auto Radio Aiwa Aws-ca-d-01 4x25w Bluetooth";"EVOLUSOM-PR";"ALVO_VALIDADO";"355.59";"355.59";"0.10000281222756546";"0.1";""
"MLB7597883738";"VTK017515";"Jogo De Panelas Tramontina Turim Alumínio Starflon Max 7 Peças Chumbo";"EVOLUSOM-PR";"ALVO_VALIDADO";"467.98";"467.98";"0.10000427368690969";"0.1";""
"MLB7597883674";"VTK017250";"Ont Wireless Intelbras 142n 300mbps Gpon Giga 4780031";"EVOLUSOM-PR";"ALVO_VALIDADO";"556.1";"556.1";"0.09999999999999999";"0.1";""
"MLB7597882660";"VTK017617";"Alicate Punch Down Sohoplus Com Base De Apoio";"EVOLUSOM-PR";"ALVO_VALIDADO";"430.53";"434.66";"0.10000920259513182";"0.1";""
"MLB7597833598";"VTK017683";"Controle Remoto Mxt 01281 Tv Led Lg (my Apps) Akb73615319";"EVOLUSOM-PR";"ALVO_VALIDADO";"38.68";"38.68";"0.09332988624612203";"0.07";""
"MLB7597833422";"VTK017628";"Multímetro Digital Tipo Alicate Mxt Ft266";"EVOLUSOM-PR";"ALVO_VALIDADO";"88.24";"88.24";"0.07003626473254759";"0.07";""
"MLB7597833288";"VTK022803";"Auto Radio Bluetooth Roadstar Rs2605br Es";"EVOLUSOM-PR";"ALVO_VALIDADO";"128.89";"130.61";"0.07005589158563662";"0.07";""
"MLB7597833132";"VTK017639";"Alto Falante 5"" Hurricane Aurum A5 T Triaxial 60w Rms 4r Par";"EVOLUSOM-PR";"ALVO_VALIDADO";"133.33";"133.33";"0.07005175129378234";"0.07";""
"MLB7597828218";"VTK017897";"Controle Remoto Mxt 01341 Ar Condicionado 6711a90032l Split Lg";"EVOLUSOM-PR";"ALVO_VALIDADO";"46.13";"46.13";"0.0700195100802081";"0.07";""
"MLB7597828162";"VTK017487";"Jogo Trinchante Tramontina Com Cabos De Madeira Natural 2 Peças";"EVOLUSOM-PR";"ALVO_VALIDADO";"76.02";"76.02";"0.07011312812417786";"0.07";""
"MLB7597770958";"VTK017839";"Fonte Chaveada 6v 2a P4 C+ 2.1 X 5.5 Mm";"EVOLUSOM-PR";"ALVO_VALIDADO";"49.18";"49.18";"0.1697844652297682";"0.07";""
"MLB7597767604";"VTK000815";"Pasta Térmica Ts-Extreme 1g Implastec";"EVOLUSOM-PR";"ALVO_VALIDADO";"83.73";"83.73";"0.07010629404036785";"0.07";""
"MLB7597767534";"VTK017289";"Bandeja P/ Rack Evus Ev-ftw450 450mm Preto Ventilada";"EVOLUSOM-PR";"ALVO_VALIDADO";"105.76";"108";"0.06999999999999999";"0.07";""
"MLB7597767474";"VTK017713";"Auto Rádio Permak Pk Light 20/i1 Usb/bt/fm/sd";"EVOLUSOM-PR";"ALVO_VALIDADO";"107.66";"107.66";"0.07003529630317668";"0.07";""
"MLB7597767286";"VTK017373";"Cassete Para Limpeza De Conector óptico Evus Ev-19";"EVOLUSOM-PR";"ALVO_VALIDADO";"269.24";"286.18";"0.10000698860856803";"0.1";""
"MLB7597745976";"VTK018538";"Sensor De Presença Multilaser Microondas Com Pet Immunity 90° De Cobertura Até 45kg Se414";"EVOLUSOM-PR";"ALVO_VALIDADO";"396.13";"397.66";"0.1000100588442388";"0.1";""
"MLB7597745904";"VTK018798";"Central Multimídia Roadstar Rs606br 7"" Mp6 Com Tv Digital";"EVOLUSOM-PR";"ALVO_VALIDADO";"888.99";"891.47";"0.10000336522821857";"0.1";""
"MLB7595130266";"VTK018523";"Alto Falante Bravox Coaxial Cx50bk 5"" 60 W Rms 4r Par";"EVOLUSOM-PR";"ALVO_VALIDADO";"286.47";"286.47";"0.10001047230076446";"0.1";""
"MLB5196174103";"VTK017427";"Gabinete Micro Atx K-mex Gm-10nx Com Fonte Px300 200w";"EVOLUSOM-PR";"ALVO_VALIDADO";"231.25";"231.25";"0.11385945945945945";"0.1";""
"MLB5196173383";"VTK017379";"Alarme Automotivo Positron Iam Px360bt Starter";"EVOLUSOM-PR";"ALVO_VALIDADO";"553.38";"553.38";"0.10000361415302325";"0.1";""
"MLB5196126715";"VTK017167";"Alto Falante Bravox Tr6 U 6"" 60w Rms 4r Universal Par";"EVOLUSOM-PR";"ALVO_VALIDADO";"170.47";"170.47";"0.09702586965448466";"0.07";""
"MLB5196125983";"VTK026224";"Cafeteira Elétrica Cadence Gran Italiana Caf120 Inox 1,5l 127v";"EVOLUSOM-PR";"ALVO_VALIDADO";"335.45";"335.45";"0.100014905351021";"0.1";""
"MLB5196125795";"VTK017431";"Caixa De Som Boombox Plus Aiwa Bbs-01b 200w Bluetooth";"EVOLUSOM-PR";"ALVO_VALIDADO";"2485.59";"2485.59";"0.15000060347844976";"0.15";""
"MLB5195696395";"VTK017457";"Alto Falante Triaxial Bravox Revolução Revo6 6"" 70w Rms Par";"EVOLUSOM-PR";"ALVO_VALIDADO";"166.84";"166.84";"0.07000719251977942";"0.07";""
"MLB5195695447";"VTK022995";"Cafeteira Elétrica Cadence Desperta Contrast 127v";"EVOLUSOM-PR";"ALVO_VALIDADO";"147.34";"147.34";"0.09379666078457988";"0.07";""
"MLB5195695039";"VTK023340";"Chaleira Elétrica Oster Inox 2l Ultra - 127v";"EVOLUSOM-PR";"ALVO_VALIDADO";"165.39";"166.12";"0.07000963159162052";"0.07";""
"MLB5195694953";"VTK023341";"Chaleira Elétrica Oster Inox 2l Ultra - 220v";"EVOLUSOM-PR";"ALVO_VALIDADO";"166.12";"166.12";"0.07000963159162052";"0.07";""
"MLB5195694387";"VTK022894";"Cafeteira Oster Inox Com Jarra De Vidro 1,2 Litros 127v";"EVOLUSOM-PR";"ALVO_VALIDADO";"226.96";"226.96";"0.10971096228410292";"0.1";""
"MLB5195694323";"VTK017547";"Telefone Sem Fio Intelbras Ts 2510 Id Preto 4122510";"EVOLUSOM-PR";"ALVO_VALIDADO";"233.05";"233.05";"0.10002145462347135";"0.1";""
"MLB5195694003";"VTK022967";"Liquidificador Oster Oliq610 1400w 127v";"EVOLUSOM-PR";"ALVO_VALIDADO";"299.69";"303.05";"0.1000164989275697";"0.1";""
"MLB5195693789";"VTK017452";"Caixa De Som Aiwa Mini Speaker Aws-sp-03-bl Bivolt - Azul";"EVOLUSOM-PR";"ALVO_VALIDADO";"352.1";"352.1";"0.09999999999999999";"0.1";""
"MLB5195692943";"VTK017425";"Tablet Multilaser Frozen Nb416 4gb Ram 64gb Tela 7"" Android 13 Quad Core + Case";"EVOLUSOM-PR";"ALVO_VALIDADO";"797.87";"797.87";"0.10000376001102937";"0.1";""
"MLB5195692165";"VTK017273";"Decapador Evus Ev-10 Para Cabo Optico";"EVOLUSOM-PR";"ALVO_VALIDADO";"436.74";"436.74";"0.143975820854513";"0.1";""
"MLB5195690151";"VTK017442";"Climatizador Cadence Compactar Cli530 8,4l Branco 127v";"EVOLUSOM-PR";"ALVO_VALIDADO";"590.06";"590.06";"0.10000677897163";"0.1";""
"MLB5195662001";"VTK018303";"Corda Giannini Para Contrabaixo Geebrs 6 0.032"" Pesado";"EVOLUSOM-PR";"ALVO_VALIDADO";"170.26";"173.53";"0.07001671180775658";"0.07";""
"MLB5195661057";"VTK017423";"Monitor Brx Led 21"" Hdmi + Vga";"EVOLUSOM-PR";"ALVO_VALIDADO";"525.19";"525.19";"0.13046706906072086";"0.1";""
"MLB5195627637";"VTK017325";"Gabinete K-mex Gm-01ma Com Fonte Px300 200w";"EVOLUSOM-PR";"ALVO_VALIDADO";"327.62";"327.62";"0.13543129235089432";"0.1";""
"MLB5195621947";"VTK017295";"Telefone Intelbras Hsb-40 4013342 Headset Para Telemarketing";"EVOLUSOM-PR";"ALVO_VALIDADO";"195.37";"195.37";"0.08998310897271843";"0.07";""
"MLB5195568027";"VTK017327";"Fan Gamemax Para Pc Gamer Gf12g 12cm Verde 32 Led";"EVOLUSOM-PR";"ALVO_VALIDADO";"72.49";"72.49";"0.0700786315353842";"0.07";""
"MLB5195567749";"VTK020779";"Porteiro Residencial Intelbras Ipr1010";"EVOLUSOM-PR";"ALVO_VALIDADO";"265.5";"265.5";"0.1";"0.1";""
"MLB5195567571";"VTK020219";"Telefone Sem Fio Intelbras Ts3112 Digital Com Ramal Adicional Preto";"EVOLUSOM-PR";"ALVO_VALIDADO";"371.82";"371.82";"0.10002151578720886";"0.1";""
"MLB5193194293";"VTK002091";"Caixa Medusa 12 Vias BSMED12 Preta Santo Angelo";"EVOLUSOM-PR";"ALVO_VALIDADO";"169.63";"169.63";"0.07239285503743441";"0.07";""
"MLB7599625380";"VTK018736";"Calota Grid Aro 14p 342cb-pta Ford Modelo Ka/ Ka+ 2015/16 - PC / 4";"EVOLUSOM-PR";"ALVO_VALIDADO";"99.77";"99.77";"0.07006114062343391";"0.07";""
"MLB7599625260";"VTK018361";"Calota Grid Aro 14p 290ca-pta Fiat Modelo Palio Weekend / Strada 2014/ 15 Cubo Alto - PC / 4";"EVOLUSOM-PR";"ALVO_VALIDADO";"94.89";"99.77";"0.07006114062343391";"0.07";""
"MLB7599623944";"VTK018745";"Calota Grid Aro 13p 199cb-pta Prata Fiat Uno Way 2014 Cubo Baixo - PC / 4";"EVOLUSOM-PR";"ALVO_VALIDADO";"88.38";"93.26";"0.07001930087926228";"0.07";""
"MLB7599623644";"VTK018441";"Calota Grid Aro 13p 021ca-pta Prata Modelo Volkswaggen Gol Trend G4 1.0 2010/ 11 Cubo Alto - PC / 4";"EVOLUSOM-PR";"ALVO_VALIDADO";"90.47";"93.26";"0.07001930087926228";"0.07";""
"MLB7599623378";"VTK018754";"Calota Grid 247ca-pta Aro 14 P Mod Saveiro 2017 - PC / 4";"EVOLUSOM-PR";"ALVO_VALIDADO";"94.89";"99.77";"0.07006114062343391";"0.07";""
"MLB7599623288";"VTK018737";"Calota Grid Aro 14p 867cb-pta Modelo Peugeot 206/ 207/ 307 2010/15 Cubo Baixo - PC / 4";"EVOLUSOM-PR";"ALVO_VALIDADO";"94.89";"99.77";"0.07006114062343391";"0.07";""
"MLB7599621342";"VTK018206";"Calota Aro 14p 187cb-pta Mod Hb20 2020 - PC / 4";"EVOLUSOM-PR";"ALVO_VALIDADO";"94.89";"99.77";"0.07006114062343391";"0.07";""
"MLB7599620552";"VTK018251";"Calota Grid 250cp-pta Aro 15"" Modelo Gol, Voyage E Saveiro 2023 - PC / 4";"EVOLUSOM-PR";"ALVO_VALIDADO";"136.82";"136.82";"0.07001900306972665";"0.07";""
"MLB7599503376";"VTK018439";"Calota Grid Aro 15p 018cp-pta Volkswageen Modelo Gol G5/ Voyage Confortline 2011/ 12 Cubo Padrão - PC / 4";"EVOLUSOM-PR";"ALVO_VALIDADO";"136.82";"136.82";"0.07001900306972665";"0.07";""
"MLB7599503016";"VTK018775";"Calota Aro 14p 376cb-pof Mod Onix 2020 - PC / 4";"EVOLUSOM-PR";"ALVO_VALIDADO";"141.84";"148.35";"0.07003707448601282";"0.07";""
"MLB7599502670";"VTK018534";"Calota Grid Aro 13p 115ca-pta Modelo Volkswaggen Gol/ Voyage G5/ G6 2014 Calota Alta - PC / 4";"EVOLUSOM-PR";"ALVO_VALIDADO";"90.47";"93.26";"0.07001930087926228";"0.07";""
"MLB7599502364";"VTK018808";"Calota Grid Aro 14"" 068ar-pta Mod. Europa - PC / 4";"EVOLUSOM-PR";"ALVO_VALIDADO";"99.77";"99.77";"0.07006114062343391";"0.07";""
"MLB7599501942";"VTK018817";"Calota Grid 148cp-pta-u Modelo Polo Track 21/24 - PC / 4";"EVOLUSOM-PR";"ALVO_VALIDADO";"130.34";"136.82";"0.07001900306972665";"0.07";""
"MLB7599501766";"VTK018290";"Calota Grid Aro 15a 876ar-pta Renault Logan/ Sandero 2015/ 16 - PC / 4";"EVOLUSOM-PR";"ALVO_VALIDADO";"130.34";"136.82";"0.07001900306972665";"0.07";""
"MLB7599501572";"VTK018765";"Calota Aro 14p 133cb-gft Mod Onix / Prisma 2014/ 16 Cb - PC / 4";"EVOLUSOM-PR";"ALVO_VALIDADO";"141.84";"148.35";"0.07003707448601282";"0.07";""
"MLB7599501358";"VTK018681";"Calota Grid Aro 13"" 222cb-pta Fiat Uno 2015/16 - PC / 4";"EVOLUSOM-PR";"ALVO_VALIDADO";"88.38";"93.26";"0.07001930087926228";"0.07";""
"MLB7599500706";"VTK018680";"Calota Grid Aro 14"" 176cb-pta Ford Fiesta 2003 - PC / 4";"EVOLUSOM-PR";"ALVO_VALIDADO";"94.89";"99.77";"0.07006114062343391";"0.07";""
"MLB7599500552";"VTK018628";"Calota Grid Aro 14p 177cb-pta Prata Ford Fiesta Hatch 08/12 - PC / 4";"EVOLUSOM-PR";"ALVO_VALIDADO";"96.95";"99.77";"0.07006114062343391";"0.07";""
"MLB7599500380";"VTK018618";"Calota Grid Aro 14p 231cb-pta Fiat Modelo Palio Fire 20015/ 16 - PC / 4";"EVOLUSOM-PR";"ALVO_VALIDADO";"94.89";"99.77";"0.07006114062343391";"0.07";""
"MLB7599499902";"VTK018633";"Calota Grid Aro 15p 215cp-pta Fiat Siena/ Palio E/ Punto 14/ 16 - PC / 4";"EVOLUSOM-PR";"ALVO_VALIDADO";"130.34";"136.82";"0.07001900306972665";"0.07";""
"MLB7599499650";"VTK017870";"Calota Grid 246cp-pta Aro 15 P Mod Gol/voyage G7 2017/18 - PC / 4";"EVOLUSOM-PR";"ALVO_VALIDADO";"136.82";"136.82";"0.07001900306972665";"0.07";""
"MLB7599499146";"VTK018192";"Calota Grid Aro 15p 123cp-pta Ford New Fiesta 2014/ 16 Cubo Padrão - PC / 4";"EVOLUSOM-PR";"ALVO_VALIDADO";"136.82";"136.82";"0.07001900306972665";"0.07";""
"MLB7599498948";"VTK018646";"Calota Aro 13p 042cb-pof Mod Celta 2012/ 15 Cb - PC / 4";"EVOLUSOM-PR";"ALVO_VALIDADO";"141.84";"148.35";"0.07003707448601282";"0.07";""
"MLB7599498778";"VTK018531";"Calota Grid Aro 13p 003cb-pta Ford Modelo Ka 2002/ 03 - PC / 4";"EVOLUSOM-PR";"ALVO_VALIDADO";"93.26";"93.26";"0.07001930087926228";"0.07";""
"MLB7599498608";"VTK018371";"Calota Grid Aro 13p 196cb-pta Modelo Volksvagen Up! 2015 Cubo Baixo - PC / 4";"EVOLUSOM-PR";"ALVO_VALIDADO";"93.26";"93.26";"0.07001930087926228";"0.07";""
"MLB7599497498";"VTK018672";"Acionador Manual Segurimax Com Sirene 12v/24v";"EVOLUSOM-PR";"ALVO_VALIDADO";"66.92";"66.92";"0.092498505678422";"0.07";""
"MLB7599497356";"VTK018638";"Sensor Pir Interno Pyronix Kx10dp 10 Mts Duplo Digital";"EVOLUSOM-PR";"ALVO_VALIDADO";"119.84";"119.84";"0.0858644859813084";"0.07";""
"MLB7599496884";"VTK018317";"Alto Falante Jbl 15px 8r 200 Rms 15"" Woofer";"EVOLUSOM-PR";"ALVO_VALIDADO";"512.75";"512.75";"0.10625060945880058";"0.1";""
"MLB7599496748";"VTK017674";"Sinalizador Audiovisual Segurimax Endereçável";"EVOLUSOM-PR";"ALVO_VALIDADO";"235.14";"235.14";"0.1051288594029089";"0.1";""
"MLB7599496380";"VTK017333";"Cabo Hdmi Evus C-051 4k Macho X Macho V2.0 5,0m";"EVOLUSOM-PR";"ALVO_VALIDADO";"62.89";"62.89";"0.07012243599936398";"0.07";""
"MLB7599496102";"VTK018714";"Contra Frente Plástica Permak Toyota Hilux Sw4 2 Din 89/z3";"EVOLUSOM-PR";"ALVO_VALIDADO";"42.11";"42.11";"0.08430301591071004";"0.07";""
"MLB7599495838";"VTK018870";"Contra Frente Plástica Permak Fiat Stilo 2 Din Preta";"EVOLUSOM-PR";"ALVO_VALIDADO";"75.09";"75.09";"0.07004927420428818";"0.07";""
"MLB7599495154";"VTK018718";"Contra Frente Plástica Permak Renault Duster Sandero 2 Din Preta";"EVOLUSOM-PR";"ALVO_VALIDADO";"77.25";"77.25";"0.08944983818770227";"0.07";""
"MLB7599494606";"VTK018517";"Contra Frente Plástica Permak Corsa Montana Meriva 2 Din Prata 89/m2";"EVOLUSOM-PR";"ALVO_VALIDADO";"56.46";"56.46";"0.09670563230605739";"0.07";""
"MLB7599494158";"VTK018066";"Caixa Medusa 6 Vias Santo Angelo 1 Saida Bsmd6";"EVOLUSOM-PR";"ALVO_VALIDADO";"156.25";"156.25";"0.075776";"0.07";""
"MLB7599494016";"VTK017954";"Controle Remoto Fks Cr941 Copiador - Cinza";"EVOLUSOM-PR";"ALVO_VALIDADO";"53.89";"53.89";"0.08684357023566523";"0.07";""
"MLB7599493878";"VTK017602";"Controle Remoto Aquário Para Stv-3000plus";"EVOLUSOM-PR";"ALVO_VALIDADO";"43.84";"43.84";"0.07002737226277371";"0.07";""
"MLB7599493422";"VTK018984";"Controle Remoto Mxt 01393 Ar Condicionado Gree Y502 Y512";"EVOLUSOM-PR";"ALVO_VALIDADO";"48.39";"48.39";"0.10725356478611284";"0.07";""
"MLB7599493198";"VTK018876";"Suporte Espiral Hikari Ferro De Solda Hsf-10";"EVOLUSOM-PR";"ALVO_VALIDADO";"53.1";"53.1";"0.103954802259887";"0.07";""
"MLB7599492298";"VTK019065";"Camera Dome Fbr Metal Ir25 2 Megapixels 2.8mm Cvi Tvi Ahd Cvbs Ip66";"EVOLUSOM-PR";"ALVO_VALIDADO";"268.87";"268.87";"0.10373042734406962";"0.1";""
"MLB7599491748";"VTK019196";"Lona De Carreteiro Western 6x5 100g P/m2";"EVOLUSOM-PR";"ALVO_VALIDADO";"285.93";"285.93";"0.1591298569579967";"0.1";""
"MLB7599491418";"VTK017361";"Nobreak Nhs Mini 4 600va Com 1 Bateria Selada 7 Ah/ Entrada Bivolt E Saída 120v";"EVOLUSOM-PR";"ALVO_VALIDADO";"659.38";"659.38";"0.10000303315235524";"0.1";""
"MLB7599491052";"VTK019106";"Alto Falante Jbl-selenium 15wp550 15"" 550wrms 8r Woofer Profissional";"EVOLUSOM-PR";"ALVO_VALIDADO";"1427.18";"1427.18";"0.15000210204739417";"0.15";""
"MLB7599490730";"VTK011978";"Amplificador Frahm Slim IoT 3700 240W RMS Wi-Fi Compatível com Alexa";"EVOLUSOM-PR";"ALVO_VALIDADO";"2222.09";"2222.09";"0.16003852229207638";"0.15";""
"MLB7599490534";"VTK018265";"Extensão Pop Spin Daneva Dn 1496 Pl 3 Metros 2x0,75 Mm";"EVOLUSOM-PR";"ALVO_VALIDADO";"45.38";"45.38";"0.07007492287351257";"0.07";""
"MLB7599437040";"VTK018574";"Calota Grid Aro 14"" 077cb-pta Modelo Uno Attractive 1.4 2011 - PC / 4";"EVOLUSOM-PR";"ALVO_VALIDADO";"94.89";"99.77";"0.07006114062343391";"0.07";""
"MLB7599436626";"VTK018443";"Calota Grid Aro 14p 224cb-pta Fiat Siena/ Punto 2014/ 16 Cubo Baixo - PC / 4";"EVOLUSOM-PR";"ALVO_VALIDADO";"99.77";"99.77";"0.07006114062343391";"0.07";""
"MLB7599436422";"VTK018284";"Calota Grid Aro 14p 059ca-pta Fiat Modelo Strada 2009 Cubo Alto - PC / 4";"EVOLUSOM-PR";"ALVO_VALIDADO";"99.77";"99.77";"0.07006114062343391";"0.07";""
"MLB7599435852";"VTK017247";"Trafo De Linha Frahm 25w/ 70v T25";"EVOLUSOM-PR";"ALVO_VALIDADO";"87.02";"87.02";"0.07009882785566536";"0.07";""
"MLB7599435714";"VTK018818";"Serra Tico Tico Multilaser Fe046 Com Lâmina Para Madeira E Base Ajustável 500w 127v";"EVOLUSOM-PR";"ALVO_VALIDADO";"246.55";"246.55";"0.10610423849117825";"0.1";""
"MLB7599435600";"VTK018690";"Cabo Hdmi Intelbras Chf2020 4k Macho X Macho 2.0 20m";"EVOLUSOM-PR";"ALVO_VALIDADO";"358.68";"358.68";"0.10000557600089215";"0.1";""
"MLB7599435246";"VTK017395";"Cabo Rca Technoise Blindado 400 Pro 5mm Vermelho - 5m";"EVOLUSOM-PR";"ALVO_VALIDADO";"76.07";"76.07";"0.07006704351255423";"0.07";""
"MLB7599435052";"VTK017320";"Mouse Pad Evus Mp-290b Obscure Speed";"EVOLUSOM-PR";"ALVO_VALIDADO";"41";"41";"0.08463414634146342";"0.07";""
"MLB7599434214";"VTK018859";"Contra Frente Plástica Permak Gol Gv 2 Din Preta";"EVOLUSOM-PR";"ALVO_VALIDADO";"81.68";"81.68";"0.07002938295788441";"0.07";""
"MLB7599433876";"VTK018869";"Contra Frente Plástica Permak Honda New Civic 2012 2 Din";"EVOLUSOM-PR";"ALVO_VALIDADO";"153.83";"153.83";"0.08496392121172723";"0.07";""
"MLB7599433378";"VTK018406";"Cabo De Bateria Crk 21.00mm 25m Vermelho";"EVOLUSOM-PR";"ALVO_VALIDADO";"830.76";"830.76";"0.10000481486831335";"0.1";""
"MLB7599432822";"VTK001735";"Pistola de Solda 45W 127V FIRE 100 Vermelha Hikari";"EVOLUSOM-PR";"ALVO_VALIDADO";"176.39";"176.39";"0.07228300924088668";"0.07";""
"MLB7599432170";"VTK017536";"Contra Frente Permak Plástica Honda Fit";"EVOLUSOM-PR";"ALVO_VALIDADO";"35.21";"35.21";"0.09571144561204203";"0.07";""
"MLB7599431504";"VTK019060";"Moldura Fiamon 2 Din Toyota Corolla 2003 A 2007, Hilux 2005 A 2011, Prado Todos Preta";"EVOLUSOM-PR";"ALVO_VALIDADO";"60.76";"60.76";"0.09479921000658328";"0.07";""
"MLB7599430044";"VTK005338";"Telefone Celular de Mesa 4g Wi-fi Aquário CA-42SX4G";"EVOLUSOM-PR";"ALVO_VALIDADO";"584.84";"584.84";"0.10001025921619588";"0.1";""
"MLB7599429790";"VTK018821";"Nobreak Nhs Mini 4 600va Bivolt 220v";"EVOLUSOM-PR";"ALVO_VALIDADO";"659.38";"659.38";"0.10667596833388941";"0.1";""
"MLB7599426530";"VTK001667";"Antena Móvel Omnidirecional Celular CDMA/TDMA 7dBi CM907 Aquário";"EVOLUSOM-PR";"ALVO_VALIDADO";"98.71";"98.71";"0.07000303920575424";"0.07";""
"MLB7599426350";"VTK020354";"Soprador Térmico Mxt 220v Ohg-2000a Com Inmetro";"EVOLUSOM-PR";"ALVO_VALIDADO";"194.08";"194.08";"0.0808429513602638";"0.07";""
"MLB7599426040";"VTK018045";"Cartão De Memória Microsd Kingston Canvas Select Plus 128gb";"EVOLUSOM-PR";"ALVO_VALIDADO";"291.22";"291.22";"0.10002747064075268";"0.1";""
"MLB7599425720";"VTK018826";"Inversor De Voltagem Tech One 400w Nominal 800w De Pico 24v 110v";"EVOLUSOM-PR";"ALVO_VALIDADO";"616.88";"616.88";"0.23341654778887305";"0.1";""
"MLB7599191174";"VTK018437";"Alarme Positron Duoblock Px-g8 Universal Para Moto";"EVOLUSOM-PR";"ALVO_VALIDADO";"408.38";"408.38";"0.10000489739948089";"0.1";""
"MLB7599191080";"VTK018724";"Cabo De Potência Technoise 100% Cobre Vermelho 4mm Rolo 50 Metros";"EVOLUSOM-PR";"ALVO_VALIDADO";"358.54";"358.54";"0.10001673453450102";"0.1";""
"MLB7599190836";"VTK018352";"Cabo Para Microfone Santo Angelo Sc-20 Balanceado Azul 100 Metros";"EVOLUSOM-PR";"ALVO_VALIDADO";"754.47";"754.47";"0.10000397630124458";"0.1";""
"MLB7599190682";"VTK001230";"Arandela Quadrada JBL 6CO3Q+ 140w Branca - PAR / 2";"EVOLUSOM-PR";"ALVO_VALIDADO";"908.9";"908.9";"0.1";"0.1";""
"MLB7599189686";"VTK018557";"Antena Externa Para Celular Quadriband Aquário Cf-4000 800, 900, 1800 E 1900 Mhz 12 Dbi";"EVOLUSOM-PR";"ALVO_VALIDADO";"156.25";"156.25";"0.070016";"0.07";""
"MLB7599189578";"VTK026232";"Cartão De Memória Microsd Kingston Canvas Select Plus 64gb";"EVOLUSOM-PR";"ALVO_VALIDADO";"199.27";"199.27";"0.07000552014854217";"0.07";""
"MLB7599189394";"VTK018396";"Impressora Térmica Elgin De Cupom - I9 Full";"EVOLUSOM-PR";"ALVO_VALIDADO";"1164.3";"1164.3";"0.15000429442583527";"0.15";""
"MLB7599189212";"VTK017190";"Controle Remoto Mxt 01273 Tv Led Philips Ambilight 32pfl5604";"EVOLUSOM-PR";"ALVO_VALIDADO";"39.06";"39.06";"0.10855094726062468";"0.07";""
"MLB7599189108";"VTK017422";"Fritadeira Air Fryer Oster 4,6l 127v";"EVOLUSOM-PR";"ALVO_VALIDADO";"462.96";"462.96";"0.10000864005529635";"0.1";""
"MLB7599188326";"VTK018158";"Fita Antiderrapante Western 5cm X 5m";"EVOLUSOM-PR";"ALVO_VALIDADO";"60.2";"60.2";"0.08006644518272425";"0.07";""
"MLB7599186092";"VTK018042";"Calculadora De Mesa Procalc Pc108-pk 12 Dígitos Rosa";"EVOLUSOM-PR";"ALVO_VALIDADO";"50.66";"50.66";"0.0700750098697197";"0.07";""
"MLB7599185646";"VTK005895";"Mangueira Poliéster 22 Metros KM315CLP Preta/Laranja Kepper";"EVOLUSOM-PR";"ALVO_VALIDADO";"304.68";"304.68";"0.19879873966128397";"0.1";""
"MLB7599184652";"VTK017858";"Controle Stetsom Sx2 Ultra Preto";"EVOLUSOM-PR";"ALVO_VALIDADO";"117.95";"117.95";"0.08020347604917338";"0.07";""
"MLB7599182998";"VTK018112";"Patch Cord Furukawa Cat5e Cmx 20m Azul 35104013";"EVOLUSOM-PR";"ALVO_VALIDADO";"168.1";"168.1";"0.07001784651992861";"0.07";""
"MLB7599182906";"VTK018084";"Alto-falante Subwoofer 10"" Jbl Club Sub Slim 350w Rms 2 Ou 4 Ohms";"EVOLUSOM-PR";"ALVO_VALIDADO";"1381";"1381";"0.15";"0.15";""
"MLB7599182740";"VTK017948";"Aplicador De Silicone Western 400ml";"EVOLUSOM-PR";"ALVO_VALIDADO";"44.24";"44.24";"0.08363471971066908";"0.07";""
"MLB7599182076";"VTK017914";"Alicate Universal Vonder 8"" Crv Isolação 1.000v";"EVOLUSOM-PR";"ALVO_VALIDADO";"98.79";"98.79";"0.19252960825994533";"0.07";""
"MLB7599181862";"VTK018062";"Sensor De Presença Techna Com Soquete E-27";"EVOLUSOM-PR";"ALVO_VALIDADO";"81.52";"81.52";"0.08844455348380766";"0.07";""
"MLB7599181716";"VTK018076";"Nobreak Intelbras Attiv 700va Monovolt Interativo 220v 4 Tomadas - 4822204";"EVOLUSOM-PR";"ALVO_VALIDADO";"785.86";"785.86";"0.10000508996513374";"0.1";""
"MLB7599181554";"VTK018037";"Refil De Tinta Multi Rf006 Para Impressoras Epson T664 100ml - Ciano";"EVOLUSOM-PR";"ALVO_VALIDADO";"66.49";"66.49";"0.3047074748082419";"0.07";""
"MLB7599181224";"VTK017709";"Controle Remoto Stetsom Sx1 8 Funções Preto";"EVOLUSOM-PR";"ALVO_VALIDADO";"115.05";"115.05";"0.08048674489352456";"0.07";""
"MLB7599180912";"VTK000857";"Clamp Multifuncional C13 Preto ASK";"EVOLUSOM-PR";"ALVO_VALIDADO";"67.95";"67.95";"0.07888153053715968";"0.07";""
"MLB7599180514";"VTK018289";"Calota Grid Aro 15a 127cp-pta Volkswagen Gol Power G5 2009/ 10 Cubo Padrão - PC / 4";"EVOLUSOM-PR";"ALVO_VALIDADO";"136.82";"136.82";"0.07001900306972665";"0.07";""
"MLB7599179806";"VTK018464";"Calota Aro 15a 878ar-pof Mod Logan / Sandero 2020";"EVOLUSOM-PR";"ALVO_VALIDADO";"48.82";"48.82";"0.08234330192544038";"0.07";""
"MLB7599179512";"VTK018236";"Calota Grid Aro 14p 228cb-pta Modelo Uno Attractive 2015/ 16 Cubo Baixo - PC / 4";"EVOLUSOM-PR";"ALVO_VALIDADO";"99.77";"99.77";"0.07006114062343391";"0.07";""
"MLB7599087280";"VTK018083";"Trena Western 10m X 25mm";"EVOLUSOM-PR";"ALVO_VALIDADO";"54.88";"54.88";"0.08108600583090379";"0.07";""
"MLB7599085854";"VTK017865";"Congelante Em Aerosol Implastec 150g";"EVOLUSOM-PR";"ALVO_VALIDADO";"67.08";"67.08";"0.07006559332140729";"0.07";""
"MLB7599085590";"VTK018233";"Alarme Positron Duoblock Pro-g8 Universal Para Moto";"EVOLUSOM-PR";"ALVO_VALIDADO";"353.74";"353.74";"0.10001696161022221";"0.1";""
"MLB7599085044";"VTK018542";"Calota Grid Aro 15a 063ar-pta Volkswagen Fox Plus/ Space 2006 - PC / 4";"EVOLUSOM-PR";"ALVO_VALIDADO";"147.61";"147.61";"0.0700494546439943";"0.07";""
"MLB7599084864";"VTK017811";"Calota Aro 14p 879cp-pof Mod Kwid Zen 2020";"EVOLUSOM-PR";"ALVO_VALIDADO";"49.25";"49.25";"0.0700507614213198";"0.07";""
"MLB7599084426";"VTK018484";"Calota Grid Aro 14"" 298cb-pta Fiat Mobi 2019/20 - PC / 4";"EVOLUSOM-PR";"ALVO_VALIDADO";"99.77";"99.77";"0.07006114062343391";"0.07";""
"MLB7599083554";"VTK018373";"Calota Grid Aro 13p 008ca-prata Mod Gol G5 1.0 2009/ 11 Ca - PC / 4";"EVOLUSOM-PR";"ALVO_VALIDADO";"93.26";"93.26";"0.07001930087926228";"0.07";""
"MLB7599082622";"VTK018057";"Calota Grid Aro 14p 087cb-pta Gm Modelo Prisma/ Montana 2011/ 13 Cubo Baixo - PC / 4";"EVOLUSOM-PR";"ALVO_VALIDADO";"99.77";"99.77";"0.07006114062343391";"0.07";""
"MLB7599082376";"VTK018285";"Calota Grid Aro 13a 573ar-pta Mod Volkswaggen Gol G3 Aro Pressão - PC / 4";"EVOLUSOM-PR";"ALVO_VALIDADO";"93.26";"93.26";"0.07001930087926228";"0.07";""
"MLB7599081566";"VTK018300";"Calota Aro 13p 072cb-gft Mod Uno Way Economy 2008/ 09 Cb - PC / 4";"EVOLUSOM-PR";"ALVO_VALIDADO";"148.35";"148.35";"0.07003707448601282";"0.07";""
"MLB7599080978";"VTK018205";"Calota Aro 14p 187cb-pof Mod Hb20 2020";"EVOLUSOM-PR";"ALVO_VALIDADO";"51.77";"51.77";"0.10295537956345373";"0.07";""
"MLB7599080300";"VTK018144";"Calota Grid Aro 15p 204cp-pta Modelo Palio Essence 2014/ 16 Cubo Padrão - PC / 4";"EVOLUSOM-PR";"ALVO_VALIDADO";"136.82";"136.82";"0.07001900306972665";"0.07";""
"MLB7599080122";"VTK017965";"Calota Grid Aro 14p 055cb-pta Modelo Palio Fire/ Elx/ Weekend 2009 Cubo Baixo - PC / 4";"EVOLUSOM-PR";"ALVO_VALIDADO";"99.77";"99.77";"0.07006114062343391";"0.07";""
"MLB7599079988";"VTK017863";"Calota Grid Aro 14p 194cb-pta Gm Modelo Onix/ Prisma 2014/ 15 Cubo Baixo - PC / 4";"EVOLUSOM-PR";"ALVO_VALIDADO";"99.77";"99.77";"0.07006114062343391";"0.07";""
"MLB7599079732";"VTK017988";"Calota Grid Aro 14p 410cb-pta Modelo Peugeot 206/ 207/ 208 2015/ 16 - PC / 4";"EVOLUSOM-PR";"ALVO_VALIDADO";"99.77";"99.77";"0.07006114062343391";"0.07";""
"MLB7599079626";"VTK017987";"Calota Grid Aro 13p 095cb-pta Fiat Modelo Uno Way 2013 Cubo Baixo - PC / 4";"EVOLUSOM-PR";"ALVO_VALIDADO";"93.26";"93.26";"0.07001930087926228";"0.07";""
"MLB7599079126";"VTK017664";"Calculadora De Mesa Procalc Pc110 12 Dígitos Azul";"EVOLUSOM-PR";"ALVO_VALIDADO";"50.8";"50.8";"0.08779527559055118";"0.07";""
"MLB7599078466";"VTK017828";"Cabo Lan Mpt Cat.5e U/utp 24awgx4p 305 Metros Cmx Azul 53010545";"EVOLUSOM-PR";"ALVO_VALIDADO";"1227.44";"1227.44";"0.15000325881509483";"0.15";""
"MLB7599022104";"VTK018372";"Calota Grid Aro 13p 006cb-pta Prata Modelo Fiat Uno Smart 2001 Cubo Baixo - PC / 4";"EVOLUSOM-PR";"ALVO_VALIDADO";"93.26";"93.26";"0.07001930087926228";"0.07";""
"MLB7599021682";"VTK018374";"Calota Grid Aro 14a 872ar-pta Prata Renault Clio/ Sandero/ Logan 11/ 13 - PC / 4";"EVOLUSOM-PR";"ALVO_VALIDADO";"99.77";"99.77";"0.07006114062343391";"0.07";""
"MLB7599020244";"VTK018055";"Calota Grid Aro 13p 071cb-pta Fiat Modelo Uno Fire Economy 2008/ 10 Cubo Baixo - PC / 4";"EVOLUSOM-PR";"ALVO_VALIDADO";"93.26";"93.26";"0.07001930087926228";"0.07";""
"MLB7599020094";"VTK018187";"Calota Grid Aro 14p 010ca-pta Volkswaggen Modelo Gol Power G5 2009/ 10 Cubo Alto - PC / 4";"EVOLUSOM-PR";"ALVO_VALIDADO";"99.77";"99.77";"0.07006114062343391";"0.07";""
"MLB7599017494";"VTK017810";"Calota Aro 15p 377cp-pof Mod Onix / Prisma 2020";"EVOLUSOM-PR";"ALVO_VALIDADO";"51.77";"51.77";"0.10295537956345373";"0.07";""
"MLB7599017274";"VTK017672";"Calota Grid Aro 14p 111ca-pta Modelo Strada 2013/ 14 Cubo Alto - PC / 4";"EVOLUSOM-PR";"ALVO_VALIDADO";"99.77";"99.77";"0.07006114062343391";"0.07";""
"MLB7599016908";"VTK017655";"Calota Grid Aro 13p 072cb-pta Fiat Modelo Uno Way Economy 2008/ 09 Cubo Baixo - PC / 4";"EVOLUSOM-PR";"ALVO_VALIDADO";"93.26";"93.26";"0.07001930087926228";"0.07";""
"MLB7599012228";"VTK017663";"Cabo Lan Mpt Cat.5e U/utp 24awgx4p 305 Metros Cmx Branco 53010547";"EVOLUSOM-PR";"ALVO_VALIDADO";"1227.28";"1227.28";"0.1500065184798905";"0.15";""
"MLB7598864202";"VTK017477";"Cabo Lan Mpt Cat.5e U/utp 24awgx4p 305 Metros Cmx Cinza 53010548";"EVOLUSOM-PR";"ALVO_VALIDADO";"1227.28";"1227.28";"0.1500065184798905";"0.15";""
"MLB7598863028";"VTK017282";"Cabo Lan Mpt Cat6 U/utp 23awgx4p 305 Metros Cmx Vermelho 53040541";"EVOLUSOM-PR";"ALVO_VALIDADO";"1602.28";"1602.28";"0.16261202786029907";"0.15";""
"MLB7598860032";"VTK017476";"Cabo Lan Mpt Cat6 U/utp 23awgx4p 305 Metros Cmx Cinza 53040548";"EVOLUSOM-PR";"ALVO_VALIDADO";"1602.28";"1602.28";"0.16261202786029907";"0.15";""
"MLB7598858616";"VTK017905";"Ventilador De Coluna Ventisol Premium 60cm Bivolt - Preto";"EVOLUSOM-PR";"ALVO_VALIDADO";"531.44";"531.44";"0.10001129007978322";"0.1";""
"MLB7598858404";"VTK017937";"Cabo Usb A X Micro Usb 90º Multilaser Warrior Wi388 Nylon Preto 1,2m";"EVOLUSOM-PR";"ALVO_VALIDADO";"35.68";"35.68";"0.07006726457399103";"0.07";""
"MLB7598857862";"VTK017736";"Modulo De Potencia Stetsom Iron Ir 160.2 2r 2 Canais 160w";"EVOLUSOM-PR";"ALVO_VALIDADO";"218.94";"218.94";"0.1178405042477391";"0.1";""
"MLB7598856200";"VTK017649";"Fita Antiderrapante Western 5m X 2,5cm";"EVOLUSOM-PR";"ALVO_VALIDADO";"44.51";"44.51";"0.10379689957312964";"0.07";""
"MLB7598854058";"VTK017626";"Jogo De Soquete Western W-50 Com Maleta 39 Peças";"EVOLUSOM-PR";"ALVO_VALIDADO";"84.11";"84.11";"0.12947330876233504";"0.07";""
"MLB7598801320";"VTK019686";"Módulo Anti Furto Fks Maf112tc Bloqueador Seleção De Tempo";"EVOLUSOM-PR";"ALVO_VALIDADO";"68.9";"68.9";"0.09622641509433962";"0.07";""
"MLB7598801144";"VTK017854";"Mouse Gamer Viper Pro Naja 7.200 Dpi";"EVOLUSOM-PR";"ALVO_VALIDADO";"148.47";"148.47";"0.07004782110864148";"0.07";""
"MLB7598800988";"VTK017775";"Pen Drive Netac U278 Metálico Usb 3.0 128gb";"EVOLUSOM-PR";"ALVO_VALIDADO";"170.8";"170.8";"0.07002341920374708";"0.07";""
"MLB7598800224";"VTK017722";"Lanterna Cabeça Western 12 Leds";"EVOLUSOM-PR";"ALVO_VALIDADO";"42.31";"42.31";"0.10564878279366578";"0.07";""
"MLB7598799824";"VTK017817";"Suporte Para Ferro De Solda Western";"EVOLUSOM-PR";"ALVO_VALIDADO";"48.08";"48.08";"0.07633111480865225";"0.07";""
"MLB7598799610";"VTK017841";"Cabo Paralelo Technoise 100% Cobre Cristal 2x2.50mm 50 Metros";"EVOLUSOM-PR";"ALVO_VALIDADO";"489.57";"489.57";"0.10000612782645996";"0.1";""
"MLB7598799222";"VTK013025";"02 Pilhas Alcalinas C Philips";"EVOLUSOM-PR";"ALVO_VALIDADO";"45.44";"45.44";"0.10321302816901409";"0.07";""
"MLB7598798740";"VTK018419";"Ssd Hiksemi Wave 120gb 2,5"" Sata 3";"EVOLUSOM-PR";"ALVO_VALIDADO";"342.36";"342.36";"0.1046851267671457";"0.1";""
"MLB7598798346";"VTK017808";"Caixa Frahm 5csl Preta Par 5"" 80wrms Tela Lisa";"EVOLUSOM-PR";"ALVO_VALIDADO";"880.04";"880.04";"0.10000681787191493";"0.1";""
"MLB7598797286";"VTK017734";"Alto Falante 5"" Hurricane Platino Qr 5 Quadriaxial 80w Rms 4r Par";"EVOLUSOM-PR";"ALVO_VALIDADO";"194.17";"194.17";"0.08343204408508009";"0.07";""
"MLB7598796582";"VTK018135";"Controle Remoto Mxt 01286 Tv Lg Smart Tv - Modelos Antigos";"EVOLUSOM-PR";"ALVO_VALIDADO";"43.69";"43.69";"0.09063859006637674";"0.07";""
"MLB7598796072";"VTK020758";"Controle Remoto Mxt 01335 Ar Condicionado Yb1f2 Split Gree";"EVOLUSOM-PR";"ALVO_VALIDADO";"41.83";"41.83";"0.11307673918240499";"0.07";""
"MLB7598795742";"VTK017612";"Patch Cord Furukawa Cat6 Cmx 10m Vermelho 35123011";"EVOLUSOM-PR";"ALVO_VALIDADO";"149.51";"149.51";"0.07537957327269079";"0.07";""
"MLB7598795510";"VTK018043";"Alicate Descasca E Corta Mxt";"EVOLUSOM-PR";"ALVO_VALIDADO";"40.69";"40.69";"0.11427869255345295";"0.07";""
"MLB7598795064";"VTK017923";"Controle Remoto Mxt 01181 Tv Philips Lcd Serie 3000";"EVOLUSOM-PR";"ALVO_VALIDADO";"39.95";"39.95";"0.09261576971214017";"0.07";""
"MLB7598794690";"VTK017412";"Cabo Rca Macho X Macho Technoise 400 Pro Blindado 5mm Vermelho - 1m";"EVOLUSOM-PR";"ALVO_VALIDADO";"55.1";"55.1";"0.08638838475499092";"0.07";""
"MLB7598794400";"VTK017392";"Cabo Hdmi Aquário 4k02 4k Macho X Macho 2.0 2m";"EVOLUSOM-PR";"ALVO_VALIDADO";"38.46";"38.46";"0.11700468018720749";"0.07";""
"MLB7598792672";"VTK017541";"Esguicho Kepper Em Alumínio 30cm Verde";"EVOLUSOM-PR";"ALVO_VALIDADO";"81.88";"81.88";"0.21055202735710796";"0.07";""
"MLB7598792244";"VTK004463";"Alicate Mini Bico Universal 5"" Brasfort";"EVOLUSOM-PR";"ALVO_VALIDADO";"37.75";"37.75";"0.09403973509933775";"0.07";""
"MLB7598792030";"VTK017620";"Controle Remoto Mxt 1302 Tv Panasonic Led Tc Tnq2b4903";"EVOLUSOM-PR";"ALVO_VALIDADO";"37.11";"37.11";"0.09431420102398276";"0.07";""
"MLB7598791508";"VTK017689";"Controle Remoto Mxt 1387 Universal Sony";"EVOLUSOM-PR";"ALVO_VALIDADO";"36.57";"36.57";"0.0700027344818157";"0.07";""
"MLB7598790232";"VTK017359";"Fonte Chaveada Evus Pdc-6v1a 6v 1a 6w Bivolt Automatico";"EVOLUSOM-PR";"ALVO_VALIDADO";"41";"41";"0.07";"0.07";""
"MLB7598736448";"VTK017692";"Tablet Multilaser Mickey Nb413 4gb Ram 64gb Quad Core 7"" + Case";"EVOLUSOM-PR";"ALVO_VALIDADO";"797.87";"797.87";"0.10000376001102937";"0.1";""
"MLB7598735804";"VTK017661";"Alicate Decapador E Cortador De Fios Western";"EVOLUSOM-PR";"ALVO_VALIDADO";"56.49";"56.49";"0.2842981058594441";"0.07";""
"MLB7598735434";"VTK018569";"Cabo Coaxial Rg59 Proeletronic Caco5940/01 40% De Malha - 100m";"EVOLUSOM-PR";"ALVO_VALIDADO";"148.77";"148.77";"0.07004100289036767";"0.07";""
"MLB7598734392";"VTK017555";"Estilete Vonder 25mm";"EVOLUSOM-PR";"ALVO_VALIDADO";"67.3";"67.3";"0.26329866270430907";"0.07";""
"MLB7598732910";"VTK018108";"Fonte Chaveada Mxt Colmeia 24v 10a 240w";"EVOLUSOM-PR";"ALVO_VALIDADO";"171.33";"171.33";"0.0700402731570653";"0.07";""
"MLB7598732158";"VTK017584";"Controle Remoto Mxt 1364 Tcl Led K55s4900fs/rc802n";"EVOLUSOM-PR";"ALVO_VALIDADO";"37.11";"37.11";"0.07006197790353005";"0.07";""
"MLB7598731910";"VTK017542";"Alicate Mini Universal Western A-5 4.1/2";"EVOLUSOM-PR";"ALVO_VALIDADO";"52.95";"52.95";"0.29858356940509917";"0.07";""
"MLB7598731596";"VTK017558";"Controle Remoto Mxt 01289 Tv Smart 3d Futebol Samsung Aa59-0";"EVOLUSOM-PR";"ALVO_VALIDADO";"38.32";"38.32";"0.11717118997912318";"0.07";""
"MLB7598730916";"VTK017816";"Controle Remoto Mxt 01389 Smart Tv Philips 50pug6654/78";"EVOLUSOM-PR";"ALVO_VALIDADO";"37.24";"37.24";"0.09425349087003221";"0.07";""
"MLB7598730806";"VTK017418";"Alicate Mini Western Bico Meia Cana 5"" Azul";"EVOLUSOM-PR";"ALVO_VALIDADO";"37.14";"37.14";"0.07000538502961766";"0.07";""
"MLB7598730378";"VTK018151";"Controle Remoto Mxt 1375 Tv Aoc 32s5295/ 78g 55u629";"EVOLUSOM-PR";"ALVO_VALIDADO";"38.61";"38.61";"0.0934990934990935";"0.07";""
"MLB7598730268";"VTK017579";"Controle Remoto Mxt 01388 Tv Smart Universal Led Lc";"EVOLUSOM-PR";"ALVO_VALIDADO";"38.61";"38.61";"0.0934990934990935";"0.07";""
"MLB7598730050";"VTK017611";"Controle Remoto Tv Smart Mxt 01359 Philips 32phg5102_43/ 50/ 5";"EVOLUSOM-PR";"ALVO_VALIDADO";"40.85";"40.85";"0.11407588739290085";"0.07";""
"MLB7598729702";"VTK017385";"Patch Cord Furukawa Cat5e 0.5m Preto T568a 35104006";"EVOLUSOM-PR";"ALVO_VALIDADO";"40.11";"40.11";"0.07005734230865121";"0.07";""
"MLB7598728596";"VTK017312";"Controle Remoto Mxt 01377 Smart Lg Samsung Mix";"EVOLUSOM-PR";"ALVO_VALIDADO";"41.61";"41.61";"0.09180485460225907";"0.07";""
"MLB7598725884";"VTK017319";"Mouse Pad Evus Mp-290w Pure Speed";"EVOLUSOM-PR";"ALVO_VALIDADO";"45.49";"45.49";"0.0833150142888547";"0.07";""
"MLB7598725748";"VTK020172";"Controle Remoto Mxt C01310 Ar Condicionado Universal Onetouch";"EVOLUSOM-PR";"ALVO_VALIDADO";"47.67";"47.67";"0.07006503041745332";"0.07";""
"MLB7598725488";"VTK018322";"Cabo Hdmi Articulado 2.0 Mxt 4k Ultra Hd 2m";"EVOLUSOM-PR";"ALVO_VALIDADO";"45.35";"45.35";"0.08996692392502756";"0.07";""
"MLB7598724674";"VTK017993";"Multímetro Digital Hikari Hm-1001 - 21n240";"EVOLUSOM-PR";"ALVO_VALIDADO";"69.85";"69.85";"0.14015748031496064";"0.07";""
"MLB7598724488";"VTK017484";"Faqueiro Tramontina Leme 20 Peças - Vermelho";"EVOLUSOM-PR";"ALVO_VALIDADO";"70";"70";"0.12714285714285714";"0.07";""
"MLB7598723864";"VTK018411";"Controle Remoto Mxt Compatível Tv Samsung Com Comando De Voz";"EVOLUSOM-PR";"ALVO_VALIDADO";"73.22";"73.22";"0.08235454793772194";"0.07";""
"MLB7598723768";"VTK018490";"Máquina De Cortar Cabelo Cadence Cab181 127v";"EVOLUSOM-PR";"ALVO_VALIDADO";"77.76";"77.76";"0.08166152263374485";"0.07";""
"MLB7598635658";"VTK019195";"Smartwatch Multilaser Wr204 M2 Amoled Preto";"EVOLUSOM-PR";"ALVO_VALIDADO";"497.5";"497.5";"0.11085427135678391";"0.1";""
"MLB7598635356";"VTK018541";"Testador Cabo De Rede Hikari Rj11/ Rj45/ Usb/ Bnc Htc-41 21i536";"EVOLUSOM-PR";"ALVO_VALIDADO";"238";"238";"0.11638655462184874";"0.1";""
"MLB7598635254";"VTK019159";"Panela De Arroz Gourmet 220v 700w Aço Inox Capacidade De 10 Xícaras Multilaser - Ce06";"EVOLUSOM-PR";"ALVO_VALIDADO";"275.95";"275.95";"0.11161442290269977";"0.1";""
"MLB7598634296";"VTK017619";"Alto Falante 6x9"" Hurricane Aurum A69 Q Quadriaxial 130w Rms 4r Par";"EVOLUSOM-PR";"ALVO_VALIDADO";"261.87";"261.87";"0.10001145606598694";"0.1";""
"MLB7598633146";"VTK019105";"Ferro De Soldar à Bateria Portátil Hikari 8w Hk-45b";"EVOLUSOM-PR";"ALVO_VALIDADO";"93.7";"93.7";"0.07001067235859124";"0.07";""
"MLB7598601484";"VTK019113";"Câmera Dome Hikvision Ds-2ce71d8t-pirl 2.8 1080p Ip67";"EVOLUSOM-PR";"ALVO_VALIDADO";"401.65";"401.65";"0.10250217851363128";"0.1";""
"MLB7598601388";"VTK019165";"Nobreak Intelbras Gnb 1000va 220v Para Portão - Preto";"EVOLUSOM-PR";"ALVO_VALIDADO";"1091.19";"1091.19";"0.15000137464602864";"0.15";""
"MLB7598601282";"VTK020031";"Moldura 2 Din Fiamon Vectra Gt 2005 A 2011, Meriva 2003 A 2011, Corsa 2002 A 2011 Montana 2003 A 2011";"EVOLUSOM-PR";"ALVO_VALIDADO";"52.14";"52.59";"0.07016543069024529";"0.07";""
"MLB7598601176";"VTK019134";"Moldura Fiamon 2 Din Hyunday Azera 06/ 11 Preta";"EVOLUSOM-PR";"ALVO_VALIDADO";"141.94";"141.94";"0.12568690996195575";"0.07";""
"MLB7598601118";"VTK019058";"Moldura Fiamon 2 Din Fiat Strada/strada Adventure/palio Weekend/palio Weekend Adventure 2013 Preta";"EVOLUSOM-PR";"ALVO_VALIDADO";"141.08";"141.08";"0.07003118797845194";"0.07";""
"MLB7598601018";"VTK005876";"Amplificador Frahm Slim 2200 G5 120w Rms";"EVOLUSOM-PR";"ALVO_VALIDADO";"1351.38";"1351.38";"0.150002219952937";"0.15";""
"MLB7598600610";"VTK018528";"Microfone Dinâmico Com Fio M-235 Profissional - Cabo 3 Metros - O.d.5.0 Mm";"EVOLUSOM-PR";"ALVO_VALIDADO";"144.85";"144.85";"0.08795305488436314";"0.07";""
"MLB7598600228";"VTK019189";"Soprador Térmico Hikari Hk-510 1300w/2000w 220v";"EVOLUSOM-PR";"ALVO_VALIDADO";"199.81";"199.81";"0.07001651568990541";"0.07";""
"MLB7598599222";"VTK006279";"Amplificador Frahm GR 3800 G5 Bluetooth 300w";"EVOLUSOM-PR";"ALVO_VALIDADO";"1497.3";"1497.3";"0.15147265077138852";"0.15";""
"MLB7598598644";"VTK002247";"Alicate Amperímetro Digital ET-3320A Azul/Preto MINIPA";"EVOLUSOM-PR";"ALVO_VALIDADO";"691.75";"691.75";"0.10333212865919769";"0.1";""
"MLB7598598560";"VTK018819";"Serra Tico Tico Multilaser Com Lâmina Para Madeira E Base Ajustável 500w 220v";"EVOLUSOM-PR";"ALVO_VALIDADO";"249.79";"249.79";"0.11481644581448416";"0.1";""
"MLB7598598010";"VTK018005";"Alicate Amperímetro Digital Western Km-2";"EVOLUSOM-PR";"ALVO_VALIDADO";"108.18";"108.18";"0.0839341837677944";"0.07";""
"MLB7598597368";"VTK000958";"Suporte Para Microfone ou Mini Banner de Mesa SPE-G Preto ASK";"EVOLUSOM-PR";"ALVO_VALIDADO";"69.94";"69.94";"0.12725193022590792";"0.07";""
"MLB7598596348";"VTK017306";"Cooler Para Processador Evus Cp-130 Rainbow";"EVOLUSOM-PR";"ALVO_VALIDADO";"133.33";"133.33";"0.07005175129378234";"0.07";""
"MLB7598596080";"VTK018953";"Telefone Intelbras Celular Fixo 4g C/ Wifi Cfw 9041 - 4119041";"EVOLUSOM-PR";"ALVO_VALIDADO";"915.84";"915.84";"0.10000655136268344";"0.1";""
"MLB7598595906";"VTK018966";"Câmera Intelbras Bullet Ip 2mp Vip 3260 Z G2";"EVOLUSOM-PR";"ALVO_VALIDADO";"1714.65";"1714.8";"0.15000000000000002";"0.15";""
"MLB7598595796";"VTK018904";"Modulo De Potencia Jbl Club 5501 1 Canal 550wrms";"EVOLUSOM-PR";"ALVO_VALIDADO";"1505.43";"1510.62";"0.15000463385894533";"0.15";""
"MLB7598595654";"VTK005378";"Amplificador para Som Ambiente Frahm Slim 2700 Optical G5";"EVOLUSOM-PR";"ALVO_VALIDADO";"1296.05";"1296.05";"0.15000192893792677";"0.15";""
"MLB7598595224";"VTK018799";"Câmera Frahm Bullet Plástico Fip302bp36";"EVOLUSOM-PR";"ALVO_VALIDADO";"457.46";"457.46";"0.10000874393389586";"0.1";""
"MLB7598595080";"VTK017999";"Roteador Wi-fi Deco Tp-link M4 Ac1200 Pack Com 2 Peças";"EVOLUSOM-PR";"ALVO_VALIDADO";"774.4";"774.4";"0.1";"0.1";""
"MLB7598594922";"VTK005885";"Amplificador Frahm RD HDMI Amplifier V3 30w Rms";"EVOLUSOM-PR";"ALVO_VALIDADO";"981.98";"981.98";"0.10000203670135849";"0.1";""
"MLB7598594136";"VTK018687";"Caixa De Som Frahm 6 Hs 8 Ohms 70w Outdoor Branca Par";"EVOLUSOM-PR";"ALVO_VALIDADO";"1261.51";"1261.51";"0.15000277445283824";"0.15";""
"MLB7598593976";"VTK017931";"Alarme Positron Keyless Kl-360 012873000";"EVOLUSOM-PR";"ALVO_VALIDADO";"437.52";"437.52";"0.10367526055951728";"0.1";""
"MLB7598593864";"VTK018571";"Gravador De Vídeo Em Rede Tp-link Vigi Nvr1004h-4p Poe+ 4 Canais";"EVOLUSOM-PR";"ALVO_VALIDADO";"900.57";"900.57";"0.10000333122355841";"0.1";""
"MLB7598593602";"VTK004168";"Suporte Retrátil p/ Violão/Guitarra/Baixo G3 EVOLUTION ASK";"EVOLUSOM-PR";"ALVO_VALIDADO";"108.55";"108.55";"0.07001381851681253";"0.07";""
"MLB7598593534";"VTK018564";"Interruptor Smart Wi-fi Ews101 Intelbras 4850000";"EVOLUSOM-PR";"ALVO_VALIDADO";"177.05";"177.05";"0.07003671279299632";"0.07";""
"MLB7598580118";"VTK018405";"Cabo Extensor Para Microfone Ptt Aquário Ac-04 4 Pinos 5m";"EVOLUSOM-PR";"ALVO_VALIDADO";"136.47";"136.47";"0.07005202608631934";"0.07";""
"MLB7598579906";"VTK017917";"Super Tweeter Jbl Selenium St304 40w Rms 8r";"EVOLUSOM-PR";"ALVO_VALIDADO";"226.07";"226.07";"0.10001327022603618";"0.1";""
"MLB7598579232";"VTK017490";"Fita De Tecido Nylon Technoise Com Cola 19mm - 20 Metros";"EVOLUSOM-PR";"ALVO_VALIDADO";"65.03";"65.03";"0.25618945102260493";"0.07";""
"MLB7598578878";"VTK018305";"Alto Falante Inteligente Intelbras Izy Speak Mini 4010002";"EVOLUSOM-PR";"ALVO_VALIDADO";"625";"625";"0.1";"0.1";""
"MLB7598578398";"VTK018138";"Ssd Kingston 480gb Sata3 Sa400s37/480g";"EVOLUSOM-PR";"ALVO_VALIDADO";"1162.39";"1162.39";"0.15000129044468724";"0.15";""
"MLB7598577060";"VTK018212";"Patch Cord Furukawa Cat5e 0.5m Azul T568a 35104005";"EVOLUSOM-PR";"ALVO_VALIDADO";"41.9";"41.9";"0.09880668257756563";"0.07";""
"MLB7598576600";"VTK018081";"Sensor De Estacionamento Roadstar Rs304br - Prata";"EVOLUSOM-PR";"ALVO_VALIDADO";"97.1";"97.1";"0.07929969104016478";"0.07";""
"MLB7598576412";"VTK005773";"Suporte de Teto Para TV 37-75"" SAV-6000 Aquário";"EVOLUSOM-PR";"ALVO_VALIDADO";"286.27";"286.27";"0.10001047961714465";"0.1";""
"MLB7598576138";"VTK018018";"Corda Para Contrabaixo Giannini Gesbx5 0.40-0.125 Super Leve";"EVOLUSOM-PR";"ALVO_VALIDADO";"113.1";"113.1";"0.070026525198939";"0.07";""
"MLB7598572832";"VTK018104";"Alarme Positron Cyber Tx360 Para Caminhão 02 Controles";"EVOLUSOM-PR";"ALVO_VALIDADO";"630.65";"630.65";"0.10000792832791565";"0.1";""
"MLB7598571244";"VTK017230";"Controle Remoto Mxt 01349 Tv Led Philips Smart 4k Netflix";"EVOLUSOM-PR";"ALVO_VALIDADO";"36.51";"36.51";"0.07011777595179404";"0.07";""
"MLB7598571014";"VTK017665";"Alicate De Corte Mxt 160mm 6""";"EVOLUSOM-PR";"ALVO_VALIDADO";"47.93";"47.93";"0.07010223242228249";"0.07";""
"MLB7598570822";"VTK018590";"Alto Falante 12"" Subwoofer Slim Hurricane Shallow Ss-12 300w Rms 4r";"EVOLUSOM-PR";"ALVO_VALIDADO";"583.17";"583.17";"0.10000514429754617";"0.1";""
"MLB7598569952";"VTK017675";"Headset Pro Evus Comanche F-14 7.1";"EVOLUSOM-PR";"ALVO_VALIDADO";"275.19";"275.19";"0.10363748682728297";"0.1";""
"MLB7598569570";"VTK023554";"Alicate Para Crimpar Mxt Rj45";"EVOLUSOM-PR";"ALVO_VALIDADO";"51.77";"51.77";"0.0701178288584122";"0.07";""
"MLB7598567936";"VTK017743";"Lnbf Aquário Dth-01mp Multiponto Banda Ku";"EVOLUSOM-PR";"ALVO_VALIDADO";"112.19";"112.19";"0.07005972011765756";"0.07";""
"MLB7598567790";"VTK023474";"Estabilizador Coletek Es-500va - Bivolt Manual";"EVOLUSOM-PR";"ALVO_VALIDADO";"171.18";"171.18";"0.11093585699263932";"0.07";""
"MLB7598528112";"VTK018978";"Cabo Hdmi Proeletronic Cahd-2000/15 4k Macho X Macho 2.0 15m";"EVOLUSOM-PR";"ALVO_VALIDADO";"132.44";"132.44";"0.07006946541830263";"0.07";""
"MLB7598527994";"VTK018048";"Cabo Paralelo Technoise 100% Cobre Cristal 2x0.50 Mm Rolo 100 Metros";"EVOLUSOM-PR";"ALVO_VALIDADO";"220.27";"220.27";"0.10001361964861306";"0.1";""
"MLB7598526774";"VTK017738";"Microfone Dinâmico Com Fio M-58 Profissional - Cabo 3 Metros O.d.5.0 Mm";"EVOLUSOM-PR";"ALVO_VALIDADO";"139.18";"139.18";"0.10094841212817933";"0.07";""
"MLB7598526076";"VTK002147";"Pen Drive Multilaser TWIST PD588 16GB Preto";"EVOLUSOM-PR";"ALVO_VALIDADO";"73.23";"73.23";"0.07005325686194182";"0.07";""
"MLB7598525520";"VTK017809";"Fone De Ouvido Akg K182 Closed-back Preto";"EVOLUSOM-PR";"ALVO_VALIDADO";"1320.44";"1320.44";"0.15076035260973614";"0.15";""
"MLB7598524470";"VTK017706";"Ferro De Solda Hikari Ax180 180w 220v Machadinha";"EVOLUSOM-PR";"ALVO_VALIDADO";"304.73";"304.73";"0.10002297115479276";"0.1";""
"MLB7598524368";"VTK004762";"Alicate de Crimpar Hikari HK-300";"EVOLUSOM-PR";"ALVO_VALIDADO";"57.23";"57.23";"0.07006814607723222";"0.07";""
"MLB7598523888";"VTK017540";"Controle Remoto Mxt 01380 Tv Led Semp Toshiba Ct-6810 Netflix/youtube";"EVOLUSOM-PR";"ALVO_VALIDADO";"37.94";"37.94";"0.09383236689509752";"0.07";""
"MLB7598522932";"VTK018165";"Cabo Hdmi Aquário 4k903 4k Conector 90° - 3m";"EVOLUSOM-PR";"ALVO_VALIDADO";"40.55";"40.55";"0.09223181257706536";"0.07";""
"MLB7598521714";"VTK017732";"Alarme Automotivo Fks Fk515 Keyless Multimarcas";"EVOLUSOM-PR";"ALVO_VALIDADO";"234.17";"234.17";"0.10001281120553446";"0.1";""
"MLB7598521180";"VTK018146";"Alarme Positron Cyber Fx-360 012871000";"EVOLUSOM-PR";"ALVO_VALIDADO";"442.14";"442.14";"0.10001357036232868";"0.1";""
"MLB7598520706";"VTK017793";"Cabo Hdmi Aquário 8k2 8k Macho X Macho 2.1 2m";"EVOLUSOM-PR";"ALVO_VALIDADO";"63.04";"63.04";"0.07011421319796954";"0.07";""
"MLB7598520274";"VTK017498";"Estabilizador Coletek Energia Es-3200va Bivolt Automático 06 Tomadas";"EVOLUSOM-PR";"ALVO_VALIDADO";"532.43";"532.43";"0.10771369006254344";"0.1";""
"MLB7598520114";"VTK017641";"Cabo Teclado Sparflex Nitro 100 Plug 90 5 Metros Preto 538199010f";"EVOLUSOM-PR";"ALVO_VALIDADO";"91.13";"91.13";"0.0700098760013168";"0.07";""
"MLB7598519608";"VTK004571";"Rádio Roadstar RS-2714BR USB/Bluetooth";"EVOLUSOM-PR";"ALVO_VALIDADO";"164.9";"164.9";"0.0700424499696786";"0.07";""
"MLB7598517994";"VTK021011";"Telefone Intelbras Gondola Tc-20 Cinza ártico Com Fio 4090400";"EVOLUSOM-PR";"ALVO_VALIDADO";"78.08";"78.08";"0.09310963114754098";"0.07";""
"MLB7598517860";"VTK017464";"Cabo Hdmi 2.1 8k Aquário Ultra Hd 120fps - 1 Metro";"EVOLUSOM-PR";"ALVO_VALIDADO";"46.24";"46.24";"0.07006920415224914";"0.07";""
"MLB7598517248";"VTK017438";"Câmera Angular Olho De Peixe Roadstar Rs285br Visão 180º Ré Ou Frontal";"EVOLUSOM-PR";"ALVO_VALIDADO";"149.68";"149.68";"0.07001603420630678";"0.07";""
"MLB7598516752";"VTK005054";"Pasta Térmica Ts Cold 4g Implastec";"EVOLUSOM-PR";"ALVO_VALIDADO";"70.83";"70.83";"0.09543978540166596";"0.07";""
"MLB7598516216";"VTK017594";"Cabo Hdmi Aquário 4k10 4k Macho X Macho 2.0 10m";"EVOLUSOM-PR";"ALVO_VALIDADO";"99.6";"99.6";"0.09016064257028113";"0.07";""
"MLB7598515864";"VTK017421";"Controle Remoto Ar Condicionado Mxt Co1346 Split Elgin Silent";"EVOLUSOM-PR";"ALVO_VALIDADO";"40.98";"40.98";"0.07003416300634456";"0.07";""
"MLB7598475902";"VTK005966";"Sugador de Solda Hikari HK-192 Azul";"EVOLUSOM-PR";"ALVO_VALIDADO";"55.9";"55.9";"0.0701252236135957";"0.07";""
"MLB7598475538";"VTK005878";"Ventilador de Teto Ventisol Elluz 3 Pás Branco Bivolt";"EVOLUSOM-PR";"ALVO_VALIDADO";"434.82";"434.82";"0.18419115956027782";"0.1";""
"MLB7598474274";"VTK021890";"Ferro De Passar Vapor E à Seco Agratto – Vapore Fv-02 220v";"EVOLUSOM-PR";"ALVO_VALIDADO";"96.64";"96.64";"0.09074917218543045";"0.07";""
"MLB7598474140";"VTK018991";"Controle Remoto Mxt Compatível Amazon Fire Stick Tv3 E Fire Stick Tv4k Função Comando De Voz";"EVOLUSOM-PR";"ALVO_VALIDADO";"96.61";"96.61";"0.07007556153607286";"0.07";""
"MLB7598473646";"VTK017998";"Cabo De áudio óptico Aquário Toslink Tsk30 - 3 Metros";"EVOLUSOM-PR";"ALVO_VALIDADO";"40.78";"40.78";"0.114271701814615";"0.07";""
"MLB7598471052";"VTK017551";"Monitor Brx Slim Led 17"" Hdmi + Vga";"EVOLUSOM-PR";"ALVO_VALIDADO";"418.68";"418.68";"0.14705741855354926";"0.1";""
"MLB7598470466";"VTK000251";"Multimetro Digital Minipa ET-1000 Azul";"EVOLUSOM-PR";"ALVO_VALIDADO";"92.67";"92.67";"0.1229092478687817";"0.07";""
"MLB7598468870";"VTK017393";"Cabo Hdmi Aquário 4k15 4k Macho X Macho 2.0 15m";"EVOLUSOM-PR";"ALVO_VALIDADO";"185.65";"185.65";"0.07002423915970912";"0.07";""
"MLB7598468780";"VTK017495";"Alto Falante 6x9"" Hurricane Class Cm 69 Quadriaxial 90w Rms 4r Par";"EVOLUSOM-PR";"ALVO_VALIDADO";"191.24";"191.24";"0.07001673290106672";"0.07";""
"MLB7598468678";"VTK018841";"Cabo Vga Macho X Vga Macho Mxt Dupla Blindagem Com Filtro 5.8mm - 03 Metros";"EVOLUSOM-PR";"ALVO_VALIDADO";"39.35";"39.35";"0.09301143583227446";"0.07";""
"MLB7598468212";"VTK017415";"Espuma Para Chicote Technoise Rolo 2m Com Cola (caixa Com 10)";"EVOLUSOM-PR";"ALVO_VALIDADO";"56.6";"56.6";"0.1302120141342756";"0.07";""
"MLB7598467972";"VTK017550";"Sensor De Estacionamento Roadstar Rs308br Com 4 Sensores E Display Indicador De Distancia Prata";"EVOLUSOM-PR";"ALVO_VALIDADO";"119.7";"119.7";"0.07000835421888053";"0.07";""
"MLB7598467760";"VTK001887";"Ponta de Prova Grossa PVC HK3 CAT II Hikari";"EVOLUSOM-PR";"ALVO_VALIDADO";"49.7";"49.7";"0.08812877263581488";"0.07";""
"MLB7598466660";"VTK017618";"Multímetro Digital Mxt Dt830-b Com Buzzer - Preto";"EVOLUSOM-PR";"ALVO_VALIDADO";"53.97";"53.97";"0.1274782286455438";"0.07";""
"MLB7598465570";"VTK017316";"Mouse Pad Evus Mp-900b Experience Speed";"EVOLUSOM-PR";"ALVO_VALIDADO";"60.49";"60.49";"0.07009423045131427";"0.07";""
"MLB7598464986";"VTK020051";"Voltimetro Digital Stetsom Mini Vt 7-30vdc 15ma";"EVOLUSOM-PR";"ALVO_VALIDADO";"76.57";"76.57";"0.07000130599451483";"0.07";""
"MLB5197351117";"VTK018903";"Calota Grid Aro 15p 045cp-pta Fiat Idea Attractive 2011/ 13 Cubo Padrão - PC / 4";"EVOLUSOM-PR";"ALVO_VALIDADO";"136.82";"147.61";"0.0700494546439943";"0.07";""
"MLB5197289569";"VTK018543";"Calota Grid Aro 15p 147cp-pta Volkswagen Fox 2015 Cubo Padrão - PC / 4";"EVOLUSOM-PR";"ALVO_VALIDADO";"136.82";"147.61";"0.0700494546439943";"0.07";""
"MLB5197288805";"VTK018932";"Calota Aro 15a 869ar-pof Mod Sandero 2014/ 18 Ar - PC / 4";"EVOLUSOM-PR";"ALVO_VALIDADO";"148.35";"148.35";"0.07003707448601282";"0.07";""
"MLB5197287661";"VTK018627";"Calota Grid Aro 14p 175cb-pta Prata Chevrolet Prisma/ Celta 08/13 - PC / 4";"EVOLUSOM-PR";"ALVO_VALIDADO";"94.89";"99.77";"0.07006114062343391";"0.07";""
"MLB5197286725";"VTK017753";"Calota Grid Aro 13p 042cb-pta Gm Modelo Celta 2012/ 15 Cubo Baixo - PC / 4";"EVOLUSOM-PR";"ALVO_VALIDADO";"90.47";"93.26";"0.07001930087926228";"0.07";""
"MLB5197286485";"VTK018679";"Calota Grid Aro 14"" 096cb-pta Fiat Sienna 2012/13 - PC / 4";"EVOLUSOM-PR";"ALVO_VALIDADO";"99.77";"99.77";"0.07006114062343391";"0.07";""
"MLB5197285685";"VTK018699";"Calota Grid Aro 15p 169ar-pta-e Citroen C3 2014/15 - PC / 4";"EVOLUSOM-PR";"ALVO_VALIDADO";"130.34";"136.82";"0.07001900306972665";"0.07";""
"MLB5197115475";"VTK018532";"Calota Grid Aro 14a 450ar-pta Modelo Nissan March 2015 - PC / 4";"EVOLUSOM-PR";"ALVO_VALIDADO";"99.77";"99.77";"0.07006114062343391";"0.07";""
"MLB5197113435";"VTK017307";"Cooler Para Processador Evus Cp-90 Azul";"EVOLUSOM-PR";"ALVO_VALIDADO";"81.47";"81.47";"0.07008714864367252";"0.07";""
"MLB5197112683";"VTK018868";"Contra Frente Plástica Permak Toyota Etios 2 Din Preta";"EVOLUSOM-PR";"ALVO_VALIDADO";"117.26";"117.26";"0.07001535050315538";"0.07";""
"MLB5197112097";"VTK018616";"Contra Frente Plástica Permak Ka Focus Escot Ranger 2 Din 89/c2";"EVOLUSOM-PR";"ALVO_VALIDADO";"38.66";"38.66";"0.10889808587687533";"0.07";""
"MLB5197111553";"VTK002049";"Caixa Medusa 28 Vias BSMED28 Preta Santo Angelo";"EVOLUSOM-PR";"ALVO_VALIDADO";"426.79";"426.79";"0.10609433210712528";"0.1";""
"MLB5197110095";"VTK019135";"Moldura Fiamon 2 Din Toyota Etios/ Corolla Gli 15/ Black Pia";"EVOLUSOM-PR";"ALVO_VALIDADO";"83.69";"83.69";"0.08794360138606763";"0.07";""
"MLB5197109987";"VTK019136";"Moldura Fiamon 2 Din Vw G5 Saveiro Cross Grafite";"EVOLUSOM-PR";"ALVO_VALIDADO";"90.88";"90.88";"0.0700924295774648";"0.07";""
"MLB5197109885";"VTK019062";"Moldura Fiamon 2 Din Vw Gol G5/saveiro/voyage Preta";"EVOLUSOM-PR";"ALVO_VALIDADO";"91.32";"91.32";"0.07008322382829611";"0.07";""
"MLB5197109741";"VTK019040";"Cabo Santo Angelo Ninja Sc-20 P10 Mono / Xlr Femea 15 Ft / 4,57 Metros";"EVOLUSOM-PR";"ALVO_VALIDADO";"105.9";"105.9";"0.0813975448536355";"0.07";""
"MLB5197108105";"VTK005837";"Amplificador Frahm Slim 3200 Optical G5 200w Rms";"EVOLUSOM-PR";"ALVO_VALIDADO";"1473.9";"1473.9";"0.15000339236040436";"0.15";""
"MLB5197107473";"VTK018958";"Apoio De Pulso Multilaser Para Teclado Preto Multi - Ac366";"EVOLUSOM-PR";"ALVO_VALIDADO";"80.41";"80.41";"0.07747792563114042";"0.07";""
"MLB5197107319";"VTK019161";"Moldura Fiamon Redutora 9"" Para 7"" 2 Din - Preto";"EVOLUSOM-PR";"ALVO_VALIDADO";"70.8";"70.8";"0.07005649717514124";"0.07";""
"MLB5197107041";"VTK018878";"Moldura Fiamon 2 Din Jeep Renegade 2015/2016";"EVOLUSOM-PR";"ALVO_VALIDADO";"230";"230";"0.1";"0.1";""
"MLB5197106215";"VTK020489";"Alto-falante Subwoofer 18” Jbl Selenium Vulcano Swv3.8 4r1900w";"EVOLUSOM-PR";"ALVO_VALIDADO";"1979.68";"1979.68";"0.15000404105714052";"0.15";""
"MLB5197105665";"VTK018248";"Multímetro Digital Western 979md Com Bip";"EVOLUSOM-PR";"ALVO_VALIDADO";"69.05";"69.05";"0.14105720492396814";"0.07";""
"MLB5197104753";"VTK018716";"Cabo De Guitarra Sparflex Nitro 100 Plug Noiseless 5 Metros Preto";"EVOLUSOM-PR";"ALVO_VALIDADO";"254.17";"254.17";"0.10001180312389348";"0.1";""
"MLB5197104063";"VTK018756";"Alto Falante Eros Pro E-408 8"" 8r 400w Rms";"EVOLUSOM-PR";"ALVO_VALIDADO";"687.19";"687.19";"0.10000145520161817";"0.1";""
"MLB5196986439";"VTK021327";"Amplificador Profissional Frahm Gr 5500 App 2x300rms Bt/ Usb/ Sd/ Fm/ Aux Bivolt";"EVOLUSOM-PR";"ALVO_VALIDADO";"3196.24";"3196.24";"0.15481941281005182";"0.15";""
"MLB5196986005";"VTK018730";"Moldura Fiamon 2 Din Vw Gol G3/saveiro/parati Preta";"EVOLUSOM-PR";"ALVO_VALIDADO";"87.14";"87.14";"0.0803305026394308";"0.07";""
"MLB5196985705";"VTK018976";"Moldura Fiamon 9"" Fiat Mobi - Preta";"EVOLUSOM-PR";"ALVO_VALIDADO";"268.82";"268.82";"0.10002975969049922";"0.1";""
"MLB5196985603";"VTK019055";"Moldura 2 Din Fiamon Grand Siena - Champagne";"EVOLUSOM-PR";"ALVO_VALIDADO";"295.95";"295.95";"0.10001689474573408";"0.1";""
"MLB5196985481";"VTK023277";"Microfone Sem Fio Mxt Headset/lapela Uhf517bdp";"EVOLUSOM-PR";"ALVO_VALIDADO";"527.17";"527.17";"0.10019538289356375";"0.1";""
"MLB5196985347";"VTK018822";"Caixa Amplificada Multiuso Frahm Tf 370 Tws";"EVOLUSOM-PR";"ALVO_VALIDADO";"722.16";"722.16";"0.11773014290461947";"0.1";""
"MLB5196985177";"VTK018853";"Cabo Stéreo Philips Tiaflex 100 Metros 3x0,14 Mm 731410";"EVOLUSOM-PR";"ALVO_VALIDADO";"678.54";"678.54";"0.10000884251481122";"0.1";""
"MLB5196984739";"VTK018225";"Alicate Universal Hikari 4,5"" 115 Mm";"EVOLUSOM-PR";"ALVO_VALIDADO";"62.99";"62.99";"0.25257977456739167";"0.07";""
"MLB5196984349";"VTK018684";"Kit Alicates Miniatura Western 3 Peças Com Mola";"EVOLUSOM-PR";"ALVO_VALIDADO";"90.76";"90.76";"0.2133098281181137";"0.07";""
"MLB5196984191";"VTK018644";"Resistência Hikari Hk-936a";"EVOLUSOM-PR";"ALVO_VALIDADO";"69.35";"69.35";"0.09603460706560923";"0.07";""
"MLB5196984017";"VTK018444";"Moldura Fiamon 2 Din Toyota Corolla 08/ 13 Grafite";"EVOLUSOM-PR";"ALVO_VALIDADO";"77.39";"77.39";"0.07003488822845329";"0.07";""
"MLB5196981879";"VTK018696";"Suporte Articulado Para Tv Multivisão 40"" A 100""";"EVOLUSOM-PR";"ALVO_VALIDADO";"720.89";"720.89";"0.12094771740487453";"0.1";""
"MLB5196981273";"VTK018249";"Lupa De Mesa Western 9050l Com Garras Para Solda";"EVOLUSOM-PR";"ALVO_VALIDADO";"78.35";"78.35";"0.11474154435226548";"0.07";""
"MLB5196981047";"VTK018314";"Grampeador Tapeceiro Western 4 á 8 Mm";"EVOLUSOM-PR";"ALVO_VALIDADO";"81.75";"81.75";"0.11168195718654435";"0.07";""
"MLB5196980799";"VTK018416";"Calculadora De Mesa Procalc Pc315-gy 12 Dígitos Cinza";"EVOLUSOM-PR";"ALVO_VALIDADO";"80.26";"80.26";"0.08123598305507101";"0.07";""
"MLB5196980657";"VTK018527";"Moldura Fiamon 2 Din Vw Gol G4/saveiro Preta";"EVOLUSOM-PR";"ALVO_VALIDADO";"117.26";"117.26";"0.07001535050315538";"0.07";""
"MLB5196980327";"VTK018515";"Alarme Automotivo Fks Fk905 Universal Sensor De Presença 2 Controles Cr941 Cr955";"EVOLUSOM-PR";"ALVO_VALIDADO";"257.35";"257.35";"0.1000194287934719";"0.1";""
"MLB5196978911";"VTK018506";"Calculadora De Mesa Procalc Pc130-gn 12 Dígitos Verde";"EVOLUSOM-PR";"ALVO_VALIDADO";"57.1";"57.1";"0.07005253940455342";"0.07";""
"MLB5196978679";"VTK018161";"Fonte Chaveada Mxt Para Cftv 12v 5a Bivolt";"EVOLUSOM-PR";"ALVO_VALIDADO";"91.96";"91.96";"0.07003044802087866";"0.07";""
"MLB5196978493";"VTK018093";"Cabo Santo Angelo Ninja Nm E-20 P10 Mono / Xlr Macho 15 Ft / 4,57 Metros";"EVOLUSOM-PR";"ALVO_VALIDADO";"94.96";"94.96";"0.07950716090985678";"0.07";""
"MLB5196978327";"VTK018271";"Cabo De Guitarra Santo Angelo Angl L Têxtil 10 Ft 3,05 Metros P10 / P10 90 Graus Preto/azul";"EVOLUSOM-PR";"ALVO_VALIDADO";"115.94";"115.94";"0.08642401242021736";"0.07";""
"MLB5196977869";"VTK018114";"Amplificador Frahm Slim 3700 Optical G5";"EVOLUSOM-PR";"ALVO_VALIDADO";"1694.92";"1694.92";"0.15129917636230616";"0.15";""
"MLB5196977597";"VTK018410";"Lona De Carreteiro Western 5x3 100g P/m2";"EVOLUSOM-PR";"ALVO_VALIDADO";"149.46";"149.46";"0.07005218787635488";"0.07";""
"MLB5196976831";"VTK021441";"Guia Organizador Cabos Max Eletron 1u X 19";"EVOLUSOM-PR";"ALVO_VALIDADO";"55.54";"55.54";"0.07003961109110551";"0.07";""
"MLB5196976713";"VTK018274";"Cabo Santo Angelo Ninja Sc-20 P10 Mono / Xlr Femea 10 Ft / 3,05 Metros";"EVOLUSOM-PR";"ALVO_VALIDADO";"91.06";"91.06";"0.07665275642433561";"0.07";""
"MLB5196976433";"VTK018614";"Cabo De Potencia Technoise 100% Cobre Vermelho 16 Mm Rolo 25 Metros";"EVOLUSOM-PR";"ALVO_VALIDADO";"822.58";"822.58";"0.10000243137445598";"0.1";""
"MLB5196976179";"VTK018252";"Serra De Copo Bimetal Western 7 Peças";"EVOLUSOM-PR";"ALVO_VALIDADO";"144.65";"144.65";"0.09975803664016591";"0.07";""
"MLB5196975901";"VTK018254";"Defletor Western Para Ar Condicionado";"EVOLUSOM-PR";"ALVO_VALIDADO";"86.67";"86.67";"0.07695857851621091";"0.07";""
"MLB5196974725";"VTK018167";"Câmera De Ré Com Sensor Roadstar Rs-231br Sc Pro Line";"EVOLUSOM-PR";"ALVO_VALIDADO";"191.59";"191.59";"0.07004540946813508";"0.07";""
"MLB5196974421";"VTK018003";"Chave Tipo Ninja Western 10 X 11 X 13 Mm";"EVOLUSOM-PR";"ALVO_VALIDADO";"50.75";"50.75";"0.20413793103448274";"0.07";""
"MLB5196974213";"VTK003338";"Patch Cord U/UTP CAT.6 CMX 20m T568A/B Azul FURUKAWA SOHOPLUS";"EVOLUSOM-PR";"ALVO_VALIDADO";"259.66";"259.66";"0.1004005237618424";"0.1";""
"MLB5196973553";"VTK017660";"Alicate Corte Diagonal Western 2098/6 6"" 15cm Amarelo";"EVOLUSOM-PR";"ALVO_VALIDADO";"66.24";"66.24";"0.2391304347826087";"0.07";""
"MLB5196882269";"VTK018313";"Alicate Miniatura Meia Cana Western Bico Longo";"EVOLUSOM-PR";"ALVO_VALIDADO";"38.78";"38.78";"0.12429087158329036";"0.07";""
"MLB5196882043";"VTK021891";"Mini Rack Max Eletron 19"" 05 X 350mm Porta Perfurada - Preto";"EVOLUSOM-PR";"ALVO_VALIDADO";"295.22";"295.22";"0.18437097757604495";"0.1";""
"MLB5196881941";"VTK002927";"Detector de Sequencia de Fase Ez Phase II Minipa";"EVOLUSOM-PR";"ALVO_VALIDADO";"246.84";"246.84";"0.10002430724355858";"0.1";""
"MLB5196881803";"VTK018719";"Alarme Automotivo Fks Fk500 Vw G5 / G6 Gol, Voyage, Saveiro, Fox";"EVOLUSOM-PR";"ALVO_VALIDADO";"312.36";"312.36";"0.10513510052503522";"0.1";""
"MLB5196879173";"VTK018065";"Controle Remoto Ar Condicionado Mxt Split York Alps Ec 01357";"EVOLUSOM-PR";"ALVO_VALIDADO";"42.57";"42.57";"0.09114399812074231";"0.07";""
"MLB5196877999";"VTK018498";"Alto Falante Subwoofer 12"" Bravox Uxp Aviator 12-d2 600w Rms";"EVOLUSOM-PR";"ALVO_VALIDADO";"673.98";"673.98";"0.10000296744710527";"0.1";""
"MLB5196877843";"VTK018247";"Leitor De Código De Barras 2d Fixo Elgin El8600";"EVOLUSOM-PR";"ALVO_VALIDADO";"1700.19";"1700.19";"0.15000088225433628";"0.15";""
"MLB5196877119";"VTK018418";"Monitor Led C3tech Mr-240wh 24 Polegadas Full Hd Branco";"EVOLUSOM-PR";"ALVO_VALIDADO";"768.65";"768.65";"0.10573082677421453";"0.1";""
"MLB5196876935";"VTK019061";"Moldura Fiamon 2 Din Toyota Corolla 2003 A 2007, Hilux 2005 A 2011, Prado Todos Preta ( Só As Laterais )";"EVOLUSOM-PR";"ALVO_VALIDADO";"39.95";"39.95";"0.07008760951188986";"0.07";""
"MLB5196875175";"VTK018217";"Sensor De Estacionamento Code Prime Para Metal";"EVOLUSOM-PR";"ALVO_VALIDADO";"135.79";"135.79";"0.07666249355622654";"0.07";""
"MLB5196874877";"VTK018120";"Fritadeira Air Fryer Oster 4,6l 220v";"EVOLUSOM-PR";"ALVO_VALIDADO";"462.96";"462.96";"0.10000864005529635";"0.1";""
"MLB5196873859";"VTK018155";"Alto Falante Subwoofer Jbl Tornado 15swt5600 15"" 4r 2800w Rms";"EVOLUSOM-PR";"ALVO_VALIDADO";"2469.96";"2469.96";"0.15000242918913667";"0.15";""
"MLB5196871993";"VTK000181";"Suporte Para Notebook NT-Multi Preto Multivisão";"EVOLUSOM-PR";"ALVO_VALIDADO";"73.08";"73.08";"0.07006020799124248";"0.07";""
"MLB5196871841";"VTK017947";"Controle Remoto Stetsom Sx1 8 Funções Grafite";"EVOLUSOM-PR";"ALVO_VALIDADO";"115.05";"115.05";"0.08048674489352456";"0.07";""
"MLB5196871627";"VTK017834";"Ferro De Solda Western 40w 220v";"EVOLUSOM-PR";"ALVO_VALIDADO";"50.89";"50.89";"0.10552171349970525";"0.07";""
"MLB5196870491";"VTK018442";"Calota Grid Aro 13p 240ca-pta Prata Volkswagen Gol G6 2014/ 16 Cubo Alto - PC / 4";"EVOLUSOM-PR";"ALVO_VALIDADO";"93.26";"93.26";"0.07001930087926228";"0.07";""
"MLB5196869887";"VTK018200";"Calota Aro 14"" 249ca-pta Mod Gol 2019 Ca - PC / 4";"EVOLUSOM-PR";"ALVO_VALIDADO";"99.77";"99.77";"0.07006114062343391";"0.07";""
"MLB5196869603";"VTK018456";"Calota Aro 14p 009ca-pof Mod Gol G5/ Voyage/saveiro 2009/ 11 Ca - PC / 4";"EVOLUSOM-PR";"ALVO_VALIDADO";"148.35";"148.35";"0.07003707448601282";"0.07";""
"MLB5196726295";"VTK018145";"Calota Grid Aro 14p 223cb-pta Fiat Uno Way 2015/ 16 Cubo Baixo - PC / 4";"EVOLUSOM-PR";"ALVO_VALIDADO";"99.77";"99.77";"0.07006114062343391";"0.07";""
"MLB5196725349";"VTK018287";"Calota Grid Aro 13p 140cb-pta Modelo Corsa / Classic Cubo Baixo - PC / 4";"EVOLUSOM-PR";"ALVO_VALIDADO";"93.26";"93.26";"0.07001930087926228";"0.07";""
"MLB5196725139";"VTK018283";"Calota Grid Aro 14p 043cb-pta Fiat Modelo Palio Attractive 2010/ 11 Cubo Baixo - PC / 4";"EVOLUSOM-PR";"ALVO_VALIDADO";"99.77";"99.77";"0.07006114062343391";"0.07";""
"MLB5196724905";"VTK018301";"Calota Aro 14p 292cb-gft Mod Argo 2017/ 18 Cb - PC / 4";"EVOLUSOM-PR";"ALVO_VALIDADO";"148.35";"148.35";"0.07003707448601282";"0.07";""
"MLB5196724397";"VTK018240";"Calota Aro 14p 111ca-pof Mod Strada 2013/ 14 Ca - PC / 4";"EVOLUSOM-PR";"ALVO_VALIDADO";"148.35";"148.35";"0.07003707448601282";"0.07";""
"MLB5196723953";"VTK018186";"Calota Grid Aro 14p 241cb-pta Volkswaggen Gol / Voyage G6 2015 Cubo Baixo - PC / 4";"EVOLUSOM-PR";"ALVO_VALIDADO";"99.77";"99.77";"0.07006114062343391";"0.07";""
"MLB5196723705";"VTK017989";"Calota Grid Aro 14p 157cb-pta Prata Fiat Uno Attractive 2014 Cubo Baixo - PC / 4";"EVOLUSOM-PR";"ALVO_VALIDADO";"99.77";"99.77";"0.07006114062343391";"0.07";""
"MLB5196723045";"VTK018034";"Calota Grid Aro 15"" 214cp-pta Fiat Grand Siena 2014/15 - PC / 4";"EVOLUSOM-PR";"ALVO_VALIDADO";"147.61";"147.61";"0.0700494546439943";"0.07";""
"MLB5196721313";"VTK017695";"Cabo Lan Mpt Cat6 U/utp 23awgx4p 305 Metros Cmx Preto 53040552";"EVOLUSOM-PR";"ALVO_VALIDADO";"1602.28";"1602.28";"0.16261202786029907";"0.15";""
"MLB5196718817";"VTK017294";"Calota Aro 15p 377cp-gft Mod Onix / Prisma 2020";"EVOLUSOM-PR";"ALVO_VALIDADO";"51.77";"51.77";"0.10295537956345373";"0.07";""
"MLB5196632677";"VTK023642";"Cabo Lan Mpt Cat.5e Blindado Int./ext. F/utp 24awgx4p 100 Metros Cmx Preto 53126452";"EVOLUSOM-PR";"ALVO_VALIDADO";"598.3";"598.3";"0.1";"0.1";""
"MLB5196622537";"VTK018840";"Alto Falante 6x9"" Hurricane Platino Qr 69 Quadriaxial 150w Rms 4r Par";"EVOLUSOM-PR";"ALVO_VALIDADO";"286.62";"286.62";"0.10002791152048009";"0.1";""
"MLB5196587819";"VTK019053";"Controle Remoto Mxt 01285 Tv Samsung Smart Tv - Modelos Antigos";"EVOLUSOM-PR";"ALVO_VALIDADO";"44.9";"44.9";"0.11024498886414255";"0.07";""
"MLB5196587611";"VTK002783";"Extensão Tripla 2 X 0,75 X 5,0M Branca Megatron";"EVOLUSOM-PR";"ALVO_VALIDADO";"44.06";"44.06";"0.08374943259192011";"0.07";""
"MLB5196587337";"VTK017833";"Jogo De Chaves De Fenda Western Com 8 Peças";"EVOLUSOM-PR";"ALVO_VALIDADO";"62.54";"62.54";"0.0700351774864087";"0.07";""
"MLB5196586609";"VTK017447";"Ferro A Seco Black + Decker Vfa1110xm6 Cromado Com Base De Alumínio 220v";"EVOLUSOM-PR";"ALVO_VALIDADO";"177.03";"177.03";"0.07230412924363103";"0.07";""
"MLB5196586407";"VTK017585";"Ferro De Solda Western 40w 127v";"EVOLUSOM-PR";"ALVO_VALIDADO";"52.07";"52.07";"0.10466679469944307";"0.07";""
"MLB5196586171";"VTK017737";"Fita Dupla Face De Espuma 3m Ambiente Interno 12x1,5 Metros";"EVOLUSOM-PR";"ALVO_VALIDADO";"66.71";"66.71";"0.264877829410883";"0.07";""
"MLB5196585943";"VTK017818";"Monitor Brx Led 23'' Hdmi + Vga + Webcam Hd";"EVOLUSOM-PR";"ALVO_VALIDADO";"810.03";"810.03";"0.10000864165524735";"0.1";""
"MLB5196585561";"VTK017804";"Cordão Prolongador Daneva 3 Metros Ref.1312";"EVOLUSOM-PR";"ALVO_VALIDADO";"57.69";"57.69";"0.1393655746229849";"0.07";""
"MLB5196585317";"VTK017705";"Cabo Paralelo Technoise 100% Cobre Cristal 2x1.50 Mm Rolo 100 Metros";"EVOLUSOM-PR";"ALVO_VALIDADO";"525.67";"525.67";"0.10000570700249206";"0.1";""
"MLB5196584891";"VTK004758";"Testador de Cabo de Rede Hikari HTC-31";"EVOLUSOM-PR";"ALVO_VALIDADO";"88.36";"88.36";"0.09382073336351289";"0.07";""
"MLB5196584465";"VTK017614";"Auto Rádio Roadstar Rs2724br Bluetooth Es 24v";"EVOLUSOM-PR";"ALVO_VALIDADO";"187.19";"187.19";"0.08606228965222501";"0.07";""
"MLB5196584089";"VTK018358";"Controle Remoto Mxt 01096 Para Ar Condicionado Lg 6711a20069f";"EVOLUSOM-PR";"ALVO_VALIDADO";"46.94";"46.94";"0.10843630166169578";"0.07";""
"MLB5196583901";"VTK002057";"Ferro de Solda 34W 220V POWER 40 Cinza/Azul Hikari";"EVOLUSOM-PR";"ALVO_VALIDADO";"74.81";"74.81";"0.09410506616762465";"0.07";""
"MLB5196583587";"VTK017756";"Sensor De Movimento Smart Ism 1001 Intelbras";"EVOLUSOM-PR";"ALVO_VALIDADO";"248.95";"248.95";"0.10484032938341033";"0.1";""
"MLB5196479437";"VTK017710";"Desencapador De Cabos Coaxial Western";"EVOLUSOM-PR";"ALVO_VALIDADO";"58.26";"58.26";"0.2090628218331617";"0.07";""
"MLB5196478703";"VTK017544";"Alto Falante Triaxial Bravox Revolução Revo5 5"" 70w Rms Par";"EVOLUSOM-PR";"ALVO_VALIDADO";"170.47";"170.47";"0.08529360004692907";"0.07";""
"MLB5196478309";"VTK018731";"Controle Remoto Mxt 01308 Para Ar Condicionado Midea Estilo";"EVOLUSOM-PR";"ALVO_VALIDADO";"47.65";"47.65";"0.10786988457502623";"0.07";""
"MLB5196478061";"VTK017648";"Chave Inglesa Western 720/10 Ajustável 10""";"EVOLUSOM-PR";"ALVO_VALIDADO";"55.47";"55.47";"0.07012799711555796";"0.07";""
"MLB5196477377";"VTK022406";"Cabo Hdmi Aquário 8k5 8k Macho X Macho 2.1 5m";"EVOLUSOM-PR";"ALVO_VALIDADO";"129.06";"129.06";"0.07004494033782736";"0.07";""
"MLB5196476761";"VTK021404";"Controle Remoto Tv Smart Mxt 01322 Philips 40pfg5100/ 78";"EVOLUSOM-PR";"ALVO_VALIDADO";"38.74";"38.74";"0.09344346928239546";"0.07";""
"MLB5196476471";"VTK017613";"Módulo Fks Para Reboque Mr200 Com 4 Saídas";"EVOLUSOM-PR";"ALVO_VALIDADO";"187.63";"187.63";"0.3317166764376699";"0.07";""
"MLB5196476085";"VTK017563";"Suporte Articulado De Mesa Proeletronic Pqsm-mo01 Para Monitor 13""-27""";"EVOLUSOM-PR";"ALVO_VALIDADO";"227.8";"227.8";"0.17989464442493414";"0.1";""
"MLB5196475447";"VTK002031";"Ferro de Solda 34W 127V POWER 40 Cinza/Azul Hikari";"EVOLUSOM-PR";"ALVO_VALIDADO";"74.81";"74.81";"0.09410506616762465";"0.07";""
"MLB5196474079";"VTK017311";"Controle Remoto 01376 Tv Aoc Le43s5977 Netflix";"EVOLUSOM-PR";"ALVO_VALIDADO";"39.06";"39.06";"0.11623143881208396";"0.07";""
"MLB5196472165";"VTK017227";"Disco Diamantado Vonder 110mm V2 Furo 20";"EVOLUSOM-PR";"ALVO_VALIDADO";"41.34";"41.34";"0.10643444605708757";"0.07";""
"MLB5196471747";"VTK017178";"Plug P10 Santo Angelo Fêmea Jack-s Estéreo";"EVOLUSOM-PR";"ALVO_VALIDADO";"47.82";"47.82";"0.1725219573400251";"0.07";""
"MLB5196469765";"VTK000091";"Patch Cord CAT.5e CMX 1,5m T568A U/UTP Azul Furukawa Sohoplus";"EVOLUSOM-PR";"ALVO_VALIDADO";"43.1";"43.1";"0.09095127610208817";"0.07";""
"MLB5196468981";"VTK017470";"Teclado Viper Pro Focus Vo101";"EVOLUSOM-PR";"ALVO_VALIDADO";"45.95";"45.95";"0.0766050054406964";"0.07";""
"MLB5196468703";"VTK017207";"Extensão Daneva Sort Pl - Cordão Pararelo 2x0.75mm 10metros Cor Sortida Ref1532";"EVOLUSOM-PR";"ALVO_VALIDADO";"58.56";"58.56";"0.07001366120218579";"0.07";""
"MLB5196468557";"VTK000291";"Antena Interna TV Digital HDTV DTV-100P Aquário";"EVOLUSOM-PR";"ALVO_VALIDADO";"50.45";"50.45";"0.10584737363726461";"0.07";""
"MLB5196468229";"VTK020755";"Cabo Conversor Hdmi Para Vga + Cabo De áudio P2 Mxt 1.2.105 Macho X Fêmea Preto";"EVOLUSOM-PR";"ALVO_VALIDADO";"64.83";"64.83";"0.09779423106586457";"0.07";""
"MLB5196467671";"VTK017326";"Fan Gamemax Para Pc Gamer Gf12b 12cm Azul 32 Led";"EVOLUSOM-PR";"ALVO_VALIDADO";"72.49";"72.49";"0.07835563526003587";"0.07";""
"MLB5196467065";"VTK002010";"Ferro de Solda 50W 127V POWER 60 Cinza/Verde Hikari";"EVOLUSOM-PR";"ALVO_VALIDADO";"80.78";"80.78";"0.09234959148304035";"0.07";""
"MLB5196466893";"VTK001020";"Chaleira Elétrica Agratto CE01 Prata Em Aço Inox 127v";"EVOLUSOM-PR";"ALVO_VALIDADO";"94.08";"94.08";"0.12319302721088435";"0.07";""
"MLB5196439185";"VTK017272";"Gabarito De Precisão Evus Ev-9 Com Decap Acrilato";"EVOLUSOM-PR";"ALVO_VALIDADO";"43.5";"43.5";"0.07701149425287357";"0.07";""
"MLB5196438993";"VTK019633";"Fonte Chaveada 5v 2a P4 C+ 2.1 X 5.5 Mm";"EVOLUSOM-PR";"ALVO_VALIDADO";"45.8";"45.8";"0.10938864628820961";"0.07";""
"MLB5196438319";"VTK022001";"Teclado Game Usb C3tech Kg-10v2bk";"EVOLUSOM-PR";"ALVO_VALIDADO";"57.63";"57.63";"0.07010237723407947";"0.07";""
"MLB5196437919";"VTK000316";"Detector de Tensão Ez Alert I Minipa";"EVOLUSOM-PR";"ALVO_VALIDADO";"61.52";"61.52";"0.08468790637191156";"0.07";""
"MLB5196437291";"VTK017482";"Faqueiro Tramontina Leme 20 Peças - Azul";"EVOLUSOM-PR";"ALVO_VALIDADO";"70";"70";"0.12714285714285714";"0.07";""
"MLB5196437041";"VTK017680";"Cabo Rca Mxt Profissional Blindado 2 Rca + 2 Rca Vermelho 5mm - 03 Metros";"EVOLUSOM-PR";"ALVO_VALIDADO";"71.71";"71.71";"0.08255473434667411";"0.07";""
"MLB5196436119";"VTK017485";"Jogo De Facas Tramontina Plenus 09 Peças Preto";"EVOLUSOM-PR";"ALVO_VALIDADO";"115.45";"115.45";"0.1220441749675184";"0.07";""
"MLB5196434435";"VTK017420";"Monitor Brx Led 20"" Hdmi + Vga";"EVOLUSOM-PR";"ALVO_VALIDADO";"470.4";"470.4";"0.1";"0.1";""
"MLB5196414023";"VTK017357";"Fonte Colmeia Evus Psu-20a 12v 20a 240w Bivolt";"EVOLUSOM-PR";"ALVO_VALIDADO";"144.27";"144.27";"0.10605115408608858";"0.07";""
"MLB5196412931";"VTK017448";"Monitor Brx Led 20"" Hdmi + Vga Branco";"EVOLUSOM-PR";"ALVO_VALIDADO";"494.76";"494.76";"0.132346996523567";"0.1";""
"MLB5196412717";"VTK017199";"Cabo óptico Transcend Speed Star Mini Flat Drop 1f 1km";"EVOLUSOM-PR";"ALVO_VALIDADO";"1118.45";"1118.45";"0.15000223523626446";"0.15";""
"MLB5196357671";"VTK019009";"Amplificador Frahm Slim Iot 2200 1x120w Rms";"EVOLUSOM-PR";"ALVO_VALIDADO";"1441.78";"1444.26";"0.15000069239610594";"0.15";""
"MLB5196357033";"VTK018893";"Caixa De Som Bluetooth Tp-link Groovi Ripple";"EVOLUSOM-PR";"ALVO_VALIDADO";"278.02";"278.02";"0.10794187468527446";"0.1";""
"MLB5196356543";"VTK018747";"Camera Ip D-link Dcs-960l Wireless Ultra Hd Wide";"EVOLUSOM-PR";"ALVO_VALIDADO";"958.99";"958.99";"0.10000104276374103";"0.1";""
"MLB5196356293";"VTK017851";"Jogo De Chaves Combinadas Western S-21 06 A 17mm Com 10 Peças";"EVOLUSOM-PR";"ALVO_VALIDADO";"91.35";"91.35";"0.12807881773399016";"0.07";""
"MLB5196356187";"VTK021381";"Alto Falante Pioneer 6x9"" Ts-6990br 300rms/ Par";"EVOLUSOM-PR";"ALVO_VALIDADO";"464.44";"464.44";"0.10001291878391182";"0.1";""
"MLB5196355835";"VTK011977";"Amplificador Frahm Slim IoT 2700 160W RMS Wi-Fi Compatível com Alexa";"EVOLUSOM-PR";"ALVO_VALIDADO";"1617.84";"1617.84";"0.150002472432379";"0.15";""
"MLB5196355673";"VTK018315";"Protetor Eletrônico Intelbras Epe204 4 Tomadas 2 Usb Branco";"EVOLUSOM-PR";"IDENTIDADE_PENDENTE";"103.71";"103.71";"0.07000289268151577";"0.07";"VOLTAGE: cadastro=127V, ML=127/220V"
"MLB5196355051";"VTK003167";"Termômetro Infravermelho Minipa MT-320B Preto";"EVOLUSOM-PR";"ALVO_VALIDADO";"346.22";"346.22";"0.11128762058806539";"0.1";""
"MLB5196354475";"VTK019193";"Calculadora Financeira Truly Tr12c Platinum Rpn Algébrica";"EVOLUSOM-PR";"ALVO_VALIDADO";"286.97";"286.97";"0.10001045405443076";"0.1";""
"MLB5196353853";"VTK018510";"Microfone Csr Ht-48a Profissional Com Chave Anti Queda";"EVOLUSOM-PR";"ALVO_VALIDADO";"161.98";"161.98";"0.0755648845536486";"0.07";""
"MLB5196353541";"VTK018085";"Smartwatch Multilaser Wr206 M2r Amoled Preto";"EVOLUSOM-PR";"ALVO_VALIDADO";"543.15";"543.15";"0.10995121053116082";"0.1";""
"MLB5196353119";"VTK017354";"Fonte Atx Evus Ps-200 200w 20/24p 2 Sata Com Caixa";"EVOLUSOM-PR";"ALVO_VALIDADO";"93.46";"93.46";"0.07650331692702761";"0.07";""
"MLB5196352269";"VTK018846";"Aparelho Stetsom Vulcan V1k4d 2 Ohms Digital 1 Canal 1400w";"EVOLUSOM-PR";"ALVO_VALIDADO";"1615.76";"1615.76";"0.15000371342278557";"0.15";""
"MLB5196352043";"VTK018802";"Alarme Automotivo Positron Keyless Kl-360 Light";"EVOLUSOM-PR";"ALVO_VALIDADO";"411.87";"411.87";"0.10000728385170077";"0.1";""
"MLB5196351569";"VTK018760";"Telefone Sem Fio Intelbras Ts 9160 áudio Conferência 4129160";"EVOLUSOM-PR";"ALVO_VALIDADO";"1522.32";"1522.32";"0.15000131378422407";"0.15";""
"MLB5196351499";"VTK023157";"Microfone Duplo Sem Fio Uhf-9000";"EVOLUSOM-PR";"ALVO_VALIDADO";"1152.85";"1152.85";"0.1513900333954981";"0.15";""
"MLB5196351179";"VTK018640";"Caixa Baú Vonder Inox Cbi020 20kg";"EVOLUSOM-PR";"ALVO_VALIDADO";"387.42";"387.42";"0.10002064942439728";"0.1";""
"MLB5196351031";"VTK018673";"Dvr Gravador De Vídeo Frahm 4 Canais Fgd2004l";"EVOLUSOM-PR";"ALVO_VALIDADO";"571.69";"571.69";"0.17959033742063005";"0.1";""
"MLB5196322671";"VTK018073";"Water Cooler Gamemax Argb Rmt1687h Ice Chil 120";"EVOLUSOM-PR";"ALVO_VALIDADO";"604.77";"604.77";"0.10000496056352001";"0.1";""
"MLB5196322167";"VTK023452";"Suporte Pedestal Rack Para Tv Até 70"" Aquário Rack- 100";"EVOLUSOM-PR";"ALVO_VALIDADO";"660.47";"660.47";"0.10000454221993428";"0.1";""
"MLB5196321973";"VTK018960";"Bateria Unipower 12v 40ah Up12400 M6 V0";"EVOLUSOM-PR";"ALVO_VALIDADO";"1118.63";"1118.63";"0.18924934965091225";"0.15";""
"MLB5196321025";"VTK022543";"Multimídia Roadstar Android Com Carplay 9"" - Rs915br";"EVOLUSOM-PR";"ALVO_VALIDADO";"888.99";"888.99";"0.10000112487204581";"0.1";""
"MLB5196320683";"VTK018612";"Cabo Santo Angelo Ninja Sc-20 Xlr Macho / Xlr Femea 10 Ft / 3,05 Metros";"EVOLUSOM-PR";"ALVO_VALIDADO";"94.06";"94.06";"0.07006166276844566";"0.07";""
"MLB5196320557";"VTK018004";"Cortador De Cabelos Philco Pcr04 Com 9 Acessórios E 4 Pentes 127v";"EVOLUSOM-PR";"ALVO_VALIDADO";"144.65";"144.65";"0.07003110957483581";"0.07";""
"MLB5196319419";"VTK018213";"Alarme Automotivo Fks Fk902 Sem Bloqueio - Cr941";"EVOLUSOM-PR";"ALVO_VALIDADO";"215.64";"215.64";"0.1000278241513634";"0.1";""
"MLB5196318771";"VTK018131";"Microfone Mxt M-k5 Preto Metal Com Fio 3 Metros 541022";"EVOLUSOM-PR";"ALVO_VALIDADO";"119.54";"119.54";"0.07001840388154591";"0.07";""
"MLB5196318591";"VTK017877";"Sensor De Estacionamento Roadstar Rs304br - Preto Brilhante";"EVOLUSOM-PR";"ALVO_VALIDADO";"98.42";"98.42";"0.07000609632188579";"0.07";""
"MLB5196318021";"VTK018318";"Furadeira De Impacto Multilaser Fe033 600w 127v";"EVOLUSOM-PR";"ALVO_VALIDADO";"273.42";"273.42";"0.17207958452198083";"0.1";""
"MLB5196317909";"VTK018409";"Climatizador Evaporativo Symphony Winter 56l 220v 60hz";"EVOLUSOM-PR";"ALVO_VALIDADO";"1979.31";"1979.31";"0.15000176829299097";"0.15";""
"MLB5196316811";"VTK005368";"Subwoofer Amplificado JBL SW8A-MS Slim 200w";"EVOLUSOM-PR";"ALVO_VALIDADO";"2273.77";"2273.77";"0.1500019790919926";"0.15";""
"MLB5196316593";"VTK018203";"Descanso De Pés Multilaser Ac279";"EVOLUSOM-PR";"ALVO_VALIDADO";"136.55";"136.55";"0.07001098498718418";"0.07";""
"MLB5196315445";"VTK000655";"Suporte Portátil Para Violão G6 ASK";"EVOLUSOM-PR";"ALVO_VALIDADO";"62.53";"62.53";"0.07004637773868543";"0.07";""
"MLB5196314385";"VTK023066";"Alicate Bico Longo Hikari Hk-700 6""";"EVOLUSOM-PR";"ALVO_VALIDADO";"53.38";"53.38";"0.07006369426751592";"0.07";""
"MLB5196314163";"VTK017976";"Cabo Hdmi Aquário 4k910 4k Conector 90° - 10m";"EVOLUSOM-PR";"ALVO_VALIDADO";"94.66";"94.66";"0.07004014367208959";"0.07";""
"MLB5196314027";"VTK017977";"Patch Panel Descarregado Sohoplus 16 Posições";"EVOLUSOM-PR";"ALVO_VALIDADO";"277.48";"277.48";"0.12883811445869972";"0.1";""
"MLB5196310353";"VTK001274";"Caixa de Som Frahm PS200 60w Branco (Par) - PAR / 2";"EVOLUSOM-PR";"ALVO_VALIDADO";"393.06";"393.06";"0.10001017656337455";"0.1";""
"MLB5196310281";"VTK018412";"Caixa De Medusa Santo Angelo Bsmed16 16 Vias";"EVOLUSOM-PR";"ALVO_VALIDADO";"289.33";"289.33";"0.10002419382711783";"0.1";""
"MLB5196310187";"VTK020581";"Telefone Interfone Sem Fio Com Ramal Externo Tis 5010 4521102";"EVOLUSOM-PR";"ALVO_VALIDADO";"721.78";"721.78";"0.10000277092742943";"0.1";""
"MLB5196309997";"VTK006582";"Sistema de Microfone Sem Fio UHF AKG 300 Sport";"EVOLUSOM-PR";"ALVO_VALIDADO";"1729.16";"1729.16";"0.15000346989289595";"0.15";""
"MLB5196308847";"VTK001731";"Ponta Conica para Ferro de Solda 80W Power 80 Hikari";"EVOLUSOM-PR";"ALVO_VALIDADO";"47.78";"47.78";"0.08894935119296776";"0.07";""
"MLB5196308581";"VTK018253";"Mousepad Gamer Viper Pro Naja Rgb";"EVOLUSOM-PR";"ALVO_VALIDADO";"116.1";"116.1";"0.07002583979328167";"0.07";""
"MLB5196308365";"VTK018270";"Suporte De Teto Multivisão Sky31 Para Tv De 19 A 56""";"EVOLUSOM-PR";"ALVO_VALIDADO";"292.78";"292.78";"0.15465537263474283";"0.1";""
"MLB5196308069";"VTK018214";"Arandela Frahm Hs 8"" Som De Embutir 150w Quadrada Com 3 Vias E Crossover";"EVOLUSOM-PR";"ALVO_VALIDADO";"983.93";"983.93";"0.10000711432723873";"0.1";""
"MLB5196307525";"VTK018033";"Ssd Ntc 120gb 2.5"" Sata Iii";"EVOLUSOM-PR";"ALVO_VALIDADO";"372.8";"372.8";"0.1";"0.1";""
"MLB5196306713";"VTK017390";"Cabo Hdmi Proeletronic Cahd-2050 4k Macho X Macho 2.0 5m";"EVOLUSOM-PR";"ALVO_VALIDADO";"44.9";"44.9";"0.07015590200445435";"0.07";""
"MLB5196306223";"VTK021008";"Telefone Intelbras Pleno Com Fio Cinza ártico Sem Chave 4080055";"EVOLUSOM-PR";"ALVO_VALIDADO";"89.28";"89.28";"0.09240591397849462";"0.07";""
"MLB5196306123";"VTK018202";"Antena Celular 4g Yagi Aquário Cf-2610 10dbi";"EVOLUSOM-PR";"ALVO_VALIDADO";"140.52";"140.52";"0.07287218901224024";"0.07";""
"MLB5196305877";"VTK022804";"Kit 2 Vias Alto Falantes Pioneer Ts-c1730br 6-3/4"" 60w";"EVOLUSOM-PR";"ALVO_VALIDADO";"339.57";"339.57";"0.10000883470271225";"0.1";""
"MLB5196305625";"VTK017433";"Mouse Usb Intelbras Mci20 Com Fio Preto";"EVOLUSOM-PR";"ALVO_VALIDADO";"50.6";"50.6";"0.07015810276679842";"0.07";""
"MLB5196305443";"VTK001552";"Suporte Portátil G5 Para Guitarra/Baixo ASK";"EVOLUSOM-PR";"ALVO_VALIDADO";"64.27";"64.27";"0.07001711529484986";"0.07";""
"MLB5196301973";"VTK017459";"Cabo Hdmi 2.0 Aquário 4k05 4k 3d 19 Pinos - 5 Metros";"EVOLUSOM-PR";"ALVO_VALIDADO";"50.3";"50.3";"0.11192842942345925";"0.07";""
"MLB5196301811";"VTK017898";"Fone Headset Intelbras Ths 55 Conector Usb 4010055";"EVOLUSOM-PR";"ALVO_VALIDADO";"412.99";"412.99";"0.10000242136613477";"0.1";""
"MLB5196301467";"VTK017782";"Multímetro Analógico Mxt Ft-360trnl Com Led Indicador De Continuidade";"EVOLUSOM-PR";"ALVO_VALIDADO";"106.99";"106.99";"0.11300121506682868";"0.07";""
"MLB5196299685";"VTK017855";"Patch Panel Descarregado Sohoplus 12 Posições";"EVOLUSOM-PR";"ALVO_VALIDADO";"216.62";"216.62";"0.14250761702520542";"0.1";""
"MLB5196298883";"VTK023561";"Kit 2 Vias Hurricane Platino Q6.2 Alto Falante 6"" 80w Rms 4r Par";"EVOLUSOM-PR";"ALVO_VALIDADO";"325.03";"325.03";"0.10002153647355629";"0.1";""
"MLB5196298475";"VTK017746";"Cooler Fan Mxt Sem Rolamento 120x120x38mm Bivolt";"EVOLUSOM-PR";"ALVO_VALIDADO";"71.57";"71.57";"0.07000139723347772";"0.07";""
"MLB5196297933";"VTK017670";"Cabo Para Microfone Santo Angelo Sc-30 Balanceado Preto 100metros";"EVOLUSOM-PR";"ALVO_VALIDADO";"903.57";"903.57";"0.10000332016335203";"0.1";""
"MLB5196231153";"VTK017658";"Cabo De áudio óptico Aquário Tsk20 Toslink - 2 Metros";"EVOLUSOM-PR";"ALVO_VALIDADO";"37.94";"37.94";"0.09383236689509752";"0.07";""
"MLB5196229705";"VTK017712";"Auto Radio Roadstar Rs150br Am/fm Bluetooth Dsp Pro Line";"EVOLUSOM-PR";"ALVO_VALIDADO";"517.1";"517.1";"0.10193386192225874";"0.1";""
"MLB5196228611";"VTK017578";"Teclado Sem Fio Multilaser Ts300 Slim - Tc220";"EVOLUSOM-PR";"ALVO_VALIDADO";"224.67";"224.67";"0.1000133529176125";"0.1";""
"MLB5196228455";"VTK017800";"Cabo Hdmi 90° Aquário 2.0 4k 5 Metros";"EVOLUSOM-PR";"ALVO_VALIDADO";"47.76";"47.76";"0.070142378559464";"0.07";""
"MLB5196228369";"VTK017437";"Câmera De Ré Roadstar Rs220br C Pro Line Borboleta Dinamic 160º";"EVOLUSOM-PR";"ALVO_VALIDADO";"132.94";"132.94";"0.07003159319993983";"0.07";""
"MLB5196228177";"VTK017560";"Câmera De Ré Ou Frontal 180° Roadstar Rs-180br Plus";"EVOLUSOM-PR";"ALVO_VALIDADO";"112.13";"112.13";"0.08962811022919827";"0.07";""
"MLB5196227973";"VTK017621";"Alarme Positron Duoblock Fx-g8 Universal Para Moto";"EVOLUSOM-PR";"ALVO_VALIDADO";"371.46";"371.46";"0.10001076831960373";"0.1";""
"MLB5196226193";"VTK001850";"Ponta de Prova Grossa PVC HK-1 CAT II Hikari";"EVOLUSOM-PR";"ALVO_VALIDADO";"49.41";"49.41";"0.15098158267557177";"0.07";""
"MLB5196222457";"VTK017296";"Cooler Gamer Evus F-12fix Fan 12cm Com Led";"EVOLUSOM-PR";"ALVO_VALIDADO";"51.5";"51.5";"0.0992233009708738";"0.07";""
"MLB5196222221";"VTK017365";"Patch Cord Furukawa Cat.6 Cmx 1.5m Vermelho 35123008";"EVOLUSOM-PR";"ALVO_VALIDADO";"52.24";"52.24";"0.07006125574272588";"0.07";""
"MLB5196222135";"VTK000471";"Mouse Sem Fio C3Tech M-W012BK Preto";"EVOLUSOM-PR";"ALVO_VALIDADO";"53.6";"53.6";"0.07014925373134327";"0.07";""
"MLB5196221645";"VTK017880";"Maquina De Cortar Cabelo Cadence Cab181 Simple Cut 220v";"EVOLUSOM-PR";"ALVO_VALIDADO";"76.42";"76.42";"0.0700078513478147";"0.07";""
"MLB5196221435";"VTK017321";"Fita De Led Rgb Evus Sense Fl-60rgb Com Controle";"EVOLUSOM-PR";"ALVO_VALIDADO";"78.8";"78.8";"0.08147208121827411";"0.07";""
"MLB5196220863";"VTK017356";"Fonte Colmeia Evus Psu-10b 12v 10a 120w Bivolt Pq";"EVOLUSOM-PR";"ALVO_VALIDADO";"92.56";"92.56";"0.11322385479688851";"0.07";""
"MLB5196220649";"VTK017340";"Teclado Gamer Evus Tc-11b Jellybeans";"EVOLUSOM-PR";"ALVO_VALIDADO";"96.46";"96.46";"0.07008086253369272";"0.07";""
"MLB5196220517";"VTK017339";"Teclado Gamer Evus Tc-10w Candy";"EVOLUSOM-PR";"ALVO_VALIDADO";"96.46";"96.46";"0.07008086253369272";"0.07";""
"MLB5196220475";"VTK017337";"Headset Gamer Evus F-02b Absolut";"EVOLUSOM-PR";"ALVO_VALIDADO";"96.46";"96.46";"0.07630105743313291";"0.07";""
"MLB5196220399";"VTK017315";"Mouse Gamer Evus Mo-10 Magician";"EVOLUSOM-PR";"ALVO_VALIDADO";"97.36";"97.36";"0.07621199671322926";"0.07";""
"MLB5196220301";"VTK017492";"Alto Falante 6"" Hurricane Triak 6 Triaxial 50w Rms 4r Par";"EVOLUSOM-PR";"ALVO_VALIDADO";"128.46";"128.46";"0.09030048264051066";"0.07";""
"MLB5196180173";"VTK017177";"Plug P10 Santo Angelo Fêmea Jack-m Mono";"EVOLUSOM-PR";"ALVO_VALIDADO";"45.06";"45.06";"0.14558366622281402";"0.07";""
"MLB5196179819";"VTK017310";"Controle Remoto Mxt 01369 Tv Universal Smart Netflix";"EVOLUSOM-PR";"ALVO_VALIDADO";"41.68";"41.68";"0.09165067178502878";"0.07";""
"MLB5196179741";"VTK017514";"Cabo Rca Injetado Technoise Series 300 Pro 4mm - 5m";"EVOLUSOM-PR";"ALVO_VALIDADO";"45.5";"45.5";"0.0701098901098901";"0.07";""
"MLB5196179575";"VTK017174";"Plug Xlr Santo Angelo Canon Painel Macho Níquel";"EVOLUSOM-PR";"ALVO_VALIDADO";"47";"47";"0.07";"0.07";""
"MLB5196179289";"VTK017192";"Alcool Implastec Isopropanol 99,8% 500ml";"EVOLUSOM-PR";"ALVO_VALIDADO";"49.23";"49.23";"0.07007921998781232";"0.07";""
"MLB5196178703";"VTK017314";"Mouse Gamer Evus Mo-09 Thundermaster";"EVOLUSOM-PR";"ALVO_VALIDADO";"49.24";"49.24";"0.07006498781478473";"0.07";""
"MLB5196178255";"VTK017184";"Alcool Isopropilico Implastec 99,8% 1000ml";"EVOLUSOM-PR";"ALVO_VALIDADO";"76.76";"76.76";"0.07008858780614903";"0.07";""
"MLB5196178099";"VTK017313";"Mouse Gamer Evus Mo-07";"EVOLUSOM-PR";"ALVO_VALIDADO";"77.41";"77.41";"0.07389226198165612";"0.07";""
"MLB5196178045";"VTK005772";"Cabo HDMI 2.1 8k 3m Nylon Preto Storm";"EVOLUSOM-PR";"ALVO_VALIDADO";"74.73";"74.73";"0.07011909541014318";"0.07";""
"MLB5196177627";"VTK017180";"Cabo Rca Technoise Series 400pro 5 Metros 5 Mm Conector Metal Blister";"EVOLUSOM-PR";"ALVO_VALIDADO";"80.65";"80.65";"0.08121512709237445";"0.07";""
"MLB5196177489";"VTK017471";"Headset Viper Pro Creative Vo400 Preto";"EVOLUSOM-PR";"ALVO_VALIDADO";"88.36";"88.36";"0.09947940244454503";"0.07";""
"MLB5196177093";"VTK021013";"Telefone Intelbras Pleno Preto Sem Chave Com Fio 4080051";"EVOLUSOM-PR";"ALVO_VALIDADO";"89.28";"89.28";"0.09240591397849462";"0.07";""
"MLB5196176017";"VTK017491";"Aquecedor Elétrico Cadence Miniconfort Aqc440 220v";"EVOLUSOM-PR";"ALVO_VALIDADO";"144.59";"144.59";"0.07006017013624732";"0.07";""
"MLB5196128415";"VTK018169";"Estabilizador Coletek Bem Ligado Es-300va Bivolt Manual 115v";"EVOLUSOM-PR";"ALVO_VALIDADO";"162.11";"162.11";"0.11319474430941953";"0.07";""
"MLB7216666520";"VTK000045";"Bateria Estacionária Selada 6V 4,5Ah VRLA UP645SEG Unipower";"EVOLUSOM-PR";"ALVO_VALIDADO";"78.9";"78.9";"0.20088719898605828";"0.07";""
"MLB4836306667";"VTK000234";"Violino Harmonics VA34 3/4 Natural";"INCONCLUSIVO";"ECONOMIA_INCONCLUSIVA";"762.28";"762.28";"";"0.1";"CUSTO_INDISPONIVEL"
"MLB7087105658";"VTK001037";"Encordoamento Violão Aço .010-.047 Phosphor Bronze EJ15 D Addario";"BKR1";"IDENTIDADE_PENDENTE";"151.68";"151.68";"0.16033755274261602";"0.07";"BRAND: cadastro=Mobi, ML=D'Addario"
"MLB7095389576";"VTK001037";"Encordoamento Violão Aço .010-.047 Phosphor Bronze EJ15 D Addario";"BKR1";"ALVO_VALIDADO";"151.68";"151.68";"0.16033755274261602";"0.07";""
"MLB4880560799";"VTK001614";"Encordoamento Para Cavaco .011 Aço E51 Rouxinol";"BKR1";"ALVO_VALIDADO";"30";"30.67";"0.07010107597000326";"0.07";""
"MLB7111714398";"VTK001614";"Encordoamento Para Cavaco .011 Aço E51 Rouxinol";"BKR1";"IDENTIDADE_PENDENTE";"30";"30.67";"0.07010107597000326";"0.07";"BRAND: cadastro=Rouxinol, ML=NIG"
"MLB5157055865";"VTK026051";"Amplificador Frahm Sensus Lite 260bt 2x30w";"EVOLUSOM-PR";"ALVO_VALIDADO";"585.23";"616.78";"0.10000324264729726";"0.1";""
"MLB5198836327";"VTK026051";"Amplificador Frahm Sensus Lite 260bt 2x30w";"EVOLUSOM-PR";"ALVO_VALIDADO";"585.23";"616.78";"0.10000324264729726";"0.1";""
"MLB5198836111";"VTK000234";"Violino Harmonics VA34 3/4 Natural";"INCONCLUSIVO";"ECONOMIA_INCONCLUSIVA";"762.28";"762.28";"";"0.1";"CUSTO_INDISPONIVEL"
"MLB4582573509";"VTK003694";"Encordoamento Para Violão .010 Extra Light Bronze Nanoweb 11002 Elixir";"BKR1";"IDENTIDADE_PENDENTE";"246.52";"260.93";"0.10002682711838425";"0.1";"BRAND: cadastro=Genérica, ML=Elixir"
"MLB4786772139";"VTK003694";"Encordoamento Para Violão .010 Extra Light Bronze Nanoweb 11002 Elixir";"BKR1";"ALVO_VALIDADO";"246.52";"260.93";"0.10002682711838425";"0.1";""
"MLB7111656708";"VTK003963";"Aspirador de Pó Vertical Agratto Duo AS01 1000w 127v";"EVOLUSOM-PR";"ALVO_VALIDADO";"214.62";"228.94";"0.10002620774001922";"0.1";""
"MLB7111645070";"VTK004149";"Encordoamento Para Violão Aço SG+ .011 Phosphor Bronze Coated";"BKR1";"ALVO_VALIDADO";"113";"115.26";"0.07001561686621552";"0.07";""
"MLB7111642228";"VTK012778";"Caixa Retorno Attack Vrm1220 - Monitor Palco Passivo 12 Polegadas 200 W Rms";"BKR1";"IDENTIDADE_PENDENTE";"2077";"2398.63";"0.15000229297557355";"0.15";"BRAND: cadastro=Attack Audio System, ML=Attack"
"MLB4857540467";"VTK012692";"Calculadora Com Bobina 12 Ditigos Bicolor Ma-5121 Elgin";"BKR1";"ALVO_VALIDADO";"754.13";"773.33";"0.10000905176315415";"0.1";""
"MLB4877417287";"VTK012517";"Arco De Violino Scarlett 4/4 Crina Animal Octogonal Em Madeira Cor - Natural";"BKR1";"IDENTIDADE_PENDENTE";"179";"186.62";"0.07003536598435323";"0.07";"BRAND: cadastro=Scarlett, ML=Custom Sound"
"MLB7149405526";"VTK012692";"Calculadora Com Bobina 12 Ditigos Bicolor Ma-5121 Elgin";"BKR1";"IDENTIDADE_PENDENTE";"754.13";"773.33";"0.10000905176315415";"0.1";"BRAND: cadastro=Elgin, ML=Mais - Elgin"
"MLB4881370433";"VTK012517";"Arco De Violino Scarlett 4/4 Crina Animal Octogonal Em Madeira Cor - Natural";"BKR1";"ALVO_VALIDADO";"179";"186.62";"0.07003536598435323";"0.07";""
"MLB4880586833";"VTK004149";"Encordoamento Para Violão Aço SG+ .011 Phosphor Bronze Coated";"BKR1";"IDENTIDADE_PENDENTE";"113";"115.26";"0.07001561686621552";"0.07";"BRAND: cadastro=SG, ML=Izzo"
"MLB7149371618";"VTK012432";"Pilha Aaa Alcalina Cartela Com 8 Unidades Flex";"BKR1";"ALVO_VALIDADO";"30.03";"31.91";"0.07019743027264182";"0.07";""
"MLB7149338828";"VTK012501";"Pilha Aa Alcalina Cartela Com 8 Unidades Flex";"BKR1";"ALVO_VALIDADO";"34";"34";"0.07264705882352941";"0.07";""
"MLB4857625071";"VTK012501";"Pilha Aa Alcalina Cartela Com 8 Unidades Flex";"BKR1";"IDENTIDADE_PENDENTE";"34";"34";"0.07264705882352941";"0.07";"BRAND: cadastro=Flex Gold, ML=Flex"
"MLB4857637979";"VTK012432";"Pilha Aaa Alcalina Cartela Com 8 Unidades Flex";"BKR1";"IDENTIDADE_PENDENTE";"30.03";"31.91";"0.07019743027264182";"0.07";"BRAND: cadastro=Flex Gold, ML=Flex"
"MLB7111652370";"VTK001617";"Suporte Fixo Para TV 14""-100"" INFINITI Preto Multivisão";"BKR1";"IDENTIDADE_PENDENTE";"55";"58.3";"0.07015437392795884";"0.07";"BRAND: cadastro=TTBDLCAH, ML=Multivisão"
"MLB4880581703";"VTK012558";"Pandeiro Meia Lua Vermelho Spanking";"BKR1";"ALVO_VALIDADO";"55";"55.98";"0.07002500893176135";"0.07";""
"MLB7149329468";"VTK012614";"Palheta Plasticover Alt Rrpasx250 Un";"BKR1";"ALVO_VALIDADO";"78.9";"78.9";"0.0797211660329531";"0.07";""
"MLB7111664334";"VTK012558";"Pandeiro Meia Lua Vermelho Spanking";"BKR1";"IDENTIDADE_PENDENTE";"55";"55.98";"0.07002500893176135";"0.07";"BRAND: cadastro=Spanking / Pro Fire, ML=Spanking"
"MLB7111661448";"VTK012614";"Palheta Plasticover Alt Rrpasx250 Un";"BKR1";"IDENTIDADE_PENDENTE";"78.9";"78.9";"0.0797211660329531";"0.07";"BRAND: cadastro=Dadddario, ML=Plasticover"
"MLB4880580805";"VTK012419";"Bateria Cr2477 Cartela Com 5 Unidades Flex";"BKR1";"ALVO_VALIDADO";"61.02";"61.03";"0.07012944453547436";"0.07";""
"MLB7111709620";"VTK012419";"Bateria Cr2477 Cartela Com 5 Unidades Flex";"BKR1";"IDENTIDADE_PENDENTE";"61.02";"61.03";"0.07012944453547436";"0.07";"BRAND: cadastro=Flex Gold, ML=Flex"
"MLB7236458372";"VTK001617";"Suporte Fixo Para TV 14""-100"" INFINITI Preto Multivisão";"BKR1";"ALVO_VALIDADO";"55";"58.3";"0.07015437392795884";"0.07";""
"MLB7313982730";"VTK003963";"Aspirador de Pó Vertical Agratto Duo AS01 1000w 127v";"EVOLUSOM-PR";"IDENTIDADE_PENDENTE";"214.62";"228.94";"0.10002620774001922";"0.1";"VOLTAGE: cadastro=110V, ML=127V"
"MLB5157057273";"VTK021164";"Alto Falante Subwoofer 12"" Pioneer Ts-w3060br 350w Rms 4 Ohms Bobina Simples";"EVOLUSOM-PR";"ALVO_VALIDADO";"436.32";"458.9";"0.1";"0.1";""
"MLB7593394174";"VTK012778";"Caixa Retorno Attack Vrm1220 - Monitor Palco Passivo 12 Polegadas 200 W Rms";"BKR1";"ALVO_VALIDADO";"2077";"2398.63";"0.15000229297557355";"0.15";""
