"sku","supplier","previous_status","previous_error","attempts","source_status","source_lookup_error","source_found","identity_confirmed","attributes_found","attributes_missing","gtin","new_status","block_reason"
"VTK000533","Hayamax","P0_API_ERROR","firecrawl_search_http_429","1","SOURCE_LOOKUP_DEFERRED","firecrawl_http_402","","false","BRAND|MODEL|GTIN","PART_NUMBER","7890000795821","SOURCE_LOOKUP_DEFERRED","external_source_infrastructure_deferred"
"VTK000540","Hayamax","P0_API_ERROR","firecrawl_search_http_429","0","SOURCE_LOOKUP_DEFERRED","firecrawl_http_402_circuit_open","","false","BRAND|MODEL|GTIN","BACKREST_HEIGHT|SEAT_DEPTH|OFFICE_CHAIR_WIDTH|MAX_CHAIR_HEIGHT|REQUIRES_ASSEMBLY|IS_GAMER|IS_ERGONOMIC|IS_SWIVEL|INCLUDES_ASSEMBLY_MANUAL","7890000796255","SOURCE_LOOKUP_DEFERRED","external_source_infrastructure_deferred"
"VTK000552","Hayamax","P0_API_ERROR","firecrawl_search_http_429","0","SOURCE_LOOKUP_DEFERRED","firecrawl_http_402_circuit_open","","false","BRAND|MODEL|GTIN","","7890000795937","SOURCE_LOOKUP_DEFERRED","external_source_infrastructure_deferred"
"VTK000568","Hayamax","P0_API_ERROR","firecrawl_search_http_429","0","SOURCE_FOUND_SECONDARY","firecrawl_http_402_circuit_open","","true","BRAND|MODEL|GTIN","OUTPUT_CONNECTORS","7898554607508","P0_MANUAL_IDENTITY","official_source_not_confirmed"
"VTK000572","Hayamax","P0_API_ERROR","firecrawl_search_http_429","0","SOURCE_LOOKUP_DEFERRED","firecrawl_http_402_circuit_open","","false","BRAND|MODEL|GTIN","","7890000796392","SOURCE_LOOKUP_DEFERRED","external_source_infrastructure_deferred"
"VTK000619","Hayamax","P0_API_ERROR","firecrawl_search_http_429","0","SOURCE_FOUND_SECONDARY","firecrawl_http_402_circuit_open","","true","BRAND|MODEL|GTIN","DEPTH|WIDTH|HEIGHT|DESK_MATERIALS|REQUIRES_ASSEMBLY|INCLUDES_ASSEMBLY_MANUAL","4711099473977","P0_MANUAL_IDENTITY","official_source_not_confirmed"
"VTK000779","Hayamax","P0_API_ERROR","firecrawl_search_http_429","0","SOURCE_LOOKUP_DEFERRED","firecrawl_http_402_circuit_open","","false","BRAND|MODEL|GTIN","","7890000836883","SOURCE_LOOKUP_DEFERRED","external_source_infrastructure_deferred"
"VTK000799","Hayamax","P0_API_ERROR","firecrawl_search_http_429","0","SOURCE_FOUND_SECONDARY","firecrawl_http_402_circuit_open","","true","BRAND|MODEL|GTIN","BACKREST_HEIGHT|SEAT_DEPTH|OFFICE_CHAIR_WIDTH|MAX_CHAIR_HEIGHT|REQUIRES_ASSEMBLY|IS_GAMER|IS_ERGONOMIC|IS_SWIVEL|INCLUDES_ASSEMBLY_MANUAL","4711099476480","P0_MANUAL_IDENTITY","possible_remote_listing_requires_review"
"VTK000809","Hayamax","P0_API_ERROR","firecrawl_search_http_429","0","SOURCE_FOUND_SECONDARY","firecrawl_http_402_circuit_open","","true","BRAND|MODEL|GTIN","","7898461976650","P0_MANUAL_IDENTITY","official_source_not_confirmed"
"VTK000831","Hayamax","P0_API_ERROR","firecrawl_search_http_429","0","SOURCE_FOUND_SECONDARY","firecrawl_http_402_circuit_open","","true","BRAND|MODEL|GTIN","MANUFACTURER|LENGTH|HEIGHT|DEPTH|MATERIAL|REQUIRES_ASSEMBLY|INCLUDES_ASSEMBLY_MANUAL","7896643439405","P0_MANUAL_IDENTITY","official_source_not_confirmed"
"VTK000949","Hayamax","P0_API_ERROR","firecrawl_search_http_429","0","SOURCE_FOUND_SECONDARY","firecrawl_http_402_circuit_open","","true","BRAND|GTIN","MANUFACTURER|MODEL|LENGTH|HEIGHT|DEPTH|MATERIAL|REQUIRES_ASSEMBLY|INCLUDES_ASSEMBLY_MANUAL","7896643439412","P0_MANUAL_IDENTITY","official_source_not_confirmed"
"VTK001007","Hayamax","P0_API_ERROR","firecrawl_search_http_429","0","SOURCE_LOOKUP_DEFERRED","firecrawl_http_402_circuit_open","","false","BRAND|MODEL|GTIN","","10564050000108","SOURCE_LOOKUP_DEFERRED","external_source_infrastructure_deferred"
"VTK001011","Hayamax","P0_API_ERROR","firecrawl_search_http_429","0","SOURCE_FOUND_SECONDARY","firecrawl_http_402_circuit_open","","true","BRAND|MODEL|GTIN","POWER_SUPPLY_TYPES","7898461965838","P0_MANUAL_IDENTITY","official_source_not_confirmed"
"VTK001039","Hayamax","P0_API_ERROR","firecrawl_search_http_429","0","SOURCE_LOOKUP_DEFERRED","firecrawl_http_402_circuit_open","","false","BRAND|MODEL|GTIN","PART_NUMBER","7890000796385","SOURCE_LOOKUP_DEFERRED","external_source_infrastructure_deferred"
"VTK001057","Hayamax","P0_API_ERROR","firecrawl_search_http_429","0","SOURCE_LOOKUP_DEFERRED","firecrawl_http_402_circuit_open","","false","BRAND|MODEL|GTIN","","4711530964651","SOURCE_LOOKUP_DEFERRED","external_source_infrastructure_deferred"
"VTK001063","Hayamax","P0_API_ERROR","firecrawl_search_http_429","0","SOURCE_LOOKUP_DEFERRED","firecrawl_http_402_circuit_open","","false","BRAND|MODEL|GTIN","","4711530961148","SOURCE_LOOKUP_DEFERRED","external_source_infrastructure_deferred"
"VTK001075","Hayamax","P0_API_ERROR","firecrawl_search_http_429","0","SOURCE_FOUND_SECONDARY","firecrawl_http_402_circuit_open","","true","BRAND|GTIN","","7893137318796","P0_MANUAL_IDENTITY","official_source_not_confirmed"
"VTK001077","Hayamax","P0_API_ERROR","firecrawl_search_http_429","0","SOURCE_FOUND_SECONDARY","firecrawl_http_402_circuit_open","","true","BRAND|MODEL|GTIN","FAN_TYPE","7898461970382","P0_MANUAL_IDENTITY","official_source_not_confirmed"
"VTK001089","Hayamax","P0_API_ERROR","firecrawl_search_http_429","0","SOURCE_FOUND_SECONDARY","firecrawl_http_402_circuit_open","","true","BRAND|MODEL|GTIN","","7890443020962","P0_MANUAL_IDENTITY","possible_remote_listing_requires_review"
"VTK001109","Hayamax","P0_API_ERROR","firecrawl_search_http_429","0","SOURCE_LOOKUP_DEFERRED","firecrawl_http_402_circuit_open","","false","BRAND|MODEL|GTIN","","7890000785846","SOURCE_LOOKUP_DEFERRED","external_source_infrastructure_deferred"
"VTK001119","Hayamax","P0_API_ERROR","firecrawl_search_http_429","0","SOURCE_LOOKUP_DEFERRED","firecrawl_http_402_circuit_open","","false","BRAND|MODEL|GTIN","BACKREST_HEIGHT|SEAT_DEPTH|OFFICE_CHAIR_WIDTH|MAX_CHAIR_HEIGHT|REQUIRES_ASSEMBLY|IS_GAMER|IS_ERGONOMIC|IS_SWIVEL|INCLUDES_ASSEMBLY_MANUAL","7890000785501","P0_MANUAL_IDENTITY","possible_remote_listing_requires_review"
"VTK001137","Hayamax","P0_API_ERROR","firecrawl_search_http_429","0","SOURCE_LOOKUP_DEFERRED","firecrawl_http_402_circuit_open","","false","BRAND|MODEL|GTIN","","4711530964675","SOURCE_LOOKUP_DEFERRED","external_source_infrastructure_deferred"
"VTK001155","Hayamax","P0_API_ERROR","firecrawl_search_http_429","0","SOURCE_FOUND_SECONDARY","firecrawl_http_402_circuit_open","","true","BRAND|MODEL|GTIN","ANATEL_HOMOLOGATION_NUMBER","7899278914408","P0_MANUAL_IDENTITY","official_source_not_confirmed"
"VTK001156","Hayamax","P0_API_ERROR","firecrawl_search_http_429","0","SOURCE_FOUND_SECONDARY","firecrawl_http_402_circuit_open","","true","BRAND|MODEL|GTIN","","7896673814180","P0_MANUAL_IDENTITY","official_source_not_confirmed"
"VTK001165","Hayamax","P0_API_ERROR","firecrawl_search_http_429","0","SOURCE_LOOKUP_DEFERRED","firecrawl_http_402_circuit_open","","false","BRAND|MODEL|GTIN","BACKREST_HEIGHT|SEAT_DEPTH|OFFICE_CHAIR_WIDTH|MAX_CHAIR_HEIGHT|REQUIRES_ASSEMBLY|IS_GAMER|IS_ERGONOMIC|IS_SWIVEL|INCLUDES_ASSEMBLY_MANUAL","7890000785839","SOURCE_LOOKUP_DEFERRED","external_source_infrastructure_deferred"
"VTK001173","Hayamax","P0_API_ERROR","firecrawl_search_http_429","0","SOURCE_LOOKUP_DEFERRED","firecrawl_http_402_circuit_open","","false","BRAND|MODEL|GTIN","","4711530961162","SOURCE_LOOKUP_DEFERRED","external_source_infrastructure_deferred"
"VTK001187","Hayamax","P0_API_ERROR","firecrawl_search_http_429","0","SOURCE_LOOKUP_DEFERRED","firecrawl_http_402_circuit_open","","false","BRAND|GTIN","","7890000785815","SOURCE_LOOKUP_DEFERRED","external_source_infrastructure_deferred"
"VTK001291","Hayamax","P0_API_ERROR","firecrawl_search_http_429","0","SOURCE_LOOKUP_DEFERRED","firecrawl_http_402_circuit_open","","false","BRAND|MODEL|GTIN","PRODUCT_NAME","17899737500392","SOURCE_LOOKUP_DEFERRED","external_source_infrastructure_deferred"
"VTK001297","Hayamax","P0_API_ERROR","firecrawl_search_http_429","0","SOURCE_FOUND_SECONDARY","firecrawl_http_402_circuit_open","","true","BRAND|MODEL|GTIN","","7890443014374","P0_MANUAL_IDENTITY","official_source_not_confirmed"
"VTK001303","Hayamax","P0_API_ERROR","firecrawl_search_http_429","0","SOURCE_FOUND_SECONDARY","firecrawl_http_402_circuit_open","","true","BRAND|MODEL|GTIN","","7890443014381","P0_MANUAL_IDENTITY","official_source_not_confirmed"
"VTK001325","Hayamax","P0_API_ERROR","firecrawl_search_http_429","0","SOURCE_FOUND_SECONDARY","firecrawl_http_402_circuit_open","","true","BRAND|GTIN","ELECTRIC_CABLE_TYPE|SECTION_SIZE|CABLE_LENGTH|CONDUCTORS_NUMBER","7898429980514","P0_MANUAL_IDENTITY","official_source_not_confirmed"
"VTK001336","Hayamax","P0_API_ERROR","firecrawl_search_http_429","0","SOURCE_LOOKUP_DEFERRED","firecrawl_http_402_circuit_open","","false","BRAND|MODEL|GTIN","PRODUCT_TYPE","17702073028751","SOURCE_LOOKUP_DEFERRED","external_source_infrastructure_deferred"
"VTK001343","Hayamax","P0_API_ERROR","firecrawl_search_http_429","0","SOURCE_FOUND_SECONDARY","firecrawl_http_402_circuit_open","","true","BRAND|MODEL|GTIN","INSTALLATION_PLACEMENT","7898678590564","P0_MANUAL_IDENTITY","official_source_not_confirmed"
"VTK001379","Hayamax","P0_API_ERROR","firecrawl_search_http_429","0","SOURCE_LOOKUP_DEFERRED","firecrawl_http_402_circuit_open","","false","BRAND|GTIN","ELECTRIC_CABLE_TYPE|SECTION_SIZE|CABLE_LENGTH|CONDUCTORS_NUMBER","7898429980415","SOURCE_LOOKUP_DEFERRED","external_source_infrastructure_deferred"
"VTK001390","Hayamax","P0_API_ERROR","firecrawl_search_http_429","0","SOURCE_FOUND_SECONDARY","firecrawl_http_402_circuit_open","","true","BRAND|MODEL|GTIN","","7890000797696","P0_MANUAL_IDENTITY","official_source_not_confirmed"
"VTK001439","Hayamax","P0_API_ERROR","firecrawl_search_http_429","0","SOURCE_LOOKUP_DEFERRED","firecrawl_http_402_circuit_open","","false","BRAND|MODEL|GTIN","PART_NUMBER|VEHICLE_TYPE","7890000797726","SOURCE_LOOKUP_DEFERRED","external_source_infrastructure_deferred"
"VTK001485","Hayamax","P0_API_ERROR","firecrawl_search_http_429","0","SOURCE_FOUND_SECONDARY","firecrawl_http_402_circuit_open","","true","BRAND|MODEL|GTIN","ELECTRIC_CABLE_TYPE|SECTION_SIZE|CABLE_LENGTH|CONDUCTORS_NUMBER","7898417291479","P0_MANUAL_IDENTITY","official_source_not_confirmed"
"VTK001507","Hayamax","P0_API_ERROR","firecrawl_search_http_429","0","SOURCE_FOUND_SECONDARY","firecrawl_http_402_circuit_open","","true","BRAND|MODEL|GTIN","","4957812496889","P0_MANUAL_IDENTITY","official_source_not_confirmed"
"VTK001572","Hayamax","P0_API_ERROR","firecrawl_search_http_429","0","SOURCE_FOUND_SECONDARY","firecrawl_http_402_circuit_open","","true","BRAND|MODEL|GTIN","RECOMMENDED_INSTRUMENT","733132120277","P0_MANUAL_IDENTITY","remote_listing_exists"
"VTK001643","BKR1","P0_API_ERROR","firecrawl_search_http_429","0","SOURCE_FOUND_SECONDARY","firecrawl_http_402_circuit_open","","true","BRAND|GTIN","MODEL","7898566200414","P0_MANUAL_IDENTITY","official_source_not_confirmed"
"VTK001732","Hayamax","P0_API_ERROR","firecrawl_search_http_429","0","SOURCE_FOUND_SECONDARY","firecrawl_http_402_circuit_open","","true","BRAND|MODEL|GTIN","RECOMMENDED_INSTRUMENT","7898159180246","P0_MANUAL_IDENTITY","official_source_not_confirmed"
"VTK001762","Hayamax","P0_API_ERROR","firecrawl_search_http_429","0","SOURCE_FOUND_SECONDARY","firecrawl_http_402_circuit_open","","true","BRAND|MODEL|GTIN","","7898464732758","P0_MANUAL_IDENTITY","official_source_not_confirmed"
"VTK001834","BKR1","P0_API_ERROR","firecrawl_search_http_429","0","SOURCE_LOOKUP_DEFERRED","firecrawl_http_402_circuit_open","","false","BRAND|GTIN","MODEL","7898566201978","SOURCE_LOOKUP_DEFERRED","external_source_infrastructure_deferred"
"VTK001863","BKR1","P0_API_ERROR","firecrawl_search_http_429","0","SOURCE_FOUND_SECONDARY","firecrawl_http_402_circuit_open","","true","BRAND|GTIN","MODEL","5379861525010","P0_MANUAL_IDENTITY","official_source_not_confirmed"
"VTK001875","Hayamax","P0_API_ERROR","firecrawl_search_http_429","0","SOURCE_FOUND_SECONDARY","firecrawl_http_402_circuit_open","","true","BRAND|MODEL|GTIN","RECOMMENDED_INSTRUMENT","7898159187535","P0_MANUAL_IDENTITY","official_source_not_confirmed"
"VTK001897","Hayamax","P0_API_ERROR","firecrawl_search_http_429","0","SOURCE_LOOKUP_DEFERRED","firecrawl_http_402_circuit_open","","false","BRAND|GTIN","INPUT_CONNECTOR|OUTPUT_CONNECTOR","7898429981023","SOURCE_LOOKUP_DEFERRED","external_source_infrastructure_deferred"
"VTK001978","Hayamax","P0_API_ERROR","firecrawl_search_http_429","0","SOURCE_FOUND_SECONDARY","firecrawl_http_402_circuit_open","","true","BRAND|MODEL|GTIN","RECOMMENDED_INSTRUMENT","733132160020","P0_MANUAL_IDENTITY","remote_listing_exists"
"VTK002141","BKR1","P0_API_ERROR","firecrawl_search_http_429","0","SOURCE_FOUND_SECONDARY","firecrawl_http_402_circuit_open","","true","BRAND|GTIN","MODEL","7898572866024","P0_MANUAL_IDENTITY","official_source_not_confirmed"
"VTK002437","Hayamax","P0_API_ERROR","firecrawl_search_http_429","0","SOURCE_FOUND_SECONDARY","firecrawl_http_402_circuit_open","","true","BRAND|GTIN","MODEL","7898946771152","P0_MANUAL_IDENTITY","official_source_not_confirmed"
"VTK002521","Hayamax","P0_API_ERROR","firecrawl_search_http_429","0","SOURCE_FOUND_SECONDARY","firecrawl_http_402_circuit_open","","true","BRAND|MODEL|GTIN","","7890443020955","P0_MANUAL_IDENTITY","official_source_not_confirmed"
"VTK002528","Hayamax","P0_API_ERROR","firecrawl_search_http_429","0","SOURCE_FOUND_SECONDARY","firecrawl_http_402_circuit_open","","true","BRAND|MODEL|GTIN","LOCATION|IS_DIGITAL_FREEVIEW","7898419490665","P0_MANUAL_IDENTITY","official_source_not_confirmed"
"VTK002577","Hayamax","P0_API_ERROR","firecrawl_search_http_429","0","SOURCE_FOUND_SECONDARY","firecrawl_http_402_circuit_open","","true","BRAND|MODEL|GTIN","INSTALLATION_PLACEMENT","7898939971323","P0_MANUAL_IDENTITY","official_source_not_confirmed"
"VTK002625","BKR1","P0_API_ERROR","firecrawl_search_http_429","0","SOURCE_FOUND_SECONDARY","firecrawl_http_402_circuit_open","","true","BRAND|GTIN","MODEL","7898566205846","P0_MANUAL_IDENTITY","official_source_not_confirmed"
"VTK003043","Hayamax","P0_API_ERROR","firecrawl_search_http_429","0","SOURCE_FOUND_SECONDARY","firecrawl_http_402_circuit_open","","true","BRAND|MODEL|GTIN","BACKREST_HEIGHT|SEAT_DEPTH|OFFICE_CHAIR_WIDTH|MAX_CHAIR_HEIGHT|REQUIRES_ASSEMBLY|IS_GAMER|IS_ERGONOMIC|IS_SWIVEL|INCLUDES_ASSEMBLY_MANUAL","7898554606532","P0_MANUAL_IDENTITY","possible_remote_listing_requires_review"
"VTK003134","Hayamax","P0_API_ERROR","firecrawl_search_http_429","0","SOURCE_LOOKUP_DEFERRED","firecrawl_http_402_circuit_open","","false","BRAND|MODEL|GTIN","","7898566206898","SOURCE_LOOKUP_DEFERRED","external_source_infrastructure_deferred"
"VTK003366","Hayamax","P0_API_ERROR","firecrawl_search_http_429","0","SOURCE_FOUND_SECONDARY","firecrawl_http_402_circuit_open","","true","BRAND|MODEL|GTIN","RECOMMENDED_INSTRUMENT","749699122210","P0_MANUAL_IDENTITY","official_source_not_confirmed"
"VTK003511","Evolusom","P0_API_ERROR","firecrawl_search_http_429","0","SOURCE_FOUND_SECONDARY","firecrawl_http_402_circuit_open","","true","BRAND|GTIN","PART_NUMBER|VEHICLE_TYPE","7899278900982","P0_MANUAL_IDENTITY","official_source_not_confirmed"
"VTK003779","BKR1","P0_API_ERROR","firecrawl_search_http_429","0","SOURCE_FOUND_SECONDARY","firecrawl_http_402_circuit_open","","true","BRAND|GTIN","MODEL","7898572861081","P0_MANUAL_IDENTITY","official_source_not_confirmed"
"VTK003839","Hayamax","P0_API_ERROR","firecrawl_search_http_429","0","SOURCE_FOUND_SECONDARY","firecrawl_http_402_circuit_open","","true","BRAND|MODEL|GTIN","PEAK_POWER|PRODUCT_TYPES","7897103544424","P0_MANUAL_IDENTITY","official_source_not_confirmed"
"VTK004022","Hayamax","P0_API_ERROR","firecrawl_search_http_429","0","SOURCE_FOUND_SECONDARY","firecrawl_http_402_circuit_open","","true","BRAND|MODEL|GTIN","OUTPUT_CONNECTORS","4044155032628","P0_MANUAL_IDENTITY","official_source_not_confirmed"
"VTK005491","Evolusom","P0_API_ERROR","firecrawl_search_http_429","0","SOURCE_LOOKUP_DEFERRED","firecrawl_http_402_circuit_open","","false","BRAND|GTIN","CABLE_AND_ADAPTER_TYPE","7908638400236","SOURCE_LOOKUP_DEFERRED","external_source_infrastructure_deferred"
"VTK005775","Evolusom","P0_API_ERROR","firecrawl_search_http_429","0","SOURCE_LOOKUP_DEFERRED","firecrawl_http_402_circuit_open","","false","BRAND|GTIN","CABLE_AND_ADAPTER_TYPE","7908638400212","SOURCE_LOOKUP_DEFERRED","external_source_infrastructure_deferred"
"VTK006152","Hayamax","P0_API_ERROR","firecrawl_search_http_429","0","SOURCE_FOUND_SECONDARY","firecrawl_http_402_circuit_open","","true","BRAND|GTIN","CABLE_AND_ADAPTER_TYPE","7899638111201","P0_MANUAL_IDENTITY","official_source_not_confirmed"
"VTK006158","Hayamax","P0_API_ERROR","firecrawl_search_http_429","0","SOURCE_FOUND_SECONDARY","firecrawl_http_402_circuit_open","","true","BRAND|GTIN","INPUT_CONNECTOR|OUTPUT_CONNECTOR","7899638111188","P0_MANUAL_IDENTITY","official_source_not_confirmed"
"VTK006192","Hayamax","P0_API_ERROR","firecrawl_search_http_429","0","SOURCE_FOUND_SECONDARY","firecrawl_http_402_circuit_open","","true","BRAND|GTIN","INPUT_CONNECTOR|OUTPUT_CONNECTOR","7899638111218","P0_MANUAL_IDENTITY","official_source_not_confirmed"
"VTK006193","Hayamax","P0_API_ERROR","firecrawl_search_http_429","0","SOURCE_FOUND_SECONDARY","firecrawl_http_402_circuit_open","","true","BRAND|GTIN","CABLE_AND_ADAPTER_TYPE","7899638111195","P0_MANUAL_IDENTITY","official_source_not_confirmed"
"VTK006274","Hayamax","P0_API_ERROR","firecrawl_search_http_429","0","SOURCE_FOUND_SECONDARY","firecrawl_http_402_circuit_open","","true","BRAND|MODEL|GTIN","MOUNTING_PLACES","7898378703493","P0_MANUAL_IDENTITY","official_source_not_confirmed"
"VTK006318","Hayamax","P0_API_ERROR","firecrawl_search_http_429","0","SOURCE_LOOKUP_DEFERRED","firecrawl_http_402_circuit_open","","false","BRAND|MODEL|GTIN","CONNECTOR_TYPE","7898554609137","SOURCE_LOOKUP_DEFERRED","external_source_infrastructure_deferred"
"VTK006377","Hayamax","P0_API_ERROR","firecrawl_search_http_429","0","SOURCE_FOUND_SECONDARY","firecrawl_http_402_circuit_open","","true","BRAND|MODEL|GTIN","OUTPUT_CONNECTORS","4044155001174","P0_MANUAL_IDENTITY","official_source_not_confirmed"
"VTK006444","Hayamax","P0_API_ERROR","firecrawl_search_http_429","0","SOURCE_FOUND_SECONDARY","firecrawl_http_402_circuit_open","","true","BRAND|MODEL|GTIN","POWER_SUPPLY_TYPE","3016661158094","P0_MANUAL_IDENTITY","possible_remote_listing_requires_review"
"VTK006457","Hayamax","P0_API_ERROR","firecrawl_search_http_429","0","SOURCE_FOUND_SECONDARY","firecrawl_http_402_circuit_open","","true","BRAND|MODEL|GTIN","","3016661152948","P0_MANUAL_IDENTITY","possible_remote_listing_requires_review"
"VTK006567","Hayamax","P0_API_ERROR","firecrawl_search_http_429","0","SOURCE_FOUND_SECONDARY","firecrawl_http_402_circuit_open","","true","BRAND|MODEL|GTIN","IRON_TYPE","3121040090657","P0_MANUAL_IDENTITY","official_source_not_confirmed"
"VTK011959","Hayamax","P0_API_ERROR","firecrawl_search_http_429","0","SOURCE_FOUND_SECONDARY","firecrawl_http_402_circuit_open","","true","BRAND|MODEL|GTIN","","7890000856478","P0_MANUAL_IDENTITY","possible_remote_listing_requires_review"
"VTK011960","Hayamax","P0_API_ERROR","firecrawl_search_http_429","0","SOURCE_LOOKUP_DEFERRED","firecrawl_http_402_circuit_open","","false","BRAND|MODEL|GTIN","","7890000856485","P0_MANUAL_IDENTITY","possible_remote_listing_requires_review"
"VTK012014","BKR1","P0_API_ERROR","firecrawl_search_http_429","0","SOURCE_LOOKUP_DEFERRED","firecrawl_http_402_circuit_open","","false","BRAND","MODEL","","SOURCE_LOOKUP_DEFERRED","external_source_infrastructure_deferred"
"VTK012016","BKR1","P0_API_ERROR","firecrawl_search_http_429","0","SOURCE_LOOKUP_DEFERRED","firecrawl_http_402_circuit_open","","false","BRAND","MODEL","","SOURCE_LOOKUP_DEFERRED","external_source_infrastructure_deferred"
"VTK012018","BKR1","P0_API_ERROR","firecrawl_search_http_429","0","SOURCE_LOOKUP_DEFERRED","firecrawl_http_402_circuit_open","","false","BRAND","MODEL","","SOURCE_LOOKUP_DEFERRED","external_source_infrastructure_deferred"
"VTK012022","BKR1","P0_API_ERROR","firecrawl_search_http_429","0","SOURCE_LOOKUP_DEFERRED","firecrawl_http_402_circuit_open","","false","BRAND","MODEL","","SOURCE_LOOKUP_DEFERRED","external_source_infrastructure_deferred"
"VTK012039","BKR1","P0_API_ERROR","firecrawl_search_http_429","0","SOURCE_LOOKUP_DEFERRED","firecrawl_http_402_circuit_open","","false","BRAND","MODEL","","SOURCE_LOOKUP_DEFERRED","external_source_infrastructure_deferred"
"VTK012040","BKR1","P0_API_ERROR","firecrawl_search_http_429","0","SOURCE_LOOKUP_DEFERRED","firecrawl_http_402_circuit_open","","false","BRAND","MODEL","","SOURCE_LOOKUP_DEFERRED","external_source_infrastructure_deferred"
"VTK012148","BKR1","P0_API_ERROR","firecrawl_search_http_429","0","SOURCE_LOOKUP_DEFERRED","firecrawl_http_402_circuit_open","","false","BRAND","CABLE_AND_ADAPTER_TYPE","","SOURCE_LOOKUP_DEFERRED","external_source_infrastructure_deferred"
"VTK012233","BKR1","P0_API_ERROR","firecrawl_search_http_429","0","SOURCE_LOOKUP_DEFERRED","firecrawl_http_402_circuit_open","","false","BRAND","MODEL","","SOURCE_LOOKUP_DEFERRED","external_source_infrastructure_deferred"
"VTK012235","BKR1","P0_API_ERROR","firecrawl_search_http_429","0","SOURCE_FOUND_SECONDARY","firecrawl_http_402_circuit_open","","true","BRAND|GTIN","MODEL|LIGHTING_TECHNOLOGY|FITTING_TYPES|LIGHT_BULB_SHAPE|WITH_WI_FI","7897079085068","P0_MANUAL_IDENTITY","official_source_not_confirmed"
"VTK012236","BKR1","P0_API_ERROR","firecrawl_search_http_429","0","SOURCE_LOOKUP_DEFERRED","firecrawl_http_402_circuit_open","","false","BRAND","MODEL","","SOURCE_LOOKUP_DEFERRED","external_source_infrastructure_deferred"
"VTK012237","BKR1","P0_API_ERROR","firecrawl_search_http_429","0","SOURCE_LOOKUP_DEFERRED","firecrawl_http_402_circuit_open","","false","BRAND","MODEL","","SOURCE_LOOKUP_DEFERRED","external_source_infrastructure_deferred"
"VTK012248","BKR1","P0_API_ERROR","firecrawl_search_http_429","0","SOURCE_LOOKUP_DEFERRED","firecrawl_http_402_circuit_open","","false","BRAND","MODEL","","SOURCE_LOOKUP_DEFERRED","external_source_infrastructure_deferred"
"VTK012267","BKR1","P0_API_ERROR","firecrawl_search_http_429","0","SOURCE_LOOKUP_DEFERRED","firecrawl_http_402_circuit_open","","false","BRAND","CABLE_AND_ADAPTER_TYPE","","SOURCE_LOOKUP_DEFERRED","external_source_infrastructure_deferred"
"VTK012275","BKR1","P0_API_ERROR","firecrawl_search_http_429","0","SOURCE_LOOKUP_DEFERRED","firecrawl_http_402_circuit_open","","false","BRAND","MODEL","","SOURCE_LOOKUP_DEFERRED","external_source_infrastructure_deferred"
"VTK012327","BKR1","P0_API_ERROR","firecrawl_search_http_429","0","SOURCE_LOOKUP_DEFERRED","firecrawl_http_402_circuit_open","","false","BRAND","MODEL","","SOURCE_LOOKUP_DEFERRED","external_source_infrastructure_deferred"
"VTK012335","BKR1","P0_API_ERROR","firecrawl_search_http_429","0","SOURCE_LOOKUP_DEFERRED","firecrawl_http_402_circuit_open","","false","BRAND","MODEL","","SOURCE_LOOKUP_DEFERRED","external_source_infrastructure_deferred"
"VTK012336","BKR1","P0_API_ERROR","firecrawl_search_http_429","0","SOURCE_LOOKUP_DEFERRED","firecrawl_http_402_circuit_open","","false","BRAND","MODEL","","SOURCE_LOOKUP_DEFERRED","external_source_infrastructure_deferred"
"VTK012337","BKR1","P0_API_ERROR","firecrawl_search_http_429","0","SOURCE_LOOKUP_DEFERRED","firecrawl_http_402_circuit_open","","false","BRAND","MODEL","","SOURCE_LOOKUP_DEFERRED","external_source_infrastructure_deferred"
"VTK012359","BKR1","P0_API_ERROR","firecrawl_search_http_429","0","SOURCE_LOOKUP_DEFERRED","firecrawl_http_402_circuit_open","","false","BRAND","MODEL","","SOURCE_LOOKUP_DEFERRED","external_source_infrastructure_deferred"
"VTK012362","BKR1","P0_API_ERROR","firecrawl_search_http_429","0","SOURCE_FOUND_SECONDARY","firecrawl_http_402_circuit_open","","true","BRAND|GTIN","MODEL","008576114039","P0_MANUAL_IDENTITY","remote_listing_exists"
"VTK012369","BKR1","P0_API_ERROR","firecrawl_search_http_429","0","SOURCE_LOOKUP_DEFERRED","firecrawl_http_402_circuit_open","","false","BRAND","CABLE_AND_ADAPTER_TYPE","","SOURCE_LOOKUP_DEFERRED","external_source_infrastructure_deferred"
"VTK012383","BKR1","P0_API_ERROR","firecrawl_search_http_429","0","SOURCE_LOOKUP_DEFERRED","firecrawl_http_402_circuit_open","","false","BRAND","MODEL","","SOURCE_LOOKUP_DEFERRED","external_source_infrastructure_deferred"
"VTK012384","BKR1","P0_API_ERROR","firecrawl_search_http_429","0","SOURCE_LOOKUP_DEFERRED","firecrawl_http_402_circuit_open","","false","BRAND","MODEL","","SOURCE_LOOKUP_DEFERRED","external_source_infrastructure_deferred"
"VTK012408","BKR1","P0_API_ERROR","firecrawl_search_http_429","0","SOURCE_LOOKUP_DEFERRED","firecrawl_http_402_circuit_open","","false","BRAND","MODEL","","SOURCE_LOOKUP_DEFERRED","external_source_infrastructure_deferred"
"VTK012420","BKR1","P0_API_ERROR","firecrawl_search_http_429","0","SOURCE_LOOKUP_DEFERRED","firecrawl_http_402_circuit_open","","false","BRAND","IS_RECHARGEABLE","","SOURCE_LOOKUP_DEFERRED","external_source_infrastructure_deferred"
"VTK012421","BKR1","P0_API_ERROR","firecrawl_search_http_429","0","SOURCE_LOOKUP_DEFERRED","firecrawl_http_402_circuit_open","","false","BRAND","MODEL","","SOURCE_LOOKUP_DEFERRED","external_source_infrastructure_deferred"
"VTK012422","BKR1","P0_API_ERROR","firecrawl_search_http_429","0","SOURCE_LOOKUP_DEFERRED","firecrawl_http_402_circuit_open","","false","BRAND","MODEL","","SOURCE_LOOKUP_DEFERRED","external_source_infrastructure_deferred"
"VTK012470","BKR1","P0_API_ERROR","firecrawl_search_http_429","0","SOURCE_LOOKUP_DEFERRED","firecrawl_http_402_circuit_open","","false","BRAND","MODEL","","SOURCE_LOOKUP_DEFERRED","external_source_infrastructure_deferred"
"VTK012502","BKR1","P0_API_ERROR","firecrawl_search_http_429","0","SOURCE_LOOKUP_DEFERRED","firecrawl_http_402_circuit_open","","false","BRAND","MODEL|POWER_SUPPLY_TYPE","","SOURCE_LOOKUP_DEFERRED","external_source_infrastructure_deferred"
"VTK012543","BKR1","P0_API_ERROR","firecrawl_search_http_429","0","SOURCE_LOOKUP_DEFERRED","firecrawl_http_402_circuit_open","","false","BRAND","MODEL","","SOURCE_LOOKUP_DEFERRED","external_source_infrastructure_deferred"
"VTK012590","BKR1","P0_API_ERROR","firecrawl_search_http_429","0","SOURCE_FOUND_SECONDARY","firecrawl_http_402_circuit_open","","true","BRAND|GTIN","MODEL","7897626819399","P0_MANUAL_IDENTITY","official_source_not_confirmed"
"VTK012613","BKR1","P0_API_ERROR","firecrawl_search_http_429","0","SOURCE_LOOKUP_DEFERRED","firecrawl_http_402_circuit_open","","false","BRAND","MODEL","","SOURCE_LOOKUP_DEFERRED","external_source_infrastructure_deferred"
"VTK012628","BKR1","P0_API_ERROR","firecrawl_search_http_429","0","SOURCE_LOOKUP_DEFERRED","firecrawl_http_402_circuit_open","","false","BRAND","MODEL","","SOURCE_LOOKUP_DEFERRED","external_source_infrastructure_deferred"
"VTK012632","BKR1","P0_API_ERROR","firecrawl_search_http_429","0","SOURCE_FOUND_SECONDARY","firecrawl_http_402_circuit_open","","true","BRAND|GTIN","MODEL","7898640363523","P0_MANUAL_IDENTITY","official_source_not_confirmed"
"VTK012668","BKR1","P0_API_ERROR","firecrawl_search_http_429","0","SOURCE_LOOKUP_DEFERRED","firecrawl_http_402_circuit_open","","false","BRAND","MODEL","","SOURCE_LOOKUP_DEFERRED","external_source_infrastructure_deferred"
"VTK012669","BKR1","P0_API_ERROR","firecrawl_search_http_429","0","SOURCE_LOOKUP_DEFERRED","firecrawl_http_402_circuit_open","","false","BRAND","MODEL","","SOURCE_LOOKUP_DEFERRED","external_source_infrastructure_deferred"
"VTK012670","BKR1","P0_API_ERROR","firecrawl_search_http_429","0","SOURCE_LOOKUP_DEFERRED","firecrawl_http_402_circuit_open","","false","BRAND","MODEL","","SOURCE_LOOKUP_DEFERRED","external_source_infrastructure_deferred"
"VTK012684","BKR1","P0_API_ERROR","firecrawl_search_http_429","0","SOURCE_FOUND_SECONDARY","firecrawl_http_402_circuit_open","","true","BRAND|GTIN","MODEL","7897626818279","P0_MANUAL_IDENTITY","official_source_not_confirmed"
"VTK012687","BKR1","P0_API_ERROR","firecrawl_search_http_429","0","SOURCE_LOOKUP_DEFERRED","firecrawl_http_402_circuit_open","","false","BRAND","CABLE_AND_ADAPTER_TYPE","","SOURCE_LOOKUP_DEFERRED","external_source_infrastructure_deferred"
"VTK012699","BKR1","P0_API_ERROR","firecrawl_search_http_429","0","SOURCE_LOOKUP_DEFERRED","firecrawl_http_402_circuit_open","","false","BRAND","MODEL","","SOURCE_LOOKUP_DEFERRED","external_source_infrastructure_deferred"
"VTK012729","BKR1","P0_API_ERROR","firecrawl_search_http_429","0","SOURCE_LOOKUP_DEFERRED","firecrawl_http_402_circuit_open","","false","BRAND","CABLE_AND_ADAPTER_TYPE","","SOURCE_LOOKUP_DEFERRED","external_source_infrastructure_deferred"
"VTK012763","BKR1","P0_API_ERROR","firecrawl_search_http_429","0","SOURCE_LOOKUP_DEFERRED","firecrawl_http_402_circuit_open","","false","BRAND","MODEL","","SOURCE_LOOKUP_DEFERRED","external_source_infrastructure_deferred"
"VTK012764","BKR1","P0_API_ERROR","firecrawl_search_http_429","0","SOURCE_LOOKUP_DEFERRED","firecrawl_http_402_circuit_open","","false","BRAND","MODEL","","SOURCE_LOOKUP_DEFERRED","external_source_infrastructure_deferred"
"VTK012765","BKR1","P0_API_ERROR","firecrawl_search_http_429","0","SOURCE_LOOKUP_DEFERRED","firecrawl_http_402_circuit_open","","false","BRAND","CABLE_AND_ADAPTER_TYPE","","SOURCE_LOOKUP_DEFERRED","external_source_infrastructure_deferred"
"VTK012772","BKR1","P0_API_ERROR","firecrawl_search_http_429","0","SOURCE_LOOKUP_DEFERRED","firecrawl_http_402_circuit_open","","false","BRAND","MODEL","","SOURCE_LOOKUP_DEFERRED","external_source_infrastructure_deferred"
"VTK012839","BKR1","P0_API_ERROR","firecrawl_search_http_429","0","SOURCE_FOUND_SECONDARY","firecrawl_http_402_circuit_open","","true","BRAND|GTIN","CABLE_AND_ADAPTER_TYPE","7898640361581","P0_MANUAL_IDENTITY","official_source_not_confirmed"
"VTK012842","BKR1","P0_API_ERROR","firecrawl_search_http_429","0","SOURCE_FOUND_SECONDARY","firecrawl_http_402_circuit_open","","true","BRAND|GTIN","MODEL","7898640363790","P0_MANUAL_IDENTITY","official_source_not_confirmed"
"VTK012861","BKR1","P0_API_ERROR","firecrawl_search_http_429","0","SOURCE_FOUND_SECONDARY","firecrawl_http_402_circuit_open","","true","BRAND|GTIN","MODEL|VEHICLE_SPEAKER_WIDTH|SPEAKERS_NUMBER|VEHICLE_TYPE|COILS_NUMBER|RMS_POWER","7898640360638","P0_MANUAL_IDENTITY","official_source_not_confirmed"
"VTK012864","BKR1","P0_API_ERROR","firecrawl_search_http_429","0","SOURCE_FOUND_SECONDARY","firecrawl_http_402_circuit_open","","true","BRAND|GTIN","MODEL","7898640362106","P0_MANUAL_IDENTITY","official_source_not_confirmed"
"VTK012865","BKR1","P0_API_ERROR","firecrawl_search_http_429","0","SOURCE_FOUND_SECONDARY","firecrawl_http_402_circuit_open","","true","BRAND|GTIN","MODEL|VEHICLE_SPEAKER_WIDTH|SPEAKERS_NUMBER|VEHICLE_TYPE|COILS_NUMBER|RMS_POWER","7898640362144","P0_MANUAL_IDENTITY","official_source_not_confirmed"
"VTK012866","BKR1","P0_API_ERROR","firecrawl_search_http_429","0","SOURCE_FOUND_SECONDARY","firecrawl_http_402_circuit_open","","true","BRAND|GTIN","MODEL|VEHICLE_SPEAKER_WIDTH|SPEAKERS_NUMBER|VEHICLE_TYPE|COILS_NUMBER|RMS_POWER","7898640360676","P0_MANUAL_IDENTITY","official_source_not_confirmed"
"VTK012869","BKR1","P0_API_ERROR","firecrawl_search_http_429","0","SOURCE_FOUND_SECONDARY","firecrawl_http_402_circuit_open","","true","BRAND|GTIN","MODEL|VEHICLE_SPEAKER_WIDTH|SPEAKERS_NUMBER|VEHICLE_TYPE|COILS_NUMBER|RMS_POWER","7898640360706","P0_MANUAL_IDENTITY","official_source_not_confirmed"
"VTK012895","BKR1","P0_API_ERROR","firecrawl_search_http_429","0","SOURCE_FOUND_SECONDARY","firecrawl_http_402_circuit_open","","true","BRAND|GTIN","MODEL","7898640362021","P0_MANUAL_IDENTITY","official_source_not_confirmed"
"VTK012896","BKR1","P0_API_ERROR","firecrawl_search_http_429","0","SOURCE_LOOKUP_DEFERRED","firecrawl_http_402_circuit_open","","false","BRAND","MODEL","","SOURCE_LOOKUP_DEFERRED","external_source_infrastructure_deferred"
"VTK012909","BKR1","P0_API_ERROR","firecrawl_search_http_429","0","SOURCE_FOUND_SECONDARY","firecrawl_http_402_circuit_open","","true","BRAND|GTIN","MODEL","7898946772609","P0_MANUAL_IDENTITY","official_source_not_confirmed"
"VTK012911","BKR1","P0_API_ERROR","firecrawl_search_http_429","0","SOURCE_FOUND_SECONDARY","firecrawl_http_402_circuit_open","","true","BRAND|GTIN","MODEL","7898663801019","P0_MANUAL_IDENTITY","official_source_not_confirmed"
"VTK013007","BKR1","P0_API_ERROR","firecrawl_search_http_429","0","SOURCE_FOUND_SECONDARY","firecrawl_http_402_circuit_open","","true","BRAND|GTIN","MODEL","7898640365176","P0_MANUAL_IDENTITY","official_source_not_confirmed"
"VTK013008","BKR1","P0_API_ERROR","firecrawl_search_http_429","0","SOURCE_FOUND_SECONDARY","firecrawl_http_402_circuit_open","","true","BRAND|GTIN","MODEL","7898640365206","P0_MANUAL_IDENTITY","official_source_not_confirmed"
"VTK013085","BKR1","P0_API_ERROR","firecrawl_search_http_429","0","SOURCE_LOOKUP_DEFERRED","firecrawl_http_402_circuit_open","","false","BRAND|GTIN","MODEL|INSTALLATION_PLACEMENT","7898640363240","SOURCE_LOOKUP_DEFERRED","external_source_infrastructure_deferred"
"VTK013087","BKR1","P0_API_ERROR","firecrawl_search_http_429","0","SOURCE_LOOKUP_DEFERRED","firecrawl_http_402_circuit_open","","false","BRAND|GTIN","MODEL|IS_FACTORY_KIT","7898566200278","SOURCE_LOOKUP_DEFERRED","external_source_infrastructure_deferred"
"VTK013088","BKR1","P0_API_ERROR","firecrawl_search_http_429","0","SOURCE_FOUND_SECONDARY","firecrawl_http_402_circuit_open","","true","BRAND|GTIN","MODEL|IS_FACTORY_KIT","7898566200308","P0_MANUAL_IDENTITY","official_source_not_confirmed"
"VTK017155","Hayamax","P0_API_ERROR","firecrawl_search_http_429","0","SOURCE_LOOKUP_DEFERRED","firecrawl_http_402_circuit_open","","false","BRAND|MODEL|GTIN","","7898960877915","SOURCE_LOOKUP_DEFERRED","external_source_infrastructure_deferred"
"VTK017179","Evolusom","P0_API_ERROR","firecrawl_search_http_429","0","SOURCE_FOUND_SECONDARY","firecrawl_http_402_circuit_open","","true","BRAND|GTIN","MODEL","097855088758","P0_MANUAL_IDENTITY","official_source_not_confirmed"
"VTK017202","Evolusom","P0_API_ERROR","firecrawl_search_http_429","0","SOURCE_LOOKUP_DEFERRED","firecrawl_http_402_circuit_open","","false","BRAND","MODEL","","SOURCE_LOOKUP_DEFERRED","external_source_infrastructure_deferred"
"VTK017210","Evolusom","P0_API_ERROR","firecrawl_search_http_429","0","SOURCE_LOOKUP_DEFERRED","firecrawl_http_402_circuit_open","","false","BRAND","MODEL","","SOURCE_LOOKUP_DEFERRED","external_source_infrastructure_deferred"
"VTK017211","Evolusom","P0_API_ERROR","firecrawl_search_http_429","0","SOURCE_FOUND_SECONDARY","firecrawl_http_402_circuit_open","","true","BRAND|GTIN","MODEL|DRUM_CLAMP_COMPATIBILITY","7898939972504","P0_MANUAL_IDENTITY","official_source_not_confirmed"
"VTK017215","Evolusom","P0_API_ERROR","firecrawl_search_http_429","0","SOURCE_LOOKUP_DEFERRED","firecrawl_http_402_circuit_open","","false","BRAND|GTIN","MODEL","7898478322921","SOURCE_LOOKUP_DEFERRED","external_source_infrastructure_deferred"
"VTK017233","Evolusom","P0_API_ERROR","firecrawl_search_http_429","0","SOURCE_LOOKUP_DEFERRED","firecrawl_http_402_circuit_open","","false","BRAND","MODEL|IS_FACTORY_KIT","","SOURCE_LOOKUP_DEFERRED","external_source_infrastructure_deferred"
"VTK017234","Evolusom","P0_API_ERROR","firecrawl_search_http_429","0","SOURCE_LOOKUP_DEFERRED","firecrawl_http_402_circuit_open","","false","BRAND","MODEL|IS_FACTORY_KIT","","SOURCE_LOOKUP_DEFERRED","external_source_infrastructure_deferred"
"VTK017235","Evolusom","P0_API_ERROR","firecrawl_search_http_429","0","SOURCE_LOOKUP_DEFERRED","firecrawl_http_402_circuit_open","","false","BRAND","MODEL|IS_FACTORY_KIT","","SOURCE_LOOKUP_DEFERRED","external_source_infrastructure_deferred"
"VTK017236","Evolusom","P0_API_ERROR","firecrawl_search_http_429","0","SOURCE_FOUND_SECONDARY","firecrawl_http_402_circuit_open","","true","BRAND|GTIN","MODEL|VEHICLE_SPEAKER_WIDTH|SPEAKERS_NUMBER|VEHICLE_TYPE|COILS_NUMBER|RMS_POWER","4988028352812","P0_MANUAL_IDENTITY","official_source_not_confirmed"
"VTK017524","Evolusom","P0_API_ERROR","firecrawl_search_http_429","0","SOURCE_LOOKUP_DEFERRED","firecrawl_http_402_circuit_open","","false","BRAND","MODEL","","SOURCE_LOOKUP_DEFERRED","external_source_infrastructure_deferred"
"VTK017531","Evolusom","P0_API_ERROR","firecrawl_search_http_429","0","SOURCE_LOOKUP_DEFERRED","firecrawl_http_402_circuit_open","","false","BRAND","MODEL","","SOURCE_LOOKUP_DEFERRED","external_source_infrastructure_deferred"
"VTK017538","Evolusom","P0_API_ERROR","firecrawl_search_http_429","0","SOURCE_LOOKUP_DEFERRED","firecrawl_http_402_circuit_open","","false","BRAND","MODEL","","SOURCE_LOOKUP_DEFERRED","external_source_infrastructure_deferred"
"VTK017548","Evolusom","P0_API_ERROR","firecrawl_search_http_429","0","SOURCE_LOOKUP_DEFERRED","firecrawl_http_402_circuit_open","","false","BRAND","MODEL|ANATEL_HOMOLOGATION_NUMBER","","SOURCE_LOOKUP_DEFERRED","external_source_infrastructure_deferred"
"VTK017562","Evolusom","P0_API_ERROR","firecrawl_search_http_429","0","SOURCE_LOOKUP_DEFERRED","firecrawl_http_402_circuit_open","","false","BRAND|GTIN","MODEL|CONNECTOR_TYPE","7897013561269","SOURCE_LOOKUP_DEFERRED","external_source_infrastructure_deferred"
"VTK017567","Evolusom","P0_API_ERROR","firecrawl_search_http_429","0","SOURCE_FOUND_SECONDARY","firecrawl_http_402_circuit_open","","true","BRAND|GTIN","MODEL","097855088864","P0_MANUAL_IDENTITY","official_source_not_confirmed"
"VTK017698","Evolusom","P0_API_ERROR","firecrawl_search_http_429","0","SOURCE_FOUND_SECONDARY","firecrawl_http_402_circuit_open","","true","BRAND|GTIN","MODEL","7899471878965","P0_MANUAL_IDENTITY","official_source_not_confirmed"
"VTK017740","Evolusom","P0_API_ERROR","firecrawl_search_http_429","0","SOURCE_LOOKUP_DEFERRED","firecrawl_http_402_circuit_open","","false","BRAND","MODEL|IS_FACTORY_KIT","","SOURCE_LOOKUP_DEFERRED","external_source_infrastructure_deferred"
"VTK017771","Evolusom","P0_API_ERROR","firecrawl_search_http_429","0","SOURCE_FOUND_SECONDARY","firecrawl_http_402_circuit_open","","true","BRAND|GTIN","MODEL","010343988569","P0_MANUAL_IDENTITY","official_source_not_confirmed"
"VTK017783","Evolusom","P0_API_ERROR","firecrawl_search_http_429","0","SOURCE_FOUND_SECONDARY","firecrawl_http_402_circuit_open","","true","BRAND|GTIN","","7898382148075","P0_MANUAL_IDENTITY","official_source_not_confirmed"
"VTK017826","Evolusom","P0_API_ERROR","firecrawl_search_http_402","0","SOURCE_LOOKUP_DEFERRED","firecrawl_http_402_circuit_open","","false","BRAND","PART_NUMBER|VEHICLE_TYPE","","SOURCE_LOOKUP_DEFERRED","external_source_infrastructure_deferred"
"VTK017848","Evolusom","P0_API_ERROR","firecrawl_search_http_402","0","SOURCE_FOUND_SECONDARY","firecrawl_http_402_circuit_open","","true","BRAND|GTIN","MODEL|VOLTAGE|DEVICE_TYPE","7898619565781","P0_MANUAL_IDENTITY","official_source_not_confirmed"
"VTK017866","Evolusom","P0_API_ERROR","firecrawl_search_http_402","0","SOURCE_LOOKUP_DEFERRED","firecrawl_http_402_circuit_open","","false","BRAND","MODEL|CAMERA_STRAP_TYPE","","SOURCE_LOOKUP_DEFERRED","external_source_infrastructure_deferred"
"VTK017869","Evolusom","P0_API_ERROR","firecrawl_search_http_402","0","SOURCE_LOOKUP_DEFERRED","firecrawl_http_402_circuit_open","","false","BRAND|GTIN","MODEL","10012800537195","SOURCE_LOOKUP_DEFERRED","external_source_infrastructure_deferred"
"VTK017898","Evolusom","P0_API_ERROR","firecrawl_search_http_429","0","SOURCE_FOUND_SECONDARY","firecrawl_http_402_circuit_open","","true","BRAND|GTIN","MODEL|VOLTAGE","7896637677035","P0_MANUAL_IDENTITY","official_source_not_confirmed"
"VTK017902","Evolusom","P0_API_ERROR","firecrawl_search_http_429","0","SOURCE_LOOKUP_DEFERRED","firecrawl_http_402_circuit_open","","false","BRAND","MODEL","","SOURCE_LOOKUP_DEFERRED","external_source_infrastructure_deferred"
"VTK017903","Evolusom","P0_API_ERROR","firecrawl_search_http_429","0","SOURCE_LOOKUP_DEFERRED","firecrawl_http_402_circuit_open","","false","BRAND","CABLE_AND_ADAPTER_TYPE","","SOURCE_LOOKUP_DEFERRED","external_source_infrastructure_deferred"
"VTK017933","Evolusom","P0_API_ERROR","firecrawl_search_http_429","0","SOURCE_FOUND_SECONDARY","firecrawl_http_402_circuit_open","","true","BRAND|GTIN","MODEL","7898663560183","P0_MANUAL_IDENTITY","official_source_not_confirmed"
"VTK017934","Evolusom","P0_API_ERROR","firecrawl_search_http_402","0","SOURCE_LOOKUP_DEFERRED","firecrawl_http_402_circuit_open","","false","BRAND","MANUFACTURER|MODEL","","SOURCE_LOOKUP_DEFERRED","external_source_infrastructure_deferred"
"VTK017936","Evolusom","P0_API_ERROR","firecrawl_search_http_402","0","SOURCE_FOUND_SECONDARY","firecrawl_http_402_circuit_open","","true","BRAND|GTIN","MODEL","010343885325","P0_MANUAL_IDENTITY","official_source_not_confirmed"
"VTK017939","Evolusom","P0_API_ERROR","firecrawl_search_http_402","0","SOURCE_LOOKUP_DEFERRED","firecrawl_http_402_circuit_open","","false","BRAND","FIBERS_NUMBER","","SOURCE_LOOKUP_DEFERRED","external_source_infrastructure_deferred"
"VTK017942","Evolusom","P0_API_ERROR","firecrawl_search_http_402","0","SOURCE_LOOKUP_DEFERRED","firecrawl_http_402_circuit_open","","false","BRAND","MODEL|POWER_OUTPUT|MODULATION_TYPE|FORM_FACTOR","","SOURCE_LOOKUP_DEFERRED","external_source_infrastructure_deferred"
"VTK017944","Evolusom","P0_API_ERROR","firecrawl_search_http_402","0","SOURCE_LOOKUP_DEFERRED","firecrawl_http_402_circuit_open","","false","BRAND|GTIN","MODEL|PART_NUMBER|VEHICLE_TYPE","7898127608314","SOURCE_LOOKUP_DEFERRED","external_source_infrastructure_deferred"
"VTK017951","Evolusom","P0_API_ERROR","firecrawl_search_http_402","0","SOURCE_FOUND_SECONDARY","firecrawl_http_402_circuit_open","","true","BRAND|GTIN","MODEL","010343988507","P0_MANUAL_IDENTITY","official_source_not_confirmed"
"VTK017952","Evolusom","P0_API_ERROR","firecrawl_search_http_402","0","SOURCE_FOUND_SECONDARY","firecrawl_http_402_circuit_open","","true","BRAND|GTIN","MODEL","010343988514","P0_MANUAL_IDENTITY","official_source_not_confirmed"
"VTK017981","Evolusom","P0_API_ERROR","firecrawl_search_http_429","0","SOURCE_FOUND_SECONDARY","firecrawl_http_402_circuit_open","","true","BRAND|GTIN","MODEL","097855067203","P0_MANUAL_IDENTITY","official_source_not_confirmed"
"VTK017982","Evolusom","P0_API_ERROR","firecrawl_search_http_402","0","SOURCE_FOUND_SECONDARY","firecrawl_http_402_circuit_open","","true","BRAND|GTIN","MODEL|CALCULATOR_TYPE","4891450986039","P0_MANUAL_IDENTITY","official_source_not_confirmed"
"VTK018024","Evolusom","P0_API_ERROR","firecrawl_search_http_402","0","SOURCE_FOUND_SECONDARY","firecrawl_http_402_circuit_open","","true","BRAND|GTIN","MODEL|VOLTAGE|DEVICE_TYPE","7898936319227","P0_MANUAL_IDENTITY","official_source_not_confirmed"
"VTK018064","Evolusom","P0_API_ERROR","firecrawl_search_http_429","0","SOURCE_LOOKUP_DEFERRED","firecrawl_http_402_circuit_open","","false","BRAND","PART_NUMBER|CAR_LED_BULB_TYPE","","SOURCE_LOOKUP_DEFERRED","external_source_infrastructure_deferred"
"VTK018077","Evolusom","P0_API_ERROR","firecrawl_search_http_429","0","SOURCE_FOUND_SECONDARY","firecrawl_http_402_circuit_open","","true","BRAND|GTIN","PART_NUMBER|CAR_LED_BULB_TYPE","7899838803159","P0_MANUAL_IDENTITY","official_source_not_confirmed"
"VTK018079","Evolusom","P0_API_ERROR","firecrawl_search_http_429","0","SOURCE_LOOKUP_DEFERRED","firecrawl_http_402_circuit_open","","false","BRAND|GTIN","MODEL|PRODUCT_TYPE","7898566200605","SOURCE_LOOKUP_DEFERRED","external_source_infrastructure_deferred"
"VTK018102","Evolusom","P0_API_ERROR","firecrawl_search_http_429","0","SOURCE_LOOKUP_DEFERRED","firecrawl_http_402_circuit_open","","false","BRAND","FIBERS_NUMBER","","SOURCE_LOOKUP_DEFERRED","external_source_infrastructure_deferred"
"VTK018106","Evolusom","P0_API_ERROR","firecrawl_search_http_429","0","SOURCE_LOOKUP_DEFERRED","firecrawl_http_402_circuit_open","","false","BRAND|GTIN","MODEL|VOLTAGE|DEVICE_TYPE","7898936319241","SOURCE_LOOKUP_DEFERRED","external_source_infrastructure_deferred"
"VTK018111","Evolusom","P0_API_ERROR","firecrawl_search_http_429","0","SOURCE_FOUND_SECONDARY","firecrawl_http_402_circuit_open","","true","BRAND|GTIN","MODEL","097855161062","P0_MANUAL_IDENTITY","official_source_not_confirmed"
"VTK018113","Evolusom","P0_API_ERROR","firecrawl_search_http_429","0","SOURCE_LOOKUP_DEFERRED","firecrawl_http_402_circuit_open","","false","BRAND|GTIN","MODEL|PART_NUMBER|VEHICLE_TYPE","7898127608291","SOURCE_LOOKUP_DEFERRED","external_source_infrastructure_deferred"
"VTK018128","Evolusom","P0_API_ERROR","firecrawl_search_http_429","0","SOURCE_LOOKUP_DEFERRED","firecrawl_http_402_circuit_open","","false","BRAND","MODEL|OUTPUT_CONNECTORS","","SOURCE_LOOKUP_DEFERRED","external_source_infrastructure_deferred"
"VTK018129","Evolusom","P0_API_ERROR","firecrawl_search_http_429","0","SOURCE_FOUND_SECONDARY","firecrawl_http_402_circuit_open","","true","BRAND|GTIN","MODEL|VOLTAGE|DEVICE_TYPE","7896637611749","P0_MANUAL_IDENTITY","official_source_not_confirmed"
"VTK018134","Evolusom","P0_API_ERROR","firecrawl_search_http_429","0","SOURCE_LOOKUP_DEFERRED","firecrawl_http_402_circuit_open","","false","BRAND|GTIN","","7898414700059","SOURCE_LOOKUP_DEFERRED","external_source_infrastructure_deferred"
"VTK018139","Evolusom","P0_API_ERROR","firecrawl_search_http_429","0","SOURCE_LOOKUP_DEFERRED","firecrawl_http_402_circuit_open","","false","BRAND","MODEL|CAMERA_STRAP_TYPE","","SOURCE_LOOKUP_DEFERRED","external_source_infrastructure_deferred"
"VTK018170","Evolusom","P0_API_ERROR","firecrawl_search_http_429","0","SOURCE_LOOKUP_DEFERRED","firecrawl_http_402_circuit_open","","false","BRAND","MODEL","","SOURCE_LOOKUP_DEFERRED","external_source_infrastructure_deferred"
"VTK018197","Evolusom","P0_API_ERROR","firecrawl_search_http_429","0","SOURCE_LOOKUP_DEFERRED","firecrawl_http_402_circuit_open","","false","BRAND","PART_NUMBER|CAR_LED_BULB_TYPE","","SOURCE_LOOKUP_DEFERRED","external_source_infrastructure_deferred"
"VTK018199","Evolusom","P0_API_ERROR","firecrawl_search_http_429","0","SOURCE_FOUND_SECONDARY","firecrawl_http_402_circuit_open","","true","BRAND|GTIN","MODEL","7898441353204","P0_MANUAL_IDENTITY","official_source_not_confirmed"
"VTK018201","Evolusom","P0_API_ERROR","firecrawl_search_http_429","0","SOURCE_LOOKUP_DEFERRED","firecrawl_http_402_circuit_open","","false","BRAND","MODEL","","SOURCE_LOOKUP_DEFERRED","external_source_infrastructure_deferred"
"VTK018221","Evolusom","P0_API_ERROR","firecrawl_search_http_429","0","SOURCE_LOOKUP_DEFERRED","firecrawl_http_402_circuit_open","","false","BRAND","MODEL|POWER_SUPPLY_TYPE","","SOURCE_LOOKUP_DEFERRED","external_source_infrastructure_deferred"
"VTK018228","Evolusom","P0_API_ERROR","firecrawl_search_http_429","0","SOURCE_LOOKUP_DEFERRED","firecrawl_http_402_circuit_open","","false","BRAND","CABLE_AND_ADAPTER_TYPE","","SOURCE_LOOKUP_DEFERRED","external_source_infrastructure_deferred"
"VTK018269","Evolusom","P0_API_ERROR","firecrawl_search_http_429","0","SOURCE_LOOKUP_DEFERRED","firecrawl_http_402_circuit_open","","false","BRAND","MODEL","","SOURCE_LOOKUP_DEFERRED","external_source_infrastructure_deferred"
"VTK018277","Evolusom","P0_API_ERROR","firecrawl_search_http_429","0","SOURCE_LOOKUP_DEFERRED","firecrawl_http_402_circuit_open","","false","BRAND","MODEL","","SOURCE_LOOKUP_DEFERRED","external_source_infrastructure_deferred"
"VTK018279","Evolusom","P0_API_ERROR","firecrawl_search_http_429","0","SOURCE_LOOKUP_DEFERRED","firecrawl_http_402_circuit_open","","false","BRAND","SCREW_TYPE","","SOURCE_LOOKUP_DEFERRED","external_source_infrastructure_deferred"
"VTK018292","Evolusom","P0_API_ERROR","firecrawl_search_http_429","0","SOURCE_FOUND_SECONDARY","firecrawl_http_402_circuit_open","","true","BRAND|GTIN","MODEL|VEHICLE_SPEAKER_WIDTH|SPEAKERS_NUMBER|VEHICLE_TYPE|COILS_NUMBER|RMS_POWER","4988028352720","P0_MANUAL_IDENTITY","official_source_not_confirmed"
"VTK018293","Evolusom","P0_API_ERROR","firecrawl_search_http_429","0","SOURCE_LOOKUP_DEFERRED","firecrawl_http_402_circuit_open","","false","BRAND","PART_NUMBER|CAR_LED_BULB_TYPE","","SOURCE_LOOKUP_DEFERRED","external_source_infrastructure_deferred"
"VTK018297","Evolusom","P0_API_ERROR","firecrawl_search_http_429","0","SOURCE_FOUND_SECONDARY","firecrawl_http_402_circuit_open","","true","BRAND|GTIN","MODEL|OUTPUT_CONNECTOR|INPUT_CONNECTOR","7898917230725","P0_MANUAL_IDENTITY","official_source_not_confirmed"
"VTK018304","Evolusom","P0_API_ERROR","firecrawl_search_http_429","0","SOURCE_LOOKUP_DEFERRED","firecrawl_http_402_circuit_open","","false","BRAND|GTIN","PART_NUMBER|VEHICLE_TYPE","7898253495154","SOURCE_LOOKUP_DEFERRED","external_source_infrastructure_deferred"
"VTK018306","Evolusom","P0_API_ERROR","firecrawl_search_http_429","0","SOURCE_LOOKUP_DEFERRED","firecrawl_http_402_circuit_open","","false","BRAND","PART_NUMBER","","SOURCE_LOOKUP_DEFERRED","external_source_infrastructure_deferred"
"VTK018338","Evolusom","P0_API_ERROR","firecrawl_search_http_429","0","SOURCE_LOOKUP_DEFERRED","firecrawl_http_402_circuit_open","","false","BRAND","MODEL","","SOURCE_LOOKUP_DEFERRED","external_source_infrastructure_deferred"
"VTK018347","Evolusom","P0_API_ERROR","firecrawl_search_http_429","0","SOURCE_FOUND_SECONDARY","firecrawl_http_402_circuit_open","","true","BRAND|GTIN","MODEL","097855070739","P0_MANUAL_IDENTITY","official_source_not_confirmed"
"VTK018351","Evolusom","P0_API_ERROR","firecrawl_search_http_429","0","SOURCE_LOOKUP_DEFERRED","firecrawl_http_402_circuit_open","","false","BRAND","CABLE_AND_ADAPTER_TYPE","","SOURCE_LOOKUP_DEFERRED","external_source_infrastructure_deferred"
"VTK018353","Evolusom","P0_API_ERROR","firecrawl_search_http_429","0","SOURCE_LOOKUP_DEFERRED","firecrawl_http_402_circuit_open","","false","BRAND","CABLE_AND_ADAPTER_TYPE","","SOURCE_LOOKUP_DEFERRED","external_source_infrastructure_deferred"
"VTK018354","Evolusom","P0_API_ERROR","firecrawl_search_http_429","0","SOURCE_LOOKUP_DEFERRED","firecrawl_http_402_circuit_open","","false","BRAND","CABLE_AND_ADAPTER_TYPE","","SOURCE_LOOKUP_DEFERRED","external_source_infrastructure_deferred"
"VTK018382","Evolusom","P0_API_ERROR","firecrawl_search_http_429","0","SOURCE_LOOKUP_DEFERRED","firecrawl_http_402_circuit_open","","false","BRAND","MODEL","","SOURCE_LOOKUP_DEFERRED","external_source_infrastructure_deferred"
"VTK018387","Evolusom","P0_API_ERROR","firecrawl_search_http_429","0","SOURCE_LOOKUP_DEFERRED","firecrawl_http_402_circuit_open","","false","BRAND","PART_NUMBER|CAR_LED_BULB_TYPE","","SOURCE_LOOKUP_DEFERRED","external_source_infrastructure_deferred"
"VTK018397","Evolusom","P0_API_ERROR","firecrawl_search_http_429","0","SOURCE_LOOKUP_DEFERRED","firecrawl_http_402_circuit_open","","false","BRAND","SCREW_TYPE","","SOURCE_LOOKUP_DEFERRED","external_source_infrastructure_deferred"
"VTK018403","Evolusom","P0_API_ERROR","firecrawl_search_http_429","0","SOURCE_LOOKUP_DEFERRED","firecrawl_http_402_circuit_open","","false","BRAND","","","SOURCE_LOOKUP_DEFERRED","external_source_infrastructure_deferred"
"VTK018422","Evolusom","P0_API_ERROR","firecrawl_search_http_429","0","SOURCE_FOUND_SECONDARY","firecrawl_http_402_circuit_open","","true","BRAND|GTIN","MODEL|PART_NUMBER|VEHICLE_TYPE","7898253494676","P0_MANUAL_IDENTITY","official_source_not_confirmed"
"VTK018423","Evolusom","P0_API_ERROR","firecrawl_search_http_429","0","SOURCE_LOOKUP_DEFERRED","firecrawl_http_402_circuit_open","","false","BRAND","MODEL|IS_FACTORY_KIT","","SOURCE_LOOKUP_DEFERRED","external_source_infrastructure_deferred"
"VTK018428","Evolusom","P0_API_ERROR","firecrawl_search_http_429","0","SOURCE_LOOKUP_DEFERRED","firecrawl_http_402_circuit_open","","false","BRAND|GTIN","MODEL","7898414700042","SOURCE_LOOKUP_DEFERRED","external_source_infrastructure_deferred"
"VTK018434","Evolusom","P0_API_ERROR","firecrawl_search_http_429","0","SOURCE_LOOKUP_DEFERRED","firecrawl_http_402_circuit_open","","false","BRAND|GTIN","MODEL","7898253491392","SOURCE_LOOKUP_DEFERRED","external_source_infrastructure_deferred"
"VTK018435","Evolusom","P0_API_ERROR","firecrawl_search_http_429","0","SOURCE_FOUND_SECONDARY","firecrawl_http_402_circuit_open","","true","BRAND|GTIN","MODEL|POWER_SUPPLY_TYPE","7891356035111","P0_MANUAL_IDENTITY","official_source_not_confirmed"
"VTK018446","Evolusom","P0_API_ERROR","firecrawl_search_http_429","0","SOURCE_FOUND_SECONDARY","firecrawl_http_402_circuit_open","","true","BRAND|GTIN","MODEL|POWER_SUPPLY_TYPE","7896586816486","P0_MANUAL_IDENTITY","official_source_not_confirmed"
"VTK018447","Evolusom","P0_API_ERROR","firecrawl_search_http_429","0","SOURCE_LOOKUP_DEFERRED","firecrawl_http_402_circuit_open","","false","BRAND","MODEL","","SOURCE_LOOKUP_DEFERRED","external_source_infrastructure_deferred"
"VTK018449","Evolusom","P0_API_ERROR","firecrawl_search_http_429","0","SOURCE_FOUND_SECONDARY","firecrawl_http_402_circuit_open","","true","BRAND|GTIN","MODEL|ANATEL_HOMOLOGATION_NUMBER","7898936319029","P0_MANUAL_IDENTITY","official_source_not_confirmed"
"VTK018450","Evolusom","P0_API_ERROR","firecrawl_search_http_429","0","SOURCE_LOOKUP_DEFERRED","firecrawl_http_402_circuit_open","","false","BRAND","MODEL","","SOURCE_LOOKUP_DEFERRED","external_source_infrastructure_deferred"
"VTK018454","Evolusom","P0_API_ERROR","firecrawl_search_http_429","0","SOURCE_FOUND_SECONDARY","firecrawl_http_402_circuit_open","","true","BRAND|GTIN","PART_NUMBER|VEHICLE_TYPE","7898253504511","P0_MANUAL_IDENTITY","official_source_not_confirmed"
"VTK018460","Evolusom","P0_API_ERROR","firecrawl_search_http_429","0","SOURCE_LOOKUP_DEFERRED","firecrawl_http_402_circuit_open","","false","BRAND","MODEL","","SOURCE_LOOKUP_DEFERRED","external_source_infrastructure_deferred"
"VTK018461","Evolusom","P0_API_ERROR","firecrawl_search_http_429","0","SOURCE_LOOKUP_DEFERRED","firecrawl_http_402_circuit_open","","false","BRAND","MODEL","","SOURCE_LOOKUP_DEFERRED","external_source_infrastructure_deferred"
"VTK018462","Evolusom","P0_API_ERROR","firecrawl_search_http_429","0","SOURCE_LOOKUP_DEFERRED","firecrawl_http_402_circuit_open","","false","BRAND","IS_RECHARGEABLE","","SOURCE_LOOKUP_DEFERRED","external_source_infrastructure_deferred"
"VTK018467","Evolusom","P0_API_ERROR","firecrawl_search_http_429","0","SOURCE_LOOKUP_DEFERRED","firecrawl_http_402_circuit_open","","false","BRAND","SCREW_TYPE","","SOURCE_LOOKUP_DEFERRED","external_source_infrastructure_deferred"
"VTK018472","Evolusom","P0_API_ERROR","firecrawl_search_http_429","0","SOURCE_LOOKUP_DEFERRED","firecrawl_http_402_circuit_open","","false","BRAND","MODEL","","SOURCE_LOOKUP_DEFERRED","external_source_infrastructure_deferred"
"VTK018473","Evolusom","P0_API_ERROR","This operation was aborted","0","SOURCE_LOOKUP_DEFERRED","firecrawl_http_402_circuit_open","","false","BRAND","MODEL","","SOURCE_LOOKUP_DEFERRED","external_source_infrastructure_deferred"
"VTK018480","Evolusom","P0_API_ERROR","firecrawl_search_http_429","0","SOURCE_LOOKUP_DEFERRED","firecrawl_http_402_circuit_open","","false","BRAND|GTIN","","7898382147320","SOURCE_LOOKUP_DEFERRED","external_source_infrastructure_deferred"
"VTK018517","Evolusom","P0_API_ERROR","firecrawl_search_http_429","0","SOURCE_FOUND_SECONDARY","firecrawl_http_402_circuit_open","","true","BRAND|GTIN","MODEL|STEREO_STANDARD_DIMENSIONS","7898253497974","P0_MANUAL_IDENTITY","official_source_not_confirmed"
"VTK018522","Evolusom","P0_API_ERROR","firecrawl_search_http_429","0","SOURCE_FOUND_SECONDARY","firecrawl_http_402_circuit_open","","true","BRAND|GTIN","MODEL","7898112605946","P0_MANUAL_IDENTITY","official_source_not_confirmed"
"VTK018546","Evolusom","P0_API_ERROR","firecrawl_search_http_429","0","SOURCE_FOUND_SECONDARY","firecrawl_http_402_circuit_open","","true","BRAND|GTIN","MODEL|VOLTAGE|DEVICE_TYPE","7898936319234","P0_MANUAL_IDENTITY","official_source_not_confirmed"
"VTK018547","Evolusom","P0_API_ERROR","firecrawl_search_http_429","0","SOURCE_LOOKUP_DEFERRED","firecrawl_http_402_circuit_open","","false","BRAND","MODEL","","SOURCE_LOOKUP_DEFERRED","external_source_infrastructure_deferred"
"VTK018548","Evolusom","P0_API_ERROR","firecrawl_search_http_429","0","SOURCE_LOOKUP_DEFERRED","firecrawl_http_402_circuit_open","","false","BRAND","MANUFACTURER|MODEL","","SOURCE_LOOKUP_DEFERRED","external_source_infrastructure_deferred"
"VTK018550","Evolusom","P0_API_ERROR","firecrawl_search_http_429","0","SOURCE_LOOKUP_DEFERRED","firecrawl_http_402_circuit_open","","false","BRAND|GTIN","MODEL","7898441352696","SOURCE_LOOKUP_DEFERRED","external_source_infrastructure_deferred"
"VTK018552","Evolusom","P0_API_ERROR","firecrawl_search_http_429","0","SOURCE_LOOKUP_DEFERRED","firecrawl_http_402_circuit_open","","false","BRAND","MODEL","","SOURCE_LOOKUP_DEFERRED","external_source_infrastructure_deferred"
"VTK018554","Evolusom","P0_API_ERROR","firecrawl_search_http_429","0","SOURCE_LOOKUP_DEFERRED","firecrawl_http_402_circuit_open","","false","BRAND","MODEL","","SOURCE_LOOKUP_DEFERRED","external_source_infrastructure_deferred"
"VTK018562","Evolusom","P0_API_ERROR","firecrawl_search_http_429","0","SOURCE_FOUND_SECONDARY","firecrawl_http_402_circuit_open","","true","BRAND|GTIN","MODEL","7898253502104","P0_MANUAL_IDENTITY","official_source_not_confirmed"
"VTK018563","Evolusom","P0_API_ERROR","firecrawl_search_http_429","0","SOURCE_LOOKUP_DEFERRED","firecrawl_http_402_circuit_open","","false","BRAND","SCREW_TYPE","","SOURCE_LOOKUP_DEFERRED","external_source_infrastructure_deferred"
"VTK018581","Evolusom","P0_API_ERROR","firecrawl_search_http_429","0","SOURCE_LOOKUP_DEFERRED","firecrawl_http_402_circuit_open","","false","BRAND","MODEL","","SOURCE_LOOKUP_DEFERRED","external_source_infrastructure_deferred"
"VTK018587","Evolusom","P0_API_ERROR","firecrawl_search_http_429","0","SOURCE_FOUND_SECONDARY","firecrawl_http_402_circuit_open","","true","BRAND|GTIN","MODEL|VEHICLE_TYPE","4895239063102","P0_MANUAL_IDENTITY","official_source_not_confirmed"
"VTK018597","Evolusom","P0_API_ERROR","firecrawl_search_http_429","0","SOURCE_LOOKUP_DEFERRED","firecrawl_http_402_circuit_open","","false","BRAND","MODEL|ANATEL_HOMOLOGATION_NUMBER","","SOURCE_LOOKUP_DEFERRED","external_source_infrastructure_deferred"
"VTK018598","Evolusom","P0_API_ERROR","firecrawl_search_http_429","0","SOURCE_LOOKUP_DEFERRED","firecrawl_http_402_circuit_open","","false","BRAND|GTIN","MODEL|VEHICLE_SPEAKER_WIDTH|SPEAKERS_NUMBER|VEHICLE_TYPE|COILS_NUMBER|RMS_POWER","7896673801746","SOURCE_LOOKUP_DEFERRED","external_source_infrastructure_deferred"
"VTK018608","Evolusom","P0_API_ERROR","firecrawl_search_http_429","0","SOURCE_LOOKUP_DEFERRED","firecrawl_http_402_circuit_open","","false","BRAND|GTIN","PART_NUMBER|VEHICLE_TYPE","7897789632309","SOURCE_LOOKUP_DEFERRED","external_source_infrastructure_deferred"
"VTK018610","Evolusom","P0_API_ERROR","firecrawl_search_http_429","0","SOURCE_LOOKUP_DEFERRED","firecrawl_http_402_circuit_open","","false","BRAND","CABLE_AND_ADAPTER_TYPE","","SOURCE_LOOKUP_DEFERRED","external_source_infrastructure_deferred"
"VTK018616","Evolusom","P0_API_ERROR","firecrawl_search_http_429","0","SOURCE_FOUND_SECONDARY","firecrawl_http_402_circuit_open","","true","BRAND|GTIN","MODEL|STEREO_STANDARD_DIMENSIONS","7898253498094","P0_MANUAL_IDENTITY","official_source_not_confirmed"
"VTK018635","Evolusom","P0_API_ERROR","firecrawl_search_http_429","0","SOURCE_LOOKUP_DEFERRED","firecrawl_http_402_circuit_open","","false","BRAND|GTIN","PART_NUMBER|MATERIAL|BED_COVER_STYLE|VEHICLE_TYPE","7899630182629","SOURCE_LOOKUP_DEFERRED","external_source_infrastructure_deferred"
"VTK018636","Evolusom","P0_API_ERROR","firecrawl_search_http_429","0","SOURCE_FOUND_SECONDARY","firecrawl_http_402_circuit_open","","true","BRAND|GTIN","MODEL|SURVEILLANCE_CAMERA_TYPE|CAMERA_LOCATIONS","7893137226954","P0_MANUAL_IDENTITY","official_source_not_confirmed"
"VTK018639","Evolusom","P0_API_ERROR","firecrawl_search_http_429","0","SOURCE_LOOKUP_DEFERRED","firecrawl_http_402_circuit_open","","false","BRAND|GTIN","MODEL","7908060206284","SOURCE_LOOKUP_DEFERRED","external_source_infrastructure_deferred"
"VTK018641","Evolusom","P0_API_ERROR","firecrawl_search_http_429","0","SOURCE_LOOKUP_DEFERRED","firecrawl_http_402_circuit_open","","false","BRAND","MODEL","","SOURCE_LOOKUP_DEFERRED","external_source_infrastructure_deferred"
"VTK018642","Evolusom","P0_API_ERROR","firecrawl_search_http_429","0","SOURCE_LOOKUP_DEFERRED","firecrawl_http_402_circuit_open","","false","BRAND","MODEL","","SOURCE_LOOKUP_DEFERRED","external_source_infrastructure_deferred"
"VTK018660","Evolusom","P0_API_ERROR","firecrawl_search_http_429","0","SOURCE_LOOKUP_DEFERRED","firecrawl_http_402_circuit_open","","false","BRAND","IS_RECHARGEABLE","","SOURCE_LOOKUP_DEFERRED","external_source_infrastructure_deferred"
"VTK018664","Evolusom","P0_API_ERROR","firecrawl_search_http_429","0","SOURCE_LOOKUP_DEFERRED","firecrawl_http_402_circuit_open","","false","BRAND|GTIN","MODEL|PART_NUMBER|VEHICLE_TYPE","7898253494645","SOURCE_LOOKUP_DEFERRED","external_source_infrastructure_deferred"
"VTK018675","Evolusom","P0_API_ERROR","firecrawl_search_http_429","0","SOURCE_LOOKUP_DEFERRED","firecrawl_http_402_circuit_open","","false","BRAND","MODEL|VOLTAGE|DEVICE_TYPE","","SOURCE_LOOKUP_DEFERRED","external_source_infrastructure_deferred"
"VTK018700","Evolusom","P0_API_ERROR","firecrawl_search_http_429","0","SOURCE_LOOKUP_DEFERRED","firecrawl_http_402_circuit_open","","false","BRAND","MODEL|VEHICLE_SPEAKER_WIDTH|SPEAKERS_NUMBER|VEHICLE_TYPE|COILS_NUMBER|RMS_POWER","","SOURCE_LOOKUP_DEFERRED","external_source_infrastructure_deferred"
"VTK018702","Evolusom","P0_API_ERROR","firecrawl_search_http_429","0","SOURCE_LOOKUP_DEFERRED","firecrawl_http_402_circuit_open","","false","BRAND|GTIN","MODEL|VEHICLE_SPEAKER_WIDTH|SPEAKERS_NUMBER|VEHICLE_TYPE|COILS_NUMBER|RMS_POWER","7896673801128","SOURCE_LOOKUP_DEFERRED","external_source_infrastructure_deferred"
"VTK018714","Evolusom","P0_API_ERROR","firecrawl_search_http_429","0","SOURCE_FOUND_SECONDARY","firecrawl_http_402_circuit_open","","true","BRAND|GTIN","MODEL|STEREO_STANDARD_DIMENSIONS","7898253497813","P0_MANUAL_IDENTITY","official_source_not_confirmed"
"VTK018721","Evolusom","P0_API_ERROR","firecrawl_search_http_429","0","SOURCE_LOOKUP_DEFERRED","firecrawl_http_402_circuit_open","","false","BRAND","MODEL","","SOURCE_LOOKUP_DEFERRED","external_source_infrastructure_deferred"
"VTK018728","Evolusom","P0_API_ERROR","firecrawl_search_http_429","0","SOURCE_LOOKUP_DEFERRED","firecrawl_http_402_circuit_open","","false","BRAND","MODEL","","SOURCE_LOOKUP_DEFERRED","external_source_infrastructure_deferred"
"VTK018729","Evolusom","P0_API_ERROR","firecrawl_search_http_429","0","SOURCE_FOUND_SECONDARY","firecrawl_http_402_circuit_open","","true","BRAND|GTIN","MODEL|IS_FACTORY_KIT|VEHICLE_TYPE","7898096330209","P0_MANUAL_IDENTITY","official_source_not_confirmed"
"VTK018746","Evolusom","P0_API_ERROR","firecrawl_search_http_429","0","SOURCE_FOUND_SECONDARY","firecrawl_http_402_circuit_open","","true","BRAND|GTIN","MODEL|GENDER","7890000103213","P0_MANUAL_IDENTITY","official_source_not_confirmed"
"VTK018748","Evolusom","P0_API_ERROR","firecrawl_search_http_429","0","SOURCE_LOOKUP_DEFERRED","firecrawl_http_402_circuit_open","","false","BRAND|GTIN","PART_NUMBER|MATERIAL|BED_COVER_STYLE|VEHICLE_TYPE","7899630194554","SOURCE_LOOKUP_DEFERRED","external_source_infrastructure_deferred"
"VTK018749","Evolusom","P0_API_ERROR","firecrawl_search_http_429","0","SOURCE_FOUND_SECONDARY","firecrawl_http_402_circuit_open","","true","BRAND|GTIN","PART_NUMBER|CAR_LED_BULB_TYPE","6949999896024","P0_MANUAL_IDENTITY","official_source_not_confirmed"
"VTK018757","Evolusom","P0_API_ERROR","firecrawl_search_http_429","0","SOURCE_LOOKUP_DEFERRED","firecrawl_http_402_circuit_open","","false","BRAND","MODEL","","SOURCE_LOOKUP_DEFERRED","external_source_infrastructure_deferred"
"VTK018761","Evolusom","P0_API_ERROR","firecrawl_search_http_429","0","SOURCE_LOOKUP_DEFERRED","firecrawl_http_402_circuit_open","","false","BRAND","MODEL","","SOURCE_LOOKUP_DEFERRED","external_source_infrastructure_deferred"
"VTK018762","Evolusom","P0_API_ERROR","firecrawl_search_http_429","0","SOURCE_LOOKUP_DEFERRED","firecrawl_http_402_circuit_open","","false","BRAND","MODEL","","SOURCE_LOOKUP_DEFERRED","external_source_infrastructure_deferred"
"VTK018767","Evolusom","P0_API_ERROR","firecrawl_search_http_429","0","SOURCE_LOOKUP_DEFERRED","firecrawl_http_402_circuit_open","","false","BRAND","MODEL|PRODUCT_TYPE","","SOURCE_LOOKUP_DEFERRED","external_source_infrastructure_deferred"
"VTK018768","Evolusom","P0_API_ERROR","firecrawl_search_http_429","0","SOURCE_LOOKUP_DEFERRED","firecrawl_http_402_circuit_open","","false","BRAND|GTIN","MODEL","1000507800010","SOURCE_LOOKUP_DEFERRED","external_source_infrastructure_deferred"
"VTK018772","Evolusom","P0_API_ERROR","firecrawl_search_http_402","0","SOURCE_LOOKUP_DEFERRED","firecrawl_http_402_circuit_open","","false","BRAND","MODEL","","SOURCE_LOOKUP_DEFERRED","external_source_infrastructure_deferred"
"VTK018791","Evolusom","P0_API_ERROR","firecrawl_search_http_402","0","SOURCE_LOOKUP_DEFERRED","firecrawl_http_402_circuit_open","","false","BRAND|GTIN","MODEL","7899810416070","SOURCE_LOOKUP_DEFERRED","external_source_infrastructure_deferred"
"VTK018830","Evolusom","P0_API_ERROR","firecrawl_search_http_402","0","SOURCE_LOOKUP_DEFERRED","firecrawl_http_402_circuit_open","","false","BRAND|GTIN","CABLE_AND_ADAPTER_TYPE","7899924902421","SOURCE_LOOKUP_DEFERRED","external_source_infrastructure_deferred"
"VTK018843","Evolusom","P0_API_ERROR","firecrawl_search_http_402","0","SOURCE_LOOKUP_DEFERRED","firecrawl_http_402_circuit_open","","false","BRAND","MODEL","","SOURCE_LOOKUP_DEFERRED","external_source_infrastructure_deferred"
"VTK018849","Evolusom","P0_API_ERROR","firecrawl_search_http_402","0","SOURCE_LOOKUP_DEFERRED","firecrawl_http_402_circuit_open","","false","BRAND","","","SOURCE_LOOKUP_DEFERRED","external_source_infrastructure_deferred"
"VTK018850","Evolusom","P0_API_ERROR","firecrawl_search_http_402","0","SOURCE_LOOKUP_DEFERRED","firecrawl_http_402_circuit_open","","false","BRAND","MODEL|SURVEILLANCE_CAMERA_TYPE|CAMERA_LOCATIONS","","SOURCE_LOOKUP_DEFERRED","external_source_infrastructure_deferred"
"VTK018857","Evolusom","P0_API_ERROR","firecrawl_search_http_402","0","SOURCE_LOOKUP_DEFERRED","firecrawl_http_402_circuit_open","","false","BRAND|GTIN","MODEL|VEHICLE_SPEAKER_WIDTH|SPEAKERS_NUMBER|VEHICLE_TYPE|COILS_NUMBER|RMS_POWER","7896359523368","SOURCE_LOOKUP_DEFERRED","external_source_infrastructure_deferred"
"VTK018862","Evolusom","P0_API_ERROR","firecrawl_search_http_402","0","SOURCE_LOOKUP_DEFERRED","firecrawl_http_402_circuit_open","","false","BRAND","MODEL","","SOURCE_LOOKUP_DEFERRED","external_source_infrastructure_deferred"
"VTK018864","Evolusom","P0_API_ERROR","firecrawl_search_http_402","0","SOURCE_LOOKUP_DEFERRED","firecrawl_http_402_circuit_open","","false","BRAND","MODEL|OUTPUT_CONNECTOR|INPUT_CONNECTOR","","SOURCE_LOOKUP_DEFERRED","external_source_infrastructure_deferred"
"VTK018868","Evolusom","P0_API_ERROR","firecrawl_search_http_402","0","SOURCE_FOUND_SECONDARY","firecrawl_http_402_circuit_open","","true","BRAND|GTIN","MODEL|STEREO_STANDARD_DIMENSIONS","7898253499558","P0_MANUAL_IDENTITY","official_source_not_confirmed"
"VTK018869","Evolusom","P0_API_ERROR","firecrawl_search_http_429","0","SOURCE_FOUND_SECONDARY","firecrawl_http_402_circuit_open","","true","BRAND|GTIN","MODEL|STEREO_STANDARD_DIMENSIONS","7898253495581","P0_MANUAL_IDENTITY","official_source_not_confirmed"
"VTK018870","Evolusom","P0_API_ERROR","firecrawl_search_http_429","0","SOURCE_FOUND_SECONDARY","firecrawl_http_402_circuit_open","","true","BRAND|GTIN","MODEL|STEREO_STANDARD_DIMENSIONS","7898253497981","P0_MANUAL_IDENTITY","official_source_not_confirmed"
"VTK018883","Evolusom","P0_API_ERROR","firecrawl_search_http_429","0","SOURCE_LOOKUP_DEFERRED","firecrawl_http_402_circuit_open","","false","BRAND","MODEL|CAMERA_STRAP_TYPE","","SOURCE_LOOKUP_DEFERRED","external_source_infrastructure_deferred"
"VTK018905","Evolusom","P0_API_ERROR","firecrawl_search_http_429","0","SOURCE_FOUND_SECONDARY","firecrawl_http_402_circuit_open","","true","BRAND|GTIN","MODEL|VEHICLE_TYPE|MATERIAL","7898429980613","P0_MANUAL_IDENTITY","official_source_not_confirmed"
"VTK018908","Evolusom","P0_API_ERROR","firecrawl_search_http_429","0","SOURCE_FOUND_SECONDARY","firecrawl_http_402_circuit_open","","true","BRAND|GTIN","INPUT_CONNECTOR|OUTPUT_CONNECTOR","7898429982341","P0_MANUAL_IDENTITY","official_source_not_confirmed"
"VTK018909","Evolusom","P0_API_ERROR","firecrawl_search_http_429","0","SOURCE_LOOKUP_DEFERRED","firecrawl_http_402_circuit_open","","false","BRAND|GTIN","MODEL|COLOR|SIZE|GENDER","7890000100724","SOURCE_LOOKUP_DEFERRED","external_source_infrastructure_deferred"
"VTK018911","Evolusom","P0_API_ERROR","firecrawl_search_http_429","0","SOURCE_LOOKUP_DEFERRED","firecrawl_http_402_circuit_open","","false","BRAND|GTIN","PART_NUMBER|MATERIAL|BED_COVER_STYLE|VEHICLE_TYPE","7899630194240","SOURCE_LOOKUP_DEFERRED","external_source_infrastructure_deferred"
"VTK018912","Evolusom","P0_API_ERROR","firecrawl_search_http_429","0","SOURCE_LOOKUP_DEFERRED","firecrawl_http_402_circuit_open","","false","BRAND|GTIN","MODEL","7898382141144","SOURCE_LOOKUP_DEFERRED","external_source_infrastructure_deferred"
"VTK018918","Evolusom","P0_API_ERROR","firecrawl_search_http_429","0","SOURCE_LOOKUP_DEFERRED","firecrawl_http_402_circuit_open","","false","BRAND","MODEL","","SOURCE_LOOKUP_DEFERRED","external_source_infrastructure_deferred"
"VTK018924","Evolusom","P0_API_ERROR","firecrawl_search_http_429","0","SOURCE_FOUND_SECONDARY","firecrawl_http_402_circuit_open","","true","BRAND|GTIN","MODEL|IS_WIRELESS|ANATEL_HOMOLOGATION_NUMBER","7896637677004","P0_MANUAL_IDENTITY","official_source_not_confirmed"
"VTK018934","Evolusom","P0_API_ERROR","firecrawl_search_http_429","0","SOURCE_FOUND_SECONDARY","firecrawl_http_402_circuit_open","","true","BRAND|GTIN","MODEL|INSTALLATION_PLACEMENT","7898939971378","P0_MANUAL_IDENTITY","official_source_not_confirmed"
"VTK018935","Evolusom","P0_API_ERROR","firecrawl_search_http_429","0","SOURCE_LOOKUP_DEFERRED","firecrawl_http_402_circuit_open","","false","BRAND|GTIN","MODEL|PART_NUMBER|VEHICLE_TYPE","7898253505662","SOURCE_LOOKUP_DEFERRED","external_source_infrastructure_deferred"
"VTK018936","Evolusom","P0_API_ERROR","firecrawl_search_http_429","0","SOURCE_LOOKUP_DEFERRED","firecrawl_http_402_circuit_open","","false","BRAND|GTIN","MODEL|PART_NUMBER|VEHICLE_TYPE","7898253505686","SOURCE_LOOKUP_DEFERRED","external_source_infrastructure_deferred"
"VTK018943","Evolusom","P0_API_ERROR","firecrawl_search_http_429","0","SOURCE_FOUND_SECONDARY","firecrawl_http_402_circuit_open","","true","BRAND|GTIN","MODEL|POWER_SUPPLY_TYPE","7898954353630","P0_MANUAL_IDENTITY","official_source_not_confirmed"
"VTK018944","Evolusom","P0_API_ERROR","firecrawl_search_http_429","0","SOURCE_FOUND_SECONDARY","firecrawl_http_402_circuit_open","","true","BRAND|GTIN","MANUFACTURER|INCLUDES_ASSEMBLY_MANUAL","7898954353074","P0_MANUAL_IDENTITY","official_source_not_confirmed"
"VTK018968","Evolusom","P0_API_ERROR","firecrawl_search_http_429","0","SOURCE_LOOKUP_DEFERRED","firecrawl_http_402_circuit_open","","false","BRAND|GTIN","MODEL","7898382149959","SOURCE_LOOKUP_DEFERRED","external_source_infrastructure_deferred"
"VTK018995","Evolusom","P0_API_ERROR","firecrawl_search_http_429","0","SOURCE_LOOKUP_DEFERRED","firecrawl_http_402_circuit_open","","false","BRAND","MODEL","","SOURCE_LOOKUP_DEFERRED","external_source_infrastructure_deferred"
"VTK019015","Evolusom","P0_API_ERROR","firecrawl_search_http_429","0","SOURCE_LOOKUP_DEFERRED","firecrawl_http_402_circuit_open","","false","BRAND","MODEL","","SOURCE_LOOKUP_DEFERRED","external_source_infrastructure_deferred"
"VTK019016","Evolusom","P0_API_ERROR","firecrawl_search_http_429","0","SOURCE_LOOKUP_DEFERRED","firecrawl_http_402_circuit_open","","false","BRAND|GTIN","","7898414700073","SOURCE_LOOKUP_DEFERRED","external_source_infrastructure_deferred"
"VTK019018","Evolusom","P0_API_ERROR","firecrawl_search_http_429","0","SOURCE_LOOKUP_DEFERRED","firecrawl_http_402_circuit_open","","false","BRAND|GTIN","MODEL|VEHICLE_SPEAKER_WIDTH|SPEAKERS_NUMBER|VEHICLE_TYPE|COILS_NUMBER|RMS_POWER","7899021996743","SOURCE_LOOKUP_DEFERRED","external_source_infrastructure_deferred"
"VTK019020","Evolusom","P0_API_ERROR","firecrawl_search_http_429","0","SOURCE_LOOKUP_DEFERRED","firecrawl_http_402_circuit_open","","false","BRAND","MODEL|IS_FACTORY_KIT","","SOURCE_LOOKUP_DEFERRED","external_source_infrastructure_deferred"
"VTK019030","Evolusom","P0_API_ERROR","firecrawl_search_http_429","0","SOURCE_FOUND_SECONDARY","firecrawl_http_402_circuit_open","","true","BRAND|GTIN","MODEL|STEREO_STANDARD_DIMENSIONS","7898253497998","P0_MANUAL_IDENTITY","official_source_not_confirmed"
"VTK019032","Evolusom","P0_API_ERROR","firecrawl_search_http_429","0","SOURCE_LOOKUP_DEFERRED","firecrawl_http_402_circuit_open","","false","BRAND","PART_NUMBER|VEHICLE_TYPE","","SOURCE_LOOKUP_DEFERRED","external_source_infrastructure_deferred"
"VTK019033","Evolusom","P0_API_ERROR","firecrawl_search_http_429","0","SOURCE_FOUND_SECONDARY","firecrawl_http_402_circuit_open","","true","BRAND|GTIN","MODEL","097855088826","P0_MANUAL_IDENTITY","remote_listing_exists"
"VTK019036","Evolusom","P0_API_ERROR","firecrawl_search_http_429","0","SOURCE_LOOKUP_DEFERRED","firecrawl_http_402_circuit_open","","false","BRAND","CABLE_AND_ADAPTER_TYPE","","SOURCE_LOOKUP_DEFERRED","external_source_infrastructure_deferred"
"VTK019037","Evolusom","P0_API_ERROR","firecrawl_search_http_429","0","SOURCE_LOOKUP_DEFERRED","firecrawl_http_402_circuit_open","","false","BRAND","MODEL","","SOURCE_LOOKUP_DEFERRED","external_source_infrastructure_deferred"
"VTK019041","Evolusom","P0_API_ERROR","firecrawl_search_http_429","0","SOURCE_LOOKUP_DEFERRED","firecrawl_http_402_circuit_open","","false","BRAND","MODEL|IS_FACTORY_KIT","","SOURCE_LOOKUP_DEFERRED","external_source_infrastructure_deferred"
"VTK019044","Evolusom","P0_API_ERROR","firecrawl_search_http_429","0","SOURCE_LOOKUP_DEFERRED","firecrawl_http_402_circuit_open","","false","BRAND|GTIN","CABLE_AND_ADAPTER_TYPE","7898530518873","SOURCE_LOOKUP_DEFERRED","external_source_infrastructure_deferred"
"VTK019063","Evolusom","P0_API_ERROR","firecrawl_search_http_429","0","SOURCE_LOOKUP_DEFERRED","firecrawl_http_402_circuit_open","","false","BRAND","MODEL","","SOURCE_LOOKUP_DEFERRED","external_source_infrastructure_deferred"
"VTK019080","Evolusom","P0_API_ERROR","firecrawl_search_http_429","0","SOURCE_LOOKUP_DEFERRED","firecrawl_http_402_circuit_open","","false","BRAND","MODEL|CAMERA_STRAP_TYPE","","SOURCE_LOOKUP_DEFERRED","external_source_infrastructure_deferred"
"VTK019089","Evolusom","P0_API_ERROR","firecrawl_search_http_429","0","SOURCE_LOOKUP_DEFERRED","firecrawl_http_402_circuit_open","","false","BRAND|GTIN","PART_NUMBER|MATERIAL|BED_COVER_STYLE|VEHICLE_TYPE","7899630182377","SOURCE_LOOKUP_DEFERRED","external_source_infrastructure_deferred"
"VTK019090","Evolusom","P0_API_ERROR","firecrawl_search_http_429","0","SOURCE_LOOKUP_DEFERRED","firecrawl_http_402_circuit_open","","false","BRAND|GTIN","PART_NUMBER|MATERIAL|BED_COVER_STYLE|VEHICLE_TYPE","7899630182087","SOURCE_LOOKUP_DEFERRED","external_source_infrastructure_deferred"
"VTK019094","Evolusom","P0_API_ERROR","firecrawl_search_http_429","0","SOURCE_LOOKUP_DEFERRED","firecrawl_http_402_circuit_open","","false","BRAND|GTIN","PART_NUMBER|MATERIAL|BED_COVER_STYLE|VEHICLE_TYPE","7899630194882","SOURCE_LOOKUP_DEFERRED","external_source_infrastructure_deferred"
"VTK019095","Evolusom","P0_API_ERROR","firecrawl_search_http_429","0","SOURCE_LOOKUP_DEFERRED","firecrawl_http_402_circuit_open","","false","BRAND|GTIN","PART_NUMBER|MATERIAL|BED_COVER_STYLE|VEHICLE_TYPE","7899630194271","SOURCE_LOOKUP_DEFERRED","external_source_infrastructure_deferred"
"VTK019096","Evolusom","P0_API_ERROR","firecrawl_search_http_429","0","SOURCE_LOOKUP_DEFERRED","firecrawl_http_402_circuit_open","","false","BRAND|GTIN","PART_NUMBER|CAR_LED_BULB_TYPE","6949999896093","SOURCE_LOOKUP_DEFERRED","external_source_infrastructure_deferred"
"VTK019099","Evolusom","P0_API_ERROR","firecrawl_search_http_429","0","SOURCE_LOOKUP_DEFERRED","firecrawl_http_402_circuit_open","","false","BRAND|GTIN","PART_NUMBER|MATERIAL|BED_COVER_STYLE|VEHICLE_TYPE","7899630194486","SOURCE_LOOKUP_DEFERRED","external_source_infrastructure_deferred"
"VTK019100","Evolusom","P0_API_ERROR","firecrawl_search_http_429","0","SOURCE_FOUND_SECONDARY","firecrawl_http_402_circuit_open","","true","BRAND|GTIN","MODEL|SURVEILLANCE_CAMERA_TYPE|CAMERA_LOCATIONS","7898957865710","P0_MANUAL_IDENTITY","official_source_not_confirmed"
"VTK019108","Evolusom","P0_API_ERROR","firecrawl_search_http_429","0","SOURCE_LOOKUP_DEFERRED","firecrawl_http_402_circuit_open","","false","BRAND|GTIN","PART_NUMBER|MATERIAL|BED_COVER_STYLE|VEHICLE_TYPE","7899630194684","SOURCE_LOOKUP_DEFERRED","external_source_infrastructure_deferred"
"VTK019111","Evolusom","P0_API_ERROR","firecrawl_search_http_429","0","SOURCE_LOOKUP_DEFERRED","firecrawl_http_402_circuit_open","","false","BRAND","MODEL|VOLTAGE|DEVICE_TYPE","","SOURCE_LOOKUP_DEFERRED","external_source_infrastructure_deferred"
"VTK019117","Evolusom","P0_API_ERROR","firecrawl_search_http_429","0","SOURCE_LOOKUP_DEFERRED","firecrawl_http_402_circuit_open","","false","BRAND|GTIN","MODEL","7898478324987","SOURCE_LOOKUP_DEFERRED","external_source_infrastructure_deferred"
"VTK019123","Evolusom","P0_API_ERROR","firecrawl_search_http_429","0","SOURCE_LOOKUP_DEFERRED","firecrawl_http_402_circuit_open","","false","BRAND","MODEL","","SOURCE_LOOKUP_DEFERRED","external_source_infrastructure_deferred"
"VTK019126","Evolusom","P0_API_ERROR","firecrawl_search_http_429","0","SOURCE_FOUND_SECONDARY","firecrawl_http_402_circuit_open","","true","BRAND|GTIN","MODEL","7896637671330","P0_MANUAL_IDENTITY","official_source_not_confirmed"
"VTK019131","Evolusom","P0_API_ERROR","firecrawl_search_http_429","0","SOURCE_FOUND_SECONDARY","firecrawl_http_402_circuit_open","","true","BRAND|GTIN","MODEL","7898954353265","P0_MANUAL_IDENTITY","official_source_not_confirmed"
"VTK019185","Evolusom","P0_API_ERROR","firecrawl_search_http_429","0","SOURCE_LOOKUP_DEFERRED","firecrawl_http_402_circuit_open","","false","BRAND","MODEL","","SOURCE_LOOKUP_DEFERRED","external_source_infrastructure_deferred"
"VTK019219","Evolusom","P0_API_ERROR","firecrawl_search_http_429","0","SOURCE_FOUND_SECONDARY","firecrawl_http_402_circuit_open","","true","BRAND|GTIN","PASTA_NAME|PASTA_FORMAT|PRODUCT_CONSERVATION","7899079103070","P0_MANUAL_IDENTITY","official_source_not_confirmed"
"VTK019227","Evolusom","P0_API_ERROR","firecrawl_search_http_429","0","SOURCE_LOOKUP_DEFERRED","firecrawl_http_402_circuit_open","","false","BRAND","MODEL","","SOURCE_LOOKUP_DEFERRED","external_source_infrastructure_deferred"
"VTK019282","Evolusom","P0_API_ERROR","firecrawl_search_http_429","0","SOURCE_LOOKUP_DEFERRED","firecrawl_http_402_circuit_open","","false","BRAND","MODEL","","SOURCE_LOOKUP_DEFERRED","external_source_infrastructure_deferred"
"VTK019287","Evolusom","P0_API_ERROR","firecrawl_search_http_429","0","SOURCE_LOOKUP_DEFERRED","firecrawl_http_402_circuit_open","","false","BRAND","MODEL","","SOURCE_LOOKUP_DEFERRED","external_source_infrastructure_deferred"
"VTK019301","Evolusom","P0_API_ERROR","firecrawl_search_http_429","0","SOURCE_LOOKUP_DEFERRED","firecrawl_http_402_circuit_open","","false","BRAND","MODEL","","SOURCE_LOOKUP_DEFERRED","external_source_infrastructure_deferred"
"VTK019385","Evolusom","P0_API_ERROR","firecrawl_search_http_429","0","SOURCE_LOOKUP_DEFERRED","firecrawl_http_402_circuit_open","","false","BRAND","MODEL","","SOURCE_LOOKUP_DEFERRED","external_source_infrastructure_deferred"
"VTK019386","Evolusom","P0_API_ERROR","firecrawl_search_http_429","0","SOURCE_LOOKUP_DEFERRED","firecrawl_http_402_circuit_open","","false","BRAND","MODEL","","SOURCE_LOOKUP_DEFERRED","external_source_infrastructure_deferred"
"VTK019535","Evolusom","P0_API_ERROR","firecrawl_search_http_429","0","SOURCE_LOOKUP_DEFERRED","firecrawl_http_402_circuit_open","","false","BRAND","PART_NUMBER|VEHICLE_TYPE","","SOURCE_LOOKUP_DEFERRED","external_source_infrastructure_deferred"
"VTK019545","Evolusom","P0_API_ERROR","firecrawl_search_http_429","0","SOURCE_LOOKUP_DEFERRED","firecrawl_http_402_circuit_open","","false","BRAND","MODEL","","SOURCE_LOOKUP_DEFERRED","external_source_infrastructure_deferred"
"VTK019632","Evolusom","P0_API_ERROR","firecrawl_search_http_429","0","SOURCE_FOUND_SECONDARY","firecrawl_http_402_circuit_open","","true","BRAND|GTIN","MODEL","7899471878941","P0_MANUAL_IDENTITY","official_source_not_confirmed"
"VTK019776","Evolusom","P0_API_ERROR","firecrawl_search_http_429","0","SOURCE_LOOKUP_DEFERRED","firecrawl_http_402_circuit_open","","false","BRAND","MODEL","","SOURCE_LOOKUP_DEFERRED","external_source_infrastructure_deferred"
"VTK019777","Evolusom","P0_API_ERROR","firecrawl_search_http_429","0","SOURCE_LOOKUP_DEFERRED","firecrawl_http_402_circuit_open","","false","BRAND","MODEL","","SOURCE_LOOKUP_DEFERRED","external_source_infrastructure_deferred"
"VTK019952","Evolusom","P0_API_ERROR","firecrawl_search_http_429","0","SOURCE_FOUND_SECONDARY","firecrawl_http_402_circuit_open","","true","BRAND|GTIN","MODEL|IS_WIRELESS|ANATEL_HOMOLOGATION_NUMBER","7896637647571","P0_MANUAL_IDENTITY","official_source_not_confirmed"
"VTK020602","Evolusom","P0_API_ERROR","firecrawl_search_http_429","0","SOURCE_LOOKUP_DEFERRED","firecrawl_http_402_circuit_open","","false","BRAND|GTIN","","7898429981450","SOURCE_LOOKUP_DEFERRED","external_source_infrastructure_deferred"
"VTK020645","Evolusom","P0_API_ERROR","firecrawl_search_http_429","0","SOURCE_LOOKUP_DEFERRED","firecrawl_http_402_circuit_open","","false","BRAND|GTIN","PART_NUMBER|MATERIAL|BED_COVER_STYLE|VEHICLE_TYPE","7899630194318","SOURCE_LOOKUP_DEFERRED","external_source_infrastructure_deferred"
"VTK020653","Evolusom","P0_API_ERROR","firecrawl_search_http_429","0","SOURCE_LOOKUP_DEFERRED","firecrawl_http_402_circuit_open","","false","BRAND|GTIN","PART_NUMBER|MATERIAL|BED_COVER_STYLE|VEHICLE_TYPE","7899630194561","SOURCE_LOOKUP_DEFERRED","external_source_infrastructure_deferred"
"VTK020654","Evolusom","P0_API_ERROR","firecrawl_search_http_429","0","SOURCE_LOOKUP_DEFERRED","firecrawl_http_402_circuit_open","","false","BRAND|GTIN","PART_NUMBER|MATERIAL|BED_COVER_STYLE|VEHICLE_TYPE","7899630194578","SOURCE_LOOKUP_DEFERRED","external_source_infrastructure_deferred"
"VTK020656","Evolusom","P0_API_ERROR","firecrawl_search_http_429","0","SOURCE_LOOKUP_DEFERRED","firecrawl_http_402_circuit_open","","false","BRAND|GTIN","PART_NUMBER|MATERIAL|BED_COVER_STYLE|VEHICLE_TYPE","7899630194714","SOURCE_LOOKUP_DEFERRED","external_source_infrastructure_deferred"
"VTK020660","Evolusom","P0_API_ERROR","firecrawl_search_http_429","0","SOURCE_LOOKUP_DEFERRED","firecrawl_http_402_circuit_open","","false","BRAND|GTIN","PART_NUMBER|MATERIAL|BED_COVER_STYLE|VEHICLE_TYPE","7899630193625","SOURCE_LOOKUP_DEFERRED","external_source_infrastructure_deferred"
"VTK020904","Evolusom","P0_API_ERROR","firecrawl_search_http_429","0","SOURCE_FOUND_SECONDARY","firecrawl_http_402_circuit_open","","true","BRAND|GTIN","MODEL","7908060203368","P0_MANUAL_IDENTITY","official_source_not_confirmed"
"VTK021001","Evolusom","P0_API_ERROR","firecrawl_search_http_429","0","SOURCE_FOUND_SECONDARY","firecrawl_http_402_circuit_open","","true","BRAND|GTIN","MODEL|VEHICLE_SPEAKER_WIDTH|SPEAKERS_NUMBER|VEHICLE_TYPE|COILS_NUMBER|RMS_POWER","4988028352850","P0_MANUAL_IDENTITY","official_source_not_confirmed"
"VTK021012","Evolusom","P0_API_ERROR","firecrawl_search_http_429","0","SOURCE_FOUND_SECONDARY","firecrawl_http_402_circuit_open","","true","BRAND|GTIN","MODEL|IS_WIRELESS|ANATEL_HOMOLOGATION_NUMBER","7896637613262","P0_MANUAL_IDENTITY","official_source_not_confirmed"
"VTK021013","Evolusom","P0_API_ERROR","firecrawl_search_http_429","0","SOURCE_FOUND_SECONDARY","firecrawl_http_402_circuit_open","","true","BRAND|GTIN","MODEL|IS_WIRELESS|ANATEL_HOMOLOGATION_NUMBER","7896637609296","P0_MANUAL_IDENTITY","official_source_not_confirmed"
"VTK021063","Evolusom","P0_API_ERROR","firecrawl_search_http_429","0","SOURCE_FOUND_SECONDARY","firecrawl_http_402_circuit_open","","true","BRAND|GTIN","MODEL","097855120205","P0_MANUAL_IDENTITY","remote_listing_exists"
"VTK021065","Evolusom","P0_API_ERROR","firecrawl_search_http_429","0","SOURCE_LOOKUP_DEFERRED","firecrawl_http_402_circuit_open","","false","BRAND","MODEL","","SOURCE_LOOKUP_DEFERRED","external_source_infrastructure_deferred"
"VTK021108","Evolusom","P0_API_ERROR","firecrawl_search_http_429","0","SOURCE_FOUND_SECONDARY","firecrawl_http_402_circuit_open","","true","BRAND|GTIN","MODEL|VOLTAGE","7896637637961","P0_MANUAL_IDENTITY","official_source_not_confirmed"
"VTK021164","Evolusom","P0_API_ERROR","firecrawl_search_http_429","0","SOURCE_FOUND_SECONDARY","firecrawl_http_402_circuit_open","","true","BRAND|GTIN","MODEL|VEHICLE_SPEAKER_WIDTH|SPEAKERS_NUMBER|VEHICLE_TYPE|COILS_NUMBER|RMS_POWER","4988028352713","P0_MANUAL_IDENTITY","official_source_not_confirmed"
"VTK021438","Evolusom","P0_API_ERROR","firecrawl_search_http_429","0","SOURCE_FOUND_SECONDARY","firecrawl_http_402_circuit_open","","true","BRAND|GTIN","MODEL","7908060203627","P0_MANUAL_IDENTITY","official_source_not_confirmed"
"VTK021723","Evolusom","P0_API_ERROR","firecrawl_search_http_429","0","SOURCE_LOOKUP_DEFERRED","firecrawl_http_402_circuit_open","","false","BRAND","SCREW_TYPE","","SOURCE_LOOKUP_DEFERRED","external_source_infrastructure_deferred"
"VTK021891","Evolusom","P0_API_ERROR","firecrawl_search_http_429","0","SOURCE_FOUND_SECONDARY","firecrawl_http_402_circuit_open","","true","BRAND|GTIN","MODEL","7908060206222","P0_MANUAL_IDENTITY","official_source_not_confirmed"
"VTK022010","Evolusom","P0_API_ERROR","firecrawl_search_http_429","0","SOURCE_FOUND_SECONDARY","firecrawl_http_402_circuit_open","","true","BRAND|GTIN","","7898253501565","P0_MANUAL_IDENTITY","official_source_not_confirmed"
"VTK022455","Evolusom","P0_API_ERROR","firecrawl_search_http_429","0","SOURCE_FOUND_SECONDARY","firecrawl_http_402_circuit_open","","true","BRAND|GTIN","MODEL","7898544553648","P0_MANUAL_IDENTITY","official_source_not_confirmed"
"VTK022504","Evolusom","P0_API_ERROR","firecrawl_search_http_429","0","SOURCE_LOOKUP_DEFERRED","firecrawl_http_402_circuit_open","","false","BRAND","MODEL","","SOURCE_LOOKUP_DEFERRED","external_source_infrastructure_deferred"
"VTK023153","Evolusom","P0_API_ERROR","firecrawl_search_http_429","0","SOURCE_LOOKUP_DEFERRED","firecrawl_http_402_circuit_open","","false","BRAND","MODEL","","SOURCE_LOOKUP_DEFERRED","external_source_infrastructure_deferred"
"VTK023558","Evolusom","P0_API_ERROR","firecrawl_search_http_429","0","SOURCE_FOUND_SECONDARY","firecrawl_http_402_circuit_open","","true","BRAND|GTIN","MODEL","097855201225","P0_MANUAL_IDENTITY","official_source_not_confirmed"
"VTK023678","Evolusom","P0_API_ERROR","firecrawl_search_http_429","0","SOURCE_LOOKUP_DEFERRED","firecrawl_http_402_circuit_open","","false","BRAND","MODEL","","SOURCE_LOOKUP_DEFERRED","external_source_infrastructure_deferred"
"VTK025247","Hayamax","P0_API_ERROR","firecrawl_search_http_429","0","SOURCE_FOUND_SECONDARY","firecrawl_http_402_circuit_open","","true","BRAND|MODEL|GTIN","","7890000784603","P0_MANUAL_IDENTITY","official_source_not_confirmed"
"VTK025858","Hayamax","P0_API_ERROR","firecrawl_search_http_429","0","SOURCE_FOUND_SECONDARY","firecrawl_http_402_circuit_open","","true","BRAND|MODEL|GTIN","BACKREST_HEIGHT|SEAT_DEPTH|OFFICE_CHAIR_WIDTH|MAX_CHAIR_HEIGHT|REQUIRES_ASSEMBLY|IS_GAMER|IS_ERGONOMIC|IS_SWIVEL|INCLUDES_ASSEMBLY_MANUAL","7898554606587","P0_MANUAL_IDENTITY","possible_remote_listing_requires_review"
"VTK025859","Hayamax","P0_API_ERROR","firecrawl_search_http_429","0","SOURCE_FOUND_SECONDARY","firecrawl_http_402_circuit_open","","true","BRAND|MODEL|GTIN","BACKREST_HEIGHT|SEAT_DEPTH|OFFICE_CHAIR_WIDTH|MAX_CHAIR_HEIGHT|REQUIRES_ASSEMBLY|IS_GAMER|IS_ERGONOMIC|IS_SWIVEL|INCLUDES_ASSEMBLY_MANUAL","7898554606594","P0_MANUAL_IDENTITY","possible_remote_listing_requires_review"
"VTK025860","Hayamax","P0_API_ERROR","firecrawl_search_http_429","0","SOURCE_FOUND_SECONDARY","firecrawl_http_402_circuit_open","","true","BRAND|MODEL|GTIN","BACKREST_HEIGHT|SEAT_DEPTH|OFFICE_CHAIR_WIDTH|MAX_CHAIR_HEIGHT|REQUIRES_ASSEMBLY|IS_GAMER|IS_ERGONOMIC|IS_SWIVEL|INCLUDES_ASSEMBLY_MANUAL","7898554606617","P0_MANUAL_IDENTITY","possible_remote_listing_requires_review"
"VTK025861","Hayamax","P0_API_ERROR","firecrawl_search_http_429","0","SOURCE_FOUND_SECONDARY","firecrawl_http_402_circuit_open","","true","BRAND|MODEL|GTIN","BACKREST_HEIGHT|SEAT_DEPTH|OFFICE_CHAIR_WIDTH|MAX_CHAIR_HEIGHT|REQUIRES_ASSEMBLY|IS_GAMER|IS_ERGONOMIC|IS_SWIVEL|INCLUDES_ASSEMBLY_MANUAL","7898554606624","P0_MANUAL_IDENTITY","possible_remote_listing_requires_review"
"VTK025953","Hayamax","P0_API_ERROR","firecrawl_search_http_429","0","SOURCE_FOUND_SECONDARY","firecrawl_http_402_circuit_open","","true","BRAND|MODEL|GTIN","POWER_SUPPLY_TYPE","3016661179594","P0_MANUAL_IDENTITY","official_source_not_confirmed"
"VTK025954","Hayamax","P0_API_ERROR","firecrawl_search_http_429","0","SOURCE_FOUND_SECONDARY","firecrawl_http_402_circuit_open","","true","BRAND|MODEL|GTIN","POT_TYPE","3045384363973","P0_MANUAL_IDENTITY","official_source_not_confirmed"
"VTK025955","Hayamax","P0_API_ERROR","firecrawl_search_http_429","0","SOURCE_LOOKUP_DEFERRED","firecrawl_http_402_circuit_open","","false","BRAND|MODEL|GTIN","POWER_SUPPLY_TYPE","7895500767361","P0_MANUAL_IDENTITY","possible_remote_listing_requires_review"
"VTK025957","Hayamax","P0_API_ERROR","firecrawl_search_http_429","0","SOURCE_LOOKUP_DEFERRED","firecrawl_http_402_circuit_open","","false","BRAND|MODEL|GTIN","POWER_SUPPLY_TYPE","7895500767354","P0_MANUAL_IDENTITY","possible_remote_listing_requires_review"
"VTK025958","Hayamax","P0_API_ERROR","firecrawl_search_http_429","0","SOURCE_LOOKUP_DEFERRED","firecrawl_http_402_circuit_open","","false","BRAND|MODEL|GTIN","PRODUCT_TYPE","17702073029055","SOURCE_LOOKUP_DEFERRED","external_source_infrastructure_deferred"
"VTK025961","Hayamax","P0_API_ERROR","firecrawl_search_http_429","0","SOURCE_LOOKUP_DEFERRED","firecrawl_http_402_circuit_open","","false","BRAND|MODEL|GTIN","PRODUCT_TYPE","17702073029024","SOURCE_LOOKUP_DEFERRED","external_source_infrastructure_deferred"
"VTK025996","BKR1","P0_API_ERROR","firecrawl_search_http_429","0","SOURCE_LOOKUP_DEFERRED","firecrawl_http_402_circuit_open","","false","BRAND","MODEL","","SOURCE_LOOKUP_DEFERRED","external_source_infrastructure_deferred"
"VTK025997","BKR1","P0_API_ERROR","firecrawl_search_http_429","0","SOURCE_LOOKUP_DEFERRED","firecrawl_http_402_circuit_open","","false","BRAND","MODEL","","SOURCE_LOOKUP_DEFERRED","external_source_infrastructure_deferred"
"VTK025998","BKR1","P0_API_ERROR","firecrawl_search_http_429","0","SOURCE_LOOKUP_DEFERRED","firecrawl_http_402_circuit_open","","false","BRAND","MODEL","","SOURCE_LOOKUP_DEFERRED","external_source_infrastructure_deferred"
"VTK025999","BKR1","P0_API_ERROR","firecrawl_search_http_429","0","SOURCE_LOOKUP_DEFERRED","firecrawl_http_402_circuit_open","","false","BRAND|GTIN","MODEL|RECOMMENDED_INSTRUMENT","6940651411548","SOURCE_LOOKUP_DEFERRED","external_source_infrastructure_deferred"
"VTK026000","BKR1","P0_API_ERROR","firecrawl_search_http_429","0","SOURCE_FOUND_SECONDARY","firecrawl_http_402_circuit_open","","true","BRAND|GTIN","MODEL|RECOMMENDED_INSTRUMENT","6940651411517","P0_MANUAL_IDENTITY","official_source_not_confirmed"
"VTK026001","BKR1","P0_API_ERROR","firecrawl_search_http_429","0","SOURCE_FOUND_SECONDARY","firecrawl_http_402_circuit_open","","true","BRAND|GTIN","MODEL|RECOMMENDED_INSTRUMENT","6940651411555","P0_MANUAL_IDENTITY","official_source_not_confirmed"
"VTK026002","BKR1","P0_API_ERROR","firecrawl_search_http_429","0","SOURCE_LOOKUP_DEFERRED","firecrawl_http_402_circuit_open","","false","BRAND","MODEL","","SOURCE_LOOKUP_DEFERRED","external_source_infrastructure_deferred"
"VTK026003","BKR1","P0_API_ERROR","firecrawl_search_http_429","0","SOURCE_FOUND_SECONDARY","firecrawl_http_402_circuit_open","","true","BRAND|GTIN","MODEL","7898572860541","P0_MANUAL_IDENTITY","official_source_not_confirmed"
"VTK026004","BKR1","P0_API_ERROR","firecrawl_search_http_429","0","SOURCE_LOOKUP_DEFERRED","firecrawl_http_402_circuit_open","","false","BRAND","MODEL|ISSUING_COMPANY","","SOURCE_LOOKUP_DEFERRED","external_source_infrastructure_deferred"
"VTK026005","BKR1","P0_API_ERROR","firecrawl_search_http_429","0","SOURCE_LOOKUP_DEFERRED","firecrawl_http_402_circuit_open","","false","BRAND","DEVICE_PART_NUMBER|MODEL","","SOURCE_LOOKUP_DEFERRED","external_source_infrastructure_deferred"
"VTK026006","BKR1","P0_API_ERROR","firecrawl_search_http_429","0","SOURCE_LOOKUP_DEFERRED","firecrawl_http_402_circuit_open","","false","BRAND","MODEL","","SOURCE_LOOKUP_DEFERRED","external_source_infrastructure_deferred"
"VTK026007","BKR1","P0_API_ERROR","firecrawl_search_http_429","0","SOURCE_FOUND_SECONDARY","firecrawl_http_402_circuit_open","","true","BRAND|GTIN","MODEL","7898572882208","P0_MANUAL_IDENTITY","official_source_not_confirmed"
"VTK026008","BKR1","P0_API_ERROR","firecrawl_search_http_429","0","SOURCE_FOUND_SECONDARY","firecrawl_http_402_circuit_open","","true","BRAND|GTIN","MODEL|INSTALLATION_PLACEMENT","7898572863009","P0_MANUAL_IDENTITY","official_source_not_confirmed"
"VTK026009","BKR1","P0_API_ERROR","firecrawl_search_http_402","0","SOURCE_LOOKUP_DEFERRED","firecrawl_http_402_circuit_open","","false","BRAND","MODEL","","SOURCE_LOOKUP_DEFERRED","external_source_infrastructure_deferred"
"VTK026010","BKR1","P0_API_ERROR","firecrawl_search_http_429","0","SOURCE_LOOKUP_DEFERRED","firecrawl_http_402_circuit_open","","false","BRAND","MODEL","","SOURCE_LOOKUP_DEFERRED","external_source_infrastructure_deferred"
"VTK026011","BKR1","P0_API_ERROR","firecrawl_search_http_429","0","SOURCE_LOOKUP_DEFERRED","firecrawl_http_402_circuit_open","","false","BRAND","PART_NUMBER|VEHICLE_TYPE","","SOURCE_LOOKUP_DEFERRED","external_source_infrastructure_deferred"
"VTK026012","BKR1","P0_API_ERROR","firecrawl_search_http_429","0","SOURCE_LOOKUP_DEFERRED","firecrawl_http_402_circuit_open","","false","BRAND|GTIN","MODEL|INSTALLATION_PLACEMENT","7898572881102","SOURCE_LOOKUP_DEFERRED","external_source_infrastructure_deferred"
"VTK026013","BKR1","P0_API_ERROR","firecrawl_search_http_429","0","SOURCE_FOUND_SECONDARY","firecrawl_http_402_circuit_open","","true","BRAND|GTIN","MODEL","7898572860039","P0_MANUAL_IDENTITY","official_source_not_confirmed"
"VTK026014","BKR1","P0_API_ERROR","firecrawl_search_http_429","0","SOURCE_LOOKUP_DEFERRED","firecrawl_http_402_circuit_open","","false","BRAND","MODEL","","SOURCE_LOOKUP_DEFERRED","external_source_infrastructure_deferred"
"VTK026015","BKR1","P0_API_ERROR","firecrawl_search_http_429","0","SOURCE_LOOKUP_DEFERRED","firecrawl_http_402_circuit_open","","false","BRAND","MODEL","","SOURCE_LOOKUP_DEFERRED","external_source_infrastructure_deferred"
"VTK026016","BKR1","P0_API_ERROR","firecrawl_search_http_429","0","SOURCE_LOOKUP_DEFERRED","firecrawl_http_402_circuit_open","","false","BRAND","MODEL","","SOURCE_LOOKUP_DEFERRED","external_source_infrastructure_deferred"
"VTK026017","BKR1","P0_API_ERROR","firecrawl_search_http_429","0","SOURCE_LOOKUP_DEFERRED","firecrawl_http_402_circuit_open","","false","BRAND","MODEL","","SOURCE_LOOKUP_DEFERRED","external_source_infrastructure_deferred"
"VTK026018","BKR1","P0_API_ERROR","firecrawl_search_http_429","0","SOURCE_FOUND_SECONDARY","firecrawl_http_402_circuit_open","","true","BRAND|GTIN","MODEL","7898572860602","P0_MANUAL_IDENTITY","official_source_not_confirmed"
"VTK026019","BKR1","P0_API_ERROR","firecrawl_search_http_429","0","SOURCE_FOUND_SECONDARY","firecrawl_http_402_circuit_open","","true","BRAND|GTIN","MODEL","7898572866055","P0_MANUAL_IDENTITY","official_source_not_confirmed"
"VTK026020","BKR1","P0_API_ERROR","firecrawl_search_http_429","0","SOURCE_LOOKUP_DEFERRED","firecrawl_http_402_circuit_open","","false","BRAND","MODEL","","SOURCE_LOOKUP_DEFERRED","external_source_infrastructure_deferred"
"VTK026021","BKR1","P0_API_ERROR","firecrawl_search_http_402","0","SOURCE_LOOKUP_DEFERRED","firecrawl_http_402_circuit_open","","false","BRAND","PART_NUMBER|VEHICLE_TYPE","","SOURCE_LOOKUP_DEFERRED","external_source_infrastructure_deferred"
"VTK026022","BKR1","P0_API_ERROR","firecrawl_search_http_402","0","SOURCE_LOOKUP_DEFERRED","firecrawl_http_402_circuit_open","","false","BRAND","PART_NUMBER|VEHICLE_TYPE","","SOURCE_LOOKUP_DEFERRED","external_source_infrastructure_deferred"
"VTK026023","BKR1","P0_API_ERROR","firecrawl_search_http_402","0","SOURCE_LOOKUP_DEFERRED","firecrawl_http_402_circuit_open","","false","BRAND","PART_NUMBER|VEHICLE_TYPE","","SOURCE_LOOKUP_DEFERRED","external_source_infrastructure_deferred"
"VTK026024","BKR1","P0_API_ERROR","firecrawl_search_http_402","0","SOURCE_LOOKUP_DEFERRED","firecrawl_http_402_circuit_open","","false","BRAND","PART_NUMBER|VEHICLE_TYPE","","SOURCE_LOOKUP_DEFERRED","external_source_infrastructure_deferred"
"VTK026025","BKR1","P0_API_ERROR","firecrawl_search_http_402","0","SOURCE_LOOKUP_DEFERRED","firecrawl_http_402_circuit_open","","false","BRAND","PART_NUMBER|VEHICLE_TYPE","","SOURCE_LOOKUP_DEFERRED","external_source_infrastructure_deferred"
"VTK026026","BKR1","P0_API_ERROR","firecrawl_search_http_402","0","SOURCE_LOOKUP_DEFERRED","firecrawl_http_402_circuit_open","","false","BRAND","PART_NUMBER|VEHICLE_TYPE","","SOURCE_LOOKUP_DEFERRED","external_source_infrastructure_deferred"
"VTK026027","BKR1","P0_API_ERROR","firecrawl_search_http_402","0","SOURCE_LOOKUP_DEFERRED","firecrawl_http_402_circuit_open","","false","BRAND","PART_NUMBER|VEHICLE_TYPE","","SOURCE_LOOKUP_DEFERRED","external_source_infrastructure_deferred"
"VTK026028","BKR1","P0_API_ERROR","firecrawl_search_http_402","0","SOURCE_FOUND_SECONDARY","firecrawl_http_402_circuit_open","","true","BRAND|GTIN","MODEL|INSTALLATION_PLACEMENT","7898572863467","P0_MANUAL_IDENTITY","official_source_not_confirmed"
"VTK026029","BKR1","P0_API_ERROR","firecrawl_search_http_402","0","SOURCE_FOUND_SECONDARY","firecrawl_http_402_circuit_open","","true","BRAND|GTIN","MODEL","7898572889207","P0_MANUAL_IDENTITY","official_source_not_confirmed"
"VTK026030","BKR1","P0_API_ERROR","firecrawl_search_http_429","0","SOURCE_LOOKUP_DEFERRED","firecrawl_http_402_circuit_open","","false","BRAND","MODEL","","SOURCE_LOOKUP_DEFERRED","external_source_infrastructure_deferred"
"VTK026031","BKR1","P0_API_ERROR","firecrawl_search_http_429","0","SOURCE_LOOKUP_DEFERRED","firecrawl_http_402_circuit_open","","false","BRAND","MODEL","","SOURCE_LOOKUP_DEFERRED","external_source_infrastructure_deferred"
"VTK026032","BKR1","P0_API_ERROR","firecrawl_search_http_429","0","SOURCE_LOOKUP_DEFERRED","firecrawl_http_402_circuit_open","","false","BRAND","MODEL","","SOURCE_LOOKUP_DEFERRED","external_source_infrastructure_deferred"
"VTK026033","BKR1","P0_API_ERROR","firecrawl_search_http_429","0","SOURCE_LOOKUP_DEFERRED","firecrawl_http_402_circuit_open","","false","BRAND","MODEL","","SOURCE_LOOKUP_DEFERRED","external_source_infrastructure_deferred"
"VTK026034","BKR1","P0_API_ERROR","firecrawl_search_http_429","0","SOURCE_LOOKUP_DEFERRED","firecrawl_http_402_circuit_open","","false","BRAND","PART_NUMBER|VEHICLE_TYPE","","SOURCE_LOOKUP_DEFERRED","external_source_infrastructure_deferred"
"VTK026035","BKR1","P0_API_ERROR","firecrawl_search_http_429","0","SOURCE_FOUND_SECONDARY","firecrawl_http_402_circuit_open","","true","BRAND|GTIN","MODEL","7898672372227","P0_MANUAL_IDENTITY","official_source_not_confirmed"
"VTK026036","BKR1","P0_API_ERROR","firecrawl_search_http_429","0","SOURCE_LOOKUP_DEFERRED","firecrawl_http_402_circuit_open","","false","BRAND","MODEL","","SOURCE_LOOKUP_DEFERRED","external_source_infrastructure_deferred"
"VTK026037","BKR1","P0_API_ERROR","firecrawl_search_http_429","0","SOURCE_FOUND_SECONDARY","firecrawl_http_402_circuit_open","","true","BRAND|GTIN","MODEL","7898640366234","P0_MANUAL_IDENTITY","official_source_not_confirmed"
"VTK026038","BKR1","P0_API_ERROR","firecrawl_search_http_429","0","SOURCE_LOOKUP_DEFERRED","firecrawl_http_402_circuit_open","","false","BRAND","MODEL","","SOURCE_LOOKUP_DEFERRED","external_source_infrastructure_deferred"
"VTK026039","BKR1","P0_API_ERROR","firecrawl_search_http_429","0","SOURCE_LOOKUP_DEFERRED","firecrawl_http_402_circuit_open","","false","BRAND","MODEL","","SOURCE_LOOKUP_DEFERRED","external_source_infrastructure_deferred"
