"sku","fornecedor","remote_listing_checked","remote_listing_found","remote_item_ids","lookup_method","lookup_status","lookup_error"
"VTK000039","Hayamax","true","false","","seller_sku_full_inventory|gtin_full_inventory|item_id_unavailable|user_product_id_unavailable|catalog_product_id|title_model_diagnostic","NOT_FOUND",""
"VTK000092","Hayamax","true","false","","seller_sku_full_inventory|gtin_full_inventory|item_id_unavailable|user_product_id_unavailable|catalog_product_id|title_model_diagnostic","NOT_FOUND",""
"VTK000216","Evolusom","true","false","","seller_sku_full_inventory|gtin_full_inventory|item_id_unavailable|user_product_id_unavailable|catalog_product_id|title_model_diagnostic","NOT_FOUND",""
"VTK000223","Hayamax","true","false","","seller_sku_full_inventory|gtin_full_inventory|item_id_unavailable|user_product_id_unavailable|catalog_product_id_unavailable|title_model_diagnostic","NOT_FOUND",""
"VTK000301","Hayamax","true","false","","seller_sku_full_inventory|gtin_full_inventory|item_id_unavailable|user_product_id_unavailable|catalog_product_id|title_model_diagnostic","NOT_FOUND",""
"VTK000378","Hayamax","true","false","","seller_sku_full_inventory|gtin_full_inventory|item_id_unavailable|user_product_id_unavailable|catalog_product_id|title_model_diagnostic","TITLE_MODEL_CANDIDATE_ONLY",""
"VTK000392","Hayamax","true","false","","seller_sku_full_inventory|gtin_full_inventory|item_id_unavailable|user_product_id_unavailable|catalog_product_id|title_model_diagnostic","NOT_FOUND",""
"VTK000429","Hayamax","true","false","","seller_sku_full_inventory|gtin_full_inventory|item_id_unavailable|user_product_id_unavailable|catalog_product_id|title_model_diagnostic","NOT_FOUND",""
"VTK000486","Hayamax","true","false","","seller_sku_full_inventory|gtin_full_inventory|item_id_unavailable|user_product_id_unavailable|catalog_product_id|title_model_diagnostic","NOT_FOUND",""
"VTK000504","Hayamax","true","false","","seller_sku_full_inventory|gtin_full_inventory|item_id_unavailable|user_product_id_unavailable|catalog_product_id_unavailable|title_model_diagnostic","TITLE_MODEL_CANDIDATE_ONLY",""
"VTK000518","Hayamax","true","false","","seller_sku_full_inventory|gtin_full_inventory|item_id_unavailable|user_product_id_unavailable|catalog_product_id_unavailable|title_model_diagnostic","NOT_FOUND",""
"VTK000533","Hayamax","true","false","","seller_sku_full_inventory|gtin_full_inventory|item_id_unavailable|user_product_id_unavailable|catalog_product_id_unavailable|title_model_diagnostic","NOT_FOUND",""
"VTK000540","Hayamax","true","false","","seller_sku_full_inventory|gtin_full_inventory|item_id_unavailable|user_product_id_unavailable|catalog_product_id_unavailable|title_model_diagnostic","NOT_FOUND",""
"VTK000552","Hayamax","true","false","","seller_sku_full_inventory|gtin_full_inventory|item_id_unavailable|user_product_id_unavailable|catalog_product_id_unavailable|title_model_diagnostic","NOT_FOUND",""
"VTK000568","Hayamax","true","false","","seller_sku_full_inventory|gtin_full_inventory|item_id_unavailable|user_product_id_unavailable|catalog_product_id|title_model_diagnostic","NOT_FOUND",""
"VTK000572","Hayamax","true","false","","seller_sku_full_inventory|gtin_full_inventory|item_id_unavailable|user_product_id_unavailable|catalog_product_id_unavailable|title_model_diagnostic","NOT_FOUND",""
"VTK000619","Hayamax","true","false","","seller_sku_full_inventory|gtin_full_inventory|item_id_unavailable|user_product_id_unavailable|catalog_product_id|title_model_diagnostic","NOT_FOUND",""
"VTK000779","Hayamax","true","false","","seller_sku_full_inventory|gtin_full_inventory|item_id_unavailable|user_product_id_unavailable|catalog_product_id_unavailable|title_model_diagnostic","NOT_FOUND",""
"VTK000799","Hayamax","true","false","","seller_sku_full_inventory|gtin_full_inventory|item_id_unavailable|user_product_id_unavailable|catalog_product_id|title_model_diagnostic","TITLE_MODEL_CANDIDATE_ONLY",""
"VTK000809","Hayamax","true","false","","seller_sku_full_inventory|gtin_full_inventory|item_id_unavailable|user_product_id_unavailable|catalog_product_id|title_model_diagnostic","NOT_FOUND",""
"VTK000831","Hayamax","true","false","","seller_sku_full_inventory|gtin_full_inventory|item_id_unavailable|user_product_id_unavailable|catalog_product_id|title_model_diagnostic","NOT_FOUND",""
"VTK000949","Hayamax","true","false","","seller_sku_full_inventory|gtin_full_inventory|item_id_unavailable|user_product_id_unavailable|catalog_product_id|title_model_diagnostic","NOT_FOUND",""
"VTK001007","Hayamax","true","false","","seller_sku_full_inventory|gtin_full_inventory|item_id_unavailable|user_product_id_unavailable|catalog_product_id_unavailable|title_model_diagnostic","NOT_FOUND",""
"VTK001011","Hayamax","true","false","","seller_sku_full_inventory|gtin_full_inventory|item_id_unavailable|user_product_id_unavailable|catalog_product_id|title_model_diagnostic","NOT_FOUND",""
"VTK001039","Hayamax","true","false","","seller_sku_full_inventory|gtin_full_inventory|item_id_unavailable|user_product_id_unavailable|catalog_product_id_unavailable|title_model_diagnostic","NOT_FOUND",""
"VTK001057","Hayamax","true","false","","seller_sku_full_inventory|gtin_full_inventory|item_id_unavailable|user_product_id_unavailable|catalog_product_id_unavailable|title_model_diagnostic","NOT_FOUND",""
"VTK001063","Hayamax","true","false","","seller_sku_full_inventory|gtin_full_inventory|item_id_unavailable|user_product_id_unavailable|catalog_product_id_unavailable|title_model_diagnostic","NOT_FOUND",""
"VTK001075","Hayamax","true","false","","seller_sku_full_inventory|gtin_full_inventory|item_id_unavailable|user_product_id_unavailable|catalog_product_id|title_model_diagnostic","NOT_FOUND",""
"VTK001077","Hayamax","true","false","","seller_sku_full_inventory|gtin_full_inventory|item_id_unavailable|user_product_id_unavailable|catalog_product_id|title_model_diagnostic","NOT_FOUND",""
"VTK001089","Hayamax","true","false","","seller_sku_full_inventory|gtin_full_inventory|item_id_unavailable|user_product_id_unavailable|catalog_product_id|title_model_diagnostic","TITLE_MODEL_CANDIDATE_ONLY",""
"VTK001109","Hayamax","true","false","","seller_sku_full_inventory|gtin_full_inventory|item_id_unavailable|user_product_id_unavailable|catalog_product_id_unavailable|title_model_diagnostic","NOT_FOUND",""
"VTK001119","Hayamax","true","false","","seller_sku_full_inventory|gtin_full_inventory|item_id_unavailable|user_product_id_unavailable|catalog_product_id_unavailable|title_model_diagnostic","TITLE_MODEL_CANDIDATE_ONLY",""
"VTK001137","Hayamax","true","false","","seller_sku_full_inventory|gtin_full_inventory|item_id_unavailable|user_product_id_unavailable|catalog_product_id_unavailable|title_model_diagnostic","NOT_FOUND",""
"VTK001155","Hayamax","true","false","","seller_sku_full_inventory|gtin_full_inventory|item_id_unavailable|user_product_id_unavailable|catalog_product_id|title_model_diagnostic","NOT_FOUND",""
"VTK001156","Hayamax","true","false","","seller_sku_full_inventory|gtin_full_inventory|item_id_unavailable|user_product_id_unavailable|catalog_product_id|title_model_diagnostic","NOT_FOUND",""
"VTK001165","Hayamax","true","false","","seller_sku_full_inventory|gtin_full_inventory|item_id_unavailable|user_product_id_unavailable|catalog_product_id_unavailable|title_model_diagnostic","NOT_FOUND",""
"VTK001173","Hayamax","true","false","","seller_sku_full_inventory|gtin_full_inventory|item_id_unavailable|user_product_id_unavailable|catalog_product_id_unavailable|title_model_diagnostic","NOT_FOUND",""
"VTK001187","Hayamax","true","false","","seller_sku_full_inventory|gtin_full_inventory|item_id_unavailable|user_product_id_unavailable|catalog_product_id_unavailable|title_model_diagnostic","NOT_FOUND",""
"VTK001195","Hayamax","true","false","","seller_sku_full_inventory|gtin_full_inventory|item_id_unavailable|user_product_id_unavailable|catalog_product_id_unavailable|title_model_diagnostic","NOT_FOUND",""
"VTK001207","Hayamax","true","false","","seller_sku_full_inventory|gtin_full_inventory|item_id_unavailable|user_product_id_unavailable|catalog_product_id_unavailable|title_model_diagnostic","NOT_FOUND",""
"VTK001246","Hayamax","true","false","","seller_sku_full_inventory|gtin_full_inventory|item_id_unavailable|user_product_id_unavailable|catalog_product_id_unavailable|title_model_diagnostic","NOT_FOUND",""
"VTK001254","Hayamax","true","false","","seller_sku_full_inventory|gtin_full_inventory|item_id_unavailable|user_product_id_unavailable|catalog_product_id|title_model_diagnostic","NOT_FOUND",""
"VTK001258","Hayamax","true","false","","seller_sku_full_inventory|gtin_full_inventory|item_id_unavailable|user_product_id_unavailable|catalog_product_id_unavailable|title_model_diagnostic","NOT_FOUND",""
"VTK001264","Hayamax","true","false","","seller_sku_full_inventory|gtin_full_inventory|item_id_unavailable|user_product_id_unavailable|catalog_product_id_unavailable|title_model_diagnostic","NOT_FOUND",""
"VTK001277","Hayamax","true","false","","seller_sku_full_inventory|gtin_full_inventory|item_id_unavailable|user_product_id_unavailable|catalog_product_id_unavailable|title_model_diagnostic","TITLE_MODEL_CANDIDATE_ONLY",""
"VTK001282","Hayamax","true","false","","seller_sku_full_inventory|gtin_full_inventory|item_id_unavailable|user_product_id_unavailable|catalog_product_id_unavailable|title_model_diagnostic","TITLE_MODEL_CANDIDATE_ONLY",""
"VTK001286","Hayamax","true","false","","seller_sku_full_inventory|gtin_full_inventory|item_id_unavailable|user_product_id_unavailable|catalog_product_id_unavailable|title_model_diagnostic","TITLE_MODEL_CANDIDATE_ONLY",""
"VTK001288","Hayamax","true","false","","seller_sku_full_inventory|gtin_full_inventory|item_id_unavailable|user_product_id_unavailable|catalog_product_id|title_model_diagnostic","NOT_FOUND",""
"VTK001291","Hayamax","true","false","","seller_sku_full_inventory|gtin_full_inventory|item_id_unavailable|user_product_id_unavailable|catalog_product_id_unavailable|title_model_diagnostic","NOT_FOUND",""
"VTK001297","Hayamax","true","false","","seller_sku_full_inventory|gtin_full_inventory|item_id_unavailable|user_product_id_unavailable|catalog_product_id|title_model_diagnostic","NOT_FOUND",""
"VTK001303","Hayamax","true","false","","seller_sku_full_inventory|gtin_full_inventory|item_id_unavailable|user_product_id_unavailable|catalog_product_id|title_model_diagnostic","NOT_FOUND",""
"VTK001325","Hayamax","true","false","","seller_sku_full_inventory|gtin_full_inventory|item_id_unavailable|user_product_id_unavailable|catalog_product_id|title_model_diagnostic","NOT_FOUND",""
"VTK001336","Hayamax","true","false","","seller_sku_full_inventory|gtin_full_inventory|item_id_unavailable|user_product_id_unavailable|catalog_product_id_unavailable|title_model_diagnostic","NOT_FOUND",""
"VTK001343","Hayamax","true","false","","seller_sku_full_inventory|gtin_full_inventory|item_id_unavailable|user_product_id_unavailable|catalog_product_id|title_model_diagnostic","NOT_FOUND",""
"VTK001379","Hayamax","true","false","","seller_sku_full_inventory|gtin_full_inventory|item_id_unavailable|user_product_id_unavailable|catalog_product_id_unavailable|title_model_diagnostic","NOT_FOUND",""
"VTK001390","Hayamax","true","false","","seller_sku_full_inventory|gtin_full_inventory|item_id_unavailable|user_product_id_unavailable|catalog_product_id|title_model_diagnostic","NOT_FOUND",""
"VTK001439","Hayamax","true","false","","seller_sku_full_inventory|gtin_full_inventory|item_id_unavailable|user_product_id_unavailable|catalog_product_id_unavailable|title_model_diagnostic","NOT_FOUND",""
"VTK001485","Hayamax","true","false","","seller_sku_full_inventory|gtin_full_inventory|item_id_unavailable|user_product_id_unavailable|catalog_product_id|title_model_diagnostic","NOT_FOUND",""
"VTK001507","Hayamax","true","false","","seller_sku_full_inventory|gtin_full_inventory|item_id_unavailable|user_product_id_unavailable|catalog_product_id|title_model_diagnostic","NOT_FOUND",""
"VTK001572","Hayamax","true","true","MLB7287239546|MLB4967188495|MLB7330399364","seller_sku_full_inventory|gtin_full_inventory|item_id_unavailable|user_product_id_unavailable|catalog_product_id|title_model_diagnostic","FOUND_EXACT",""
"VTK001643","BKR1","true","false","","seller_sku_full_inventory|gtin_full_inventory|item_id_unavailable|user_product_id_unavailable|catalog_product_id|title_model_diagnostic","NOT_FOUND",""
"VTK001732","Hayamax","true","false","","seller_sku_full_inventory|gtin_full_inventory|item_id_unavailable|user_product_id_unavailable|catalog_product_id|title_model_diagnostic","NOT_FOUND",""
"VTK001762","Hayamax","true","false","","seller_sku_full_inventory|gtin_full_inventory|item_id_unavailable|user_product_id_unavailable|catalog_product_id|title_model_diagnostic","NOT_FOUND",""
"VTK001834","BKR1","true","false","","seller_sku_full_inventory|gtin_full_inventory|item_id_unavailable|user_product_id_unavailable|catalog_product_id_unavailable|title_model_diagnostic","NOT_FOUND",""
"VTK001863","BKR1","true","false","","seller_sku_full_inventory|gtin_full_inventory|item_id_unavailable|user_product_id_unavailable|catalog_product_id|title_model_diagnostic","NOT_FOUND",""
"VTK001875","Hayamax","true","false","","seller_sku_full_inventory|gtin_full_inventory|item_id_unavailable|user_product_id_unavailable|catalog_product_id|title_model_diagnostic","NOT_FOUND",""
"VTK001897","Hayamax","true","false","","seller_sku_full_inventory|gtin_full_inventory|item_id_unavailable|user_product_id_unavailable|catalog_product_id_unavailable|title_model_diagnostic","NOT_FOUND",""
"VTK001978","Hayamax","true","true","MLB7287242104|MLB4967165957|MLB7330400402","seller_sku_full_inventory|gtin_full_inventory|item_id_unavailable|user_product_id_unavailable|catalog_product_id|title_model_diagnostic","FOUND_EXACT",""
"VTK002141","BKR1","true","false","","seller_sku_full_inventory|gtin_full_inventory|item_id_unavailable|user_product_id_unavailable|catalog_product_id|title_model_diagnostic","NOT_FOUND",""
"VTK002437","Hayamax","true","false","","seller_sku_full_inventory|gtin_full_inventory|item_id_unavailable|user_product_id_unavailable|catalog_product_id|title_model_diagnostic","NOT_FOUND",""
"VTK002521","Hayamax","true","false","","seller_sku_full_inventory|gtin_full_inventory|item_id_unavailable|user_product_id_unavailable|catalog_product_id|title_model_diagnostic","NOT_FOUND",""
"VTK002528","Hayamax","true","false","","seller_sku_full_inventory|gtin_full_inventory|item_id_unavailable|user_product_id_unavailable|catalog_product_id|title_model_diagnostic","NOT_FOUND",""
"VTK002577","Hayamax","true","false","","seller_sku_full_inventory|gtin_full_inventory|item_id_unavailable|user_product_id_unavailable|catalog_product_id|title_model_diagnostic","NOT_FOUND",""
"VTK002625","BKR1","true","false","","seller_sku_full_inventory|gtin_full_inventory|item_id_unavailable|user_product_id_unavailable|catalog_product_id|title_model_diagnostic","NOT_FOUND",""
"VTK003043","Hayamax","true","false","","seller_sku_full_inventory|gtin_full_inventory|item_id_unavailable|user_product_id_unavailable|catalog_product_id|title_model_diagnostic","TITLE_MODEL_CANDIDATE_ONLY",""
"VTK003134","Hayamax","true","false","","seller_sku_full_inventory|gtin_full_inventory|item_id_unavailable|user_product_id_unavailable|catalog_product_id_unavailable|title_model_diagnostic","NOT_FOUND",""
"VTK003366","Hayamax","true","false","","seller_sku_full_inventory|gtin_full_inventory|item_id_unavailable|user_product_id_unavailable|catalog_product_id|title_model_diagnostic","NOT_FOUND",""
"VTK003511","Evolusom","true","false","","seller_sku_full_inventory|gtin_full_inventory|item_id_unavailable|user_product_id_unavailable|catalog_product_id|title_model_diagnostic","NOT_FOUND",""
"VTK003779","BKR1","true","false","","seller_sku_full_inventory|gtin_full_inventory|item_id_unavailable|user_product_id_unavailable|catalog_product_id|title_model_diagnostic","NOT_FOUND",""
"VTK003839","Hayamax","true","false","","seller_sku_full_inventory|gtin_full_inventory|item_id_unavailable|user_product_id_unavailable|catalog_product_id|title_model_diagnostic","NOT_FOUND",""
"VTK004022","Hayamax","true","false","","seller_sku_full_inventory|gtin_full_inventory|item_id_unavailable|user_product_id_unavailable|catalog_product_id|title_model_diagnostic","NOT_FOUND",""
"VTK004115","Evolusom","true","false","","seller_sku_full_inventory|gtin_full_inventory|item_id_unavailable|user_product_id_unavailable|catalog_product_id|title_model_diagnostic","NOT_FOUND",""
"VTK004505","Hayamax","true","false","","seller_sku_full_inventory|gtin_full_inventory|item_id_unavailable|user_product_id_unavailable|catalog_product_id_unavailable|title_model_diagnostic","NOT_FOUND",""
"VTK004609","Hayamax","true","false","","seller_sku_full_inventory|gtin_full_inventory|item_id_unavailable|user_product_id_unavailable|catalog_product_id_unavailable|title_model_diagnostic","NOT_FOUND",""
"VTK004630","BKR1","true","false","","seller_sku_full_inventory|gtin_full_inventory|item_id_unavailable|user_product_id_unavailable|catalog_product_id|title_model_diagnostic","NOT_FOUND",""
"VTK004693","BKR1","true","false","","seller_sku_full_inventory|gtin_full_inventory|item_id_unavailable|user_product_id_unavailable|catalog_product_id|title_model_diagnostic","NOT_FOUND",""
"VTK004724","Evolusom","true","false","","seller_sku_full_inventory|gtin_full_inventory|item_id_unavailable|user_product_id_unavailable|catalog_product_id|title_model_diagnostic","NOT_FOUND",""
"VTK005382","Hayamax","true","false","","seller_sku_full_inventory|gtin_full_inventory|item_id_unavailable|user_product_id_unavailable|catalog_product_id|title_model_diagnostic","NOT_FOUND",""
"VTK005397","Hayamax","true","false","","seller_sku_full_inventory|gtin_full_inventory|item_id_unavailable|user_product_id_unavailable|catalog_product_id|title_model_diagnostic","NOT_FOUND",""
"VTK005411","Hayamax","true","false","","seller_sku_full_inventory|gtin_full_inventory|item_id_unavailable|user_product_id_unavailable|catalog_product_id_unavailable|title_model_diagnostic","TITLE_MODEL_CANDIDATE_ONLY",""
"VTK005426","Hayamax","true","false","","seller_sku_full_inventory|gtin_full_inventory|item_id_unavailable|user_product_id_unavailable|catalog_product_id|title_model_diagnostic","NOT_FOUND",""
"VTK005491","Evolusom","true","false","","seller_sku_full_inventory|gtin_full_inventory|item_id_unavailable|user_product_id_unavailable|catalog_product_id_unavailable|title_model_diagnostic","NOT_FOUND",""
"VTK005775","Evolusom","true","false","","seller_sku_full_inventory|gtin_full_inventory|item_id_unavailable|user_product_id_unavailable|catalog_product_id_unavailable|title_model_diagnostic","NOT_FOUND",""
"VTK006152","Hayamax","true","false","","seller_sku_full_inventory|gtin_full_inventory|item_id_unavailable|user_product_id_unavailable|catalog_product_id|title_model_diagnostic","NOT_FOUND",""
"VTK006158","Hayamax","true","false","","seller_sku_full_inventory|gtin_full_inventory|item_id_unavailable|user_product_id_unavailable|catalog_product_id|title_model_diagnostic","NOT_FOUND",""
"VTK006192","Hayamax","true","false","","seller_sku_full_inventory|gtin_full_inventory|item_id_unavailable|user_product_id_unavailable|catalog_product_id|title_model_diagnostic","NOT_FOUND",""
"VTK006193","Hayamax","true","false","","seller_sku_full_inventory|gtin_full_inventory|item_id_unavailable|user_product_id_unavailable|catalog_product_id|title_model_diagnostic","NOT_FOUND",""
"VTK006274","Hayamax","true","false","","seller_sku_full_inventory|gtin_full_inventory|item_id_unavailable|user_product_id_unavailable|catalog_product_id|title_model_diagnostic","NOT_FOUND",""
"VTK006318","Hayamax","true","false","","seller_sku_full_inventory|gtin_full_inventory|item_id_unavailable|user_product_id_unavailable|catalog_product_id_unavailable|title_model_diagnostic","NOT_FOUND",""
"VTK006377","Hayamax","true","false","","seller_sku_full_inventory|gtin_full_inventory|item_id_unavailable|user_product_id_unavailable|catalog_product_id|title_model_diagnostic","NOT_FOUND",""
"VTK006444","Hayamax","true","false","","seller_sku_full_inventory|gtin_full_inventory|item_id_unavailable|user_product_id_unavailable|catalog_product_id|title_model_diagnostic","TITLE_MODEL_CANDIDATE_ONLY",""
"VTK006457","Hayamax","true","false","","seller_sku_full_inventory|gtin_full_inventory|item_id_unavailable|user_product_id_unavailable|catalog_product_id|title_model_diagnostic","TITLE_MODEL_CANDIDATE_ONLY",""
"VTK006567","Hayamax","true","false","","seller_sku_full_inventory|gtin_full_inventory|item_id_unavailable|user_product_id_unavailable|catalog_product_id|title_model_diagnostic","NOT_FOUND",""
"VTK011959","Hayamax","true","false","","seller_sku_full_inventory|gtin_full_inventory|item_id_unavailable|user_product_id_unavailable|catalog_product_id|title_model_diagnostic","TITLE_MODEL_CANDIDATE_ONLY",""
"VTK011960","Hayamax","true","false","","seller_sku_full_inventory|gtin_full_inventory|item_id_unavailable|user_product_id_unavailable|catalog_product_id_unavailable|title_model_diagnostic","TITLE_MODEL_CANDIDATE_ONLY",""
"VTK012014","BKR1","true","false","","seller_sku_full_inventory|gtin_unavailable|item_id_unavailable|user_product_id_unavailable|catalog_product_id_unavailable|title_model_diagnostic","NOT_FOUND",""
"VTK012016","BKR1","true","false","","seller_sku_full_inventory|gtin_unavailable|item_id_unavailable|user_product_id_unavailable|catalog_product_id_unavailable|title_model_diagnostic","NOT_FOUND",""
"VTK012018","BKR1","true","false","","seller_sku_full_inventory|gtin_unavailable|item_id_unavailable|user_product_id_unavailable|catalog_product_id_unavailable|title_model_diagnostic","NOT_FOUND",""
"VTK012022","BKR1","true","false","","seller_sku_full_inventory|gtin_unavailable|item_id_unavailable|user_product_id_unavailable|catalog_product_id_unavailable|title_model_diagnostic","NOT_FOUND",""
"VTK012039","BKR1","true","false","","seller_sku_full_inventory|gtin_unavailable|item_id_unavailable|user_product_id_unavailable|catalog_product_id_unavailable|title_model_diagnostic","NOT_FOUND",""
"VTK012040","BKR1","true","false","","seller_sku_full_inventory|gtin_unavailable|item_id_unavailable|user_product_id_unavailable|catalog_product_id_unavailable|title_model_diagnostic","NOT_FOUND",""
"VTK012148","BKR1","true","false","","seller_sku_full_inventory|gtin_unavailable|item_id_unavailable|user_product_id_unavailable|catalog_product_id_unavailable|title_model_diagnostic","NOT_FOUND",""
"VTK012233","BKR1","true","false","","seller_sku_full_inventory|gtin_unavailable|item_id_unavailable|user_product_id_unavailable|catalog_product_id_unavailable|title_model_diagnostic","NOT_FOUND",""
"VTK012235","BKR1","true","false","","seller_sku_full_inventory|gtin_full_inventory|item_id_unavailable|user_product_id_unavailable|catalog_product_id|title_model_diagnostic","NOT_FOUND",""
"VTK012236","BKR1","true","false","","seller_sku_full_inventory|gtin_unavailable|item_id_unavailable|user_product_id_unavailable|catalog_product_id_unavailable|title_model_diagnostic","NOT_FOUND",""
"VTK012237","BKR1","true","false","","seller_sku_full_inventory|gtin_unavailable|item_id_unavailable|user_product_id_unavailable|catalog_product_id_unavailable|title_model_diagnostic","NOT_FOUND",""
"VTK012248","BKR1","true","false","","seller_sku_full_inventory|gtin_unavailable|item_id_unavailable|user_product_id_unavailable|catalog_product_id_unavailable|title_model_diagnostic","NOT_FOUND",""
"VTK012267","BKR1","true","false","","seller_sku_full_inventory|gtin_unavailable|item_id_unavailable|user_product_id_unavailable|catalog_product_id_unavailable|title_model_diagnostic","NOT_FOUND",""
"VTK012275","BKR1","true","false","","seller_sku_full_inventory|gtin_unavailable|item_id_unavailable|user_product_id_unavailable|catalog_product_id_unavailable|title_model_diagnostic","NOT_FOUND",""
"VTK012281","BKR1","true","false","","seller_sku_full_inventory|gtin_unavailable|item_id_unavailable|user_product_id_unavailable|catalog_product_id_unavailable|title_model_diagnostic","NOT_FOUND",""
"VTK012282","BKR1","true","false","","seller_sku_full_inventory|gtin_unavailable|item_id_unavailable|user_product_id_unavailable|catalog_product_id_unavailable|title_model_diagnostic","NOT_FOUND",""
"VTK012283","BKR1","true","false","","seller_sku_full_inventory|gtin_unavailable|item_id_unavailable|user_product_id_unavailable|catalog_product_id_unavailable|title_model_diagnostic","NOT_FOUND",""
"VTK012297","BKR1","true","false","","seller_sku_full_inventory|gtin_unavailable|item_id_unavailable|user_product_id_unavailable|catalog_product_id_unavailable|title_model_diagnostic","NOT_FOUND",""
"VTK012301","BKR1","true","false","","seller_sku_full_inventory|gtin_unavailable|item_id_unavailable|user_product_id_unavailable|catalog_product_id_unavailable|title_model_diagnostic","NOT_FOUND",""
"VTK012304","BKR1","true","false","","seller_sku_full_inventory|gtin_unavailable|item_id_unavailable|user_product_id_unavailable|catalog_product_id_unavailable|title_model_diagnostic","NOT_FOUND",""
"VTK012310","BKR1","true","false","","seller_sku_full_inventory|gtin_unavailable|item_id_unavailable|user_product_id_unavailable|catalog_product_id_unavailable|title_model_diagnostic","NOT_FOUND",""
"VTK012319","BKR1","true","false","","seller_sku_full_inventory|gtin_unavailable|item_id_unavailable|user_product_id_unavailable|catalog_product_id_unavailable|title_model_diagnostic","NOT_FOUND",""
"VTK012320","BKR1","true","false","","seller_sku_full_inventory|gtin_unavailable|item_id_unavailable|user_product_id_unavailable|catalog_product_id_unavailable|title_model_diagnostic","NOT_FOUND",""
"VTK012321","BKR1","true","false","","seller_sku_full_inventory|gtin_unavailable|item_id_unavailable|user_product_id_unavailable|catalog_product_id_unavailable|title_model_diagnostic","NOT_FOUND",""
"VTK012327","BKR1","true","false","","seller_sku_full_inventory|gtin_unavailable|item_id_unavailable|user_product_id_unavailable|catalog_product_id_unavailable|title_model_diagnostic","NOT_FOUND",""
"VTK012335","BKR1","true","false","","seller_sku_full_inventory|gtin_unavailable|item_id_unavailable|user_product_id_unavailable|catalog_product_id_unavailable|title_model_diagnostic","NOT_FOUND",""
"VTK012336","BKR1","true","false","","seller_sku_full_inventory|gtin_unavailable|item_id_unavailable|user_product_id_unavailable|catalog_product_id_unavailable|title_model_diagnostic","NOT_FOUND",""
"VTK012337","BKR1","true","false","","seller_sku_full_inventory|gtin_unavailable|item_id_unavailable|user_product_id_unavailable|catalog_product_id_unavailable|title_model_diagnostic","NOT_FOUND",""
"VTK012359","BKR1","true","false","","seller_sku_full_inventory|gtin_unavailable|item_id_unavailable|user_product_id_unavailable|catalog_product_id_unavailable|title_model_diagnostic","NOT_FOUND",""
"VTK012362","BKR1","true","true","MLB4880561619|MLB7111710806","seller_sku_full_inventory|gtin_full_inventory|item_id_unavailable|user_product_id_unavailable|catalog_product_id|title_model_diagnostic","FOUND_EXACT",""
"VTK012369","BKR1","true","false","","seller_sku_full_inventory|gtin_unavailable|item_id_unavailable|user_product_id_unavailable|catalog_product_id_unavailable|title_model_diagnostic","NOT_FOUND",""
"VTK012383","BKR1","true","false","","seller_sku_full_inventory|gtin_unavailable|item_id_unavailable|user_product_id_unavailable|catalog_product_id_unavailable|title_model_diagnostic","NOT_FOUND",""
"VTK012384","BKR1","true","false","","seller_sku_full_inventory|gtin_unavailable|item_id_unavailable|user_product_id_unavailable|catalog_product_id_unavailable|title_model_diagnostic","NOT_FOUND",""
"VTK012408","BKR1","true","false","","seller_sku_full_inventory|gtin_unavailable|item_id_unavailable|user_product_id_unavailable|catalog_product_id_unavailable|title_model_diagnostic","NOT_FOUND",""
"VTK012420","BKR1","true","false","","seller_sku_full_inventory|gtin_unavailable|item_id_unavailable|user_product_id_unavailable|catalog_product_id_unavailable|title_model_diagnostic","NOT_FOUND",""
"VTK012421","BKR1","true","false","","seller_sku_full_inventory|gtin_unavailable|item_id_unavailable|user_product_id_unavailable|catalog_product_id_unavailable|title_model_diagnostic","NOT_FOUND",""
"VTK012422","BKR1","true","false","","seller_sku_full_inventory|gtin_unavailable|item_id_unavailable|user_product_id_unavailable|catalog_product_id_unavailable|title_model_diagnostic","NOT_FOUND",""
"VTK012470","BKR1","true","false","","seller_sku_full_inventory|gtin_unavailable|item_id_unavailable|user_product_id_unavailable|catalog_product_id_unavailable|title_model_diagnostic","NOT_FOUND",""
"VTK012502","BKR1","true","false","","seller_sku_full_inventory|gtin_unavailable|item_id_unavailable|user_product_id_unavailable|catalog_product_id_unavailable|title_model_diagnostic","NOT_FOUND",""
"VTK012543","BKR1","true","false","","seller_sku_full_inventory|gtin_unavailable|item_id_unavailable|user_product_id_unavailable|catalog_product_id_unavailable|title_model_diagnostic","NOT_FOUND",""
"VTK012590","BKR1","true","false","","seller_sku_full_inventory|gtin_full_inventory|item_id_unavailable|user_product_id_unavailable|catalog_product_id|title_model_diagnostic","NOT_FOUND",""
"VTK012613","BKR1","true","false","","seller_sku_full_inventory|gtin_unavailable|item_id_unavailable|user_product_id_unavailable|catalog_product_id_unavailable|title_model_diagnostic","NOT_FOUND",""
"VTK012628","BKR1","true","false","","seller_sku_full_inventory|gtin_unavailable|item_id_unavailable|user_product_id_unavailable|catalog_product_id_unavailable|title_model_diagnostic","NOT_FOUND",""
"VTK012632","BKR1","true","false","","seller_sku_full_inventory|gtin_full_inventory|item_id_unavailable|user_product_id_unavailable|catalog_product_id|title_model_diagnostic","NOT_FOUND",""
"VTK012668","BKR1","true","false","","seller_sku_full_inventory|gtin_unavailable|item_id_unavailable|user_product_id_unavailable|catalog_product_id_unavailable|title_model_diagnostic","NOT_FOUND",""
"VTK012669","BKR1","true","false","","seller_sku_full_inventory|gtin_unavailable|item_id_unavailable|user_product_id_unavailable|catalog_product_id_unavailable|title_model_diagnostic","NOT_FOUND",""
"VTK012670","BKR1","true","false","","seller_sku_full_inventory|gtin_unavailable|item_id_unavailable|user_product_id_unavailable|catalog_product_id_unavailable|title_model_diagnostic","NOT_FOUND",""
"VTK012684","BKR1","true","false","","seller_sku_full_inventory|gtin_full_inventory|item_id_unavailable|user_product_id_unavailable|catalog_product_id|title_model_diagnostic","NOT_FOUND",""
"VTK012687","BKR1","true","false","","seller_sku_full_inventory|gtin_unavailable|item_id_unavailable|user_product_id_unavailable|catalog_product_id_unavailable|title_model_diagnostic","NOT_FOUND",""
"VTK012699","BKR1","true","false","","seller_sku_full_inventory|gtin_unavailable|item_id_unavailable|user_product_id_unavailable|catalog_product_id_unavailable|title_model_diagnostic","NOT_FOUND",""
"VTK012729","BKR1","true","false","","seller_sku_full_inventory|gtin_unavailable|item_id_unavailable|user_product_id_unavailable|catalog_product_id_unavailable|title_model_diagnostic","NOT_FOUND",""
"VTK012763","BKR1","true","false","","seller_sku_full_inventory|gtin_unavailable|item_id_unavailable|user_product_id_unavailable|catalog_product_id_unavailable|title_model_diagnostic","NOT_FOUND",""
"VTK012764","BKR1","true","false","","seller_sku_full_inventory|gtin_unavailable|item_id_unavailable|user_product_id_unavailable|catalog_product_id_unavailable|title_model_diagnostic","NOT_FOUND",""
"VTK012765","BKR1","true","false","","seller_sku_full_inventory|gtin_unavailable|item_id_unavailable|user_product_id_unavailable|catalog_product_id_unavailable|title_model_diagnostic","NOT_FOUND",""
"VTK012772","BKR1","true","false","","seller_sku_full_inventory|gtin_unavailable|item_id_unavailable|user_product_id_unavailable|catalog_product_id_unavailable|title_model_diagnostic","NOT_FOUND",""
"VTK012839","BKR1","true","false","","seller_sku_full_inventory|gtin_full_inventory|item_id_unavailable|user_product_id_unavailable|catalog_product_id|title_model_diagnostic","NOT_FOUND",""
"VTK012842","BKR1","true","false","","seller_sku_full_inventory|gtin_full_inventory|item_id_unavailable|user_product_id_unavailable|catalog_product_id|title_model_diagnostic","NOT_FOUND",""
"VTK012861","BKR1","true","false","","seller_sku_full_inventory|gtin_full_inventory|item_id_unavailable|user_product_id_unavailable|catalog_product_id|title_model_diagnostic","NOT_FOUND",""
"VTK012864","BKR1","true","false","","seller_sku_full_inventory|gtin_full_inventory|item_id_unavailable|user_product_id_unavailable|catalog_product_id|title_model_diagnostic","NOT_FOUND",""
"VTK012865","BKR1","true","false","","seller_sku_full_inventory|gtin_full_inventory|item_id_unavailable|user_product_id_unavailable|catalog_product_id|title_model_diagnostic","NOT_FOUND",""
"VTK012866","BKR1","true","false","","seller_sku_full_inventory|gtin_full_inventory|item_id_unavailable|user_product_id_unavailable|catalog_product_id|title_model_diagnostic","NOT_FOUND",""
"VTK012869","BKR1","true","false","","seller_sku_full_inventory|gtin_full_inventory|item_id_unavailable|user_product_id_unavailable|catalog_product_id|title_model_diagnostic","NOT_FOUND",""
"VTK012895","BKR1","true","false","","seller_sku_full_inventory|gtin_full_inventory|item_id_unavailable|user_product_id_unavailable|catalog_product_id|title_model_diagnostic","NOT_FOUND",""
"VTK012896","BKR1","true","false","","seller_sku_full_inventory|gtin_unavailable|item_id_unavailable|user_product_id_unavailable|catalog_product_id_unavailable|title_model_diagnostic","NOT_FOUND",""
"VTK012909","BKR1","true","false","","seller_sku_full_inventory|gtin_full_inventory|item_id_unavailable|user_product_id_unavailable|catalog_product_id|title_model_diagnostic","NOT_FOUND",""
"VTK012911","BKR1","true","false","","seller_sku_full_inventory|gtin_full_inventory|item_id_unavailable|user_product_id_unavailable|catalog_product_id|title_model_diagnostic","NOT_FOUND",""
"VTK013007","BKR1","true","false","","seller_sku_full_inventory|gtin_full_inventory|item_id_unavailable|user_product_id_unavailable|catalog_product_id|title_model_diagnostic","NOT_FOUND",""
"VTK013008","BKR1","true","false","","seller_sku_full_inventory|gtin_full_inventory|item_id_unavailable|user_product_id_unavailable|catalog_product_id|title_model_diagnostic","NOT_FOUND",""
"VTK013085","BKR1","true","false","","seller_sku_full_inventory|gtin_full_inventory|item_id_unavailable|user_product_id_unavailable|catalog_product_id_unavailable|title_model_diagnostic","NOT_FOUND",""
"VTK013087","BKR1","true","false","","seller_sku_full_inventory|gtin_full_inventory|item_id_unavailable|user_product_id_unavailable|catalog_product_id_unavailable|title_model_diagnostic","NOT_FOUND",""
"VTK013088","BKR1","true","false","","seller_sku_full_inventory|gtin_full_inventory|item_id_unavailable|user_product_id_unavailable|catalog_product_id|title_model_diagnostic","NOT_FOUND",""
"VTK017155","Hayamax","true","false","","seller_sku_full_inventory|gtin_full_inventory|item_id_unavailable|user_product_id_unavailable|catalog_product_id_unavailable|title_model_diagnostic","NOT_FOUND",""
"VTK017179","Evolusom","true","false","","seller_sku_full_inventory|gtin_full_inventory|item_id_unavailable|user_product_id_unavailable|catalog_product_id|title_model_diagnostic","NOT_FOUND",""
"VTK017202","Evolusom","true","false","","seller_sku_full_inventory|gtin_unavailable|item_id_unavailable|user_product_id_unavailable|catalog_product_id_unavailable|title_model_diagnostic","NOT_FOUND",""
"VTK017210","Evolusom","true","false","","seller_sku_full_inventory|gtin_unavailable|item_id_unavailable|user_product_id_unavailable|catalog_product_id_unavailable|title_model_diagnostic","NOT_FOUND",""
"VTK017211","Evolusom","true","false","","seller_sku_full_inventory|gtin_full_inventory|item_id_unavailable|user_product_id_unavailable|catalog_product_id|title_model_diagnostic","NOT_FOUND",""
"VTK017215","Evolusom","true","false","","seller_sku_full_inventory|gtin_full_inventory|item_id_unavailable|user_product_id_unavailable|catalog_product_id_unavailable|title_model_diagnostic","NOT_FOUND",""
"VTK017233","Evolusom","true","false","","seller_sku_full_inventory|gtin_unavailable|item_id_unavailable|user_product_id_unavailable|catalog_product_id_unavailable|title_model_diagnostic","NOT_FOUND",""
"VTK017234","Evolusom","true","false","","seller_sku_full_inventory|gtin_unavailable|item_id_unavailable|user_product_id_unavailable|catalog_product_id_unavailable|title_model_diagnostic","NOT_FOUND",""
"VTK017235","Evolusom","true","false","","seller_sku_full_inventory|gtin_unavailable|item_id_unavailable|user_product_id_unavailable|catalog_product_id_unavailable|title_model_diagnostic","NOT_FOUND",""
"VTK017236","Evolusom","true","false","","seller_sku_full_inventory|gtin_full_inventory|item_id_unavailable|user_product_id_unavailable|catalog_product_id|title_model_diagnostic","NOT_FOUND",""
"VTK017240","Evolusom","true","false","","seller_sku_full_inventory|gtin_unavailable|item_id_unavailable|user_product_id_unavailable|catalog_product_id_unavailable|title_model_diagnostic","NOT_FOUND",""
"VTK017241","Evolusom","true","false","","seller_sku_full_inventory|gtin_unavailable|item_id_unavailable|user_product_id_unavailable|catalog_product_id_unavailable|title_model_diagnostic","NOT_FOUND",""
"VTK017242","Evolusom","true","false","","seller_sku_full_inventory|gtin_unavailable|item_id_unavailable|user_product_id_unavailable|catalog_product_id_unavailable|title_model_diagnostic","NOT_FOUND",""
"VTK017243","Evolusom","true","false","","seller_sku_full_inventory|gtin_unavailable|item_id_unavailable|user_product_id_unavailable|catalog_product_id_unavailable|title_model_diagnostic","NOT_FOUND",""
"VTK017248","Evolusom","true","false","","seller_sku_full_inventory|gtin_unavailable|item_id_unavailable|user_product_id_unavailable|catalog_product_id_unavailable|title_model_diagnostic","NOT_FOUND",""
"VTK017252","Evolusom","true","false","","seller_sku_full_inventory|gtin_unavailable|item_id_unavailable|user_product_id_unavailable|catalog_product_id_unavailable|title_model_diagnostic","NOT_FOUND",""
"VTK017259","Evolusom","true","false","","seller_sku_full_inventory|gtin_unavailable|item_id_unavailable|user_product_id_unavailable|catalog_product_id_unavailable|title_model_diagnostic","NOT_FOUND",""
"VTK017260","Evolusom","true","false","","seller_sku_full_inventory|gtin_unavailable|item_id_unavailable|user_product_id_unavailable|catalog_product_id_unavailable|title_model_diagnostic","NOT_FOUND",""
"VTK017261","Evolusom","true","false","","seller_sku_full_inventory|gtin_unavailable|item_id_unavailable|user_product_id_unavailable|catalog_product_id_unavailable|title_model_diagnostic","NOT_FOUND",""
"VTK017262","Evolusom","true","false","","seller_sku_full_inventory|gtin_unavailable|item_id_unavailable|user_product_id_unavailable|catalog_product_id_unavailable|title_model_diagnostic","NOT_FOUND",""
"VTK017263","Evolusom","true","false","","seller_sku_full_inventory|gtin_unavailable|item_id_unavailable|user_product_id_unavailable|catalog_product_id_unavailable|title_model_diagnostic","NOT_FOUND",""
"VTK017278","Evolusom","true","false","","seller_sku_full_inventory|gtin_unavailable|item_id_unavailable|user_product_id_unavailable|catalog_product_id_unavailable|title_model_diagnostic","NOT_FOUND",""
"VTK017279","Evolusom","true","false","","seller_sku_full_inventory|gtin_unavailable|item_id_unavailable|user_product_id_unavailable|catalog_product_id_unavailable|title_model_diagnostic","NOT_FOUND",""
"VTK017297","Evolusom","true","false","","seller_sku_full_inventory|gtin_unavailable|item_id_unavailable|user_product_id_unavailable|catalog_product_id_unavailable|title_model_diagnostic","NOT_FOUND",""
"VTK017336","Evolusom","true","false","","seller_sku_full_inventory|gtin_full_inventory|item_id_unavailable|user_product_id_unavailable|catalog_product_id_unavailable|title_model_diagnostic","NOT_FOUND",""
"VTK017353","Evolusom","true","false","","seller_sku_full_inventory|gtin_unavailable|item_id_unavailable|user_product_id_unavailable|catalog_product_id_unavailable|title_model_diagnostic","NOT_FOUND",""
"VTK017366","Evolusom","true","false","","seller_sku_full_inventory|gtin_unavailable|item_id_unavailable|user_product_id_unavailable|catalog_product_id_unavailable|title_model_diagnostic","NOT_FOUND",""
"VTK017369","Evolusom","true","false","","seller_sku_full_inventory|gtin_unavailable|item_id_unavailable|user_product_id_unavailable|catalog_product_id_unavailable|title_model_diagnostic","NOT_FOUND",""
"VTK017374","Evolusom","true","false","","seller_sku_full_inventory|gtin_unavailable|item_id_unavailable|user_product_id_unavailable|catalog_product_id_unavailable|title_model_diagnostic","NOT_FOUND",""
"VTK017376","Evolusom","true","false","","seller_sku_full_inventory|gtin_full_inventory|item_id_unavailable|user_product_id_unavailable|catalog_product_id_unavailable|title_model_diagnostic","NOT_FOUND",""
"VTK017378","Evolusom","true","false","","seller_sku_full_inventory|gtin_unavailable|item_id_unavailable|user_product_id_unavailable|catalog_product_id_unavailable|title_model_diagnostic","NOT_FOUND",""
"VTK017384","Evolusom","true","false","","seller_sku_full_inventory|gtin_full_inventory|item_id_unavailable|user_product_id_unavailable|catalog_product_id_unavailable|title_model_diagnostic","NOT_FOUND",""
"VTK017400","Evolusom","true","false","","seller_sku_full_inventory|gtin_unavailable|item_id_unavailable|user_product_id_unavailable|catalog_product_id_unavailable|title_model_diagnostic","NOT_FOUND",""
"VTK017401","Evolusom","true","false","","seller_sku_full_inventory|gtin_unavailable|item_id_unavailable|user_product_id_unavailable|catalog_product_id_unavailable|title_model_diagnostic","NOT_FOUND",""
"VTK017402","Evolusom","true","false","","seller_sku_full_inventory|gtin_unavailable|item_id_unavailable|user_product_id_unavailable|catalog_product_id_unavailable|title_model_diagnostic","NOT_FOUND",""
"VTK017403","Evolusom","true","false","","seller_sku_full_inventory|gtin_unavailable|item_id_unavailable|user_product_id_unavailable|catalog_product_id_unavailable|title_model_diagnostic","NOT_FOUND",""
"VTK017408","Evolusom","true","false","","seller_sku_full_inventory|gtin_unavailable|item_id_unavailable|user_product_id_unavailable|catalog_product_id_unavailable|title_model_diagnostic","NOT_FOUND",""
"VTK017410","Evolusom","true","false","","seller_sku_full_inventory|gtin_unavailable|item_id_unavailable|user_product_id_unavailable|catalog_product_id_unavailable|title_model_diagnostic","NOT_FOUND",""
"VTK017435","Evolusom","true","false","","seller_sku_full_inventory|gtin_unavailable|item_id_unavailable|user_product_id_unavailable|catalog_product_id_unavailable|title_model_diagnostic","NOT_FOUND",""
"VTK017436","Evolusom","true","false","","seller_sku_full_inventory|gtin_unavailable|item_id_unavailable|user_product_id_unavailable|catalog_product_id_unavailable|title_model_diagnostic","NOT_FOUND",""
"VTK017504","Evolusom","true","false","","seller_sku_full_inventory|gtin_full_inventory|item_id_unavailable|user_product_id_unavailable|catalog_product_id_unavailable|title_model_diagnostic","NOT_FOUND",""
"VTK017505","Evolusom","true","false","","seller_sku_full_inventory|gtin_full_inventory|item_id_unavailable|user_product_id_unavailable|catalog_product_id_unavailable|title_model_diagnostic","NOT_FOUND",""
"VTK017506","Evolusom","true","false","","seller_sku_full_inventory|gtin_full_inventory|item_id_unavailable|user_product_id_unavailable|catalog_product_id_unavailable|title_model_diagnostic","NOT_FOUND",""
"VTK017507","Evolusom","true","false","","seller_sku_full_inventory|gtin_full_inventory|item_id_unavailable|user_product_id_unavailable|catalog_product_id_unavailable|title_model_diagnostic","NOT_FOUND",""
"VTK017508","Evolusom","true","false","","seller_sku_full_inventory|gtin_full_inventory|item_id_unavailable|user_product_id_unavailable|catalog_product_id_unavailable|title_model_diagnostic","NOT_FOUND",""
"VTK017523","Evolusom","true","false","","seller_sku_full_inventory|gtin_unavailable|item_id_unavailable|user_product_id_unavailable|catalog_product_id_unavailable|title_model_diagnostic","NOT_FOUND",""
"VTK017524","Evolusom","true","false","","seller_sku_full_inventory|gtin_unavailable|item_id_unavailable|user_product_id_unavailable|catalog_product_id_unavailable|title_model_diagnostic","NOT_FOUND",""
"VTK017531","Evolusom","true","false","","seller_sku_full_inventory|gtin_unavailable|item_id_unavailable|user_product_id_unavailable|catalog_product_id_unavailable|title_model_diagnostic","NOT_FOUND",""
"VTK017538","Evolusom","true","false","","seller_sku_full_inventory|gtin_unavailable|item_id_unavailable|user_product_id_unavailable|catalog_product_id_unavailable|title_model_diagnostic","NOT_FOUND",""
"VTK017548","Evolusom","true","false","","seller_sku_full_inventory|gtin_unavailable|item_id_unavailable|user_product_id_unavailable|catalog_product_id_unavailable|title_model_diagnostic","NOT_FOUND",""
"VTK017562","Evolusom","true","false","","seller_sku_full_inventory|gtin_full_inventory|item_id_unavailable|user_product_id_unavailable|catalog_product_id_unavailable|title_model_diagnostic","NOT_FOUND",""
"VTK017567","Evolusom","true","false","","seller_sku_full_inventory|gtin_full_inventory|item_id_unavailable|user_product_id_unavailable|catalog_product_id|title_model_diagnostic","NOT_FOUND",""
"VTK017600","Evolusom","true","false","","seller_sku_full_inventory|gtin_full_inventory|item_id_unavailable|user_product_id_unavailable|catalog_product_id_unavailable|title_model_diagnostic","NOT_FOUND",""
"VTK017625","Evolusom","true","false","","seller_sku_full_inventory|gtin_full_inventory|item_id_unavailable|user_product_id_unavailable|catalog_product_id_unavailable|title_model_diagnostic","NOT_FOUND",""
"VTK017629","Evolusom","true","false","","seller_sku_full_inventory|gtin_unavailable|item_id_unavailable|user_product_id_unavailable|catalog_product_id_unavailable|title_model_diagnostic","NOT_FOUND",""
"VTK017630","Evolusom","true","false","","seller_sku_full_inventory|gtin_full_inventory|item_id_unavailable|user_product_id_unavailable|catalog_product_id|title_model_diagnostic","NOT_FOUND",""
"VTK017633","Evolusom","true","false","","seller_sku_full_inventory|gtin_full_inventory|item_id_unavailable|user_product_id_unavailable|catalog_product_id_unavailable|title_model_diagnostic","NOT_FOUND",""
"VTK017636","Evolusom","true","false","","seller_sku_full_inventory|gtin_full_inventory|item_id_unavailable|user_product_id_unavailable|catalog_product_id|title_model_diagnostic","NOT_FOUND",""
"VTK017637","Evolusom","true","false","","seller_sku_full_inventory|gtin_full_inventory|item_id_unavailable|user_product_id_unavailable|catalog_product_id|title_model_diagnostic","NOT_FOUND",""
"VTK017651","Evolusom","true","false","","seller_sku_full_inventory|gtin_unavailable|item_id_unavailable|user_product_id_unavailable|catalog_product_id_unavailable|title_model_diagnostic","NOT_FOUND",""
"VTK017666","Evolusom","true","false","","seller_sku_full_inventory|gtin_full_inventory|item_id_unavailable|user_product_id_unavailable|catalog_product_id|title_model_diagnostic","NOT_FOUND",""
"VTK017668","Evolusom","true","true","MLB7087416462|MLB7137214452","seller_sku_full_inventory|gtin_full_inventory|item_id_unavailable|user_product_id_unavailable|catalog_product_id_unavailable|title_model_diagnostic","FOUND_EXACT",""
"VTK017698","Evolusom","true","false","","seller_sku_full_inventory|gtin_full_inventory|item_id_unavailable|user_product_id_unavailable|catalog_product_id|title_model_diagnostic","NOT_FOUND",""
"VTK017740","Evolusom","true","false","","seller_sku_full_inventory|gtin_unavailable|item_id_unavailable|user_product_id_unavailable|catalog_product_id_unavailable|title_model_diagnostic","NOT_FOUND",""
"VTK017771","Evolusom","true","false","","seller_sku_full_inventory|gtin_full_inventory|item_id_unavailable|user_product_id_unavailable|catalog_product_id|title_model_diagnostic","NOT_FOUND",""
"VTK017783","Evolusom","true","false","","seller_sku_full_inventory|gtin_full_inventory|item_id_unavailable|user_product_id_unavailable|catalog_product_id|title_model_diagnostic","NOT_FOUND",""
"VTK017789","Evolusom","true","false","","seller_sku_full_inventory|gtin_full_inventory|item_id_unavailable|user_product_id_unavailable|catalog_product_id_unavailable|title_model_diagnostic","NOT_FOUND",""
"VTK017799","Evolusom","true","true","MLB6655262764|MLB4582557495|MLB7210659020","seller_sku_full_inventory|gtin_full_inventory|item_id_unavailable|user_product_id_unavailable|catalog_product_id|title_model_diagnostic","FOUND_EXACT",""
"VTK017803","Evolusom","true","false","","seller_sku_full_inventory|gtin_unavailable|item_id_unavailable|user_product_id_unavailable|catalog_product_id_unavailable|title_model_diagnostic","NOT_FOUND",""
"VTK017814","Evolusom","true","false","","seller_sku_full_inventory|gtin_unavailable|item_id_unavailable|user_product_id_unavailable|catalog_product_id_unavailable|title_model_diagnostic","NOT_FOUND",""
"VTK017826","Evolusom","true","false","","seller_sku_full_inventory|gtin_unavailable|item_id_unavailable|user_product_id_unavailable|catalog_product_id_unavailable|title_model_diagnostic","NOT_FOUND",""
"VTK017827","Evolusom","true","false","","seller_sku_full_inventory|gtin_unavailable|item_id_unavailable|user_product_id_unavailable|catalog_product_id_unavailable|title_model_diagnostic","NOT_FOUND",""
"VTK017840","Evolusom","true","false","","seller_sku_full_inventory|gtin_unavailable|item_id_unavailable|user_product_id_unavailable|catalog_product_id_unavailable|title_model_diagnostic","NOT_FOUND",""
"VTK017848","Evolusom","true","false","","seller_sku_full_inventory|gtin_full_inventory|item_id_unavailable|user_product_id_unavailable|catalog_product_id|title_model_diagnostic","NOT_FOUND",""
"VTK017866","Evolusom","true","false","","seller_sku_full_inventory|gtin_unavailable|item_id_unavailable|user_product_id_unavailable|catalog_product_id_unavailable|title_model_diagnostic","NOT_FOUND",""
"VTK017869","Evolusom","true","false","","seller_sku_full_inventory|gtin_full_inventory|item_id_unavailable|user_product_id_unavailable|catalog_product_id_unavailable|title_model_diagnostic","NOT_FOUND",""
"VTK017898","Evolusom","true","false","","seller_sku_full_inventory|gtin_full_inventory|item_id_unavailable|user_product_id_unavailable|catalog_product_id|title_model_diagnostic","NOT_FOUND",""
"VTK017902","Evolusom","true","false","","seller_sku_full_inventory|gtin_unavailable|item_id_unavailable|user_product_id_unavailable|catalog_product_id_unavailable|title_model_diagnostic","NOT_FOUND",""
"VTK017903","Evolusom","true","false","","seller_sku_full_inventory|gtin_unavailable|item_id_unavailable|user_product_id_unavailable|catalog_product_id_unavailable|title_model_diagnostic","NOT_FOUND",""
"VTK017933","Evolusom","true","false","","seller_sku_full_inventory|gtin_full_inventory|item_id_unavailable|user_product_id_unavailable|catalog_product_id|title_model_diagnostic","NOT_FOUND",""
"VTK017934","Evolusom","true","false","","seller_sku_full_inventory|gtin_unavailable|item_id_unavailable|user_product_id_unavailable|catalog_product_id_unavailable|title_model_diagnostic","NOT_FOUND",""
"VTK017936","Evolusom","true","false","","seller_sku_full_inventory|gtin_full_inventory|item_id_unavailable|user_product_id_unavailable|catalog_product_id|title_model_diagnostic","NOT_FOUND",""
"VTK017939","Evolusom","true","false","","seller_sku_full_inventory|gtin_unavailable|item_id_unavailable|user_product_id_unavailable|catalog_product_id_unavailable|title_model_diagnostic","NOT_FOUND",""
"VTK017942","Evolusom","true","false","","seller_sku_full_inventory|gtin_unavailable|item_id_unavailable|user_product_id_unavailable|catalog_product_id_unavailable|title_model_diagnostic","NOT_FOUND",""
"VTK017944","Evolusom","true","false","","seller_sku_full_inventory|gtin_full_inventory|item_id_unavailable|user_product_id_unavailable|catalog_product_id_unavailable|title_model_diagnostic","NOT_FOUND",""
"VTK017951","Evolusom","true","false","","seller_sku_full_inventory|gtin_full_inventory|item_id_unavailable|user_product_id_unavailable|catalog_product_id|title_model_diagnostic","NOT_FOUND",""
"VTK017952","Evolusom","true","false","","seller_sku_full_inventory|gtin_full_inventory|item_id_unavailable|user_product_id_unavailable|catalog_product_id|title_model_diagnostic","NOT_FOUND",""
"VTK017981","Evolusom","true","false","","seller_sku_full_inventory|gtin_full_inventory|item_id_unavailable|user_product_id_unavailable|catalog_product_id|title_model_diagnostic","NOT_FOUND",""
"VTK017982","Evolusom","true","false","","seller_sku_full_inventory|gtin_full_inventory|item_id_unavailable|user_product_id_unavailable|catalog_product_id|title_model_diagnostic","NOT_FOUND",""
"VTK018024","Evolusom","true","false","","seller_sku_full_inventory|gtin_full_inventory|item_id_unavailable|user_product_id_unavailable|catalog_product_id|title_model_diagnostic","NOT_FOUND",""
"VTK018064","Evolusom","true","false","","seller_sku_full_inventory|gtin_unavailable|item_id_unavailable|user_product_id_unavailable|catalog_product_id_unavailable|title_model_diagnostic","NOT_FOUND",""
"VTK018077","Evolusom","true","false","","seller_sku_full_inventory|gtin_full_inventory|item_id_unavailable|user_product_id_unavailable|catalog_product_id|title_model_diagnostic","NOT_FOUND",""
"VTK018079","Evolusom","true","false","","seller_sku_full_inventory|gtin_full_inventory|item_id_unavailable|user_product_id_unavailable|catalog_product_id_unavailable|title_model_diagnostic","NOT_FOUND",""
"VTK018102","Evolusom","true","false","","seller_sku_full_inventory|gtin_unavailable|item_id_unavailable|user_product_id_unavailable|catalog_product_id_unavailable|title_model_diagnostic","NOT_FOUND",""
"VTK018106","Evolusom","true","false","","seller_sku_full_inventory|gtin_full_inventory|item_id_unavailable|user_product_id_unavailable|catalog_product_id_unavailable|title_model_diagnostic","NOT_FOUND",""
"VTK018111","Evolusom","true","false","","seller_sku_full_inventory|gtin_full_inventory|item_id_unavailable|user_product_id_unavailable|catalog_product_id|title_model_diagnostic","NOT_FOUND",""
"VTK018113","Evolusom","true","false","","seller_sku_full_inventory|gtin_full_inventory|item_id_unavailable|user_product_id_unavailable|catalog_product_id_unavailable|title_model_diagnostic","NOT_FOUND",""
"VTK018128","Evolusom","true","false","","seller_sku_full_inventory|gtin_unavailable|item_id_unavailable|user_product_id_unavailable|catalog_product_id_unavailable|title_model_diagnostic","NOT_FOUND",""
"VTK018129","Evolusom","true","false","","seller_sku_full_inventory|gtin_full_inventory|item_id_unavailable|user_product_id_unavailable|catalog_product_id|title_model_diagnostic","NOT_FOUND",""
"VTK018134","Evolusom","true","false","","seller_sku_full_inventory|gtin_full_inventory|item_id_unavailable|user_product_id_unavailable|catalog_product_id_unavailable|title_model_diagnostic","NOT_FOUND",""
"VTK018139","Evolusom","true","false","","seller_sku_full_inventory|gtin_unavailable|item_id_unavailable|user_product_id_unavailable|catalog_product_id_unavailable|title_model_diagnostic","NOT_FOUND",""
"VTK018170","Evolusom","true","false","","seller_sku_full_inventory|gtin_unavailable|item_id_unavailable|user_product_id_unavailable|catalog_product_id_unavailable|title_model_diagnostic","NOT_FOUND",""
"VTK018197","Evolusom","true","false","","seller_sku_full_inventory|gtin_unavailable|item_id_unavailable|user_product_id_unavailable|catalog_product_id_unavailable|title_model_diagnostic","NOT_FOUND",""
"VTK018199","Evolusom","true","false","","seller_sku_full_inventory|gtin_full_inventory|item_id_unavailable|user_product_id_unavailable|catalog_product_id|title_model_diagnostic","NOT_FOUND",""
"VTK018201","Evolusom","true","false","","seller_sku_full_inventory|gtin_unavailable|item_id_unavailable|user_product_id_unavailable|catalog_product_id_unavailable|title_model_diagnostic","NOT_FOUND",""
"VTK018221","Evolusom","true","false","","seller_sku_full_inventory|gtin_unavailable|item_id_unavailable|user_product_id_unavailable|catalog_product_id_unavailable|title_model_diagnostic","NOT_FOUND",""
"VTK018228","Evolusom","true","false","","seller_sku_full_inventory|gtin_unavailable|item_id_unavailable|user_product_id_unavailable|catalog_product_id_unavailable|title_model_diagnostic","NOT_FOUND",""
"VTK018269","Evolusom","true","false","","seller_sku_full_inventory|gtin_unavailable|item_id_unavailable|user_product_id_unavailable|catalog_product_id_unavailable|title_model_diagnostic","NOT_FOUND",""
"VTK018277","Evolusom","true","false","","seller_sku_full_inventory|gtin_unavailable|item_id_unavailable|user_product_id_unavailable|catalog_product_id_unavailable|title_model_diagnostic","NOT_FOUND",""
"VTK018279","Evolusom","true","false","","seller_sku_full_inventory|gtin_unavailable|item_id_unavailable|user_product_id_unavailable|catalog_product_id_unavailable|title_model_diagnostic","NOT_FOUND",""
"VTK018292","Evolusom","true","false","","seller_sku_full_inventory|gtin_full_inventory|item_id_unavailable|user_product_id_unavailable|catalog_product_id|title_model_diagnostic","NOT_FOUND",""
"VTK018293","Evolusom","true","false","","seller_sku_full_inventory|gtin_unavailable|item_id_unavailable|user_product_id_unavailable|catalog_product_id_unavailable|title_model_diagnostic","NOT_FOUND",""
"VTK018297","Evolusom","true","false","","seller_sku_full_inventory|gtin_full_inventory|item_id_unavailable|user_product_id_unavailable|catalog_product_id|title_model_diagnostic","NOT_FOUND",""
"VTK018304","Evolusom","true","false","","seller_sku_full_inventory|gtin_full_inventory|item_id_unavailable|user_product_id_unavailable|catalog_product_id_unavailable|title_model_diagnostic","NOT_FOUND",""
"VTK018306","Evolusom","true","false","","seller_sku_full_inventory|gtin_unavailable|item_id_unavailable|user_product_id_unavailable|catalog_product_id_unavailable|title_model_diagnostic","NOT_FOUND",""
"VTK018338","Evolusom","true","false","","seller_sku_full_inventory|gtin_unavailable|item_id_unavailable|user_product_id_unavailable|catalog_product_id_unavailable|title_model_diagnostic","NOT_FOUND",""
"VTK018347","Evolusom","true","false","","seller_sku_full_inventory|gtin_full_inventory|item_id_unavailable|user_product_id_unavailable|catalog_product_id|title_model_diagnostic","NOT_FOUND",""
"VTK018351","Evolusom","true","false","","seller_sku_full_inventory|gtin_unavailable|item_id_unavailable|user_product_id_unavailable|catalog_product_id_unavailable|title_model_diagnostic","NOT_FOUND",""
"VTK018353","Evolusom","true","false","","seller_sku_full_inventory|gtin_unavailable|item_id_unavailable|user_product_id_unavailable|catalog_product_id_unavailable|title_model_diagnostic","NOT_FOUND",""
"VTK018354","Evolusom","true","false","","seller_sku_full_inventory|gtin_unavailable|item_id_unavailable|user_product_id_unavailable|catalog_product_id_unavailable|title_model_diagnostic","NOT_FOUND",""
"VTK018382","Evolusom","true","false","","seller_sku_full_inventory|gtin_unavailable|item_id_unavailable|user_product_id_unavailable|catalog_product_id_unavailable|title_model_diagnostic","NOT_FOUND",""
"VTK018387","Evolusom","true","false","","seller_sku_full_inventory|gtin_unavailable|item_id_unavailable|user_product_id_unavailable|catalog_product_id_unavailable|title_model_diagnostic","NOT_FOUND",""
"VTK018397","Evolusom","true","false","","seller_sku_full_inventory|gtin_unavailable|item_id_unavailable|user_product_id_unavailable|catalog_product_id_unavailable|title_model_diagnostic","NOT_FOUND",""
"VTK018403","Evolusom","true","false","","seller_sku_full_inventory|gtin_unavailable|item_id_unavailable|user_product_id_unavailable|catalog_product_id_unavailable|title_model_diagnostic","NOT_FOUND",""
"VTK018422","Evolusom","true","false","","seller_sku_full_inventory|gtin_full_inventory|item_id_unavailable|user_product_id_unavailable|catalog_product_id|title_model_diagnostic","NOT_FOUND",""
"VTK018423","Evolusom","true","false","","seller_sku_full_inventory|gtin_unavailable|item_id_unavailable|user_product_id_unavailable|catalog_product_id_unavailable|title_model_diagnostic","NOT_FOUND",""
"VTK018428","Evolusom","true","false","","seller_sku_full_inventory|gtin_full_inventory|item_id_unavailable|user_product_id_unavailable|catalog_product_id_unavailable|title_model_diagnostic","NOT_FOUND",""
"VTK018434","Evolusom","true","false","","seller_sku_full_inventory|gtin_full_inventory|item_id_unavailable|user_product_id_unavailable|catalog_product_id_unavailable|title_model_diagnostic","NOT_FOUND",""
"VTK018435","Evolusom","true","false","","seller_sku_full_inventory|gtin_full_inventory|item_id_unavailable|user_product_id_unavailable|catalog_product_id|title_model_diagnostic","NOT_FOUND",""
"VTK018446","Evolusom","true","false","","seller_sku_full_inventory|gtin_full_inventory|item_id_unavailable|user_product_id_unavailable|catalog_product_id|title_model_diagnostic","NOT_FOUND",""
"VTK018447","Evolusom","true","false","","seller_sku_full_inventory|gtin_unavailable|item_id_unavailable|user_product_id_unavailable|catalog_product_id_unavailable|title_model_diagnostic","NOT_FOUND",""
"VTK018449","Evolusom","true","false","","seller_sku_full_inventory|gtin_full_inventory|item_id_unavailable|user_product_id_unavailable|catalog_product_id|title_model_diagnostic","NOT_FOUND",""
"VTK018450","Evolusom","true","false","","seller_sku_full_inventory|gtin_unavailable|item_id_unavailable|user_product_id_unavailable|catalog_product_id_unavailable|title_model_diagnostic","NOT_FOUND",""
"VTK018454","Evolusom","true","false","","seller_sku_full_inventory|gtin_full_inventory|item_id_unavailable|user_product_id_unavailable|catalog_product_id|title_model_diagnostic","NOT_FOUND",""
"VTK018460","Evolusom","true","false","","seller_sku_full_inventory|gtin_unavailable|item_id_unavailable|user_product_id_unavailable|catalog_product_id_unavailable|title_model_diagnostic","NOT_FOUND",""
"VTK018461","Evolusom","true","false","","seller_sku_full_inventory|gtin_unavailable|item_id_unavailable|user_product_id_unavailable|catalog_product_id_unavailable|title_model_diagnostic","NOT_FOUND",""
"VTK018462","Evolusom","true","false","","seller_sku_full_inventory|gtin_unavailable|item_id_unavailable|user_product_id_unavailable|catalog_product_id_unavailable|title_model_diagnostic","NOT_FOUND",""
"VTK018467","Evolusom","true","false","","seller_sku_full_inventory|gtin_unavailable|item_id_unavailable|user_product_id_unavailable|catalog_product_id_unavailable|title_model_diagnostic","NOT_FOUND",""
"VTK018472","Evolusom","true","false","","seller_sku_full_inventory|gtin_unavailable|item_id_unavailable|user_product_id_unavailable|catalog_product_id_unavailable|title_model_diagnostic","NOT_FOUND",""
"VTK018473","Evolusom","true","false","","seller_sku_full_inventory|gtin_unavailable|item_id_unavailable|user_product_id_unavailable|catalog_product_id_unavailable|title_model_diagnostic","NOT_FOUND",""
"VTK018480","Evolusom","true","false","","seller_sku_full_inventory|gtin_full_inventory|item_id_unavailable|user_product_id_unavailable|catalog_product_id_unavailable|title_model_diagnostic","NOT_FOUND",""
"VTK018517","Evolusom","true","false","","seller_sku_full_inventory|gtin_full_inventory|item_id_unavailable|user_product_id_unavailable|catalog_product_id|title_model_diagnostic","NOT_FOUND",""
"VTK018522","Evolusom","true","false","","seller_sku_full_inventory|gtin_full_inventory|item_id_unavailable|user_product_id_unavailable|catalog_product_id|title_model_diagnostic","NOT_FOUND",""
"VTK018546","Evolusom","true","false","","seller_sku_full_inventory|gtin_full_inventory|item_id_unavailable|user_product_id_unavailable|catalog_product_id|title_model_diagnostic","NOT_FOUND",""
"VTK018547","Evolusom","true","false","","seller_sku_full_inventory|gtin_unavailable|item_id_unavailable|user_product_id_unavailable|catalog_product_id_unavailable|title_model_diagnostic","NOT_FOUND",""
"VTK018548","Evolusom","true","false","","seller_sku_full_inventory|gtin_unavailable|item_id_unavailable|user_product_id_unavailable|catalog_product_id_unavailable|title_model_diagnostic","NOT_FOUND",""
"VTK018550","Evolusom","true","false","","seller_sku_full_inventory|gtin_full_inventory|item_id_unavailable|user_product_id_unavailable|catalog_product_id_unavailable|title_model_diagnostic","NOT_FOUND",""
"VTK018552","Evolusom","true","false","","seller_sku_full_inventory|gtin_unavailable|item_id_unavailable|user_product_id_unavailable|catalog_product_id_unavailable|title_model_diagnostic","NOT_FOUND",""
"VTK018554","Evolusom","true","false","","seller_sku_full_inventory|gtin_unavailable|item_id_unavailable|user_product_id_unavailable|catalog_product_id_unavailable|title_model_diagnostic","NOT_FOUND",""
"VTK018562","Evolusom","true","false","","seller_sku_full_inventory|gtin_full_inventory|item_id_unavailable|user_product_id_unavailable|catalog_product_id|title_model_diagnostic","NOT_FOUND",""
"VTK018563","Evolusom","true","false","","seller_sku_full_inventory|gtin_unavailable|item_id_unavailable|user_product_id_unavailable|catalog_product_id_unavailable|title_model_diagnostic","NOT_FOUND",""
"VTK018581","Evolusom","true","false","","seller_sku_full_inventory|gtin_unavailable|item_id_unavailable|user_product_id_unavailable|catalog_product_id_unavailable|title_model_diagnostic","NOT_FOUND",""
"VTK018587","Evolusom","true","false","","seller_sku_full_inventory|gtin_full_inventory|item_id_unavailable|user_product_id_unavailable|catalog_product_id|title_model_diagnostic","NOT_FOUND",""
"VTK018597","Evolusom","true","false","","seller_sku_full_inventory|gtin_unavailable|item_id_unavailable|user_product_id_unavailable|catalog_product_id_unavailable|title_model_diagnostic","NOT_FOUND",""
"VTK018598","Evolusom","true","false","","seller_sku_full_inventory|gtin_full_inventory|item_id_unavailable|user_product_id_unavailable|catalog_product_id_unavailable|title_model_diagnostic","NOT_FOUND",""
"VTK018608","Evolusom","true","false","","seller_sku_full_inventory|gtin_full_inventory|item_id_unavailable|user_product_id_unavailable|catalog_product_id_unavailable|title_model_diagnostic","NOT_FOUND",""
"VTK018610","Evolusom","true","false","","seller_sku_full_inventory|gtin_unavailable|item_id_unavailable|user_product_id_unavailable|catalog_product_id_unavailable|title_model_diagnostic","NOT_FOUND",""
"VTK018616","Evolusom","true","false","","seller_sku_full_inventory|gtin_full_inventory|item_id_unavailable|user_product_id_unavailable|catalog_product_id|title_model_diagnostic","NOT_FOUND",""
"VTK018635","Evolusom","true","false","","seller_sku_full_inventory|gtin_full_inventory|item_id_unavailable|user_product_id_unavailable|catalog_product_id_unavailable|title_model_diagnostic","NOT_FOUND",""
"VTK018636","Evolusom","true","false","","seller_sku_full_inventory|gtin_full_inventory|item_id_unavailable|user_product_id_unavailable|catalog_product_id|title_model_diagnostic","NOT_FOUND",""
"VTK018639","Evolusom","true","false","","seller_sku_full_inventory|gtin_full_inventory|item_id_unavailable|user_product_id_unavailable|catalog_product_id_unavailable|title_model_diagnostic","NOT_FOUND",""
"VTK018641","Evolusom","true","false","","seller_sku_full_inventory|gtin_unavailable|item_id_unavailable|user_product_id_unavailable|catalog_product_id_unavailable|title_model_diagnostic","NOT_FOUND",""
"VTK018642","Evolusom","true","false","","seller_sku_full_inventory|gtin_unavailable|item_id_unavailable|user_product_id_unavailable|catalog_product_id_unavailable|title_model_diagnostic","NOT_FOUND",""
"VTK018660","Evolusom","true","false","","seller_sku_full_inventory|gtin_unavailable|item_id_unavailable|user_product_id_unavailable|catalog_product_id_unavailable|title_model_diagnostic","NOT_FOUND",""
"VTK018664","Evolusom","true","false","","seller_sku_full_inventory|gtin_full_inventory|item_id_unavailable|user_product_id_unavailable|catalog_product_id_unavailable|title_model_diagnostic","NOT_FOUND",""
"VTK018675","Evolusom","true","false","","seller_sku_full_inventory|gtin_unavailable|item_id_unavailable|user_product_id_unavailable|catalog_product_id_unavailable|title_model_diagnostic","NOT_FOUND",""
"VTK018700","Evolusom","true","false","","seller_sku_full_inventory|gtin_unavailable|item_id_unavailable|user_product_id_unavailable|catalog_product_id_unavailable|title_model_diagnostic","NOT_FOUND",""
"VTK018702","Evolusom","true","false","","seller_sku_full_inventory|gtin_full_inventory|item_id_unavailable|user_product_id_unavailable|catalog_product_id_unavailable|title_model_diagnostic","NOT_FOUND",""
"VTK018714","Evolusom","true","false","","seller_sku_full_inventory|gtin_full_inventory|item_id_unavailable|user_product_id_unavailable|catalog_product_id|title_model_diagnostic","NOT_FOUND",""
"VTK018721","Evolusom","true","false","","seller_sku_full_inventory|gtin_unavailable|item_id_unavailable|user_product_id_unavailable|catalog_product_id_unavailable|title_model_diagnostic","NOT_FOUND",""
"VTK018728","Evolusom","true","false","","seller_sku_full_inventory|gtin_unavailable|item_id_unavailable|user_product_id_unavailable|catalog_product_id_unavailable|title_model_diagnostic","NOT_FOUND",""
"VTK018729","Evolusom","true","false","","seller_sku_full_inventory|gtin_full_inventory|item_id_unavailable|user_product_id_unavailable|catalog_product_id|title_model_diagnostic","NOT_FOUND",""
"VTK018746","Evolusom","true","false","","seller_sku_full_inventory|gtin_full_inventory|item_id_unavailable|user_product_id_unavailable|catalog_product_id|title_model_diagnostic","NOT_FOUND",""
"VTK018748","Evolusom","true","false","","seller_sku_full_inventory|gtin_full_inventory|item_id_unavailable|user_product_id_unavailable|catalog_product_id_unavailable|title_model_diagnostic","NOT_FOUND",""
"VTK018749","Evolusom","true","false","","seller_sku_full_inventory|gtin_full_inventory|item_id_unavailable|user_product_id_unavailable|catalog_product_id|title_model_diagnostic","NOT_FOUND",""
"VTK018757","Evolusom","true","false","","seller_sku_full_inventory|gtin_unavailable|item_id_unavailable|user_product_id_unavailable|catalog_product_id_unavailable|title_model_diagnostic","NOT_FOUND",""
"VTK018761","Evolusom","true","false","","seller_sku_full_inventory|gtin_unavailable|item_id_unavailable|user_product_id_unavailable|catalog_product_id_unavailable|title_model_diagnostic","NOT_FOUND",""
"VTK018762","Evolusom","true","false","","seller_sku_full_inventory|gtin_unavailable|item_id_unavailable|user_product_id_unavailable|catalog_product_id_unavailable|title_model_diagnostic","NOT_FOUND",""
"VTK018767","Evolusom","true","false","","seller_sku_full_inventory|gtin_unavailable|item_id_unavailable|user_product_id_unavailable|catalog_product_id_unavailable|title_model_diagnostic","NOT_FOUND",""
"VTK018768","Evolusom","true","false","","seller_sku_full_inventory|gtin_full_inventory|item_id_unavailable|user_product_id_unavailable|catalog_product_id_unavailable|title_model_diagnostic","NOT_FOUND",""
"VTK018772","Evolusom","true","false","","seller_sku_full_inventory|gtin_unavailable|item_id_unavailable|user_product_id_unavailable|catalog_product_id_unavailable|title_model_diagnostic","NOT_FOUND",""
"VTK018791","Evolusom","true","false","","seller_sku_full_inventory|gtin_full_inventory|item_id_unavailable|user_product_id_unavailable|catalog_product_id_unavailable|title_model_diagnostic","NOT_FOUND",""
"VTK018830","Evolusom","true","false","","seller_sku_full_inventory|gtin_full_inventory|item_id_unavailable|user_product_id_unavailable|catalog_product_id_unavailable|title_model_diagnostic","NOT_FOUND",""
"VTK018843","Evolusom","true","false","","seller_sku_full_inventory|gtin_unavailable|item_id_unavailable|user_product_id_unavailable|catalog_product_id_unavailable|title_model_diagnostic","NOT_FOUND",""
"VTK018849","Evolusom","true","false","","seller_sku_full_inventory|gtin_unavailable|item_id_unavailable|user_product_id_unavailable|catalog_product_id_unavailable|title_model_diagnostic","NOT_FOUND",""
"VTK018850","Evolusom","true","false","","seller_sku_full_inventory|gtin_unavailable|item_id_unavailable|user_product_id_unavailable|catalog_product_id_unavailable|title_model_diagnostic","NOT_FOUND",""
"VTK018857","Evolusom","true","false","","seller_sku_full_inventory|gtin_full_inventory|item_id_unavailable|user_product_id_unavailable|catalog_product_id_unavailable|title_model_diagnostic","NOT_FOUND",""
"VTK018862","Evolusom","true","false","","seller_sku_full_inventory|gtin_unavailable|item_id_unavailable|user_product_id_unavailable|catalog_product_id_unavailable|title_model_diagnostic","NOT_FOUND",""
"VTK018864","Evolusom","true","false","","seller_sku_full_inventory|gtin_unavailable|item_id_unavailable|user_product_id_unavailable|catalog_product_id_unavailable|title_model_diagnostic","NOT_FOUND",""
"VTK018868","Evolusom","true","false","","seller_sku_full_inventory|gtin_full_inventory|item_id_unavailable|user_product_id_unavailable|catalog_product_id|title_model_diagnostic","NOT_FOUND",""
"VTK018869","Evolusom","true","false","","seller_sku_full_inventory|gtin_full_inventory|item_id_unavailable|user_product_id_unavailable|catalog_product_id|title_model_diagnostic","NOT_FOUND",""
"VTK018870","Evolusom","true","false","","seller_sku_full_inventory|gtin_full_inventory|item_id_unavailable|user_product_id_unavailable|catalog_product_id|title_model_diagnostic","NOT_FOUND",""
"VTK018883","Evolusom","true","false","","seller_sku_full_inventory|gtin_unavailable|item_id_unavailable|user_product_id_unavailable|catalog_product_id_unavailable|title_model_diagnostic","NOT_FOUND",""
"VTK018905","Evolusom","true","false","","seller_sku_full_inventory|gtin_full_inventory|item_id_unavailable|user_product_id_unavailable|catalog_product_id|title_model_diagnostic","NOT_FOUND",""
"VTK018908","Evolusom","true","false","","seller_sku_full_inventory|gtin_full_inventory|item_id_unavailable|user_product_id_unavailable|catalog_product_id|title_model_diagnostic","NOT_FOUND",""
"VTK018909","Evolusom","true","false","","seller_sku_full_inventory|gtin_full_inventory|item_id_unavailable|user_product_id_unavailable|catalog_product_id_unavailable|title_model_diagnostic","NOT_FOUND",""
"VTK018911","Evolusom","true","false","","seller_sku_full_inventory|gtin_full_inventory|item_id_unavailable|user_product_id_unavailable|catalog_product_id_unavailable|title_model_diagnostic","NOT_FOUND",""
"VTK018912","Evolusom","true","false","","seller_sku_full_inventory|gtin_full_inventory|item_id_unavailable|user_product_id_unavailable|catalog_product_id_unavailable|title_model_diagnostic","NOT_FOUND",""
"VTK018918","Evolusom","true","false","","seller_sku_full_inventory|gtin_unavailable|item_id_unavailable|user_product_id_unavailable|catalog_product_id_unavailable|title_model_diagnostic","NOT_FOUND",""
"VTK018924","Evolusom","true","false","","seller_sku_full_inventory|gtin_full_inventory|item_id_unavailable|user_product_id_unavailable|catalog_product_id|title_model_diagnostic","NOT_FOUND",""
"VTK018934","Evolusom","true","false","","seller_sku_full_inventory|gtin_full_inventory|item_id_unavailable|user_product_id_unavailable|catalog_product_id|title_model_diagnostic","NOT_FOUND",""
"VTK018935","Evolusom","true","false","","seller_sku_full_inventory|gtin_full_inventory|item_id_unavailable|user_product_id_unavailable|catalog_product_id_unavailable|title_model_diagnostic","NOT_FOUND",""
"VTK018936","Evolusom","true","false","","seller_sku_full_inventory|gtin_full_inventory|item_id_unavailable|user_product_id_unavailable|catalog_product_id_unavailable|title_model_diagnostic","NOT_FOUND",""
"VTK018943","Evolusom","true","false","","seller_sku_full_inventory|gtin_full_inventory|item_id_unavailable|user_product_id_unavailable|catalog_product_id|title_model_diagnostic","NOT_FOUND",""
"VTK018944","Evolusom","true","false","","seller_sku_full_inventory|gtin_full_inventory|item_id_unavailable|user_product_id_unavailable|catalog_product_id|title_model_diagnostic","NOT_FOUND",""
"VTK018968","Evolusom","true","false","","seller_sku_full_inventory|gtin_full_inventory|item_id_unavailable|user_product_id_unavailable|catalog_product_id_unavailable|title_model_diagnostic","NOT_FOUND",""
"VTK018995","Evolusom","true","false","","seller_sku_full_inventory|gtin_unavailable|item_id_unavailable|user_product_id_unavailable|catalog_product_id_unavailable|title_model_diagnostic","NOT_FOUND",""
"VTK019015","Evolusom","true","false","","seller_sku_full_inventory|gtin_unavailable|item_id_unavailable|user_product_id_unavailable|catalog_product_id_unavailable|title_model_diagnostic","NOT_FOUND",""
"VTK019016","Evolusom","true","false","","seller_sku_full_inventory|gtin_full_inventory|item_id_unavailable|user_product_id_unavailable|catalog_product_id_unavailable|title_model_diagnostic","NOT_FOUND",""
"VTK019018","Evolusom","true","false","","seller_sku_full_inventory|gtin_full_inventory|item_id_unavailable|user_product_id_unavailable|catalog_product_id_unavailable|title_model_diagnostic","NOT_FOUND",""
"VTK019020","Evolusom","true","false","","seller_sku_full_inventory|gtin_unavailable|item_id_unavailable|user_product_id_unavailable|catalog_product_id_unavailable|title_model_diagnostic","NOT_FOUND",""
"VTK019030","Evolusom","true","false","","seller_sku_full_inventory|gtin_full_inventory|item_id_unavailable|user_product_id_unavailable|catalog_product_id|title_model_diagnostic","NOT_FOUND",""
"VTK019032","Evolusom","true","false","","seller_sku_full_inventory|gtin_unavailable|item_id_unavailable|user_product_id_unavailable|catalog_product_id_unavailable|title_model_diagnostic","NOT_FOUND",""
"VTK019033","Evolusom","true","true","MLB4837734679|MLB4841872479","seller_sku_full_inventory|gtin_full_inventory|item_id_unavailable|user_product_id_unavailable|catalog_product_id|title_model_diagnostic","FOUND_EXACT",""
"VTK019036","Evolusom","true","false","","seller_sku_full_inventory|gtin_unavailable|item_id_unavailable|user_product_id_unavailable|catalog_product_id_unavailable|title_model_diagnostic","NOT_FOUND",""
"VTK019037","Evolusom","true","false","","seller_sku_full_inventory|gtin_unavailable|item_id_unavailable|user_product_id_unavailable|catalog_product_id_unavailable|title_model_diagnostic","NOT_FOUND",""
"VTK019041","Evolusom","true","false","","seller_sku_full_inventory|gtin_unavailable|item_id_unavailable|user_product_id_unavailable|catalog_product_id_unavailable|title_model_diagnostic","NOT_FOUND",""
"VTK019044","Evolusom","true","false","","seller_sku_full_inventory|gtin_full_inventory|item_id_unavailable|user_product_id_unavailable|catalog_product_id_unavailable|title_model_diagnostic","NOT_FOUND",""
"VTK019063","Evolusom","true","false","","seller_sku_full_inventory|gtin_unavailable|item_id_unavailable|user_product_id_unavailable|catalog_product_id_unavailable|title_model_diagnostic","NOT_FOUND",""
"VTK019080","Evolusom","true","false","","seller_sku_full_inventory|gtin_unavailable|item_id_unavailable|user_product_id_unavailable|catalog_product_id_unavailable|title_model_diagnostic","NOT_FOUND",""
"VTK019089","Evolusom","true","false","","seller_sku_full_inventory|gtin_full_inventory|item_id_unavailable|user_product_id_unavailable|catalog_product_id_unavailable|title_model_diagnostic","NOT_FOUND",""
"VTK019090","Evolusom","true","false","","seller_sku_full_inventory|gtin_full_inventory|item_id_unavailable|user_product_id_unavailable|catalog_product_id_unavailable|title_model_diagnostic","NOT_FOUND",""
"VTK019094","Evolusom","true","false","","seller_sku_full_inventory|gtin_full_inventory|item_id_unavailable|user_product_id_unavailable|catalog_product_id_unavailable|title_model_diagnostic","NOT_FOUND",""
"VTK019095","Evolusom","true","false","","seller_sku_full_inventory|gtin_full_inventory|item_id_unavailable|user_product_id_unavailable|catalog_product_id_unavailable|title_model_diagnostic","NOT_FOUND",""
"VTK019096","Evolusom","true","false","","seller_sku_full_inventory|gtin_full_inventory|item_id_unavailable|user_product_id_unavailable|catalog_product_id_unavailable|title_model_diagnostic","NOT_FOUND",""
"VTK019099","Evolusom","true","false","","seller_sku_full_inventory|gtin_full_inventory|item_id_unavailable|user_product_id_unavailable|catalog_product_id_unavailable|title_model_diagnostic","NOT_FOUND",""
"VTK019100","Evolusom","true","false","","seller_sku_full_inventory|gtin_full_inventory|item_id_unavailable|user_product_id_unavailable|catalog_product_id|title_model_diagnostic","NOT_FOUND",""
"VTK019108","Evolusom","true","false","","seller_sku_full_inventory|gtin_full_inventory|item_id_unavailable|user_product_id_unavailable|catalog_product_id_unavailable|title_model_diagnostic","NOT_FOUND",""
"VTK019111","Evolusom","true","false","","seller_sku_full_inventory|gtin_unavailable|item_id_unavailable|user_product_id_unavailable|catalog_product_id_unavailable|title_model_diagnostic","NOT_FOUND",""
"VTK019117","Evolusom","true","false","","seller_sku_full_inventory|gtin_full_inventory|item_id_unavailable|user_product_id_unavailable|catalog_product_id_unavailable|title_model_diagnostic","NOT_FOUND",""
"VTK019123","Evolusom","true","false","","seller_sku_full_inventory|gtin_unavailable|item_id_unavailable|user_product_id_unavailable|catalog_product_id_unavailable|title_model_diagnostic","NOT_FOUND",""
"VTK019126","Evolusom","true","false","","seller_sku_full_inventory|gtin_full_inventory|item_id_unavailable|user_product_id_unavailable|catalog_product_id|title_model_diagnostic","NOT_FOUND",""
"VTK019131","Evolusom","true","false","","seller_sku_full_inventory|gtin_full_inventory|item_id_unavailable|user_product_id_unavailable|catalog_product_id|title_model_diagnostic","NOT_FOUND",""
"VTK019185","Evolusom","true","false","","seller_sku_full_inventory|gtin_unavailable|item_id_unavailable|user_product_id_unavailable|catalog_product_id_unavailable|title_model_diagnostic","NOT_FOUND",""
"VTK019219","Evolusom","true","false","","seller_sku_full_inventory|gtin_full_inventory|item_id_unavailable|user_product_id_unavailable|catalog_product_id|title_model_diagnostic","NOT_FOUND",""
"VTK019227","Evolusom","true","false","","seller_sku_full_inventory|gtin_unavailable|item_id_unavailable|user_product_id_unavailable|catalog_product_id_unavailable|title_model_diagnostic","NOT_FOUND",""
"VTK019282","Evolusom","true","false","","seller_sku_full_inventory|gtin_unavailable|item_id_unavailable|user_product_id_unavailable|catalog_product_id_unavailable|title_model_diagnostic","NOT_FOUND",""
"VTK019287","Evolusom","true","false","","seller_sku_full_inventory|gtin_unavailable|item_id_unavailable|user_product_id_unavailable|catalog_product_id_unavailable|title_model_diagnostic","NOT_FOUND",""
"VTK019301","Evolusom","true","false","","seller_sku_full_inventory|gtin_unavailable|item_id_unavailable|user_product_id_unavailable|catalog_product_id_unavailable|title_model_diagnostic","NOT_FOUND",""
"VTK019385","Evolusom","true","false","","seller_sku_full_inventory|gtin_unavailable|item_id_unavailable|user_product_id_unavailable|catalog_product_id_unavailable|title_model_diagnostic","NOT_FOUND",""
"VTK019386","Evolusom","true","false","","seller_sku_full_inventory|gtin_unavailable|item_id_unavailable|user_product_id_unavailable|catalog_product_id_unavailable|title_model_diagnostic","NOT_FOUND",""
"VTK019535","Evolusom","true","false","","seller_sku_full_inventory|gtin_unavailable|item_id_unavailable|user_product_id_unavailable|catalog_product_id_unavailable|title_model_diagnostic","NOT_FOUND",""
"VTK019545","Evolusom","true","false","","seller_sku_full_inventory|gtin_unavailable|item_id_unavailable|user_product_id_unavailable|catalog_product_id_unavailable|title_model_diagnostic","NOT_FOUND",""
"VTK019632","Evolusom","true","false","","seller_sku_full_inventory|gtin_full_inventory|item_id_unavailable|user_product_id_unavailable|catalog_product_id|title_model_diagnostic","NOT_FOUND",""
"VTK019776","Evolusom","true","false","","seller_sku_full_inventory|gtin_unavailable|item_id_unavailable|user_product_id_unavailable|catalog_product_id_unavailable|title_model_diagnostic","NOT_FOUND",""
"VTK019777","Evolusom","true","false","","seller_sku_full_inventory|gtin_unavailable|item_id_unavailable|user_product_id_unavailable|catalog_product_id_unavailable|title_model_diagnostic","NOT_FOUND",""
"VTK019952","Evolusom","true","false","","seller_sku_full_inventory|gtin_full_inventory|item_id_unavailable|user_product_id_unavailable|catalog_product_id|title_model_diagnostic","NOT_FOUND",""
"VTK020602","Evolusom","true","false","","seller_sku_full_inventory|gtin_full_inventory|item_id_unavailable|user_product_id_unavailable|catalog_product_id_unavailable|title_model_diagnostic","NOT_FOUND",""
"VTK020645","Evolusom","true","false","","seller_sku_full_inventory|gtin_full_inventory|item_id_unavailable|user_product_id_unavailable|catalog_product_id_unavailable|title_model_diagnostic","NOT_FOUND",""
"VTK020653","Evolusom","true","false","","seller_sku_full_inventory|gtin_full_inventory|item_id_unavailable|user_product_id_unavailable|catalog_product_id_unavailable|title_model_diagnostic","NOT_FOUND",""
"VTK020654","Evolusom","true","false","","seller_sku_full_inventory|gtin_full_inventory|item_id_unavailable|user_product_id_unavailable|catalog_product_id_unavailable|title_model_diagnostic","NOT_FOUND",""
"VTK020656","Evolusom","true","false","","seller_sku_full_inventory|gtin_full_inventory|item_id_unavailable|user_product_id_unavailable|catalog_product_id_unavailable|title_model_diagnostic","NOT_FOUND",""
"VTK020660","Evolusom","true","false","","seller_sku_full_inventory|gtin_full_inventory|item_id_unavailable|user_product_id_unavailable|catalog_product_id_unavailable|title_model_diagnostic","NOT_FOUND",""
"VTK020904","Evolusom","true","false","","seller_sku_full_inventory|gtin_full_inventory|item_id_unavailable|user_product_id_unavailable|catalog_product_id|title_model_diagnostic","NOT_FOUND",""
"VTK021001","Evolusom","true","false","","seller_sku_full_inventory|gtin_full_inventory|item_id_unavailable|user_product_id_unavailable|catalog_product_id|title_model_diagnostic","NOT_FOUND",""
"VTK021012","Evolusom","true","false","","seller_sku_full_inventory|gtin_full_inventory|item_id_unavailable|user_product_id_unavailable|catalog_product_id|title_model_diagnostic","NOT_FOUND",""
"VTK021013","Evolusom","true","false","","seller_sku_full_inventory|gtin_full_inventory|item_id_unavailable|user_product_id_unavailable|catalog_product_id|title_model_diagnostic","NOT_FOUND",""
"VTK021063","Evolusom","true","true","MLB6563332484|MLB6646642718","seller_sku_full_inventory|gtin_full_inventory|item_id_unavailable|user_product_id_unavailable|catalog_product_id|title_model_diagnostic","FOUND_EXACT",""
"VTK021065","Evolusom","true","false","","seller_sku_full_inventory|gtin_unavailable|item_id_unavailable|user_product_id_unavailable|catalog_product_id_unavailable|title_model_diagnostic","NOT_FOUND",""
"VTK021108","Evolusom","true","false","","seller_sku_full_inventory|gtin_full_inventory|item_id_unavailable|user_product_id_unavailable|catalog_product_id|title_model_diagnostic","NOT_FOUND",""
"VTK021164","Evolusom","true","false","","seller_sku_full_inventory|gtin_full_inventory|item_id_unavailable|user_product_id_unavailable|catalog_product_id|title_model_diagnostic","NOT_FOUND",""
"VTK021438","Evolusom","true","false","","seller_sku_full_inventory|gtin_full_inventory|item_id_unavailable|user_product_id_unavailable|catalog_product_id|title_model_diagnostic","NOT_FOUND",""
"VTK021723","Evolusom","true","false","","seller_sku_full_inventory|gtin_unavailable|item_id_unavailable|user_product_id_unavailable|catalog_product_id_unavailable|title_model_diagnostic","NOT_FOUND",""
"VTK021891","Evolusom","true","false","","seller_sku_full_inventory|gtin_full_inventory|item_id_unavailable|user_product_id_unavailable|catalog_product_id|title_model_diagnostic","NOT_FOUND",""
"VTK022010","Evolusom","true","false","","seller_sku_full_inventory|gtin_full_inventory|item_id_unavailable|user_product_id_unavailable|catalog_product_id|title_model_diagnostic","NOT_FOUND",""
"VTK022455","Evolusom","true","false","","seller_sku_full_inventory|gtin_full_inventory|item_id_unavailable|user_product_id_unavailable|catalog_product_id|title_model_diagnostic","NOT_FOUND",""
"VTK022504","Evolusom","true","false","","seller_sku_full_inventory|gtin_unavailable|item_id_unavailable|user_product_id_unavailable|catalog_product_id_unavailable|title_model_diagnostic","NOT_FOUND",""
"VTK023153","Evolusom","true","false","","seller_sku_full_inventory|gtin_unavailable|item_id_unavailable|user_product_id_unavailable|catalog_product_id_unavailable|title_model_diagnostic","NOT_FOUND",""
"VTK023558","Evolusom","true","false","","seller_sku_full_inventory|gtin_full_inventory|item_id_unavailable|user_product_id_unavailable|catalog_product_id|title_model_diagnostic","NOT_FOUND",""
"VTK023678","Evolusom","true","false","","seller_sku_full_inventory|gtin_unavailable|item_id_unavailable|user_product_id_unavailable|catalog_product_id_unavailable|title_model_diagnostic","NOT_FOUND",""
"VTK025247","Hayamax","true","false","","seller_sku_full_inventory|gtin_full_inventory|item_id_unavailable|user_product_id_unavailable|catalog_product_id|title_model_diagnostic","NOT_FOUND",""
"VTK025858","Hayamax","true","false","","seller_sku_full_inventory|gtin_full_inventory|item_id_unavailable|user_product_id_unavailable|catalog_product_id|title_model_diagnostic","TITLE_MODEL_CANDIDATE_ONLY",""
"VTK025859","Hayamax","true","false","","seller_sku_full_inventory|gtin_full_inventory|item_id_unavailable|user_product_id_unavailable|catalog_product_id|title_model_diagnostic","TITLE_MODEL_CANDIDATE_ONLY",""
"VTK025860","Hayamax","true","false","","seller_sku_full_inventory|gtin_full_inventory|item_id_unavailable|user_product_id_unavailable|catalog_product_id|title_model_diagnostic","TITLE_MODEL_CANDIDATE_ONLY",""
"VTK025861","Hayamax","true","false","","seller_sku_full_inventory|gtin_full_inventory|item_id_unavailable|user_product_id_unavailable|catalog_product_id|title_model_diagnostic","TITLE_MODEL_CANDIDATE_ONLY",""
"VTK025953","Hayamax","true","false","","seller_sku_full_inventory|gtin_full_inventory|item_id_unavailable|user_product_id_unavailable|catalog_product_id|title_model_diagnostic","NOT_FOUND",""
"VTK025954","Hayamax","true","false","","seller_sku_full_inventory|gtin_full_inventory|item_id_unavailable|user_product_id_unavailable|catalog_product_id|title_model_diagnostic","NOT_FOUND",""
"VTK025955","Hayamax","true","false","","seller_sku_full_inventory|gtin_full_inventory|item_id_unavailable|user_product_id_unavailable|catalog_product_id_unavailable|title_model_diagnostic","TITLE_MODEL_CANDIDATE_ONLY",""
"VTK025957","Hayamax","true","false","","seller_sku_full_inventory|gtin_full_inventory|item_id_unavailable|user_product_id_unavailable|catalog_product_id_unavailable|title_model_diagnostic","TITLE_MODEL_CANDIDATE_ONLY",""
"VTK025958","Hayamax","true","false","","seller_sku_full_inventory|gtin_full_inventory|item_id_unavailable|user_product_id_unavailable|catalog_product_id_unavailable|title_model_diagnostic","NOT_FOUND",""
"VTK025961","Hayamax","true","false","","seller_sku_full_inventory|gtin_full_inventory|item_id_unavailable|user_product_id_unavailable|catalog_product_id_unavailable|title_model_diagnostic","NOT_FOUND",""
"VTK025996","BKR1","true","false","","seller_sku_full_inventory|gtin_unavailable|item_id_unavailable|user_product_id_unavailable|catalog_product_id_unavailable|title_model_diagnostic","NOT_FOUND",""
"VTK025997","BKR1","true","false","","seller_sku_full_inventory|gtin_unavailable|item_id_unavailable|user_product_id_unavailable|catalog_product_id_unavailable|title_model_diagnostic","NOT_FOUND",""
"VTK025998","BKR1","true","false","","seller_sku_full_inventory|gtin_unavailable|item_id_unavailable|user_product_id_unavailable|catalog_product_id_unavailable|title_model_diagnostic","NOT_FOUND",""
"VTK025999","BKR1","true","false","","seller_sku_full_inventory|gtin_full_inventory|item_id_unavailable|user_product_id_unavailable|catalog_product_id_unavailable|title_model_diagnostic","NOT_FOUND",""
"VTK026000","BKR1","true","false","","seller_sku_full_inventory|gtin_full_inventory|item_id_unavailable|user_product_id_unavailable|catalog_product_id|title_model_diagnostic","NOT_FOUND",""
"VTK026001","BKR1","true","false","","seller_sku_full_inventory|gtin_full_inventory|item_id_unavailable|user_product_id_unavailable|catalog_product_id|title_model_diagnostic","NOT_FOUND",""
"VTK026002","BKR1","true","false","","seller_sku_full_inventory|gtin_unavailable|item_id_unavailable|user_product_id_unavailable|catalog_product_id_unavailable|title_model_diagnostic","NOT_FOUND",""
"VTK026003","BKR1","true","false","","seller_sku_full_inventory|gtin_full_inventory|item_id_unavailable|user_product_id_unavailable|catalog_product_id|title_model_diagnostic","NOT_FOUND",""
"VTK026004","BKR1","true","false","","seller_sku_full_inventory|gtin_unavailable|item_id_unavailable|user_product_id_unavailable|catalog_product_id_unavailable|title_model_diagnostic","NOT_FOUND",""
"VTK026005","BKR1","true","false","","seller_sku_full_inventory|gtin_unavailable|item_id_unavailable|user_product_id_unavailable|catalog_product_id_unavailable|title_model_diagnostic","NOT_FOUND",""
"VTK026006","BKR1","true","false","","seller_sku_full_inventory|gtin_unavailable|item_id_unavailable|user_product_id_unavailable|catalog_product_id_unavailable|title_model_diagnostic","NOT_FOUND",""
"VTK026007","BKR1","true","false","","seller_sku_full_inventory|gtin_full_inventory|item_id_unavailable|user_product_id_unavailable|catalog_product_id|title_model_diagnostic","NOT_FOUND",""
"VTK026008","BKR1","true","false","","seller_sku_full_inventory|gtin_full_inventory|item_id_unavailable|user_product_id_unavailable|catalog_product_id|title_model_diagnostic","NOT_FOUND",""
"VTK026009","BKR1","true","false","","seller_sku_full_inventory|gtin_unavailable|item_id_unavailable|user_product_id_unavailable|catalog_product_id_unavailable|title_model_diagnostic","NOT_FOUND",""
"VTK026010","BKR1","true","false","","seller_sku_full_inventory|gtin_unavailable|item_id_unavailable|user_product_id_unavailable|catalog_product_id_unavailable|title_model_diagnostic","NOT_FOUND",""
"VTK026011","BKR1","true","false","","seller_sku_full_inventory|gtin_unavailable|item_id_unavailable|user_product_id_unavailable|catalog_product_id_unavailable|title_model_diagnostic","NOT_FOUND",""
"VTK026012","BKR1","true","false","","seller_sku_full_inventory|gtin_full_inventory|item_id_unavailable|user_product_id_unavailable|catalog_product_id_unavailable|title_model_diagnostic","NOT_FOUND",""
"VTK026013","BKR1","true","false","","seller_sku_full_inventory|gtin_full_inventory|item_id_unavailable|user_product_id_unavailable|catalog_product_id|title_model_diagnostic","NOT_FOUND",""
"VTK026014","BKR1","true","false","","seller_sku_full_inventory|gtin_unavailable|item_id_unavailable|user_product_id_unavailable|catalog_product_id_unavailable|title_model_diagnostic","NOT_FOUND",""
"VTK026015","BKR1","true","false","","seller_sku_full_inventory|gtin_unavailable|item_id_unavailable|user_product_id_unavailable|catalog_product_id_unavailable|title_model_diagnostic","NOT_FOUND",""
"VTK026016","BKR1","true","false","","seller_sku_full_inventory|gtin_unavailable|item_id_unavailable|user_product_id_unavailable|catalog_product_id_unavailable|title_model_diagnostic","NOT_FOUND",""
"VTK026017","BKR1","true","false","","seller_sku_full_inventory|gtin_unavailable|item_id_unavailable|user_product_id_unavailable|catalog_product_id_unavailable|title_model_diagnostic","NOT_FOUND",""
"VTK026018","BKR1","true","false","","seller_sku_full_inventory|gtin_full_inventory|item_id_unavailable|user_product_id_unavailable|catalog_product_id|title_model_diagnostic","NOT_FOUND",""
"VTK026019","BKR1","true","false","","seller_sku_full_inventory|gtin_full_inventory|item_id_unavailable|user_product_id_unavailable|catalog_product_id|title_model_diagnostic","NOT_FOUND",""
"VTK026020","BKR1","true","false","","seller_sku_full_inventory|gtin_unavailable|item_id_unavailable|user_product_id_unavailable|catalog_product_id_unavailable|title_model_diagnostic","NOT_FOUND",""
"VTK026021","BKR1","true","false","","seller_sku_full_inventory|gtin_unavailable|item_id_unavailable|user_product_id_unavailable|catalog_product_id_unavailable|title_model_diagnostic","NOT_FOUND",""
"VTK026022","BKR1","true","false","","seller_sku_full_inventory|gtin_unavailable|item_id_unavailable|user_product_id_unavailable|catalog_product_id_unavailable|title_model_diagnostic","NOT_FOUND",""
"VTK026023","BKR1","true","false","","seller_sku_full_inventory|gtin_unavailable|item_id_unavailable|user_product_id_unavailable|catalog_product_id_unavailable|title_model_diagnostic","NOT_FOUND",""
"VTK026024","BKR1","true","false","","seller_sku_full_inventory|gtin_unavailable|item_id_unavailable|user_product_id_unavailable|catalog_product_id_unavailable|title_model_diagnostic","NOT_FOUND",""
"VTK026025","BKR1","true","false","","seller_sku_full_inventory|gtin_unavailable|item_id_unavailable|user_product_id_unavailable|catalog_product_id_unavailable|title_model_diagnostic","NOT_FOUND",""
"VTK026026","BKR1","true","false","","seller_sku_full_inventory|gtin_unavailable|item_id_unavailable|user_product_id_unavailable|catalog_product_id_unavailable|title_model_diagnostic","NOT_FOUND",""
"VTK026027","BKR1","true","false","","seller_sku_full_inventory|gtin_unavailable|item_id_unavailable|user_product_id_unavailable|catalog_product_id_unavailable|title_model_diagnostic","NOT_FOUND",""
"VTK026028","BKR1","true","false","","seller_sku_full_inventory|gtin_full_inventory|item_id_unavailable|user_product_id_unavailable|catalog_product_id|title_model_diagnostic","NOT_FOUND",""
"VTK026029","BKR1","true","false","","seller_sku_full_inventory|gtin_full_inventory|item_id_unavailable|user_product_id_unavailable|catalog_product_id|title_model_diagnostic","NOT_FOUND",""
"VTK026030","BKR1","true","false","","seller_sku_full_inventory|gtin_unavailable|item_id_unavailable|user_product_id_unavailable|catalog_product_id_unavailable|title_model_diagnostic","NOT_FOUND",""
"VTK026031","BKR1","true","false","","seller_sku_full_inventory|gtin_unavailable|item_id_unavailable|user_product_id_unavailable|catalog_product_id_unavailable|title_model_diagnostic","NOT_FOUND",""
"VTK026032","BKR1","true","false","","seller_sku_full_inventory|gtin_unavailable|item_id_unavailable|user_product_id_unavailable|catalog_product_id_unavailable|title_model_diagnostic","NOT_FOUND",""
"VTK026033","BKR1","true","false","","seller_sku_full_inventory|gtin_unavailable|item_id_unavailable|user_product_id_unavailable|catalog_product_id_unavailable|title_model_diagnostic","NOT_FOUND",""
"VTK026034","BKR1","true","false","","seller_sku_full_inventory|gtin_unavailable|item_id_unavailable|user_product_id_unavailable|catalog_product_id_unavailable|title_model_diagnostic","NOT_FOUND",""
"VTK026035","BKR1","true","false","","seller_sku_full_inventory|gtin_full_inventory|item_id_unavailable|user_product_id_unavailable|catalog_product_id|title_model_diagnostic","NOT_FOUND",""
"VTK026036","BKR1","true","false","","seller_sku_full_inventory|gtin_unavailable|item_id_unavailable|user_product_id_unavailable|catalog_product_id_unavailable|title_model_diagnostic","NOT_FOUND",""
"VTK026037","BKR1","true","false","","seller_sku_full_inventory|gtin_full_inventory|item_id_unavailable|user_product_id_unavailable|catalog_product_id|title_model_diagnostic","NOT_FOUND",""
"VTK026038","BKR1","true","false","","seller_sku_full_inventory|gtin_unavailable|item_id_unavailable|user_product_id_unavailable|catalog_product_id_unavailable|title_model_diagnostic","NOT_FOUND",""
"VTK026039","BKR1","true","false","","seller_sku_full_inventory|gtin_unavailable|item_id_unavailable|user_product_id_unavailable|catalog_product_id_unavailable|title_model_diagnostic","NOT_FOUND",""
