sku,pricing_group_id,origin_ml_item_id,ml_item_ids,previous_price,applied_price,http_status,confirmed_at,observed_prices,warnings
VTK012344,VTK012344|MLB7111714880,MLB7111714880,"[""MLB7111714880""]",45.17,23.76,200,2026-09-05T00:46:02.807Z,"{""MLB7111714880"":23.76}","[{""department"":""shipping"",""cause_id"":4053,""code"":""shipping.lost_me1_by_user"",""message"":""User has not mode me1"",""references"":[""user.shipping_preferences.modes""]}]"
VTK012481,VTK012481|MLB4857626123,MLB4857626123,"[""MLB4857626123""]",45.77,24.74,200,2026-09-05T00:46:03.540Z,"{""MLB4857626123"":24.74}","[{""department"":""shipping"",""cause_id"":4053,""code"":""shipping.lost_me1_by_user"",""message"":""User has not mode me1"",""references"":[""user.shipping_preferences.modes""]}]"
VTK012271,VTK012271|MLB4857626107,MLB4857626107,"[""MLB4857626107""]",46.1,24.82,200,2026-09-05T00:46:04.257Z,"{""MLB4857626107"":24.82}","[{""department"":""shipping"",""cause_id"":4053,""code"":""shipping.lost_me1_by_user"",""message"":""User has not mode me1"",""references"":[""user.shipping_preferences.modes""]}]"
VTK012412,VTK012412|MLB22343812,MLB4857627495,"[""MLB4857627495"",""MLB7149338600""]",43.68,22.06,"{""MLB4857627495"":200,""MLB7149338600"":200}",2026-09-05T01:01:32.289Z,"{""MLB4857627495"":22.06,""MLB7149338600"":22.06}","[{""department"":""shipping"",""cause_id"":4053,""code"":""shipping.lost_me1_by_user"",""message"":""User has not mode me1"",""references"":[""user.shipping_preferences.modes""]},{""department"":""shipping"",""cause_id"":4053,""code"":""shipping.lost_me1_by_user"",""message"":""User has not mode me1"",""references"":[""user.shipping_preferences.modes""]}]"
VTK012177,VTK012177|MLB39242918,MLB4857639801,"[""MLB7149371294"",""MLB4857639801""]",43.82,22.22,"{""MLB4857639801"":200,""MLB7149371294"":200}",2026-09-05T01:01:35.780Z,"{""MLB7149371294"":22.22,""MLB4857639801"":22.22}","[{""department"":""shipping"",""cause_id"":4053,""code"":""shipping.lost_me1_by_user"",""message"":""User has not mode me1"",""references"":[""user.shipping_preferences.modes""]},{""department"":""shipping"",""cause_id"":4053,""code"":""shipping.lost_me1_by_user"",""message"":""User has not mode me1"",""references"":[""user.shipping_preferences.modes""]}]"
VTK012109,VTK012109|MLB7111714706,MLB7111714706,"[""MLB7111714706""]",46.43,25.5,"{""MLB7111714706"":200}",2026-09-05T01:01:36.511Z,"{""MLB7111714706"":25.5}","[{""department"":""shipping"",""cause_id"":4053,""code"":""shipping.lost_me1_by_user"",""message"":""User has not mode me1"",""references"":[""user.shipping_preferences.modes""]}]"
VTK012315,VTK012315|MLB4857638231,MLB4857638231,"[""MLB4857638231""]",47.23,26.12,"{""MLB4857638231"":200}",2026-09-05T01:01:37.286Z,"{""MLB4857638231"":26.12}","[{""department"":""shipping"",""cause_id"":4053,""code"":""shipping.lost_me1_by_user"",""message"":""User has not mode me1"",""references"":[""user.shipping_preferences.modes""]}]"
VTK012316,VTK012316|MLB20628909,MLB4857638159,"[""MLB7149337398"",""MLB4857638159""]",48.61,27.7,"{""MLB4857638159"":200,""MLB7149337398"":200}",2026-09-05T01:01:40.724Z,"{""MLB7149337398"":27.7,""MLB4857638159"":27.7}","[{""department"":""shipping"",""cause_id"":4053,""code"":""shipping.lost_me1_by_user"",""message"":""User has not mode me1"",""references"":[""user.shipping_preferences.modes""]},{""department"":""shipping"",""cause_id"":4053,""code"":""shipping.lost_me1_by_user"",""message"":""User has not mode me1"",""references"":[""user.shipping_preferences.modes""]}]"
VTK012207,VTK012207|MLB7111713960,MLB7111713960,"[""MLB7111713960""]",48.65,28.03,"{""MLB7111713960"":200}",2026-09-05T01:01:41.463Z,"{""MLB7111713960"":28.03}","[{""department"":""shipping"",""cause_id"":4053,""code"":""shipping.lost_me1_by_user"",""message"":""User has not mode me1"",""references"":[""user.shipping_preferences.modes""]}]"
VTK012346,VTK012346|MLB54220685,MLB7111714526,"[""MLB7111714526"",""MLB4880526301""]",49.55,28.77,"{""MLB7111714526"":200,""MLB4880526301"":200}",2026-09-05T01:01:44.906Z,"{""MLB7111714526"":28.77,""MLB4880526301"":28.77}","[{""department"":""shipping"",""cause_id"":4053,""code"":""shipping.lost_me1_by_user"",""message"":""User has not mode me1"",""references"":[""user.shipping_preferences.modes""]},{""department"":""shipping"",""cause_id"":4053,""code"":""shipping.lost_me1_by_user"",""message"":""User has not mode me1"",""references"":[""user.shipping_preferences.modes""]}]"
VTK012028,VTK012028|MLB16236951,MLB4857626165,"[""MLB4857626165"",""MLB7313984020""]",46.93,26.98,"{""MLB4857626165"":200,""MLB7313984020"":200}",2026-09-05T01:01:48.368Z,"{""MLB4857626165"":26.98,""MLB7313984020"":26.98}","[{""department"":""shipping"",""cause_id"":4053,""code"":""shipping.lost_me1_by_user"",""message"":""User has not mode me1"",""references"":[""user.shipping_preferences.modes""]},{""department"":""shipping"",""cause_id"":4053,""code"":""shipping.lost_me1_by_user"",""message"":""User has not mode me1"",""references"":[""user.shipping_preferences.modes""]}]"
VTK000401,VTK000401|MLB4857625795,MLB4857625795,"[""MLB4857625795""]",50.34,29.68,"{""MLB4857625795"":200}",2026-09-05T01:01:49.177Z,"{""MLB4857625795"":29.68}","[{""department"":""shipping"",""cause_id"":4053,""code"":""shipping.lost_me1_by_user"",""message"":""User has not mode me1"",""references"":[""user.shipping_preferences.modes""]}]"
VTK012208,VTK012208|MLB26242562,MLB7111714314,"[""MLB7149273758"",""MLB7111714314""]",50.46,30.09,"{""MLB7111714314"":200,""MLB7149273758"":200}",2026-09-05T01:01:52.583Z,"{""MLB7149273758"":30.09,""MLB7111714314"":30.09}","[{""department"":""shipping"",""cause_id"":4053,""code"":""shipping.lost_me1_by_user"",""message"":""User has not mode me1"",""references"":[""user.shipping_preferences.modes""]},{""department"":""shipping"",""cause_id"":4053,""code"":""shipping.lost_me1_by_user"",""message"":""User has not mode me1"",""references"":[""user.shipping_preferences.modes""]}]"
VTK012507,VTK012507|MLB75104651,MLB4857625681,"[""MLB7149338770"",""MLB4857625681""]",50.61,29.98,"{""MLB4857625681"":200,""MLB7149338770"":200}",2026-09-05T01:01:56.801Z,"{""MLB7149338770"":29.98,""MLB4857625681"":29.98}","[{""department"":""shipping"",""cause_id"":4053,""code"":""shipping.lost_me1_by_user"",""message"":""User has not mode me1"",""references"":[""user.shipping_preferences.modes""]},{""department"":""shipping"",""cause_id"":4053,""code"":""shipping.lost_me1_by_user"",""message"":""User has not mode me1"",""references"":[""user.shipping_preferences.modes""]}]"
VTK012345,VTK012345|MLB21465199,MLB4857625685,"[""MLB4857625685"",""MLB4886661609""]",51.26,30.72,"{""MLB4857625685"":200,""MLB4886661609"":200}",2026-09-05T01:02:00.136Z,"{""MLB4857625685"":30.72,""MLB4886661609"":30.72}","[{""department"":""shipping"",""cause_id"":4053,""code"":""shipping.lost_me1_by_user"",""message"":""User has not mode me1"",""references"":[""user.shipping_preferences.modes""]},{""department"":""shipping"",""cause_id"":4053,""code"":""shipping.lost_me1_by_user"",""message"":""User has not mode me1"",""references"":[""user.shipping_preferences.modes""]}]"
VTK002685,VTK002685|MLB4857625615,MLB4857625615,"[""MLB4857625615""]",51.63,31.43,"{""MLB4857625615"":200}",2026-09-05T01:02:00.870Z,"{""MLB4857625615"":31.43}","[{""department"":""shipping"",""cause_id"":4053,""code"":""shipping.lost_me1_by_user"",""message"":""User has not mode me1"",""references"":[""user.shipping_preferences.modes""]}]"
VTK012126,VTK012126|MLB36777223,MLB4857637599,"[""MLB4880590401"",""MLB4857637599""]",52.57,32.65,"{""MLB4857637599"":200,""MLB4880590401"":200}",2026-09-05T01:02:04.219Z,"{""MLB4880590401"":32.65,""MLB4857637599"":32.65}","[{""department"":""shipping"",""cause_id"":4053,""code"":""shipping.lost_me1_by_user"",""message"":""User has not mode me1"",""references"":[""user.shipping_preferences.modes""]},{""department"":""shipping"",""cause_id"":4053,""code"":""shipping.lost_me1_by_user"",""message"":""User has not mode me1"",""references"":[""user.shipping_preferences.modes""]}]"
VTK002430,VTK002430|MLB35749153,MLB4857624969,"[""MLB4857624969"",""MLB7149373024""]",52.82,32.51,"{""MLB4857624969"":200,""MLB7149373024"":200}",2026-09-05T01:02:07.628Z,"{""MLB4857624969"":32.51,""MLB7149373024"":32.51}","[{""department"":""shipping"",""cause_id"":4053,""code"":""shipping.lost_me1_by_user"",""message"":""User has not mode me1"",""references"":[""user.shipping_preferences.modes""]},{""department"":""shipping"",""cause_id"":4053,""code"":""shipping.lost_me1_by_user"",""message"":""User has not mode me1"",""references"":[""user.shipping_preferences.modes""]}]"
VTK012479,VTK012479|MLB4857637573,MLB4857637573,"[""MLB4857637573""]",53.23,32.98,"{""MLB4857637573"":200}",2026-09-05T01:02:08.328Z,"{""MLB4857637573"":32.98}","[{""department"":""shipping"",""cause_id"":4053,""code"":""shipping.lost_me1_by_user"",""message"":""User has not mode me1"",""references"":[""user.shipping_preferences.modes""]}]"
VTK012452,VTK012452|MLB4857624913,MLB4857624913,"[""MLB4857624913""]",53.3,33.06,"{""MLB4857624913"":200}",2026-09-05T01:02:09.119Z,"{""MLB4857624913"":33.06}","[{""department"":""shipping"",""cause_id"":4053,""code"":""shipping.lost_me1_by_user"",""message"":""User has not mode me1"",""references"":[""user.shipping_preferences.modes""]}]"
VTK012451,VTK012451|MLB35276021,MLB7111713758,"[""MLB4880526513"",""MLB7111713758""]",53.7,33.51,"{""MLB7111713758"":200,""MLB4880526513"":200}",2026-09-05T01:02:12.453Z,"{""MLB4880526513"":33.51,""MLB7111713758"":33.51}","[{""department"":""shipping"",""cause_id"":4053,""code"":""shipping.lost_me1_by_user"",""message"":""User has not mode me1"",""references"":[""user.shipping_preferences.modes""]},{""department"":""shipping"",""cause_id"":4053,""code"":""shipping.lost_me1_by_user"",""message"":""User has not mode me1"",""references"":[""user.shipping_preferences.modes""]}]"
VTK003140,VTK003140|MLB4857625235,MLB4857625235,"[""MLB4857625235""]",54.66,34.61,"{""MLB4857625235"":200}",2026-09-05T01:02:13.157Z,"{""MLB4857625235"":34.61}","[{""department"":""shipping"",""cause_id"":4053,""code"":""shipping.lost_me1_by_user"",""message"":""User has not mode me1"",""references"":[""user.shipping_preferences.modes""]}]"
VTK003606,VTK003606|MLB23159703,MLB4857624907,"[""MLB7149338946"",""MLB4857624907""]",54.74,34.71,"{""MLB4857624907"":200,""MLB7149338946"":200}",2026-09-05T01:02:16.509Z,"{""MLB7149338946"":34.71,""MLB4857624907"":34.71}","[{""department"":""shipping"",""cause_id"":4053,""code"":""shipping.lost_me1_by_user"",""message"":""User has not mode me1"",""references"":[""user.shipping_preferences.modes""]},{""department"":""shipping"",""cause_id"":4053,""code"":""shipping.lost_me1_by_user"",""message"":""User has not mode me1"",""references"":[""user.shipping_preferences.modes""]}]"
VTK003146,VTK003146|MLB7111713568,MLB7111713568,"[""MLB7111713568""]",54.81,35.33,"{""MLB7111713568"":200}",2026-09-05T01:02:17.315Z,"{""MLB7111713568"":35.33}","[{""department"":""shipping"",""cause_id"":4053,""code"":""shipping.lost_me1_by_user"",""message"":""User has not mode me1"",""references"":[""user.shipping_preferences.modes""]}]"
VTK004180,VTK004180|MLB7111713682,MLB7111713682,"[""MLB7111713682""]",55.1,35.11,"{""MLB7111713682"":200}",2026-09-05T01:02:18.254Z,"{""MLB7111713682"":35.11}","[{""department"":""shipping"",""cause_id"":4053,""code"":""shipping.lost_me1_by_user"",""message"":""User has not mode me1"",""references"":[""user.shipping_preferences.modes""]}]"
VTK000364,VTK000364|MLB7111713696,MLB7111713696,"[""MLB7111713696""]",55.43,35.49,"{""MLB7111713696"":200}",2026-09-05T01:02:19.064Z,"{""MLB7111713696"":35.49}","[{""department"":""shipping"",""cause_id"":4053,""code"":""shipping.lost_me1_by_user"",""message"":""User has not mode me1"",""references"":[""user.shipping_preferences.modes""]}]"
VTK012174,VTK012174|MLB39460659,MLB7111713750,"[""MLB4880526541"",""MLB7111713750""]",55.55,35.63,"{""MLB7111713750"":200,""MLB4880526541"":200}",2026-09-05T01:02:22.390Z,"{""MLB4880526541"":35.63,""MLB7111713750"":35.63}","[{""department"":""shipping"",""cause_id"":4053,""code"":""shipping.lost_me1_by_user"",""message"":""User has not mode me1"",""references"":[""user.shipping_preferences.modes""]},{""department"":""shipping"",""cause_id"":4053,""code"":""shipping.lost_me1_by_user"",""message"":""User has not mode me1"",""references"":[""user.shipping_preferences.modes""]}]"
VTK012104,VTK012104|MLB36351600,MLB7111716064,"[""MLB7111716064"",""MLB5079124601""]",34.07,21.98,"{""MLB7111716064"":200,""MLB5079124601"":200}",2026-09-05T01:02:25.741Z,"{""MLB7111716064"":21.98,""MLB5079124601"":21.98}","[{""department"":""shipping"",""cause_id"":4053,""code"":""shipping.lost_me1_by_user"",""message"":""User has not mode me1"",""references"":[""user.shipping_preferences.modes""]},{""department"":""shipping"",""cause_id"":4053,""code"":""shipping.lost_me1_by_user"",""message"":""User has not mode me1"",""references"":[""user.shipping_preferences.modes""]}]"
VTK012131,VTK012131|MLB7111713652,MLB7111713652,"[""MLB7111713652""]",53.29,34.37,"{""MLB7111713652"":200}",2026-09-05T01:02:26.527Z,"{""MLB7111713652"":34.37}","[{""department"":""shipping"",""cause_id"":4053,""code"":""shipping.lost_me1_by_user"",""message"":""User has not mode me1"",""references"":[""user.shipping_preferences.modes""]}]"
VTK000060,VTK000060|MLB20580728,MLB4857637125,"[""MLB4857637125"",""MLB7157760958""]",56.5,36.72,"{""MLB4857637125"":200,""MLB7157760958"":200}",2026-09-05T01:02:30.048Z,"{""MLB4857637125"":36.72,""MLB7157760958"":36.72}","[{""department"":""shipping"",""cause_id"":4053,""code"":""shipping.lost_me1_by_user"",""message"":""User has not mode me1"",""references"":[""user.shipping_preferences.modes""]},{""department"":""shipping"",""cause_id"":4053,""code"":""shipping.lost_me1_by_user"",""message"":""User has not mode me1"",""references"":[""user.shipping_preferences.modes""]}]"
VTK012433,VTK012433|MLB4857637065,MLB4857637065,"[""MLB4857637065""]",57.12,37.43,"{""MLB4857637065"":200}",2026-09-05T01:02:30.806Z,"{""MLB4857637065"":37.43}","[{""department"":""shipping"",""cause_id"":4053,""code"":""shipping.lost_me1_by_user"",""message"":""User has not mode me1"",""references"":[""user.shipping_preferences.modes""]}]"
VTK012012,VTK012012|MLB4857637259,MLB4857637259,"[""MLB4857637259""]",57.26,37.58,"{""MLB4857637259"":200}",2026-09-05T01:02:31.491Z,"{""MLB4857637259"":37.58}","[{""department"":""shipping"",""cause_id"":4053,""code"":""shipping.lost_me1_by_user"",""message"":""User has not mode me1"",""references"":[""user.shipping_preferences.modes""]}]"
VTK003622,VTK003622|MLB25948660,MLB4857624585,"[""MLB4857624585"",""MLB7149339142""]",57.39,37.74,"{""MLB4857624585"":200,""MLB7149339142"":200}",2026-09-05T01:02:34.874Z,"{""MLB4857624585"":37.74,""MLB7149339142"":37.74}","[{""department"":""shipping"",""cause_id"":4053,""code"":""shipping.lost_me1_by_user"",""message"":""User has not mode me1"",""references"":[""user.shipping_preferences.modes""]},{""department"":""shipping"",""cause_id"":4053,""code"":""shipping.lost_me1_by_user"",""message"":""User has not mode me1"",""references"":[""user.shipping_preferences.modes""]}]"
VTK002662,VTK002662|MLB7111713358,MLB7111713358,"[""MLB7111713358""]",57.81,38.48,"{""MLB7111713358"":200}",2026-09-05T01:02:35.644Z,"{""MLB7111713358"":38.48}","[{""department"":""shipping"",""cause_id"":4053,""code"":""shipping.lost_me1_by_user"",""message"":""User has not mode me1"",""references"":[""user.shipping_preferences.modes""]}]"
VTK002681,VTK002681|MLB7111713364,MLB7111713364,"[""MLB7111713364""]",57.81,38.48,"{""MLB7111713364"":200}",2026-09-05T01:02:36.362Z,"{""MLB7111713364"":38.48}","[{""department"":""shipping"",""cause_id"":4053,""code"":""shipping.lost_me1_by_user"",""message"":""User has not mode me1"",""references"":[""user.shipping_preferences.modes""]}]"
VTK002271,VTK002271|MLB22490340,MLB4857635411,"[""MLB4880591245"",""MLB4857635411""]",57.87,38.28,"{""MLB4857635411"":200,""MLB4880591245"":200}",2026-09-05T01:02:39.784Z,"{""MLB4880591245"":38.28,""MLB4857635411"":38.28}","[{""department"":""shipping"",""cause_id"":4053,""code"":""shipping.lost_me1_by_user"",""message"":""User has not mode me1"",""references"":[""user.shipping_preferences.modes""]},{""department"":""shipping"",""cause_id"":4053,""code"":""shipping.lost_me1_by_user"",""message"":""User has not mode me1"",""references"":[""user.shipping_preferences.modes""]}]"
VTK017397,VTK017397|MLB4981504717,MLB4981504717,"[""MLB4981504717""]",58.67,38.03,"{""MLB4981504717"":200}",2026-09-05T01:02:40.464Z,"{""MLB4981504717"":38.03}","[{""department"":""shipping"",""cause_id"":4053,""code"":""shipping.lost_me1_by_user"",""message"":""User has not mode me1"",""references"":[""user.shipping_preferences.modes""]}]"
VTK003213,VTK003213|MLB57351740,MLB4857637215,"[""MLB7149371848"",""MLB4857637215""]",53.9,35.79,"{""MLB4857637215"":200,""MLB7149371848"":200}",2026-09-05T01:02:43.964Z,"{""MLB7149371848"":35.79,""MLB4857637215"":35.79}","[{""department"":""shipping"",""cause_id"":4053,""code"":""shipping.lost_me1_by_user"",""message"":""User has not mode me1"",""references"":[""user.shipping_preferences.modes""]},{""department"":""shipping"",""cause_id"":4053,""code"":""shipping.lost_me1_by_user"",""message"":""User has not mode me1"",""references"":[""user.shipping_preferences.modes""]}]"
VTK017244,VTK017244|MLB4994943971,MLB4994943971,"[""MLB4994943971""]",55.46,35.77,"{""MLB4994943971"":200}",2026-09-05T01:02:44.692Z,"{""MLB4994943971"":35.77}","[{""department"":""shipping"",""cause_id"":4053,""code"":""shipping.lost_me1_by_user"",""message"":""User has not mode me1"",""references"":[""user.shipping_preferences.modes""]}]"
VTK001624,VTK001624|MLB21603461,MLB4857636931,"[""MLB7313979440"",""MLB4857636931""]",58.9,39.46,"{""MLB4857636931"":200,""MLB7313979440"":200}",2026-09-05T01:02:48.033Z,"{""MLB7313979440"":39.46,""MLB4857636931"":39.46}","[{""department"":""shipping"",""cause_id"":4053,""code"":""shipping.lost_me1_by_user"",""message"":""User has not mode me1"",""references"":[""user.shipping_preferences.modes""]},{""department"":""shipping"",""cause_id"":4053,""code"":""shipping.lost_me1_by_user"",""message"":""User has not mode me1"",""references"":[""user.shipping_preferences.modes""]}]"
VTK001652,VTK001652|MLB4857624501,MLB4857624501,"[""MLB4857624501""]",59.43,40.06,"{""MLB4857624501"":200}",2026-09-05T01:02:48.758Z,"{""MLB4857624501"":40.06}","[{""department"":""shipping"",""cause_id"":4053,""code"":""shipping.lost_me1_by_user"",""message"":""User has not mode me1"",""references"":[""user.shipping_preferences.modes""]}]"
VTK017853,VTK017853|MLB32476732,MLB4994952921,"[""MLB7381240378"",""MLB4994952921""]",61.19,40.24,"{""MLB4994952921"":200,""MLB7381240378"":200}",2026-09-05T01:02:52.022Z,"{""MLB7381240378"":40.24,""MLB4994952921"":40.24}","[{""department"":""shipping"",""cause_id"":4053,""code"":""shipping.lost_me1_by_user"",""message"":""User has not mode me1"",""references"":[""user.shipping_preferences.modes""]},{""department"":""shipping"",""cause_id"":4053,""code"":""shipping.lost_me1_by_user"",""message"":""User has not mode me1"",""references"":[""user.shipping_preferences.modes""]}]"
VTK012068,VTK012068|MLB20312085,MLB4857637203,"[""MLB4857637203"",""MLB5079124789""]",57.96,38.96,"{""MLB4857637203"":200,""MLB5079124789"":200}",2026-09-05T01:02:55.346Z,"{""MLB4857637203"":38.96,""MLB5079124789"":38.96}","[{""department"":""shipping"",""cause_id"":4053,""code"":""shipping.lost_me1_by_user"",""message"":""User has not mode me1"",""references"":[""user.shipping_preferences.modes""]},{""department"":""shipping"",""cause_id"":4053,""code"":""shipping.lost_me1_by_user"",""message"":""User has not mode me1"",""references"":[""user.shipping_preferences.modes""]}]"
VTK012106,VTK012106|MLB7111713032,MLB7111713032,"[""MLB7111713032""]",59.76,40.44,"{""MLB7111713032"":200}",2026-09-05T01:02:56.153Z,"{""MLB7111713032"":40.44}","[{""department"":""shipping"",""cause_id"":4053,""code"":""shipping.lost_me1_by_user"",""message"":""User has not mode me1"",""references"":[""user.shipping_preferences.modes""]}]"
VTK017708,VTK017708|MLB32224655,MLB4981311917,"[""MLB4981311917"",""MLB4986120857""]",56.64,37.99,"{""MLB4981311917"":200,""MLB4986120857"":200}",2026-09-05T01:02:59.672Z,"{""MLB4981311917"":37.99,""MLB4986120857"":37.99}","[{""department"":""shipping"",""cause_id"":4053,""code"":""shipping.lost_me1_by_user"",""message"":""User has not mode me1"",""references"":[""user.shipping_preferences.modes""]},{""department"":""shipping"",""cause_id"":4053,""code"":""shipping.lost_me1_by_user"",""message"":""User has not mode me1"",""references"":[""user.shipping_preferences.modes""]}]"
VTK022016,VTK022016|MLB38302545,MLB4981312713,"[""MLB4981312713"",""MLB7320340216""]",59.28,38.88,"{""MLB4981312713"":200,""MLB7320340216"":200}",2026-09-05T01:03:03.005Z,"{""MLB4981312713"":38.88,""MLB7320340216"":38.88}","[{""department"":""shipping"",""cause_id"":4053,""code"":""shipping.lost_me1_by_user"",""message"":""User has not mode me1"",""references"":[""user.shipping_preferences.modes""]},{""department"":""shipping"",""cause_id"":4053,""code"":""shipping.lost_me1_by_user"",""message"":""User has not mode me1"",""references"":[""user.shipping_preferences.modes""]}]"
VTK001675,VTK001675|MLB4857624429,MLB4857624429,"[""MLB4857624429""]",60.23,40.98,"{""MLB4857624429"":200}",2026-09-05T01:03:03.907Z,"{""MLB4857624429"":40.98}","[{""department"":""shipping"",""cause_id"":4053,""code"":""shipping.lost_me1_by_user"",""message"":""User has not mode me1"",""references"":[""user.shipping_preferences.modes""]}]"
VTK000175,VTK000175|MLB4857624323,MLB4857624323,"[""MLB4857624323""]",60.48,41.26,"{""MLB4857624323"":200}",2026-09-05T01:03:04.610Z,"{""MLB4857624323"":41.26}","[{""department"":""shipping"",""cause_id"":4053,""code"":""shipping.lost_me1_by_user"",""message"":""User has not mode me1"",""references"":[""user.shipping_preferences.modes""]}]"
VTK017185,VTK017185|MLB4981504493,MLB4981504493,"[""MLB4981504493""]",56.99,37.55,"{""MLB4981504493"":200}",2026-09-05T01:03:05.348Z,"{""MLB4981504493"":37.55}","[{""department"":""shipping"",""cause_id"":4053,""code"":""shipping.lost_me1_by_user"",""message"":""User has not mode me1"",""references"":[""user.shipping_preferences.modes""]}]"
VTK012478,VTK012478|MLB28360869,MLB4857623631,"[""MLB4880591999"",""MLB4857623631""]",61.23,42.13,"{""MLB4857623631"":200,""MLB4880591999"":200}",2026-09-05T01:03:08.787Z,"{""MLB4880591999"":42.13,""MLB4857623631"":42.13}","[{""department"":""shipping"",""cause_id"":4053,""code"":""shipping.lost_me1_by_user"",""message"":""User has not mode me1"",""references"":[""user.shipping_preferences.modes""]},{""department"":""shipping"",""cause_id"":4053,""code"":""shipping.lost_me1_by_user"",""message"":""User has not mode me1"",""references"":[""user.shipping_preferences.modes""]}]"
VTK001860,VTK001860|MLB4877412775,MLB4877412775,"[""MLB4877412775""]",61.33,42.24,"{""MLB4877412775"":200}",2026-09-05T01:03:09.541Z,"{""MLB4877412775"":42.24}","[{""department"":""shipping"",""cause_id"":4053,""code"":""shipping.lost_me1_by_user"",""message"":""User has not mode me1"",""references"":[""user.shipping_preferences.modes""]}]"
VTK017193,VTK017193|MLB4937565215,MLB4937565215,"[""MLB4937565215""]",59.82,40.35,"{""MLB4937565215"":200}",2026-09-05T01:03:10.258Z,"{""MLB4937565215"":40.35}","[{""department"":""shipping"",""cause_id"":4053,""code"":""shipping.lost_me1_by_user"",""message"":""User has not mode me1"",""references"":[""user.shipping_preferences.modes""]}]"
VTK002227,VTK002227|MLB4857623595,MLB4857623595,"[""MLB4857623595""]",61.56,42.5,"{""MLB4857623595"":200}",2026-09-05T01:03:11.007Z,"{""MLB4857623595"":42.5}","[{""department"":""shipping"",""cause_id"":4053,""code"":""shipping.lost_me1_by_user"",""message"":""User has not mode me1"",""references"":[""user.shipping_preferences.modes""]}]"
VTK012476,VTK012476|MLB57293772,MLB7111713078,"[""MLB4880561195"",""MLB7111713078""]",61.74,43.09,"{""MLB7111713078"":200,""MLB4880561195"":200}",2026-09-05T01:03:14.526Z,"{""MLB4880561195"":43.09,""MLB7111713078"":43.09}","[{""department"":""shipping"",""cause_id"":4053,""code"":""shipping.lost_me1_by_user"",""message"":""User has not mode me1"",""references"":[""user.shipping_preferences.modes""]},{""department"":""shipping"",""cause_id"":4053,""code"":""shipping.lost_me1_by_user"",""message"":""User has not mode me1"",""references"":[""user.shipping_preferences.modes""]}]"
VTK001841,VTK001841|MLB4857624377,MLB4857624377,"[""MLB4857624377""]",61.95,42.95,"{""MLB4857624377"":200}",2026-09-05T01:03:15.288Z,"{""MLB4857624377"":42.95}","[{""department"":""shipping"",""cause_id"":4053,""code"":""shipping.lost_me1_by_user"",""message"":""User has not mode me1"",""references"":[""user.shipping_preferences.modes""]}]"
VTK001623,VTK001623|MLB4857636589,MLB4857636589,"[""MLB4857636589""]",62.09,43.1,"{""MLB4857636589"":200}",2026-09-05T01:03:16.030Z,"{""MLB4857636589"":43.1}","[{""department"":""shipping"",""cause_id"":4053,""code"":""shipping.lost_me1_by_user"",""message"":""User has not mode me1"",""references"":[""user.shipping_preferences.modes""]}]"
VTK002509,VTK002509|MLB4857624333,MLB4857624333,"[""MLB4857624333""]",62.22,43.26,"{""MLB4857624333"":200}",2026-09-05T01:03:16.723Z,"{""MLB4857624333"":43.26}","[{""department"":""shipping"",""cause_id"":4053,""code"":""shipping.lost_me1_by_user"",""message"":""User has not mode me1"",""references"":[""user.shipping_preferences.modes""]}]"
VTK000054,VTK000054|MLB54675306,MLB5050065065,"[""MLB5050065065"",""MLB7437026210""]",60.58,40.85,"{""MLB5050065065"":200,""MLB7437026210"":200}",2026-09-05T01:03:20.254Z,"{""MLB5050065065"":40.85,""MLB7437026210"":40.85}","[{""department"":""shipping"",""cause_id"":4053,""code"":""shipping.lost_me1_by_user"",""message"":""User has not mode me1"",""references"":[""user.shipping_preferences.modes""]},{""department"":""shipping"",""cause_id"":4053,""code"":""shipping.lost_me1_by_user"",""message"":""User has not mode me1"",""references"":[""user.shipping_preferences.modes""]}]"
VTK017608,VTK017608|MLB4981461191,MLB4981461191,"[""MLB4981461191""]",62.58,42.59,"{""MLB4981461191"":200}",2026-09-05T01:03:21.008Z,"{""MLB4981461191"":42.59}","[{""department"":""shipping"",""cause_id"":4053,""code"":""shipping.lost_me1_by_user"",""message"":""User has not mode me1"",""references"":[""user.shipping_preferences.modes""]}]"
VTK002099,VTK002099|MLB4857624313,MLB4857624313,"[""MLB4857624313""]",62.96,44.11,"{""MLB4857624313"":200}",2026-09-05T01:03:22.515Z,"{""MLB4857624313"":44.11}","[{""department"":""shipping"",""cause_id"":4053,""code"":""shipping.lost_me1_by_user"",""message"":""User has not mode me1"",""references"":[""user.shipping_preferences.modes""]}]"
VTK012532,VTK012532|MLB4857623587,MLB4857623587,"[""MLB4857623587""]",63.12,44.55,"{""MLB4857623587"":200}",2026-09-05T01:03:23.199Z,"{""MLB4857623587"":44.55}","[{""department"":""shipping"",""cause_id"":4053,""code"":""shipping.lost_me1_by_user"",""message"":""User has not mode me1"",""references"":[""user.shipping_preferences.modes""]}]"
VTK012402,VTK012402|MLB63263826,MLB4857623495,"[""MLB7149339258"",""MLB4857623495""]",63.13,44.56,"{""MLB4857623495"":200,""MLB7149339258"":200}",2026-09-05T01:03:26.603Z,"{""MLB7149339258"":44.56,""MLB4857623495"":44.56}","[{""department"":""shipping"",""cause_id"":4053,""code"":""shipping.lost_me1_by_user"",""message"":""User has not mode me1"",""references"":[""user.shipping_preferences.modes""]},{""department"":""shipping"",""cause_id"":4053,""code"":""shipping.lost_me1_by_user"",""message"":""User has not mode me1"",""references"":[""user.shipping_preferences.modes""]}]"
VTK004830,VTK004830|MLB74554980,MLB4857623581,"[""MLB4857623581"",""MLB7524753486""]",63.27,44.71,"{""MLB4857623581"":200,""MLB7524753486"":200}",2026-09-05T01:03:30.073Z,"{""MLB4857623581"":44.71,""MLB7524753486"":44.71}","[{""department"":""shipping"",""cause_id"":4053,""code"":""shipping.lost_me1_by_user"",""message"":""User has not mode me1"",""references"":[""user.shipping_preferences.modes""]},{""department"":""shipping"",""cause_id"":4053,""code"":""shipping.lost_me1_by_user"",""message"":""User has not mode me1"",""references"":[""user.shipping_preferences.modes""]}]"
VTK012480,VTK012480|MLB4857623523,MLB4857623523,"[""MLB4857623523""]",63.27,44.71,"{""MLB4857623523"":200}",2026-09-05T01:03:30.722Z,"{""MLB4857623523"":44.71}","[{""department"":""shipping"",""cause_id"":4053,""code"":""shipping.lost_me1_by_user"",""message"":""User has not mode me1"",""references"":[""user.shipping_preferences.modes""]}]"
VTK012575,VTK012575|MLB7111712262,MLB7111712262,"[""MLB7111712262""]",63.27,44.71,"{""MLB7111712262"":200}",2026-09-05T01:03:31.432Z,"{""MLB7111712262"":44.71}","[{""department"":""shipping"",""cause_id"":4053,""code"":""shipping.lost_me1_by_user"",""message"":""User has not mode me1"",""references"":[""user.shipping_preferences.modes""]}]"
VTK017267,VTK017267|MLB4981460951,MLB4981460951,"[""MLB4981460951""]",59.81,41.4,"{""MLB4981460951"":200}",2026-09-05T01:03:32.141Z,"{""MLB4981460951"":41.4}","[{""department"":""shipping"",""cause_id"":4053,""code"":""shipping.lost_me1_by_user"",""message"":""User has not mode me1"",""references"":[""user.shipping_preferences.modes""]}]"
VTK001640,VTK001640|MLB7111712174,MLB7111712174,"[""MLB7111712174""]",64.36,45.96,"{""MLB7111712174"":200}",2026-09-05T01:03:32.879Z,"{""MLB7111712174"":45.96}","[{""department"":""shipping"",""cause_id"":4053,""code"":""shipping.lost_me1_by_user"",""message"":""User has not mode me1"",""references"":[""user.shipping_preferences.modes""]}]"
VTK017269,VTK017269|MLB7331728308,MLB7331728308,"[""MLB7331728308""]",60.69,42.29,"{""MLB7331728308"":200}",2026-09-05T01:03:33.703Z,"{""MLB7331728308"":42.29}","[{""department"":""shipping"",""cause_id"":4053,""code"":""shipping.lost_me1_by_user"",""message"":""User has not mode me1"",""references"":[""user.shipping_preferences.modes""]}]"
VTK003173,VTK003173|MLB4857623663,MLB4857623663,"[""MLB4857623663""]",64.96,46.39,"{""MLB4857623663"":200}",2026-09-05T01:03:34.537Z,"{""MLB4857623663"":46.39}","[{""department"":""shipping"",""cause_id"":4053,""code"":""shipping.lost_me1_by_user"",""message"":""User has not mode me1"",""references"":[""user.shipping_preferences.modes""]}]"
VTK017173,VTK017173|MLB4966054577,MLB4966054577,"[""MLB4966054577""]",59.17,41,"{""MLB4966054577"":200}",2026-09-05T01:03:35.340Z,"{""MLB4966054577"":41}","[{""department"":""shipping"",""cause_id"":4053,""code"":""shipping.lost_me1_by_user"",""message"":""User has not mode me1"",""references"":[""user.shipping_preferences.modes""]}]"
VTK005703,VTK005703|MLB4857635847,MLB4857635847,"[""MLB4857635847""]",65.07,46.77,"{""MLB4857635847"":200}",2026-09-05T01:03:36.066Z,"{""MLB4857635847"":46.77}","[{""department"":""shipping"",""cause_id"":4053,""code"":""shipping.lost_me1_by_user"",""message"":""User has not mode me1"",""references"":[""user.shipping_preferences.modes""]}]"
VTK012044,VTK012044|MLB7111711972,MLB7111711972,"[""MLB7111711972""]",61.43,42.46,"{""MLB7111711972"":200}",2026-09-05T01:03:36.794Z,"{""MLB7111711972"":42.46}","[{""department"":""shipping"",""cause_id"":4053,""code"":""shipping.lost_me1_by_user"",""message"":""User has not mode me1"",""references"":[""user.shipping_preferences.modes""]}]"
VTK001490,VTK001490|MLB22319205,MLB4857635453,"[""MLB7149372564"",""MLB4857635453""]",61.83,44.87,"{""MLB4857635453"":200,""MLB7149372564"":200}",2026-09-05T01:03:40.102Z,"{""MLB7149372564"":44.87,""MLB4857635453"":44.87}","[{""department"":""shipping"",""cause_id"":4053,""code"":""shipping.lost_me1_by_user"",""message"":""User has not mode me1"",""references"":[""user.shipping_preferences.modes""]},{""department"":""shipping"",""cause_id"":4053,""code"":""shipping.lost_me1_by_user"",""message"":""User has not mode me1"",""references"":[""user.shipping_preferences.modes""]}]"
VTK017576,VTK017576|MLB54493374,MLB7239016738,"[""MLB7314820636"",""MLB7239016738""]",65.06,46.21,"{""MLB7239016738"":200,""MLB7314820636"":200}",2026-09-05T01:03:43.567Z,"{""MLB7314820636"":46.21,""MLB7239016738"":46.21}","[{""department"":""shipping"",""cause_id"":4053,""code"":""shipping.lost_me1_by_user"",""message"":""User has not mode me1"",""references"":[""user.shipping_preferences.modes""]},{""department"":""shipping"",""cause_id"":4053,""code"":""shipping.lost_me1_by_user"",""message"":""User has not mode me1"",""references"":[""user.shipping_preferences.modes""]}]"
VTK001621,VTK001621|MLB7111712014,MLB7111712014,"[""MLB7111712014""]",66.26,47.87,"{""MLB7111712014"":200}",2026-09-05T01:03:44.336Z,"{""MLB7111712014"":47.87}","[{""department"":""shipping"",""cause_id"":4053,""code"":""shipping.lost_me1_by_user"",""message"":""User has not mode me1"",""references"":[""user.shipping_preferences.modes""]}]"
VTK001628,VTK001628|MLB21618565,MLB4981289011,"[""MLB7317389682"",""MLB4981289011""]",61.9,41.91,"{""MLB4981289011"":200,""MLB7317389682"":200}",2026-09-05T01:03:47.807Z,"{""MLB7317389682"":41.91,""MLB4981289011"":41.91}","[{""department"":""shipping"",""cause_id"":4053,""code"":""shipping.lost_me1_by_user"",""message"":""User has not mode me1"",""references"":[""user.shipping_preferences.modes""]},{""department"":""shipping"",""cause_id"":4053,""code"":""shipping.lost_me1_by_user"",""message"":""User has not mode me1"",""references"":[""user.shipping_preferences.modes""]}]"
VTK002101,VTK002101|MLB4857623367,MLB4857623367,"[""MLB4857623367""]",66.56,48.22,"{""MLB4857623367"":200}",2026-09-05T01:03:48.556Z,"{""MLB4857623367"":48.22}","[{""department"":""shipping"",""cause_id"":4053,""code"":""shipping.lost_me1_by_user"",""message"":""User has not mode me1"",""references"":[""user.shipping_preferences.modes""]}]"
VTK018376,VTK018376|MLB27679084,MLB7285954282,"[""MLB4971945165"",""MLB7285954282""]",67.59,48.56,"{""MLB7285954282"":200,""MLB4971945165"":200}",2026-09-05T01:03:52.302Z,"{""MLB4971945165"":48.56,""MLB7285954282"":48.56}","[{""department"":""shipping"",""cause_id"":4053,""code"":""shipping.lost_me1_by_user"",""message"":""User has not mode me1"",""references"":[""user.shipping_preferences.modes""]},{""department"":""shipping"",""cause_id"":4053,""code"":""shipping.lost_me1_by_user"",""message"":""User has not mode me1"",""references"":[""user.shipping_preferences.modes""]}]"
VTK012076,VTK012076|MLB19605921,MLB7111710088,"[""MLB7111710088"",""MLB4880579793""]",67.35,47.02,"{""MLB7111710088"":200,""MLB4880579793"":200}",2026-09-05T01:03:55.736Z,"{""MLB7111710088"":47.02,""MLB4880579793"":47.02}","[{""department"":""shipping"",""cause_id"":4053,""code"":""shipping.lost_me1_by_user"",""message"":""User has not mode me1"",""references"":[""user.shipping_preferences.modes""]},{""department"":""shipping"",""cause_id"":4053,""code"":""shipping.lost_me1_by_user"",""message"":""User has not mode me1"",""references"":[""user.shipping_preferences.modes""]}]"
VTK012331,VTK012331|MLB7111714826,MLB7111714826,"[""MLB7111714826""]",22,14.55,"{""MLB7111714826"":200}",2026-09-05T01:03:56.404Z,"{""MLB7111714826"":14.55}","[{""department"":""shipping"",""cause_id"":4053,""code"":""shipping.lost_me1_by_user"",""message"":""User has not mode me1"",""references"":[""user.shipping_preferences.modes""]},{""department"":""shipping"",""cause_id"":4033,""code"":""shipping.free_shipping.cost_exceeded"",""message"":""Free shipping costs exceeds sale"",""references"":[""item.prices""]}]"
VTK018063,VTK018063|MLB36263019,MLB7238972410,"[""MLB4942182601"",""MLB7238972410""]",66.55,47.94,"{""MLB7238972410"":200,""MLB4942182601"":200}",2026-09-05T01:03:59.658Z,"{""MLB4942182601"":47.94,""MLB7238972410"":47.94}","[{""department"":""shipping"",""cause_id"":4053,""code"":""shipping.lost_me1_by_user"",""message"":""User has not mode me1"",""references"":[""user.shipping_preferences.modes""]},{""department"":""shipping"",""cause_id"":4053,""code"":""shipping.lost_me1_by_user"",""message"":""User has not mode me1"",""references"":[""user.shipping_preferences.modes""]}]"
VTK018502,VTK018502|MLB4981360557,MLB4981360557,"[""MLB4981360557""]",60.69,43.23,"{""MLB4981360557"":200}",2026-09-05T01:04:00.608Z,"{""MLB4981360557"":43.23}","[{""department"":""shipping"",""cause_id"":4053,""code"":""shipping.lost_me1_by_user"",""message"":""User has not mode me1"",""references"":[""user.shipping_preferences.modes""]}]"
VTK018264,VTK018264|MLB7332135346,MLB7332135346,"[""MLB7332135346""]",63.15,45.41,"{""MLB7332135346"":200}",2026-09-05T01:04:01.363Z,"{""MLB7332135346"":45.41}","[{""department"":""shipping"",""cause_id"":4053,""code"":""shipping.lost_me1_by_user"",""message"":""User has not mode me1"",""references"":[""user.shipping_preferences.modes""]}]"
VTK017224,VTK017224|MLB65281622,MLB7239023028,"[""MLB5034096127"",""MLB7239023028""]",64.62,46.66,"{""MLB7239023028"":200,""MLB5034096127"":200}",2026-09-05T01:04:04.763Z,"{""MLB5034096127"":46.66,""MLB7239023028"":46.66}","[{""department"":""shipping"",""cause_id"":4053,""code"":""shipping.lost_me1_by_user"",""message"":""User has not mode me1"",""references"":[""user.shipping_preferences.modes""]},{""department"":""shipping"",""cause_id"":4053,""code"":""shipping.lost_me1_by_user"",""message"":""User has not mode me1"",""references"":[""user.shipping_preferences.modes""]}]"
VTK004143,VTK004143|MLB4857635323,MLB4857635323,"[""MLB4857635323""]",68.56,50.51,"{""MLB4857635323"":200}",2026-09-05T01:04:05.690Z,"{""MLB4857635323"":50.51}","[{""department"":""shipping"",""cause_id"":4053,""code"":""shipping.lost_me1_by_user"",""message"":""User has not mode me1"",""references"":[""user.shipping_preferences.modes""]}]"
VTK002207,VTK002207|MLB23218281,MLB7111710058,"[""MLB4880579833"",""MLB7111710058""]",68.6,50.55,"{""MLB7111710058"":200,""MLB4880579833"":200}",2026-09-05T01:04:09.149Z,"{""MLB4880579833"":50.55,""MLB7111710058"":50.55}","[{""department"":""shipping"",""cause_id"":4053,""code"":""shipping.lost_me1_by_user"",""message"":""User has not mode me1"",""references"":[""user.shipping_preferences.modes""]},{""department"":""shipping"",""cause_id"":4053,""code"":""shipping.lost_me1_by_user"",""message"":""User has not mode me1"",""references"":[""user.shipping_preferences.modes""]}]"
VTK000016,VTK000016|MLB4937561455,MLB4937561455,"[""MLB4937561455""]",64.42,46.24,"{""MLB4937561455"":200}",2026-09-05T01:04:10.119Z,"{""MLB4937561455"":46.24}","[{""department"":""shipping"",""cause_id"":4053,""code"":""shipping.lost_me1_by_user"",""message"":""User has not mode me1"",""references"":[""user.shipping_preferences.modes""]}]"
VTK017346,VTK017346|MLB4994951319,MLB4994951319,"[""MLB4994951319""]",68.67,49.69,"{""MLB4994951319"":200}",2026-09-05T01:04:10.995Z,"{""MLB4994951319"":49.69}","[{""department"":""shipping"",""cause_id"":4053,""code"":""shipping.lost_me1_by_user"",""message"":""User has not mode me1"",""references"":[""user.shipping_preferences.modes""]}]"
VTK012309,VTK012309|MLB19546567,MLB7111649116,"[""MLB7111649116"",""MLB7149333170""]",65.43,46.31,"{""MLB7111649116"":200,""MLB7149333170"":200}",2026-09-05T01:04:19.915Z,"{""MLB7111649116"":46.31,""MLB7149333170"":46.31}","[{""department"":""shipping"",""cause_id"":4053,""code"":""shipping.lost_me1_by_user"",""message"":""User has not mode me1"",""references"":[""user.shipping_preferences.modes""]},{""department"":""shipping"",""cause_id"":4053,""code"":""shipping.lost_me1_by_user"",""message"":""User has not mode me1"",""references"":[""user.shipping_preferences.modes""]}]"
VTK000317,VTK000317|MLB7111652126,MLB7111652126,"[""MLB7111652126""]",69.84,51.97,"{""MLB7111652126"":200}",2026-09-05T01:04:20.883Z,"{""MLB7111652126"":51.97}","[{""department"":""shipping"",""cause_id"":4053,""code"":""shipping.lost_me1_by_user"",""message"":""User has not mode me1"",""references"":[""user.shipping_preferences.modes""]}]"
VTK000462,VTK000462|MLB4981359145,MLB4981359145,"[""MLB4981359145""]",62.63,45.49,"{""MLB4981359145"":200}",2026-09-05T01:04:21.800Z,"{""MLB4981359145"":45.49}","[{""department"":""shipping"",""cause_id"":4053,""code"":""shipping.lost_me1_by_user"",""message"":""User has not mode me1"",""references"":[""user.shipping_preferences.modes""]}]"
VTK001438,VTK001438|MLB21441961,MLB4857635177,"[""MLB4882855471"",""MLB4857635177""]",67.96,51.02,"{""MLB4857635177"":200,""MLB4882855471"":200}",2026-09-05T01:04:25.441Z,"{""MLB4882855471"":51.02,""MLB4857635177"":51.02}","[{""department"":""shipping"",""cause_id"":4053,""code"":""shipping.lost_me1_by_user"",""message"":""User has not mode me1"",""references"":[""user.shipping_preferences.modes""]},{""department"":""shipping"",""cause_id"":4053,""code"":""shipping.lost_me1_by_user"",""message"":""User has not mode me1"",""references"":[""user.shipping_preferences.modes""]}]"
VTK002225,VTK002225|MLB7111664056,MLB7111664056,"[""MLB7111664056""]",70.13,52.31,"{""MLB7111664056"":200}",2026-09-05T01:04:26.358Z,"{""MLB7111664056"":52.31}","[{""department"":""shipping"",""cause_id"":4053,""code"":""shipping.lost_me1_by_user"",""message"":""User has not mode me1"",""references"":[""user.shipping_preferences.modes""]}]"
VTK012373,VTK012373|MLB4857635077,MLB4857635077,"[""MLB4857635077""]",70.23,52.78,"{""MLB4857635077"":200}",2026-09-05T01:04:27.220Z,"{""MLB4857635077"":52.78}","[{""department"":""shipping"",""cause_id"":4053,""code"":""shipping.lost_me1_by_user"",""message"":""User has not mode me1"",""references"":[""user.shipping_preferences.modes""]}]"
VTK012529,VTK012529|MLB44377216,MLB4857622071,"[""MLB4880632409"",""MLB4857622071""]",70.44,53.02,"{""MLB4857622071"":200,""MLB4880632409"":200}",2026-09-05T01:04:30.915Z,"{""MLB4880632409"":53.02,""MLB4857622071"":53.02}","[{""department"":""shipping"",""cause_id"":4053,""code"":""shipping.lost_me1_by_user"",""message"":""User has not mode me1"",""references"":[""user.shipping_preferences.modes""]},{""department"":""shipping"",""cause_id"":4053,""code"":""shipping.lost_me1_by_user"",""message"":""User has not mode me1"",""references"":[""user.shipping_preferences.modes""]}]"
VTK012548,VTK012548|MLB39188360,MLB7111710862,"[""MLB4880579543"",""MLB7111710862""]",70.44,53.02,"{""MLB7111710862"":200,""MLB4880579543"":200}",2026-09-05T01:04:34.668Z,"{""MLB4880579543"":53.02,""MLB7111710862"":53.02}","[{""department"":""shipping"",""cause_id"":4053,""code"":""shipping.lost_me1_by_user"",""message"":""User has not mode me1"",""references"":[""user.shipping_preferences.modes""]},{""department"":""shipping"",""cause_id"":4053,""code"":""shipping.lost_me1_by_user"",""message"":""User has not mode me1"",""references"":[""user.shipping_preferences.modes""]}]"
VTK001408,VTK001408|MLB4857635189,MLB4857635189,"[""MLB4857635189""]",68.68,51.84,"{""MLB4857635189"":200}",2026-09-05T01:04:35.709Z,"{""MLB4857635189"":51.84}","[{""department"":""shipping"",""cause_id"":4053,""code"":""shipping.lost_me1_by_user"",""message"":""User has not mode me1"",""references"":[""user.shipping_preferences.modes""]}]"
VTK012810,VTK012810|MLB44380576,MLB4857634579,"[""MLB4857634579"",""MLB4880591321""]",71.74,54.5,"{""MLB4857634579"":200,""MLB4880591321"":200}",2026-09-05T01:04:39.402Z,"{""MLB4857634579"":54.5,""MLB4880591321"":54.5}","[{""department"":""shipping"",""cause_id"":4053,""code"":""shipping.lost_me1_by_user"",""message"":""User has not mode me1"",""references"":[""user.shipping_preferences.modes""]},{""department"":""shipping"",""cause_id"":4053,""code"":""shipping.lost_me1_by_user"",""message"":""User has not mode me1"",""references"":[""user.shipping_preferences.modes""]}]"
VTK000019,VTK000019|MLB66334588,MLB7111664762,"[""MLB4880581499"",""MLB7111664762""]",67.28,51.15,"{""MLB7111664762"":200,""MLB4880581499"":200}",2026-09-05T01:04:42.998Z,"{""MLB4880581499"":51.15,""MLB7111664762"":51.15}","[{""department"":""shipping"",""cause_id"":4053,""code"":""shipping.lost_me1_by_user"",""message"":""User has not mode me1"",""references"":[""user.shipping_preferences.modes""]},{""department"":""shipping"",""cause_id"":4053,""code"":""shipping.lost_me1_by_user"",""message"":""User has not mode me1"",""references"":[""user.shipping_preferences.modes""]}]"
VTK012115,VTK012115|MLB26003341,MLB4857621823,"[""MLB4857621823"",""MLB7330115638""]",67.37,50.68,"{""MLB4857621823"":200,""MLB7330115638"":200}",2026-09-05T01:04:46.465Z,"{""MLB4857621823"":50.68,""MLB7330115638"":50.68}","[{""department"":""shipping"",""cause_id"":4053,""code"":""shipping.lost_me1_by_user"",""message"":""User has not mode me1"",""references"":[""user.shipping_preferences.modes""]},{""department"":""shipping"",""cause_id"":4053,""code"":""shipping.lost_me1_by_user"",""message"":""User has not mode me1"",""references"":[""user.shipping_preferences.modes""]}]"
VTK012098,VTK012098|MLB66065494,MLB7111710226,"[""MLB7111710226"",""MLB7316881074""]",67.44,50.77,"{""MLB7111710226"":200,""MLB7316881074"":200}",2026-09-05T01:04:49.748Z,"{""MLB7111710226"":50.77,""MLB7316881074"":50.77}","[{""department"":""shipping"",""cause_id"":4053,""code"":""shipping.lost_me1_by_user"",""message"":""User has not mode me1"",""references"":[""user.shipping_preferences.modes""]},{""department"":""shipping"",""cause_id"":4053,""code"":""shipping.lost_me1_by_user"",""message"":""User has not mode me1"",""references"":[""user.shipping_preferences.modes""]}]"
VTK017592,VTK017592|MLB34493962,MLB4966000715,"[""MLB4966000715"",""MLB4971984035""]",64.31,47.95,"{""MLB4966000715"":200,""MLB4971984035"":200}",2026-09-05T01:04:53.085Z,"{""MLB4966000715"":47.95,""MLB4971984035"":47.95}","[{""department"":""shipping"",""cause_id"":4053,""code"":""shipping.lost_me1_by_user"",""message"":""User has not mode me1"",""references"":[""user.shipping_preferences.modes""]},{""department"":""shipping"",""cause_id"":4053,""code"":""shipping.lost_me1_by_user"",""message"":""User has not mode me1"",""references"":[""user.shipping_preferences.modes""]}]"
VTK017162,VTK017162|MLB22546817,MLB4937549367,"[""MLB4942205527"",""MLB4937549367""]",70.7,52.5,"{""MLB4937549367"":200,""MLB4942205527"":200}",2026-09-05T01:04:56.589Z,"{""MLB4942205527"":52.5,""MLB4937549367"":52.5}","[{""department"":""shipping"",""cause_id"":4053,""code"":""shipping.lost_me1_by_user"",""message"":""User has not mode me1"",""references"":[""user.shipping_preferences.modes""]},{""department"":""shipping"",""cause_id"":4053,""code"":""shipping.lost_me1_by_user"",""message"":""User has not mode me1"",""references"":[""user.shipping_preferences.modes""]}]"
VTK012657,VTK012657|MLB36208220,MLB4857622009,"[""MLB4857622009"",""MLB7149405114""]",72.44,55.3,"{""MLB4857622009"":200,""MLB7149405114"":200}",2026-09-05T01:05:00.043Z,"{""MLB4857622009"":55.3,""MLB7149405114"":55.3}","[{""department"":""shipping"",""cause_id"":4053,""code"":""shipping.lost_me1_by_user"",""message"":""User has not mode me1"",""references"":[""user.shipping_preferences.modes""]},{""department"":""shipping"",""cause_id"":4053,""code"":""shipping.lost_me1_by_user"",""message"":""User has not mode me1"",""references"":[""user.shipping_preferences.modes""]}]"
VTK018385,VTK018385|MLB7332100906,MLB7332100906,"[""MLB7332100906""]",66.95,49.99,"{""MLB7332100906"":200}",2026-09-05T01:05:00.799Z,"{""MLB7332100906"":49.99}","[{""department"":""shipping"",""cause_id"":4053,""code"":""shipping.lost_me1_by_user"",""message"":""User has not mode me1"",""references"":[""user.shipping_preferences.modes""]}]"
VTK001491,VTK001491|MLB23275555,MLB4981311011,"[""MLB4981311011"",""MLB4987968089""]",68.24,51.09,"{""MLB4981311011"":200,""MLB4987968089"":200}",2026-09-05T01:05:04.152Z,"{""MLB4981311011"":51.09,""MLB4987968089"":51.09}","[{""department"":""shipping"",""cause_id"":4053,""code"":""shipping.lost_me1_by_user"",""message"":""User has not mode me1"",""references"":[""user.shipping_preferences.modes""]},{""department"":""shipping"",""cause_id"":4053,""code"":""shipping.lost_me1_by_user"",""message"":""User has not mode me1"",""references"":[""user.shipping_preferences.modes""]}]"
VTK012908,VTK012908|MLB21714902,MLB7239018872,"[""MLB4987964023"",""MLB7239018872""]",74.65,55.93,"{""MLB7239018872"":200,""MLB4987964023"":200}",2026-09-05T01:05:07.530Z,"{""MLB4987964023"":55.93,""MLB7239018872"":55.93}","[{""department"":""shipping"",""cause_id"":4053,""code"":""shipping.lost_me1_by_user"",""message"":""User has not mode me1"",""references"":[""user.shipping_preferences.modes""]},{""department"":""shipping"",""cause_id"":4053,""code"":""shipping.lost_me1_by_user"",""message"":""User has not mode me1"",""references"":[""user.shipping_preferences.modes""]}]"
VTK017239,VTK017239|MLB23048734,MLB7239021514,"[""MLB7391077978"",""MLB7239021514""]",70.88,53.29,"{""MLB7239021514"":200,""MLB7391077978"":200}",2026-09-05T01:05:11.005Z,"{""MLB7391077978"":53.29,""MLB7239021514"":53.29}","[{""department"":""shipping"",""cause_id"":4053,""code"":""shipping.lost_me1_by_user"",""message"":""User has not mode me1"",""references"":[""user.shipping_preferences.modes""]},{""department"":""shipping"",""cause_id"":4053,""code"":""shipping.lost_me1_by_user"",""message"":""User has not mode me1"",""references"":[""user.shipping_preferences.modes""]}]"
VTK012680,VTK012680|MLB39282016,MLB4857622743,"[""MLB7391077700"",""MLB4857622743""]",73.68,56.71,"{""MLB4857622743"":200,""MLB7391077700"":200}",2026-09-05T01:05:14.513Z,"{""MLB7391077700"":56.71,""MLB4857622743"":56.71}","[{""department"":""shipping"",""cause_id"":4053,""code"":""shipping.lost_me1_by_user"",""message"":""User has not mode me1"",""references"":[""user.shipping_preferences.modes""]},{""department"":""shipping"",""cause_id"":4053,""code"":""shipping.lost_me1_by_user"",""message"":""User has not mode me1"",""references"":[""user.shipping_preferences.modes""]}]"
VTK012620,VTK012620|MLB7111711526,MLB7111711526,"[""MLB7111711526""]",73.89,56.6,"{""MLB7111711526"":200}",2026-09-05T01:05:15.328Z,"{""MLB7111711526"":56.6}","[{""department"":""shipping"",""cause_id"":4053,""code"":""shipping.lost_me1_by_user"",""message"":""User has not mode me1"",""references"":[""user.shipping_preferences.modes""]}]"
VTK000275,VTK000275|MLB23666530,MLB7238889146,"[""MLB7238889146"",""MLB4942204851""]",73.53,55.09,"{""MLB7238889146"":200,""MLB4942204851"":200}",2026-09-05T01:05:18.896Z,"{""MLB7238889146"":55.09,""MLB4942204851"":55.09}","[{""department"":""shipping"",""cause_id"":4053,""code"":""shipping.lost_me1_by_user"",""message"":""User has not mode me1"",""references"":[""user.shipping_preferences.modes""]},{""department"":""shipping"",""cause_id"":4053,""code"":""shipping.lost_me1_by_user"",""message"":""User has not mode me1"",""references"":[""user.shipping_preferences.modes""]}]"
VTK017819,VTK017819|MLB4981461981,MLB4981461981,"[""MLB4981461981""]",66.14,49.84,"{""MLB4981461981"":200}",2026-09-05T01:05:19.701Z,"{""MLB4981461981"":49.84}","[{""department"":""shipping"",""cause_id"":4053,""code"":""shipping.lost_me1_by_user"",""message"":""User has not mode me1"",""references"":[""user.shipping_preferences.modes""]}]"
VTK000008,VTK000008|MLB7111664504,MLB7111664504,"[""MLB7111664504""]",74.17,56.92,"{""MLB7111664504"":200}",2026-09-05T01:05:20.599Z,"{""MLB7111664504"":56.92}","[{""department"":""shipping"",""cause_id"":4053,""code"":""shipping.lost_me1_by_user"",""message"":""User has not mode me1"",""references"":[""user.shipping_preferences.modes""]}]"
VTK012153,VTK012153|MLB22707352,MLB7111664722,"[""MLB7111664722"",""MLB7330398336""]",74.33,57.1,"{""MLB7111664722"":200,""MLB7330398336"":200}",2026-09-05T01:05:24.333Z,"{""MLB7111664722"":57.1,""MLB7330398336"":57.1}","[{""department"":""shipping"",""cause_id"":4053,""code"":""shipping.lost_me1_by_user"",""message"":""User has not mode me1"",""references"":[""user.shipping_preferences.modes""]},{""department"":""shipping"",""cause_id"":4053,""code"":""shipping.lost_me1_by_user"",""message"":""User has not mode me1"",""references"":[""user.shipping_preferences.modes""]}]"
VTK017347,VTK017347|MLB28470439,MLB7311573318,"[""MLB7314819908"",""MLB7311573318""]",73.86,55.75,"{""MLB7311573318"":200,""MLB7314819908"":200}",2026-09-05T01:05:28.106Z,"{""MLB7314819908"":55.75,""MLB7311573318"":55.75}","[{""department"":""shipping"",""cause_id"":4053,""code"":""shipping.lost_me1_by_user"",""message"":""User has not mode me1"",""references"":[""user.shipping_preferences.modes""]},{""department"":""shipping"",""cause_id"":4053,""code"":""shipping.lost_me1_by_user"",""message"":""User has not mode me1"",""references"":[""user.shipping_preferences.modes""]}]"
VTK018384,VTK018384|MLB22770488,MLB7239001698,"[""MLB4942204541"",""MLB7239001698""]",73.13,55.47,"{""MLB7239001698"":200,""MLB4942204541"":200}",2026-09-05T01:05:31.727Z,"{""MLB4942204541"":55.47,""MLB7239001698"":55.47}","[{""department"":""shipping"",""cause_id"":4053,""code"":""shipping.lost_me1_by_user"",""message"":""User has not mode me1"",""references"":[""user.shipping_preferences.modes""]},{""department"":""shipping"",""cause_id"":4053,""code"":""shipping.lost_me1_by_user"",""message"":""User has not mode me1"",""references"":[""user.shipping_preferences.modes""]}]"
VTK017350,VTK017350|MLB7331797296,MLB7331797296,"[""MLB7331797296""]",69.29,52.39,"{""MLB7331797296"":200}",2026-09-05T01:05:32.716Z,"{""MLB7331797296"":52.39}","[{""department"":""shipping"",""cause_id"":4053,""code"":""shipping.lost_me1_by_user"",""message"":""User has not mode me1"",""references"":[""user.shipping_preferences.modes""]}]"
VTK012430,VTK012430|MLB7111650940,MLB7111650940,"[""MLB7111650940""]",75.79,58.78,"{""MLB7111650940"":200}",2026-09-05T01:05:33.787Z,"{""MLB7111650940"":58.78}","[{""department"":""shipping"",""cause_id"":4053,""code"":""shipping.lost_me1_by_user"",""message"":""User has not mode me1"",""references"":[""user.shipping_preferences.modes""]}]"
VTK003286,VTK003286|MLB7111664044,MLB7111664044,"[""MLB7111664044""]",76.13,59.17,"{""MLB7111664044"":200}",2026-09-05T01:05:34.663Z,"{""MLB7111664044"":59.17}","[{""department"":""shipping"",""cause_id"":4053,""code"":""shipping.lost_me1_by_user"",""message"":""User has not mode me1"",""references"":[""user.shipping_preferences.modes""]}]"
VTK017342,VTK017342|MLB7331797086,MLB7331797086,"[""MLB7331797086""]",71.32,54.55,"{""MLB7331797086"":200}",2026-09-05T01:05:35.640Z,"{""MLB7331797086"":54.55}","[{""department"":""shipping"",""cause_id"":4053,""code"":""shipping.lost_me1_by_user"",""message"":""User has not mode me1"",""references"":[""user.shipping_preferences.modes""]}]"
VTK012169,VTK012169|MLB23198670,MLB7111652398,"[""MLB7316880226"",""MLB7111652398""]",72.2,56.28,"{""MLB7111652398"":200,""MLB7316880226"":200}",2026-09-05T01:05:39.859Z,"{""MLB7316880226"":56.28,""MLB7111652398"":56.28}","[{""department"":""shipping"",""cause_id"":4053,""code"":""shipping.lost_me1_by_user"",""message"":""User has not mode me1"",""references"":[""user.shipping_preferences.modes""]},{""department"":""shipping"",""cause_id"":4053,""code"":""shipping.lost_me1_by_user"",""message"":""User has not mode me1"",""references"":[""user.shipping_preferences.modes""]}]"
VTK009830,VTK009830|MLB4800980893,MLB4800980893,"[""MLB4800980893""]",3064.09,2681.98,"{""MLB4800980893"":200}",2026-09-05T01:05:40.983Z,"{""MLB4800980893"":2681.98}","[{""department"":""shipping"",""cause_id"":4053,""code"":""shipping.lost_me1_by_user"",""message"":""User has not mode me1"",""references"":[""user.shipping_preferences.modes""]}]"
VTK005799,VTK005799|MLB7111708294,MLB7111708294,"[""MLB7111708294""]",77.83,61.1,"{""MLB7111708294"":200}",2026-09-05T01:05:42.180Z,"{""MLB7111708294"":61.1}","[{""department"":""shipping"",""cause_id"":4053,""code"":""shipping.lost_me1_by_user"",""message"":""User has not mode me1"",""references"":[""user.shipping_preferences.modes""]}]"
VTK017317,VTK017317|MLB4981496075,MLB4981496075,"[""MLB4981496075""]",73.26,56.57,"{""MLB4981496075"":200}",2026-09-05T01:05:43.096Z,"{""MLB4981496075"":56.57}","[{""department"":""shipping"",""cause_id"":4053,""code"":""shipping.lost_me1_by_user"",""message"":""User has not mode me1"",""references"":[""user.shipping_preferences.modes""]}]"
VTK003160,VTK003160|MLB7111709792,MLB7111709792,"[""MLB7111709792""]",78.76,62.16,"{""MLB7111709792"":200}",2026-09-05T01:05:44.061Z,"{""MLB7111709792"":62.16}","[{""department"":""shipping"",""cause_id"":4053,""code"":""shipping.lost_me1_by_user"",""message"":""User has not mode me1"",""references"":[""user.shipping_preferences.modes""]}]"
VTK002189,VTK002189|MLB7111707350,MLB7111707350,"[""MLB7111707350""]",78.79,62.21,"{""MLB7111707350"":200}",2026-09-05T01:05:44.982Z,"{""MLB7111707350"":62.21}","[{""department"":""shipping"",""cause_id"":4053,""code"":""shipping.lost_me1_by_user"",""message"":""User has not mode me1"",""references"":[""user.shipping_preferences.modes""]}]"
VTK023354,VTK023354|MLB39642690,MLB7332781300,"[""MLB7332781300"",""MLB5005540513""]",70.49,54.86,"{""MLB7332781300"":200,""MLB5005540513"":200}",2026-09-05T01:05:48.863Z,"{""MLB7332781300"":54.86,""MLB5005540513"":54.86}","[{""department"":""shipping"",""cause_id"":4053,""code"":""shipping.lost_me1_by_user"",""message"":""User has not mode me1"",""references"":[""user.shipping_preferences.modes""]},{""department"":""shipping"",""cause_id"":4053,""code"":""shipping.lost_me1_by_user"",""message"":""User has not mode me1"",""references"":[""user.shipping_preferences.modes""]}]"
VTK012535,VTK012535|MLB62818650,MLB4857622923,"[""MLB4857622923"",""MLB7313979402""]",77.08,59.88,"{""MLB4857622923"":200,""MLB7313979402"":200}",2026-09-05T01:05:52.536Z,"{""MLB4857622923"":59.88,""MLB7313979402"":59.88}","[{""department"":""shipping"",""cause_id"":4053,""code"":""shipping.lost_me1_by_user"",""message"":""User has not mode me1"",""references"":[""user.shipping_preferences.modes""]},{""department"":""shipping"",""cause_id"":4053,""code"":""shipping.lost_me1_by_user"",""message"":""User has not mode me1"",""references"":[""user.shipping_preferences.modes""]}]"
VTK012085,VTK012085|MLB47703265,MLB7111651766,"[""MLB7111651766"",""MLB4988012017""]",75.3,59.61,"{""MLB7111651766"":200,""MLB4988012017"":200}",2026-09-05T01:05:56.245Z,"{""MLB7111651766"":59.61,""MLB4988012017"":59.61}","[{""department"":""shipping"",""cause_id"":4053,""code"":""shipping.lost_me1_by_user"",""message"":""User has not mode me1"",""references"":[""user.shipping_preferences.modes""]},{""department"":""shipping"",""cause_id"":4053,""code"":""shipping.lost_me1_by_user"",""message"":""User has not mode me1"",""references"":[""user.shipping_preferences.modes""]}]"
VTK018828,VTK018828|MLB7332789378,MLB7332789378,"[""MLB7332789378""]",69.73,54.49,"{""MLB7332789378"":200}",2026-09-05T01:05:57.110Z,"{""MLB7332789378"":54.49}","[{""department"":""shipping"",""cause_id"":4053,""code"":""shipping.lost_me1_by_user"",""message"":""User has not mode me1"",""references"":[""user.shipping_preferences.modes""]}]"
VTK018874,VTK018874|MLB7332777004,MLB7332777004,"[""MLB7332777004""]",461.91,381.82,"{""MLB7332777004"":200}",2026-09-05T01:05:57.933Z,"{""MLB7332777004"":381.82}","[{""department"":""shipping"",""cause_id"":4053,""code"":""shipping.lost_me1_by_user"",""message"":""User has not mode me1"",""references"":[""user.shipping_preferences.modes""]}]"
VTK018282,VTK018282|MLB7331798958,MLB7331798958,"[""MLB7331798958""]",379.33,310.66,"{""MLB7331798958"":200}",2026-09-05T01:05:58.711Z,"{""MLB7331798958"":310.66}","[{""department"":""shipping"",""cause_id"":4053,""code"":""shipping.lost_me1_by_user"",""message"":""User has not mode me1"",""references"":[""user.shipping_preferences.modes""]}]"
VTK018421,VTK018421|MLB7332787672,MLB7332787672,"[""MLB7332787672""]",421.89,346.73,"{""MLB7332787672"":200}",2026-09-05T01:05:59.505Z,"{""MLB7332787672"":346.73}","[{""department"":""shipping"",""cause_id"":4053,""code"":""shipping.lost_me1_by_user"",""message"":""User has not mode me1"",""references"":[""user.shipping_preferences.modes""]}]"
VTK017892,VTK017892|MLB7332096712,MLB7332096712,"[""MLB7332096712""]",346.06,283.51,"{""MLB7332096712"":200}",2026-09-05T01:06:00.327Z,"{""MLB7332096712"":283.51}","[{""department"":""shipping"",""cause_id"":4053,""code"":""shipping.lost_me1_by_user"",""message"":""User has not mode me1"",""references"":[""user.shipping_preferences.modes""]}]"
VTK013012,VTK013012|MLB27121200,MLB7227857914,"[""MLB7330395094"",""MLB7227857914""]",338.31,277.19,"{""MLB7227857914"":200,""MLB7330395094"":200}",2026-09-05T01:06:04.155Z,"{""MLB7330395094"":277.19,""MLB7227857914"":277.19}","[{""department"":""shipping"",""cause_id"":4053,""code"":""shipping.lost_me1_by_user"",""message"":""User has not mode me1"",""references"":[""user.shipping_preferences.modes""]},{""department"":""shipping"",""cause_id"":4053,""code"":""shipping.lost_me1_by_user"",""message"":""User has not mode me1"",""references"":[""user.shipping_preferences.modes""]}]"
VTK012035,VTK012035|MLB7145207436,MLB7145207436,"[""MLB7145207436""]",324.82,268.96,"{""MLB7145207436"":200}",2026-09-05T01:06:05.041Z,"{""MLB7145207436"":268.96}","[{""department"":""shipping"",""cause_id"":4053,""code"":""shipping.lost_me1_by_user"",""message"":""User has not mode me1"",""references"":[""user.shipping_preferences.modes""]}]"
VTK000086,VTK000086|MLB15233409,MLB7111709552,"[""MLB7111709552"",""MLB7149327760""]",75.36,60.17,"{""MLB7111709552"":200,""MLB7149327760"":200}",2026-09-05T01:06:08.882Z,"{""MLB7111709552"":60.17,""MLB7149327760"":60.17}","[{""department"":""shipping"",""cause_id"":4053,""code"":""shipping.lost_me1_by_user"",""message"":""User has not mode me1"",""references"":[""user.shipping_preferences.modes""]},{""department"":""shipping"",""cause_id"":4053,""code"":""shipping.lost_me1_by_user"",""message"":""User has not mode me1"",""references"":[""user.shipping_preferences.modes""]}]"
VTK019104,VTK019104|MLB38739305,MLB7332777862,"[""MLB5005542765"",""MLB7332777862""]",198.75,155.81,"{""MLB7332777862"":200,""MLB5005542765"":200}",2026-09-05T01:06:12.730Z,"{""MLB5005542765"":155.81,""MLB7332777862"":155.81}","[{""department"":""shipping"",""cause_id"":4053,""code"":""shipping.lost_me1_by_user"",""message"":""User has not mode me1"",""references"":[""user.shipping_preferences.modes""]},{""department"":""shipping"",""cause_id"":4053,""code"":""shipping.lost_me1_by_user"",""message"":""User has not mode me1"",""references"":[""user.shipping_preferences.modes""]}]"
VTK018388,VTK018388|MLB4995166689,MLB4995166689,"[""MLB4995166689""]",191.7,152.65,"{""MLB4995166689"":200}",2026-09-05T01:06:13.652Z,"{""MLB4995166689"":152.65}","[{""department"":""shipping"",""cause_id"":4053,""code"":""shipping.lost_me1_by_user"",""message"":""User has not mode me1"",""references"":[""user.shipping_preferences.modes""]}]"
VTK017298,VTK017298|MLB7331728364,MLB7331728364,"[""MLB7331728364""]",193.91,154.68,"{""MLB7331728364"":200}",2026-09-05T01:06:14.495Z,"{""MLB7331728364"":154.68}","[{""department"":""shipping"",""cause_id"":4053,""code"":""shipping.lost_me1_by_user"",""message"":""User has not mode me1"",""references"":[""user.shipping_preferences.modes""]}]"
VTK017367,VTK017367|MLB7331728968,MLB7331728968,"[""MLB7331728968""]",274.54,226.95,"{""MLB7331728968"":200}",2026-09-05T01:06:15.248Z,"{""MLB7331728968"":226.95}","[{""department"":""shipping"",""cause_id"":4053,""code"":""shipping.lost_me1_by_user"",""message"":""User has not mode me1"",""references"":[""user.shipping_preferences.modes""]}]"
VTK017933,VTK017933|MLB7432502048,MLB7432502048,"[""MLB7432502048""]",51,39.27,"{""MLB7432502048"":200}",2026-09-05T01:06:16.052Z,"{""MLB7432502048"":39.27}","[{""department"":""shipping"",""cause_id"":4053,""code"":""shipping.lost_me1_by_user"",""message"":""User has not mode me1"",""references"":[""user.shipping_preferences.modes""]}]"
VTK012253,VTK012253|MLB24157301,MLB7111663188,"[""MLB7111663188"",""MLB4898611575""]",77.04,61.57,"{""MLB7111663188"":200,""MLB4898611575"":200}",2026-09-05T01:06:19.857Z,"{""MLB7111663188"":61.57,""MLB4898611575"":61.57}","[{""department"":""shipping"",""cause_id"":4053,""code"":""shipping.lost_me1_by_user"",""message"":""User has not mode me1"",""references"":[""user.shipping_preferences.modes""]},{""department"":""shipping"",""cause_id"":4053,""code"":""shipping.lost_me1_by_user"",""message"":""User has not mode me1"",""references"":[""user.shipping_preferences.modes""]}]"
VTK012419,VTK012419|MLB42006938,MLB7111709620,"[""MLB7111709620"",""MLB4880580805""]",76.34,61.02,"{""MLB7111709620"":200,""MLB4880580805"":200}",2026-09-05T01:06:23.310Z,"{""MLB7111709620"":61.02,""MLB4880580805"":61.02}","[{""department"":""shipping"",""cause_id"":4053,""code"":""shipping.lost_me1_by_user"",""message"":""User has not mode me1"",""references"":[""user.shipping_preferences.modes""]},{""department"":""shipping"",""cause_id"":4053,""code"":""shipping.lost_me1_by_user"",""message"":""User has not mode me1"",""references"":[""user.shipping_preferences.modes""]}]"
VTK012395,VTK012395|MLB27976031,MLB7111652216,"[""MLB7157760832"",""MLB7111652216""]",90.38,65.38,"{""MLB7111652216"":200,""MLB7157760832"":200}",2026-09-05T01:06:26.683Z,"{""MLB7157760832"":65.38,""MLB7111652216"":65.38}","[{""department"":""shipping"",""cause_id"":4053,""code"":""shipping.lost_me1_by_user"",""message"":""User has not mode me1"",""references"":[""user.shipping_preferences.modes""]},{""department"":""shipping"",""cause_id"":4053,""code"":""shipping.lost_me1_by_user"",""message"":""User has not mode me1"",""references"":[""user.shipping_preferences.modes""]}]"
VTK012541,VTK012541|MLB7111709930,MLB7111709930,"[""MLB7111709930""]",88.84,65.25,"{""MLB7111709930"":200}",2026-09-05T01:06:27.445Z,"{""MLB7111709930"":65.25}","[{""department"":""shipping"",""cause_id"":4053,""code"":""shipping.lost_me1_by_user"",""message"":""User has not mode me1"",""references"":[""user.shipping_preferences.modes""]}]"
VTK012610,VTK012610|MLB24600521,MLB7111710242,"[""MLB7111710242"",""MLB4880579709""]",76.6,62.02,"{""MLB7111710242"":200,""MLB4880579709"":200}",2026-09-05T01:06:30.795Z,"{""MLB7111710242"":62.02,""MLB4880579709"":62.02}","[{""department"":""shipping"",""cause_id"":4053,""code"":""shipping.lost_me1_by_user"",""message"":""User has not mode me1"",""references"":[""user.shipping_preferences.modes""]},{""department"":""shipping"",""cause_id"":4053,""code"":""shipping.lost_me1_by_user"",""message"":""User has not mode me1"",""references"":[""user.shipping_preferences.modes""]}]"
VTK000761,VTK000761|MLB61083906,MLB4857626069,"[""MLB4857626069"",""MLB7149338638""]",32.51,26.2,"{""MLB4857626069"":200,""MLB7149338638"":200}",2026-09-05T01:06:34.132Z,"{""MLB4857626069"":26.2,""MLB7149338638"":26.2}","[{""department"":""shipping"",""cause_id"":4053,""code"":""shipping.lost_me1_by_user"",""message"":""User has not mode me1"",""references"":[""user.shipping_preferences.modes""]},{""department"":""shipping"",""cause_id"":4053,""code"":""shipping.lost_me1_by_user"",""message"":""User has not mode me1"",""references"":[""user.shipping_preferences.modes""]}]"
VTK012280,VTK012280|MLB35655731,MLB7111657460,"[""MLB7111657460"",""MLB4880582965""]",161.76,134.32,"{""MLB7111657460"":200,""MLB4880582965"":200}",2026-09-05T01:06:37.375Z,"{""MLB7111657460"":134.32,""MLB4880582965"":134.32}","[{""department"":""shipping"",""cause_id"":4053,""code"":""shipping.lost_me1_by_user"",""message"":""User has not mode me1"",""references"":[""user.shipping_preferences.modes""]},{""department"":""shipping"",""cause_id"":4053,""code"":""shipping.lost_me1_by_user"",""message"":""User has not mode me1"",""references"":[""user.shipping_preferences.modes""]}]"
VTK018424,VTK018424|MLB7332774856,MLB7332774856,"[""MLB7332774856""]",251.6,210.99,"{""MLB7332774856"":200}",2026-09-05T01:06:38.015Z,"{""MLB7332774856"":210.99}","[{""department"":""shipping"",""cause_id"":4053,""code"":""shipping.lost_me1_by_user"",""message"":""User has not mode me1"",""references"":[""user.shipping_preferences.modes""]}]"
VTK017861,VTK017861|MLB26409892,MLB7238823730,"[""MLB7238823730"",""MLB4942182987""]",249.72,209.45,"{""MLB7238823730"":200,""MLB4942182987"":200}",2026-09-05T01:06:41.308Z,"{""MLB7238823730"":209.45,""MLB4942182987"":209.45}","[{""department"":""shipping"",""cause_id"":4053,""code"":""shipping.lost_me1_by_user"",""message"":""User has not mode me1"",""references"":[""user.shipping_preferences.modes""]},{""department"":""shipping"",""cause_id"":4053,""code"":""shipping.lost_me1_by_user"",""message"":""User has not mode me1"",""references"":[""user.shipping_preferences.modes""]}]"
VTK017610,VTK017610|MLB4994952001,MLB4994952001,"[""MLB4994952001""]",253.48,214.64,"{""MLB4994952001"":200}",2026-09-05T01:06:42.039Z,"{""MLB4994952001"":214.64}","[{""department"":""shipping"",""cause_id"":4053,""code"":""shipping.lost_me1_by_user"",""message"":""User has not mode me1"",""references"":[""user.shipping_preferences.modes""]}]"
VTK019158,VTK019158|MLB7311698800,MLB7311698800,"[""MLB7311698800""]",231.44,181.28,"{""MLB7311698800"":200}",2026-09-05T01:06:42.750Z,"{""MLB7311698800"":181.28}","[{""department"":""shipping"",""cause_id"":4053,""code"":""shipping.lost_me1_by_user"",""message"":""User has not mode me1"",""references"":[""user.shipping_preferences.modes""]}]"
VTK012673,VTK012673|MLB21618575,MLB7111644302,"[""MLB4880587199"",""MLB7111644302""]",225.14,178.8,"{""MLB7111644302"":200,""MLB4880587199"":200}",2026-09-05T01:06:45.926Z,"{""MLB4880587199"":178.8,""MLB7111644302"":178.8}","[{""department"":""shipping"",""cause_id"":4053,""code"":""shipping.lost_me1_by_user"",""message"":""User has not mode me1"",""references"":[""user.shipping_preferences.modes""]},{""department"":""shipping"",""cause_id"":4053,""code"":""shipping.lost_me1_by_user"",""message"":""User has not mode me1"",""references"":[""user.shipping_preferences.modes""]}]"
VTK000278,VTK000278|MLB23774138,MLB7086975852,"[""MLB4852431659"",""MLB7086975852""]",193.68,155.87,"{""MLB7086975852"":200,""MLB4852431659"":200}",2026-09-05T01:06:49.184Z,"{""MLB4852431659"":155.87,""MLB7086975852"":155.87}","[{""department"":""shipping"",""cause_id"":4053,""code"":""shipping.lost_me1_by_user"",""message"":""User has not mode me1"",""references"":[""user.shipping_preferences.modes""]},{""department"":""shipping"",""cause_id"":4053,""code"":""shipping.lost_me1_by_user"",""message"":""User has not mode me1"",""references"":[""user.shipping_preferences.modes""]}]"
VTK017968,VTK017968|MLB4981462239,MLB4981462239,"[""MLB4981462239""]",255.27,216.85,"{""MLB4981462239"":200}",2026-09-05T01:06:49.943Z,"{""MLB4981462239"":216.85}","[{""department"":""shipping"",""cause_id"":4053,""code"":""shipping.lost_me1_by_user"",""message"":""User has not mode me1"",""references"":[""user.shipping_preferences.modes""]}]"
VTK018451,VTK018451|MLB22595787,MLB7286156942,"[""MLB4971957217"",""MLB7286156942""]",208.13,164.11,"{""MLB7286156942"":200,""MLB4971957217"":200}",2026-09-05T01:06:53.208Z,"{""MLB4971957217"":164.11,""MLB7286156942"":164.11}","[{""department"":""shipping"",""cause_id"":4053,""code"":""shipping.lost_me1_by_user"",""message"":""User has not mode me1"",""references"":[""user.shipping_preferences.modes""]},{""department"":""shipping"",""cause_id"":4053,""code"":""shipping.lost_me1_by_user"",""message"":""User has not mode me1"",""references"":[""user.shipping_preferences.modes""]}]"
VTK018466,VTK018466|MLB7332762044,MLB7332762044,"[""MLB7332762044""]",254.42,216.44,"{""MLB7332762044"":200}",2026-09-05T01:06:53.908Z,"{""MLB7332762044"":216.44}","[{""department"":""shipping"",""cause_id"":4053,""code"":""shipping.lost_me1_by_user"",""message"":""User has not mode me1"",""references"":[""user.shipping_preferences.modes""]}]"
VTK001131,VTK001131|MLB68935558,MLB4847396967,"[""MLB4880525767"",""MLB4847396967""]",213.98,169.17,"{""MLB4847396967"":200,""MLB4880525767"":200}",2026-09-05T01:06:57.216Z,"{""MLB4880525767"":169.17,""MLB4847396967"":169.17}","[{""department"":""shipping"",""cause_id"":4053,""code"":""shipping.lost_me1_by_user"",""message"":""User has not mode me1"",""references"":[""user.shipping_preferences.modes""]},{""department"":""shipping"",""cause_id"":4053,""code"":""shipping.lost_me1_by_user"",""message"":""User has not mode me1"",""references"":[""user.shipping_preferences.modes""]}]"
VTK018179,VTK018179|MLB22400147,MLB7238802910,"[""MLB4942205025"",""MLB7238802910""]",211.06,165.4,"{""MLB7238802910"":200,""MLB4942205025"":200}",2026-09-05T01:07:00.438Z,"{""MLB4942205025"":165.4,""MLB7238802910"":165.4}","[{""department"":""shipping"",""cause_id"":4053,""code"":""shipping.lost_me1_by_user"",""message"":""User has not mode me1"",""references"":[""user.shipping_preferences.modes""]},{""department"":""shipping"",""cause_id"":4053,""code"":""shipping.lost_me1_by_user"",""message"":""User has not mode me1"",""references"":[""user.shipping_preferences.modes""]}]"
VTK018659,VTK018659|MLB7239070270,MLB7239070270,"[""MLB7239070270""]",209.51,165.19,"{""MLB7239070270"":200}",2026-09-05T01:07:01.115Z,"{""MLB7239070270"":165.19}","[{""department"":""shipping"",""cause_id"":4053,""code"":""shipping.lost_me1_by_user"",""message"":""User has not mode me1"",""references"":[""user.shipping_preferences.modes""]}]"
VTK012666,VTK012666|MLB53774696,MLB4857541521,"[""MLB4880632729"",""MLB4857541521""]",220.09,173.14,"{""MLB4857541521"":200,""MLB4880632729"":200}",2026-09-05T01:07:04.345Z,"{""MLB4880632729"":173.14,""MLB4857541521"":173.14}","[{""department"":""shipping"",""cause_id"":4053,""code"":""shipping.lost_me1_by_user"",""message"":""User has not mode me1"",""references"":[""user.shipping_preferences.modes""]},{""department"":""shipping"",""cause_id"":4053,""code"":""shipping.lost_me1_by_user"",""message"":""User has not mode me1"",""references"":[""user.shipping_preferences.modes""]}]"
VTK017257,VTK017257|MLB4994909013,MLB4994909013,"[""MLB4994909013""]",79.94,56.34,"{""MLB4994909013"":200}",2026-09-05T01:07:05.106Z,"{""MLB4994909013"":56.34}","[{""department"":""shipping"",""cause_id"":4053,""code"":""shipping.lost_me1_by_user"",""message"":""User has not mode me1"",""references"":[""user.shipping_preferences.modes""]}]"
VTK017343,VTK017343|MLB7332094562,MLB7332094562,"[""MLB7332094562""]",79.94,56.34,"{""MLB7332094562"":200}",2026-09-05T01:07:05.899Z,"{""MLB7332094562"":56.34}","[{""department"":""shipping"",""cause_id"":4053,""code"":""shipping.lost_me1_by_user"",""message"":""User has not mode me1"",""references"":[""user.shipping_preferences.modes""]}]"
VTK000499,VTK000499|MLB18380694,MLB4841992283,"[""MLB4841992283"",""MLB7095328008""]",208.94,163.75,"{""MLB4841992283"":200,""MLB7095328008"":200}",2026-09-05T01:07:09.095Z,"{""MLB4841992283"":163.75,""MLB7095328008"":163.75}","[{""department"":""shipping"",""cause_id"":4053,""code"":""shipping.lost_me1_by_user"",""message"":""User has not mode me1"",""references"":[""user.shipping_preferences.modes""]},{""department"":""shipping"",""cause_id"":4053,""code"":""shipping.lost_me1_by_user"",""message"":""User has not mode me1"",""references"":[""user.shipping_preferences.modes""]}]"
VTK017349,VTK017349|MLB51915199,MLB7331728896,"[""MLB7331728896"",""MLB5005543193""]",200.8,160.42,"{""MLB7331728896"":200,""MLB5005543193"":200}",2026-09-05T01:07:12.429Z,"{""MLB7331728896"":160.42,""MLB5005543193"":160.42}","[{""department"":""shipping"",""cause_id"":4053,""code"":""shipping.lost_me1_by_user"",""message"":""User has not mode me1"",""references"":[""user.shipping_preferences.modes""]},{""department"":""shipping"",""cause_id"":4053,""code"":""shipping.lost_me1_by_user"",""message"":""User has not mode me1"",""references"":[""user.shipping_preferences.modes""]}]"
VTK017214,VTK017214|MLB36639774,MLB7331721376,"[""MLB7331721376"",""MLB7339960260""]",204.55,162.83,"{""MLB7331721376"":200,""MLB7339960260"":200}",2026-09-05T01:07:15.721Z,"{""MLB7331721376"":162.83,""MLB7339960260"":162.83}","[{""department"":""shipping"",""cause_id"":4053,""code"":""shipping.lost_me1_by_user"",""message"":""User has not mode me1"",""references"":[""user.shipping_preferences.modes""]},{""department"":""shipping"",""cause_id"":4053,""code"":""shipping.lost_me1_by_user"",""message"":""User has not mode me1"",""references"":[""user.shipping_preferences.modes""]}]"
VTK012049,VTK012049|MLB7276014356,MLB7276014356,"[""MLB7276014356""]",30.93,25.34,"{""MLB7276014356"":200}",2026-09-05T01:07:16.442Z,"{""MLB7276014356"":25.34}","[{""department"":""shipping"",""cause_id"":4053,""code"":""shipping.lost_me1_by_user"",""message"":""User has not mode me1"",""references"":[""user.shipping_preferences.modes""]}]"
VTK018345,VTK018345|MLB4981505455,MLB4981505455,"[""MLB4981505455""]",220.85,173.73,"{""MLB4981505455"":200}",2026-09-05T01:07:17.152Z,"{""MLB4981505455"":173.73}","[{""department"":""shipping"",""cause_id"":4053,""code"":""shipping.lost_me1_by_user"",""message"":""User has not mode me1"",""references"":[""user.shipping_preferences.modes""]}]"
VTK012077,VTK012077|MLB25871327,MLB7111648906,"[""MLB4880586295"",""MLB7111648906""]",118.88,94.99,"{""MLB7111648906"":200,""MLB4880586295"":200}",2026-09-05T01:07:20.486Z,"{""MLB4880586295"":94.99,""MLB7111648906"":94.99}","[{""department"":""shipping"",""cause_id"":4053,""code"":""shipping.lost_me1_by_user"",""message"":""User has not mode me1"",""references"":[""user.shipping_preferences.modes""]},{""department"":""shipping"",""cause_id"":4053,""code"":""shipping.lost_me1_by_user"",""message"":""User has not mode me1"",""references"":[""user.shipping_preferences.modes""]}]"
VTK017181,VTK017181|MLB6162297,MLB4981311607,"[""MLB4981702355"",""MLB4981311607""]",88.14,64.53,"{""MLB4981311607"":200,""MLB4981702355"":200}",2026-09-05T01:07:23.932Z,"{""MLB4981702355"":64.53,""MLB4981311607"":64.53}","[{""department"":""shipping"",""cause_id"":4053,""code"":""shipping.lost_me1_by_user"",""message"":""User has not mode me1"",""references"":[""user.shipping_preferences.modes""]},{""department"":""shipping"",""cause_id"":4053,""code"":""shipping.lost_me1_by_user"",""message"":""User has not mode me1"",""references"":[""user.shipping_preferences.modes""]}]"
VTK018643,VTK018643|MLB27398842,MLB4937558181,"[""MLB4942213135"",""MLB4937558181""]",75.62,62.18,"{""MLB4937558181"":200,""MLB4942213135"":200}",2026-09-05T01:07:27.269Z,"{""MLB4942213135"":62.18,""MLB4937558181"":62.18}","[{""department"":""shipping"",""cause_id"":4053,""code"":""shipping.lost_me1_by_user"",""message"":""User has not mode me1"",""references"":[""user.shipping_preferences.modes""]},{""department"":""shipping"",""cause_id"":4053,""code"":""shipping.lost_me1_by_user"",""message"":""User has not mode me1"",""references"":[""user.shipping_preferences.modes""]}]"
VTK012017,VTK012017|MLB7111709754,MLB7111709754,"[""MLB7111709754""]",85.79,64.35,"{""MLB7111709754"":200}",2026-09-05T01:07:28.021Z,"{""MLB7111709754"":64.35}","[{""department"":""shipping"",""cause_id"":4053,""code"":""shipping.lost_me1_by_user"",""message"":""User has not mode me1"",""references"":[""user.shipping_preferences.modes""]}]"
VTK017812,VTK017812|MLB7311574210,MLB7311574210,"[""MLB7311574210""]",57.22,46.82,"{""MLB7311574210"":200}",2026-09-05T01:07:28.823Z,"{""MLB7311574210"":46.82}","[{""department"":""shipping"",""cause_id"":4053,""code"":""shipping.lost_me1_by_user"",""message"":""User has not mode me1"",""references"":[""user.shipping_preferences.modes""]}]"
VTK018952,VTK018952|MLB7332777148,MLB7332777148,"[""MLB7332777148""]",65.63,53.83,"{""MLB7332777148"":200}",2026-09-05T01:07:29.489Z,"{""MLB7332777148"":53.83}","[{""department"":""shipping"",""cause_id"":4053,""code"":""shipping.lost_me1_by_user"",""message"":""User has not mode me1"",""references"":[""user.shipping_preferences.modes""]}]"
VTK017345,VTK017345|MLB38736114,MLB4994950929,"[""MLB4994950929"",""MLB5005542855""]",81.11,58.45,"{""MLB4994950929"":200,""MLB5005542855"":200}",2026-09-05T01:07:32.862Z,"{""MLB4994950929"":58.45,""MLB5005542855"":58.45}","[{""department"":""shipping"",""cause_id"":4053,""code"":""shipping.lost_me1_by_user"",""message"":""User has not mode me1"",""references"":[""user.shipping_preferences.modes""]},{""department"":""shipping"",""cause_id"":4053,""code"":""shipping.lost_me1_by_user"",""message"":""User has not mode me1"",""references"":[""user.shipping_preferences.modes""]}]"
VTK017537,VTK017537|MLB19474779,MLB7239023352,"[""MLB7239023352"",""MLB7247345856""]",85.96,61.98,"{""MLB7239023352"":200,""MLB7247345856"":200}",2026-09-05T01:07:36.163Z,"{""MLB7239023352"":61.98,""MLB7247345856"":61.98}","[{""department"":""shipping"",""cause_id"":4053,""code"":""shipping.lost_me1_by_user"",""message"":""User has not mode me1"",""references"":[""user.shipping_preferences.modes""]},{""department"":""shipping"",""cause_id"":4053,""code"":""shipping.lost_me1_by_user"",""message"":""User has not mode me1"",""references"":[""user.shipping_preferences.modes""]}]"
VTK012024,VTK012024|MLB4857638613,MLB4857638613,"[""MLB4857638613""]",29,24.28,"{""MLB4857638613"":200}",2026-09-05T01:07:36.929Z,"{""MLB4857638613"":24.28}","[{""department"":""shipping"",""cause_id"":4053,""code"":""shipping.lost_me1_by_user"",""message"":""User has not mode me1"",""references"":[""user.shipping_preferences.modes""]}]"
VTK005078,VTK005078|MLB4994950619,MLB4994950619,"[""MLB4994950619""]",81.33,59.29,"{""MLB4994950619"":200}",2026-09-05T01:07:37.662Z,"{""MLB4994950619"":59.29}","[{""department"":""shipping"",""cause_id"":4053,""code"":""shipping.lost_me1_by_user"",""message"":""User has not mode me1"",""references"":[""user.shipping_preferences.modes""]}]"
VTK009688,VTK009688|MLB21393103,MLB4772970809,"[""MLB7192786804"",""MLB4772970809""]",62.43,52.09,"{""MLB4772970809"":200,""MLB7192786804"":200}",2026-09-05T01:07:40.958Z,"{""MLB7192786804"":52.09,""MLB4772970809"":52.09}","[{""department"":""shipping"",""cause_id"":4053,""code"":""shipping.lost_me1_by_user"",""message"":""User has not mode me1"",""references"":[""user.shipping_preferences.modes""]},{""department"":""shipping"",""cause_id"":4053,""code"":""shipping.lost_me1_by_user"",""message"":""User has not mode me1"",""references"":[""user.shipping_preferences.modes""]}]"
VTK012136,VTK012136|MLB7111707586,MLB7111707586,"[""MLB7111707586""]",118.33,93.81,"{""MLB7111707586"":200}",2026-09-05T01:07:41.584Z,"{""MLB7111707586"":93.81}","[{""department"":""shipping"",""cause_id"":4053,""code"":""shipping.lost_me1_by_user"",""message"":""User has not mode me1"",""references"":[""user.shipping_preferences.modes""]}]"
VTK018919,VTK018919|MLB7332789868,MLB7332789868,"[""MLB7332789868""]",91.71,69.93,"{""MLB7332789868"":200}",2026-09-05T01:07:42.272Z,"{""MLB7332789868"":69.93}","[{""department"":""shipping"",""cause_id"":4053,""code"":""shipping.lost_me1_by_user"",""message"":""User has not mode me1"",""references"":[""user.shipping_preferences.modes""]}]"
VTK012515,VTK012515|MLB7111707166,MLB7111707166,"[""MLB7111707166""]",95.07,81.1,"{""MLB7111707166"":200}",2026-09-05T01:07:42.893Z,"{""MLB7111707166"":81.1}","[{""department"":""shipping"",""cause_id"":4053,""code"":""shipping.lost_me1_by_user"",""message"":""User has not mode me1"",""references"":[""user.shipping_preferences.modes""]}]"
VTK012811,VTK012811|MLB24286362,MLB7111649260,"[""MLB7149367142"",""MLB7111649260""]",95.07,81.1,"{""MLB7111649260"":200,""MLB7149367142"":200}",2026-09-05T01:07:46.186Z,"{""MLB7149367142"":81.1,""MLB7111649260"":81.1}","[{""department"":""shipping"",""cause_id"":4053,""code"":""shipping.lost_me1_by_user"",""message"":""User has not mode me1"",""references"":[""user.shipping_preferences.modes""]},{""department"":""shipping"",""cause_id"":4053,""code"":""shipping.lost_me1_by_user"",""message"":""User has not mode me1"",""references"":[""user.shipping_preferences.modes""]}]"
VTK005071,VTK005071|MLB4937486417,MLB4937486417,"[""MLB4937486417""]",80.71,59.58,"{""MLB4937486417"":200}",2026-09-05T01:07:46.896Z,"{""MLB4937486417"":59.58}","[{""department"":""shipping"",""cause_id"":4053,""code"":""shipping.lost_me1_by_user"",""message"":""User has not mode me1"",""references"":[""user.shipping_preferences.modes""]}]"
VTK018526,VTK018526|MLB22707216,MLB4981290407,"[""MLB4981290407"",""MLB7313980660""]",86.99,65.58,"{""MLB4981290407"":200,""MLB7313980660"":200}",2026-09-05T01:07:50.281Z,"{""MLB4981290407"":65.58,""MLB7313980660"":65.58}","[{""department"":""shipping"",""cause_id"":4053,""code"":""shipping.lost_me1_by_user"",""message"":""User has not mode me1"",""references"":[""user.shipping_preferences.modes""]},{""department"":""shipping"",""cause_id"":4053,""code"":""shipping.lost_me1_by_user"",""message"":""User has not mode me1"",""references"":[""user.shipping_preferences.modes""]}]"
VTK017606,VTK017606|MLB35060993,MLB4994951981,"[""MLB4994951981"",""MLB5005553293""]",91.47,70.97,"{""MLB4994951981"":200,""MLB5005553293"":200}",2026-09-05T01:07:53.827Z,"{""MLB4994951981"":70.97,""MLB5005553293"":70.97}","[{""department"":""shipping"",""cause_id"":4053,""code"":""shipping.lost_me1_by_user"",""message"":""User has not mode me1"",""references"":[""user.shipping_preferences.modes""]},{""department"":""shipping"",""cause_id"":4053,""code"":""shipping.lost_me1_by_user"",""message"":""User has not mode me1"",""references"":[""user.shipping_preferences.modes""]}]"
VTK017218,VTK017218|MLB46421583,MLB4937546181,"[""MLB7381238864"",""MLB4937546181""]",78.27,67.08,"{""MLB4937546181"":200,""MLB7381238864"":200}",2026-09-05T01:07:57.108Z,"{""MLB7381238864"":67.08,""MLB4937546181"":67.08}","[{""department"":""shipping"",""cause_id"":4053,""code"":""shipping.lost_me1_by_user"",""message"":""User has not mode me1"",""references"":[""user.shipping_preferences.modes""]},{""department"":""shipping"",""cause_id"":4053,""code"":""shipping.lost_me1_by_user"",""message"":""User has not mode me1"",""references"":[""user.shipping_preferences.modes""]}]"
VTK000627,VTK000627|MLB27113288,MLB7087121826,"[""MLB7104350446"",""MLB7087121826""]",101.04,84.85,"{""MLB7087121826"":200,""MLB7104350446"":200}",2026-09-05T01:08:00.419Z,"{""MLB7104350446"":84.85,""MLB7087121826"":84.85}","[{""department"":""shipping"",""cause_id"":4053,""code"":""shipping.lost_me1_by_user"",""message"":""User has not mode me1"",""references"":[""user.shipping_preferences.modes""]},{""department"":""shipping"",""cause_id"":4053,""code"":""shipping.lost_me1_by_user"",""message"":""User has not mode me1"",""references"":[""user.shipping_preferences.modes""]}]"
VTK012140,VTK012140|MLB7111651752,MLB7111651752,"[""MLB7111651752""]",68.82,59.61,"{""MLB7111651752"":200}",2026-09-05T01:08:01.204Z,"{""MLB7111651752"":59.61}","[{""department"":""shipping"",""cause_id"":4053,""code"":""shipping.lost_me1_by_user"",""message"":""User has not mode me1"",""references"":[""user.shipping_preferences.modes""]}]"
VTK012200,VTK012200|MLB24593774,MLB7381755840,"[""MLB7381755840"",""MLB7400500962""]",95.8,83.22,"{""MLB7381755840"":200,""MLB7400500962"":200}",2026-09-05T01:08:04.450Z,"{""MLB7381755840"":83.22,""MLB7400500962"":83.22}","[{""department"":""shipping"",""cause_id"":4053,""code"":""shipping.lost_me1_by_user"",""message"":""User has not mode me1"",""references"":[""user.shipping_preferences.modes""]},{""department"":""shipping"",""cause_id"":4053,""code"":""shipping.lost_me1_by_user"",""message"":""User has not mode me1"",""references"":[""user.shipping_preferences.modes""]}]"
VTK001707,VTK001707|MLB25256983,MLB7331721088,"[""MLB7331721088"",""MLB5005553223""]",90.25,69.7,"{""MLB7331721088"":200,""MLB5005553223"":200}",2026-09-05T01:08:07.885Z,"{""MLB7331721088"":69.7,""MLB5005553223"":69.7}","[{""department"":""shipping"",""cause_id"":4053,""code"":""shipping.lost_me1_by_user"",""message"":""User has not mode me1"",""references"":[""user.shipping_preferences.modes""]},{""department"":""shipping"",""cause_id"":4053,""code"":""shipping.lost_me1_by_user"",""message"":""User has not mode me1"",""references"":[""user.shipping_preferences.modes""]}]"
VTK023619,VTK023619|MLB4981506115,MLB4981506115,"[""MLB4981506115""]",64.67,55.9,"{""MLB4981506115"":200}",2026-09-05T01:08:08.790Z,"{""MLB4981506115"":55.9}","[{""department"":""shipping"",""cause_id"":4053,""code"":""shipping.lost_me1_by_user"",""message"":""User has not mode me1"",""references"":[""user.shipping_preferences.modes""]}]"
VTK012351,VTK012351|MLB7111709972,MLB7111709972,"[""MLB7111709972""]",85.54,63.92,"{""MLB7111709972"":200}",2026-09-05T01:08:09.791Z,"{""MLB7111709972"":63.92}","[{""department"":""shipping"",""cause_id"":4053,""code"":""shipping.lost_me1_by_user"",""message"":""User has not mode me1"",""references"":[""user.shipping_preferences.modes""]}]"
VTK001157,VTK001157|MLB36086380,MLB7239025646,"[""MLB4942182145"",""MLB7239025646""]",89.8,71.03,"{""MLB7239025646"":200,""MLB4942182145"":200}",2026-09-05T01:08:13.342Z,"{""MLB4942182145"":71.03,""MLB7239025646"":71.03}","[{""department"":""shipping"",""cause_id"":4053,""code"":""shipping.lost_me1_by_user"",""message"":""User has not mode me1"",""references"":[""user.shipping_preferences.modes""]},{""department"":""shipping"",""cause_id"":4053,""code"":""shipping.lost_me1_by_user"",""message"":""User has not mode me1"",""references"":[""user.shipping_preferences.modes""]}]"
VTK017389,VTK017389|MLB36745737,MLB4981360153,"[""MLB4981360153"",""MLB7314820690""]",93.78,81.46,"{""MLB4981360153"":200,""MLB7314820690"":200}",2026-09-05T01:08:16.654Z,"{""MLB4981360153"":81.46,""MLB7314820690"":81.46}","[{""department"":""shipping"",""cause_id"":4053,""code"":""shipping.lost_me1_by_user"",""message"":""User has not mode me1"",""references"":[""user.shipping_preferences.modes""]},{""department"":""shipping"",""cause_id"":4053,""code"":""shipping.lost_me1_by_user"",""message"":""User has not mode me1"",""references"":[""user.shipping_preferences.modes""]}]"
VTK017521,VTK017521|MLB4966055261,MLB4966055261,"[""MLB4966055261""]",92.63,80.57,"{""MLB4966055261"":200}",2026-09-05T01:08:17.370Z,"{""MLB4966055261"":80.57}","[{""department"":""shipping"",""cause_id"":4053,""code"":""shipping.lost_me1_by_user"",""message"":""User has not mode me1"",""references"":[""user.shipping_preferences.modes""]}]"
VTK000541,VTK000541|MLB19807417,MLB4841993159,"[""MLB4841993159"",""MLB7298177172""]",118.39,104.66,"{""MLB4841993159"":200,""MLB7298177172"":200}",2026-09-05T01:08:20.633Z,"{""MLB4841993159"":104.66,""MLB7298177172"":104.66}","[{""department"":""shipping"",""cause_id"":4053,""code"":""shipping.lost_me1_by_user"",""message"":""User has not mode me1"",""references"":[""user.shipping_preferences.modes""]},{""department"":""shipping"",""cause_id"":4053,""code"":""shipping.lost_me1_by_user"",""message"":""User has not mode me1"",""references"":[""user.shipping_preferences.modes""]}]"
VTK012549,VTK012549|MLB7111708318,MLB7111708318,"[""MLB7111708318""]",81.04,64.77,"{""MLB7111708318"":200}",2026-09-05T01:08:21.332Z,"{""MLB7111708318"":64.77}","[{""department"":""shipping"",""cause_id"":4053,""code"":""shipping.lost_me1_by_user"",""message"":""User has not mode me1"",""references"":[""user.shipping_preferences.modes""]}]"
VTK002473,VTK002473|MLB70179317,MLB7111661812,"[""MLB4880582379"",""MLB7111661812""]",94.64,83.43,"{""MLB7111661812"":200,""MLB4880582379"":200}",2026-09-05T01:08:24.609Z,"{""MLB4880582379"":83.43,""MLB7111661812"":83.43}","[{""department"":""shipping"",""cause_id"":4053,""code"":""shipping.lost_me1_by_user"",""message"":""User has not mode me1"",""references"":[""user.shipping_preferences.modes""]},{""department"":""shipping"",""cause_id"":4053,""code"":""shipping.lost_me1_by_user"",""message"":""User has not mode me1"",""references"":[""user.shipping_preferences.modes""]}]"
VTK006301,VTK006301|MLB39929827,MLB6565496964,"[""MLB6565496964"",""MLB4621151913""]",119.85,106.08,"{""MLB6565496964"":200,""MLB4621151913"":200}",2026-09-05T01:08:27.794Z,"{""MLB6565496964"":106.08,""MLB4621151913"":106.08}","[{""department"":""shipping"",""cause_id"":4053,""code"":""shipping.lost_me1_by_user"",""message"":""User has not mode me1"",""references"":[""user.shipping_preferences.modes""]},{""department"":""shipping"",""cause_id"":4053,""code"":""shipping.lost_me1_by_user"",""message"":""User has not mode me1"",""references"":[""user.shipping_preferences.modes""]}]"
VTK000385,VTK000385|MLB4841970055,MLB4841970055,"[""MLB4841970055""]",119.04,105.43,"{""MLB4841970055"":200}",2026-09-05T01:08:28.565Z,"{""MLB4841970055"":105.43}","[{""department"":""shipping"",""cause_id"":4053,""code"":""shipping.lost_me1_by_user"",""message"":""User has not mode me1"",""references"":[""user.shipping_preferences.modes""]}]"
VTK018069,VTK018069|MLB7332774174,MLB7332774174,"[""MLB7332774174""]",277,255.49,"{""MLB7332774174"":200}",2026-09-05T01:08:29.184Z,"{""MLB7332774174"":255.49}","[{""department"":""shipping"",""cause_id"":4053,""code"":""shipping.lost_me1_by_user"",""message"":""User has not mode me1"",""references"":[""user.shipping_preferences.modes""]}]"
VTK000366,VTK000366|MLB7111662524,MLB7111662524,"[""MLB7111662524""]",83.72,67.84,"{""MLB7111662524"":200}",2026-09-05T01:08:29.963Z,"{""MLB7111662524"":67.84}","[{""department"":""shipping"",""cause_id"":4053,""code"":""shipping.lost_me1_by_user"",""message"":""User has not mode me1"",""references"":[""user.shipping_preferences.modes""]}]"
VTK026047,VTK026047|MLB7432492832,MLB7432492832,"[""MLB7432492832""]",89,79.27,"{""MLB7432492832"":200}",2026-09-05T01:08:30.668Z,"{""MLB7432492832"":79.27}","[{""department"":""shipping"",""cause_id"":4053,""code"":""shipping.lost_me1_by_user"",""message"":""User has not mode me1"",""references"":[""user.shipping_preferences.modes""]}]"
VTK012526,VTK012526|MLB23009418,MLB7111664270,"[""MLB4880563817"",""MLB7111664270""]",63,56.34,"{""MLB7111664270"":200,""MLB4880563817"":200}",2026-09-05T01:08:34.069Z,"{""MLB4880563817"":56.34,""MLB7111664270"":56.34}","[{""department"":""shipping"",""cause_id"":4053,""code"":""shipping.lost_me1_by_user"",""message"":""User has not mode me1"",""references"":[""user.shipping_preferences.modes""]},{""department"":""shipping"",""cause_id"":4053,""code"":""shipping.lost_me1_by_user"",""message"":""User has not mode me1"",""references"":[""user.shipping_preferences.modes""]}]"
VTK012608,VTK012608|MLB23022390,MLB7111709928,"[""MLB4880579851"",""MLB7111709928""]",63,56.34,"{""MLB7111709928"":200,""MLB4880579851"":200}",2026-09-05T01:08:37.498Z,"{""MLB4880579851"":56.34,""MLB7111709928"":56.34}","[{""department"":""shipping"",""cause_id"":4053,""code"":""shipping.lost_me1_by_user"",""message"":""User has not mode me1"",""references"":[""user.shipping_preferences.modes""]},{""department"":""shipping"",""cause_id"":4053,""code"":""shipping.lost_me1_by_user"",""message"":""User has not mode me1"",""references"":[""user.shipping_preferences.modes""]}]"
VTK012429,VTK012429|MLB66545754,MLB7111649042,"[""MLB7317385518"",""MLB7111649042""]",102.95,88.88,"{""MLB7111649042"":200,""MLB7317385518"":200}",2026-09-05T01:08:40.808Z,"{""MLB7317385518"":88.88,""MLB7111649042"":88.88}","[{""department"":""shipping"",""cause_id"":4053,""code"":""shipping.lost_me1_by_user"",""message"":""User has not mode me1"",""references"":[""user.shipping_preferences.modes""]},{""department"":""shipping"",""cause_id"":4053,""code"":""shipping.lost_me1_by_user"",""message"":""User has not mode me1"",""references"":[""user.shipping_preferences.modes""]}]"
VTK012193,VTK012193|MLB22908463,MLB7111661936,"[""MLB7111661936"",""MLB4880564265""]",92.77,82.65,"{""MLB7111661936"":200,""MLB4880564265"":200}",2026-09-05T01:08:44.137Z,"{""MLB7111661936"":82.65,""MLB4880564265"":82.65}","[{""department"":""shipping"",""cause_id"":4053,""code"":""shipping.lost_me1_by_user"",""message"":""User has not mode me1"",""references"":[""user.shipping_preferences.modes""]},{""department"":""shipping"",""cause_id"":4053,""code"":""shipping.lost_me1_by_user"",""message"":""User has not mode me1"",""references"":[""user.shipping_preferences.modes""]}]"
VTK017539,VTK017539|MLB7381755980,MLB7381755980,"[""MLB7381755980""]",91.93,82.06,"{""MLB7381755980"":200}",2026-09-05T01:08:44.799Z,"{""MLB7381755980"":82.06}","[{""department"":""shipping"",""cause_id"":4053,""code"":""shipping.lost_me1_by_user"",""message"":""User has not mode me1"",""references"":[""user.shipping_preferences.modes""]}]"
VTK012464,VTK012464|MLB7111652116,MLB7111652116,"[""MLB7111652116""]",63,56.27,"{""MLB7111652116"":200}",2026-09-05T01:08:45.492Z,"{""MLB7111652116"":56.27}","[{""department"":""shipping"",""cause_id"":4053,""code"":""shipping.lost_me1_by_user"",""message"":""User has not mode me1"",""references"":[""user.shipping_preferences.modes""]}]"
VTK003157,VTK003157|MLB4988488947,MLB4988488947,"[""MLB4988488947""]",100.4,85.9,"{""MLB4988488947"":200}",2026-09-05T01:08:46.167Z,"{""MLB4988488947"":85.9}","[{""department"":""shipping"",""cause_id"":4053,""code"":""shipping.lost_me1_by_user"",""message"":""User has not mode me1"",""references"":[""user.shipping_preferences.modes""]}]"
VTK013051,VTK013051|MLB4930465949,MLB4930465949,"[""MLB4930465949""]",84.02,65.81,"{""MLB4930465949"":200}",2026-09-05T01:08:46.958Z,"{""MLB4930465949"":65.81}","[{""department"":""shipping"",""cause_id"":4053,""code"":""shipping.lost_me1_by_user"",""message"":""User has not mode me1"",""references"":[""user.shipping_preferences.modes""]}]"
VTK012839,VTK012839|MLB7432625408,MLB7432625408,"[""MLB7432625408""]",142.74,127.79,"{""MLB7432625408"":200}",2026-09-05T01:08:47.711Z,"{""MLB7432625408"":127.79}","[{""department"":""shipping"",""cause_id"":4053,""code"":""shipping.lost_me1_by_user"",""message"":""User has not mode me1"",""references"":[""user.shipping_preferences.modes""]}]"
VTK001035,VTK001035|MLB21435137,MLB7087130184,"[""MLB7087130184"",""MLB7095325368""]",115.2,103.39,"{""MLB7087130184"":200,""MLB7095325368"":200}",2026-09-05T01:08:51.174Z,"{""MLB7087130184"":103.39,""MLB7095325368"":103.39}","[{""department"":""shipping"",""cause_id"":4053,""code"":""shipping.lost_me1_by_user"",""message"":""User has not mode me1"",""references"":[""user.shipping_preferences.modes""]},{""department"":""shipping"",""cause_id"":4053,""code"":""shipping.lost_me1_by_user"",""message"":""User has not mode me1"",""references"":[""user.shipping_preferences.modes""]}]"
VTK001818,VTK001818|MLB24118613,MLB7111664264,"[""MLB4880563851"",""MLB7111664264""]",82.58,66.19,"{""MLB7111664264"":200,""MLB4880563851"":200}",2026-09-05T01:08:54.476Z,"{""MLB4880563851"":66.19,""MLB7111664264"":66.19}","[{""department"":""shipping"",""cause_id"":4053,""code"":""shipping.lost_me1_by_user"",""message"":""User has not mode me1"",""references"":[""user.shipping_preferences.modes""]},{""department"":""shipping"",""cause_id"":4053,""code"":""shipping.lost_me1_by_user"",""message"":""User has not mode me1"",""references"":[""user.shipping_preferences.modes""]}]"
VTK002262,VTK002262|MLB7111649682,MLB7111649682,"[""MLB7111649682""]",81.32,65.09,"{""MLB7111649682"":200}",2026-09-05T01:08:55.164Z,"{""MLB7111649682"":65.09}","[{""department"":""shipping"",""cause_id"":4053,""code"":""shipping.lost_me1_by_user"",""message"":""User has not mode me1"",""references"":[""user.shipping_preferences.modes""]}]"
VTK012704,VTK012704|MLB7111662686,MLB7111662686,"[""MLB7111662686""]",85.84,70.59,"{""MLB7111662686"":200}",2026-09-05T01:08:55.868Z,"{""MLB7111662686"":70.59}","[{""department"":""shipping"",""cause_id"":4053,""code"":""shipping.lost_me1_by_user"",""message"":""User has not mode me1"",""references"":[""user.shipping_preferences.modes""]}]"
VTK012547,VTK012547|MLB7239571716,MLB7239571716,"[""MLB7239571716""]",66,58.84,"{""MLB7239571716"":200}",2026-09-05T01:08:56.615Z,"{""MLB7239571716"":58.84}","[{""department"":""shipping"",""cause_id"":4053,""code"":""shipping.lost_me1_by_user"",""message"":""User has not mode me1"",""references"":[""user.shipping_preferences.modes""]}]"
VTK000367,VTK000367|MLB23055399,MLB7087038554,"[""MLB7087038554"",""MLB7101696502""]",113.23,101.42,"{""MLB7087038554"":200,""MLB7101696502"":200}",2026-09-05T01:08:59.835Z,"{""MLB7087038554"":101.42,""MLB7101696502"":101.42}","[{""department"":""shipping"",""cause_id"":4053,""code"":""shipping.lost_me1_by_user"",""message"":""User has not mode me1"",""references"":[""user.shipping_preferences.modes""]},{""department"":""shipping"",""cause_id"":4053,""code"":""shipping.lost_me1_by_user"",""message"":""User has not mode me1"",""references"":[""user.shipping_preferences.modes""]}]"
VTK012165,VTK012165|MLB25951626,MLB7111710188,"[""MLB4880561835"",""MLB7111710188""]",57,51.26,"{""MLB7111710188"":200,""MLB4880561835"":200}",2026-09-05T01:09:03.171Z,"{""MLB4880561835"":51.26,""MLB7111710188"":51.26}","[{""department"":""shipping"",""cause_id"":4053,""code"":""shipping.lost_me1_by_user"",""message"":""User has not mode me1"",""references"":[""user.shipping_preferences.modes""]},{""department"":""shipping"",""cause_id"":4053,""code"":""shipping.lost_me1_by_user"",""message"":""User has not mode me1"",""references"":[""user.shipping_preferences.modes""]}]"
VTK000399,VTK000399|MLB70090803,MLB7111708266,"[""MLB7111708266"",""MLB7314824296""]",80.8,64.56,"{""MLB7111708266"":200,""MLB7314824296"":200}",2026-09-05T01:09:06.452Z,"{""MLB7111708266"":64.56,""MLB7314824296"":64.56}","[{""department"":""shipping"",""cause_id"":4053,""code"":""shipping.lost_me1_by_user"",""message"":""User has not mode me1"",""references"":[""user.shipping_preferences.modes""]},{""department"":""shipping"",""cause_id"":4053,""code"":""shipping.lost_me1_by_user"",""message"":""User has not mode me1"",""references"":[""user.shipping_preferences.modes""]}]"
VTK000505,VTK000505|MLB19675702,MLB7009337154,"[""MLB7149264172"",""MLB7009337154""]",115.65,104.66,"{""MLB7009337154"":200,""MLB7149264172"":200}",2026-09-05T01:09:09.707Z,"{""MLB7149264172"":104.66,""MLB7009337154"":104.66}","[{""department"":""shipping"",""cause_id"":4053,""code"":""shipping.lost_me1_by_user"",""message"":""User has not mode me1"",""references"":[""user.shipping_preferences.modes""]},{""department"":""shipping"",""cause_id"":4053,""code"":""shipping.lost_me1_by_user"",""message"":""User has not mode me1"",""references"":[""user.shipping_preferences.modes""]}]"
VTK012426,VTK012426|MLB28374362,MLB7111651960,"[""MLB7149332484"",""MLB7111651960""]",63,57.09,"{""MLB7111651960"":200,""MLB7149332484"":200}",2026-09-05T01:09:13.046Z,"{""MLB7149332484"":57.09,""MLB7111651960"":57.09}","[{""department"":""shipping"",""cause_id"":4053,""code"":""shipping.lost_me1_by_user"",""message"":""User has not mode me1"",""references"":[""user.shipping_preferences.modes""]},{""department"":""shipping"",""cause_id"":4053,""code"":""shipping.lost_me1_by_user"",""message"":""User has not mode me1"",""references"":[""user.shipping_preferences.modes""]}]"
VTK012538,VTK012538|MLB25951807,MLB7111664224,"[""MLB4880563883"",""MLB7111664224""]",63,57.09,"{""MLB7111664224"":200,""MLB4880563883"":200}",2026-09-05T01:09:16.357Z,"{""MLB4880563883"":57.09,""MLB7111664224"":57.09}","[{""department"":""shipping"",""cause_id"":4053,""code"":""shipping.lost_me1_by_user"",""message"":""User has not mode me1"",""references"":[""user.shipping_preferences.modes""]},{""department"":""shipping"",""cause_id"":4053,""code"":""shipping.lost_me1_by_user"",""message"":""User has not mode me1"",""references"":[""user.shipping_preferences.modes""]}]"
VTK017221,VTK017221|MLB74922157,MLB4937384547,"[""MLB7298177250"",""MLB4937384547""]",63,56.64,"{""MLB4937384547"":200,""MLB7298177250"":200}",2026-09-05T01:09:19.753Z,"{""MLB7298177250"":56.64,""MLB4937384547"":56.64}","[{""department"":""shipping"",""cause_id"":4053,""code"":""shipping.lost_me1_by_user"",""message"":""User has not mode me1"",""references"":[""user.shipping_preferences.modes""]},{""department"":""shipping"",""cause_id"":4053,""code"":""shipping.lost_me1_by_user"",""message"":""User has not mode me1"",""references"":[""user.shipping_preferences.modes""]}]"
VTK012365,VTK012365|MLB7111664408,MLB7111664408,"[""MLB7111664408""]",62,56.13,"{""MLB7111664408"":200}",2026-09-05T01:09:20.461Z,"{""MLB7111664408"":56.13}","[{""department"":""shipping"",""cause_id"":4053,""code"":""shipping.lost_me1_by_user"",""message"":""User has not mode me1"",""references"":[""user.shipping_preferences.modes""]}]"
VTK012428,VTK012428|MLB24311607,MLB7111649586,"[""MLB4882855415"",""MLB7111649586""]",85.56,70.26,"{""MLB7111649586"":200,""MLB4882855415"":200}",2026-09-05T01:09:23.951Z,"{""MLB4882855415"":70.26,""MLB7111649586"":70.26}","[{""department"":""shipping"",""cause_id"":4053,""code"":""shipping.lost_me1_by_user"",""message"":""User has not mode me1"",""references"":[""user.shipping_preferences.modes""]},{""department"":""shipping"",""cause_id"":4053,""code"":""shipping.lost_me1_by_user"",""message"":""User has not mode me1"",""references"":[""user.shipping_preferences.modes""]}]"
VTK002230,VTK002230|MLB7111661890,MLB7111661890,"[""MLB7111661890""]",90.5,82.28,"{""MLB7111661890"":200}",2026-09-05T01:09:24.576Z,"{""MLB7111661890"":82.28}","[{""department"":""shipping"",""cause_id"":4053,""code"":""shipping.lost_me1_by_user"",""message"":""User has not mode me1"",""references"":[""user.shipping_preferences.modes""]}]"
VTK012234,VTK012234|MLB7111662638,MLB7111662638,"[""MLB7111662638""]",90.43,82.2,"{""MLB7111662638"":200}",2026-09-05T01:09:25.263Z,"{""MLB7111662638"":82.2}","[{""department"":""shipping"",""cause_id"":4053,""code"":""shipping.lost_me1_by_user"",""message"":""User has not mode me1"",""references"":[""user.shipping_preferences.modes""]}]"
VTK001499,VTK001499|MLB4897325977,MLB4897325977,"[""MLB4897325977""]",107.27,94.93,"{""MLB4897325977"":200}",2026-09-05T01:09:25.972Z,"{""MLB4897325977"":94.93}","[{""department"":""shipping"",""cause_id"":4053,""code"":""shipping.lost_me1_by_user"",""message"":""User has not mode me1"",""references"":[""user.shipping_preferences.modes""]}]"
VTK000009,VTK000009|MLB21348828,MLB4772557417,"[""MLB4772557417"",""MLB4786778733""]",115.06,104.65,"{""MLB4772557417"":200,""MLB4786778733"":200}",2026-09-05T01:09:29.128Z,"{""MLB4772557417"":104.65,""MLB4786778733"":104.65}","[{""department"":""shipping"",""cause_id"":4053,""code"":""shipping.lost_me1_by_user"",""message"":""User has not mode me1"",""references"":[""user.shipping_preferences.modes""]},{""department"":""shipping"",""cause_id"":4053,""code"":""shipping.lost_me1_by_user"",""message"":""User has not mode me1"",""references"":[""user.shipping_preferences.modes""]}]"
VTK000390,VTK000390|MLB25516654,MLB4841998927,"[""MLB4841998927"",""MLB7095340348""]",119.53,109.01,"{""MLB4841998927"":200,""MLB7095340348"":200}",2026-09-05T01:09:32.434Z,"{""MLB4841998927"":109.01,""MLB7095340348"":109.01}","[{""department"":""shipping"",""cause_id"":4053,""code"":""shipping.lost_me1_by_user"",""message"":""User has not mode me1"",""references"":[""user.shipping_preferences.modes""]},{""department"":""shipping"",""cause_id"":4053,""code"":""shipping.lost_me1_by_user"",""message"":""User has not mode me1"",""references"":[""user.shipping_preferences.modes""]}]"
VTK012717,VTK012717|MLB7111664026,MLB7111664026,"[""MLB7111664026""]",66,60.09,"{""MLB7111664026"":200}",2026-09-05T01:09:33.180Z,"{""MLB7111664026"":60.09}","[{""department"":""shipping"",""cause_id"":4053,""code"":""shipping.lost_me1_by_user"",""message"":""User has not mode me1"",""references"":[""user.shipping_preferences.modes""]}]"
VTK012491,VTK012491|MLB27389089,MLB4857541933,"[""MLB7149405296"",""MLB4857541933""]",145.5,131.83,"{""MLB4857541933"":200,""MLB7149405296"":200}",2026-09-05T01:09:36.471Z,"{""MLB7149405296"":131.83,""MLB4857541933"":131.83}","[{""department"":""shipping"",""cause_id"":4053,""code"":""shipping.lost_me1_by_user"",""message"":""User has not mode me1"",""references"":[""user.shipping_preferences.modes""]},{""department"":""shipping"",""cause_id"":4053,""code"":""shipping.lost_me1_by_user"",""message"":""User has not mode me1"",""references"":[""user.shipping_preferences.modes""]}]"
VTK017329,VTK017329|MLB36002261,MLB4937480137,"[""MLB4981702537"",""MLB4937480137""]",64,57.93,"{""MLB4937480137"":200,""MLB4981702537"":200}",2026-09-05T01:09:39.975Z,"{""MLB4981702537"":57.93,""MLB4937480137"":57.93}","[{""department"":""shipping"",""cause_id"":4053,""code"":""shipping.lost_me1_by_user"",""message"":""User has not mode me1"",""references"":[""user.shipping_preferences.modes""]},{""department"":""shipping"",""cause_id"":4053,""code"":""shipping.lost_me1_by_user"",""message"":""User has not mode me1"",""references"":[""user.shipping_preferences.modes""]}]"
VTK012323,VTK012323|MLB7111707118,MLB7111707118,"[""MLB7111707118""]",91.65,83.59,"{""MLB7111707118"":200}",2026-09-05T01:09:40.739Z,"{""MLB7111707118"":83.59}","[{""department"":""shipping"",""cause_id"":4053,""code"":""shipping.lost_me1_by_user"",""message"":""User has not mode me1"",""references"":[""user.shipping_preferences.modes""]}]"
VTK012105,VTK012105|MLB29349007,MLB7111716030,"[""MLB4880526015"",""MLB7111716030""]",25.94,23.69,"{""MLB7111716030"":200,""MLB4880526015"":200}",2026-09-05T01:09:44.263Z,"{""MLB4880526015"":23.69,""MLB7111716030"":23.69}","[{""department"":""shipping"",""cause_id"":4053,""code"":""shipping.lost_me1_by_user"",""message"":""User has not mode me1"",""references"":[""user.shipping_preferences.modes""]},{""department"":""shipping"",""cause_id"":4053,""code"":""shipping.lost_me1_by_user"",""message"":""User has not mode me1"",""references"":[""user.shipping_preferences.modes""]}]"
VTK018171,VTK018171|MLB7285487582,MLB7285487582,"[""MLB7285487582""]",152.76,134.52,"{""MLB7285487582"":200}",2026-09-05T01:09:44.933Z,"{""MLB7285487582"":134.52}","[{""department"":""shipping"",""cause_id"":4053,""code"":""shipping.lost_me1_by_user"",""message"":""User has not mode me1"",""references"":[""user.shipping_preferences.modes""]}]"
VTK012368,VTK012368|MLB22742946,MLB7111651800,"[""MLB4880585645"",""MLB7111651800""]",69,63.1,"{""MLB7111651800"":200,""MLB4880585645"":200}",2026-09-05T01:09:48.614Z,"{""MLB4880585645"":63.1,""MLB7111651800"":63.1}","[{""department"":""shipping"",""cause_id"":4053,""code"":""shipping.lost_me1_by_user"",""message"":""User has not mode me1"",""references"":[""user.shipping_preferences.modes""]},{""department"":""shipping"",""cause_id"":4053,""code"":""shipping.lost_me1_by_user"",""message"":""User has not mode me1"",""references"":[""user.shipping_preferences.modes""]}]"
VTK012516,VTK012516|MLB27578504,MLB7111658060,"[""MLB7149329698"",""MLB7111658060""]",107.82,95.65,"{""MLB7111658060"":200,""MLB7149329698"":200}",2026-09-05T01:09:51.887Z,"{""MLB7149329698"":95.65,""MLB7111658060"":95.65}","[{""department"":""shipping"",""cause_id"":4053,""code"":""shipping.lost_me1_by_user"",""message"":""User has not mode me1"",""references"":[""user.shipping_preferences.modes""]},{""department"":""shipping"",""cause_id"":4053,""code"":""shipping.lost_me1_by_user"",""message"":""User has not mode me1"",""references"":[""user.shipping_preferences.modes""]}]"
VTK001847,VTK001847|MLB7111661560,MLB7111661560,"[""MLB7111661560""]",93.57,85.9,"{""MLB7111661560"":200}",2026-09-05T01:09:52.616Z,"{""MLB7111661560"":85.9}","[{""department"":""shipping"",""cause_id"":4053,""code"":""shipping.lost_me1_by_user"",""message"":""User has not mode me1"",""references"":[""user.shipping_preferences.modes""]}]"
VTK012720,VTK012720|MLB7111708162,MLB7111708162,"[""MLB7111708162""]",71,65.11,"{""MLB7111708162"":200}",2026-09-05T01:09:53.311Z,"{""MLB7111708162"":65.11}","[{""department"":""shipping"",""cause_id"":4053,""code"":""shipping.lost_me1_by_user"",""message"":""User has not mode me1"",""references"":[""user.shipping_preferences.modes""]}]"
VTK012727,VTK012727|MLB7111662596,MLB7111662596,"[""MLB7111662596""]",71,65.11,"{""MLB7111662596"":200}",2026-09-05T01:09:54.019Z,"{""MLB7111662596"":65.11}","[{""department"":""shipping"",""cause_id"":4053,""code"":""shipping.lost_me1_by_user"",""message"":""User has not mode me1"",""references"":[""user.shipping_preferences.modes""]}]"
VTK012441,VTK012441|MLB7111649590,MLB7111649590,"[""MLB7111649590""]",86.04,79.14,"{""MLB7111649590"":200}",2026-09-05T01:09:54.665Z,"{""MLB7111649590"":79.14}","[{""department"":""shipping"",""cause_id"":4053,""code"":""shipping.lost_me1_by_user"",""message"":""User has not mode me1"",""references"":[""user.shipping_preferences.modes""]}]"
VTK009697,VTK009697|MLB4773180493,MLB4773180493,"[""MLB4773180493""]",112.6,102.94,"{""MLB4773180493"":200}",2026-09-05T01:09:55.372Z,"{""MLB4773180493"":102.94}","[{""department"":""shipping"",""cause_id"":4053,""code"":""shipping.lost_me1_by_user"",""message"":""User has not mode me1"",""references"":[""user.shipping_preferences.modes""]}]"
VTK009697,VTK009697|MLB7210717968,MLB7210717968,"[""MLB7210717968""]",112.6,102.94,"{""MLB7210717968"":200}",2026-09-05T01:09:56.095Z,"{""MLB7210717968"":102.94}","[{""department"":""shipping"",""cause_id"":4053,""code"":""shipping.lost_me1_by_user"",""message"":""User has not mode me1"",""references"":[""user.shipping_preferences.modes""]}]"
VTK012347,VTK012347|MLB36425561,MLB7111708152,"[""MLB4880581029"",""MLB7111708152""]",70,64.4,"{""MLB7111708152"":200,""MLB4880581029"":200}",2026-09-05T01:09:59.500Z,"{""MLB4880581029"":64.4,""MLB7111708152"":64.4}","[{""department"":""shipping"",""cause_id"":4053,""code"":""shipping.lost_me1_by_user"",""message"":""User has not mode me1"",""references"":[""user.shipping_preferences.modes""]},{""department"":""shipping"",""cause_id"":4053,""code"":""shipping.lost_me1_by_user"",""message"":""User has not mode me1"",""references"":[""user.shipping_preferences.modes""]}]"
VTK012438,VTK012438|MLB24911012,MLB7111661928,"[""MLB7313979446"",""MLB7111661928""]",89.33,82.06,"{""MLB7111661928"":200,""MLB7313979446"":200}",2026-09-05T01:10:02.725Z,"{""MLB7313979446"":82.06,""MLB7111661928"":82.06}","[{""department"":""shipping"",""cause_id"":4053,""code"":""shipping.lost_me1_by_user"",""message"":""User has not mode me1"",""references"":[""user.shipping_preferences.modes""]},{""department"":""shipping"",""cause_id"":4053,""code"":""shipping.lost_me1_by_user"",""message"":""User has not mode me1"",""references"":[""user.shipping_preferences.modes""]}]"
VTK012074,VTK012074|MLB4930415681,MLB4930415681,"[""MLB4930415681""]",71,64.83,"{""MLB4930415681"":200}",2026-09-05T01:10:03.473Z,"{""MLB4930415681"":64.83}","[{""department"":""shipping"",""cause_id"":4053,""code"":""shipping.lost_me1_by_user"",""message"":""User has not mode me1"",""references"":[""user.shipping_preferences.modes""]}]"
VTK012133,VTK012133|MLB7111708632,MLB7111708632,"[""MLB7111708632""]",67,61.65,"{""MLB7111708632"":200}",2026-09-05T01:10:04.283Z,"{""MLB7111708632"":61.65}","[{""department"":""shipping"",""cause_id"":4053,""code"":""shipping.lost_me1_by_user"",""message"":""User has not mode me1"",""references"":[""user.shipping_preferences.modes""]}]"
VTK012442,VTK012442|MLB7111645502,MLB7111645502,"[""MLB7111645502""]",109.26,100.84,"{""MLB7111645502"":200}",2026-09-05T01:10:04.980Z,"{""MLB7111645502"":100.84}","[{""department"":""shipping"",""cause_id"":4053,""code"":""shipping.lost_me1_by_user"",""message"":""User has not mode me1"",""references"":[""user.shipping_preferences.modes""]}]"
VTK018755,VTK018755|MLB7332776516,MLB7332776516,"[""MLB7332776516""]",148.92,136.82,"{""MLB7332776516"":200}",2026-09-05T01:10:05.632Z,"{""MLB7332776516"":136.82}","[{""department"":""shipping"",""cause_id"":4053,""code"":""shipping.lost_me1_by_user"",""message"":""User has not mode me1"",""references"":[""user.shipping_preferences.modes""]}]"
VTK012041,VTK012041|MLB4857542615,MLB4857542615,"[""MLB4857542615""]",123.96,111.76,"{""MLB4857542615"":200}",2026-09-05T01:10:06.264Z,"{""MLB4857542615"":111.76}","[{""department"":""shipping"",""cause_id"":4053,""code"":""shipping.lost_me1_by_user"",""message"":""User has not mode me1"",""references"":[""user.shipping_preferences.modes""]}]"
VTK012788,VTK012788|MLB25233515,MLB7111649230,"[""MLB4880586031"",""MLB7111649230""]",91.6,84.8,"{""MLB7111649230"":200,""MLB4880586031"":200}",2026-09-05T01:10:09.508Z,"{""MLB4880586031"":84.8,""MLB7111649230"":84.8}","[{""department"":""shipping"",""cause_id"":4053,""code"":""shipping.lost_me1_by_user"",""message"":""User has not mode me1"",""references"":[""user.shipping_preferences.modes""]},{""department"":""shipping"",""cause_id"":4053,""code"":""shipping.lost_me1_by_user"",""message"":""User has not mode me1"",""references"":[""user.shipping_preferences.modes""]}]"
VTK001809,VTK001809|MLB7111661794,MLB7111661794,"[""MLB7111661794""]",91.96,85.07,"{""MLB7111661794"":200}",2026-09-05T01:10:10.160Z,"{""MLB7111661794"":85.07}","[{""department"":""shipping"",""cause_id"":4053,""code"":""shipping.lost_me1_by_user"",""message"":""User has not mode me1"",""references"":[""user.shipping_preferences.modes""]}]"
VTK002209,VTK002209|MLB7111661676,MLB7111661676,"[""MLB7111661676""]",92.19,85.43,"{""MLB7111661676"":200}",2026-09-05T01:10:10.806Z,"{""MLB7111661676"":85.43}","[{""department"":""shipping"",""cause_id"":4053,""code"":""shipping.lost_me1_by_user"",""message"":""User has not mode me1"",""references"":[""user.shipping_preferences.modes""]}]"
VTK012296,VTK012296|MLB24347328,MLB7111661598,"[""MLB4880582419"",""MLB7111661598""]",89.68,83.15,"{""MLB7111661598"":200,""MLB4880582419"":200}",2026-09-05T01:10:13.998Z,"{""MLB4880582419"":83.15,""MLB7111661598"":83.15}","[{""department"":""shipping"",""cause_id"":4053,""code"":""shipping.lost_me1_by_user"",""message"":""User has not mode me1"",""references"":[""user.shipping_preferences.modes""]},{""department"":""shipping"",""cause_id"":4053,""code"":""shipping.lost_me1_by_user"",""message"":""User has not mode me1"",""references"":[""user.shipping_preferences.modes""]}]"
VTK012566,VTK012566|MLB39929514,MLB7111649152,"[""MLB7111649152"",""MLB7149333140""]",97.74,90.57,"{""MLB7111649152"":200,""MLB7149333140"":200}",2026-09-05T01:10:17.167Z,"{""MLB7111649152"":90.57,""MLB7149333140"":90.57}","[{""department"":""shipping"",""cause_id"":4053,""code"":""shipping.lost_me1_by_user"",""message"":""User has not mode me1"",""references"":[""user.shipping_preferences.modes""]},{""department"":""shipping"",""cause_id"":4053,""code"":""shipping.lost_me1_by_user"",""message"":""User has not mode me1"",""references"":[""user.shipping_preferences.modes""]}]"
VTK018239,VTK018239|MLB26849182,MLB4937384359,"[""MLB4942184227"",""MLB4937384359""]",69,63.72,"{""MLB4937384359"":200,""MLB4942184227"":200}",2026-09-05T01:10:20.591Z,"{""MLB4942184227"":63.72,""MLB4937384359"":63.72}","[{""department"":""shipping"",""cause_id"":4053,""code"":""shipping.lost_me1_by_user"",""message"":""User has not mode me1"",""references"":[""user.shipping_preferences.modes""]},{""department"":""shipping"",""cause_id"":4053,""code"":""shipping.lost_me1_by_user"",""message"":""User has not mode me1"",""references"":[""user.shipping_preferences.modes""]}]"
VTK018650,VTK018650|MLB7238896344,MLB7238896344,"[""MLB7238896344""]",69,63.72,"{""MLB7238896344"":200}",2026-09-05T01:10:21.388Z,"{""MLB7238896344"":63.72}","[{""department"":""shipping"",""cause_id"":4053,""code"":""shipping.lost_me1_by_user"",""message"":""User has not mode me1"",""references"":[""user.shipping_preferences.modes""]}]"
VTK012125,VTK012125|MLB22619152,MLB7111657728,"[""MLB4880565027"",""MLB7111657728""]",129.44,117.16,"{""MLB7111657728"":200,""MLB4880565027"":200}",2026-09-05T01:10:24.654Z,"{""MLB4880565027"":117.16,""MLB7111657728"":117.16}","[{""department"":""shipping"",""cause_id"":4053,""code"":""shipping.lost_me1_by_user"",""message"":""User has not mode me1"",""references"":[""user.shipping_preferences.modes""]},{""department"":""shipping"",""cause_id"":4053,""code"":""shipping.lost_me1_by_user"",""message"":""User has not mode me1"",""references"":[""user.shipping_preferences.modes""]}]"
VTK000474,VTK000474|MLB27376303,MLB4842009627,"[""MLB4842009627"",""MLB7095391988""]",144.48,133.32,"{""MLB4842009627"":200,""MLB7095391988"":200}",2026-09-05T01:10:27.813Z,"{""MLB4842009627"":133.32,""MLB7095391988"":133.32}","[{""department"":""shipping"",""cause_id"":4053,""code"":""shipping.lost_me1_by_user"",""message"":""User has not mode me1"",""references"":[""user.shipping_preferences.modes""]},{""department"":""shipping"",""cause_id"":4053,""code"":""shipping.lost_me1_by_user"",""message"":""User has not mode me1"",""references"":[""user.shipping_preferences.modes""]}]"
VTK003124,VTK003124|MLB7111661280,MLB7111661280,"[""MLB7111661280""]",93.32,86.62,"{""MLB7111661280"":200}",2026-09-05T01:10:28.451Z,"{""MLB7111661280"":86.62}","[{""department"":""shipping"",""cause_id"":4053,""code"":""shipping.lost_me1_by_user"",""message"":""User has not mode me1"",""references"":[""user.shipping_preferences.modes""]}]"
VTK012710,VTK012710|MLB7111645336,MLB7111645336,"[""MLB7111645336""]",114.77,106.66,"{""MLB7111645336"":200}",2026-09-05T01:10:29.187Z,"{""MLB7111645336"":106.66}","[{""department"":""shipping"",""cause_id"":4053,""code"":""shipping.lost_me1_by_user"",""message"":""User has not mode me1"",""references"":[""user.shipping_preferences.modes""]}]"
VTK012560,VTK012560|MLB27728295,MLB7111706684,"[""MLB7317387488"",""MLB7111706684""]",115.07,107.05,"{""MLB7111706684"":200,""MLB7317387488"":200}",2026-09-05T01:10:32.444Z,"{""MLB7317387488"":107.05,""MLB7111706684"":107.05}","[{""department"":""shipping"",""cause_id"":4053,""code"":""shipping.lost_me1_by_user"",""message"":""User has not mode me1"",""references"":[""user.shipping_preferences.modes""]},{""department"":""shipping"",""cause_id"":4053,""code"":""shipping.lost_me1_by_user"",""message"":""User has not mode me1"",""references"":[""user.shipping_preferences.modes""]}]"
VTK012722,VTK012722|MLB7111708522,MLB7111708522,"[""MLB7111708522""]",67,62.3,"{""MLB7111708522"":200}",2026-09-05T01:10:33.168Z,"{""MLB7111708522"":62.3}","[{""department"":""shipping"",""cause_id"":4053,""code"":""shipping.lost_me1_by_user"",""message"":""User has not mode me1"",""references"":[""user.shipping_preferences.modes""]}]"
VTK001736,VTK001736|MLB32422506,MLB7239009906,"[""MLB4942204387"",""MLB7239009906""]",67,62.1,"{""MLB7239009906"":200,""MLB4942204387"":200}",2026-09-05T01:10:36.496Z,"{""MLB4942204387"":62.1,""MLB7239009906"":62.1}","[{""department"":""shipping"",""cause_id"":4053,""code"":""shipping.lost_me1_by_user"",""message"":""User has not mode me1"",""references"":[""user.shipping_preferences.modes""]},{""department"":""shipping"",""cause_id"":4053,""code"":""shipping.lost_me1_by_user"",""message"":""User has not mode me1"",""references"":[""user.shipping_preferences.modes""]}]"
VTK000010,VTK000010|MLB21478839,MLB7076175412,"[""MLB7086773016"",""MLB7076175412""]",131.7,122.88,"{""MLB7076175412"":200,""MLB7086773016"":200}",2026-09-05T01:10:39.821Z,"{""MLB7086773016"":122.88,""MLB7076175412"":122.88}","[{""department"":""shipping"",""cause_id"":4053,""code"":""shipping.lost_me1_by_user"",""message"":""User has not mode me1"",""references"":[""user.shipping_preferences.modes""]},{""department"":""shipping"",""cause_id"":4053,""code"":""shipping.lost_me1_by_user"",""message"":""User has not mode me1"",""references"":[""user.shipping_preferences.modes""]}]"
VTK001084,VTK001084|MLB7111649168,MLB7111649168,"[""MLB7111649168""]",94.83,88.35,"{""MLB7111649168"":200}",2026-09-05T01:10:40.456Z,"{""MLB7111649168"":88.35}","[{""department"":""shipping"",""cause_id"":4053,""code"":""shipping.lost_me1_by_user"",""message"":""User has not mode me1"",""references"":[""user.shipping_preferences.modes""]}]"
VTK001122,VTK001122|MLB7258671368,MLB7258671368,"[""MLB7258671368""]",131.71,122.31,"{""MLB7258671368"":200}",2026-09-05T01:10:41.160Z,"{""MLB7258671368"":122.31}","[{""department"":""shipping"",""cause_id"":4053,""code"":""shipping.lost_me1_by_user"",""message"":""User has not mode me1"",""references"":[""user.shipping_preferences.modes""]}]"
VTK003981,VTK003981|MLB22338422,MLB7111645008,"[""MLB7320341490"",""MLB7111645008""]",131.71,122.31,"{""MLB7111645008"":200,""MLB7320341490"":200}",2026-09-05T01:10:44.403Z,"{""MLB7320341490"":122.31,""MLB7111645008"":122.31}","[{""department"":""shipping"",""cause_id"":4053,""code"":""shipping.lost_me1_by_user"",""message"":""User has not mode me1"",""references"":[""user.shipping_preferences.modes""]},{""department"":""shipping"",""cause_id"":4053,""code"":""shipping.lost_me1_by_user"",""message"":""User has not mode me1"",""references"":[""user.shipping_preferences.modes""]}]"
VTK001796,VTK001796|MLB21618608,MLB7111712036,"[""MLB7111712036"",""MLB7316881314""]",53,49.47,"{""MLB7111712036"":200,""MLB7316881314"":200}",2026-09-05T01:10:47.932Z,"{""MLB7111712036"":49.47,""MLB7316881314"":49.47}","[{""department"":""shipping"",""cause_id"":4053,""code"":""shipping.lost_me1_by_user"",""message"":""User has not mode me1"",""references"":[""user.shipping_preferences.modes""]},{""department"":""shipping"",""cause_id"":4053,""code"":""shipping.lost_me1_by_user"",""message"":""User has not mode me1"",""references"":[""user.shipping_preferences.modes""]}]"
VTK000036,VTK000036|MLB21618567,MLB7076429362,"[""MLB7076429362"",""MLB7108545962""]",146.05,136.37,"{""MLB7076429362"":200,""MLB7108545962"":200}",2026-09-05T01:10:51.116Z,"{""MLB7076429362"":136.37,""MLB7108545962"":136.37}","[{""department"":""shipping"",""cause_id"":4053,""code"":""shipping.lost_me1_by_user"",""message"":""User has not mode me1"",""references"":[""user.shipping_preferences.modes""]},{""department"":""shipping"",""cause_id"":4053,""code"":""shipping.lost_me1_by_user"",""message"":""User has not mode me1"",""references"":[""user.shipping_preferences.modes""]}]"
VTK012497,VTK012497|MLB7111709592,MLB7111709592,"[""MLB7111709592""]",65,60.72,"{""MLB7111709592"":200}",2026-09-05T01:10:51.909Z,"{""MLB7111709592"":60.72}","[{""department"":""shipping"",""cause_id"":4053,""code"":""shipping.lost_me1_by_user"",""message"":""User has not mode me1"",""references"":[""user.shipping_preferences.modes""]}]"
VTK000050,VTK000050|MLB23132963,MLB7111661992,"[""MLB7111661992"",""MLB4880564181""]",74,69.18,"{""MLB7111661992"":200,""MLB4880564181"":200}",2026-09-05T01:10:55.340Z,"{""MLB7111661992"":69.18,""MLB4880564181"":69.18}","[{""department"":""shipping"",""cause_id"":4053,""code"":""shipping.lost_me1_by_user"",""message"":""User has not mode me1"",""references"":[""user.shipping_preferences.modes""]},{""department"":""shipping"",""cause_id"":4053,""code"":""shipping.lost_me1_by_user"",""message"":""User has not mode me1"",""references"":[""user.shipping_preferences.modes""]}]"
VTK012615,VTK012615|MLB7111649692,MLB7111649692,"[""MLB7111649692""]",71,66.39,"{""MLB7111649692"":200}",2026-09-05T01:10:56.108Z,"{""MLB7111649692"":66.39}","[{""department"":""shipping"",""cause_id"":4053,""code"":""shipping.lost_me1_by_user"",""message"":""User has not mode me1"",""references"":[""user.shipping_preferences.modes""]}]"
VTK012254,VTK012254|MLB7111714512,MLB7111714512,"[""MLB7111714512""]",31.89,29.85,"{""MLB7111714512"":200}",2026-09-05T01:10:56.932Z,"{""MLB7111714512"":29.85}","[{""department"":""shipping"",""cause_id"":4053,""code"":""shipping.lost_me1_by_user"",""message"":""User has not mode me1"",""references"":[""user.shipping_preferences.modes""]}]"
VTK017604,VTK017604|MLB24799244,MLB7239070138,"[""MLB4942204073"",""MLB7239070138""]",64,59.51,"{""MLB7239070138"":200,""MLB4942204073"":200}",2026-09-05T01:11:00.466Z,"{""MLB4942204073"":59.51,""MLB7239070138"":59.51}","[{""department"":""shipping"",""cause_id"":4053,""code"":""shipping.lost_me1_by_user"",""message"":""User has not mode me1"",""references"":[""user.shipping_preferences.modes""]},{""department"":""shipping"",""cause_id"":4053,""code"":""shipping.lost_me1_by_user"",""message"":""User has not mode me1"",""references"":[""user.shipping_preferences.modes""]}]"
VTK017995,VTK017995|MLB4981462505,MLB4981462505,"[""MLB4981462505""]",109.29,101.7,"{""MLB4981462505"":200}",2026-09-05T01:11:01.225Z,"{""MLB4981462505"":101.7}","[{""department"":""shipping"",""cause_id"":4053,""code"":""shipping.lost_me1_by_user"",""message"":""User has not mode me1"",""references"":[""user.shipping_preferences.modes""]}]"
VTK017382,VTK017382|MLB4994951569,MLB4994951569,"[""MLB4994951569""]",107.49,100.03,"{""MLB4994951569"":200}",2026-09-05T01:11:01.941Z,"{""MLB4994951569"":100.03}","[{""department"":""shipping"",""cause_id"":4053,""code"":""shipping.lost_me1_by_user"",""message"":""User has not mode me1"",""references"":[""user.shipping_preferences.modes""]}]"
VTK003175,VTK003175|MLB32266157,MLB7111650726,"[""MLB7111650726"",""MLB7151451832""]",67.68,63.03,"{""MLB7111650726"":200,""MLB7151451832"":200}",2026-09-05T01:11:05.343Z,"{""MLB7111650726"":63.03,""MLB7151451832"":63.03}","[{""department"":""shipping"",""cause_id"":4053,""code"":""shipping.lost_me1_by_user"",""message"":""User has not mode me1"",""references"":[""user.shipping_preferences.modes""]},{""department"":""shipping"",""cause_id"":4053,""code"":""shipping.lost_me1_by_user"",""message"":""User has not mode me1"",""references"":[""user.shipping_preferences.modes""]}]"
VTK000041,VTK000041|MLB21868235,MLB7009323242,"[""MLB7009323242"",""MLB4801143851""]",131.13,122.31,"{""MLB7009323242"":200,""MLB4801143851"":200}",2026-09-05T01:11:08.607Z,"{""MLB7009323242"":122.31,""MLB4801143851"":122.31}","[{""department"":""shipping"",""cause_id"":4053,""code"":""shipping.lost_me1_by_user"",""message"":""User has not mode me1"",""references"":[""user.shipping_preferences.modes""]},{""department"":""shipping"",""cause_id"":4053,""code"":""shipping.lost_me1_by_user"",""message"":""User has not mode me1"",""references"":[""user.shipping_preferences.modes""]}]"
VTK012494,VTK012494|MLB26714215,MLB7111706810,"[""MLB7111706810"",""MLB7149328342""]",97.22,91.21,"{""MLB7111706810"":200,""MLB7149328342"":200}",2026-09-05T01:11:12.071Z,"{""MLB7111706810"":91.21,""MLB7149328342"":91.21}","[{""department"":""shipping"",""cause_id"":4053,""code"":""shipping.lost_me1_by_user"",""message"":""User has not mode me1"",""references"":[""user.shipping_preferences.modes""]},{""department"":""shipping"",""cause_id"":4053,""code"":""shipping.lost_me1_by_user"",""message"":""User has not mode me1"",""references"":[""user.shipping_preferences.modes""]}]"
VTK012679,VTK012679|MLB26714213,MLB4857542181,"[""MLB7149374692"",""MLB4857542181""]",135.34,126.42,"{""MLB4857542181"":200,""MLB7149374692"":200}",2026-09-05T01:11:15.340Z,"{""MLB7149374692"":126.42,""MLB4857542181"":126.42}","[{""department"":""shipping"",""cause_id"":4053,""code"":""shipping.lost_me1_by_user"",""message"":""User has not mode me1"",""references"":[""user.shipping_preferences.modes""]},{""department"":""shipping"",""cause_id"":4053,""code"":""shipping.lost_me1_by_user"",""message"":""User has not mode me1"",""references"":[""user.shipping_preferences.modes""]}]"
VTK003137,VTK003137|MLB7111649008,MLB7111649008,"[""MLB7111649008""]",97.95,91.92,"{""MLB7111649008"":200}",2026-09-05T01:11:15.992Z,"{""MLB7111649008"":91.92}","[{""department"":""shipping"",""cause_id"":4053,""code"":""shipping.lost_me1_by_user"",""message"":""User has not mode me1"",""references"":[""user.shipping_preferences.modes""]}]"
VTK012718,VTK012718|MLB7111649510,MLB7111649510,"[""MLB7111649510""]",78,73.23,"{""MLB7111649510"":200}",2026-09-05T01:11:16.727Z,"{""MLB7111649510"":73.23}","[{""department"":""shipping"",""cause_id"":4053,""code"":""shipping.lost_me1_by_user"",""message"":""User has not mode me1"",""references"":[""user.shipping_preferences.modes""]}]"
VTK012739,VTK012739|MLB7111649520,MLB7111649520,"[""MLB7111649520""]",78,73.23,"{""MLB7111649520"":200}",2026-09-05T01:11:17.465Z,"{""MLB7111649520"":73.23}","[{""department"":""shipping"",""cause_id"":4053,""code"":""shipping.lost_me1_by_user"",""message"":""User has not mode me1"",""references"":[""user.shipping_preferences.modes""]}]"
VTK012067,VTK012067|MLB7111714668,MLB7111714668,"[""MLB7111714668""]",32,30.02,"{""MLB7111714668"":200}",2026-09-05T01:11:18.174Z,"{""MLB7111714668"":30.02}","[{""department"":""shipping"",""cause_id"":4053,""code"":""shipping.lost_me1_by_user"",""message"":""User has not mode me1"",""references"":[""user.shipping_preferences.modes""]}]"
VTK012394,VTK012394|MLB21794269,MLB4857636689,"[""MLB4857636689"",""MLB7149338064""]",45,42.32,"{""MLB4857636689"":200,""MLB7149338064"":200}",2026-09-05T01:11:21.569Z,"{""MLB4857636689"":42.32,""MLB7149338064"":42.32}","[{""department"":""shipping"",""cause_id"":4053,""code"":""shipping.lost_me1_by_user"",""message"":""User has not mode me1"",""references"":[""user.shipping_preferences.modes""]},{""department"":""shipping"",""cause_id"":4053,""code"":""shipping.lost_me1_by_user"",""message"":""User has not mode me1"",""references"":[""user.shipping_preferences.modes""]}]"
VTK012460,VTK012460|MLB7111648658,MLB7111648658,"[""MLB7111648658""]",121.68,110.71,"{""MLB7111648658"":200}",2026-09-05T01:11:22.323Z,"{""MLB7111648658"":110.71}","[{""department"":""shipping"",""cause_id"":4053,""code"":""shipping.lost_me1_by_user"",""message"":""User has not mode me1"",""references"":[""user.shipping_preferences.modes""]}]"
VTK017213,VTK017213|MLB4937477631,MLB4937477631,"[""MLB4937477631""]",72,67.41,"{""MLB4937477631"":200}",2026-09-05T01:11:23.042Z,"{""MLB4937477631"":67.41}","[{""department"":""shipping"",""cause_id"":4053,""code"":""shipping.lost_me1_by_user"",""message"":""User has not mode me1"",""references"":[""user.shipping_preferences.modes""]}]"
VTK018723,VTK018723|MLB50745398,MLB4981290435,"[""MLB4981290435"",""MLB7313273036""]",109.17,102.46,"{""MLB4981290435"":200,""MLB7313273036"":200}",2026-09-05T01:11:26.297Z,"{""MLB4981290435"":102.46,""MLB7313273036"":102.46}","[{""department"":""shipping"",""cause_id"":4053,""code"":""shipping.lost_me1_by_user"",""message"":""User has not mode me1"",""references"":[""user.shipping_preferences.modes""]},{""department"":""shipping"",""cause_id"":4053,""code"":""shipping.lost_me1_by_user"",""message"":""User has not mode me1"",""references"":[""user.shipping_preferences.modes""]}]"
VTK012004,VTK012004|MLB23160283,MLB7111661840,"[""MLB4880564363"",""MLB7111661840""]",78.9,74.25,"{""MLB7111661840"":200,""MLB4880564363"":200}",2026-09-05T01:11:29.612Z,"{""MLB4880564363"":74.25,""MLB7111661840"":74.25}","[{""department"":""shipping"",""cause_id"":4053,""code"":""shipping.lost_me1_by_user"",""message"":""User has not mode me1"",""references"":[""user.shipping_preferences.modes""]},{""department"":""shipping"",""cause_id"":4053,""code"":""shipping.lost_me1_by_user"",""message"":""User has not mode me1"",""references"":[""user.shipping_preferences.modes""]}]"
VTK001738,VTK001738|MLB21701538,MLB7111662740,"[""MLB4880564099"",""MLB7111662740""]",65,61.27,"{""MLB7111662740"":200,""MLB4880564099"":200}",2026-09-05T01:11:32.894Z,"{""MLB4880564099"":61.27,""MLB7111662740"":61.27}","[{""department"":""shipping"",""cause_id"":4053,""code"":""shipping.lost_me1_by_user"",""message"":""User has not mode me1"",""references"":[""user.shipping_preferences.modes""]},{""department"":""shipping"",""cause_id"":4053,""code"":""shipping.lost_me1_by_user"",""message"":""User has not mode me1"",""references"":[""user.shipping_preferences.modes""]}]"
VTK017328,VTK017328|MLB35155590,MLB7285976274,"[""MLB7285976274"",""MLB4971957747""]",72,67.53,"{""MLB7285976274"":200,""MLB4971957747"":200}",2026-09-05T01:11:36.236Z,"{""MLB7285976274"":67.53,""MLB4971957747"":67.53}","[{""department"":""shipping"",""cause_id"":4053,""code"":""shipping.lost_me1_by_user"",""message"":""User has not mode me1"",""references"":[""user.shipping_preferences.modes""]},{""department"":""shipping"",""cause_id"":4053,""code"":""shipping.lost_me1_by_user"",""message"":""User has not mode me1"",""references"":[""user.shipping_preferences.modes""]}]"
VTK012708,VTK012708|MLB4857542233,MLB4857542233,"[""MLB4857542233""]",138.97,130.42,"{""MLB4857542233"":200}",2026-09-05T01:11:36.865Z,"{""MLB4857542233"":130.42}","[{""department"":""shipping"",""cause_id"":4053,""code"":""shipping.lost_me1_by_user"",""message"":""User has not mode me1"",""references"":[""user.shipping_preferences.modes""]}]"
VTK026029,VTK026029|MLB5075857033,MLB5075857033,"[""MLB5075857033""]",149,140.7,"{""MLB5075857033"":200}",2026-09-05T01:11:37.506Z,"{""MLB5075857033"":140.7}","[{""department"":""shipping"",""cause_id"":4053,""code"":""shipping.lost_me1_by_user"",""message"":""User has not mode me1"",""references"":[""user.shipping_preferences.modes""]}]"
VTK000004,VTK000004|MLB21604990,MLB6955942282,"[""MLB6955942282"",""MLB4786776935""]",126.26,116.68,"{""MLB6955942282"":200,""MLB4786776935"":200}",2026-09-05T01:11:40.771Z,"{""MLB6955942282"":116.68,""MLB4786776935"":116.68}","[{""department"":""shipping"",""cause_id"":4053,""code"":""shipping.lost_me1_by_user"",""message"":""User has not mode me1"",""references"":[""user.shipping_preferences.modes""]},{""department"":""shipping"",""cause_id"":4053,""code"":""shipping.lost_me1_by_user"",""message"":""User has not mode me1"",""references"":[""user.shipping_preferences.modes""]}]"
VTK012744,VTK012744|MLB7111649808,MLB7111649808,"[""MLB7111649808""]",71,67.1,"{""MLB7111649808"":200}",2026-09-05T01:11:41.572Z,"{""MLB7111649808"":67.1}","[{""department"":""shipping"",""cause_id"":4053,""code"":""shipping.lost_me1_by_user"",""message"":""User has not mode me1"",""references"":[""user.shipping_preferences.modes""]}]"
VTK012747,VTK012747|MLB7111707868,MLB7111707868,"[""MLB7111707868""]",71,67.1,"{""MLB7111707868"":200}",2026-09-05T01:11:42.487Z,"{""MLB7111707868"":67.1}","[{""department"":""shipping"",""cause_id"":4053,""code"":""shipping.lost_me1_by_user"",""message"":""User has not mode me1"",""references"":[""user.shipping_preferences.modes""]}]"
VTK019071,VTK019071|MLB7332777766,MLB7332777766,"[""MLB7332777766""]",107.41,101.23,"{""MLB7332777766"":200}",2026-09-05T01:11:43.203Z,"{""MLB7332777766"":101.23}","[{""department"":""shipping"",""cause_id"":4053,""code"":""shipping.lost_me1_by_user"",""message"":""User has not mode me1"",""references"":[""user.shipping_preferences.modes""]}]"
VTK017945,VTK017945|MLB21551509,MLB4937479947,"[""MLB4981702571"",""MLB4937479947""]",78.9,74.67,"{""MLB4937479947"":200,""MLB4981702571"":200}",2026-09-05T01:11:46.574Z,"{""MLB4981702571"":74.67,""MLB4937479947"":74.67}","[{""department"":""shipping"",""cause_id"":4053,""code"":""shipping.lost_me1_by_user"",""message"":""User has not mode me1"",""references"":[""user.shipping_preferences.modes""]},{""department"":""shipping"",""cause_id"":4053,""code"":""shipping.lost_me1_by_user"",""message"":""User has not mode me1"",""references"":[""user.shipping_preferences.modes""]}]"
VTK002336,VTK002336|MLB4857530991,MLB4857530991,"[""MLB4857530991""]",126.44,116.68,"{""MLB4857530991"":200}",2026-09-05T01:11:47.317Z,"{""MLB4857530991"":116.68}","[{""department"":""shipping"",""cause_id"":4053,""code"":""shipping.lost_me1_by_user"",""message"":""User has not mode me1"",""references"":[""user.shipping_preferences.modes""]}]"
VTK018513,VTK018513|MLB7285499326,MLB7285499326,"[""MLB7285499326""]",107.7,101.72,"{""MLB7285499326"":200}",2026-09-05T01:11:48.024Z,"{""MLB7285499326"":101.72}","[{""department"":""shipping"",""cause_id"":4053,""code"":""shipping.lost_me1_by_user"",""message"":""User has not mode me1"",""references"":[""user.shipping_preferences.modes""]}]"
VTK017331,VTK017331|MLB7332784730,MLB7332784730,"[""MLB7332784730""]",123.53,113.69,"{""MLB7332784730"":200}",2026-09-05T01:11:48.665Z,"{""MLB7332784730"":113.69}","[{""department"":""shipping"",""cause_id"":4053,""code"":""shipping.lost_me1_by_user"",""message"":""User has not mode me1"",""references"":[""user.shipping_preferences.modes""]}]"
VTK009697,VTK009697|MLB4907843137,MLB4907843137,"[""MLB4907843137""]",101,92.63,"{""MLB4907843137"":200}",2026-09-05T01:11:49.353Z,"{""MLB4907843137"":92.63}","[{""department"":""shipping"",""cause_id"":4053,""code"":""shipping.lost_me1_by_user"",""message"":""User has not mode me1"",""references"":[""user.shipping_preferences.modes""]}]"
VTK018183,VTK018183|MLB7332099078,MLB7332099078,"[""MLB7332099078""]",100.19,90.45,"{""MLB7332099078"":200}",2026-09-05T01:11:50.074Z,"{""MLB7332099078"":90.45}","[{""department"":""shipping"",""cause_id"":4053,""code"":""shipping.lost_me1_by_user"",""message"":""User has not mode me1"",""references"":[""user.shipping_preferences.modes""]}]"
VTK018622,VTK018622|MLB7332775850,MLB7332775850,"[""MLB7332775850""]",100.19,90.45,"{""MLB7332775850"":200}",2026-09-05T01:11:50.840Z,"{""MLB7332775850"":90.45}","[{""department"":""shipping"",""cause_id"":4053,""code"":""shipping.lost_me1_by_user"",""message"":""User has not mode me1"",""references"":[""user.shipping_preferences.modes""]}]"
VTK019068,VTK019068|MLB7332777742,MLB7332777742,"[""MLB7332777742""]",100.19,90.45,"{""MLB7332777742"":200}",2026-09-05T01:11:51.606Z,"{""MLB7332777742"":90.45}","[{""department"":""shipping"",""cause_id"":4053,""code"":""shipping.lost_me1_by_user"",""message"":""User has not mode me1"",""references"":[""user.shipping_preferences.modes""]}]"
VTK012791,VTK012791|MLB7111707566,MLB7111707566,"[""MLB7111707566""]",73,69.33,"{""MLB7111707566"":200}",2026-09-05T01:11:52.335Z,"{""MLB7111707566"":69.33}","[{""department"":""shipping"",""cause_id"":4053,""code"":""shipping.lost_me1_by_user"",""message"":""User has not mode me1"",""references"":[""user.shipping_preferences.modes""]}]"
VTK012202,VTK012202|MLB38354413,MLB7111661784,"[""MLB7111661784"",""MLB7400501212""]",78.9,74.85,"{""MLB7111661784"":200,""MLB7400501212"":200}",2026-09-05T01:12:33.979Z,"{""MLB7111661784"":74.85,""MLB7400501212"":74.85}","[{""department"":""shipping"",""cause_id"":4053,""code"":""shipping.lost_me1_by_user"",""message"":""User has not mode me1"",""references"":[""user.shipping_preferences.modes""]},{""department"":""shipping"",""cause_id"":4053,""code"":""shipping.lost_me1_by_user"",""message"":""User has not mode me1"",""references"":[""user.shipping_preferences.modes""]}]"
VTK000213,VTK000213|MLB33654106,MLB4857637265,"[""MLB4857637265"",""MLB7149337698""]",35.74,34.08,"{""MLB4857637265"":200,""MLB7149337698"":200}",2026-09-05T01:12:37.618Z,"{""MLB4857637265"":34.08,""MLB7149337698"":34.08}","[{""department"":""shipping"",""cause_id"":4053,""code"":""shipping.lost_me1_by_user"",""message"":""User has not mode me1"",""references"":[""user.shipping_preferences.modes""]},{""department"":""shipping"",""cause_id"":4053,""code"":""shipping.lost_me1_by_user"",""message"":""User has not mode me1"",""references"":[""user.shipping_preferences.modes""]}]"
VTK002090,VTK002090|MLB7111650240,MLB7111650240,"[""MLB7111650240""]",94.9,90.44,"{""MLB7111650240"":200}",2026-09-05T01:12:38.261Z,"{""MLB7111650240"":90.44}","[{""department"":""shipping"",""cause_id"":4053,""code"":""shipping.lost_me1_by_user"",""message"":""User has not mode me1"",""references"":[""user.shipping_preferences.modes""]}]"
VTK012816,VTK012816|MLB7111657598,MLB7111657598,"[""MLB7111657598""]",132.1,125.58,"{""MLB7111657598"":200}",2026-09-05T01:12:38.926Z,"{""MLB7111657598"":125.58}","[{""department"":""shipping"",""cause_id"":4053,""code"":""shipping.lost_me1_by_user"",""message"":""User has not mode me1"",""references"":[""user.shipping_preferences.modes""]}]"
VTK012725,VTK012725|MLB7111661750,MLB7111661750,"[""MLB7111661750""]",78.9,75.27,"{""MLB7111661750"":200}",2026-09-05T01:12:39.647Z,"{""MLB7111661750"":75.27}","[{""department"":""shipping"",""cause_id"":4053,""code"":""shipping.lost_me1_by_user"",""message"":""User has not mode me1"",""references"":[""user.shipping_preferences.modes""]}]"
VTK005540,VTK005540|MLB36024781,MLB4857542091,"[""MLB4880632595"",""MLB4857542091""]",133.77,127.59,"{""MLB4857542091"":200,""MLB4880632595"":200}",2026-09-05T01:12:42.908Z,"{""MLB4880632595"":127.59,""MLB4857542091"":127.59}","[{""department"":""shipping"",""cause_id"":4053,""code"":""shipping.lost_me1_by_user"",""message"":""User has not mode me1"",""references"":[""user.shipping_preferences.modes""]},{""department"":""shipping"",""cause_id"":4053,""code"":""shipping.lost_me1_by_user"",""message"":""User has not mode me1"",""references"":[""user.shipping_preferences.modes""]}]"
VTK017644,VTK017644|MLB7332095634,MLB7332095634,"[""MLB7332095634""]",109.18,104.33,"{""MLB7332095634"":200}",2026-09-05T01:12:43.535Z,"{""MLB7332095634"":104.33}","[{""department"":""shipping"",""cause_id"":4053,""code"":""shipping.lost_me1_by_user"",""message"":""User has not mode me1"",""references"":[""user.shipping_preferences.modes""]}]"
VTK018738,VTK018738|MLB7332776462,MLB7332776462,"[""MLB7332776462""]",109.18,104.33,"{""MLB7332776462"":200}",2026-09-05T01:12:44.142Z,"{""MLB7332776462"":104.33}","[{""department"":""shipping"",""cause_id"":4053,""code"":""shipping.lost_me1_by_user"",""message"":""User has not mode me1"",""references"":[""user.shipping_preferences.modes""]}]"
VTK018764,VTK018764|MLB7332789328,MLB7332789328,"[""MLB7332789328""]",109.18,104.33,"{""MLB7332789328"":200}",2026-09-05T01:12:44.767Z,"{""MLB7332789328"":104.33}","[{""department"":""shipping"",""cause_id"":4053,""code"":""shipping.lost_me1_by_user"",""message"":""User has not mode me1"",""references"":[""user.shipping_preferences.modes""]}]"
