sku,produto,fornecedor,custo,estoque,revisado_65,anterior,fila,etapa,identidade,conflito,economia,demanda,preco_competitivo,preco_piso,preco_alvo,break_even,margem_competitiva_pct,contribuicao,tributo_pct,tributo_status,recuperado_piso_10,motivos,avisos,revisao_identidade_previa,recomendacao,fonte,avaliado_em
VTK018924,Telefone Celular Fixo Intelbras Gsm Cfa 4211 4114211,Evolusom Comercial Ltda,362.9,4,TRUE,APROVADO_NOS_CUSTOS_CONSIDERADOS,PRONTOS_PARA_ANALISE,PRONTO_PARA_PREPARACAO,IDENTIDADE_COHERENTE,SEM_CONFLITO,VIAVEL_NO_ALVO,SINAL_INDIRETO,803.64,547.68,570.94,500.19,30.47882136,244.94,8.279935224,estimated,FALSE,,APRESENTACAO_NAO_EXPLICITA; CUSTOS_VARIAVEIS_NAO_INFORMADOS; TRIBUTO_ESTIMADO,"Intelbras CFA 4211, kit telefone fixo GSM, preto; modelo confirmado na descrição do fornecedor.",Analisar sinal indireto e completar preparação,mercado/VTK018924.json,2026-09-05T15:16:37.457Z
VTK005172,Ponta de Prova Minipa MTL24,Evolusom Comercial Ltda,66.4,16,TRUE,APROVADO_NOS_CUSTOS_CONSIDERADOS,PRONTOS_PARA_ANALISE,PRONTO_PARA_PREPARACAO,IDENTIDADE_COHERENTE,SEM_CONFLITO,VIAVEL_NO_ALVO,SINAL_INDIRETO,139.83,111.57,114.64,104.56,20.11013373,28.12,8.279935224,estimated,FALSE,,APRESENTACAO_NAO_EXPLICITA; CUSTOS_VARIAVEIS_NAO_INFORMADOS; TRIBUTO_ESTIMADO,"Descrição do fornecedor identifica MTL-24A, confirmando o sufixo A ausente no título local abreviado.",Analisar sinal indireto e completar preparação,mercado/VTK005172.json,2026-09-05T15:16:37.457Z
VTK018303,"Corda Giannini Para Contrabaixo Geebrs 6 0.032"" Pesado",Evolusom Comercial Ltda,100.5,10,TRUE,APROVADO_NOS_CUSTOS_CONSIDERADOS,PRONTOS_PARA_ANALISE,PRONTO_PARA_PREPARACAO,IDENTIDADE_COHERENTE,SEM_CONFLITO,VIAVEL_NO_ALVO,SINAL_INDIRETO,175,158.96,163.28,149.03,11.90857143,20.84,8.279935224,estimated,FALSE,,APRESENTACAO_NAO_EXPLICITA; CUSTOS_VARIAVEIS_NAO_INFORMADOS; TRIBUTO_ESTIMADO,"Giannini GEEBRS/6 pesado .032, jogo para baixo de seis cordas; seis cordas por encordoamento, não seis jogos.",Analisar sinal indireto e completar preparação,mercado/VTK018303.json,2026-09-05T15:16:37.457Z
VTK012944,Correia Vt Sl 82 Cafe Floral Basso,BKR 1 Comercio e Importação Ltda,71.33,6,TRUE,FORA_DO_PISO_COMPETITIVO,PRONTOS_PARA_ANALISE,PRONTO_PARA_PREPARACAO,IDENTIDADE_COHERENTE,SEM_CONFLITO,VIAVEL_ACIMA_DO_PISO,SINAL_INDIRETO,120.07,118.96,122.21,111.55,5.688348463,6.83,8.279935224,estimated,TRUE,,APRESENTACAO_NAO_EXPLICITA; CUSTOS_VARIAVEIS_NAO_INFORMADOS; TRIBUTO_ESTIMADO,"Basso VT SL 82, café floral, correia de couro; descrição do fornecedor confirma modelo e acabamento.",Analisar sinal indireto e completar preparação,mercado/VTK012944.json,2026-09-05T15:16:37.457Z
VTK000129,Par de Caixa Som Ambiente JBL C621P 50W Preto - PAR / 2,Evolusom Comercial Ltda,899.9,50,FALSE,NAO_CONCLUSIVO,REATIVACOES,REATIVACAO_CANDIDATA,IDENTIDADE_INCONCLUSIVA,INCONCLUSIVO,INCONCLUSIVO,RANKING_ML,839,,,,,,8.279935224,estimated,FALSE,EVIDENCIA_IDENTIDADE_INCOMPLETA; COMPOSICAO_KIT_NAO_COMPROVADA; REATIVACAO_CANDIDATA; INCONCLUSIVO,,,Revisar reativação do anúncio existente,mercado/VTK000129.json,2026-09-05T15:16:37.457Z
VTK001031,Panela Elétrica Agratto PA10X Riso 127v,Evolusom Comercial Ltda,124.9,50,FALSE,NAO_CONCLUSIVO,REATIVACOES,REATIVACAO_CANDIDATA,IDENTIDADE_COHERENTE,INCONCLUSIVO,INCONCLUSIVO,RANKING_ML,157,,,,,,8.279935224,estimated,FALSE,REATIVACAO_CANDIDATA; INCONCLUSIVO,APRESENTACAO_NAO_EXPLICITA,,Revisar reativação do anúncio existente,mercado/VTK001031.json,2026-09-05T15:16:37.457Z
VTK002002,Ventilador de Mesa Ventisol Turbo 6 40cm Preto/Cinza 127v,Evolusom Comercial Ltda,114.9,50,FALSE,NAO_CONCLUSIVO,REATIVACOES,REATIVACAO_CANDIDATA,IDENTIDADE_COHERENTE,INCONCLUSIVO,INCONCLUSIVO,RANKING_ML,135.93,,,,,,8.279935224,estimated,FALSE,REATIVACAO_CANDIDATA; INCONCLUSIVO,APRESENTACAO_NAO_EXPLICITA,,Revisar reativação do anúncio existente,mercado/VTK002002.json,2026-09-05T15:16:37.457Z
VTK017198,Limpa Contato Implastec 130g Aerosol,Evolusom Comercial Ltda,11.5,50,FALSE,NAO_CONCLUSIVO,REATIVACOES,REATIVACAO_CANDIDATA,IDENTIDADE_COHERENTE,INCONCLUSIVO,INCONCLUSIVO,RANKING_ML,22.19,,,,,,8.279935224,estimated,FALSE,REATIVACAO_CANDIDATA; INCONCLUSIVO,APRESENTACAO_NAO_EXPLICITA,,Revisar reativação do anúncio existente,mercado/VTK017198.json,2026-09-05T15:16:37.457Z
VTK021001,"Alto Falante Pioneer 6x9"" Ts-6960br 200rms Par",Evolusom Comercial Ltda,225.99,20,FALSE,NAO_CONCLUSIVO,REATIVACOES,REATIVACAO_CANDIDATA,IDENTIDADE_COHERENTE,INCONCLUSIVO,INCONCLUSIVO,RANKING_ML,225,,,,,,8.279935224,estimated,FALSE,REATIVACAO_CANDIDATA; INCONCLUSIVO,,,Revisar reativação do anúncio existente,mercado/VTK021001.json,2026-09-05T15:16:37.457Z
VTK021012,Telefone Intelbras Gondola Tc-20 Preto Com Fio 4090401,Evolusom Comercial Ltda,38.9,16,FALSE,NAO_CONCLUSIVO,REATIVACOES,REATIVACAO_CANDIDATA,IDENTIDADE_COHERENTE,INCONCLUSIVO,INCONCLUSIVO,RANKING_ML,48.29,,,,,,8.279935224,estimated,FALSE,REATIVACAO_CANDIDATA; INCONCLUSIVO,APRESENTACAO_NAO_EXPLICITA,,Revisar reativação do anúncio existente,mercado/VTK021012.json,2026-09-05T15:16:37.457Z
VTK003366,Encordoamento Para Guitarra 0.10 Niquel Regular Slinky 2221 Ernie Ball,BKR 1 Comercio e Importação Ltda,57.78,14,FALSE,NAO_CONCLUSIVO,REATIVACOES,REATIVACAO_CANDIDATA,IDENTIDADE_INCONCLUSIVA,INCONCLUSIVO,INCONCLUSIVO,RANKING_ML,49,,,,,,8.279935224,estimated,FALSE,EVIDENCIA_IDENTIDADE_INCOMPLETA; REATIVACAO_CANDIDATA; INCONCLUSIVO,APRESENTACAO_NAO_EXPLICITA,,Revisar reativação do anúncio existente,mercado/VTK003366.json,2026-09-05T15:16:37.457Z
VTK002038,Ventilador de Mesa Ventisol Turbo 6 40cm Preto/Cinza 220v,Evolusom Comercial Ltda,114.9,7,FALSE,NAO_CONCLUSIVO,REATIVACOES,REATIVACAO_CANDIDATA,IDENTIDADE_COHERENTE,INCONCLUSIVO,INCONCLUSIVO,RANKING_ML,89.9,,,,,,8.279935224,estimated,FALSE,REATIVACAO_CANDIDATA; INCONCLUSIVO,APRESENTACAO_NAO_EXPLICITA,,Revisar reativação do anúncio existente,mercado/VTK002038.json,2026-09-05T15:16:37.457Z
VTK022227,Panela Elétrica Arroz E Legumes Agratto Riso Pa10x 10 Xícaras - 220v,Evolusom Comercial Ltda,154.9,4,FALSE,NAO_CONCLUSIVO,REATIVACOES,REATIVACAO_CANDIDATA,IDENTIDADE_COHERENTE,INCONCLUSIVO,INCONCLUSIVO,RANKING_ML,150,,,,,,8.279935224,estimated,FALSE,REATIVACAO_CANDIDATA; INCONCLUSIVO,APRESENTACAO_NAO_EXPLICITA,,Revisar reativação do anúncio existente,mercado/VTK022227.json,2026-09-05T15:16:37.457Z
VTK002677,Ventilador de Parede Ventisol Turbo 6 Steel 50cm,Evolusom Comercial Ltda,189.9,50,FALSE,NAO_CONCLUSIVO,REATIVACOES,REATIVACAO_CANDIDATA,IDENTIDADE_COHERENTE,INCONCLUSIVO,INCONCLUSIVO,SINAL_INDIRETO,229,,,,,,8.279935224,estimated,FALSE,REATIVACAO_CANDIDATA; INCONCLUSIVO,APRESENTACAO_NAO_EXPLICITA,,Revisar reativação do anúncio existente,mercado/VTK002677.json,2026-09-05T15:16:37.457Z
VTK012625,Escova Rotativa Della Bivolt 1200w Agratto,Evolusom Comercial Ltda,103.9,50,FALSE,NAO_CONCLUSIVO,REATIVACOES,REATIVACAO_CANDIDATA,IDENTIDADE_COHERENTE,INCONCLUSIVO,INCONCLUSIVO,SINAL_INDIRETO,115,,,,,,8.279935224,estimated,FALSE,REATIVACAO_CANDIDATA; INCONCLUSIVO,APRESENTACAO_NAO_EXPLICITA,,Revisar reativação do anúncio existente,mercado/VTK012625.json,2026-09-05T15:16:37.457Z
VTK000171,Ventilador de Parede Ventisol Oscilante 60cm Aço Preto Bivolt,Evolusom Comercial Ltda,196.9,15,FALSE,NAO_CONCLUSIVO,REATIVACOES,REATIVACAO_CANDIDATA,IDENTIDADE_INCONCLUSIVA,INCONCLUSIVO,INCONCLUSIVO,SINAL_INDIRETO,246.9,,,,,,8.279935224,estimated,FALSE,EVIDENCIA_IDENTIDADE_INCOMPLETA; REATIVACAO_CANDIDATA; INCONCLUSIVO,APRESENTACAO_NAO_EXPLICITA,,Revisar reativação do anúncio existente,mercado/VTK000171.json,2026-09-05T15:16:37.457Z
VTK000118,Ventilador de Parede Ventisol Power 70 68cm Preto/Prata Bivolt,BKR 1 Comercio e Importação Ltda,332.95,7,FALSE,NAO_CONCLUSIVO,REATIVACOES,REATIVACAO_CANDIDATA,IDENTIDADE_INCONCLUSIVA,INCONCLUSIVO,INCONCLUSIVO,SINAL_INDIRETO,349,,,,,,8.279935224,estimated,FALSE,COMPOSICAO_KIT_NAO_COMPROVADA; REATIVACAO_CANDIDATA; INCONCLUSIVO,,,Revisar reativação do anúncio existente,mercado/VTK000118.json,2026-09-05T15:16:37.457Z
VTK001681,Ferro de Solda 21K016 75W 110V Hikari,Evolusom Comercial Ltda,77.2,7,FALSE,NAO_CONCLUSIVO,REATIVACOES,REATIVACAO_CANDIDATA,IDENTIDADE_COHERENTE,INCONCLUSIVO,INCONCLUSIVO,SINAL_INDIRETO,94.24,,,,,,8.279935224,estimated,FALSE,REATIVACAO_CANDIDATA; INCONCLUSIVO,APRESENTACAO_NAO_EXPLICITA,,Revisar reativação do anúncio existente,mercado/VTK001681.json,2026-09-05T15:16:37.457Z
VTK000622,Ventilador de Teto Ventisol Aires 3 Pás Branco Bivolt,BKR 1 Comercio e Importação Ltda,230.46,5,FALSE,NAO_CONCLUSIVO,REATIVACOES,REATIVACAO_CANDIDATA,IDENTIDADE_INCONCLUSIVA,INCONCLUSIVO,INCONCLUSIVO,SINAL_INDIRETO,252.69,,,,,,8.279935224,estimated,FALSE,COMPOSICAO_KIT_NAO_COMPROVADA; REATIVACAO_CANDIDATA; INCONCLUSIVO,,,Revisar reativação do anúncio existente,mercado/VTK000622.json,2026-09-05T15:16:37.457Z
VTK017451,Filtro de Linha Multi WI251 6 Tomadas e 2 Portas USB Bivolt,Evolusom Comercial Ltda,45.9,50,FALSE,NAO_CONCLUSIVO,REATIVACOES,REATIVACAO_CANDIDATA,IDENTIDADE_INCONCLUSIVA,INCONCLUSIVO,INCONCLUSIVO,SEM_EVIDENCIA_DE_DEMANDA,57.67,,,,,,8.279935224,estimated,FALSE,EVIDENCIA_IDENTIDADE_INCOMPLETA; REATIVACAO_CANDIDATA; INCONCLUSIVO,APRESENTACAO_NAO_EXPLICITA,,Revisar reativação do anúncio existente,mercado/VTK017451.json,2026-09-05T15:16:37.457Z
VTK012203,Baqueta Vanguarda,BKR 1 Comercio e Importação Ltda,6.97,47,FALSE,NAO_CONCLUSIVO,REATIVACOES,REATIVACAO_CANDIDATA,IDENTIDADE_INCONCLUSIVA,INCONCLUSIVO,INCONCLUSIVO,SEM_EVIDENCIA_DE_DEMANDA,,,,,,,8.279935224,estimated,FALSE,EVIDENCIA_IDENTIDADE_INCOMPLETA; REATIVACAO_CANDIDATA; INCONCLUSIVO,APRESENTACAO_NAO_EXPLICITA,,Revisar reativação do anúncio existente,,2026-09-05T15:16:37.457Z
VTK017376,Mastro Proeletronic Ktaa-2000 De Alumínio Para Fixação De Antena,Evolusom Comercial Ltda,18.8,24,FALSE,NAO_CONCLUSIVO,REATIVACOES,REATIVACAO_CANDIDATA,IDENTIDADE_INCONCLUSIVA,INCONCLUSIVO,INCONCLUSIVO,SEM_EVIDENCIA_DE_DEMANDA,24.15,,,,,,8.279935224,estimated,FALSE,EVIDENCIA_IDENTIDADE_INCOMPLETA; REATIVACAO_CANDIDATA; INCONCLUSIVO,APRESENTACAO_NAO_EXPLICITA,,Revisar reativação do anúncio existente,mercado/VTK017376.json,2026-09-05T15:16:37.457Z
VTK003763,Aspirador de Pó e Água Agratto GT1500 Turbo 11 litros 1400W 127v,Evolusom Comercial Ltda,379.9,16,FALSE,NAO_CONCLUSIVO,REATIVACOES,REATIVACAO_CANDIDATA,IDENTIDADE_COHERENTE,INCONCLUSIVO,INCONCLUSIVO,SEM_EVIDENCIA_DE_DEMANDA,349.7,,,,,,8.279935224,estimated,FALSE,REATIVACAO_CANDIDATA; INCONCLUSIVO,APRESENTACAO_NAO_EXPLICITA,,Revisar reativação do anúncio existente,mercado/VTK003763.json,2026-09-05T15:16:37.457Z
VTK000877,Caixa de Som Aquário HP-480 Bluetooth 480w Preta,Evolusom Comercial Ltda,449.9,12,FALSE,NAO_CONCLUSIVO,REATIVACOES,REATIVACAO_CANDIDATA,IDENTIDADE_COHERENTE,INCONCLUSIVO,INCONCLUSIVO,SEM_EVIDENCIA_DE_DEMANDA,479.85,,,,,,8.279935224,estimated,FALSE,REATIVACAO_CANDIDATA; INCONCLUSIVO,APRESENTACAO_NAO_EXPLICITA,,Revisar reativação do anúncio existente,mercado/VTK000877.json,2026-09-05T15:16:37.457Z
VTK017825,Régua Elétrica Max Eletron 19 Polegadas 8 Tomadas 10A Bivolt,Evolusom Comercial Ltda,74.9,9,FALSE,NAO_CONCLUSIVO,REATIVACOES,REATIVACAO_CANDIDATA,IDENTIDADE_INCONCLUSIVA,INCONCLUSIVO,INCONCLUSIVO,SEM_EVIDENCIA_DE_DEMANDA,,,,,,,8.279935224,estimated,FALSE,EVIDENCIA_IDENTIDADE_INCOMPLETA; REATIVACAO_CANDIDATA; INCONCLUSIVO,APRESENTACAO_NAO_EXPLICITA,,Revisar reativação do anúncio existente,mercado/VTK017825.json,2026-09-05T15:16:37.457Z
VTK026018,Suporte De Parede C/espelho P/instrumentos Spg20,BKR 1 Comercio e Importação Ltda,29.46,9,FALSE,NAO_CONCLUSIVO,REATIVACOES,REATIVACAO_CANDIDATA,IDENTIDADE_COHERENTE,INCONCLUSIVO,INCONCLUSIVO,SEM_EVIDENCIA_DE_DEMANDA,40.5,,,,,,8.279935224,estimated,FALSE,REATIVACAO_CANDIDATA; INCONCLUSIVO,APRESENTACAO_NAO_EXPLICITA,,Revisar reativação do anúncio existente,mercado/VTK026018.json,2026-09-05T15:16:37.457Z
VTK001397,"Fio Walkman 2x0,10mm Tiaflex - RL / 100",Evolusom Comercial Ltda,259.9,5,FALSE,NAO_CONCLUSIVO,REATIVACOES,REATIVACAO_CANDIDATA,IDENTIDADE_COHERENTE,INCONCLUSIVO,INCONCLUSIVO,SEM_EVIDENCIA_DE_DEMANDA,,,,,,,8.279935224,estimated,FALSE,REATIVACAO_CANDIDATA; INCONCLUSIVO,APRESENTACAO_NAO_EXPLICITA,,Revisar reativação do anúncio existente,mercado/VTK001397.json,2026-09-05T15:16:37.457Z
VTK018918,Video Porteiro Hikvision Ds-kh8300-t,Evolusom Comercial Ltda,657.9,4,FALSE,NAO_CONCLUSIVO,REATIVACOES,REATIVACAO_CANDIDATA,IDENTIDADE_INCONCLUSIVA,INCONCLUSIVO,INCONCLUSIVO,SEM_EVIDENCIA_DE_DEMANDA,,,,,,,8.279935224,estimated,FALSE,EVIDENCIA_IDENTIDADE_INCOMPLETA; REATIVACAO_CANDIDATA; INCONCLUSIVO,APRESENTACAO_NAO_EXPLICITA,,Revisar reativação do anúncio existente,,2026-09-05T15:16:37.457Z
VTK003908,"Fritadeira Elétrica Air Fryer Agratto Supremma FES-01 3,6l Preta 127v",BKR 1 Comercio e Importação Ltda,220,2,FALSE,NAO_CONCLUSIVO,REATIVACOES,REATIVACAO_CANDIDATA,IDENTIDADE_INCONCLUSIVA,INCONCLUSIVO,INCONCLUSIVO,SEM_EVIDENCIA_DE_DEMANDA,,,,,,,8.279935224,estimated,FALSE,EVIDENCIA_IDENTIDADE_INCOMPLETA; REATIVACAO_CANDIDATA; INCONCLUSIVO,APRESENTACAO_NAO_EXPLICITA,,Revisar reativação do anúncio existente,,2026-09-05T15:16:37.457Z
VTK012894,Caixa De Som Passiva 12 Polegadas 300 W Rms - Attack Vsf112,BKR 1 Comercio e Importação Ltda,1776.6,2,TRUE,APROVADO_NOS_CUSTOS_CONSIDERADOS,EXPLORATORIOS,PRONTO_PARA_PREPARACAO,IDENTIDADE_COHERENTE,SEM_CONFLITO,VIAVEL_ACIMA_DO_PISO,SEM_EVIDENCIA_DE_DEMANDA,2800,2700.76,2912.69,2357.68,12.43607143,348.21,8.279935224,estimated,FALSE,,APRESENTACAO_NAO_EXPLICITA; CUSTOS_VARIAVEIS_NAO_INFORMADOS; TRIBUTO_ESTIMADO,"Caixa passiva Attack VSF112, woofer de 12 polegadas, 300 W; fornecedor confirma modelo e caixa completa.",Explorar demanda; validar pendências antes de aprovar,mercado/VTK012894.json,2026-09-05T15:16:37.457Z
VTK017284,Identificador De Fibra Ativa Evus Ev-430 10mw,Evolusom Comercial Ltda,799.9,50,TRUE,APROVADO_NOS_CUSTOS_CONSIDERADOS,EXPLORATORIOS,PRONTO_PARA_PREPARACAO,IDENTIDADE_COHERENTE,SEM_CONFLITO,VIAVEL_NO_ALVO,SEM_EVIDENCIA_DE_DEMANDA,1296,1197.86,1291.85,1045.69,15.20524691,197.06,8.279935224,estimated,FALSE,,APRESENTACAO_NAO_EXPLICITA; CUSTOS_VARIAVEIS_NAO_INFORMADOS; TRIBUTO_ESTIMADO,"Evus EV-430, identificador de fibra com VFL 10 mW; modelo e função coincidem.",Explorar demanda; validar pendências antes de aprovar,mercado/VTK017284.json,2026-09-05T15:16:37.457Z
VTK018779,Central De Cerca Elétrica Gcp Shock Battery Cx-7804,Evolusom Comercial Ltda,115.9,5,TRUE,APROVADO_NOS_CUSTOS_CONSIDERADOS,EXPLORATORIOS,PRONTO_PARA_PREPARACAO,IDENTIDADE_COHERENTE,SEM_CONFLITO,VIAVEL_NO_ALVO,SEM_EVIDENCIA_DE_DEMANDA,330.16,185,190.07,173.47,38.07244972,125.7,8.279935224,estimated,FALSE,,APRESENTACAO_NAO_EXPLICITA; CUSTOS_VARIAVEIS_NAO_INFORMADOS; TRIBUTO_ESTIMADO,Central GCP/PPA Shock Battery CX-7804; fornecedor confirma modelo e três baterias inclusas.,Explorar demanda; validar pendências antes de aprovar,mercado/VTK018779.json,2026-09-05T15:16:37.457Z
VTK017309,Kit Cooler Fan Evus Fk-12p Rgb,Evolusom Comercial Ltda,89.9,50,TRUE,APROVADO_NOS_CUSTOS_CONSIDERADOS,EXPLORATORIOS,PRONTO_PARA_PREPARACAO,IDENTIDADE_COHERENTE,SEM_CONFLITO,VIAVEL_NO_ALVO,SEM_EVIDENCIA_DE_DEMANDA,282.99,155.14,159.46,145.27,38.30877416,108.41,8.279935224,estimated,FALSE,,CUSTOS_VARIAVEIS_NAO_INFORMADOS; TRIBUTO_ESTIMADO,"Evus FK-12P; fornecedor confirma quatro coolers, controladora e controle remoto.",Explorar demanda; validar pendências antes de aprovar,mercado/VTK017309.json,2026-09-05T15:16:37.457Z
VTK017675,Headset Pro Evus Comanche F-14 7.1,Evolusom Comercial Ltda,149.9,22,TRUE,APROVADO_NOS_CUSTOS_CONSIDERADOS,EXPLORATORIOS,PRONTO_PARA_PREPARACAO,IDENTIDADE_COHERENTE,SEM_CONFLITO,VIAVEL_NO_ALVO,SEM_EVIDENCIA_DE_DEMANDA,329.36,244.52,255.17,222.76,25.47668205,83.91,8.279935224,estimated,FALSE,,APRESENTACAO_NAO_EXPLICITA; CUSTOS_VARIAVEIS_NAO_INFORMADOS; TRIBUTO_ESTIMADO,"Headset Evus F-14 Comanche, som 7.1 virtual via USB; fornecedor confirma modelo e conexões.",Explorar demanda; validar pendências antes de aprovar,mercado/VTK017675.json,2026-09-05T15:16:37.457Z
VTK018412,Caixa De Medusa Santo Angelo Bsmed16 16 Vias,Evolusom Comercial Ltda,159.9,8,TRUE,APROVADO_NOS_CUSTOS_CONSIDERADOS,EXPLORATORIOS,PRONTO_PARA_PREPARACAO,IDENTIDADE_COHERENTE,SEM_CONFLITO,VIAVEL_NO_ALVO,SEM_EVIDENCIA_DE_DEMANDA,322.27,248.39,258.87,226.98,24.01402551,77.39,8.279935224,estimated,FALSE,,APRESENTACAO_NAO_EXPLICITA; CUSTOS_VARIAVEIS_NAO_INFORMADOS; TRIBUTO_ESTIMADO,"Caixa Medusa Santo Angelo BSMED16, 16 vias; não prometer conectores inclusos.",Explorar demanda; validar pendências antes de aprovar,mercado/VTK018412.json,2026-09-05T15:16:37.457Z
VTK018798,"Central Multimídia Roadstar Rs606br 7"" Mp6 Com Tv Digital",Evolusom Comercial Ltda,549.9,4,TRUE,FORA_DO_PISO_COMPETITIVO,EXPLORATORIOS,PRONTO_PARA_PREPARACAO,IDENTIDADE_COHERENTE,SEM_CONFLITO,VIAVEL_ACIMA_DO_PISO,SEM_EVIDENCIA_DE_DEMANDA,818,791.21,825.25,721.72,9.383863081,76.76,8.279935224,estimated,TRUE,,APRESENTACAO_NAO_EXPLICITA; CUSTOS_VARIAVEIS_NAO_INFORMADOS; TRIBUTO_ESTIMADO,Roadstar RS-606BR Prime DTV de 7 polegadas com TV digital e espelhamento.,Explorar demanda; validar pendências antes de aprovar,mercado/VTK018798.json,2026-09-05T15:16:37.457Z
VTK018343,"Alto Falante Bravox Flat Flt10d-4 10"" 180w Rms 4r+4r Subwoofer",Evolusom Comercial Ltda,290.99,7,TRUE,APROVADO_NOS_CUSTOS_CONSIDERADOS,EXPLORATORIOS,PRONTO_PARA_PREPARACAO,IDENTIDADE_COHERENTE,SEM_CONFLITO,VIAVEL_NO_ALVO,SEM_EVIDENCIA_DE_DEMANDA,478.24,425.67,443.47,389.19,15.21830043,72.78,8.279935224,estimated,FALSE,,APRESENTACAO_NAO_EXPLICITA; CUSTOS_VARIAVEIS_NAO_INFORMADOS; TRIBUTO_ESTIMADO,"Bravox FLT10D-4, 10 polegadas, 180 W RMS, bobina dupla de 4 + 4 ohms.",Explorar demanda; validar pendências antes de aprovar,mercado/VTK018343.json,2026-09-05T15:16:37.457Z
VTK018405,Cabo Extensor Para Microfone Ptt Aquário Ac-04 4 Pinos 5m,Evolusom Comercial Ltda,72.9,9,TRUE,APROVADO_NOS_CUSTOS_CONSIDERADOS,EXPLORATORIOS,PRONTO_PARA_PREPARACAO,IDENTIDADE_COHERENTE,SEM_CONFLITO,VIAVEL_NO_ALVO,SEM_EVIDENCIA_DE_DEMANDA,208.9,128.26,131.84,120.11,33.45619914,69.89,8.279935224,estimated,FALSE,,APRESENTACAO_NAO_EXPLICITA; CUSTOS_VARIAVEIS_NAO_INFORMADOS; TRIBUTO_ESTIMADO,"Extensor PTT Aquário AC-04 de 5 metros, conector de quatro pinos.",Explorar demanda; validar pendências antes de aprovar,mercado/VTK018405.json,2026-09-05T15:16:37.457Z
VTK018564,Interruptor Smart Wi-fi Ews101 Intelbras 4850000,Evolusom Comercial Ltda,105.64,8,TRUE,APROVADO_NOS_CUSTOS_CONSIDERADOS,EXPLORATORIOS,PRONTO_PARA_PREPARACAO,IDENTIDADE_COHERENTE,SEM_CONFLITO,VIAVEL_NO_ALVO,SEM_EVIDENCIA_DE_DEMANDA,237.9,167.03,171.53,156.73,27.71332493,65.93,8.279935224,estimated,FALSE,,APRESENTACAO_NAO_EXPLICITA; CUSTOS_VARIAVEIS_NAO_INFORMADOS; TRIBUTO_ESTIMADO,Interruptor Intelbras EWS 101 I; fornecedor confirma interruptor Wi-Fi de embutir.,Explorar demanda; validar pendências antes de aprovar,mercado/VTK018564.json,2026-09-05T15:16:37.457Z
VTK018402,"Cooler Plano Para Notebooks Até 16"" Targus - Awe69us",Evolusom Comercial Ltda,84.9,9,TRUE,APROVADO_NOS_CUSTOS_CONSIDERADOS,EXPLORATORIOS,PRONTO_PARA_PREPARACAO,IDENTIDADE_COHERENTE,SEM_CONFLITO,VIAVEL_NO_ALVO,SEM_EVIDENCIA_DE_DEMANDA,220.25,148.34,152.49,138.93,29.07150965,64.03,8.279935224,estimated,FALSE,,APRESENTACAO_NAO_EXPLICITA; CUSTOS_VARIAVEIS_NAO_INFORMADOS; TRIBUTO_ESTIMADO,"Targus AWE69US, base com cooler para notebook de até 16 polegadas.",Explorar demanda; validar pendências antes de aprovar,mercado/VTK018402.json,2026-09-05T15:16:37.457Z
VTK018538,Sensor De Presença Multilaser Microondas Com Pet Immunity 90° De Cobertura Até 45kg Se414,Evolusom Comercial Ltda,233.9,6,TRUE,APROVADO_NOS_CUSTOS_CONSIDERADOS,EXPLORATORIOS,PRONTO_PARA_PREPARACAO,IDENTIDADE_COHERENTE,SEM_CONFLITO,VIAVEL_NO_ALVO,SEM_EVIDENCIA_DE_DEMANDA,400,352.85,367.94,322.06,15.6325,62.53,8.279935224,estimated,FALSE,,APRESENTACAO_NAO_EXPLICITA; CUSTOS_VARIAVEIS_NAO_INFORMADOS; TRIBUTO_ESTIMADO,"Multi SE414, sensor de dupla tecnologia com imunidade pet de até 45 kg.",Explorar demanda; validar pendências antes de aprovar,mercado/VTK018538.json,2026-09-05T15:16:37.457Z
VTK018319,Esmerilhadeira Angular Multilaser Fe048 700w 127v,Evolusom Comercial Ltda,155.9,6,TRUE,APROVADO_NOS_CUSTOS_CONSIDERADOS,EXPLORATORIOS,PRONTO_PARA_PREPARACAO,IDENTIDADE_COHERENTE,SEM_CONFLITO,VIAVEL_NO_ALVO,SEM_EVIDENCIA_DE_DEMANDA,303.9,248.19,258.72,226.65,20.51661731,62.35,8.279935224,estimated,FALSE,,APRESENTACAO_NAO_EXPLICITA; CUSTOS_VARIAVEIS_NAO_INFORMADOS; TRIBUTO_ESTIMADO,"Esmerilhadeira Multi FE048, 700 W, 127 V, disco de 115 mm; modelo e tensão conferidos.",Explorar demanda; validar pendências antes de aprovar,mercado/VTK018319.json,2026-09-05T15:16:37.457Z
VTK017249,Cabo óptico Splitter Intelbras Plc 1x2 Sc/ Upc Xfs121 4830028,Evolusom Comercial Ltda,35.9,50,TRUE,APROVADO_NOS_CUSTOS_CONSIDERADOS,EXPLORATORIOS,PRONTO_PARA_PREPARACAO,IDENTIDADE_COHERENTE,SEM_CONFLITO,VIAVEL_NO_ALVO,SEM_EVIDENCIA_DE_DEMANDA,117.9,68.08,69.95,63.79,36.58184902,43.13,8.279935224,estimated,FALSE,,APRESENTACAO_NAO_EXPLICITA; CUSTOS_VARIAVEIS_NAO_INFORMADOS; TRIBUTO_ESTIMADO,Splitter Intelbras XFS121 PLC 1x2 com conectores SC/UPC; fornecedor confirma tipo e proporção.,Explorar demanda; validar pendências antes de aprovar,mercado/VTK017249.json,2026-09-05T15:16:37.457Z
VTK002091,Caixa Medusa 12 Vias BSMED12 Preta Santo Angelo,Evolusom Comercial Ltda,99.9,9,TRUE,APROVADO_NOS_CUSTOS_CONSIDERADOS,EXPLORATORIOS,PRONTO_PARA_PREPARACAO,IDENTIDADE_COHERENTE,SEM_CONFLITO,VIAVEL_NO_ALVO,SEM_EVIDENCIA_DE_DEMANDA,200.45,165.55,170.04,155.29,18.18408581,36.45,8.279935224,estimated,FALSE,,APRESENTACAO_NAO_EXPLICITA; CUSTOS_VARIAVEIS_NAO_INFORMADOS; TRIBUTO_ESTIMADO,"Caixa Medusa Santo Angelo BSMED12, 12 vias, preta; não prometer conectores inclusos.",Explorar demanda; validar pendências antes de aprovar,mercado/VTK002091.json,2026-09-05T15:16:37.457Z
VTK019530,Antena Móvel Aquário B-2004p Pop Com 1/4 De Onda Para Rádio Px Com Base De Poliuretano,Evolusom Comercial Ltda,98.9,4,TRUE,APROVADO_NOS_CUSTOS_CONSIDERADOS,EXPLORATORIOS,PRONTO_PARA_PREPARACAO,IDENTIDADE_COHERENTE,SEM_CONFLITO,VIAVEL_NO_ALVO,SEM_EVIDENCIA_DE_DEMANDA,199,163.14,167.69,152.76,18.29145729,36.4,8.279935224,estimated,FALSE,,APRESENTACAO_NAO_EXPLICITA; CUSTOS_VARIAVEIS_NAO_INFORMADOS; TRIBUTO_ESTIMADO,"Antena Aquário B-2004P, móvel para PX, base de poliuretano.",Explorar demanda; validar pendências antes de aprovar,mercado/VTK019530.json,2026-09-05T15:16:37.457Z
VTK018523,"Alto Falante Bravox Coaxial Cx50bk 5"" 60 W Rms 4r Par",Evolusom Comercial Ltda,179.9,7,TRUE,APROVADO_NOS_CUSTOS_CONSIDERADOS,EXPLORATORIOS,PRONTO_PARA_PREPARACAO,IDENTIDADE_COHERENTE,SEM_CONFLITO,VIAVEL_NO_ALVO,SEM_EVIDENCIA_DE_DEMANDA,294.87,274.98,286.47,251.41,12.04259504,35.51,8.279935224,estimated,FALSE,,CUSTOS_VARIAVEIS_NAO_INFORMADOS; TRIBUTO_ESTIMADO,"Bravox CX50BK, par de falantes de 5 polegadas: fornecedor informa 60 W RMS por falante; catálogo apresenta 120 W para o par.",Explorar demanda; validar pendências antes de aprovar,mercado/VTK018523.json,2026-09-05T15:16:37.457Z
VTK017289,Bandeja P/ Rack Evus Ev-ftw450 450mm Preto Ventilada,Evolusom Comercial Ltda,52.9,50,TRUE,APROVADO_NOS_CUSTOS_CONSIDERADOS,EXPLORATORIOS,PRONTO_PARA_PREPARACAO,IDENTIDADE_COHERENTE,SEM_CONFLITO,VIAVEL_NO_ALVO,SEM_EVIDENCIA_DE_DEMANDA,136.65,98.71,101.46,92.42,25.48115624,34.82,8.279935224,estimated,FALSE,,APRESENTACAO_NAO_EXPLICITA; CUSTOS_VARIAVEIS_NAO_INFORMADOS; TRIBUTO_ESTIMADO,"Bandeja Evus EV-FTW450 ventilada de 450 mm, preta.",Explorar demanda; validar pendências antes de aprovar,mercado/VTK017289.json,2026-09-05T15:16:37.457Z
VTK018318,Furadeira De Impacto Multilaser Fe033 600w 127v,Evolusom Comercial Ltda,139.9,9,TRUE,APROVADO_NOS_CUSTOS_CONSIDERADOS,EXPLORATORIOS,PRONTO_PARA_PREPARACAO,IDENTIDADE_COHERENTE,SEM_CONFLITO,VIAVEL_NO_ALVO,SEM_EVIDENCIA_DE_DEMANDA,241.59,226.49,236.08,206.83,11.61471915,28.06,8.279935224,estimated,FALSE,,APRESENTACAO_NAO_EXPLICITA; CUSTOS_VARIAVEIS_NAO_INFORMADOS; TRIBUTO_ESTIMADO,"Multi FE033, furadeira de impacto de 600 W e 127 V; tensão e modelo conferidos nos atributos ML.",Explorar demanda; validar pendências antes de aprovar,mercado/VTK018318.json,2026-09-05T15:16:37.457Z
VTK026044,Mouse Intelbras Msi50 Sem Fio Preto,Evolusom Comercial Ltda,39.9,50,TRUE,APROVADO_NOS_CUSTOS_CONSIDERADOS,EXPLORATORIOS,PRONTO_PARA_PREPARACAO,IDENTIDADE_COHERENTE,SEM_CONFLITO,VIAVEL_NO_ALVO,SEM_EVIDENCIA_DE_DEMANDA,103.35,74.43,76.5,69.68,25.64102564,26.5,8.279935224,estimated,FALSE,,APRESENTACAO_NAO_EXPLICITA; CUSTOS_VARIAVEIS_NAO_INFORMADOS; TRIBUTO_ESTIMADO,Mouse Intelbras MSI 50 sem fio preto; fornecedor confirma código 4300907.,Explorar demanda; validar pendências antes de aprovar,mercado/VTK026044.json,2026-09-05T15:16:37.457Z
VTK017481,Cabo Rca Mxt Profissional Blindado 2 Rca + 2 Rca Azul 4mm - 05 Metros,Evolusom Comercial Ltda,21.1,15,TRUE,APROVADO_NOS_CUSTOS_CONSIDERADOS,EXPLORATORIOS,PRONTO_PARA_PREPARACAO,IDENTIDADE_COHERENTE,SEM_CONFLITO,VIAVEL_NO_ALVO,SEM_EVIDENCIA_DE_DEMANDA,68.9,46.19,47.5,43.26,29.28882438,20.18,8.279935224,estimated,FALSE,,APRESENTACAO_NAO_EXPLICITA; CUSTOS_VARIAVEIS_NAO_INFORMADOS; TRIBUTO_ESTIMADO,"Cabo MXT 2 RCA x 2 RCA, azul, 4 mm, 5 metros.",Explorar demanda; validar pendências antes de aprovar,mercado/VTK017481.json,2026-09-05T15:16:37.457Z
VTK017628,Multímetro Digital Tipo Alicate Mxt Ft266,Evolusom Comercial Ltda,45.9,38,TRUE,APROVADO_NOS_CUSTOS_CONSIDERADOS,EXPLORATORIOS,PRONTO_PARA_PREPARACAO,IDENTIDADE_COHERENTE,SEM_CONFLITO,VIAVEL_NO_ALVO,SEM_EVIDENCIA_DE_DEMANDA,100,83.07,85.35,77.84,17.67,17.67,8.279935224,estimated,FALSE,,APRESENTACAO_NAO_EXPLICITA; CUSTOS_VARIAVEIS_NAO_INFORMADOS; TRIBUTO_ESTIMADO,Alicate multímetro MXT FT266; modelo confirmado na descrição do fornecedor.,Explorar demanda; validar pendências antes de aprovar,mercado/VTK017628.json,2026-09-05T15:16:37.457Z
VTK018081,Sensor De Estacionamento Roadstar Rs304br - Prata,Evolusom Comercial Ltda,51.9,12,TRUE,APROVADO_NOS_CUSTOS_CONSIDERADOS,EXPLORATORIOS,PRONTO_PARA_PREPARACAO,IDENTIDADE_COHERENTE,SEM_CONFLITO,VIAVEL_NO_ALVO,SEM_EVIDENCIA_DE_DEMANDA,107.22,91.1,93.6,85.37,16.24696885,17.42,8.279935224,estimated,FALSE,,APRESENTACAO_NAO_EXPLICITA; CUSTOS_VARIAVEIS_NAO_INFORMADOS; TRIBUTO_ESTIMADO,"Roadstar RS-304BR prata, quatro sensores; fornecedor confirma variante.",Explorar demanda; validar pendências antes de aprovar,mercado/VTK018081.json,2026-09-05T15:16:37.457Z
VTK017877,Sensor De Estacionamento Roadstar Rs304br - Preto Brilhante,Evolusom Comercial Ltda,51.9,9,TRUE,APROVADO_NOS_CUSTOS_CONSIDERADOS,EXPLORATORIOS,PRONTO_PARA_PREPARACAO,IDENTIDADE_COHERENTE,SEM_CONFLITO,VIAVEL_NO_ALVO,SEM_EVIDENCIA_DE_DEMANDA,105.31,91.1,93.6,85.37,15.09828126,15.9,8.279935224,estimated,FALSE,,APRESENTACAO_NAO_EXPLICITA; CUSTOS_VARIAVEIS_NAO_INFORMADOS; TRIBUTO_ESTIMADO,"Roadstar RS-304BR preto brilhante/Black Piano, quatro sensores.",Explorar demanda; validar pendências antes de aprovar,mercado/VTK017877.json,2026-09-05T15:16:37.457Z
VTK018404,Calculadora De Mesa Truly 12 Dígitos - T882,Evolusom Comercial Ltda,54.9,4,TRUE,APROVADO_NOS_CUSTOS_CONSIDERADOS,EXPLORATORIOS,PRONTO_PARA_PREPARACAO,IDENTIDADE_COHERENTE,SEM_CONFLITO,VIAVEL_NO_ALVO,SEM_EVIDENCIA_DE_DEMANDA,101.61,92.87,95.4,87.08,11.46540695,11.65,8.279935224,estimated,FALSE,,APRESENTACAO_NAO_EXPLICITA; CUSTOS_VARIAVEIS_NAO_INFORMADOS; TRIBUTO_ESTIMADO,"Calculadora Truly T882 de mesa, 12 dígitos.",Explorar demanda; validar pendências antes de aprovar,mercado/VTK018404.json,2026-09-05T15:16:37.457Z
VTK018562,Antena Permak Para Palio/ Mobi Com Cabo 3 Metros - Ref. 100/g,Evolusom Comercial Ltda,32.9,4,TRUE,APROVADO_NOS_CUSTOS_CONSIDERADOS,EXPLORATORIOS,PRONTO_PARA_PREPARACAO,IDENTIDADE_COHERENTE,SEM_CONFLITO,VIAVEL_NO_ALVO,SEM_EVIDENCIA_DE_DEMANDA,68.76,62.22,63.95,58.25,12.02734148,8.27,8.279935224,estimated,FALSE,,APRESENTACAO_NAO_EXPLICITA; CUSTOS_VARIAVEIS_NAO_INFORMADOS; TRIBUTO_ESTIMADO,Antena Permak 100/G para Palio/Mobi com cabo de 3 metros.,Explorar demanda; validar pendências antes de aprovar,mercado/VTK018562.json,2026-09-05T15:16:37.457Z
VTK017306,Cooler Para Processador Evus Cp-130 Rainbow,Evolusom Comercial Ltda,69.9,50,TRUE,FORA_DO_PISO_COMPETITIVO,EXPLORATORIOS,PRONTO_PARA_PREPARACAO,IDENTIDADE_COHERENTE,SEM_CONFLITO,VIAVEL_ACIMA_DO_PISO,SEM_EVIDENCIA_DE_DEMANDA,119.9,117.7,120.96,110.21,6.363636364,7.63,8.279935224,estimated,TRUE,,APRESENTACAO_NAO_EXPLICITA; CUSTOS_VARIAVEIS_NAO_INFORMADOS; TRIBUTO_ESTIMADO,Cooler Evus CP-130 Rainbow; modelo confirmado pelo fornecedor.,Explorar demanda; validar pendências antes de aprovar,mercado/VTK017306.json,2026-09-05T15:16:37.457Z
VTK026052,Microfone Condensador De Mesa Mxt Mx-mc017 P2 Com Tripé,Evolusom Comercial Ltda,52.9,9,TRUE,FORA_DO_PISO_COMPETITIVO,EXPLORATORIOS,PRONTO_PARA_PREPARACAO,IDENTIDADE_COHERENTE,SEM_CONFLITO,VIAVEL_NO_ALVO,SEM_EVIDENCIA_DE_DEMANDA,94,91.38,93.93,85.56,7.063829787,6.64,8.279935224,estimated,TRUE,,APRESENTACAO_NAO_EXPLICITA; CUSTOS_VARIAVEIS_NAO_INFORMADOS; TRIBUTO_ESTIMADO,"Microfone MXT MX-MC017, P2, condensador, com tripé; fornecedor confirma código 54.1.151 e cabo de 1,8 m.",Explorar demanda; validar pendências antes de aprovar,mercado/VTK026052.json,2026-09-05T15:16:37.457Z
VTK005849,Esguicho Alumínio 30cm KE30A Azul Kepper,Evolusom Comercial Ltda,29.9,7,TRUE,FORA_DO_PISO_COMPETITIVO,EXPLORATORIOS,PRONTO_PARA_PREPARACAO,IDENTIDADE_COHERENTE,SEM_CONFLITO,VIAVEL_NO_ALVO,SEM_EVIDENCIA_DE_DEMANDA,59.9,56.97,58.53,53.42,8.681135225,5.2,8.279935224,estimated,TRUE,,APRESENTACAO_NAO_EXPLICITA; CUSTOS_VARIAVEIS_NAO_INFORMADOS; TRIBUTO_ESTIMADO,"Esguicho Kepper KE30A, alumínio, 30 cm, azul.",Explorar demanda; validar pendências antes de aprovar,mercado/VTK005849.json,2026-09-05T15:16:37.457Z
VTK018417,Capotraste De Alumínio Para Violão Mxt Mc-5001 Preto,Evolusom Comercial Ltda,10.7,9,TRUE,APROVADO_NOS_CUSTOS_CONSIDERADOS,EXPLORATORIOS,PRONTO_PARA_PREPARACAO,IDENTIDADE_COHERENTE,SEM_CONFLITO,VIAVEL_NO_ALVO,SEM_EVIDENCIA_DE_DEMANDA,35,31.47,32.32,29.49,12.65714286,4.43,8.279935224,estimated,FALSE,,APRESENTACAO_NAO_EXPLICITA; CUSTOS_VARIAVEIS_NAO_INFORMADOS; TRIBUTO_ESTIMADO,"Capotraste MXT MC-5001 preto, de alumínio.",Explorar demanda; validar pendências antes de aprovar,mercado/VTK018417.json,2026-09-05T15:16:37.457Z
VTK023554,Alicate Para Crimpar Mxt Rj45,Evolusom Comercial Ltda,21.2,23,TRUE,FORA_DO_PISO_COMPETITIVO,EXPLORATORIOS,PRONTO_PARA_PREPARACAO,IDENTIDADE_COHERENTE,SEM_CONFLITO,VIAVEL_ACIMA_DO_PISO,SEM_EVIDENCIA_DE_DEMANDA,46.74,45.73,46.97,42.84,6.632434745,3.1,8.279935224,estimated,TRUE,,APRESENTACAO_NAO_EXPLICITA; CUSTOS_VARIAVEIS_NAO_INFORMADOS; TRIBUTO_ESTIMADO,"Alicate MXT para crimpar RJ45; tipo e marca coincidentes, sem acrescentar compatibilidades não descritas.",Explorar demanda; validar pendências antes de aprovar,mercado/VTK023554.json,2026-09-05T15:16:37.457Z
VTK018810,Fonte Chaveada Colmeia Mxt 12v 20a,Evolusom Comercial Ltda,92.3,20,TRUE,APROVADO_NOS_CUSTOS_CONSIDERADOS,PENDENCIAS_IDENTIDADE,PENDENCIA_VALIDACAO,IDENTIDADE_INCONCLUSIVA,PENDENCIA_VALIDACAO,VIAVEL_NO_ALVO,SINAL_INDIRETO,166.14,154.17,158.49,144.38,10.31058144,17.13,8.279935224,estimated,FALSE,EVIDENCIA_IDENTIDADE_INCOMPLETA,APRESENTACAO_NAO_EXPLICITA; CUSTOS_VARIAVEIS_NAO_INFORMADOS; TRIBUTO_ESTIMADO,"Fonte MXT 12 V, 20 A, 240 W, bivolt; descrição identifica MX-12V20AMP.",Validar identidade e apresentação,mercado/VTK018810.json,2026-09-05T15:16:37.457Z
VTK018671,"Alto Falante Bomber Kit Two Way Tkl 6"" 60w Rms",Evolusom Comercial Ltda,296.99,6,TRUE,APROVADO_NOS_CUSTOS_CONSIDERADOS,PENDENCIAS_IDENTIDADE,PENDENCIA_VALIDACAO,IDENTIDADE_INCONCLUSIVA,PENDENCIA_VALIDACAO,VIAVEL_NO_ALVO,SEM_EVIDENCIA_DE_DEMANDA,640.76,431.69,449.73,394.71,31.38148449,201.08,8.279935224,estimated,FALSE,COMPOSICAO_KIT_NAO_COMPROVADA,CUSTOS_VARIAVEIS_NAO_INFORMADOS; TRIBUTO_ESTIMADO,"Bomber TKL two way de 6 polegadas; fornecedor confirma dois falantes, dois tweeters e dois crossovers.",Validar identidade e apresentação,mercado/VTK018671.json,2026-09-05T15:16:37.457Z
VTK018071,"Caixa Dio Evus 19"" 48fo P/ Rack Preto",Evolusom Comercial Ltda,299.9,15,TRUE,APROVADO_NOS_CUSTOS_CONSIDERADOS,PENDENCIAS_IDENTIDADE,PENDENCIA_VALIDACAO,IDENTIDADE_INCONCLUSIVA,PENDENCIA_VALIDACAO,VIAVEL_NO_ALVO,SEM_EVIDENCIA_DE_DEMANDA,640.03,475.12,495.86,432.87,25.48005562,163.08,8.279935224,estimated,FALSE,EVIDENCIA_IDENTIDADE_INCOMPLETA,APRESENTACAO_NAO_EXPLICITA; CUSTOS_VARIAVEIS_NAO_INFORMADOS; TRIBUTO_ESTIMADO,"Caixa DIO Evus para rack de 19 polegadas e 48 fibras, preta.",Validar identidade e apresentação,mercado/VTK018071.json,2026-09-05T15:16:37.457Z
VTK018158,Fita Antiderrapante Western 5cm X 5m,Evolusom Comercial Ltda,26.01,8,TRUE,APROVADO_NOS_CUSTOS_CONSIDERADOS,PENDENCIAS_IDENTIDADE,PENDENCIA_VALIDACAO,IDENTIDADE_INCONCLUSIVA,PENDENCIA_VALIDACAO,VIAVEL_NO_ALVO,SEM_EVIDENCIA_DE_DEMANDA,217.46,67.11,68.94,62.91,57.01278396,123.98,8.279935224,estimated,FALSE,EVIDENCIA_IDENTIDADE_INCOMPLETA,APRESENTACAO_NAO_EXPLICITA; CUSTOS_VARIAVEIS_NAO_INFORMADOS; TRIBUTO_ESTIMADO,Fita antiderrapante Western de 5 cm x 5 metros.,Validar identidade e apresentação,mercado/VTK018158.json,2026-09-05T15:16:37.457Z
VTK017612,Patch Cord Furukawa Cat6 Cmx 10m Vermelho 35123011,Evolusom Comercial Ltda,79.9,34,TRUE,APROVADO_NOS_CUSTOS_CONSIDERADOS,PENDENCIAS_IDENTIDADE,PENDENCIA_VALIDACAO,IDENTIDADE_INCONCLUSIVA,PENDENCIA_VALIDACAO,VIAVEL_NO_ALVO,SEM_EVIDENCIA_DE_DEMANDA,218.9,139.93,143.83,131.06,31.59433531,69.16,8.279935224,estimated,FALSE,EVIDENCIA_IDENTIDADE_INCOMPLETA,APRESENTACAO_NAO_EXPLICITA; CUSTOS_VARIAVEIS_NAO_INFORMADOS; TRIBUTO_ESTIMADO,"Patch cord Furukawa CAT6, 10 metros, vermelho, referência local 35123011.",Validar identidade e apresentação,mercado/VTK017612.json,2026-09-05T15:16:37.457Z
VTK018515,Alarme Automotivo Fks Fk905 Universal Sensor De Presença 2 Controles Cr941 Cr955,Evolusom Comercial Ltda,144.9,7,TRUE,APROVADO_NOS_CUSTOS_CONSIDERADOS,PENDENCIAS_IDENTIDADE,PENDENCIA_VALIDACAO,IDENTIDADE_INCONCLUSIVA,PENDENCIA_VALIDACAO,VIAVEL_NO_ALVO,SEM_EVIDENCIA_DE_DEMANDA,289.65,229.05,238.89,208.92,22.21646815,64.35,8.279935224,estimated,FALSE,EVIDENCIA_IDENTIDADE_INCOMPLETA,APRESENTACAO_NAO_EXPLICITA; CUSTOS_VARIAVEIS_NAO_INFORMADOS; TRIBUTO_ESTIMADO,FKS FK905 com sensor de presença e dois controles; modelo coincidente.,Validar identidade e apresentação,mercado/VTK018515.json,2026-09-05T15:16:37.457Z
VTK017680,Cabo Rca Mxt Profissional Blindado 2 Rca + 2 Rca Vermelho 5mm - 03 Metros,Evolusom Comercial Ltda,33.99,50,TRUE,APROVADO_NOS_CUSTOS_CONSIDERADOS,PENDENCIAS_IDENTIDADE,PENDENCIA_VALIDACAO,IDENTIDADE_INCONCLUSIVA,PENDENCIA_VALIDACAO,VIAVEL_NO_ALVO,SEM_EVIDENCIA_DE_DEMANDA,111.9,66.39,68.26,62.17,34.97765862,39.14,8.279935224,estimated,FALSE,EVIDENCIA_IDENTIDADE_INCOMPLETA,APRESENTACAO_NAO_EXPLICITA; CUSTOS_VARIAVEIS_NAO_INFORMADOS; TRIBUTO_ESTIMADO,"Cabo MXT 2 RCA x 2 RCA, vermelho, 5 mm, 3 metros; fornecedor e catálogo coincidem.",Validar identidade e apresentação,mercado/VTK017680.json,2026-09-05T15:16:37.457Z
VTK017308,Kit Cooler Fan Evus Fk-12r Rgb,Evolusom Comercial Ltda,89.9,50,TRUE,APROVADO_NOS_CUSTOS_CONSIDERADOS,PENDENCIAS_IDENTIDADE,PENDENCIA_VALIDACAO,IDENTIDADE_INCONCLUSIVA,PENDENCIA_VALIDACAO,VIAVEL_NO_ALVO,SEM_EVIDENCIA_DE_DEMANDA,190,150.93,155.14,141.33,20.16315789,38.31,8.279935224,estimated,FALSE,COMPOSICAO_KIT_NAO_COMPROVADA,CUSTOS_VARIAVEIS_NAO_INFORMADOS; TRIBUTO_ESTIMADO,Evus FK-12R; fornecedor confirma kit de quatro coolers RGB.,Validar identidade e apresentação,mercado/VTK017308.json,2026-09-05T15:16:37.457Z
VTK017291,Bandeja P/ Rack Evus Ev-ftw60 600mm Preto Ventilada,Evolusom Comercial Ltda,52.9,50,TRUE,APROVADO_NOS_CUSTOS_CONSIDERADOS,PENDENCIAS_IDENTIDADE,PENDENCIA_VALIDACAO,IDENTIDADE_INCONCLUSIVA,PENDENCIA_VALIDACAO,VIAVEL_NO_ALVO,SEM_EVIDENCIA_DE_DEMANDA,140.03,101.15,103.95,94.71,25.48025423,35.68,8.279935224,estimated,FALSE,EVIDENCIA_IDENTIDADE_INCOMPLETA,APRESENTACAO_NAO_EXPLICITA; CUSTOS_VARIAVEIS_NAO_INFORMADOS; TRIBUTO_ESTIMADO,"Bandeja Evus EV-FTW60 ventilada de 600 mm, preta.",Validar identidade e apresentação,mercado/VTK017291.json,2026-09-05T15:16:37.457Z
VTK018716,Cabo De Guitarra Sparflex Nitro 100 Plug Noiseless 5 Metros Preto,Evolusom Comercial Ltda,134.9,5,TRUE,APROVADO_NOS_CUSTOS_CONSIDERADOS,PENDENCIAS_IDENTIDADE,PENDENCIA_VALIDACAO,IDENTIDADE_INCONCLUSIVA,PENDENCIA_VALIDACAO,VIAVEL_NO_ALVO,SEM_EVIDENCIA_DE_DEMANDA,241.9,220.52,230.16,200.91,13.34022323,32.27,8.279935224,estimated,FALSE,EVIDENCIA_IDENTIDADE_INCOMPLETA,APRESENTACAO_NAO_EXPLICITA; CUSTOS_VARIAVEIS_NAO_INFORMADOS; TRIBUTO_ESTIMADO,"Cabo Sparflex Nitro 100 Noiseless para guitarra, 5 metros, preto.",Validar identidade e apresentação,mercado/VTK018716.json,2026-09-05T15:16:37.457Z
VTK017938,Cooler Para Cpu Argb Gamemax Gamma 500 Rmt1687h,Evolusom Comercial Ltda,199.9,18,TRUE,FORA_DO_PISO_COMPETITIVO,PENDENCIAS_IDENTIDADE,PENDENCIA_VALIDACAO,IDENTIDADE_INCONCLUSIVA,PENDENCIA_VALIDACAO,VIAVEL_ACIMA_DO_PISO,SEM_EVIDENCIA_DE_DEMANDA,322.95,312.84,326.49,285,9.249109769,29.87,8.279935224,estimated,TRUE,EVIDENCIA_IDENTIDADE_INCOMPLETA,APRESENTACAO_NAO_EXPLICITA; CUSTOS_VARIAVEIS_NAO_INFORMADOS; TRIBUTO_ESTIMADO,Cooler Gamemax Gamma 500 ARGB com controladora/controle RMT1687H.,Validar identidade e apresentação,mercado/VTK017938.json,2026-09-05T15:16:37.457Z
VTK017765,Câmera Fbr Varifocal 720p Ir Até 40 Metros 2.8 - 12mm Ip66,Evolusom Comercial Ltda,134.45,27,TRUE,APROVADO_NOS_CUSTOS_CONSIDERADOS,PENDENCIAS_IDENTIDADE,PENDENCIA_VALIDACAO,IDENTIDADE_INCONCLUSIVA,PENDENCIA_VALIDACAO,VIAVEL_NO_ALVO,SEM_EVIDENCIA_DE_DEMANDA,231.8,217.04,226.29,198.09,11.66522865,27.04,8.279935224,estimated,FALSE,EVIDENCIA_IDENTIDADE_INCOMPLETA,APRESENTACAO_NAO_EXPLICITA; CUSTOS_VARIAVEIS_NAO_INFORMADOS; TRIBUTO_ESTIMADO,"Câmera FBR varifocal 720p, lente 2,8–12 mm, IR de até 40 metros, IP66.",Validar identidade e apresentação,mercado/VTK017765.json,2026-09-05T15:16:37.457Z
VTK018194,"Prolongador Daneva Pp Amarelo 15 Metros 1,00 Mm Ref.1529",Evolusom Comercial Ltda,99.5,7,TRUE,APROVADO_NOS_CUSTOS_CONSIDERADOS,PENDENCIAS_IDENTIDADE,PENDENCIA_VALIDACAO,IDENTIDADE_INCONCLUSIVA,PENDENCIA_VALIDACAO,VIAVEL_NO_ALVO,SEM_EVIDENCIA_DE_DEMANDA,182,158.56,162.85,148.8,14.81868132,26.97,8.279935224,estimated,FALSE,EVIDENCIA_IDENTIDADE_INCOMPLETA,APRESENTACAO_NAO_EXPLICITA; CUSTOS_VARIAVEIS_NAO_INFORMADOS; TRIBUTO_ESTIMADO,"Daneva DN1529, extensão amarela de 15 metros com cabo de 1 mm².",Validar identidade e apresentação,mercado/VTK018194.json,2026-09-05T15:16:37.457Z
VTK003338,Patch Cord U/UTP CAT.6 CMX 20m T568A/B Azul FURUKAWA SOHOPLUS,Evolusom Comercial Ltda,139.9,13,TRUE,APROVADO_NOS_CUSTOS_CONSIDERADOS,PENDENCIAS_IDENTIDADE,PENDENCIA_VALIDACAO,IDENTIDADE_INCONCLUSIVA,PENDENCIA_VALIDACAO,VIAVEL_NO_ALVO,SEM_EVIDENCIA_DE_DEMANDA,242.19,229.18,239.18,208.78,10.85924274,26.3,8.279935224,estimated,FALSE,EVIDENCIA_IDENTIDADE_INCOMPLETA,APRESENTACAO_NAO_EXPLICITA; CUSTOS_VARIAVEIS_NAO_INFORMADOS; TRIBUTO_ESTIMADO,"Patch cord Furukawa Soho Plus CAT6, 20 metros, azul.",Validar identidade e apresentação,mercado/VTK003338.json,2026-09-05T15:16:37.457Z
VTK018617,Kit Cabo Celular Aquario Ca-215 Rgc-58 Rolo Com 15 Metros,Evolusom Comercial Ltda,94.95,6,TRUE,APROVADO_NOS_CUSTOS_CONSIDERADOS,PENDENCIAS_IDENTIDADE,PENDENCIA_VALIDACAO,IDENTIDADE_INCONCLUSIVA,PENDENCIA_VALIDACAO,VIAVEL_NO_ALVO,SEM_EVIDENCIA_DE_DEMANDA,174.9,156.56,160.93,146.6,12.73299028,22.27,8.279935224,estimated,FALSE,COMPOSICAO_KIT_NAO_COMPROVADA,CUSTOS_VARIAVEIS_NAO_INFORMADOS; TRIBUTO_ESTIMADO,Cabo Aquário CA-215 de 15 metros para antena celular; conferir composição de conectores no payload final.,Validar identidade e apresentação,mercado/VTK018617.json,2026-09-05T15:16:37.457Z
VTK004080,Cabo VGA HD15M Com Filtro 20M Storm,Evolusom Comercial Ltda,69.9,4,TRUE,APROVADO_NOS_CUSTOS_CONSIDERADOS,PENDENCIAS_IDENTIDADE,PENDENCIA_VALIDACAO,IDENTIDADE_INCONCLUSIVA,PENDENCIA_VALIDACAO,VIAVEL_NO_ALVO,SEM_EVIDENCIA_DE_DEMANDA,140.04,120.68,124.03,113,15.19565838,21.28,8.279935224,estimated,FALSE,EQUIVALENCIA_MARCA_NAO_COMPROVADA; EVIDENCIA_IDENTIDADE_INCOMPLETA,APRESENTACAO_NAO_EXPLICITA; CUSTOS_VARIAVEIS_NAO_INFORMADOS; TRIBUTO_ESTIMADO,"Cabo VGA Storm de 20 metros com filtros de ferrite nas duas pontas, HD15 macho/macho.",Validar identidade e apresentação,mercado/VTK004080.json,2026-09-05T15:16:37.457Z
VTK012632,Painel Multicabo 36 Vias XLR Sem Conectores Wireconex,BKR 1 Comercio e Importação Ltda,156.7,3,TRUE,FORA_DO_PISO_COMPETITIVO,PENDENCIAS_IDENTIDADE,PENDENCIA_VALIDACAO,IDENTIDADE_INCONCLUSIVA,PENDENCIA_VALIDACAO,VIAVEL_ACIMA_DO_PISO,SEM_EVIDENCIA_DE_DEMANDA,259,256.23,267.39,233.43,7.772200772,20.13,8.279935224,estimated,TRUE,EVIDENCIA_IDENTIDADE_INCOMPLETA,APRESENTACAO_NAO_EXPLICITA; CUSTOS_VARIAVEIS_NAO_INFORMADOS; TRIBUTO_ESTIMADO,"Painel multicabo Wireconex XLR de 36 vias, sem conectores; conteúdo explicitamente confirmado.",Validar identidade e apresentação,mercado/VTK012632.json,2026-09-05T15:16:37.457Z
VTK017722,Lanterna Cabeça Western 12 Leds,Evolusom Comercial Ltda,14.4,24,TRUE,APROVADO_NOS_CUSTOS_CONSIDERADOS,PENDENCIAS_IDENTIDADE,PENDENCIA_VALIDACAO,IDENTIDADE_INCONCLUSIVA,PENDENCIA_VALIDACAO,VIAVEL_NO_ALVO,SEM_EVIDENCIA_DE_DEMANDA,57.14,38.36,39.41,35.97,29.71648582,16.98,8.279935224,estimated,FALSE,EVIDENCIA_IDENTIDADE_INCOMPLETA,APRESENTACAO_NAO_EXPLICITA; CUSTOS_VARIAVEIS_NAO_INFORMADOS; TRIBUTO_ESTIMADO,"Lanterna de cabeça Western, 12 LEDs, alimentação por pilhas.",Validar identidade e apresentação,mercado/VTK017722.json,2026-09-05T15:16:37.457Z
VTK002644,Cabo Blindado 2 RCA X 2 RCA CBRC0027 5m Vermelho Storm,Evolusom Comercial Ltda,38.9,41,TRUE,APROVADO_NOS_CUSTOS_CONSIDERADOS,PENDENCIAS_IDENTIDADE,PENDENCIA_VALIDACAO,IDENTIDADE_INCONCLUSIVA,PENDENCIA_VALIDACAO,VIAVEL_NO_ALVO,SEM_EVIDENCIA_DE_DEMANDA,87,70.34,72.32,65.87,19.11494253,16.63,8.279935224,estimated,FALSE,EQUIVALENCIA_MARCA_NAO_COMPROVADA; EVIDENCIA_IDENTIDADE_INCOMPLETA,APRESENTACAO_NAO_EXPLICITA; CUSTOS_VARIAVEIS_NAO_INFORMADOS; TRIBUTO_ESTIMADO,"Storm CBRC0027, 2 RCA x 2 RCA, 5 metros, vermelho, dupla blindagem.",Validar identidade e apresentação,mercado/VTK002644.json,2026-09-05T15:16:37.457Z
VTK005761,"Cabo HDMI 2.1 8K 1,5m Preto Storm",Evolusom Comercial Ltda,21.8,25,TRUE,APROVADO_NOS_CUSTOS_CONSIDERADOS,PENDENCIAS_IDENTIDADE,PENDENCIA_VALIDACAO,IDENTIDADE_INCONCLUSIVA,PENDENCIA_VALIDACAO,VIAVEL_NO_ALVO,SEM_EVIDENCIA_DE_DEMANDA,58.9,47.16,48.48,44.15,19.71137521,11.61,8.279935224,estimated,FALSE,COR_DO_MODELO_NAO_COMPROVADA; EVIDENCIA_IDENTIDADE_INCOMPLETA,APRESENTACAO_NAO_EXPLICITA; CUSTOS_VARIAVEIS_NAO_INFORMADOS; TRIBUTO_ESTIMADO,"Cabo Storm/NWT CBHM0028, HDMI 2.1, 8K, 1,5 metro, preto; fornecedor declara a relação NWT/Storm.",Validar identidade e apresentação,mercado/VTK005761.json,2026-09-05T15:16:37.457Z
VTK017919,Centralina Soft Tr-20 Para Trava Elétrica,Evolusom Comercial Ltda,25.9,4,TRUE,APROVADO_NOS_CUSTOS_CONSIDERADOS,PENDENCIAS_IDENTIDADE,PENDENCIA_VALIDACAO,IDENTIDADE_INCONCLUSIVA,PENDENCIA_VALIDACAO,VIAVEL_NO_ALVO,SEM_EVIDENCIA_DE_DEMANDA,59.9,52,53.45,48.74,14.85809683,8.9,8.279935224,estimated,FALSE,EVIDENCIA_IDENTIDADE_INCOMPLETA,APRESENTACAO_NAO_EXPLICITA; CUSTOS_VARIAVEIS_NAO_INFORMADOS; TRIBUTO_ESTIMADO,Centralina Soft TR-20 para travas elétricas; modelo coincidente.,Validar identidade e apresentação,mercado/VTK017919.json,2026-09-05T15:16:37.457Z
VTK017330,"Cabo Vga Evus C-043 Hd15 Macho X Hd15 Macho Com Filtro 15,0m",Evolusom Comercial Ltda,45.9,50,TRUE,FORA_DO_PISO_COMPETITIVO,PENDENCIAS_IDENTIDADE,PENDENCIA_VALIDACAO,IDENTIDADE_INCONCLUSIVA,PENDENCIA_VALIDACAO,VIAVEL_NO_ALVO,SEM_EVIDENCIA_DE_DEMANDA,86.67,81.87,84.17,76.67,9.080419984,7.87,8.279935224,estimated,TRUE,EVIDENCIA_IDENTIDADE_INCOMPLETA,APRESENTACAO_NAO_EXPLICITA; CUSTOS_VARIAVEIS_NAO_INFORMADOS; TRIBUTO_ESTIMADO,"Cabo VGA Evus C-043, 15 metros, com filtro.",Validar identidade e apresentação,mercado/VTK017330.json,2026-09-05T15:16:37.457Z
VTK002372,Chave Seletora HDMI 3x1 CHSL0006 Preto Storm,Evolusom Comercial Ltda,34.5,14,TRUE,APROVADO_NOS_CUSTOS_CONSIDERADOS,PENDENCIAS_IDENTIDADE,PENDENCIA_VALIDACAO,IDENTIDADE_INCONCLUSIVA,PENDENCIA_VALIDACAO,VIAVEL_NO_ALVO,SEM_EVIDENCIA_DE_DEMANDA,69.99,64.37,66.17,60.3,10.91584512,7.64,8.279935224,estimated,FALSE,EQUIVALENCIA_MARCA_NAO_COMPROVADA; EVIDENCIA_IDENTIDADE_INCOMPLETA,APRESENTACAO_NAO_EXPLICITA; CUSTOS_VARIAVEIS_NAO_INFORMADOS; TRIBUTO_ESTIMADO,Chave HDMI Storm CHSL0006 com três entradas e uma saída.,Validar identidade e apresentação,mercado/VTK002372.json,2026-09-05T15:16:37.457Z
VTK017682,Relê Automotivo Soft Eletrônico Re-10 Liga / Desliga Som,Evolusom Comercial Ltda,28.9,32,TRUE,APROVADO_NOS_CUSTOS_CONSIDERADOS,PENDENCIAS_IDENTIDADE,PENDENCIA_VALIDACAO,IDENTIDADE_INCONCLUSIVA,PENDENCIA_VALIDACAO,VIAVEL_NO_ALVO,SEM_EVIDENCIA_DE_DEMANDA,59.9,55.66,57.18,52.17,10.35058431,6.2,8.279935224,estimated,FALSE,EVIDENCIA_IDENTIDADE_INCOMPLETA,APRESENTACAO_NAO_EXPLICITA; CUSTOS_VARIAVEIS_NAO_INFORMADOS; TRIBUTO_ESTIMADO,Relê Soft RE-10 para ligar/desligar equipamentos de som automotivo junto ao alarme.,Validar identidade e apresentação,mercado/VTK017682.json,2026-09-05T15:16:37.457Z
VTK017804,Cordão Prolongador Daneva 3 Metros Ref.1312,Evolusom Comercial Ltda,21.5,24,TRUE,APROVADO_NOS_CUSTOS_CONSIDERADOS,PENDENCIAS_IDENTIDADE,PENDENCIA_VALIDACAO,IDENTIDADE_INCONCLUSIVA,PENDENCIA_VALIDACAO,VIAVEL_NO_ALVO,SEM_EVIDENCIA_DE_DEMANDA,50.61,45.82,47.07,42.95,12.13198973,6.14,8.279935224,estimated,FALSE,EVIDENCIA_IDENTIDADE_INCOMPLETA,APRESENTACAO_NAO_EXPLICITA; CUSTOS_VARIAVEIS_NAO_INFORMADOS; TRIBUTO_ESTIMADO,"Extensão Daneva 1312 de 3 metros, duas vias de 0,75 mm², três tomadas.",Validar identidade e apresentação,mercado/VTK017804.json,2026-09-05T15:16:37.457Z
VTK017541,Esguicho Kepper Em Alumínio 30cm Verde,Evolusom Comercial Ltda,29.9,49,TRUE,FORA_DO_PISO_COMPETITIVO,PENDENCIAS_IDENTIDADE,PENDENCIA_VALIDACAO,IDENTIDADE_INCONCLUSIVA,PENDENCIA_VALIDACAO,VIAVEL_NO_ALVO,SEM_EVIDENCIA_DE_DEMANDA,59.9,56.97,58.53,53.42,8.681135225,5.2,8.279935224,estimated,TRUE,EVIDENCIA_IDENTIDADE_INCOMPLETA,APRESENTACAO_NAO_EXPLICITA; CUSTOS_VARIAVEIS_NAO_INFORMADOS; TRIBUTO_ESTIMADO,"Esguicho Kepper em alumínio, 30 cm, verde.",Validar identidade e apresentação,mercado/VTK017541.json,2026-09-05T15:16:37.457Z
VTK020755,Cabo Conversor Hdmi Para Vga + Cabo De áudio P2 Mxt 1.2.105 Macho X Fêmea Preto,Evolusom Comercial Ltda,28.5,50,TRUE,FORA_DO_PISO_COMPETITIVO,PENDENCIAS_IDENTIDADE,PENDENCIA_VALIDACAO,IDENTIDADE_INCONCLUSIVA,PENDENCIA_VALIDACAO,VIAVEL_NO_ALVO,SEM_EVIDENCIA_DE_DEMANDA,58.04,56.25,57.8,52.68,7.288077188,4.23,8.279935224,estimated,TRUE,EVIDENCIA_IDENTIDADE_INCOMPLETA,APRESENTACAO_NAO_EXPLICITA; CUSTOS_VARIAVEIS_NAO_INFORMADOS; TRIBUTO_ESTIMADO,"Conversor MXT HDMI de entrada para VGA de saída, com áudio P2; direção confirmada pelo fornecedor.",Validar identidade e apresentação,mercado/VTK020755.json,2026-09-05T15:16:37.457Z
VTK018861,"Cabo De Dados Para Telefone Celuar Rural Aquário Ca-01 Compatível Com Os Modelos Ca-40, Ca-42 E Ca-403g",Evolusom Comercial Ltda,27.6,4,TRUE,FORA_DO_PISO_COMPETITIVO,PENDENCIAS_IDENTIDADE,PENDENCIA_VALIDACAO,IDENTIDADE_INCONCLUSIVA,PENDENCIA_VALIDACAO,VIAVEL_ACIMA_DO_PISO,SEM_EVIDENCIA_DE_DEMANDA,54.95,53.56,55.03,50.24,6.933575978,3.81,8.279935224,estimated,TRUE,EVIDENCIA_IDENTIDADE_INCOMPLETA,APRESENTACAO_NAO_EXPLICITA; CUSTOS_VARIAVEIS_NAO_INFORMADOS; TRIBUTO_ESTIMADO,"Cabo de dados Aquário CA-01 para telefone rural, conectores USB conforme descrição do fornecedor.",Validar identidade e apresentação,mercado/VTK018861.json,2026-09-05T15:16:37.457Z
VTK006339,Microventilador Storm MVDC0004 120X120X25mm 12V Preto,Evolusom Comercial Ltda,15.9,46,TRUE,FORA_DO_PISO_COMPETITIVO,PENDENCIAS_IDENTIDADE,PENDENCIA_VALIDACAO,IDENTIDADE_INCONCLUSIVA,PENDENCIA_VALIDACAO,VIAVEL_NO_ALVO,SEM_EVIDENCIA_DE_DEMANDA,41.44,39.16,40.25,36.65,9.073359073,3.76,8.279935224,estimated,TRUE,EQUIVALENCIA_MARCA_NAO_COMPROVADA; EVIDENCIA_IDENTIDADE_INCOMPLETA,APRESENTACAO_NAO_EXPLICITA; CUSTOS_VARIAVEIS_NAO_INFORMADOS; TRIBUTO_ESTIMADO,"Storm MVDC0004, 120 x 120 x 25 mm, 12 V DC.",Validar identidade e apresentação,mercado/VTK006339.json,2026-09-05T15:16:37.457Z
VTK018042,Calculadora De Mesa Procalc Pc108-pk 12 Dígitos Rosa,Evolusom Comercial Ltda,21.6,10,TRUE,FORA_DO_PISO_COMPETITIVO,PENDENCIAS_IDENTIDADE,PENDENCIA_VALIDACAO,IDENTIDADE_INCONCLUSIVA,PENDENCIA_VALIDACAO,VIAVEL_ACIMA_DO_PISO,SEM_EVIDENCIA_DE_DEMANDA,46.96,45.94,47.21,43.07,6.6439523,3.12,8.279935224,estimated,TRUE,EVIDENCIA_IDENTIDADE_INCOMPLETA,APRESENTACAO_NAO_EXPLICITA; CUSTOS_VARIAVEIS_NAO_INFORMADOS; TRIBUTO_ESTIMADO,"Calculadora Procalc PC108-PK, 12 dígitos, rosa.",Validar identidade e apresentação,mercado/VTK018042.json,2026-09-05T15:16:37.457Z
VTK012045,Bateria Alcalina 9v Elgin Cartela 01 Unidade,BKR 1 Comercio e Importação Ltda,7.79,100,FALSE,NAO_CONCLUSIVO,INCONCLUSIVOS,INCONCLUSIVO,IDENTIDADE_COHERENTE,INCONCLUSIVO,INCONCLUSIVO,HISTORICO_PROPRIO,8,,,,,,8.279935224,estimated,FALSE,INCONCLUSIVO,,,Completar fontes e vínculos,mercado/VTK012045.json,2026-09-05T15:16:37.457Z
VTK000243,Mesa de Som Yamaha MG10XUF 110V Preta,Vanral Comercial Ltda,1984.48,3,FALSE,NAO_CONCLUSIVO,INCONCLUSIVOS,INCONCLUSIVO,IDENTIDADE_COHERENTE,INCONCLUSIVO,INCONCLUSIVO,HISTORICO_PROPRIO,2159,,,,,,8.279935224,estimated,FALSE,INCONCLUSIVO,APRESENTACAO_NAO_EXPLICITA,,Completar fontes e vínculos,mercado/VTK000243.json,2026-09-05T15:16:37.457Z
VTK012081,5 Baterias Cr2032 Philips,BKR 1 Comercio e Importação Ltda,10.69,100,FALSE,NAO_CONCLUSIVO,INCONCLUSIVOS,INCONCLUSIVO,IDENTIDADE_INCONCLUSIVA,INCONCLUSIVO,INCONCLUSIVO,RANKING_ML,16.7,,,,,,8.279935224,estimated,FALSE,EVIDENCIA_IDENTIDADE_INCOMPLETA; INCONCLUSIVO,,,Completar fontes e vínculos,mercado/VTK012081.json,2026-09-05T15:16:37.457Z
VTK012102,Pilha Ult. Aa2 Cart 2 Energizer,BKR 1 Comercio e Importação Ltda,44,100,FALSE,NAO_CONCLUSIVO,INCONCLUSIVOS,INCONCLUSIVO,IDENTIDADE_COHERENTE,INCONCLUSIVO,INCONCLUSIVO,RANKING_ML,62.42,,,,,,8.279935224,estimated,FALSE,INCONCLUSIVO,,,Completar fontes e vínculos,mercado/VTK012102.json,2026-09-05T15:16:37.457Z
VTK012540,Pilha Alcalina Aa2 Rayovac Tubo Com 32 Unidades,BKR 1 Comercio e Importação Ltda,83.9,100,FALSE,NAO_CONCLUSIVO,INCONCLUSIVOS,INCONCLUSIVO,IDENTIDADE_INCONCLUSIVA,INCONCLUSIVO,INCONCLUSIVO,RANKING_ML,98,,,,,,8.279935224,estimated,FALSE,EVIDENCIA_IDENTIDADE_INCOMPLETA; INCONCLUSIVO,,,Completar fontes e vínculos,mercado/VTK012540.json,2026-09-05T15:16:37.457Z
VTK012187,Encordoamento P/violão Aço Bronze 85/15 Pct/3 Sg 0.011 - 0.052,BKR 1 Comercio e Importação Ltda,47,56,FALSE,NAO_CONCLUSIVO,INCONCLUSIVOS,INCONCLUSIVO,IDENTIDADE_INCONCLUSIVA,INCONCLUSIVO,INCONCLUSIVO,RANKING_ML,50.15,,,,,,8.279935224,estimated,FALSE,EVIDENCIA_IDENTIDADE_INCOMPLETA; COMPOSICAO_KIT_NAO_COMPROVADA; INCONCLUSIVO,,,Completar fontes e vínculos,mercado/VTK012187.json,2026-09-05T15:16:37.457Z
VTK000316,Detector de Tensão Ez Alert I Minipa,Evolusom Comercial Ltda,27.8,50,FALSE,NAO_CONCLUSIVO,INCONCLUSIVOS,INCONCLUSIVO,IDENTIDADE_INCONCLUSIVA,INCONCLUSIVO,INCONCLUSIVO,RANKING_ML,39.9,,,,,,8.279935224,estimated,FALSE,EVIDENCIA_IDENTIDADE_INCOMPLETA; INCONCLUSIVO,APRESENTACAO_NAO_EXPLICITA,,Completar fontes e vínculos,mercado/VTK000316.json,2026-09-05T15:16:37.457Z
VTK001020,Chaleira Elétrica Agratto CE01 Prata Em Aço Inox 127v,Evolusom Comercial Ltda,44.9,50,FALSE,NAO_CONCLUSIVO,INCONCLUSIVOS,INCONCLUSIVO,IDENTIDADE_INCONCLUSIVA,INCONCLUSIVO,INCONCLUSIVO,RANKING_ML,46.9,,,,,,8.279935224,estimated,FALSE,EVIDENCIA_IDENTIDADE_INCOMPLETA; INCONCLUSIVO,APRESENTACAO_NAO_EXPLICITA,,Completar fontes e vínculos,mercado/VTK001020.json,2026-09-05T15:16:37.457Z
VTK002010,Ferro de Solda 50W 127V POWER 60 Cinza/Verde Hikari,Evolusom Comercial Ltda,39.95,50,FALSE,NAO_CONCLUSIVO,INCONCLUSIVOS,INCONCLUSIVO,IDENTIDADE_INCONCLUSIVA,INCONCLUSIVO,INCONCLUSIVO,RANKING_ML,49.63,,,,,,8.279935224,estimated,FALSE,EVIDENCIA_IDENTIDADE_INCOMPLETA; INCONCLUSIVO,APRESENTACAO_NAO_EXPLICITA,,Completar fontes e vínculos,mercado/VTK002010.json,2026-09-05T15:16:37.457Z
VTK006217,Omeleteira Agratto Mr. Cheff 800w 127v,Evolusom Comercial Ltda,69.9,50,FALSE,NAO_CONCLUSIVO,INCONCLUSIVOS,INCONCLUSIVO,IDENTIDADE_INCONCLUSIVA,INCONCLUSIVO,INCONCLUSIVO,RANKING_ML,78.8,,,,,,8.279935224,estimated,FALSE,EVIDENCIA_IDENTIDADE_INCOMPLETA; INCONCLUSIVO,APRESENTACAO_NAO_EXPLICITA,,Completar fontes e vínculos,mercado/VTK006217.json,2026-09-05T15:16:37.457Z
VTK017167,"Alto Falante Bravox Tr6 U 6"" 60w Rms 4r Universal Par",Evolusom Comercial Ltda,95.9,50,FALSE,NAO_CONCLUSIVO,INCONCLUSIVOS,INCONCLUSIVO,IDENTIDADE_COHERENTE,INCONCLUSIVO,INCONCLUSIVO,RANKING_ML,115,,,,,,8.279935224,estimated,FALSE,INCONCLUSIVO,,,Completar fontes e vínculos,mercado/VTK017167.json,2026-09-05T15:16:37.457Z
VTK017177,Plug P10 Santo Angelo Fêmea Jack-m Mono,Evolusom Comercial Ltda,12.2,50,FALSE,NAO_CONCLUSIVO,INCONCLUSIVOS,INCONCLUSIVO,IDENTIDADE_COHERENTE,INCONCLUSIVO,INCONCLUSIVO,RANKING_ML,22.75,,,,,,8.279935224,estimated,FALSE,INCONCLUSIVO,APRESENTACAO_NAO_EXPLICITA,,Completar fontes e vínculos,mercado/VTK017177.json,2026-09-05T15:16:37.457Z
VTK017192,"Alcool Implastec Isopropanol 99,8% 500ml",Evolusom Comercial Ltda,17.9,50,FALSE,NAO_CONCLUSIVO,INCONCLUSIVOS,INCONCLUSIVO,IDENTIDADE_COHERENTE,INCONCLUSIVO,INCONCLUSIVO,RANKING_ML,20,,,,,,8.279935224,estimated,FALSE,INCONCLUSIVO,APRESENTACAO_NAO_EXPLICITA,,Completar fontes e vínculos,mercado/VTK017192.json,2026-09-05T15:16:37.457Z
VTK017295,Telefone Intelbras Hsb-40 4013342 Headset Para Telemarketing,Evolusom Comercial Ltda,109.9,50,FALSE,NAO_CONCLUSIVO,INCONCLUSIVOS,INCONCLUSIVO,IDENTIDADE_COHERENTE,INCONCLUSIVO,INCONCLUSIVO,RANKING_ML,131,,,,,,8.279935224,estimated,FALSE,INCONCLUSIVO,APRESENTACAO_NAO_EXPLICITA,,Completar fontes e vínculos,mercado/VTK017295.json,2026-09-05T15:16:37.457Z
VTK017300,Modulo Soft Pw Quattro 4 Portas,Evolusom Comercial Ltda,66.9,50,FALSE,NAO_CONCLUSIVO,INCONCLUSIVOS,INCONCLUSIVO,IDENTIDADE_INCONCLUSIVA,INCONCLUSIVO,INCONCLUSIVO,RANKING_ML,88.44,,,,,,8.279935224,estimated,FALSE,EVIDENCIA_IDENTIDADE_INCOMPLETA; INCONCLUSIVO,APRESENTACAO_NAO_EXPLICITA,,Completar fontes e vínculos,mercado/VTK017300.json,2026-09-05T15:16:37.457Z
VTK017303,Combo Teclado + Mouse Sem Fio Multilaser Tc250 Recarregável,Evolusom Comercial Ltda,152.9,50,FALSE,NAO_CONCLUSIVO,INCONCLUSIVOS,INCONCLUSIVO,IDENTIDADE_INCONCLUSIVA,INCONCLUSIVO,INCONCLUSIVO,RANKING_ML,135.9,,,,,,8.279935224,estimated,FALSE,COMPOSICAO_KIT_NAO_COMPROVADA; INCONCLUSIVO,,,Completar fontes e vínculos,mercado/VTK017303.json,2026-09-05T15:16:37.457Z
VTK017379,Alarme Automotivo Positron Iam Px360bt Starter,Evolusom Comercial Ltda,334.9,50,FALSE,NAO_CONCLUSIVO,INCONCLUSIVOS,INCONCLUSIVO,IDENTIDADE_COHERENTE,INCONCLUSIVO,INCONCLUSIVO,RANKING_ML,367.63,,,,,,8.279935224,estimated,FALSE,INCONCLUSIVO,APRESENTACAO_NAO_EXPLICITA,,Completar fontes e vínculos,mercado/VTK017379.json,2026-09-05T15:16:37.457Z
VTK017420,"Monitor Brx Led 20"" Hdmi + Vga",Evolusom Comercial Ltda,279.9,50,FALSE,NAO_CONCLUSIVO,INCONCLUSIVOS,INCONCLUSIVO,IDENTIDADE_INCONCLUSIVA,INCONCLUSIVO,INCONCLUSIVO,RANKING_ML,230,,,,,,8.279935224,estimated,FALSE,EVIDENCIA_IDENTIDADE_INCOMPLETA; INCONCLUSIVO,APRESENTACAO_NAO_EXPLICITA,,Completar fontes e vínculos,mercado/VTK017420.json,2026-09-05T15:16:37.457Z
VTK017431,Caixa De Som Boombox Plus Aiwa Bbs-01b 200w Bluetooth,Evolusom Comercial Ltda,1459.9,50,FALSE,NAO_CONCLUSIVO,INCONCLUSIVOS,INCONCLUSIVO,IDENTIDADE_COHERENTE,INCONCLUSIVO,INCONCLUSIVO,RANKING_ML,1442.9,,,,,,8.279935224,estimated,FALSE,INCONCLUSIVO,APRESENTACAO_NAO_EXPLICITA,,Completar fontes e vínculos,mercado/VTK017431.json,2026-09-05T15:16:37.457Z
VTK017439,Torre De Som Aiwa Aws-t2w-02 2300w Bluetooth,Evolusom Comercial Ltda,1699.9,50,FALSE,NAO_CONCLUSIVO,INCONCLUSIVOS,INCONCLUSIVO,IDENTIDADE_COHERENTE,INCONCLUSIVO,INCONCLUSIVO,RANKING_ML,1799,,,,,,8.279935224,estimated,FALSE,INCONCLUSIVO,APRESENTACAO_NAO_EXPLICITA,,Completar fontes e vínculos,mercado/VTK017439.json,2026-09-05T15:16:37.457Z
VTK017450,Caixa De Som Aiwa Mini Speaker Aws-sp-03-b Bivolt - Preta,Evolusom Comercial Ltda,199.9,50,FALSE,NAO_CONCLUSIVO,INCONCLUSIVOS,INCONCLUSIVO,IDENTIDADE_INCONCLUSIVA,INCONCLUSIVO,INCONCLUSIVO,RANKING_ML,213.56,,,,,,8.279935224,estimated,FALSE,EVIDENCIA_IDENTIDADE_INCOMPLETA; INCONCLUSIVO,APRESENTACAO_NAO_EXPLICITA,,Completar fontes e vínculos,mercado/VTK017450.json,2026-09-05T15:16:37.457Z
VTK017452,Caixa De Som Aiwa Mini Speaker Aws-sp-03-bl Bivolt - Azul,Evolusom Comercial Ltda,199.9,50,FALSE,NAO_CONCLUSIVO,INCONCLUSIVOS,INCONCLUSIVO,IDENTIDADE_INCONCLUSIVA,INCONCLUSIVO,INCONCLUSIVO,RANKING_ML,189,,,,,,8.279935224,estimated,FALSE,EVIDENCIA_IDENTIDADE_INCOMPLETA; INCONCLUSIVO,APRESENTACAO_NAO_EXPLICITA,,Completar fontes e vínculos,mercado/VTK017452.json,2026-09-05T15:16:37.457Z
VTK017457,"Alto Falante Triaxial Bravox Revolução Revo6 6"" 70w Rms Par",Evolusom Comercial Ltda,97.9,50,FALSE,NAO_CONCLUSIVO,INCONCLUSIVOS,INCONCLUSIVO,IDENTIDADE_INCONCLUSIVA,INCONCLUSIVO,INCONCLUSIVO,RANKING_ML,112.52,,,,,,8.279935224,estimated,FALSE,EVIDENCIA_IDENTIDADE_INCOMPLETA; INCONCLUSIVO,,,Completar fontes e vínculos,mercado/VTK017457.json,2026-09-05T15:16:37.457Z
VTK017484,Faqueiro Tramontina Leme 20 Peças - Vermelho,Evolusom Comercial Ltda,29.9,50,FALSE,NAO_CONCLUSIVO,INCONCLUSIVOS,INCONCLUSIVO,IDENTIDADE_INCONCLUSIVA,INCONCLUSIVO,INCONCLUSIVO,RANKING_ML,34.9,,,,,,8.279935224,estimated,FALSE,EVIDENCIA_IDENTIDADE_INCOMPLETA; INCONCLUSIVO,,,Completar fontes e vínculos,mercado/VTK017484.json,2026-09-05T15:16:37.457Z
VTK017485,Jogo De Facas Tramontina Plenus 09 Peças Preto,Evolusom Comercial Ltda,55.9,50,FALSE,NAO_CONCLUSIVO,INCONCLUSIVOS,INCONCLUSIVO,IDENTIDADE_INCONCLUSIVA,INCONCLUSIVO,INCONCLUSIVO,RANKING_ML,65.74,,,,,,8.279935224,estimated,FALSE,EVIDENCIA_IDENTIDADE_INCOMPLETA; INCONCLUSIVO,,,Completar fontes e vínculos,mercado/VTK017485.json,2026-09-05T15:16:37.457Z
VTK017486,Jogo De Talheres Tramontina Churrasco Com Cabos De Madeira Natural 12 Peças,Evolusom Comercial Ltda,64.9,50,FALSE,NAO_CONCLUSIVO,INCONCLUSIVOS,INCONCLUSIVO,IDENTIDADE_INCONCLUSIVA,INCONCLUSIVO,INCONCLUSIVO,RANKING_ML,72,,,,,,8.279935224,estimated,FALSE,EVIDENCIA_IDENTIDADE_INCOMPLETA; INCONCLUSIVO,,,Completar fontes e vínculos,mercado/VTK017486.json,2026-09-05T15:16:37.457Z
VTK017487,Jogo Trinchante Tramontina Com Cabos De Madeira Natural 2 Peças,Evolusom Comercial Ltda,38.9,50,FALSE,NAO_CONCLUSIVO,INCONCLUSIVOS,INCONCLUSIVO,IDENTIDADE_COHERENTE,INCONCLUSIVO,INCONCLUSIVO,RANKING_ML,44.94,,,,,,8.279935224,estimated,FALSE,INCONCLUSIVO,,,Completar fontes e vínculos,mercado/VTK017487.json,2026-09-05T15:16:37.457Z
VTK017491,Aquecedor Elétrico Cadence Miniconfort Aqc440 220v,Evolusom Comercial Ltda,79.9,50,FALSE,NAO_CONCLUSIVO,INCONCLUSIVOS,INCONCLUSIVO,IDENTIDADE_COHERENTE,INCONCLUSIVO,INCONCLUSIVO,RANKING_ML,90,,,,,,8.279935224,estimated,FALSE,INCONCLUSIVO,APRESENTACAO_NAO_EXPLICITA,,Completar fontes e vínculos,mercado/VTK017491.json,2026-09-05T15:16:37.457Z
VTK017492,"Alto Falante 6"" Hurricane Triak 6 Triaxial 50w Rms 4r Par",Evolusom Comercial Ltda,67.9,50,FALSE,NAO_CONCLUSIVO,INCONCLUSIVOS,INCONCLUSIVO,IDENTIDADE_COHERENTE,INCONCLUSIVO,INCONCLUSIVO,RANKING_ML,65.89,,,,,,8.279935224,estimated,FALSE,INCONCLUSIVO,,,Completar fontes e vínculos,mercado/VTK017492.json,2026-09-05T15:16:37.457Z
VTK017493,"Alto Falante 6"" Hurricane Class Cm 6 Quadriaxial 65w Rms 4r Par",Evolusom Comercial Ltda,77.9,50,FALSE,NAO_CONCLUSIVO,INCONCLUSIVOS,INCONCLUSIVO,IDENTIDADE_COHERENTE,INCONCLUSIVO,INCONCLUSIVO,RANKING_ML,74,,,,,,8.279935224,estimated,FALSE,INCONCLUSIVO,,,Completar fontes e vínculos,mercado/VTK017493.json,2026-09-05T15:16:37.457Z
VTK017494,"Alto Falante 5"" Hurricane Triak 5 Triaxial 50w Rms 4r Par",Evolusom Comercial Ltda,67.9,50,FALSE,NAO_CONCLUSIVO,INCONCLUSIVOS,INCONCLUSIVO,IDENTIDADE_INCONCLUSIVA,INCONCLUSIVO,INCONCLUSIVO,RANKING_ML,69.11,,,,,,8.279935224,estimated,FALSE,COMPOSICAO_KIT_NAO_COMPROVADA; INCONCLUSIVO,,,Completar fontes e vínculos,mercado/VTK017494.json,2026-09-05T15:16:37.457Z
VTK017496,"Alto Falante 6"" Hurricane Platino Qr 6 Quadriaxial 80w Rms 4r Par",Evolusom Comercial Ltda,114.9,50,FALSE,NAO_CONCLUSIVO,INCONCLUSIVOS,INCONCLUSIVO,IDENTIDADE_COHERENTE,INCONCLUSIVO,INCONCLUSIVO,RANKING_ML,123,,,,,,8.279935224,estimated,FALSE,INCONCLUSIVO,,,Completar fontes e vínculos,mercado/VTK017496.json,2026-09-05T15:16:37.457Z
VTK017528,Solda Azul Cobix Sn60-pb40 500 Gramas,Evolusom Comercial Ltda,149.9,50,FALSE,NAO_CONCLUSIVO,INCONCLUSIVOS,INCONCLUSIVO,IDENTIDADE_COHERENTE,INCONCLUSIVO,INCONCLUSIVO,RANKING_ML,179.9,,,,,,8.279935224,estimated,FALSE,INCONCLUSIVO,APRESENTACAO_NAO_EXPLICITA,,Completar fontes e vínculos,mercado/VTK017528.json,2026-09-05T15:16:37.457Z
VTK017935,Modulo De Vidro Eletrico Soft Lc Reboque Inibe Alerta Anomalia Em Reboque,Evolusom Comercial Ltda,48.9,50,FALSE,NAO_CONCLUSIVO,INCONCLUSIVOS,INCONCLUSIVO,IDENTIDADE_INCONCLUSIVA,INCONCLUSIVO,INCONCLUSIVO,RANKING_ML,62.3,,,,,,8.279935224,estimated,FALSE,EVIDENCIA_IDENTIDADE_INCOMPLETA; INCONCLUSIVO,APRESENTACAO_NAO_EXPLICITA,,Completar fontes e vínculos,mercado/VTK017935.json,2026-09-05T15:16:37.457Z
VTK017993,Multímetro Digital Hikari Hm-1001 - 21n240,Evolusom Comercial Ltda,29.45,50,FALSE,NAO_CONCLUSIVO,INCONCLUSIVOS,INCONCLUSIVO,IDENTIDADE_INCONCLUSIVA,INCONCLUSIVO,INCONCLUSIVO,RANKING_ML,38.27,,,,,,8.279935224,estimated,FALSE,EVIDENCIA_IDENTIDADE_INCOMPLETA; INCONCLUSIVO,APRESENTACAO_NAO_EXPLICITA,,Completar fontes e vínculos,mercado/VTK017993.json,2026-09-05T15:16:37.457Z
VTK018011,"Liquidificador Agratto Forza Aliq02n-01 Leitoso 1,5l 850w Vermelho 127v",Evolusom Comercial Ltda,84.9,50,FALSE,NAO_CONCLUSIVO,INCONCLUSIVOS,INCONCLUSIVO,IDENTIDADE_COHERENTE,INCONCLUSIVO,INCONCLUSIVO,RANKING_ML,110,,,,,,8.279935224,estimated,FALSE,INCONCLUSIVO,APRESENTACAO_NAO_EXPLICITA,,Completar fontes e vínculos,mercado/VTK018011.json,2026-09-05T15:16:37.457Z
VTK018016,Telefone Intelbras Tc60id Com Identicador Grafite,Evolusom Comercial Ltda,119.9,50,FALSE,NAO_CONCLUSIVO,INCONCLUSIVOS,INCONCLUSIVO,IDENTIDADE_COHERENTE,INCONCLUSIVO,INCONCLUSIVO,RANKING_ML,166,,,,,,8.279935224,estimated,FALSE,INCONCLUSIVO,APRESENTACAO_NAO_EXPLICITA,,Completar fontes e vínculos,mercado/VTK018016.json,2026-09-05T15:16:37.457Z
VTK020551,Alarme Positron Cyber Ex-360 012872000,Evolusom Comercial Ltda,234.9,50,FALSE,NAO_CONCLUSIVO,INCONCLUSIVOS,INCONCLUSIVO,IDENTIDADE_INCONCLUSIVA,INCONCLUSIVO,INCONCLUSIVO,RANKING_ML,248,,,,,,8.279935224,estimated,FALSE,EVIDENCIA_IDENTIDADE_INCOMPLETA; INCONCLUSIVO,APRESENTACAO_NAO_EXPLICITA,,Completar fontes e vínculos,mercado/VTK020551.json,2026-09-05T15:16:37.457Z
VTK021013,Telefone Intelbras Pleno Preto Sem Chave Com Fio 4080051,Evolusom Comercial Ltda,44.9,50,FALSE,NAO_CONCLUSIVO,INCONCLUSIVOS,INCONCLUSIVO,IDENTIDADE_COHERENTE,INCONCLUSIVO,INCONCLUSIVO,RANKING_ML,56.05,,,,,,8.279935224,estimated,FALSE,INCONCLUSIVO,APRESENTACAO_NAO_EXPLICITA,,Completar fontes e vínculos,mercado/VTK021013.json,2026-09-05T15:16:37.457Z
VTK022803,Auto Radio Bluetooth Roadstar Rs2605br Es,Evolusom Comercial Ltda,72.9,50,FALSE,NAO_CONCLUSIVO,INCONCLUSIVOS,INCONCLUSIVO,IDENTIDADE_COHERENTE,INCONCLUSIVO,INCONCLUSIVO,RANKING_ML,77.9,,,,,,8.279935224,estimated,FALSE,INCONCLUSIVO,APRESENTACAO_NAO_EXPLICITA,,Completar fontes e vínculos,mercado/VTK022803.json,2026-09-05T15:16:37.457Z
VTK022967,Liquidificador Oster Oliq610 1400w 127v,Evolusom Comercial Ltda,169.9,50,FALSE,NAO_CONCLUSIVO,INCONCLUSIVOS,INCONCLUSIVO,IDENTIDADE_COHERENTE,INCONCLUSIVO,INCONCLUSIVO,RANKING_ML,187,,,,,,8.279935224,estimated,FALSE,INCONCLUSIVO,APRESENTACAO_NAO_EXPLICITA,,Completar fontes e vínculos,mercado/VTK022967.json,2026-09-05T15:16:37.457Z
VTK022996,Cafeteira Elétrica Cadence Desperta Contrast 220v,Evolusom Comercial Ltda,77.9,50,FALSE,NAO_CONCLUSIVO,INCONCLUSIVOS,INCONCLUSIVO,IDENTIDADE_INCONCLUSIVA,INCONCLUSIVO,INCONCLUSIVO,RANKING_ML,87.99,,,,,,8.279935224,estimated,FALSE,EVIDENCIA_IDENTIDADE_INCOMPLETA; INCONCLUSIVO,APRESENTACAO_NAO_EXPLICITA,,Completar fontes e vínculos,mercado/VTK022996.json,2026-09-05T15:16:37.457Z
VTK023040,Combo Teclado E Mouse Intelbras Csi50 Sem Fio,Evolusom Comercial Ltda,104.9,50,FALSE,NAO_CONCLUSIVO,INCONCLUSIVOS,INCONCLUSIVO,IDENTIDADE_INCONCLUSIVA,INCONCLUSIVO,INCONCLUSIVO,RANKING_ML,129.05,,,,,,8.279935224,estimated,FALSE,EVIDENCIA_IDENTIDADE_INCOMPLETA; COMPOSICAO_KIT_NAO_COMPROVADA; INCONCLUSIVO,,,Completar fontes e vínculos,mercado/VTK023040.json,2026-09-05T15:16:37.457Z
VTK023249,Torradeira Oster Simple Life Otor600 Inox 127v,Evolusom Comercial Ltda,109.9,50,FALSE,NAO_CONCLUSIVO,INCONCLUSIVOS,INCONCLUSIVO,IDENTIDADE_COHERENTE,INCONCLUSIVO,INCONCLUSIVO,RANKING_ML,139,,,,,,8.279935224,estimated,FALSE,INCONCLUSIVO,APRESENTACAO_NAO_EXPLICITA,,Completar fontes e vínculos,mercado/VTK023249.json,2026-09-05T15:16:37.457Z
VTK023250,Torradeira Oster Simple Life Otor600 Inox 220v,Evolusom Comercial Ltda,109.9,50,FALSE,NAO_CONCLUSIVO,INCONCLUSIVOS,INCONCLUSIVO,IDENTIDADE_COHERENTE,INCONCLUSIVO,INCONCLUSIVO,RANKING_ML,117,,,,,,8.279935224,estimated,FALSE,INCONCLUSIVO,APRESENTACAO_NAO_EXPLICITA,,Completar fontes e vínculos,mercado/VTK023250.json,2026-09-05T15:16:37.457Z
VTK023340,Chaleira Elétrica Oster Inox 2l Ultra - 127v,Evolusom Comercial Ltda,91.9,50,FALSE,NAO_CONCLUSIVO,INCONCLUSIVOS,INCONCLUSIVO,IDENTIDADE_INCONCLUSIVA,INCONCLUSIVO,INCONCLUSIVO,RANKING_ML,122.52,,,,,,8.279935224,estimated,FALSE,EVIDENCIA_IDENTIDADE_INCOMPLETA; INCONCLUSIVO,APRESENTACAO_NAO_EXPLICITA,,Completar fontes e vínculos,mercado/VTK023340.json,2026-09-05T15:16:37.457Z
VTK023341,Chaleira Elétrica Oster Inox 2l Ultra - 220v,Evolusom Comercial Ltda,91.9,50,FALSE,NAO_CONCLUSIVO,INCONCLUSIVOS,INCONCLUSIVO,IDENTIDADE_INCONCLUSIVA,INCONCLUSIVO,INCONCLUSIVO,RANKING_ML,132,,,,,,8.279935224,estimated,FALSE,EVIDENCIA_IDENTIDADE_INCOMPLETA; INCONCLUSIVO,APRESENTACAO_NAO_EXPLICITA,,Completar fontes e vínculos,mercado/VTK023341.json,2026-09-05T15:16:37.457Z
VTK023445,Protetor Elétrico Para Rack Intelbras Epe 205 5 Tomadas - Preto 4824201,Evolusom Comercial Ltda,28.9,50,FALSE,NAO_CONCLUSIVO,INCONCLUSIVOS,INCONCLUSIVO,IDENTIDADE_INCONCLUSIVA,INCONCLUSIVO,INCONCLUSIVO,RANKING_ML,33.68,,,,,,8.279935224,estimated,FALSE,COMPOSICAO_KIT_NAO_COMPROVADA; INCONCLUSIVO,,,Completar fontes e vínculos,mercado/VTK023445.json,2026-09-05T15:16:37.457Z
VTK023564,Grill Elétrico Cadence Grl200 Click Inox 127v,Evolusom Comercial Ltda,97.9,50,FALSE,NAO_CONCLUSIVO,INCONCLUSIVOS,INCONCLUSIVO,IDENTIDADE_COHERENTE,INCONCLUSIVO,INCONCLUSIVO,RANKING_ML,129,,,,,,8.279935224,estimated,FALSE,INCONCLUSIVO,APRESENTACAO_NAO_EXPLICITA,,Completar fontes e vínculos,mercado/VTK023564.json,2026-09-05T15:16:37.457Z
VTK023565,Grill Elétrico Cadence Grl200 Click Inox 220v,Evolusom Comercial Ltda,97.9,50,FALSE,NAO_CONCLUSIVO,INCONCLUSIVOS,INCONCLUSIVO,IDENTIDADE_COHERENTE,INCONCLUSIVO,INCONCLUSIVO,RANKING_ML,139,,,,,,8.279935224,estimated,FALSE,INCONCLUSIVO,APRESENTACAO_NAO_EXPLICITA,,Completar fontes e vínculos,mercado/VTK023565.json,2026-09-05T15:16:37.457Z
VTK017421,Controle Remoto Ar Condicionado Mxt Co1346 Split Elgin Silent,Evolusom Comercial Ltda,15.2,47,FALSE,NAO_CONCLUSIVO,INCONCLUSIVOS,INCONCLUSIVO,IDENTIDADE_COHERENTE,INCONCLUSIVO,INCONCLUSIVO,RANKING_ML,19,,,,,,8.279935224,estimated,FALSE,INCONCLUSIVO,APRESENTACAO_NAO_EXPLICITA,,Completar fontes e vínculos,mercado/VTK017421.json,2026-09-05T15:16:37.457Z
VTK022995,Cafeteira Elétrica Cadence Desperta Contrast 127v,Evolusom Comercial Ltda,77.9,47,FALSE,NAO_CONCLUSIVO,INCONCLUSIVOS,INCONCLUSIVO,IDENTIDADE_INCONCLUSIVA,INCONCLUSIVO,INCONCLUSIVO,RANKING_ML,85.99,,,,,,8.279935224,estimated,FALSE,EVIDENCIA_IDENTIDADE_INCOMPLETA; INCONCLUSIVO,APRESENTACAO_NAO_EXPLICITA,,Completar fontes e vínculos,mercado/VTK022995.json,2026-09-05T15:16:37.457Z
VTK023146,Omeleteira Britânia Bom02p Antiaderente Redstone 750w 127v,Evolusom Comercial Ltda,142.9,47,FALSE,NAO_CONCLUSIVO,INCONCLUSIVOS,INCONCLUSIVO,IDENTIDADE_COHERENTE,INCONCLUSIVO,INCONCLUSIVO,RANKING_ML,198,,,,,,8.279935224,estimated,FALSE,INCONCLUSIVO,APRESENTACAO_NAO_EXPLICITA,,Completar fontes e vínculos,mercado/VTK023146.json,2026-09-05T15:16:37.457Z
VTK017423,"Monitor Brx Led 21"" Hdmi + Vga",Evolusom Comercial Ltda,299.9,46,FALSE,NAO_CONCLUSIVO,INCONCLUSIVOS,INCONCLUSIVO,IDENTIDADE_COHERENTE,INCONCLUSIVO,INCONCLUSIVO,RANKING_ML,294,,,,,,8.279935224,estimated,FALSE,INCONCLUSIVO,APRESENTACAO_NAO_EXPLICITA,,Completar fontes e vínculos,mercado/VTK017423.json,2026-09-05T15:16:37.457Z
VTK026120,Adesivo Instantâneo Super Bonder Precisão 5g Loctite,BKR 1 Comercio e Importação Ltda,7.79,46,FALSE,NAO_CONCLUSIVO,INCONCLUSIVOS,INCONCLUSIVO,IDENTIDADE_INCONCLUSIVA,INCONCLUSIVO,INCONCLUSIVO,RANKING_ML,11.99,,,,,,8.279935224,estimated,FALSE,EVIDENCIA_IDENTIDADE_INCOMPLETA; INCONCLUSIVO,APRESENTACAO_NAO_EXPLICITA,,Completar fontes e vínculos,mercado/VTK026120.json,2026-09-05T15:16:37.457Z
VTK017594,Cabo Hdmi Aquário 4k10 4k Macho X Macho 2.0 10m,Evolusom Comercial Ltda,49.99,45,FALSE,NAO_CONCLUSIVO,INCONCLUSIVOS,INCONCLUSIVO,IDENTIDADE_COHERENTE,INCONCLUSIVO,INCONCLUSIVO,RANKING_ML,46.78,,,,,,8.279935224,estimated,FALSE,INCONCLUSIVO,APRESENTACAO_NAO_EXPLICITA,,Completar fontes e vínculos,mercado/VTK017594.json,2026-09-05T15:16:37.457Z
VTK017419,Modulo Potencia Stetsom Hl400.4 Iron High Line 2r Entrada Rca,Evolusom Comercial Ltda,177.9,44,FALSE,NAO_CONCLUSIVO,INCONCLUSIVOS,INCONCLUSIVO,IDENTIDADE_COHERENTE,INCONCLUSIVO,INCONCLUSIVO,RANKING_ML,187,,,,,,8.279935224,estimated,FALSE,INCONCLUSIVO,APRESENTACAO_NAO_EXPLICITA,,Completar fontes e vínculos,mercado/VTK017419.json,2026-09-05T15:16:37.457Z
VTK000481,"Extensão Tripla 2 X 0,75 x 10,0M Preta Megatron",Evolusom Comercial Ltda,24.9,41,FALSE,NAO_CONCLUSIVO,INCONCLUSIVOS,INCONCLUSIVO,IDENTIDADE_INCONCLUSIVA,INCONCLUSIVO,INCONCLUSIVO,RANKING_ML,154.9,,,,,,8.279935224,estimated,FALSE,EVIDENCIA_IDENTIDADE_INCOMPLETA; COMPOSICAO_KIT_NAO_COMPROVADA; INCONCLUSIVO,,"Extensão unitária de 10 m comparada com kit de cinco; atributo de modelo ainda menciona 1,5 m. Correspondência rejeitada, inclusive seu sinal de ranking.",Completar fontes e vínculos,mercado/VTK000481.json,2026-09-05T15:16:37.457Z
VTK017393,Cabo Hdmi Aquário 4k15 4k Macho X Macho 2.0 15m,Evolusom Comercial Ltda,102.1,41,FALSE,NAO_CONCLUSIVO,INCONCLUSIVOS,INCONCLUSIVO,IDENTIDADE_COHERENTE,INCONCLUSIVO,INCONCLUSIVO,RANKING_ML,99,,,,,,8.279935224,estimated,FALSE,INCONCLUSIVO,APRESENTACAO_NAO_EXPLICITA,,Completar fontes e vínculos,mercado/VTK017393.json,2026-09-05T15:16:37.457Z
VTK021011,Telefone Intelbras Gondola Tc-20 Cinza ártico Com Fio 4090400,Evolusom Comercial Ltda,38.9,40,FALSE,NAO_CONCLUSIVO,INCONCLUSIVOS,INCONCLUSIVO,IDENTIDADE_COHERENTE,INCONCLUSIVO,INCONCLUSIVO,RANKING_ML,54,,,,,,8.279935224,estimated,FALSE,INCONCLUSIVO,APRESENTACAO_NAO_EXPLICITA,,Completar fontes e vínculos,mercado/VTK021011.json,2026-09-05T15:16:37.457Z
VTK000251,Multimetro Digital Minipa ET-1000 Azul,Evolusom Comercial Ltda,44.9,38,FALSE,NAO_CONCLUSIVO,INCONCLUSIVOS,INCONCLUSIVO,IDENTIDADE_COHERENTE,INCONCLUSIVO,INCONCLUSIVO,RANKING_ML,46.55,,,,,,8.279935224,estimated,FALSE,INCONCLUSIVO,APRESENTACAO_NAO_EXPLICITA,,Completar fontes e vínculos,mercado/VTK000251.json,2026-09-05T15:16:37.457Z
VTK017392,Cabo Hdmi Aquário 4k02 4k Macho X Macho 2.0 2m,Evolusom Comercial Ltda,10.9,38,FALSE,NAO_CONCLUSIVO,INCONCLUSIVOS,INCONCLUSIVO,IDENTIDADE_INCONCLUSIVA,INCONCLUSIVO,INCONCLUSIVO,RANKING_ML,12.6,,,,,,8.279935224,estimated,FALSE,EVIDENCIA_IDENTIDADE_INCOMPLETA; INCONCLUSIVO,APRESENTACAO_NAO_EXPLICITA,,Completar fontes e vínculos,mercado/VTK017392.json,2026-09-05T15:16:37.457Z
VTK017621,Alarme Positron Duoblock Fx-g8 Universal Para Moto,Evolusom Comercial Ltda,229.9,37,FALSE,NAO_CONCLUSIVO,INCONCLUSIVOS,INCONCLUSIVO,IDENTIDADE_COHERENTE,INCONCLUSIVO,INCONCLUSIVO,RANKING_ML,271.16,,,,,,8.279935224,estimated,FALSE,INCONCLUSIVO,APRESENTACAO_NAO_EXPLICITA,,Completar fontes e vínculos,mercado/VTK017621.json,2026-09-05T15:16:37.457Z
VTK017555,Estilete Vonder 25mm,Evolusom Comercial Ltda,19.95,36,FALSE,NAO_CONCLUSIVO,INCONCLUSIVOS,INCONCLUSIVO,IDENTIDADE_INCONCLUSIVA,INCONCLUSIVO,INCONCLUSIVO,RANKING_ML,26,,,,,,8.279935224,estimated,FALSE,EVIDENCIA_IDENTIDADE_INCOMPLETA; INCONCLUSIVO,APRESENTACAO_NAO_EXPLICITA,,Completar fontes e vínculos,mercado/VTK017555.json,2026-09-05T15:16:37.457Z
VTK022406,Cabo Hdmi Aquário 8k5 8k Macho X Macho 2.1 5m,Evolusom Comercial Ltda,67.95,36,FALSE,NAO_CONCLUSIVO,INCONCLUSIVOS,INCONCLUSIVO,IDENTIDADE_INCONCLUSIVA,INCONCLUSIVO,INCONCLUSIVO,RANKING_ML,65.31,,,,,,8.279935224,estimated,FALSE,EVIDENCIA_IDENTIDADE_INCOMPLETA; INCONCLUSIVO,APRESENTACAO_NAO_EXPLICITA,,Completar fontes e vínculos,mercado/VTK022406.json,2026-09-05T15:16:37.457Z
VTK004571,Rádio Roadstar RS-2714BR USB/Bluetooth,Evolusom Comercial Ltda,96.9,35,FALSE,NAO_CONCLUSIVO,INCONCLUSIVOS,INCONCLUSIVO,IDENTIDADE_COHERENTE,INCONCLUSIVO,INCONCLUSIVO,RANKING_ML,99,,,,,,8.279935224,estimated,FALSE,INCONCLUSIVO,APRESENTACAO_NAO_EXPLICITA,,Completar fontes e vínculos,mercado/VTK004571.json,2026-09-05T15:16:37.457Z
VTK017547,Telefone Sem Fio Intelbras Ts 2510 Id Preto 4122510,Evolusom Comercial Ltda,129.9,35,FALSE,NAO_CONCLUSIVO,INCONCLUSIVOS,INCONCLUSIVO,IDENTIDADE_COHERENTE,INCONCLUSIVO,INCONCLUSIVO,RANKING_ML,139.99,,,,,,8.279935224,estimated,FALSE,INCONCLUSIVO,APRESENTACAO_NAO_EXPLICITA,,Completar fontes e vínculos,mercado/VTK017547.json,2026-09-05T15:16:37.457Z
VTK002617,Ponteira Cônica para Ferro de Solda 60W CP60P PLUS Hikari - PCT / 4,Evolusom Comercial Ltda,38.9,34,FALSE,NAO_CONCLUSIVO,INCONCLUSIVOS,INCONCLUSIVO,IDENTIDADE_INCONCLUSIVA,INCONCLUSIVO,INCONCLUSIVO,RANKING_ML,59,,,,,,8.279935224,estimated,FALSE,EVIDENCIA_IDENTIDADE_INCOMPLETA; INCONCLUSIVO,,,Completar fontes e vínculos,mercado/VTK002617.json,2026-09-05T15:16:37.457Z
VTK018731,Controle Remoto Mxt 01308 Para Ar Condicionado Midea Estilo,Evolusom Comercial Ltda,17.99,34,FALSE,NAO_CONCLUSIVO,INCONCLUSIVOS,INCONCLUSIVO,IDENTIDADE_INCONCLUSIVA,INCONCLUSIVO,INCONCLUSIVO,RANKING_ML,31.91,,,,,,8.279935224,estimated,FALSE,EVIDENCIA_IDENTIDADE_INCOMPLETA; INCONCLUSIVO,APRESENTACAO_NAO_EXPLICITA,,Completar fontes e vínculos,mercado/VTK018731.json,2026-09-05T15:16:37.457Z
VTK017544,"Alto Falante Triaxial Bravox Revolução Revo5 5"" 70w Rms Par",Evolusom Comercial Ltda,97.9,33,FALSE,NAO_CONCLUSIVO,INCONCLUSIVOS,INCONCLUSIVO,IDENTIDADE_INCONCLUSIVA,INCONCLUSIVO,INCONCLUSIVO,RANKING_ML,117,,,,,,8.279935224,estimated,FALSE,EVIDENCIA_IDENTIDADE_INCOMPLETA; INCONCLUSIVO,,,Completar fontes e vínculos,mercado/VTK017544.json,2026-09-05T15:16:37.457Z
VTK017639,"Alto Falante 5"" Hurricane Aurum A5 T Triaxial 60w Rms 4r Par",Evolusom Comercial Ltda,73.9,33,FALSE,NAO_CONCLUSIVO,INCONCLUSIVOS,INCONCLUSIVO,IDENTIDADE_COHERENTE,INCONCLUSIVO,INCONCLUSIVO,RANKING_ML,76.01,,,,,,8.279935224,estimated,FALSE,INCONCLUSIVO,,,Completar fontes e vínculos,mercado/VTK017639.json,2026-09-05T15:16:37.457Z
VTK017793,Cabo Hdmi Aquário 8k2 8k Macho X Macho 2.1 2m,Evolusom Comercial Ltda,29.1,32,FALSE,NAO_CONCLUSIVO,INCONCLUSIVOS,INCONCLUSIVO,IDENTIDADE_COHERENTE,INCONCLUSIVO,INCONCLUSIVO,RANKING_ML,30.63,,,,,,8.279935224,estimated,FALSE,INCONCLUSIVO,APRESENTACAO_NAO_EXPLICITA,,Completar fontes e vínculos,mercado/VTK017793.json,2026-09-05T15:16:37.457Z
VTK017712,Auto Radio Roadstar Rs150br Am/fm Bluetooth Dsp Pro Line,Evolusom Comercial Ltda,329.9,31,FALSE,NAO_CONCLUSIVO,INCONCLUSIVOS,INCONCLUSIVO,IDENTIDADE_COHERENTE,INCONCLUSIVO,INCONCLUSIVO,RANKING_ML,309.78,,,,,,8.279935224,estimated,FALSE,INCONCLUSIVO,APRESENTACAO_NAO_EXPLICITA,,Completar fontes e vínculos,mercado/VTK017712.json,2026-09-05T15:16:37.457Z
VTK017703,Pilha Alcalina Aa Elgin 1.5v Blister Grande Com 10x2,Evolusom Comercial Ltda,32.9,30,FALSE,NAO_CONCLUSIVO,INCONCLUSIVOS,INCONCLUSIVO,IDENTIDADE_INCONCLUSIVA,INCONCLUSIVO,INCONCLUSIVO,RANKING_ML,40.75,,,,,,8.279935224,estimated,FALSE,EVIDENCIA_IDENTIDADE_INCOMPLETA; COMPOSICAO_KIT_NAO_COMPROVADA; INCONCLUSIVO,,,Completar fontes e vínculos,mercado/VTK017703.json,2026-09-05T15:16:37.457Z
VTK017734,"Alto Falante 5"" Hurricane Platino Qr 5 Quadriaxial 80w Rms 4r Par",Evolusom Comercial Ltda,114.9,30,FALSE,NAO_CONCLUSIVO,INCONCLUSIVOS,INCONCLUSIVO,IDENTIDADE_INCONCLUSIVA,INCONCLUSIVO,INCONCLUSIVO,RANKING_ML,126.54,,,,,,8.279935224,estimated,FALSE,EVIDENCIA_IDENTIDADE_INCOMPLETA; INCONCLUSIVO,,,Completar fontes e vínculos,mercado/VTK017734.json,2026-09-05T15:16:37.457Z
VTK018146,Alarme Positron Cyber Fx-360 012871000,Evolusom Comercial Ltda,262.9,30,FALSE,NAO_CONCLUSIVO,INCONCLUSIVOS,INCONCLUSIVO,IDENTIDADE_COHERENTE,INCONCLUSIVO,INCONCLUSIVO,RANKING_ML,289.99,,,,,,8.279935224,estimated,FALSE,INCONCLUSIVO,APRESENTACAO_NAO_EXPLICITA,,Completar fontes e vínculos,mercado/VTK018146.json,2026-09-05T15:16:37.457Z
VTK021890,Ferro De Passar Vapor E à Seco Agratto – Vapore Fv-02 220v,Evolusom Comercial Ltda,49.95,30,FALSE,NAO_CONCLUSIVO,INCONCLUSIVOS,INCONCLUSIVO,IDENTIDADE_COHERENTE,INCONCLUSIVO,INCONCLUSIVO,RANKING_ML,58,,,,,,8.279935224,estimated,FALSE,INCONCLUSIVO,APRESENTACAO_NAO_EXPLICITA,,Completar fontes e vínculos,mercado/VTK021890.json,2026-09-05T15:16:37.457Z
VTK003424,Apoio Para Pés MDF Preto Multivisão,Evolusom Comercial Ltda,44.9,28,FALSE,NAO_CONCLUSIVO,INCONCLUSIVOS,INCONCLUSIVO,IDENTIDADE_INCONCLUSIVA,INCONCLUSIVO,INCONCLUSIVO,RANKING_ML,46.87,,,,,,8.279935224,estimated,FALSE,EVIDENCIA_IDENTIDADE_INCOMPLETA; COMPOSICAO_KIT_NAO_COMPROVADA; INCONCLUSIVO,,,Completar fontes e vínculos,mercado/VTK003424.json,2026-09-05T15:16:37.457Z
VTK005966,Sugador de Solda Hikari HK-192 Azul,Evolusom Comercial Ltda,24.9,28,FALSE,NAO_CONCLUSIVO,INCONCLUSIVOS,INCONCLUSIVO,IDENTIDADE_COHERENTE,INCONCLUSIVO,INCONCLUSIVO,RANKING_ML,37.36,,,,,,8.279935224,estimated,FALSE,INCONCLUSIVO,APRESENTACAO_NAO_EXPLICITA,,Completar fontes e vínculos,mercado/VTK005966.json,2026-09-05T15:16:37.457Z
VTK023474,Estabilizador Coletek Es-500va - Bivolt Manual,Evolusom Comercial Ltda,84.95,27,FALSE,NAO_CONCLUSIVO,INCONCLUSIVOS,INCONCLUSIVO,IDENTIDADE_COHERENTE,INCONCLUSIVO,INCONCLUSIVO,RANKING_ML,111,,,,,,8.279935224,estimated,FALSE,INCONCLUSIVO,APRESENTACAO_NAO_EXPLICITA,,Completar fontes e vínculos,mercado/VTK023474.json,2026-09-05T15:16:37.457Z
VTK017614,Auto Rádio Roadstar Rs2724br Bluetooth Es 24v,Evolusom Comercial Ltda,109.9,26,FALSE,NAO_CONCLUSIVO,INCONCLUSIVOS,INCONCLUSIVO,IDENTIDADE_INCONCLUSIVA,INCONCLUSIVO,INCONCLUSIVO,RANKING_ML,129.9,,,,,,8.279935224,estimated,FALSE,EVIDENCIA_IDENTIDADE_INCOMPLETA; INCONCLUSIVO,APRESENTACAO_NAO_EXPLICITA,,Completar fontes e vínculos,mercado/VTK017614.json,2026-09-05T15:16:37.457Z
VTK017619,"Alto Falante 6x9"" Hurricane Aurum A69 Q Quadriaxial 130w Rms 4r Par",Evolusom Comercial Ltda,152.9,26,FALSE,NAO_CONCLUSIVO,INCONCLUSIVOS,INCONCLUSIVO,IDENTIDADE_COHERENTE,INCONCLUSIVO,INCONCLUSIVO,RANKING_ML,174,,,,,,8.279935224,estimated,FALSE,INCONCLUSIVO,,,Completar fontes e vínculos,mercado/VTK017619.json,2026-09-05T15:16:37.457Z
VTK017670,Cabo Para Microfone Santo Angelo Sc-30 Balanceado Preto 100metros,Evolusom Comercial Ltda,534.9,26,FALSE,NAO_CONCLUSIVO,INCONCLUSIVOS,INCONCLUSIVO,IDENTIDADE_COHERENTE,INCONCLUSIVO,INCONCLUSIVO,RANKING_ML,579,,,,,,8.279935224,estimated,FALSE,INCONCLUSIVO,APRESENTACAO_NAO_EXPLICITA,,Completar fontes e vínculos,mercado/VTK017670.json,2026-09-05T15:16:37.457Z
VTK017706,Ferro De Solda Hikari Ax180 180w 220v Machadinha,Evolusom Comercial Ltda,181.9,26,FALSE,NAO_CONCLUSIVO,INCONCLUSIVOS,INCONCLUSIVO,IDENTIDADE_COHERENTE,INCONCLUSIVO,INCONCLUSIVO,RANKING_ML,212.97,,,,,,8.279935224,estimated,FALSE,INCONCLUSIVO,APRESENTACAO_NAO_EXPLICITA,,Completar fontes e vínculos,mercado/VTK017706.json,2026-09-05T15:16:37.457Z
VTK017251,Resistência Zagonel Sublime/ Move 127v,Evolusom Comercial Ltda,12.13,25,FALSE,NAO_CONCLUSIVO,INCONCLUSIVOS,INCONCLUSIVO,IDENTIDADE_COHERENTE,INCONCLUSIVO,INCONCLUSIVO,RANKING_ML,26,,,,,,8.279935224,estimated,FALSE,INCONCLUSIVO,APRESENTACAO_NAO_EXPLICITA,,Completar fontes e vínculos,mercado/VTK017251.json,2026-09-05T15:16:37.457Z
VTK017788,Corda Para Viola Giannini Cobra Cobre Prateado Gesvp Pesada,Evolusom Comercial Ltda,24.5,24,FALSE,NAO_CONCLUSIVO,INCONCLUSIVOS,INCONCLUSIVO,IDENTIDADE_COHERENTE,INCONCLUSIVO,INCONCLUSIVO,RANKING_ML,31,,,,,,8.279935224,estimated,FALSE,INCONCLUSIVO,APRESENTACAO_NAO_EXPLICITA,,Completar fontes e vínculos,mercado/VTK017788.json,2026-09-05T15:16:37.457Z
VTK002147,Pen Drive Multilaser TWIST PD588 16GB Preto,Evolusom Comercial Ltda,35.9,23,FALSE,NAO_CONCLUSIVO,INCONCLUSIVOS,INCONCLUSIVO,IDENTIDADE_COHERENTE,INCONCLUSIVO,INCONCLUSIVO,RANKING_ML,38.25,,,,,,8.279935224,estimated,FALSE,INCONCLUSIVO,APRESENTACAO_NAO_EXPLICITA,,Completar fontes e vínculos,mercado/VTK002147.json,2026-09-05T15:16:37.457Z
VTK017738,Microfone Dinâmico Com Fio M-58 Profissional - Cabo 3 Metros O.d.5.0 Mm,Evolusom Comercial Ltda,69.5,22,FALSE,NAO_CONCLUSIVO,INCONCLUSIVOS,INCONCLUSIVO,IDENTIDADE_COHERENTE,INCONCLUSIVO,INCONCLUSIVO,RANKING_ML,70.71,,,,,,8.279935224,estimated,FALSE,INCONCLUSIVO,APRESENTACAO_NAO_EXPLICITA,,Completar fontes e vínculos,mercado/VTK017738.json,2026-09-05T15:16:37.457Z
VTK003438,Microfone Multimodo AKG Lyra Ultra-HD USB,Evolusom Comercial Ltda,999.9,20,FALSE,NAO_CONCLUSIVO,INCONCLUSIVOS,INCONCLUSIVO,IDENTIDADE_INCONCLUSIVA,INCONCLUSIVO,INCONCLUSIVO,RANKING_ML,531,,,,,,8.279935224,estimated,FALSE,COMPOSICAO_KIT_NAO_COMPROVADA; INCONCLUSIVO,,,Completar fontes e vínculos,mercado/VTK003438.json,2026-09-05T15:16:37.457Z
VTK017459,Cabo Hdmi 2.0 Aquário 4k05 4k 3d 19 Pinos - 5 Metros,Evolusom Comercial Ltda,18.5,20,FALSE,NAO_CONCLUSIVO,INCONCLUSIVOS,INCONCLUSIVO,IDENTIDADE_COHERENTE,INCONCLUSIVO,INCONCLUSIVO,RANKING_ML,21,,,,,,8.279935224,estimated,FALSE,INCONCLUSIVO,APRESENTACAO_NAO_EXPLICITA,,Completar fontes e vínculos,mercado/VTK017459.json,2026-09-05T15:16:37.457Z
VTK017887,"Cabo De Guitarra Santo Angelo Angl L Têxtil 15 Ft 4,57 Metros P10 / P10 90 Graus Preto/azul",Evolusom Comercial Ltda,72.9,20,FALSE,NAO_CONCLUSIVO,INCONCLUSIVOS,INCONCLUSIVO,IDENTIDADE_INCONCLUSIVA,INCONCLUSIVO,INCONCLUSIVO,RANKING_ML,66.42,,,,,,8.279935224,estimated,FALSE,EVIDENCIA_IDENTIDADE_INCOMPLETA; INCONCLUSIVO,APRESENTACAO_NAO_EXPLICITA,,Completar fontes e vínculos,mercado/VTK017887.json,2026-09-05T15:16:37.457Z
VTK020218,Telefone Sem Fio Digital Intelbras Ts5150 Com Entrada Para 2 Linhas Preto,Evolusom Comercial Ltda,247.9,20,FALSE,NAO_CONCLUSIVO,INCONCLUSIVOS,INCONCLUSIVO,IDENTIDADE_COHERENTE,INCONCLUSIVO,INCONCLUSIVO,RANKING_ML,290,,,,,,8.279935224,estimated,FALSE,INCONCLUSIVO,APRESENTACAO_NAO_EXPLICITA,,Completar fontes e vínculos,mercado/VTK020218.json,2026-09-05T15:16:37.457Z
VTK017736,Modulo De Potencia Stetsom Iron Ir 160.2 2r 2 Canais 160w,Evolusom Comercial Ltda,124.9,19,FALSE,NAO_CONCLUSIVO,INCONCLUSIVOS,INCONCLUSIVO,IDENTIDADE_INCONCLUSIVA,INCONCLUSIVO,INCONCLUSIVO,RANKING_ML,134.83,,,,,,8.279935224,estimated,FALSE,EVIDENCIA_IDENTIDADE_INCOMPLETA; INCONCLUSIVO,APRESENTACAO_NAO_EXPLICITA,,Completar fontes e vínculos,mercado/VTK017736.json,2026-09-05T15:16:37.457Z
VTK018104,Alarme Positron Cyber Tx360 Para Caminhão 02 Controles,Evolusom Comercial Ltda,384.9,19,FALSE,NAO_CONCLUSIVO,INCONCLUSIVOS,INCONCLUSIVO,IDENTIDADE_COHERENTE,INCONCLUSIVO,INCONCLUSIVO,RANKING_ML,423.63,,,,,,8.279935224,estimated,FALSE,INCONCLUSIVO,APRESENTACAO_NAO_EXPLICITA,,Completar fontes e vínculos,mercado/VTK018104.json,2026-09-05T15:16:37.457Z
VTK018840,"Alto Falante 6x9"" Hurricane Platino Qr 69 Quadriaxial 150w Rms 4r Par",Evolusom Comercial Ltda,169.9,19,FALSE,NAO_CONCLUSIVO,INCONCLUSIVOS,INCONCLUSIVO,IDENTIDADE_INCONCLUSIVA,INCONCLUSIVO,INCONCLUSIVO,RANKING_ML,172.21,,,,,,8.279935224,estimated,FALSE,EVIDENCIA_IDENTIDADE_INCOMPLETA; COMPOSICAO_KIT_NAO_COMPROVADA; INCONCLUSIVO,,,Completar fontes e vínculos,mercado/VTK018840.json,2026-09-05T15:16:37.457Z
VTK020779,Porteiro Residencial Intelbras Ipr1010,Evolusom Comercial Ltda,149.9,19,FALSE,NAO_CONCLUSIVO,INCONCLUSIVOS,INCONCLUSIVO,IDENTIDADE_COHERENTE,INCONCLUSIVO,INCONCLUSIVO,RANKING_ML,175,,,,,,8.279935224,estimated,FALSE,INCONCLUSIVO,APRESENTACAO_NAO_EXPLICITA,,Completar fontes e vínculos,mercado/VTK020779.json,2026-09-05T15:16:37.457Z
VTK000815,Pasta Térmica Ts-Extreme 1g Implastec,Evolusom Comercial Ltda,42.9,18,FALSE,NAO_CONCLUSIVO,INCONCLUSIVOS,INCONCLUSIVO,IDENTIDADE_COHERENTE,INCONCLUSIVO,INCONCLUSIVO,RANKING_ML,53.5,,,,,,8.279935224,estimated,FALSE,INCONCLUSIVO,APRESENTACAO_NAO_EXPLICITA,,Completar fontes e vínculos,mercado/VTK000815.json,2026-09-05T15:16:37.457Z
VTK023655,Ferro De Solda Hikari Plus Sc-40 34w 110v,Evolusom Comercial Ltda,33.9,18,FALSE,NAO_CONCLUSIVO,INCONCLUSIVOS,INCONCLUSIVO,IDENTIDADE_INCONCLUSIVA,INCONCLUSIVO,INCONCLUSIVO,RANKING_ML,42.53,,,,,,8.279935224,estimated,FALSE,EVIDENCIA_IDENTIDADE_INCOMPLETA; INCONCLUSIVO,APRESENTACAO_NAO_EXPLICITA,,Completar fontes e vínculos,mercado/VTK023655.json,2026-09-05T15:16:37.457Z
VTK018233,Alarme Positron Duoblock Pro-g8 Universal Para Moto,Evolusom Comercial Ltda,217.9,17,FALSE,NAO_CONCLUSIVO,INCONCLUSIVOS,INCONCLUSIVO,IDENTIDADE_INCONCLUSIVA,INCONCLUSIVO,INCONCLUSIVO,RANKING_ML,227,,,,,,8.279935224,estimated,FALSE,EVIDENCIA_IDENTIDADE_INCOMPLETA; INCONCLUSIVO,APRESENTACAO_NAO_EXPLICITA,,Completar fontes e vínculos,mercado/VTK018233.json,2026-09-05T15:16:37.457Z
VTK023270,Projetor Intelbras Pfl5211 5200 Lumens Lcd Full Hd Wifi Bluetooth,Evolusom Comercial Ltda,1279.9,17,FALSE,NAO_CONCLUSIVO,INCONCLUSIVOS,INCONCLUSIVO,IDENTIDADE_INCONCLUSIVA,INCONCLUSIVO,INCONCLUSIVO,RANKING_ML,1121,,,,,,8.279935224,estimated,FALSE,COR_DO_MODELO_NAO_COMPROVADA; INCONCLUSIVO,APRESENTACAO_NAO_EXPLICITA,,Completar fontes e vínculos,mercado/VTK023270.json,2026-09-05T15:16:37.457Z
VTK000661,Ar-Condicionado Agratto Split Liv Top Inverter 9.000 BTUs 220v,Evolusom Comercial Ltda,1699.9,16,FALSE,NAO_CONCLUSIVO,INCONCLUSIVOS,INCONCLUSIVO,IDENTIDADE_INCONCLUSIVA,INCONCLUSIVO,INCONCLUSIVO,RANKING_ML,1648.03,,,,,,8.279935224,estimated,FALSE,EVIDENCIA_IDENTIDADE_INCOMPLETA; INCONCLUSIVO,APRESENTACAO_NAO_EXPLICITA,,Completar fontes e vínculos,mercado/VTK000661.json,2026-09-05T15:16:37.457Z
VTK017709,Controle Remoto Stetsom Sx1 8 Funções Preto,Evolusom Comercial Ltda,62.9,16,FALSE,NAO_CONCLUSIVO,INCONCLUSIVOS,INCONCLUSIVO,IDENTIDADE_INCONCLUSIVA,INCONCLUSIVO,INCONCLUSIVO,RANKING_ML,61,,,,,,8.279935224,estimated,FALSE,EVIDENCIA_IDENTIDADE_INCOMPLETA; INCONCLUSIVO,APRESENTACAO_NAO_EXPLICITA,,Completar fontes e vínculos,mercado/VTK017709.json,2026-09-05T15:16:37.457Z
VTK017947,Controle Remoto Stetsom Sx1 8 Funções Grafite,Evolusom Comercial Ltda,62.9,16,FALSE,NAO_CONCLUSIVO,INCONCLUSIVOS,INCONCLUSIVO,IDENTIDADE_INCONCLUSIVA,INCONCLUSIVO,INCONCLUSIVO,RANKING_ML,60.9,,,,,,8.279935224,estimated,FALSE,EVIDENCIA_IDENTIDADE_INCOMPLETA; INCONCLUSIVO,APRESENTACAO_NAO_EXPLICITA,,Completar fontes e vínculos,mercado/VTK017947.json,2026-09-05T15:16:37.457Z
VTK018030,Roteador Wi-fi Tp-link Deco Hc220-g5 2 Pack Ac1200,Evolusom Comercial Ltda,469.9,16,FALSE,NAO_CONCLUSIVO,INCONCLUSIVOS,INCONCLUSIVO,IDENTIDADE_INCONCLUSIVA,INCONCLUSIVO,INCONCLUSIVO,RANKING_ML,760.12,,,,,,8.279935224,estimated,FALSE,EVIDENCIA_IDENTIDADE_INCOMPLETA; COMPOSICAO_KIT_NAO_COMPROVADA; INCONCLUSIVO,,,Completar fontes e vínculos,mercado/VTK018030.json,2026-09-05T15:16:37.457Z
VTK017914,"Alicate Universal Vonder 8"" Crv Isolação 1.000v",Evolusom Comercial Ltda,40.95,15,FALSE,NAO_CONCLUSIVO,INCONCLUSIVOS,INCONCLUSIVO,IDENTIDADE_INCONCLUSIVA,INCONCLUSIVO,INCONCLUSIVO,RANKING_ML,39.31,,,,,,8.279935224,estimated,FALSE,EVIDENCIA_IDENTIDADE_INCOMPLETA; INCONCLUSIVO,APRESENTACAO_NAO_EXPLICITA,,Completar fontes e vínculos,mercado/VTK017914.json,2026-09-05T15:16:37.457Z
VTK017922,Kit 03 Microfone Mxt Dinâmico Pro Bt-58a Metal Com Maleta E Cachimbo,Evolusom Comercial Ltda,129.9,15,FALSE,NAO_CONCLUSIVO,INCONCLUSIVOS,INCONCLUSIVO,IDENTIDADE_INCONCLUSIVA,INCONCLUSIVO,INCONCLUSIVO,RANKING_ML,156.88,,,,,,8.279935224,estimated,FALSE,EVIDENCIA_IDENTIDADE_INCOMPLETA; INCONCLUSIVO,,,Completar fontes e vínculos,mercado/VTK017922.json,2026-09-05T15:16:37.457Z
VTK018076,Nobreak Intelbras Attiv 700va Monovolt Interativo 220v 4 Tomadas - 4822204,Evolusom Comercial Ltda,459.9,15,FALSE,NAO_CONCLUSIVO,INCONCLUSIVOS,INCONCLUSIVO,IDENTIDADE_INCONCLUSIVA,INCONCLUSIVO,INCONCLUSIVO,RANKING_ML,502,,,,,,8.279935224,estimated,FALSE,EVIDENCIA_IDENTIDADE_INCOMPLETA; INCONCLUSIVO,APRESENTACAO_NAO_EXPLICITA,,Completar fontes e vínculos,mercado/VTK018076.json,2026-09-05T15:16:37.457Z
VTK017897,Controle Remoto Mxt 01341 Ar Condicionado 6711a90032l Split Lg,Evolusom Comercial Ltda,18.75,14,FALSE,NAO_CONCLUSIVO,INCONCLUSIVOS,INCONCLUSIVO,IDENTIDADE_COHERENTE,INCONCLUSIVO,INCONCLUSIVO,RANKING_ML,35.9,,,,,,8.279935224,estimated,FALSE,INCONCLUSIVO,APRESENTACAO_NAO_EXPLICITA,,Completar fontes e vínculos,mercado/VTK017897.json,2026-09-05T15:16:37.457Z
VTK017941,"Moldura Fiamon 9"" Fiat Strada 2021 - Preto Fosco",Evolusom Comercial Ltda,126.9,14,FALSE,NAO_CONCLUSIVO,INCONCLUSIVOS,INCONCLUSIVO,IDENTIDADE_INCONCLUSIVA,INCONCLUSIVO,INCONCLUSIVO,RANKING_ML,101.25,,,,,,8.279935224,estimated,FALSE,EVIDENCIA_IDENTIDADE_INCOMPLETA; INCONCLUSIVO,APRESENTACAO_NAO_EXPLICITA,,Completar fontes e vínculos,mercado/VTK017941.json,2026-09-05T15:16:37.457Z
VTK005773,"Suporte de Teto Para TV 37-75"" SAV-6000 Aquário",Evolusom Comercial Ltda,149.95,13,FALSE,NAO_CONCLUSIVO,INCONCLUSIVOS,INCONCLUSIVO,IDENTIDADE_COHERENTE,INCONCLUSIVO,INCONCLUSIVO,RANKING_ML,161,,,,,,8.279935224,estimated,FALSE,INCONCLUSIVO,APRESENTACAO_NAO_EXPLICITA,,Completar fontes e vínculos,mercado/VTK005773.json,2026-09-05T15:16:37.457Z
VTK022033,Fone Headset Intelbras Chs-40 Conector Usb 4010041,Evolusom Comercial Ltda,203.75,13,FALSE,NAO_CONCLUSIVO,INCONCLUSIVOS,INCONCLUSIVO,IDENTIDADE_COHERENTE,INCONCLUSIVO,INCONCLUSIVO,RANKING_ML,170,,,,,,8.279935224,estimated,FALSE,INCONCLUSIVO,APRESENTACAO_NAO_EXPLICITA,,Completar fontes e vínculos,mercado/VTK022033.json,2026-09-05T15:16:37.457Z
VTK000655,Suporte Portátil Para Violão G6 ASK,Evolusom Comercial Ltda,28.2,12,FALSE,NAO_CONCLUSIVO,INCONCLUSIVOS,INCONCLUSIVO,IDENTIDADE_COHERENTE,INCONCLUSIVO,INCONCLUSIVO,RANKING_ML,39.91,,,,,,8.279935224,estimated,FALSE,INCONCLUSIVO,APRESENTACAO_NAO_EXPLICITA,,Completar fontes e vínculos,mercado/VTK000655.json,2026-09-05T15:16:37.457Z
VTK012688,Carregador De Pilhas Usb Com 2x Aa1500mah,Evolusom Comercial Ltda,94.9,12,FALSE,NAO_CONCLUSIVO,INCONCLUSIVOS,INCONCLUSIVO,IDENTIDADE_INCONCLUSIVA,INCONCLUSIVO,INCONCLUSIVO,RANKING_ML,39,,,,,,8.279935224,estimated,FALSE,EVIDENCIA_IDENTIDADE_INCOMPLETA; INCONCLUSIVO,,,Completar fontes e vínculos,mercado/VTK012688.json,2026-09-05T15:16:37.457Z
VTK017858,Controle Stetsom Sx2 Ultra Preto,Evolusom Comercial Ltda,64.9,12,FALSE,NAO_CONCLUSIVO,INCONCLUSIVOS,INCONCLUSIVO,IDENTIDADE_INCONCLUSIVA,INCONCLUSIVO,INCONCLUSIVO,RANKING_ML,74.1,,,,,,8.279935224,estimated,FALSE,EVIDENCIA_IDENTIDADE_INCOMPLETA; INCONCLUSIVO,APRESENTACAO_NAO_EXPLICITA,,Completar fontes e vínculos,mercado/VTK017858.json,2026-09-05T15:16:37.457Z
VTK018116,Protetor Eletrônico Intelbras Epe204 4 Tomadas 2 Usb Preto,Evolusom Comercial Ltda,53.9,12,FALSE,NAO_CONCLUSIVO,INCONCLUSIVOS,INCONCLUSIVO,IDENTIDADE_INCONCLUSIVA,INCONCLUSIVO,INCONCLUSIVO,RANKING_ML,76.53,,,,,,8.279935224,estimated,FALSE,COMPOSICAO_KIT_NAO_COMPROVADA; INCONCLUSIVO,,,Completar fontes e vínculos,mercado/VTK018116.json,2026-09-05T15:16:37.457Z
VTK018120,"Fritadeira Air Fryer Oster 4,6l 220v",Evolusom Comercial Ltda,254.9,12,FALSE,NAO_CONCLUSIVO,INCONCLUSIVOS,INCONCLUSIVO,IDENTIDADE_INCONCLUSIVA,INCONCLUSIVO,INCONCLUSIVO,RANKING_ML,365.35,,,,,,8.279935224,estimated,FALSE,EVIDENCIA_IDENTIDADE_INCOMPLETA; INCONCLUSIVO,APRESENTACAO_NAO_EXPLICITA,,Completar fontes e vínculos,mercado/VTK018120.json,2026-09-05T15:16:37.457Z
VTK021008,Telefone Intelbras Pleno Com Fio Cinza ártico Sem Chave 4080055,Evolusom Comercial Ltda,44.9,12,FALSE,NAO_CONCLUSIVO,INCONCLUSIVOS,INCONCLUSIVO,IDENTIDADE_COHERENTE,INCONCLUSIVO,INCONCLUSIVO,RANKING_ML,57.67,,,,,,8.279935224,estimated,FALSE,INCONCLUSIVO,APRESENTACAO_NAO_EXPLICITA,,Completar fontes e vínculos,mercado/VTK021008.json,2026-09-05T15:16:37.457Z
VTK023506,Rádio Transmissor Px Aquário Rp-40plus 80 Canais,Evolusom Comercial Ltda,389.9,12,FALSE,NAO_CONCLUSIVO,INCONCLUSIVOS,INCONCLUSIVO,IDENTIDADE_COHERENTE,INCONCLUSIVO,INCONCLUSIVO,RANKING_ML,368,,,,,,8.279935224,estimated,FALSE,INCONCLUSIVO,APRESENTACAO_NAO_EXPLICITA,,Completar fontes e vínculos,mercado/VTK023506.json,2026-09-05T15:16:37.457Z
VTK026149,Cola Tradicional Sem Toluol 730g Cascola,BKR 1 Comercio e Importação Ltda,40.2,12,FALSE,NAO_CONCLUSIVO,INCONCLUSIVOS,INCONCLUSIVO,IDENTIDADE_INCONCLUSIVA,INCONCLUSIVO,INCONCLUSIVO,RANKING_ML,47.92,,,,,,8.279935224,estimated,FALSE,EVIDENCIA_IDENTIDADE_INCOMPLETA; INCONCLUSIVO,APRESENTACAO_NAO_EXPLICITA,,Completar fontes e vínculos,mercado/VTK026149.json,2026-09-05T15:16:37.457Z
VTK006144,Revitalizador Para Plástico Revitec 500ml Implastec,Evolusom Comercial Ltda,23.9,11,FALSE,NAO_CONCLUSIVO,INCONCLUSIVOS,INCONCLUSIVO,IDENTIDADE_INCONCLUSIVA,INCONCLUSIVO,INCONCLUSIVO,RANKING_ML,35.75,,,,,,8.279935224,estimated,FALSE,EVIDENCIA_IDENTIDADE_INCOMPLETA; INCONCLUSIVO,APRESENTACAO_NAO_EXPLICITA,,Completar fontes e vínculos,mercado/VTK006144.json,2026-09-05T15:16:37.457Z
VTK018254,Defletor Western Para Ar Condicionado,Evolusom Comercial Ltda,44.5,11,FALSE,NAO_CONCLUSIVO,INCONCLUSIVOS,INCONCLUSIVO,IDENTIDADE_INCONCLUSIVA,INCONCLUSIVO,INCONCLUSIVO,RANKING_ML,28.9,,,,,,8.279935224,estimated,FALSE,EVIDENCIA_IDENTIDADE_INCOMPLETA; INCONCLUSIVO,APRESENTACAO_NAO_EXPLICITA,,Completar fontes e vínculos,mercado/VTK018254.json,2026-09-05T15:16:37.457Z
VTK005368,Subwoofer Amplificado JBL SW8A-MS Slim 200w,Evolusom Comercial Ltda,1289.9,10,FALSE,NAO_CONCLUSIVO,INCONCLUSIVOS,INCONCLUSIVO,IDENTIDADE_COHERENTE,INCONCLUSIVO,INCONCLUSIVO,RANKING_ML,1319.99,,,,,,8.279935224,estimated,FALSE,INCONCLUSIVO,APRESENTACAO_NAO_EXPLICITA,,Completar fontes e vínculos,mercado/VTK005368.json,2026-09-05T15:16:37.457Z
VTK018274,"Cabo Santo Angelo Ninja Sc-20 P10 Mono / Xlr Femea 10 Ft / 3,05 Metros",Evolusom Comercial Ltda,46.3,10,FALSE,NAO_CONCLUSIVO,INCONCLUSIVOS,INCONCLUSIVO,IDENTIDADE_INCONCLUSIVA,INCONCLUSIVO,INCONCLUSIVO,RANKING_ML,50.73,,,,,,8.279935224,estimated,FALSE,EVIDENCIA_IDENTIDADE_INCOMPLETA; INCONCLUSIVO,APRESENTACAO_NAO_EXPLICITA,,Completar fontes e vínculos,mercado/VTK018274.json,2026-09-05T15:16:37.457Z
VTK021381,"Alto Falante Pioneer 6x9"" Ts-6990br 300rms/ Par",Evolusom Comercial Ltda,289.9,10,FALSE,NAO_CONCLUSIVO,INCONCLUSIVOS,INCONCLUSIVO,IDENTIDADE_COHERENTE,INCONCLUSIVO,INCONCLUSIVO,RANKING_ML,301,,,,,,8.279935224,estimated,FALSE,INCONCLUSIVO,,,Completar fontes e vínculos,mercado/VTK021381.json,2026-09-05T15:16:37.457Z
VTK026158,Cola De Contato Tradicional Sem Toluol 195g Cascola,BKR 1 Comercio e Importação Ltda,16.04,10,FALSE,NAO_CONCLUSIVO,INCONCLUSIVOS,INCONCLUSIVO,IDENTIDADE_INCONCLUSIVA,INCONCLUSIVO,INCONCLUSIVO,RANKING_ML,23.38,,,,,,8.279935224,estimated,FALSE,EVIDENCIA_IDENTIDADE_INCOMPLETA; INCONCLUSIVO,APRESENTACAO_NAO_EXPLICITA,,Completar fontes e vínculos,mercado/VTK026158.json,2026-09-05T15:16:37.457Z
VTK019187,Carregador De Bateria / Fonte Stetsom Infinity Black 50a Digital,Evolusom Comercial Ltda,259.9,9,FALSE,NAO_CONCLUSIVO,INCONCLUSIVOS,INCONCLUSIVO,IDENTIDADE_COHERENTE,INCONCLUSIVO,INCONCLUSIVO,RANKING_ML,280.07,,,,,,8.279935224,estimated,FALSE,INCONCLUSIVO,APRESENTACAO_NAO_EXPLICITA,,Completar fontes e vínculos,mercado/VTK019187.json,2026-09-05T15:16:37.457Z
VTK001636,Ferro de Soldar 21K018 90W 127V HIKARI,Evolusom Comercial Ltda,99.5,8,FALSE,NAO_CONCLUSIVO,INCONCLUSIVOS,INCONCLUSIVO,IDENTIDADE_COHERENTE,INCONCLUSIVO,INCONCLUSIVO,RANKING_ML,122.64,,,,,,8.279935224,estimated,FALSE,INCONCLUSIVO,APRESENTACAO_NAO_EXPLICITA,,Completar fontes e vínculos,mercado/VTK001636.json,2026-09-05T15:16:37.457Z
VTK006582,Sistema de Microfone Sem Fio UHF AKG 300 Sport,Evolusom Comercial Ltda,989.9,8,FALSE,NAO_CONCLUSIVO,INCONCLUSIVOS,INCONCLUSIVO,IDENTIDADE_COHERENTE,INCONCLUSIVO,INCONCLUSIVO,RANKING_ML,892,,,,,,8.279935224,estimated,FALSE,INCONCLUSIVO,APRESENTACAO_NAO_EXPLICITA,,Completar fontes e vínculos,mercado/VTK006582.json,2026-09-05T15:16:37.457Z
VTK018093,"Cabo Santo Angelo Ninja Nm E-20 P10 Mono / Xlr Macho 15 Ft / 4,57 Metros",Evolusom Comercial Ltda,49.5,8,FALSE,NAO_CONCLUSIVO,INCONCLUSIVOS,INCONCLUSIVO,IDENTIDADE_INCONCLUSIVA,INCONCLUSIVO,INCONCLUSIVO,RANKING_ML,58,,,,,,8.279935224,estimated,FALSE,EVIDENCIA_IDENTIDADE_INCOMPLETA; INCONCLUSIVO,APRESENTACAO_NAO_EXPLICITA,,Completar fontes e vínculos,mercado/VTK018093.json,2026-09-05T15:16:37.457Z
VTK018114,Amplificador Frahm Slim 3700 Optical G5,Evolusom Comercial Ltda,999.9,8,FALSE,NAO_CONCLUSIVO,INCONCLUSIVOS,INCONCLUSIVO,IDENTIDADE_INCONCLUSIVA,INCONCLUSIVO,INCONCLUSIVO,RANKING_ML,1097,,,,,,8.279935224,estimated,FALSE,EVIDENCIA_IDENTIDADE_INCOMPLETA; INCONCLUSIVO,APRESENTACAO_NAO_EXPLICITA,,Completar fontes e vínculos,mercado/VTK018114.json,2026-09-05T15:16:37.457Z
VTK018213,Alarme Automotivo Fks Fk902 Sem Bloqueio - Cr941,Evolusom Comercial Ltda,117.9,8,FALSE,NAO_CONCLUSIVO,INCONCLUSIVOS,INCONCLUSIVO,IDENTIDADE_COHERENTE,INCONCLUSIVO,INCONCLUSIVO,RANKING_ML,111.76,,,,,,8.279935224,estimated,FALSE,INCONCLUSIVO,APRESENTACAO_NAO_EXPLICITA,,Completar fontes e vínculos,mercado/VTK018213.json,2026-09-05T15:16:37.457Z
VTK018271,"Cabo De Guitarra Santo Angelo Angl L Têxtil 10 Ft 3,05 Metros P10 / P10 90 Graus Preto/azul",Evolusom Comercial Ltda,60.5,8,FALSE,NAO_CONCLUSIVO,INCONCLUSIVOS,INCONCLUSIVO,IDENTIDADE_INCONCLUSIVA,INCONCLUSIVO,INCONCLUSIVO,RANKING_ML,67,,,,,,8.279935224,estimated,FALSE,EVIDENCIA_IDENTIDADE_INCOMPLETA; INCONCLUSIVO,APRESENTACAO_NAO_EXPLICITA,,Completar fontes e vínculos,mercado/VTK018271.json,2026-09-05T15:16:37.457Z
VTK020581,Telefone Interfone Sem Fio Com Ramal Externo Tis 5010 4521102,Evolusom Comercial Ltda,449.9,8,FALSE,NAO_CONCLUSIVO,INCONCLUSIVOS,INCONCLUSIVO,IDENTIDADE_COHERENTE,INCONCLUSIVO,INCONCLUSIVO,RANKING_ML,525,,,,,,8.279935224,estimated,FALSE,INCONCLUSIVO,APRESENTACAO_NAO_EXPLICITA,,Completar fontes e vínculos,mercado/VTK020581.json,2026-09-05T15:16:37.457Z
VTK017931,Alarme Positron Keyless Kl-360 012873000,Evolusom Comercial Ltda,259.9,7,FALSE,NAO_CONCLUSIVO,INCONCLUSIVOS,INCONCLUSIVO,IDENTIDADE_COHERENTE,INCONCLUSIVO,INCONCLUSIVO,RANKING_ML,285,,,,,,8.279935224,estimated,FALSE,INCONCLUSIVO,APRESENTACAO_NAO_EXPLICITA,,Completar fontes e vínculos,mercado/VTK017931.json,2026-09-05T15:16:37.457Z
VTK018243,Intelbras Ramal S/ Fio Ts2511 Id Preto 4122511,Evolusom Comercial Ltda,124.74,7,FALSE,NAO_CONCLUSIVO,INCONCLUSIVOS,INCONCLUSIVO,IDENTIDADE_COHERENTE,INCONCLUSIVO,INCONCLUSIVO,RANKING_ML,135,,,,,,8.279935224,estimated,FALSE,INCONCLUSIVO,APRESENTACAO_NAO_EXPLICITA,,Completar fontes e vínculos,mercado/VTK018243.json,2026-09-05T15:16:37.457Z
VTK018396,Impressora Térmica Elgin De Cupom - I9 Full,Evolusom Comercial Ltda,679.9,7,FALSE,NAO_CONCLUSIVO,INCONCLUSIVOS,INCONCLUSIVO,IDENTIDADE_INCONCLUSIVA,INCONCLUSIVO,INCONCLUSIVO,RANKING_ML,788.75,,,,,,8.279935224,estimated,FALSE,EVIDENCIA_IDENTIDADE_INCOMPLETA; INCONCLUSIVO,APRESENTACAO_NAO_EXPLICITA,,Completar fontes e vínculos,mercado/VTK018396.json,2026-09-05T15:16:37.457Z
VTK018493,Caixa De Som Torre Aiwa T1w-02 1600w Bluetooth,Evolusom Comercial Ltda,1399.9,7,FALSE,NAO_CONCLUSIVO,INCONCLUSIVOS,INCONCLUSIVO,IDENTIDADE_COHERENTE,INCONCLUSIVO,INCONCLUSIVO,RANKING_ML,1239,,,,,,8.279935224,estimated,FALSE,INCONCLUSIVO,APRESENTACAO_NAO_EXPLICITA,,Completar fontes e vínculos,mercado/VTK018493.json,2026-09-05T15:16:37.457Z
VTK018560,Interruptor Sensor De Presença Para Iluminação Intelbras Espi 180 E+ 4823012,Evolusom Comercial Ltda,31.57,7,FALSE,NAO_CONCLUSIVO,INCONCLUSIVOS,INCONCLUSIVO,IDENTIDADE_INCONCLUSIVA,INCONCLUSIVO,INCONCLUSIVO,RANKING_ML,32.69,,,,,,8.279935224,estimated,FALSE,EVIDENCIA_IDENTIDADE_INCOMPLETA; INCONCLUSIVO,APRESENTACAO_NAO_EXPLICITA,,Completar fontes e vínculos,mercado/VTK018560.json,2026-09-05T15:16:37.457Z
VTK026167,Cola Extra Forte Sem Toluol 30g Cascola,BKR 1 Comercio e Importação Ltda,8.56,7,FALSE,NAO_CONCLUSIVO,INCONCLUSIVOS,INCONCLUSIVO,IDENTIDADE_INCONCLUSIVA,INCONCLUSIVO,INCONCLUSIVO,RANKING_ML,14.25,,,,,,8.279935224,estimated,FALSE,EVIDENCIA_IDENTIDADE_INCOMPLETA; INCONCLUSIVO,APRESENTACAO_NAO_EXPLICITA,,Completar fontes e vínculos,mercado/VTK026167.json,2026-09-05T15:16:37.457Z
VTK002887,Mini Amplificador de Linha Sinal Digital 26DB BT26 Aquário,Evolusom Comercial Ltda,19.95,6,FALSE,NAO_CONCLUSIVO,INCONCLUSIVOS,INCONCLUSIVO,IDENTIDADE_INCONCLUSIVA,INCONCLUSIVO,INCONCLUSIVO,RANKING_ML,27.17,,,,,,8.279935224,estimated,FALSE,EVIDENCIA_IDENTIDADE_INCOMPLETA; INCONCLUSIVO,APRESENTACAO_NAO_EXPLICITA,,Completar fontes e vínculos,mercado/VTK002887.json,2026-09-05T15:16:37.457Z
VTK002927,Detector de Sequencia de Fase Ez Phase II Minipa,Evolusom Comercial Ltda,143.9,6,FALSE,NAO_CONCLUSIVO,INCONCLUSIVOS,INCONCLUSIVO,IDENTIDADE_INCONCLUSIVA,INCONCLUSIVO,INCONCLUSIVO,RANKING_ML,159,,,,,,8.279935224,estimated,FALSE,EVIDENCIA_IDENTIDADE_INCOMPLETA; INCONCLUSIVO,APRESENTACAO_NAO_EXPLICITA,,Completar fontes e vínculos,mercado/VTK002927.json,2026-09-05T15:16:37.457Z
VTK012945,Correia Cla 09 Marrom Basso,BKR 1 Comercio e Importação Ltda,76.45,6,FALSE,NAO_CONCLUSIVO,INCONCLUSIVOS,INCONCLUSIVO,IDENTIDADE_COHERENTE,INCONCLUSIVO,INCONCLUSIVO,RANKING_ML,75.24,,,,,,8.279935224,estimated,FALSE,INCONCLUSIVO,APRESENTACAO_NAO_EXPLICITA,,Completar fontes e vínculos,mercado/VTK012945.json,2026-09-05T15:16:37.457Z
VTK017918,Solda Verde Cobix Sn40-pb60 500 Gramas,Evolusom Comercial Ltda,109.9,6,FALSE,NAO_CONCLUSIVO,INCONCLUSIVOS,INCONCLUSIVO,IDENTIDADE_INCONCLUSIVA,INCONCLUSIVO,INCONCLUSIVO,RANKING_ML,143.4,,,,,,8.279935224,estimated,FALSE,EVIDENCIA_IDENTIDADE_INCOMPLETA; INCONCLUSIVO,APRESENTACAO_NAO_EXPLICITA,,Completar fontes e vínculos,mercado/VTK017918.json,2026-09-05T15:16:37.457Z
VTK018004,Cortador De Cabelos Philco Pcr04 Com 9 Acessórios E 4 Pentes 127v,Evolusom Comercial Ltda,78.9,6,FALSE,NAO_CONCLUSIVO,INCONCLUSIVOS,INCONCLUSIVO,IDENTIDADE_COHERENTE,INCONCLUSIVO,INCONCLUSIVO,RANKING_ML,75.22,,,,,,8.279935224,estimated,FALSE,INCONCLUSIVO,APRESENTACAO_NAO_EXPLICITA,,Completar fontes e vínculos,mercado/VTK018004.json,2026-09-05T15:16:37.457Z
VTK018437,Alarme Positron Duoblock Px-g8 Universal Para Moto,Evolusom Comercial Ltda,254.9,6,FALSE,NAO_CONCLUSIVO,INCONCLUSIVOS,INCONCLUSIVO,IDENTIDADE_INCONCLUSIVA,INCONCLUSIVO,INCONCLUSIVO,RANKING_ML,288.01,,,,,,8.279935224,estimated,FALSE,EVIDENCIA_IDENTIDADE_INCOMPLETA; INCONCLUSIVO,APRESENTACAO_NAO_EXPLICITA,,Completar fontes e vínculos,mercado/VTK018437.json,2026-09-05T15:16:37.457Z
VTK018612,"Cabo Santo Angelo Ninja Sc-20 Xlr Macho / Xlr Femea 10 Ft / 3,05 Metros",Evolusom Comercial Ltda,48.9,6,FALSE,NAO_CONCLUSIVO,INCONCLUSIVOS,INCONCLUSIVO,IDENTIDADE_COHERENTE,INCONCLUSIVO,INCONCLUSIVO,RANKING_ML,65.91,,,,,,8.279935224,estimated,FALSE,INCONCLUSIVO,APRESENTACAO_NAO_EXPLICITA,,Completar fontes e vínculos,mercado/VTK018612.json,2026-09-05T15:16:37.457Z
VTK018640,Caixa Baú Vonder Inox Cbi020 20kg,Evolusom Comercial Ltda,229.9,6,FALSE,NAO_CONCLUSIVO,INCONCLUSIVOS,INCONCLUSIVO,IDENTIDADE_COHERENTE,INCONCLUSIVO,INCONCLUSIVO,RANKING_ML,229,,,,,,8.279935224,estimated,FALSE,INCONCLUSIVO,APRESENTACAO_NAO_EXPLICITA,,Completar fontes e vínculos,mercado/VTK018640.json,2026-09-05T15:16:37.457Z
VTK018696,"Suporte Articulado Para Tv Multivisão 40"" A 100""",Evolusom Comercial Ltda,393.5,6,FALSE,NAO_CONCLUSIVO,INCONCLUSIVOS,INCONCLUSIVO,IDENTIDADE_INCONCLUSIVA,INCONCLUSIVO,INCONCLUSIVO,RANKING_ML,522.87,,,,,,8.279935224,estimated,FALSE,EVIDENCIA_IDENTIDADE_INCOMPLETA; INCONCLUSIVO,APRESENTACAO_NAO_EXPLICITA,,Completar fontes e vínculos,mercado/VTK018696.json,2026-09-05T15:16:37.457Z
VTK020219,Telefone Sem Fio Intelbras Ts3112 Digital Com Ramal Adicional Preto,Evolusom Comercial Ltda,219.9,6,FALSE,NAO_CONCLUSIVO,INCONCLUSIVOS,INCONCLUSIVO,IDENTIDADE_COHERENTE,INCONCLUSIVO,INCONCLUSIVO,RANKING_ML,245,,,,,,8.279935224,estimated,FALSE,INCONCLUSIVO,APRESENTACAO_NAO_EXPLICITA,,Completar fontes e vínculos,mercado/VTK020219.json,2026-09-05T15:16:37.457Z
VTK005885,Amplificador Frahm RD HDMI Amplifier V3 30w Rms,Evolusom Comercial Ltda,619.9,5,FALSE,NAO_CONCLUSIVO,INCONCLUSIVOS,INCONCLUSIVO,IDENTIDADE_COHERENTE,INCONCLUSIVO,INCONCLUSIVO,RANKING_ML,743.8,,,,,,8.279935224,estimated,FALSE,INCONCLUSIVO,APRESENTACAO_NAO_EXPLICITA,,Completar fontes e vínculos,mercado/VTK005885.json,2026-09-05T15:16:37.457Z
VTK012949,Correia Vt 01 Preto Basso,BKR 1 Comercio e Importação Ltda,58.33,5,FALSE,NAO_CONCLUSIVO,INCONCLUSIVOS,INCONCLUSIVO,IDENTIDADE_COHERENTE,INCONCLUSIVO,INCONCLUSIVO,RANKING_ML,67.96,,,,,,8.279935224,estimated,FALSE,INCONCLUSIVO,APRESENTACAO_NAO_EXPLICITA,,Completar fontes e vínculos,mercado/VTK012949.json,2026-09-05T15:16:37.457Z
VTK018045,Cartão De Memória Microsd Kingston Canvas Select Plus 128gb,Evolusom Comercial Ltda,163.9,5,FALSE,NAO_CONCLUSIVO,INCONCLUSIVOS,INCONCLUSIVO,IDENTIDADE_INCONCLUSIVA,INCONCLUSIVO,INCONCLUSIVO,RANKING_ML,163.88,,,,,,8.279935224,estimated,FALSE,EVIDENCIA_IDENTIDADE_INCOMPLETA; INCONCLUSIVO,APRESENTACAO_NAO_EXPLICITA,,Completar fontes e vínculos,mercado/VTK018045.json,2026-09-05T15:16:37.457Z
VTK018756,"Alto Falante Eros Pro E-408 8"" 8r 400w Rms",Evolusom Comercial Ltda,426.99,5,FALSE,NAO_CONCLUSIVO,INCONCLUSIVOS,INCONCLUSIVO,IDENTIDADE_INCONCLUSIVA,INCONCLUSIVO,INCONCLUSIVO,RANKING_ML,579.32,,,,,,8.279935224,estimated,FALSE,EVIDENCIA_IDENTIDADE_INCOMPLETA; INCONCLUSIVO,APRESENTACAO_NAO_EXPLICITA,,Completar fontes e vínculos,mercado/VTK018756.json,2026-09-05T15:16:37.457Z
VTK018802,Alarme Automotivo Positron Keyless Kl-360 Light,Evolusom Comercial Ltda,244.9,5,FALSE,NAO_CONCLUSIVO,INCONCLUSIVOS,INCONCLUSIVO,IDENTIDADE_COHERENTE,INCONCLUSIVO,INCONCLUSIVO,RANKING_ML,242,,,,,,8.279935224,estimated,FALSE,INCONCLUSIVO,APRESENTACAO_NAO_EXPLICITA,,Completar fontes e vínculos,mercado/VTK018802.json,2026-09-05T15:16:37.457Z
VTK002247,Alicate Amperímetro Digital ET-3320A Azul/Preto MINIPA,Evolusom Comercial Ltda,442.9,4,FALSE,NAO_CONCLUSIVO,INCONCLUSIVOS,INCONCLUSIVO,IDENTIDADE_COHERENTE,INCONCLUSIVO,INCONCLUSIVO,RANKING_ML,449.99,,,,,,8.279935224,estimated,FALSE,INCONCLUSIVO,APRESENTACAO_NAO_EXPLICITA,,Completar fontes e vínculos,mercado/VTK002247.json,2026-09-05T15:16:37.457Z
VTK005378,Amplificador para Som Ambiente Frahm Slim 2700 Optical G5,Evolusom Comercial Ltda,759.9,4,FALSE,NAO_CONCLUSIVO,INCONCLUSIVOS,INCONCLUSIVO,IDENTIDADE_COHERENTE,INCONCLUSIVO,INCONCLUSIVO,RANKING_ML,850.69,,,,,,8.279935224,estimated,FALSE,INCONCLUSIVO,APRESENTACAO_NAO_EXPLICITA,,Completar fontes e vínculos,mercado/VTK005378.json,2026-09-05T15:16:37.457Z
VTK018577,Acionador Wi-fi Smart Intelbras Mcp1001,Evolusom Comercial Ltda,157.9,4,FALSE,NAO_CONCLUSIVO,INCONCLUSIVOS,INCONCLUSIVO,IDENTIDADE_COHERENTE,INCONCLUSIVO,INCONCLUSIVO,RANKING_ML,199.9,,,,,,8.279935224,estimated,FALSE,INCONCLUSIVO,APRESENTACAO_NAO_EXPLICITA,,Completar fontes e vínculos,mercado/VTK018577.json,2026-09-05T15:16:37.457Z
VTK018953,Telefone Intelbras Celular Fixo 4g C/ Wifi Cfw 9041 - 4119041,Evolusom Comercial Ltda,577.43,4,FALSE,NAO_CONCLUSIVO,INCONCLUSIVOS,INCONCLUSIVO,IDENTIDADE_COHERENTE,INCONCLUSIVO,INCONCLUSIVO,RANKING_ML,394.99,,,,,,8.279935224,estimated,FALSE,INCONCLUSIVO,APRESENTACAO_NAO_EXPLICITA,,Completar fontes e vínculos,mercado/VTK018953.json,2026-09-05T15:16:37.457Z
VTK018963,Roteador Tp-link Archer Wifi Ax50 Preto Ax3000 Giga,Evolusom Comercial Ltda,661.3,4,FALSE,NAO_CONCLUSIVO,INCONCLUSIVOS,INCONCLUSIVO,IDENTIDADE_INCONCLUSIVA,INCONCLUSIVO,INCONCLUSIVO,RANKING_ML,176.17,,,,,,8.279935224,estimated,FALSE,EVIDENCIA_IDENTIDADE_INCOMPLETA; INCONCLUSIVO,APRESENTACAO_NAO_EXPLICITA,,Completar fontes e vínculos,mercado/VTK018963.json,2026-09-05T15:16:37.457Z
VTK005338,Telefone Celular de Mesa 4g Wi-fi Aquário CA-42SX4G,Evolusom Comercial Ltda,359.9,3,FALSE,NAO_CONCLUSIVO,INCONCLUSIVOS,INCONCLUSIVO,IDENTIDADE_COHERENTE,INCONCLUSIVO,INCONCLUSIVO,RANKING_ML,342,,,,,,8.279935224,estimated,FALSE,INCONCLUSIVO,APRESENTACAO_NAO_EXPLICITA,,Completar fontes e vínculos,mercado/VTK005338.json,2026-09-05T15:16:37.457Z
VTK005876,Amplificador Frahm Slim 2200 G5 120w Rms,Evolusom Comercial Ltda,795,3,FALSE,NAO_CONCLUSIVO,INCONCLUSIVOS,INCONCLUSIVO,IDENTIDADE_COHERENTE,INCONCLUSIVO,INCONCLUSIVO,RANKING_ML,753.48,,,,,,8.279935224,estimated,FALSE,INCONCLUSIVO,APRESENTACAO_NAO_EXPLICITA,,Completar fontes e vínculos,mercado/VTK005876.json,2026-09-05T15:16:37.457Z
VTK017772,Auto Rádio Pioneer Mvh145br Mp3/bt/usb/aux,Evolusom Comercial Ltda,309.9,3,FALSE,NAO_CONCLUSIVO,INCONCLUSIVOS,INCONCLUSIVO,IDENTIDADE_COHERENTE,INCONCLUSIVO,INCONCLUSIVO,RANKING_ML,330,,,,,,8.279935224,estimated,FALSE,INCONCLUSIVO,APRESENTACAO_NAO_EXPLICITA,,Completar fontes e vínculos,mercado/VTK017772.json,2026-09-05T15:16:37.457Z
VTK018672,Acionador Manual Segurimax Com Sirene 12v/24v,Evolusom Comercial Ltda,31.19,3,FALSE,NAO_CONCLUSIVO,INCONCLUSIVOS,INCONCLUSIVO,IDENTIDADE_INCONCLUSIVA,INCONCLUSIVO,INCONCLUSIVO,RANKING_ML,25,,,,,,8.279935224,estimated,FALSE,EVIDENCIA_IDENTIDADE_INCOMPLETA; INCONCLUSIVO,APRESENTACAO_NAO_EXPLICITA,,Completar fontes e vínculos,mercado/VTK018672.json,2026-09-05T15:16:37.457Z
VTK018678,Driver Eros E405 Trio 8r Fenólico 200w Rms,Evolusom Comercial Ltda,608.9,3,FALSE,NAO_CONCLUSIVO,INCONCLUSIVOS,INCONCLUSIVO,IDENTIDADE_INCONCLUSIVA,INCONCLUSIVO,INCONCLUSIVO,RANKING_ML,665,,,,,,8.279935224,estimated,FALSE,EVIDENCIA_IDENTIDADE_INCOMPLETA; INCONCLUSIVO,APRESENTACAO_NAO_EXPLICITA,,Completar fontes e vínculos,mercado/VTK018678.json,2026-09-05T15:16:37.457Z
VTK018827,Fonte E Carregador De Bateria Jfa Automotivo Storm Lite 120a Bivolt,Evolusom Comercial Ltda,518.9,3,FALSE,NAO_CONCLUSIVO,INCONCLUSIVOS,INCONCLUSIVO,IDENTIDADE_COHERENTE,INCONCLUSIVO,INCONCLUSIVO,RANKING_ML,487.8,,,,,,8.279935224,estimated,FALSE,INCONCLUSIVO,APRESENTACAO_NAO_EXPLICITA,,Completar fontes e vínculos,mercado/VTK018827.json,2026-09-05T15:16:37.457Z
VTK019040,"Cabo Santo Angelo Ninja Sc-20 P10 Mono / Xlr Femea 15 Ft / 4,57 Metros",Evolusom Comercial Ltda,54.5,3,FALSE,NAO_CONCLUSIVO,INCONCLUSIVOS,INCONCLUSIVO,IDENTIDADE_INCONCLUSIVA,INCONCLUSIVO,INCONCLUSIVO,RANKING_ML,57,,,,,,8.279935224,estimated,FALSE,EVIDENCIA_IDENTIDADE_INCOMPLETA; INCONCLUSIVO,APRESENTACAO_NAO_EXPLICITA,,Completar fontes e vínculos,mercado/VTK019040.json,2026-09-05T15:16:37.457Z
VTK019191,Driver Eros E405 Trio Evo 200w 8r Amarelo,Evolusom Comercial Ltda,599.9,3,FALSE,NAO_CONCLUSIVO,INCONCLUSIVOS,INCONCLUSIVO,IDENTIDADE_INCONCLUSIVA,INCONCLUSIVO,INCONCLUSIVO,RANKING_ML,665,,,,,,8.279935224,estimated,FALSE,EVIDENCIA_IDENTIDADE_INCOMPLETA; INCONCLUSIVO,APRESENTACAO_NAO_EXPLICITA,,Completar fontes e vínculos,mercado/VTK019191.json,2026-09-05T15:16:37.457Z
VTK012461,"Palheta Java 2,5 P/sax Alto Sr2625 Vandoren Un",BKR 1 Comercio e Importação Ltda,36.38,2,FALSE,NAO_CONCLUSIVO,INCONCLUSIVOS,INCONCLUSIVO,IDENTIDADE_INCONCLUSIVA,INCONCLUSIVO,INCONCLUSIVO,RANKING_ML,91.92,,,,,,8.279935224,estimated,FALSE,COMPOSICAO_KIT_NAO_COMPROVADA; INCONCLUSIVO,,,Completar fontes e vínculos,mercado/VTK012461.json,2026-09-05T15:16:37.457Z
VTK000209,Pilha Moeda Lithium 3V CR2016 (C/5 Pilhas) Panasonic - CAR / 5,BKR 1 Comercio e Importação Ltda,17.02,100,FALSE,NAO_CONCLUSIVO,INCONCLUSIVOS,INCONCLUSIVO,IDENTIDADE_COHERENTE,INCONCLUSIVO,INCONCLUSIVO,SINAL_INDIRETO,25,,,,,,8.279935224,estimated,FALSE,INCONCLUSIVO,,,Completar fontes e vínculos,mercado/VTK000209.json,2026-09-05T15:16:37.457Z
VTK012043,Pilha Alcalina Aaa4 Elgin Cartela Com 04 Unidades,BKR 1 Comercio e Importação Ltda,6,100,FALSE,NAO_CONCLUSIVO,INCONCLUSIVOS,INCONCLUSIVO,IDENTIDADE_COHERENTE,INCONCLUSIVO,INCONCLUSIVO,SINAL_INDIRETO,7.72,,,,,,8.279935224,estimated,FALSE,INCONCLUSIVO,,,Completar fontes e vínculos,mercado/VTK012043.json,2026-09-05T15:16:37.457Z
VTK012046,Pilha Recarregável Aa Elgin 2700mah Cartela Com 02 Unidades,BKR 1 Comercio e Importação Ltda,25,100,FALSE,NAO_CONCLUSIVO,INCONCLUSIVOS,INCONCLUSIVO,IDENTIDADE_INCONCLUSIVA,INCONCLUSIVO,INCONCLUSIVO,SINAL_INDIRETO,19.9,,,,,,8.279935224,estimated,FALSE,EVIDENCIA_IDENTIDADE_INCOMPLETA; INCONCLUSIVO,,,Completar fontes e vínculos,mercado/VTK012046.json,2026-09-05T15:16:37.457Z
VTK012066,10 Baterias Alcalinas Ag10 Lr1130 Lr54 Elgin,BKR 1 Comercio e Importação Ltda,4.17,100,FALSE,NAO_CONCLUSIVO,INCONCLUSIVOS,INCONCLUSIVO,IDENTIDADE_INCONCLUSIVA,INCONCLUSIVO,INCONCLUSIVO,SINAL_INDIRETO,8,,,,,,8.279935224,estimated,FALSE,EVIDENCIA_IDENTIDADE_INCOMPLETA; INCONCLUSIVO,,,Completar fontes e vínculos,mercado/VTK012066.json,2026-09-05T15:16:37.457Z
VTK012088,02 Pilhas Aa Recarregáveis 2500mah Philips,BKR 1 Comercio e Importação Ltda,32.93,100,FALSE,NAO_CONCLUSIVO,INCONCLUSIVOS,INCONCLUSIVO,IDENTIDADE_INCONCLUSIVA,INCONCLUSIVO,INCONCLUSIVO,SINAL_INDIRETO,41.2,,,,,,8.279935224,estimated,FALSE,EVIDENCIA_IDENTIDADE_INCOMPLETA; INCONCLUSIVO,,,Completar fontes e vínculos,mercado/VTK012088.json,2026-09-05T15:16:37.457Z
VTK012108,Pilha Alcalina 16 Unidades 8aa 8aaa Elgin,BKR 1 Comercio e Importação Ltda,27.67,100,FALSE,NAO_CONCLUSIVO,INCONCLUSIVOS,INCONCLUSIVO,IDENTIDADE_INCONCLUSIVA,INCONCLUSIVO,INCONCLUSIVO,SINAL_INDIRETO,28,,,,,,8.279935224,estimated,FALSE,EVIDENCIA_IDENTIDADE_INCOMPLETA; INCONCLUSIVO,,,Completar fontes e vínculos,mercado/VTK012108.json,2026-09-05T15:16:37.457Z
VTK012221,Bateria Alcalina Lr44 Elgin Cartela Com 10 Unidades,BKR 1 Comercio e Importação Ltda,4.59,100,FALSE,NAO_CONCLUSIVO,INCONCLUSIVOS,INCONCLUSIVO,IDENTIDADE_INCONCLUSIVA,INCONCLUSIVO,INCONCLUSIVO,SINAL_INDIRETO,8,,,,,,8.279935224,estimated,FALSE,EVIDENCIA_IDENTIDADE_INCOMPLETA; INCONCLUSIVO,,,Completar fontes e vínculos,mercado/VTK012221.json,2026-09-05T15:16:37.457Z
VTK012223,Bateria CR123 3V Elgin - 1 Unidade,BKR 1 Comercio e Importação Ltda,16,100,FALSE,NAO_CONCLUSIVO,INCONCLUSIVOS,INCONCLUSIVO,IDENTIDADE_INCONCLUSIVA,INCONCLUSIVO,INCONCLUSIVO,SINAL_INDIRETO,164.72,,,,,,8.279935224,estimated,FALSE,COMPOSICAO_KIT_NAO_COMPROVADA; INCONCLUSIVO,,,Completar fontes e vínculos,mercado/VTK012223.json,2026-09-05T15:16:37.457Z
VTK012308,Pilha Alcalina Tipo C Elgin Cartela Com 02 Unidades,BKR 1 Comercio e Importação Ltda,13,100,FALSE,NAO_CONCLUSIVO,INCONCLUSIVOS,INCONCLUSIVO,IDENTIDADE_COHERENTE,INCONCLUSIVO,INCONCLUSIVO,SINAL_INDIRETO,12.38,,,,,,8.279935224,estimated,FALSE,INCONCLUSIVO,,,Completar fontes e vínculos,mercado/VTK012308.json,2026-09-05T15:16:37.457Z
VTK013078,Pilha Max Aa8+aaa4 Cart 12 Energizer,BKR 1 Comercio e Importação Ltda,31,100,FALSE,NAO_CONCLUSIVO,INCONCLUSIVOS,INCONCLUSIVO,IDENTIDADE_INCONCLUSIVA,INCONCLUSIVO,INCONCLUSIVO,SINAL_INDIRETO,53.85,,,,,,8.279935224,estimated,FALSE,EVIDENCIA_IDENTIDADE_INCOMPLETA; INCONCLUSIVO,,,Completar fontes e vínculos,mercado/VTK013078.json,2026-09-05T15:16:37.457Z
VTK013093,Bateria Lr1120 Ag8 10 Unidades Elgin,BKR 1 Comercio e Importação Ltda,13.18,100,FALSE,NAO_CONCLUSIVO,INCONCLUSIVOS,INCONCLUSIVO,IDENTIDADE_INCONCLUSIVA,INCONCLUSIVO,INCONCLUSIVO,SINAL_INDIRETO,6.72,,,,,,8.279935224,estimated,FALSE,COMPOSICAO_KIT_NAO_COMPROVADA; INCONCLUSIVO,,,Completar fontes e vínculos,mercado/VTK013093.json,2026-09-05T15:16:37.457Z
VTK012118,Pilha De Zinco Carvão R20 2 Unidades Elgin,BKR 1 Comercio e Importação Ltda,10,95,FALSE,NAO_CONCLUSIVO,INCONCLUSIVOS,INCONCLUSIVO,IDENTIDADE_INCONCLUSIVA,INCONCLUSIVO,INCONCLUSIVO,SINAL_INDIRETO,12.9,,,,,,8.279935224,estimated,FALSE,EVIDENCIA_IDENTIDADE_INCOMPLETA; INCONCLUSIVO,,,Completar fontes e vínculos,mercado/VTK012118.json,2026-09-05T15:16:37.457Z
VTK013094,Bateria Lr43 Ag12 10 Unidades Elgin,BKR 1 Comercio e Importação Ltda,7.3,93,FALSE,NAO_CONCLUSIVO,INCONCLUSIVOS,INCONCLUSIVO,IDENTIDADE_INCONCLUSIVA,INCONCLUSIVO,INCONCLUSIVO,SINAL_INDIRETO,8.06,,,,,,8.279935224,estimated,FALSE,EVIDENCIA_IDENTIDADE_INCOMPLETA; INCONCLUSIVO,,,Completar fontes e vínculos,mercado/VTK013094.json,2026-09-05T15:16:37.457Z
VTK012156,Filtro Linha 5 Tomadas Wpd5 Bivolt Wireconex,BKR 1 Comercio e Importação Ltda,135,66,FALSE,NAO_CONCLUSIVO,INCONCLUSIVOS,INCONCLUSIVO,IDENTIDADE_INCONCLUSIVA,INCONCLUSIVO,INCONCLUSIVO,SINAL_INDIRETO,188,,,,,,8.279935224,estimated,FALSE,EVIDENCIA_IDENTIDADE_INCOMPLETA; INCONCLUSIVO,APRESENTACAO_NAO_EXPLICITA,,Completar fontes e vínculos,mercado/VTK012156.json,2026-09-05T15:16:37.457Z
VTK012097,Bateria 12v C/ 5 Unidades (8lr932p5b/59) Philips,Evolusom Comercial Ltda,20.7,50,FALSE,NAO_CONCLUSIVO,INCONCLUSIVOS,INCONCLUSIVO,IDENTIDADE_INCONCLUSIVA,INCONCLUSIVO,INCONCLUSIVO,SINAL_INDIRETO,36.89,,,,,,8.279935224,estimated,FALSE,EVIDENCIA_IDENTIDADE_INCOMPLETA; INCONCLUSIVO,,,Completar fontes e vínculos,mercado/VTK012097.json,2026-09-05T15:16:37.457Z
VTK012150,16 Pilhas Alcalinas Aa Elgin,Evolusom Comercial Ltda,21.9,50,FALSE,NAO_CONCLUSIVO,INCONCLUSIVOS,INCONCLUSIVO,IDENTIDADE_COHERENTE,INCONCLUSIVO,INCONCLUSIVO,SINAL_INDIRETO,26.81,,,,,,8.279935224,estimated,FALSE,INCONCLUSIVO,,,Completar fontes e vínculos,mercado/VTK012150.json,2026-09-05T15:16:37.457Z
VTK012170,Pilha Alcalina Aaa L8p7 Elgin (08 Unidades),Evolusom Comercial Ltda,10.35,50,FALSE,NAO_CONCLUSIVO,INCONCLUSIVOS,INCONCLUSIVO,IDENTIDADE_INCONCLUSIVA,INCONCLUSIVO,INCONCLUSIVO,SINAL_INDIRETO,10.97,,,,,,8.279935224,estimated,FALSE,EVIDENCIA_IDENTIDADE_INCOMPLETA; COMPOSICAO_KIT_NAO_COMPROVADA; INCONCLUSIVO,,,Completar fontes e vínculos,mercado/VTK012170.json,2026-09-05T15:16:37.457Z
VTK017310,Controle Remoto Mxt 01369 Tv Universal Smart Netflix,Evolusom Comercial Ltda,13.95,50,FALSE,NAO_CONCLUSIVO,INCONCLUSIVOS,INCONCLUSIVO,IDENTIDADE_COHERENTE,INCONCLUSIVO,INCONCLUSIVO,SINAL_INDIRETO,26.85,,,,,,8.279935224,estimated,FALSE,INCONCLUSIVO,APRESENTACAO_NAO_EXPLICITA,,Completar fontes e vínculos,mercado/VTK017310.json,2026-09-05T15:16:37.457Z
VTK017311,Controle Remoto 01376 Tv Aoc Le43s5977 Netflix,Evolusom Comercial Ltda,11.3,50,FALSE,NAO_CONCLUSIVO,INCONCLUSIVOS,INCONCLUSIVO,IDENTIDADE_INCONCLUSIVA,INCONCLUSIVO,INCONCLUSIVO,SINAL_INDIRETO,27.32,,,,,,8.279935224,estimated,FALSE,EVIDENCIA_IDENTIDADE_INCOMPLETA; INCONCLUSIVO,APRESENTACAO_NAO_EXPLICITA,,Completar fontes e vínculos,mercado/VTK017311.json,2026-09-05T15:16:37.457Z
VTK017312,Controle Remoto Mxt 01377 Smart Lg Samsung Mix,Evolusom Comercial Ltda,13.9,50,FALSE,NAO_CONCLUSIVO,INCONCLUSIVOS,INCONCLUSIVO,IDENTIDADE_INCONCLUSIVA,INCONCLUSIVO,INCONCLUSIVO,SINAL_INDIRETO,27.99,,,,,,8.279935224,estimated,FALSE,EVIDENCIA_IDENTIDADE_INCOMPLETA; INCONCLUSIVO,APRESENTACAO_NAO_EXPLICITA,,Completar fontes e vínculos,mercado/VTK017312.json,2026-09-05T15:16:37.457Z
VTK017339,Teclado Gamer Evus Tc-10w Candy,Evolusom Comercial Ltda,49.9,50,FALSE,NAO_CONCLUSIVO,INCONCLUSIVOS,INCONCLUSIVO,IDENTIDADE_COHERENTE,INCONCLUSIVO,INCONCLUSIVO,SINAL_INDIRETO,56.5,,,,,,8.279935224,estimated,FALSE,INCONCLUSIVO,APRESENTACAO_NAO_EXPLICITA,,Completar fontes e vínculos,mercado/VTK017339.json,2026-09-05T15:16:37.457Z
VTK017340,Teclado Gamer Evus Tc-11b Jellybeans,Evolusom Comercial Ltda,49.9,50,FALSE,NAO_CONCLUSIVO,INCONCLUSIVOS,INCONCLUSIVO,IDENTIDADE_COHERENTE,INCONCLUSIVO,INCONCLUSIVO,SINAL_INDIRETO,66.01,,,,,,8.279935224,estimated,FALSE,INCONCLUSIVO,APRESENTACAO_NAO_EXPLICITA,,Completar fontes e vínculos,mercado/VTK017340.json,2026-09-05T15:16:37.457Z
VTK017351,Base Para Notebook Evus Bpn-02 Centric,Evolusom Comercial Ltda,28.9,50,FALSE,NAO_CONCLUSIVO,INCONCLUSIVOS,INCONCLUSIVO,IDENTIDADE_INCONCLUSIVA,INCONCLUSIVO,INCONCLUSIVO,SINAL_INDIRETO,52.25,,,,,,8.279935224,estimated,FALSE,EVIDENCIA_IDENTIDADE_INCOMPLETA; INCONCLUSIVO,APRESENTACAO_NAO_EXPLICITA,,Completar fontes e vínculos,mercado/VTK017351.json,2026-09-05T15:16:37.457Z
VTK017354,Fonte Atx Evus Ps-200 200w 20/24p 2 Sata Com Caixa,Evolusom Comercial Ltda,47.9,50,FALSE,NAO_CONCLUSIVO,INCONCLUSIVOS,INCONCLUSIVO,IDENTIDADE_COHERENTE,INCONCLUSIVO,INCONCLUSIVO,SINAL_INDIRETO,44.9,,,,,,8.279935224,estimated,FALSE,INCONCLUSIVO,APRESENTACAO_NAO_EXPLICITA,,Completar fontes e vínculos,mercado/VTK017354.json,2026-09-05T15:16:37.457Z
VTK017558,Controle Remoto Mxt 01289 Tv Smart 3d Futebol Samsung Aa59-0,Evolusom Comercial Ltda,10.8,50,FALSE,NAO_CONCLUSIVO,INCONCLUSIVOS,INCONCLUSIVO,IDENTIDADE_INCONCLUSIVA,INCONCLUSIVO,INCONCLUSIVO,SINAL_INDIRETO,23.9,,,,,,8.279935224,estimated,FALSE,EVIDENCIA_IDENTIDADE_INCOMPLETA; INCONCLUSIVO,APRESENTACAO_NAO_EXPLICITA,,Completar fontes e vínculos,mercado/VTK017558.json,2026-09-05T15:16:37.457Z
VTK017579,Controle Remoto Mxt 01388 Tv Smart Universal Led Lc,Evolusom Comercial Ltda,11.9,50,FALSE,NAO_CONCLUSIVO,INCONCLUSIVOS,INCONCLUSIVO,IDENTIDADE_INCONCLUSIVA,INCONCLUSIVO,INCONCLUSIVO,SINAL_INDIRETO,24.9,,,,,,8.279935224,estimated,FALSE,EVIDENCIA_IDENTIDADE_INCOMPLETA; INCONCLUSIVO,APRESENTACAO_NAO_EXPLICITA,,Completar fontes e vínculos,mercado/VTK017579.json,2026-09-05T15:16:37.457Z
VTK017611,Controle Remoto Tv Smart Mxt 01359 Philips 32phg5102_43/ 50/ 5,Evolusom Comercial Ltda,12.5,50,FALSE,NAO_CONCLUSIVO,INCONCLUSIVOS,INCONCLUSIVO,IDENTIDADE_INCONCLUSIVA,INCONCLUSIVO,INCONCLUSIVO,SINAL_INDIRETO,19,,,,,,8.279935224,estimated,FALSE,EVIDENCIA_IDENTIDADE_INCOMPLETA; INCONCLUSIVO,APRESENTACAO_NAO_EXPLICITA,,Completar fontes e vínculos,mercado/VTK017611.json,2026-09-05T15:16:37.457Z
VTK017620,Controle Remoto Mxt 1302 Tv Panasonic Led Tc Tnq2b4903,Evolusom Comercial Ltda,10.9,50,FALSE,NAO_CONCLUSIVO,INCONCLUSIVOS,INCONCLUSIVO,IDENTIDADE_INCONCLUSIVA,INCONCLUSIVO,INCONCLUSIVO,SINAL_INDIRETO,21.84,,,,,,8.279935224,estimated,FALSE,EVIDENCIA_IDENTIDADE_INCOMPLETA; INCONCLUSIVO,APRESENTACAO_NAO_EXPLICITA,,Completar fontes e vínculos,mercado/VTK017620.json,2026-09-05T15:16:37.457Z
VTK017689,Controle Remoto Mxt 1387 Universal Sony,Evolusom Comercial Ltda,11.45,50,FALSE,NAO_CONCLUSIVO,INCONCLUSIVOS,INCONCLUSIVO,IDENTIDADE_INCONCLUSIVA,INCONCLUSIVO,INCONCLUSIVO,SINAL_INDIRETO,26.49,,,,,,8.279935224,estimated,FALSE,EVIDENCIA_IDENTIDADE_INCOMPLETA; INCONCLUSIVO,APRESENTACAO_NAO_EXPLICITA,,Completar fontes e vínculos,mercado/VTK017689.json,2026-09-05T15:16:37.457Z
VTK017816,Controle Remoto Mxt 01389 Smart Tv Philips 50pug6654/78,Evolusom Comercial Ltda,10.99,50,FALSE,NAO_CONCLUSIVO,INCONCLUSIVOS,INCONCLUSIVO,IDENTIDADE_INCONCLUSIVA,INCONCLUSIVO,INCONCLUSIVO,SINAL_INDIRETO,26.76,,,,,,8.279935224,estimated,FALSE,EVIDENCIA_IDENTIDADE_INCOMPLETA; INCONCLUSIVO,APRESENTACAO_NAO_EXPLICITA,,Completar fontes e vínculos,mercado/VTK017816.json,2026-09-05T15:16:37.457Z
VTK017839,Fonte Chaveada 6v 2a P4 C+ 2.1 X 5.5 Mm,Evolusom Comercial Ltda,14.95,50,FALSE,NAO_CONCLUSIVO,INCONCLUSIVOS,INCONCLUSIVO,IDENTIDADE_COHERENTE,INCONCLUSIVO,INCONCLUSIVO,SINAL_INDIRETO,29,,,,,,8.279935224,estimated,FALSE,INCONCLUSIVO,APRESENTACAO_NAO_EXPLICITA,,Completar fontes e vínculos,mercado/VTK017839.json,2026-09-05T15:16:37.457Z
VTK018151,Controle Remoto Mxt 1375 Tv Aoc 32s5295/ 78g 55u629,Evolusom Comercial Ltda,11.9,50,FALSE,NAO_CONCLUSIVO,INCONCLUSIVOS,INCONCLUSIVO,IDENTIDADE_INCONCLUSIVA,INCONCLUSIVO,INCONCLUSIVO,SINAL_INDIRETO,19,,,,,,8.279935224,estimated,FALSE,EVIDENCIA_IDENTIDADE_INCOMPLETA; INCONCLUSIVO,APRESENTACAO_NAO_EXPLICITA,,Completar fontes e vínculos,mercado/VTK018151.json,2026-09-05T15:16:37.457Z
VTK018411,Controle Remoto Mxt Compatível Tv Samsung Com Comando De Voz,Evolusom Comercial Ltda,34.99,50,FALSE,NAO_CONCLUSIVO,INCONCLUSIVOS,INCONCLUSIVO,IDENTIDADE_INCONCLUSIVA,INCONCLUSIVO,INCONCLUSIVO,SINAL_INDIRETO,57.19,,,,,,8.279935224,estimated,FALSE,EVIDENCIA_IDENTIDADE_INCOMPLETA; INCONCLUSIVO,APRESENTACAO_NAO_EXPLICITA,,Completar fontes e vínculos,mercado/VTK018411.json,2026-09-05T15:16:37.457Z
VTK019633,Fonte Chaveada 5v 2a P4 C+ 2.1 X 5.5 Mm,Evolusom Comercial Ltda,15.8,50,FALSE,NAO_CONCLUSIVO,INCONCLUSIVOS,INCONCLUSIVO,IDENTIDADE_INCONCLUSIVA,INCONCLUSIVO,INCONCLUSIVO,SINAL_INDIRETO,27.5,,,,,,8.279935224,estimated,FALSE,EVIDENCIA_IDENTIDADE_INCOMPLETA; INCONCLUSIVO,APRESENTACAO_NAO_EXPLICITA,,Completar fontes e vínculos,mercado/VTK019633.json,2026-09-05T15:16:37.457Z
VTK001653,Encordoamento Para Violão Nylon Pesada Série Clássico Giannini GENWPA,BKR 1 Comercio e Importação Ltda,32.73,48,FALSE,NAO_CONCLUSIVO,INCONCLUSIVOS,INCONCLUSIVO,IDENTIDADE_COHERENTE,INCONCLUSIVO,INCONCLUSIVO,SINAL_INDIRETO,37,,,,,,8.279935224,estimated,FALSE,INCONCLUSIVO,APRESENTACAO_NAO_EXPLICITA,,Completar fontes e vínculos,mercado/VTK001653.json,2026-09-05T15:16:37.457Z
VTK002031,Ferro de Solda 34W 127V POWER 40 Cinza/Azul Hikari,Evolusom Comercial Ltda,35.9,48,FALSE,NAO_CONCLUSIVO,INCONCLUSIVOS,INCONCLUSIVO,IDENTIDADE_INCONCLUSIVA,INCONCLUSIVO,INCONCLUSIVO,SINAL_INDIRETO,43,,,,,,8.279935224,estimated,FALSE,EVIDENCIA_IDENTIDADE_INCOMPLETA; INCONCLUSIVO,APRESENTACAO_NAO_EXPLICITA,,Completar fontes e vínculos,mercado/VTK002031.json,2026-09-05T15:16:37.457Z
VTK017584,Controle Remoto Mxt 1364 Tcl Led K55s4900fs/rc802n,Evolusom Comercial Ltda,11.8,48,FALSE,NAO_CONCLUSIVO,INCONCLUSIVOS,INCONCLUSIVO,IDENTIDADE_INCONCLUSIVA,INCONCLUSIVO,INCONCLUSIVO,SINAL_INDIRETO,25.9,,,,,,8.279935224,estimated,FALSE,EVIDENCIA_IDENTIDADE_INCOMPLETA; INCONCLUSIVO,APRESENTACAO_NAO_EXPLICITA,,Completar fontes e vínculos,mercado/VTK017584.json,2026-09-05T15:16:37.457Z
VTK018108,Fonte Chaveada Mxt Colmeia 24v 10a 240w,Evolusom Comercial Ltda,92.95,41,FALSE,NAO_CONCLUSIVO,INCONCLUSIVOS,INCONCLUSIVO,IDENTIDADE_INCONCLUSIVA,INCONCLUSIVO,INCONCLUSIVO,SINAL_INDIRETO,167.31,,,,,,8.279935224,estimated,FALSE,EVIDENCIA_IDENTIDADE_INCOMPLETA; INCONCLUSIVO,APRESENTACAO_NAO_EXPLICITA,"Título diz 24 V, mas descrição do fornecedor e atributos de saída do catálogo dizem 12 V. Resolver especificação antes de anunciar.",Completar fontes e vínculos,mercado/VTK018108.json,2026-09-05T15:16:37.457Z
VTK021404,Controle Remoto Tv Smart Mxt 01322 Philips 40pfg5100/ 78,Evolusom Comercial Ltda,11.99,38,FALSE,NAO_CONCLUSIVO,INCONCLUSIVOS,INCONCLUSIVO,IDENTIDADE_INCONCLUSIVA,INCONCLUSIVO,INCONCLUSIVO,SINAL_INDIRETO,26.98,,,,,,8.279935224,estimated,FALSE,EVIDENCIA_IDENTIDADE_INCOMPLETA; INCONCLUSIVO,APRESENTACAO_NAO_EXPLICITA,,Completar fontes e vínculos,mercado/VTK021404.json,2026-09-05T15:16:37.457Z
VTK012192,Painel Multicabo 12 Vias Xlr Medusa Wireconex,BKR 1 Comercio e Importação Ltda,151.71,37,FALSE,NAO_CONCLUSIVO,INCONCLUSIVOS,INCONCLUSIVO,IDENTIDADE_INCONCLUSIVA,INCONCLUSIVO,INCONCLUSIVO,SINAL_INDIRETO,168.04,,,,,,8.279935224,estimated,FALSE,EVIDENCIA_IDENTIDADE_INCOMPLETA; INCONCLUSIVO,APRESENTACAO_NAO_EXPLICITA,,Completar fontes e vínculos,mercado/VTK012192.json,2026-09-05T15:16:37.457Z
VTK017638,Detector De Temperatura Segurimax Enderecavel,Evolusom Comercial Ltda,116.9,37,FALSE,NAO_CONCLUSIVO,INCONCLUSIVOS,INCONCLUSIVO,IDENTIDADE_INCONCLUSIVA,INCONCLUSIVO,INCONCLUSIVO,SINAL_INDIRETO,165,,,,,,8.279935224,estimated,FALSE,EVIDENCIA_IDENTIDADE_INCOMPLETA; INCONCLUSIVO,APRESENTACAO_NAO_EXPLICITA,,Completar fontes e vínculos,mercado/VTK017638.json,2026-09-05T15:16:37.457Z
VTK017923,Controle Remoto Mxt 01181 Tv Philips Lcd Serie 3000,Evolusom Comercial Ltda,12.8,36,FALSE,NAO_CONCLUSIVO,INCONCLUSIVOS,INCONCLUSIVO,IDENTIDADE_INCONCLUSIVA,INCONCLUSIVO,INCONCLUSIVO,SINAL_INDIRETO,29.95,,,,,,8.279935224,estimated,FALSE,EVIDENCIA_IDENTIDADE_INCOMPLETA; INCONCLUSIVO,APRESENTACAO_NAO_EXPLICITA,,Completar fontes e vínculos,mercado/VTK017923.json,2026-09-05T15:16:37.457Z
VTK017674,Sinalizador Audiovisual Segurimax Endereçável,Evolusom Comercial Ltda,128.9,34,FALSE,NAO_CONCLUSIVO,INCONCLUSIVOS,INCONCLUSIVO,IDENTIDADE_INCONCLUSIVA,INCONCLUSIVO,INCONCLUSIVO,SINAL_INDIRETO,141.84,,,,,,8.279935224,estimated,FALSE,EVIDENCIA_IDENTIDADE_INCOMPLETA; INCONCLUSIVO,APRESENTACAO_NAO_EXPLICITA,,Completar fontes e vínculos,mercado/VTK017674.json,2026-09-05T15:16:37.457Z
VTK012406,"Cabo Extensão Fone De Ouvido Phc10 P10 1/4 X P2 3,5 Wireconex",BKR 1 Comercio e Importação Ltda,78.5,33,FALSE,NAO_CONCLUSIVO,INCONCLUSIVOS,INCONCLUSIVO,IDENTIDADE_INCONCLUSIVA,INCONCLUSIVO,INCONCLUSIVO,SINAL_INDIRETO,130.32,,,,,,8.279935224,estimated,FALSE,EVIDENCIA_IDENTIDADE_INCOMPLETA; INCONCLUSIVO,APRESENTACAO_NAO_EXPLICITA,,Completar fontes e vínculos,mercado/VTK012406.json,2026-09-05T15:16:37.457Z
VTK018135,Controle Remoto Mxt 01286 Tv Lg Smart Tv - Modelos Antigos,Evolusom Comercial Ltda,15.3,32,FALSE,NAO_CONCLUSIVO,INCONCLUSIVOS,INCONCLUSIVO,IDENTIDADE_INCONCLUSIVA,INCONCLUSIVO,INCONCLUSIVO,SINAL_INDIRETO,29.99,,,,,,8.279935224,estimated,FALSE,EVIDENCIA_IDENTIDADE_INCOMPLETA; INCONCLUSIVO,APRESENTACAO_NAO_EXPLICITA,,Completar fontes e vínculos,mercado/VTK018135.json,2026-09-05T15:16:37.457Z
VTK012217,Pilha Zinco Aaa4 Elgin R03 Cartela Com 04 Unidades,BKR 1 Comercio e Importação Ltda,3.4,31,FALSE,NAO_CONCLUSIVO,INCONCLUSIVOS,INCONCLUSIVO,IDENTIDADE_INCONCLUSIVA,INCONCLUSIVO,INCONCLUSIVO,SINAL_INDIRETO,7.48,,,,,,8.279935224,estimated,FALSE,EVIDENCIA_IDENTIDADE_INCOMPLETA; INCONCLUSIVO,,,Completar fontes e vínculos,mercado/VTK012217.json,2026-09-05T15:16:37.457Z
VTK004739,Alicate de Inserção Punch Down Hikari HK-307,Evolusom Comercial Ltda,22.99,30,FALSE,NAO_CONCLUSIVO,INCONCLUSIVOS,INCONCLUSIVO,IDENTIDADE_INCONCLUSIVA,INCONCLUSIVO,INCONCLUSIVO,SINAL_INDIRETO,22.6,,,,,,8.279935224,estimated,FALSE,EVIDENCIA_IDENTIDADE_INCOMPLETA; INCONCLUSIVO,APRESENTACAO_NAO_EXPLICITA,,Completar fontes e vínculos,mercado/VTK004739.json,2026-09-05T15:16:37.457Z
VTK017718,Detector Optico De Fumaça Segurimax Endereçável,Evolusom Comercial Ltda,96.9,30,FALSE,NAO_CONCLUSIVO,INCONCLUSIVOS,INCONCLUSIVO,IDENTIDADE_INCONCLUSIVA,INCONCLUSIVO,INCONCLUSIVO,SINAL_INDIRETO,110.25,,,,,,8.279935224,estimated,FALSE,EVIDENCIA_IDENTIDADE_INCOMPLETA; INCONCLUSIVO,APRESENTACAO_NAO_EXPLICITA,,Completar fontes e vínculos,mercado/VTK017718.json,2026-09-05T15:16:37.457Z
VTK017770,Pilha Alcalina Aaa Elgin 1.5v Blister Grande Com 10x2,Evolusom Comercial Ltda,28.9,30,FALSE,NAO_CONCLUSIVO,INCONCLUSIVOS,INCONCLUSIVO,IDENTIDADE_INCONCLUSIVA,INCONCLUSIVO,INCONCLUSIVO,SINAL_INDIRETO,23.9,,,,,,8.279935224,estimated,FALSE,EVIDENCIA_IDENTIDADE_INCOMPLETA; COMPOSICAO_KIT_NAO_COMPROVADA; INCONCLUSIVO,,,Completar fontes e vínculos,mercado/VTK017770.json,2026-09-05T15:16:37.457Z
VTK005878,Ventilador de Teto Ventisol Elluz 3 Pás Branco Bivolt,Evolusom Comercial Ltda,219.9,28,FALSE,NAO_CONCLUSIVO,INCONCLUSIVOS,INCONCLUSIVO,IDENTIDADE_COHERENTE,INCONCLUSIVO,INCONCLUSIVO,SINAL_INDIRETO,304.9,,,,,,8.279935224,estimated,FALSE,INCONCLUSIVO,APRESENTACAO_NAO_EXPLICITA,,Completar fontes e vínculos,mercado/VTK005878.json,2026-09-05T15:16:37.457Z
VTK017540,Controle Remoto Mxt 01380 Tv Led Semp Toshiba Ct-6810 Netflix/youtube,Evolusom Comercial Ltda,11.45,28,FALSE,NAO_CONCLUSIVO,INCONCLUSIVOS,INCONCLUSIVO,IDENTIDADE_COHERENTE,INCONCLUSIVO,INCONCLUSIVO,SINAL_INDIRETO,23.22,,,,,,8.279935224,estimated,FALSE,INCONCLUSIVO,APRESENTACAO_NAO_EXPLICITA,,Completar fontes e vínculos,mercado/VTK017540.json,2026-09-05T15:16:37.457Z
VTK002057,Ferro de Solda 34W 220V POWER 40 Cinza/Azul Hikari,Evolusom Comercial Ltda,35.9,27,FALSE,NAO_CONCLUSIVO,INCONCLUSIVOS,INCONCLUSIVO,IDENTIDADE_INCONCLUSIVA,INCONCLUSIVO,INCONCLUSIVO,SINAL_INDIRETO,45.49,,,,,,8.279935224,estimated,FALSE,EVIDENCIA_IDENTIDADE_INCOMPLETA; INCONCLUSIVO,APRESENTACAO_NAO_EXPLICITA,,Completar fontes e vínculos,mercado/VTK002057.json,2026-09-05T15:16:37.457Z
VTK004762,Alicate de Crimpar Hikari HK-300,Evolusom Comercial Ltda,24.9,27,FALSE,NAO_CONCLUSIVO,INCONCLUSIVOS,INCONCLUSIVO,IDENTIDADE_COHERENTE,INCONCLUSIVO,INCONCLUSIVO,SINAL_INDIRETO,29.9,,,,,,8.279935224,estimated,FALSE,INCONCLUSIVO,APRESENTACAO_NAO_EXPLICITA,,Completar fontes e vínculos,mercado/VTK004762.json,2026-09-05T15:16:37.457Z
VTK013025,02 Pilhas Alcalinas C Philips,Evolusom Comercial Ltda,15.4,25,FALSE,NAO_CONCLUSIVO,INCONCLUSIVOS,INCONCLUSIVO,IDENTIDADE_INCONCLUSIVA,INCONCLUSIVO,INCONCLUSIVO,SINAL_INDIRETO,20.53,,,,,,8.279935224,estimated,FALSE,EVIDENCIA_IDENTIDADE_INCOMPLETA; INCONCLUSIVO,,,Completar fontes e vínculos,mercado/VTK013025.json,2026-09-05T15:16:37.457Z
VTK017777,"Ponta Fenda Para Ferro De Solda Hikari Hk Power E Plus Sc 40 110v 2,7mm",Evolusom Comercial Ltda,26.9,25,FALSE,NAO_CONCLUSIVO,INCONCLUSIVOS,INCONCLUSIVO,IDENTIDADE_INCONCLUSIVA,INCONCLUSIVO,INCONCLUSIVO,SINAL_INDIRETO,89.9,,,,,,8.279935224,estimated,FALSE,EVIDENCIA_IDENTIDADE_INCOMPLETA; COMPOSICAO_KIT_NAO_COMPROVADA; INCONCLUSIVO,,Título local indica ponta fenda; catálogo diz cônica. Fornecedor também informa conjunto de quatro peças; validar formato e embalagem.,Completar fontes e vínculos,mercado/VTK017777.json,2026-09-05T15:16:37.457Z
VTK017230,Controle Remoto Mxt 01349 Tv Led Philips Smart 4k Netflix,Evolusom Comercial Ltda,11.4,21,FALSE,NAO_CONCLUSIVO,INCONCLUSIVOS,INCONCLUSIVO,IDENTIDADE_COHERENTE,INCONCLUSIVO,INCONCLUSIVO,SINAL_INDIRETO,28.21,,,,,,8.279935224,estimated,FALSE,INCONCLUSIVO,APRESENTACAO_NAO_EXPLICITA,,Completar fontes e vínculos,mercado/VTK017230.json,2026-09-05T15:16:37.457Z
VTK012462,Pilha Zinco Aaa Tubo 40 Unidades Elgin R03,BKR 1 Comercio e Importação Ltda,25,20,FALSE,NAO_CONCLUSIVO,INCONCLUSIVOS,INCONCLUSIVO,IDENTIDADE_INCONCLUSIVA,INCONCLUSIVO,INCONCLUSIVO,SINAL_INDIRETO,20.77,,,,,,8.279935224,estimated,FALSE,EVIDENCIA_IDENTIDADE_INCOMPLETA; INCONCLUSIVO,,,Completar fontes e vínculos,mercado/VTK012462.json,2026-09-05T15:16:37.457Z
VTK012937,Correia Ny 01 Sint Peixe Jesus Basso,BKR 1 Comercio e Importação Ltda,27.94,20,FALSE,NAO_CONCLUSIVO,INCONCLUSIVOS,INCONCLUSIVO,IDENTIDADE_COHERENTE,INCONCLUSIVO,INCONCLUSIVO,SINAL_INDIRETO,48.9,,,,,,8.279935224,estimated,FALSE,INCONCLUSIVO,APRESENTACAO_NAO_EXPLICITA,,Completar fontes e vínculos,mercado/VTK012937.json,2026-09-05T15:16:37.457Z
VTK019053,Controle Remoto Mxt 01285 Tv Samsung Smart Tv - Modelos Antigos,Evolusom Comercial Ltda,15.2,19,FALSE,NAO_CONCLUSIVO,INCONCLUSIVOS,INCONCLUSIVO,IDENTIDADE_INCONCLUSIVA,INCONCLUSIVO,INCONCLUSIVO,SINAL_INDIRETO,32.9,,,,,,8.279935224,estimated,FALSE,EVIDENCIA_IDENTIDADE_INCOMPLETA; INCONCLUSIVO,APRESENTACAO_NAO_EXPLICITA,,Completar fontes e vínculos,mercado/VTK019053.json,2026-09-05T15:16:37.457Z
VTK012155,Pilha Recarregável Aaa 1000 Mah Elgin Com 02 Unidades,Evolusom Comercial Ltda,10.45,18,FALSE,NAO_CONCLUSIVO,INCONCLUSIVOS,INCONCLUSIVO,IDENTIDADE_INCONCLUSIVA,INCONCLUSIVO,INCONCLUSIVO,SINAL_INDIRETO,14.9,,,,,,8.279935224,estimated,FALSE,EVIDENCIA_IDENTIDADE_INCOMPLETA; INCONCLUSIVO,,,Completar fontes e vínculos,mercado/VTK012155.json,2026-09-05T15:16:37.457Z
VTK017971,Autotransformador Blindado Indusat 1500va Tripolar,Evolusom Comercial Ltda,122.9,18,FALSE,NAO_CONCLUSIVO,INCONCLUSIVOS,INCONCLUSIVO,IDENTIDADE_INCONCLUSIVA,INCONCLUSIVO,INCONCLUSIVO,SINAL_INDIRETO,202,,,,,,8.279935224,estimated,FALSE,EVIDENCIA_IDENTIDADE_INCOMPLETA; INCONCLUSIVO,APRESENTACAO_NAO_EXPLICITA,,Completar fontes e vínculos,mercado/VTK017971.json,2026-09-05T15:16:37.457Z
VTK017905,Ventilador De Coluna Ventisol Premium 60cm Bivolt - Preto,Evolusom Comercial Ltda,269.9,17,FALSE,NAO_CONCLUSIVO,INCONCLUSIVOS,INCONCLUSIVO,IDENTIDADE_INCONCLUSIVA,INCONCLUSIVO,INCONCLUSIVO,SINAL_INDIRETO,298.3,,,,,,8.279935224,estimated,FALSE,EVIDENCIA_IDENTIDADE_INCOMPLETA; INCONCLUSIVO,APRESENTACAO_NAO_EXPLICITA,,Completar fontes e vínculos,mercado/VTK017905.json,2026-09-05T15:16:37.457Z
VTK018018,Corda Para Contrabaixo Giannini Gesbx5 0.40-0.125 Super Leve,Evolusom Comercial Ltda,60.3,16,FALSE,NAO_CONCLUSIVO,INCONCLUSIVOS,INCONCLUSIVO,IDENTIDADE_COHERENTE,INCONCLUSIVO,INCONCLUSIVO,SINAL_INDIRETO,59.9,,,,,,8.279935224,estimated,FALSE,INCONCLUSIVO,APRESENTACAO_NAO_EXPLICITA,,Completar fontes e vínculos,mercado/VTK018018.json,2026-09-05T15:16:37.457Z
VTK018066,Caixa Medusa 6 Vias Santo Angelo 1 Saida Bsmd6,Evolusom Comercial Ltda,82.9,15,FALSE,NAO_CONCLUSIVO,INCONCLUSIVOS,INCONCLUSIVO,IDENTIDADE_COHERENTE,INCONCLUSIVO,INCONCLUSIVO,SINAL_INDIRETO,126.89,,,,,,8.279935224,estimated,FALSE,INCONCLUSIVO,APRESENTACAO_NAO_EXPLICITA,,Completar fontes e vínculos,mercado/VTK018066.json,2026-09-05T15:16:37.457Z
VTK001731,Ponta Conica para Ferro de Solda 80W Power 80 Hikari,Evolusom Comercial Ltda,17.6,10,FALSE,NAO_CONCLUSIVO,INCONCLUSIVOS,INCONCLUSIVO,IDENTIDADE_COHERENTE,INCONCLUSIVO,INCONCLUSIVO,SINAL_INDIRETO,27.96,,,,,,8.279935224,estimated,FALSE,INCONCLUSIVO,APRESENTACAO_NAO_EXPLICITA,,Completar fontes e vínculos,mercado/VTK001731.json,2026-09-05T15:16:37.457Z
VTK001782,Testador de Tensão Hikari HKTest,Evolusom Comercial Ltda,17.6,10,FALSE,NAO_CONCLUSIVO,INCONCLUSIVOS,INCONCLUSIVO,IDENTIDADE_COHERENTE,INCONCLUSIVO,INCONCLUSIVO,SINAL_INDIRETO,19.9,,,,,,8.279935224,estimated,FALSE,INCONCLUSIVO,APRESENTACAO_NAO_EXPLICITA,,Completar fontes e vínculos,mercado/VTK001782.json,2026-09-05T15:16:37.457Z
VTK012948,Correia Nm Preto Nota Musical Branca Basso,BKR 1 Comercio e Importação Ltda,58.33,10,FALSE,NAO_CONCLUSIVO,INCONCLUSIVOS,INCONCLUSIVO,IDENTIDADE_INCONCLUSIVA,INCONCLUSIVO,INCONCLUSIVO,SINAL_INDIRETO,72.29,,,,,,8.279935224,estimated,FALSE,COR_DO_MODELO_NAO_COMPROVADA; EVIDENCIA_IDENTIDADE_INCOMPLETA; INCONCLUSIVO,APRESENTACAO_NAO_EXPLICITA,,Completar fontes e vínculos,mercado/VTK012948.json,2026-09-05T15:16:37.457Z
VTK013067,Correia Sf 128 Musgo Caveira Basso,BKR 1 Comercio e Importação Ltda,45.47,10,FALSE,NAO_CONCLUSIVO,INCONCLUSIVOS,INCONCLUSIVO,IDENTIDADE_COHERENTE,INCONCLUSIVO,INCONCLUSIVO,SINAL_INDIRETO,68.99,,,,,,8.279935224,estimated,FALSE,INCONCLUSIVO,APRESENTACAO_NAO_EXPLICITA,,Completar fontes e vínculos,mercado/VTK013067.json,2026-09-05T15:16:37.457Z
VTK013069,Correia Sf 06 Rock Basso,BKR 1 Comercio e Importação Ltda,45.47,10,FALSE,NAO_CONCLUSIVO,INCONCLUSIVOS,INCONCLUSIVO,IDENTIDADE_COHERENTE,INCONCLUSIVO,INCONCLUSIVO,SINAL_INDIRETO,73.9,,,,,,8.279935224,estimated,FALSE,INCONCLUSIVO,APRESENTACAO_NAO_EXPLICITA,,Completar fontes e vínculos,mercado/VTK013069.json,2026-09-05T15:16:37.457Z
VTK013071,Correia Sf 51 Raio Basso,BKR 1 Comercio e Importação Ltda,42.11,10,FALSE,NAO_CONCLUSIVO,INCONCLUSIVOS,INCONCLUSIVO,IDENTIDADE_COHERENTE,INCONCLUSIVO,INCONCLUSIVO,SINAL_INDIRETO,57.9,,,,,,8.279935224,estimated,FALSE,INCONCLUSIVO,APRESENTACAO_NAO_EXPLICITA,,Completar fontes e vínculos,mercado/VTK013071.json,2026-09-05T15:16:37.457Z
VTK018295,Resistência Hikari Para Ferro De Solda Power 60 220v Cj. 2 Peças,Evolusom Comercial Ltda,23.9,10,FALSE,NAO_CONCLUSIVO,INCONCLUSIVOS,INCONCLUSIVO,IDENTIDADE_INCONCLUSIVA,INCONCLUSIVO,INCONCLUSIVO,SINAL_INDIRETO,29.99,,,,,,8.279935224,estimated,FALSE,COMPOSICAO_KIT_NAO_COMPROVADA; INCONCLUSIVO,,,Completar fontes e vínculos,mercado/VTK018295.json,2026-09-05T15:16:37.457Z
VTK019061,"Moldura Fiamon 2 Din Toyota Corolla 2003 A 2007, Hilux 2005 A 2011, Prado Todos Preta ( Só As Laterais )",Evolusom Comercial Ltda,14.9,10,FALSE,NAO_CONCLUSIVO,INCONCLUSIVOS,INCONCLUSIVO,IDENTIDADE_INCONCLUSIVA,INCONCLUSIVO,INCONCLUSIVO,SINAL_INDIRETO,9.95,,,,,,8.279935224,estimated,FALSE,EVIDENCIA_IDENTIDADE_INCOMPLETA; INCONCLUSIVO,APRESENTACAO_NAO_EXPLICITA,,Completar fontes e vínculos,mercado/VTK019061.json,2026-09-05T15:16:37.457Z
VTK019678,Antena Móvel Aquário M-410ccom Mola 5/8 De Onda Para Rádio Vhf,Evolusom Comercial Ltda,119.95,10,FALSE,NAO_CONCLUSIVO,INCONCLUSIVOS,INCONCLUSIVO,IDENTIDADE_INCONCLUSIVA,INCONCLUSIVO,INCONCLUSIVO,SINAL_INDIRETO,179,,,,,,8.279935224,estimated,FALSE,EVIDENCIA_IDENTIDADE_INCOMPLETA; INCONCLUSIVO,APRESENTACAO_NAO_EXPLICITA,,Completar fontes e vínculos,mercado/VTK019678.json,2026-09-05T15:16:37.457Z
VTK001735,Pistola de Solda 45W 127V FIRE 100 Vermelha Hikari,Evolusom Comercial Ltda,102.99,9,FALSE,NAO_CONCLUSIVO,INCONCLUSIVOS,INCONCLUSIVO,IDENTIDADE_INCONCLUSIVA,INCONCLUSIVO,INCONCLUSIVO,SINAL_INDIRETO,136.64,,,,,,8.279935224,estimated,FALSE,EVIDENCIA_IDENTIDADE_INCOMPLETA; INCONCLUSIVO,APRESENTACAO_NAO_EXPLICITA,,Completar fontes e vínculos,mercado/VTK001735.json,2026-09-05T15:16:37.457Z
VTK018342,Resistência Para Ferro De Solda Hikari Hk Plus Sc60 110v Com 2 Peças,Evolusom Comercial Ltda,37.2,9,FALSE,NAO_CONCLUSIVO,INCONCLUSIVOS,INCONCLUSIVO,IDENTIDADE_COHERENTE,INCONCLUSIVO,INCONCLUSIVO,SINAL_INDIRETO,65.55,,,,,,8.279935224,estimated,FALSE,INCONCLUSIVO,,,Completar fontes e vínculos,mercado/VTK018342.json,2026-09-05T15:16:37.457Z
VTK017190,Controle Remoto Mxt 01273 Tv Led Philips Ambilight 32pfl5604,Evolusom Comercial Ltda,11.6,8,FALSE,NAO_CONCLUSIVO,INCONCLUSIVOS,INCONCLUSIVO,IDENTIDADE_INCONCLUSIVA,INCONCLUSIVO,INCONCLUSIVO,SINAL_INDIRETO,19,,,,,,8.279935224,estimated,FALSE,EVIDENCIA_IDENTIDADE_INCOMPLETA; INCONCLUSIVO,APRESENTACAO_NAO_EXPLICITA,,Completar fontes e vínculos,mercado/VTK017190.json,2026-09-05T15:16:37.457Z
VTK018161,Fonte Chaveada Mxt Para Cftv 12v 5a Bivolt,Evolusom Comercial Ltda,47.5,8,FALSE,NAO_CONCLUSIVO,INCONCLUSIVOS,INCONCLUSIVO,IDENTIDADE_INCONCLUSIVA,INCONCLUSIVO,INCONCLUSIVO,SINAL_INDIRETO,62.4,,,,,,8.279935224,estimated,FALSE,EVIDENCIA_IDENTIDADE_INCOMPLETA; INCONCLUSIVO,APRESENTACAO_NAO_EXPLICITA,,Completar fontes e vínculos,mercado/VTK018161.json,2026-09-05T15:16:37.457Z
VTK018341,Ponta Fenda Para Ferro De Solda Hikari Hk Plus Sc-30 Com 4 Peças,Evolusom Comercial Ltda,22.55,8,FALSE,NAO_CONCLUSIVO,INCONCLUSIVOS,INCONCLUSIVO,IDENTIDADE_COHERENTE,INCONCLUSIVO,INCONCLUSIVO,SINAL_INDIRETO,44.55,,,,,,8.279935224,estimated,FALSE,INCONCLUSIVO,,,Completar fontes e vínculos,mercado/VTK018341.json,2026-09-05T15:16:37.457Z
VTK018392,Acionador Manual Segurimax Enderecavel,Evolusom Comercial Ltda,49.9,8,FALSE,NAO_CONCLUSIVO,INCONCLUSIVOS,INCONCLUSIVO,IDENTIDADE_INCONCLUSIVA,INCONCLUSIVO,INCONCLUSIVO,SINAL_INDIRETO,80,,,,,,8.279935224,estimated,FALSE,EVIDENCIA_IDENTIDADE_INCOMPLETA; INCONCLUSIVO,APRESENTACAO_NAO_EXPLICITA,,Completar fontes e vínculos,mercado/VTK018392.json,2026-09-05T15:16:37.457Z
VTK000037,Encordoamento Para Contrabaixo .040 Giannini GEEBRL,Evolusom Comercial Ltda,77.6,7,FALSE,NAO_CONCLUSIVO,INCONCLUSIVOS,INCONCLUSIVO,IDENTIDADE_INCONCLUSIVA,INCONCLUSIVO,INCONCLUSIVO,SINAL_INDIRETO,89.5,,,,,,8.279935224,estimated,FALSE,EVIDENCIA_IDENTIDADE_INCOMPLETA; INCONCLUSIVO,APRESENTACAO_NAO_EXPLICITA,,Completar fontes e vínculos,mercado/VTK000037.json,2026-09-05T15:16:37.457Z
VTK000380,Alicate Modelo Para Crimpar RJ45/RJ12 /RJ11 ALCT0002 Storm,BKR 1 Comercio e Importação Ltda,37.26,7,FALSE,NAO_CONCLUSIVO,INCONCLUSIVOS,INCONCLUSIVO,IDENTIDADE_INCONCLUSIVA,INCONCLUSIVO,INCONCLUSIVO,SINAL_INDIRETO,77.44,,,,,,8.279935224,estimated,FALSE,EVIDENCIA_IDENTIDADE_INCOMPLETA; INCONCLUSIVO,APRESENTACAO_NAO_EXPLICITA,,Completar fontes e vínculos,mercado/VTK000380.json,2026-09-05T15:16:37.457Z
VTK000615,Antena Externa Log Para TV LU-40 Aquário,Evolusom Comercial Ltda,48.5,7,FALSE,NAO_CONCLUSIVO,INCONCLUSIVOS,INCONCLUSIVO,IDENTIDADE_COHERENTE,INCONCLUSIVO,INCONCLUSIVO,SINAL_INDIRETO,73.9,,,,,,8.279935224,estimated,FALSE,INCONCLUSIVO,APRESENTACAO_NAO_EXPLICITA,,Completar fontes e vínculos,mercado/VTK000615.json,2026-09-05T15:16:37.457Z
VTK012940,Correia Vt Sl 52 Preto Floral Basso,BKR 1 Comercio e Importação Ltda,70.87,7,FALSE,NAO_CONCLUSIVO,INCONCLUSIVOS,INCONCLUSIVO,IDENTIDADE_INCONCLUSIVA,INCONCLUSIVO,INCONCLUSIVO,SINAL_INDIRETO,115.99,,,,,,8.279935224,estimated,FALSE,EVIDENCIA_IDENTIDADE_INCOMPLETA; INCONCLUSIVO,APRESENTACAO_NAO_EXPLICITA,,Completar fontes e vínculos,mercado/VTK012940.json,2026-09-05T15:16:37.457Z
VTK018356,Resistencia Para Ferro De Solda Hikari Power 60 127v Com 2 Peças,Evolusom Comercial Ltda,21.5,7,FALSE,NAO_CONCLUSIVO,INCONCLUSIVOS,INCONCLUSIVO,IDENTIDADE_INCONCLUSIVA,INCONCLUSIVO,INCONCLUSIVO,SINAL_INDIRETO,34.9,,,,,,8.279935224,estimated,FALSE,COMPOSICAO_KIT_NAO_COMPROVADA; INCONCLUSIVO,,,Completar fontes e vínculos,mercado/VTK018356.json,2026-09-05T15:16:37.457Z
VTK018522,Minipa Ez Test Ii Testador De Tensao,Evolusom Comercial Ltda,40.2,7,FALSE,NAO_CONCLUSIVO,INCONCLUSIVOS,INCONCLUSIVO,IDENTIDADE_COHERENTE,INCONCLUSIVO,INCONCLUSIVO,SINAL_INDIRETO,69.9,,,,,,8.279935224,estimated,FALSE,INCONCLUSIVO,APRESENTACAO_NAO_EXPLICITA,,Completar fontes e vínculos,mercado/VTK018522.json,2026-09-05T15:16:37.457Z
VTK018527,Moldura Fiamon 2 Din Vw Gol G4/saveiro Preta,Evolusom Comercial Ltda,64.9,7,FALSE,NAO_CONCLUSIVO,INCONCLUSIVOS,INCONCLUSIVO,IDENTIDADE_INCONCLUSIVA,INCONCLUSIVO,INCONCLUSIVO,SINAL_INDIRETO,78.45,,,,,,8.279935224,estimated,FALSE,EVIDENCIA_IDENTIDADE_INCOMPLETA; INCONCLUSIVO,APRESENTACAO_NAO_EXPLICITA,,Completar fontes e vínculos,mercado/VTK018527.json,2026-09-05T15:16:37.457Z
VTK012950,Correia Vt 02 Marrom Basso,BKR 1 Comercio e Importação Ltda,58.33,6,FALSE,NAO_CONCLUSIVO,INCONCLUSIVOS,INCONCLUSIVO,IDENTIDADE_COHERENTE,INCONCLUSIVO,INCONCLUSIVO,SINAL_INDIRETO,68,,,,,,8.279935224,estimated,FALSE,INCONCLUSIVO,APRESENTACAO_NAO_EXPLICITA,,Completar fontes e vínculos,mercado/VTK012950.json,2026-09-05T15:16:37.457Z
VTK017752,Cabo Para Microfone Santo Angelo Sc-20 Balanceado Preto 100 Metros,Evolusom Comercial Ltda,439.9,6,FALSE,NAO_CONCLUSIVO,INCONCLUSIVOS,INCONCLUSIVO,IDENTIDADE_INCONCLUSIVA,INCONCLUSIVO,INCONCLUSIVO,SINAL_INDIRETO,171.64,,,,,,8.279935224,estimated,FALSE,EVIDENCIA_IDENTIDADE_INCOMPLETA; INCONCLUSIVO,APRESENTACAO_NAO_EXPLICITA,,Completar fontes e vínculos,mercado/VTK017752.json,2026-09-05T15:16:37.457Z
VTK018653,Moldura Fiamon 2 Din Fiat Toro Basic Black Piano 16/19 Jp/ch,Evolusom Comercial Ltda,199.75,6,FALSE,NAO_CONCLUSIVO,INCONCLUSIVOS,INCONCLUSIVO,IDENTIDADE_INCONCLUSIVA,INCONCLUSIVO,INCONCLUSIVO,SINAL_INDIRETO,168,,,,,,8.279935224,estimated,FALSE,EVIDENCIA_IDENTIDADE_INCOMPLETA; INCONCLUSIVO,APRESENTACAO_NAO_EXPLICITA,,Completar fontes e vínculos,mercado/VTK018653.json,2026-09-05T15:16:37.457Z
VTK012947,Correia Dg 02 Marrom Basso,BKR 1 Comercio e Importação Ltda,87.56,5,FALSE,NAO_CONCLUSIVO,INCONCLUSIVOS,INCONCLUSIVO,IDENTIDADE_COHERENTE,INCONCLUSIVO,INCONCLUSIVO,SINAL_INDIRETO,119.46,,,,,,8.279935224,estimated,FALSE,INCONCLUSIVO,APRESENTACAO_NAO_EXPLICITA,,Completar fontes e vínculos,mercado/VTK012947.json,2026-09-05T15:16:37.457Z
VTK013065,Correia Ny 12 Militar Nylon Basso,BKR 1 Comercio e Importação Ltda,26.95,5,FALSE,NAO_CONCLUSIVO,INCONCLUSIVOS,INCONCLUSIVO,IDENTIDADE_COHERENTE,INCONCLUSIVO,INCONCLUSIVO,SINAL_INDIRETO,44.9,,,,,,8.279935224,estimated,FALSE,INCONCLUSIVO,APRESENTACAO_NAO_EXPLICITA,,Completar fontes e vínculos,mercado/VTK013065.json,2026-09-05T15:16:37.457Z
VTK018444,Moldura Fiamon 2 Din Toyota Corolla 08/ 13 Grafite,Evolusom Comercial Ltda,38.9,5,FALSE,NAO_CONCLUSIVO,INCONCLUSIVOS,INCONCLUSIVO,IDENTIDADE_INCONCLUSIVA,INCONCLUSIVO,INCONCLUSIVO,SINAL_INDIRETO,40,,,,,,8.279935224,estimated,FALSE,EVIDENCIA_IDENTIDADE_INCOMPLETA; INCONCLUSIVO,APRESENTACAO_NAO_EXPLICITA,,Completar fontes e vínculos,mercado/VTK018444.json,2026-09-05T15:16:37.457Z
VTK018644,Resistência Hikari Hk-936a,Evolusom Comercial Ltda,32.2,5,FALSE,NAO_CONCLUSIVO,INCONCLUSIVOS,INCONCLUSIVO,IDENTIDADE_INCONCLUSIVA,INCONCLUSIVO,INCONCLUSIVO,SINAL_INDIRETO,48.93,,,,,,8.279935224,estimated,FALSE,EVIDENCIA_IDENTIDADE_INCOMPLETA; INCONCLUSIVO,APRESENTACAO_NAO_EXPLICITA,,Completar fontes e vínculos,mercado/VTK018644.json,2026-09-05T15:16:37.457Z
VTK018760,Telefone Sem Fio Intelbras Ts 9160 áudio Conferência 4129160,Evolusom Comercial Ltda,899.9,5,FALSE,NAO_CONCLUSIVO,INCONCLUSIVOS,INCONCLUSIVO,IDENTIDADE_COHERENTE,INCONCLUSIVO,INCONCLUSIVO,SINAL_INDIRETO,949,,,,,,8.279935224,estimated,FALSE,INCONCLUSIVO,APRESENTACAO_NAO_EXPLICITA,,Completar fontes e vínculos,mercado/VTK018760.json,2026-09-05T15:16:37.457Z
VTK018776,Modulo De Enderecamento,Evolusom Comercial Ltda,117.8,5,FALSE,NAO_CONCLUSIVO,INCONCLUSIVOS,INCONCLUSIVO,IDENTIDADE_INCONCLUSIVA,INCONCLUSIVO,INCONCLUSIVO,SINAL_INDIRETO,189.15,,,,,,8.279935224,estimated,FALSE,EVIDENCIA_IDENTIDADE_INCOMPLETA; INCONCLUSIVO,APRESENTACAO_NAO_EXPLICITA,Fornecedor identifica módulo ME27818; catálogo identifica 41081. Correspondência não comprovada.,Completar fontes e vínculos,mercado/VTK018776.json,2026-09-05T15:16:37.457Z
VTK018730,Moldura Fiamon 2 Din Vw Gol G3/saveiro/parati Preta,Evolusom Comercial Ltda,46.9,4,FALSE,NAO_CONCLUSIVO,INCONCLUSIVOS,INCONCLUSIVO,IDENTIDADE_INCONCLUSIVA,INCONCLUSIVO,INCONCLUSIVO,SINAL_INDIRETO,45.77,,,,,,8.279935224,estimated,FALSE,EVIDENCIA_IDENTIDADE_INCOMPLETA; INCONCLUSIVO,APRESENTACAO_NAO_EXPLICITA,,Completar fontes e vínculos,mercado/VTK018730.json,2026-09-05T15:16:37.457Z
VTK018845,Resistência Para Ferro De Solda Hikari Hk Plus Cr30 220v Com2pç,Evolusom Comercial Ltda,14.45,4,FALSE,NAO_CONCLUSIVO,INCONCLUSIVOS,INCONCLUSIVO,IDENTIDADE_INCONCLUSIVA,INCONCLUSIVO,INCONCLUSIVO,SINAL_INDIRETO,49.9,,,,,,8.279935224,estimated,FALSE,EVIDENCIA_IDENTIDADE_INCOMPLETA; INCONCLUSIVO,APRESENTACAO_NAO_EXPLICITA,Título local informa duas peças; catálogo não comprova a mesma quantidade de resistências.,Completar fontes e vínculos,mercado/VTK018845.json,2026-09-05T15:16:37.457Z
VTK018863,"Alto Falante Eros E-510 Lc 10"" 500 W Rms 4r",Evolusom Comercial Ltda,444.9,4,FALSE,NAO_CONCLUSIVO,INCONCLUSIVOS,INCONCLUSIVO,IDENTIDADE_COHERENTE,INCONCLUSIVO,INCONCLUSIVO,SINAL_INDIRETO,548,,,,,,8.279935224,estimated,FALSE,INCONCLUSIVO,APRESENTACAO_NAO_EXPLICITA,,Completar fontes e vínculos,mercado/VTK018863.json,2026-09-05T15:16:37.457Z
VTK018873,Resistencia Para Ferro De Solda Hikari Plus Cr40 110v Com 2pç,Evolusom Comercial Ltda,29.9,4,FALSE,NAO_CONCLUSIVO,INCONCLUSIVOS,INCONCLUSIVO,IDENTIDADE_INCONCLUSIVA,INCONCLUSIVO,INCONCLUSIVO,SINAL_INDIRETO,54.9,,,,,,8.279935224,estimated,FALSE,EVIDENCIA_IDENTIDADE_INCOMPLETA; COMPOSICAO_KIT_NAO_COMPROVADA; INCONCLUSIVO,,,Completar fontes e vínculos,mercado/VTK018873.json,2026-09-05T15:16:37.457Z
VTK018878,Moldura Fiamon 2 Din Jeep Renegade 2015/2016,Evolusom Comercial Ltda,127.9,4,FALSE,NAO_CONCLUSIVO,INCONCLUSIVOS,INCONCLUSIVO,IDENTIDADE_INCONCLUSIVA,INCONCLUSIVO,INCONCLUSIVO,SINAL_INDIRETO,129,,,,,,8.279935224,estimated,FALSE,EVIDENCIA_IDENTIDADE_INCOMPLETA; INCONCLUSIVO,APRESENTACAO_NAO_EXPLICITA,,Completar fontes e vínculos,mercado/VTK018878.json,2026-09-05T15:16:37.457Z
VTK018934,Suporte Para Caixa Acústica Ask Ou Cubo Com Regulagem Inclinação,Evolusom Comercial Ltda,93.6,4,FALSE,NAO_CONCLUSIVO,INCONCLUSIVOS,INCONCLUSIVO,IDENTIDADE_INCONCLUSIVA,INCONCLUSIVO,INCONCLUSIVO,SINAL_INDIRETO,168.48,,,,,,8.279935224,estimated,FALSE,EVIDENCIA_IDENTIDADE_INCOMPLETA; INCONCLUSIVO,APRESENTACAO_NAO_EXPLICITA,,Completar fontes e vínculos,mercado/VTK018934.json,2026-09-05T15:16:37.457Z
VTK019161,"Moldura Fiamon Redutora 9"" Para 7"" 2 Din - Preto",Evolusom Comercial Ltda,34.9,4,FALSE,NAO_CONCLUSIVO,INCONCLUSIVOS,INCONCLUSIVO,IDENTIDADE_INCONCLUSIVA,INCONCLUSIVO,INCONCLUSIVO,SINAL_INDIRETO,42.44,,,,,,8.279935224,estimated,FALSE,EVIDENCIA_IDENTIDADE_INCOMPLETA; INCONCLUSIVO,APRESENTACAO_NAO_EXPLICITA,,Completar fontes e vínculos,mercado/VTK019161.json,2026-09-05T15:16:37.457Z
VTK000958,Suporte Para Microfone ou Mini Banner de Mesa SPE-G Preto ASK,Evolusom Comercial Ltda,29.5,3,FALSE,NAO_CONCLUSIVO,INCONCLUSIVOS,INCONCLUSIVO,IDENTIDADE_COHERENTE,INCONCLUSIVO,INCONCLUSIVO,SINAL_INDIRETO,46.9,,,,,,8.279935224,estimated,FALSE,INCONCLUSIVO,APRESENTACAO_NAO_EXPLICITA,,Completar fontes e vínculos,mercado/VTK000958.json,2026-09-05T15:16:37.457Z
VTK001766,Pistola de Solda 55W 220V FIRE 150 Vermelha Hikari,Evolusom Comercial Ltda,109.1,3,FALSE,NAO_CONCLUSIVO,INCONCLUSIVOS,INCONCLUSIVO,IDENTIDADE_COHERENTE,INCONCLUSIVO,INCONCLUSIVO,SINAL_INDIRETO,150,,,,,,8.279935224,estimated,FALSE,INCONCLUSIVO,APRESENTACAO_NAO_EXPLICITA,,Completar fontes e vínculos,mercado/VTK001766.json,2026-09-05T15:16:37.457Z
VTK018876,Suporte Espiral Hikari Ferro De Solda Hsf-10,Evolusom Comercial Ltda,21.2,3,FALSE,NAO_CONCLUSIVO,INCONCLUSIVOS,INCONCLUSIVO,IDENTIDADE_INCONCLUSIVA,INCONCLUSIVO,INCONCLUSIVO,SINAL_INDIRETO,27.18,,,,,,8.279935224,estimated,FALSE,EVIDENCIA_IDENTIDADE_INCOMPLETA; INCONCLUSIVO,APRESENTACAO_NAO_EXPLICITA,,Completar fontes e vínculos,mercado/VTK018876.json,2026-09-05T15:16:37.457Z
VTK018992,Módulo De Potência Stetsom Vulcan 3000 1c 1r,Evolusom Comercial Ltda,658.99,3,FALSE,NAO_CONCLUSIVO,INCONCLUSIVOS,INCONCLUSIVO,IDENTIDADE_INCONCLUSIVA,INCONCLUSIVO,INCONCLUSIVO,SINAL_INDIRETO,699,,,,,,8.279935224,estimated,FALSE,EVIDENCIA_IDENTIDADE_INCOMPLETA; INCONCLUSIVO,APRESENTACAO_NAO_EXPLICITA,,Completar fontes e vínculos,mercado/VTK018992.json,2026-09-05T15:16:37.457Z
VTK019060,"Moldura Fiamon 2 Din Toyota Corolla 2003 A 2007, Hilux 2005 A 2011, Prado Todos Preta",Evolusom Comercial Ltda,27.9,3,FALSE,NAO_CONCLUSIVO,INCONCLUSIVOS,INCONCLUSIVO,IDENTIDADE_INCONCLUSIVA,INCONCLUSIVO,INCONCLUSIVO,SINAL_INDIRETO,40.9,,,,,,8.279935224,estimated,FALSE,EVIDENCIA_IDENTIDADE_INCOMPLETA; INCONCLUSIVO,APRESENTACAO_NAO_EXPLICITA,,Completar fontes e vínculos,mercado/VTK019060.json,2026-09-05T15:16:37.457Z
VTK019105,Ferro De Soldar à Bateria Portátil Hikari 8w Hk-45b,Evolusom Comercial Ltda,50.5,3,FALSE,NAO_CONCLUSIVO,INCONCLUSIVOS,INCONCLUSIVO,IDENTIDADE_COHERENTE,INCONCLUSIVO,INCONCLUSIVO,SINAL_INDIRETO,69.8,,,,,,8.279935224,estimated,FALSE,INCONCLUSIVO,APRESENTACAO_NAO_EXPLICITA,,Completar fontes e vínculos,mercado/VTK019105.json,2026-09-05T15:16:37.457Z
VTK019129,Autotransformador Blindado Indusat 3000va Tripolar,Evolusom Comercial Ltda,216.9,3,FALSE,NAO_CONCLUSIVO,INCONCLUSIVOS,INCONCLUSIVO,IDENTIDADE_INCONCLUSIVA,INCONCLUSIVO,INCONCLUSIVO,SINAL_INDIRETO,339,,,,,,8.279935224,estimated,FALSE,EVIDENCIA_IDENTIDADE_INCOMPLETA; INCONCLUSIVO,APRESENTACAO_NAO_EXPLICITA,,Completar fontes e vínculos,mercado/VTK019129.json,2026-09-05T15:16:37.457Z
VTK019134,Moldura Fiamon 2 Din Hyunday Azera 06/ 11 Preta,Evolusom Comercial Ltda,72.9,3,FALSE,NAO_CONCLUSIVO,INCONCLUSIVOS,INCONCLUSIVO,IDENTIDADE_COHERENTE,INCONCLUSIVO,INCONCLUSIVO,SINAL_INDIRETO,113.9,,,,,,8.279935224,estimated,FALSE,INCONCLUSIVO,APRESENTACAO_NAO_EXPLICITA,,Completar fontes e vínculos,mercado/VTK019134.json,2026-09-05T15:16:37.457Z
VTK019135,Moldura Fiamon 2 Din Toyota Etios/ Corolla Gli 15/ Black Pia,Evolusom Comercial Ltda,43.9,3,FALSE,NAO_CONCLUSIVO,INCONCLUSIVOS,INCONCLUSIVO,IDENTIDADE_INCONCLUSIVA,INCONCLUSIVO,INCONCLUSIVO,SINAL_INDIRETO,56.9,,,,,,8.279935224,estimated,FALSE,EVIDENCIA_IDENTIDADE_INCOMPLETA; INCONCLUSIVO,APRESENTACAO_NAO_EXPLICITA,,Completar fontes e vínculos,mercado/VTK019135.json,2026-09-05T15:16:37.457Z
VTK019136,Moldura Fiamon 2 Din Vw G5 Saveiro Cross Grafite,Evolusom Comercial Ltda,46.9,3,FALSE,NAO_CONCLUSIVO,INCONCLUSIVOS,INCONCLUSIVO,IDENTIDADE_INCONCLUSIVA,INCONCLUSIVO,INCONCLUSIVO,SINAL_INDIRETO,127.7,,,,,,8.279935224,estimated,FALSE,EVIDENCIA_IDENTIDADE_INCOMPLETA; INCONCLUSIVO,APRESENTACAO_NAO_EXPLICITA,Compatibilidade exata e código Fiamon 13410 não comprovados pela descrição direta; não assumir anos/modelos de veículos do catálogo.,Completar fontes e vínculos,mercado/VTK019136.json,2026-09-05T15:16:37.457Z
VTK020031,"Moldura 2 Din Fiamon Vectra Gt 2005 A 2011, Meriva 2003 A 2011, Corsa 2002 A 2011 Montana 2003 A 2011",Evolusom Comercial Ltda,21.9,3,FALSE,NAO_CONCLUSIVO,INCONCLUSIVOS,INCONCLUSIVO,IDENTIDADE_COHERENTE,INCONCLUSIVO,INCONCLUSIVO,SINAL_INDIRETO,34.37,,,,,,8.279935224,estimated,FALSE,INCONCLUSIVO,APRESENTACAO_NAO_EXPLICITA,,Completar fontes e vínculos,mercado/VTK020031.json,2026-09-05T15:16:37.457Z
VTK012803,Painel Ac Nbr 10a 5 Metros Pac 410-5 Wireconex,BKR 1 Comercio e Importação Ltda,182.66,2,FALSE,NAO_CONCLUSIVO,INCONCLUSIVOS,INCONCLUSIVO,IDENTIDADE_COHERENTE,INCONCLUSIVO,INCONCLUSIVO,SINAL_INDIRETO,269.87,,,,,,8.279935224,estimated,FALSE,INCONCLUSIVO,APRESENTACAO_NAO_EXPLICITA,,Completar fontes e vínculos,mercado/VTK012803.json,2026-09-05T15:16:37.457Z
VTK003233,"Pilha Recarregável 1,2V AA 2550mAh Eneloop Pro (C/2 Pilhas) Panasonic - CAR / 2",BKR 1 Comercio e Importação Ltda,75.11,100,FALSE,NAO_CONCLUSIVO,INCONCLUSIVOS,INCONCLUSIVO,IDENTIDADE_INCONCLUSIVA,INCONCLUSIVO,INCONCLUSIVO,SEM_EVIDENCIA_DE_DEMANDA,,,,,,,8.279935224,estimated,FALSE,EVIDENCIA_IDENTIDADE_INCOMPLETA; COMPOSICAO_KIT_NAO_COMPROVADA; INCONCLUSIVO,,,Completar fontes e vínculos,,2026-09-05T15:16:37.457Z
VTK012014,Conector Para Cabo Fêmea P/ac - Corpo Azul Wc 3 Fca Wireconex 02 Unidades,BKR 1 Comercio e Importação Ltda,40,100,FALSE,NAO_CONCLUSIVO,INCONCLUSIVOS,INCONCLUSIVO,IDENTIDADE_INCONCLUSIVA,INCONCLUSIVO,INCONCLUSIVO,SEM_EVIDENCIA_DE_DEMANDA,,,,,,,8.279935224,estimated,FALSE,EVIDENCIA_IDENTIDADE_INCOMPLETA; COMPOSICAO_KIT_NAO_COMPROVADA; INCONCLUSIVO,,,Completar fontes e vínculos,,2026-09-05T15:16:37.457Z
VTK012016,Kit Conectores Xlr 1003 1013 20un (10 Machos/10 Femeas) Wireconex,BKR 1 Comercio e Importação Ltda,129.9,100,FALSE,NAO_CONCLUSIVO,INCONCLUSIVOS,INCONCLUSIVO,IDENTIDADE_INCONCLUSIVA,INCONCLUSIVO,INCONCLUSIVO,SEM_EVIDENCIA_DE_DEMANDA,,,,,,,8.279935224,estimated,FALSE,EVIDENCIA_IDENTIDADE_INCOMPLETA; COMPOSICAO_KIT_NAO_COMPROVADA; INCONCLUSIVO,,,Completar fontes e vínculos,,2026-09-05T15:16:37.457Z
VTK012018,Kit Conector Xlr Macho Wc 1013 (10un) Wireconex,BKR 1 Comercio e Importação Ltda,69.9,100,FALSE,NAO_CONCLUSIVO,INCONCLUSIVOS,INCONCLUSIVO,IDENTIDADE_INCONCLUSIVA,INCONCLUSIVO,INCONCLUSIVO,SEM_EVIDENCIA_DE_DEMANDA,,,,,,,8.279935224,estimated,FALSE,EVIDENCIA_IDENTIDADE_INCOMPLETA; COMPOSICAO_KIT_NAO_COMPROVADA; INCONCLUSIVO,,,Completar fontes e vínculos,,2026-09-05T15:16:37.457Z
VTK012022,Conector Combo Xlr Fêmea Painel 3p Wc 330 Wireconex 04 Unidades,BKR 1 Comercio e Importação Ltda,64,100,FALSE,NAO_CONCLUSIVO,INCONCLUSIVOS,INCONCLUSIVO,IDENTIDADE_INCONCLUSIVA,INCONCLUSIVO,INCONCLUSIVO,SEM_EVIDENCIA_DE_DEMANDA,,,,,,,8.279935224,estimated,FALSE,EVIDENCIA_IDENTIDADE_INCOMPLETA; COMPOSICAO_KIT_NAO_COMPROVADA; INCONCLUSIVO,,,Completar fontes e vínculos,,2026-09-05T15:16:37.457Z
VTK012039,Kit Conector Xlr Macho Wc 1013 (10un) Wireconex,BKR 1 Comercio e Importação Ltda,69.9,100,FALSE,NAO_CONCLUSIVO,INCONCLUSIVOS,INCONCLUSIVO,IDENTIDADE_INCONCLUSIVA,INCONCLUSIVO,INCONCLUSIVO,SEM_EVIDENCIA_DE_DEMANDA,,,,,,,8.279935224,estimated,FALSE,EVIDENCIA_IDENTIDADE_INCOMPLETA; COMPOSICAO_KIT_NAO_COMPROVADA; INCONCLUSIVO,,,Completar fontes e vínculos,,2026-09-05T15:16:37.457Z
VTK012040,Kit Conectores Xlr 1003 1013 20un (10 Machos/10 Femeas) Wireconex,BKR 1 Comercio e Importação Ltda,129.9,100,FALSE,NAO_CONCLUSIVO,INCONCLUSIVOS,INCONCLUSIVO,IDENTIDADE_INCONCLUSIVA,INCONCLUSIVO,INCONCLUSIVO,SEM_EVIDENCIA_DE_DEMANDA,,,,,,,8.279935224,estimated,FALSE,EVIDENCIA_IDENTIDADE_INCOMPLETA; COMPOSICAO_KIT_NAO_COMPROVADA; INCONCLUSIVO,,,Completar fontes e vínculos,,2026-09-05T15:16:37.457Z
VTK012090,Pilha Aaa Alcalina Cartela Com 2 Unidades Flex,BKR 1 Comercio e Importação Ltda,3.5,100,FALSE,NAO_CONCLUSIVO,INCONCLUSIVOS,INCONCLUSIVO,IDENTIDADE_COHERENTE,INCONCLUSIVO,INCONCLUSIVO,SEM_EVIDENCIA_DE_DEMANDA,11.08,,,,,,8.279935224,estimated,FALSE,INCONCLUSIVO,,,Completar fontes e vínculos,mercado/VTK012090.json,2026-09-05T15:16:37.457Z
VTK012093,Pilha Aa Alcalina Cartela Com 4 Unidades Flex,BKR 1 Comercio e Importação Ltda,6.6,100,FALSE,NAO_CONCLUSIVO,INCONCLUSIVOS,INCONCLUSIVO,IDENTIDADE_INCONCLUSIVA,INCONCLUSIVO,INCONCLUSIVO,SEM_EVIDENCIA_DE_DEMANDA,16.17,,,,,,8.279935224,estimated,FALSE,EVIDENCIA_IDENTIDADE_INCOMPLETA; INCONCLUSIVO,,,Completar fontes e vínculos,mercado/VTK012093.json,2026-09-05T15:16:37.457Z
VTK025996,Controle Compatível Novo Px32 4 B Direct,BKR 1 Comercio e Importação Ltda,24.5,100,FALSE,NAO_CONCLUSIVO,INCONCLUSIVOS,INCONCLUSIVO,IDENTIDADE_INCONCLUSIVA,INCONCLUSIVO,INCONCLUSIVO,SEM_EVIDENCIA_DE_DEMANDA,,,,,,,8.279935224,estimated,FALSE,EVIDENCIA_IDENTIDADE_INCOMPLETA; INCONCLUSIVO,APRESENTACAO_NAO_EXPLICITA,,Completar fontes e vínculos,,2026-09-05T15:16:37.457Z
VTK025997,Controle Compatível Pxn52 4 B Direct,BKR 1 Comercio e Importação Ltda,24.5,100,FALSE,NAO_CONCLUSIVO,INCONCLUSIVOS,INCONCLUSIVO,IDENTIDADE_INCONCLUSIVA,INCONCLUSIVO,INCONCLUSIVO,SEM_EVIDENCIA_DE_DEMANDA,,,,,,,8.279935224,estimated,FALSE,EVIDENCIA_IDENTIDADE_INCOMPLETA; INCONCLUSIVO,APRESENTACAO_NAO_EXPLICITA,,Completar fontes e vínculos,,2026-09-05T15:16:37.457Z
VTK025998,Capa Chave Canivete Compatível Gm 2 B Cruze 2012 A 2018,BKR 1 Comercio e Importação Ltda,19.32,100,FALSE,NAO_CONCLUSIVO,INCONCLUSIVOS,INCONCLUSIVO,IDENTIDADE_INCONCLUSIVA,INCONCLUSIVO,INCONCLUSIVO,SEM_EVIDENCIA_DE_DEMANDA,,,,,,,8.279935224,estimated,FALSE,EVIDENCIA_IDENTIDADE_INCOMPLETA; INCONCLUSIVO,APRESENTACAO_NAO_EXPLICITA,,Completar fontes e vínculos,,2026-09-05T15:16:37.457Z
VTK025999,Encordoamento Guitarra Elétrica 009 Aço Níquel Sx,BKR 1 Comercio e Importação Ltda,15,100,FALSE,NAO_CONCLUSIVO,INCONCLUSIVOS,INCONCLUSIVO,IDENTIDADE_INCONCLUSIVA,INCONCLUSIVO,INCONCLUSIVO,SEM_EVIDENCIA_DE_DEMANDA,,,,,,,8.279935224,estimated,FALSE,EVIDENCIA_IDENTIDADE_INCOMPLETA; INCONCLUSIVO,APRESENTACAO_NAO_EXPLICITA,,Completar fontes e vínculos,,2026-09-05T15:16:37.457Z
VTK026000,Encordoamento Violão Aço 010 Light Sx,BKR 1 Comercio e Importação Ltda,20,100,FALSE,NAO_CONCLUSIVO,INCONCLUSIVOS,INCONCLUSIVO,IDENTIDADE_INCONCLUSIVA,INCONCLUSIVO,INCONCLUSIVO,SEM_EVIDENCIA_DE_DEMANDA,37.1,,,,,,8.279935224,estimated,FALSE,EVIDENCIA_IDENTIDADE_INCOMPLETA; INCONCLUSIVO,APRESENTACAO_NAO_EXPLICITA,,Completar fontes e vínculos,mercado/VTK026000.json,2026-09-05T15:16:37.457Z
VTK026109,Pilha Alcalina Aaa Palito 02 Unidades Taschibra,BKR 1 Comercio e Importação Ltda,2.95,100,FALSE,NAO_CONCLUSIVO,INCONCLUSIVOS,INCONCLUSIVO,IDENTIDADE_INCONCLUSIVA,INCONCLUSIVO,INCONCLUSIVO,SEM_EVIDENCIA_DE_DEMANDA,,,,,,,8.279935224,estimated,FALSE,EVIDENCIA_IDENTIDADE_INCOMPLETA; COMPOSICAO_KIT_NAO_COMPROVADA; INCONCLUSIVO,,,Completar fontes e vínculos,,2026-09-05T15:16:37.457Z
VTK026110,Pilha Alcalina Aa 02 Unidades Taschibra,BKR 1 Comercio e Importação Ltda,3.59,100,FALSE,NAO_CONCLUSIVO,INCONCLUSIVOS,INCONCLUSIVO,IDENTIDADE_INCONCLUSIVA,INCONCLUSIVO,INCONCLUSIVO,SEM_EVIDENCIA_DE_DEMANDA,,,,,,,8.279935224,estimated,FALSE,EVIDENCIA_IDENTIDADE_INCOMPLETA; COMPOSICAO_KIT_NAO_COMPROVADA; INCONCLUSIVO,,,Completar fontes e vínculos,,2026-09-05T15:16:37.457Z
VTK026112,Pilha Comum Aaa Palito 04 Unidades Taschibra,BKR 1 Comercio e Importação Ltda,2.72,100,FALSE,NAO_CONCLUSIVO,INCONCLUSIVOS,INCONCLUSIVO,IDENTIDADE_INCONCLUSIVA,INCONCLUSIVO,INCONCLUSIVO,SEM_EVIDENCIA_DE_DEMANDA,,,,,,,8.279935224,estimated,FALSE,EVIDENCIA_IDENTIDADE_INCOMPLETA; COMPOSICAO_KIT_NAO_COMPROVADA; INCONCLUSIVO,,,Completar fontes e vínculos,,2026-09-05T15:16:37.457Z
VTK026113,Pilha Comum Aa 04 Unidades Taschibra,BKR 1 Comercio e Importação Ltda,3.59,100,FALSE,NAO_CONCLUSIVO,INCONCLUSIVOS,INCONCLUSIVO,IDENTIDADE_INCONCLUSIVA,INCONCLUSIVO,INCONCLUSIVO,SEM_EVIDENCIA_DE_DEMANDA,,,,,,,8.279935224,estimated,FALSE,EVIDENCIA_IDENTIDADE_INCOMPLETA; COMPOSICAO_KIT_NAO_COMPROVADA; INCONCLUSIVO,,,Completar fontes e vínculos,,2026-09-05T15:16:37.457Z
VTK012031,Pilha Recarregável Eco Aaa2 Rayovac Com 02 Unidades,BKR 1 Comercio e Importação Ltda,20,95,FALSE,NAO_CONCLUSIVO,INCONCLUSIVOS,INCONCLUSIVO,IDENTIDADE_INCONCLUSIVA,INCONCLUSIVO,INCONCLUSIVO,SEM_EVIDENCIA_DE_DEMANDA,27.83,,,,,,8.279935224,estimated,FALSE,EVIDENCIA_IDENTIDADE_INCOMPLETA; INCONCLUSIVO,,,Completar fontes e vínculos,mercado/VTK012031.json,2026-09-05T15:16:37.457Z
VTK012147,Bateria Botão Lr41 Cartela Com 14 Unidades Flex,BKR 1 Comercio e Importação Ltda,5.5,80,FALSE,NAO_CONCLUSIVO,INCONCLUSIVOS,INCONCLUSIVO,IDENTIDADE_COHERENTE,INCONCLUSIVO,INCONCLUSIVO,SEM_EVIDENCIA_DE_DEMANDA,13.35,,,,,,8.279935224,estimated,FALSE,INCONCLUSIVO,,,Completar fontes e vínculos,mercado/VTK012147.json,2026-09-05T15:16:37.457Z
VTK026114,Pilha Alcalina Aaa Palito 08 Unidades Taschibra,BKR 1 Comercio e Importação Ltda,10.69,80,FALSE,NAO_CONCLUSIVO,INCONCLUSIVOS,INCONCLUSIVO,IDENTIDADE_INCONCLUSIVA,INCONCLUSIVO,INCONCLUSIVO,SEM_EVIDENCIA_DE_DEMANDA,,,,,,,8.279935224,estimated,FALSE,EVIDENCIA_IDENTIDADE_INCOMPLETA; COMPOSICAO_KIT_NAO_COMPROVADA; INCONCLUSIVO,,,Completar fontes e vínculos,,2026-09-05T15:16:37.457Z
VTK026115,Pilha Alcalina Aa 08 Unidades Taschibra,BKR 1 Comercio e Importação Ltda,13.25,80,FALSE,NAO_CONCLUSIVO,INCONCLUSIVOS,INCONCLUSIVO,IDENTIDADE_INCONCLUSIVA,INCONCLUSIVO,INCONCLUSIVO,SEM_EVIDENCIA_DE_DEMANDA,,,,,,,8.279935224,estimated,FALSE,EVIDENCIA_IDENTIDADE_INCOMPLETA; COMPOSICAO_KIT_NAO_COMPROVADA; INCONCLUSIVO,,,Completar fontes e vínculos,,2026-09-05T15:16:37.457Z
VTK012152,Kit 02 Bornes Vermelhos Para Alto Falante Wc 1159 Wireconex,BKR 1 Comercio e Importação Ltda,14,75,FALSE,NAO_CONCLUSIVO,INCONCLUSIVOS,INCONCLUSIVO,IDENTIDADE_INCONCLUSIVA,INCONCLUSIVO,INCONCLUSIVO,SEM_EVIDENCIA_DE_DEMANDA,29.82,,,,,,8.279935224,estimated,FALSE,EVIDENCIA_IDENTIDADE_INCOMPLETA; INCONCLUSIVO,,,Completar fontes e vínculos,mercado/VTK012152.json,2026-09-05T15:16:37.457Z
VTK001571,Encordoamento Para Viola Tensão Leve São Gonçalo,BKR 1 Comercio e Importação Ltda,25.04,72,FALSE,NAO_CONCLUSIVO,INCONCLUSIVOS,INCONCLUSIVO,IDENTIDADE_INCONCLUSIVA,INCONCLUSIVO,INCONCLUSIVO,SEM_EVIDENCIA_DE_DEMANDA,36.1,,,,,,8.279935224,estimated,FALSE,COMPOSICAO_KIT_NAO_COMPROVADA; INCONCLUSIVO,,,Completar fontes e vínculos,mercado/VTK001571.json,2026-09-05T15:16:37.457Z
VTK026002,Capa Chave Canivete Compatível Gm 3 B Cruze 2012 A 2018,BKR 1 Comercio e Importação Ltda,19.32,67,FALSE,NAO_CONCLUSIVO,INCONCLUSIVOS,INCONCLUSIVO,IDENTIDADE_INCONCLUSIVA,INCONCLUSIVO,INCONCLUSIVO,SEM_EVIDENCIA_DE_DEMANDA,,,,,,,8.279935224,estimated,FALSE,EVIDENCIA_IDENTIDADE_INCOMPLETA; INCONCLUSIVO,APRESENTACAO_NAO_EXPLICITA,,Completar fontes e vínculos,,2026-09-05T15:16:37.457Z
VTK012355,Pilha Auditiva Rayovac E. Adv Act Tam675 Cart 6 Sm-60,BKR 1 Comercio e Importação Ltda,21.2,63,FALSE,NAO_CONCLUSIVO,INCONCLUSIVOS,INCONCLUSIVO,IDENTIDADE_INCONCLUSIVA,INCONCLUSIVO,INCONCLUSIVO,SEM_EVIDENCIA_DE_DEMANDA,19.9,,,,,,8.279935224,estimated,FALSE,EVIDENCIA_IDENTIDADE_INCOMPLETA; INCONCLUSIVO,,,Completar fontes e vínculos,mercado/VTK012355.json,2026-09-05T15:16:37.457Z
VTK012148,Adaptador Rca Fêmea P/xlr 3p Fêmea Niq. Wc 244 Ad 02 Unidades Wireconex,BKR 1 Comercio e Importação Ltda,19,60,FALSE,NAO_CONCLUSIVO,INCONCLUSIVOS,INCONCLUSIVO,IDENTIDADE_INCONCLUSIVA,INCONCLUSIVO,INCONCLUSIVO,SEM_EVIDENCIA_DE_DEMANDA,,,,,,,8.279935224,estimated,FALSE,EVIDENCIA_IDENTIDADE_INCOMPLETA; COMPOSICAO_KIT_NAO_COMPROVADA; INCONCLUSIVO,,,Completar fontes e vínculos,,2026-09-05T15:16:37.457Z
VTK012176,Correia Standard - 5 Cm Fita Cce (cinto De Segurana),BKR 1 Comercio e Importação Ltda,12,60,FALSE,NAO_CONCLUSIVO,INCONCLUSIVOS,INCONCLUSIVO,IDENTIDADE_INCONCLUSIVA,INCONCLUSIVO,INCONCLUSIVO,SEM_EVIDENCIA_DE_DEMANDA,,,,,,,8.279935224,estimated,FALSE,EVIDENCIA_IDENTIDADE_INCOMPLETA; INCONCLUSIVO,APRESENTACAO_NAO_EXPLICITA,,Completar fontes e vínculos,,2026-09-05T15:16:37.457Z
VTK026117,Pilha Alcalina Aaa Palito Multiblister 12 Unidades Taschibra,BKR 1 Comercio e Importação Ltda,18.49,60,FALSE,NAO_CONCLUSIVO,INCONCLUSIVOS,INCONCLUSIVO,IDENTIDADE_INCONCLUSIVA,INCONCLUSIVO,INCONCLUSIVO,SEM_EVIDENCIA_DE_DEMANDA,,,,,,,8.279935224,estimated,FALSE,EVIDENCIA_IDENTIDADE_INCOMPLETA; COMPOSICAO_KIT_NAO_COMPROVADA; INCONCLUSIVO,,,Completar fontes e vínculos,,2026-09-05T15:16:37.457Z
VTK026118,Pilha Alcalina Aa Multiblister 12 Unidades Taschibra,BKR 1 Comercio e Importação Ltda,22.49,60,FALSE,NAO_CONCLUSIVO,INCONCLUSIVOS,INCONCLUSIVO,IDENTIDADE_INCONCLUSIVA,INCONCLUSIVO,INCONCLUSIVO,SEM_EVIDENCIA_DE_DEMANDA,,,,,,,8.279935224,estimated,FALSE,EVIDENCIA_IDENTIDADE_INCOMPLETA; COMPOSICAO_KIT_NAO_COMPROVADA; INCONCLUSIVO,,,Completar fontes e vínculos,,2026-09-05T15:16:37.457Z
VTK000084,Par de Caixa Som Ambiente JBL C321B 30W Branca - PAR / 2,Evolusom Comercial Ltda,643.9,50,FALSE,NAO_CONCLUSIVO,INCONCLUSIVOS,INCONCLUSIVO,IDENTIDADE_INCONCLUSIVA,INCONCLUSIVO,INCONCLUSIVO,SEM_EVIDENCIA_DE_DEMANDA,522,,,,,,8.279935224,estimated,FALSE,COMPOSICAO_KIT_NAO_COMPROVADA; INCONCLUSIVO,,,Completar fontes e vínculos,mercado/VTK000084.json,2026-09-05T15:16:37.457Z
VTK000091,"Patch Cord CAT.5e CMX 1,5m T568A U/UTP Azul Furukawa Sohoplus",Evolusom Comercial Ltda,14.9,50,FALSE,NAO_CONCLUSIVO,INCONCLUSIVOS,INCONCLUSIVO,IDENTIDADE_INCONCLUSIVA,INCONCLUSIVO,INCONCLUSIVO,SEM_EVIDENCIA_DE_DEMANDA,25.99,,,,,,8.279935224,estimated,FALSE,EVIDENCIA_IDENTIDADE_INCOMPLETA; INCONCLUSIVO,APRESENTACAO_NAO_EXPLICITA,,Completar fontes e vínculos,mercado/VTK000091.json,2026-09-05T15:16:37.457Z
VTK000108,"Arandela 6"" JBL 6CO2R Ambientare Coaxial 25W RMS Redonda Branca - PAR / 2",Evolusom Comercial Ltda,421.5,50,FALSE,NAO_CONCLUSIVO,INCONCLUSIVOS,INCONCLUSIVO,IDENTIDADE_INCONCLUSIVA,INCONCLUSIVO,INCONCLUSIVO,SEM_EVIDENCIA_DE_DEMANDA,298.76,,,,,,8.279935224,estimated,FALSE,EVIDENCIA_IDENTIDADE_INCOMPLETA; INCONCLUSIVO,,,Completar fontes e vínculos,mercado/VTK000108.json,2026-09-05T15:16:37.457Z
VTK000291,Antena Interna TV Digital HDTV DTV-100P Aquário,Evolusom Comercial Ltda,18.9,50,FALSE,NAO_CONCLUSIVO,INCONCLUSIVOS,INCONCLUSIVO,IDENTIDADE_INCONCLUSIVA,INCONCLUSIVO,INCONCLUSIVO,SEM_EVIDENCIA_DE_DEMANDA,,,,,,,8.279935224,estimated,FALSE,EVIDENCIA_IDENTIDADE_INCOMPLETA; INCONCLUSIVO,APRESENTACAO_NAO_EXPLICITA,,Completar fontes e vínculos,,2026-09-05T15:16:37.457Z
VTK000549,Antena Interna Invisível DTV-300 Aquário,Evolusom Comercial Ltda,16.9,50,FALSE,NAO_CONCLUSIVO,INCONCLUSIVOS,INCONCLUSIVO,IDENTIDADE_INCONCLUSIVA,INCONCLUSIVO,INCONCLUSIVO,SEM_EVIDENCIA_DE_DEMANDA,,,,,,,8.279935224,estimated,FALSE,EVIDENCIA_IDENTIDADE_INCOMPLETA; INCONCLUSIVO,APRESENTACAO_NAO_EXPLICITA,,Completar fontes e vínculos,,2026-09-05T15:16:37.457Z
VTK002141,Pedestal Girafa Para Microfone PMG-10 Preto Saty,BKR 1 Comercio e Importação Ltda,79.46,50,FALSE,NAO_CONCLUSIVO,INCONCLUSIVOS,INCONCLUSIVO,IDENTIDADE_COHERENTE,INCONCLUSIVO,INCONCLUSIVO,SEM_EVIDENCIA_DE_DEMANDA,84.6,,,,,,8.279935224,estimated,FALSE,INCONCLUSIVO,APRESENTACAO_NAO_EXPLICITA,,Completar fontes e vínculos,mercado/VTK002141.json,2026-09-05T15:16:37.457Z
VTK002325,Mini Conversor e Gravador Digital DTV-4000S Preto Aquário,Evolusom Comercial Ltda,74.9,50,FALSE,NAO_CONCLUSIVO,INCONCLUSIVOS,INCONCLUSIVO,IDENTIDADE_INCONCLUSIVA,INCONCLUSIVO,INCONCLUSIVO,SEM_EVIDENCIA_DE_DEMANDA,,,,,,,8.279935224,estimated,FALSE,EVIDENCIA_IDENTIDADE_INCOMPLETA; INCONCLUSIVO,APRESENTACAO_NAO_EXPLICITA,,Completar fontes e vínculos,,2026-09-05T15:16:37.457Z
VTK002467,Adaptador P2 ST Para P10 ST Vermelho Santo Angelo,Evolusom Comercial Ltda,15.5,50,FALSE,NAO_CONCLUSIVO,INCONCLUSIVOS,INCONCLUSIVO,IDENTIDADE_COHERENTE,INCONCLUSIVO,INCONCLUSIVO,SEM_EVIDENCIA_DE_DEMANDA,24.64,,,,,,8.279935224,estimated,FALSE,INCONCLUSIVO,APRESENTACAO_NAO_EXPLICITA,,Completar fontes e vínculos,mercado/VTK002467.json,2026-09-05T15:16:37.457Z
VTK002718,"Extensão Tripla 2 X 0,75 X 3,0M Branca Megatron",Evolusom Comercial Ltda,11.5,50,FALSE,NAO_CONCLUSIVO,INCONCLUSIVOS,INCONCLUSIVO,IDENTIDADE_INCONCLUSIVA,INCONCLUSIVO,INCONCLUSIVO,SEM_EVIDENCIA_DE_DEMANDA,19.99,,,,,,8.279935224,estimated,FALSE,EVIDENCIA_IDENTIDADE_INCOMPLETA; INCONCLUSIVO,APRESENTACAO_NAO_EXPLICITA,,Completar fontes e vínculos,mercado/VTK002718.json,2026-09-05T15:16:37.457Z
VTK003954,Aparador de Pelos Agratto VIZZO AP-03 7 em 1 Preto Bivolt,Evolusom Comercial Ltda,91.9,50,FALSE,NAO_CONCLUSIVO,INCONCLUSIVOS,INCONCLUSIVO,IDENTIDADE_COHERENTE,INCONCLUSIVO,INCONCLUSIVO,SEM_EVIDENCIA_DE_DEMANDA,95.9,,,,,,8.279935224,estimated,FALSE,INCONCLUSIVO,APRESENTACAO_NAO_EXPLICITA,,Completar fontes e vínculos,mercado/VTK003954.json,2026-09-05T15:16:37.457Z
VTK004463,"Alicate Mini Bico Universal 5"" Brasfort",Evolusom Comercial Ltda,10.8,50,FALSE,NAO_CONCLUSIVO,INCONCLUSIVOS,INCONCLUSIVO,IDENTIDADE_INCONCLUSIVA,INCONCLUSIVO,INCONCLUSIVO,SEM_EVIDENCIA_DE_DEMANDA,30.26,,,,,,8.279935224,estimated,FALSE,EVIDENCIA_IDENTIDADE_INCOMPLETA; INCONCLUSIVO,APRESENTACAO_NAO_EXPLICITA,,Completar fontes e vínculos,mercado/VTK004463.json,2026-09-05T15:16:37.457Z
VTK004933,Fone de Ouvido AKG K21 Preto,Evolusom Comercial Ltda,99.9,50,FALSE,NAO_CONCLUSIVO,INCONCLUSIVOS,INCONCLUSIVO,IDENTIDADE_COHERENTE,INCONCLUSIVO,INCONCLUSIVO,SEM_EVIDENCIA_DE_DEMANDA,136.5,,,,,,8.279935224,estimated,FALSE,INCONCLUSIVO,APRESENTACAO_NAO_EXPLICITA,,Completar fontes e vínculos,mercado/VTK004933.json,2026-09-05T15:16:37.457Z
VTK005002,Arandela Redonda JBL 6CO3R+ 140w Branca - PAR / 2,Evolusom Comercial Ltda,449.9,50,FALSE,NAO_CONCLUSIVO,INCONCLUSIVOS,INCONCLUSIVO,IDENTIDADE_COHERENTE,INCONCLUSIVO,INCONCLUSIVO,SEM_EVIDENCIA_DE_DEMANDA,554.99,,,,,,8.279935224,estimated,FALSE,INCONCLUSIVO,,,Completar fontes e vínculos,mercado/VTK005002.json,2026-09-05T15:16:37.457Z
VTK005772,Cabo HDMI 2.1 8k 3m Nylon Preto Storm,Evolusom Comercial Ltda,36.9,50,FALSE,NAO_CONCLUSIVO,INCONCLUSIVOS,INCONCLUSIVO,IDENTIDADE_COHERENTE,INCONCLUSIVO,INCONCLUSIVO,SEM_EVIDENCIA_DE_DEMANDA,65.09,,,,,,8.279935224,estimated,FALSE,INCONCLUSIVO,APRESENTACAO_NAO_EXPLICITA,,Completar fontes e vínculos,mercado/VTK005772.json,2026-09-05T15:16:37.457Z
VTK006071,Patch Cord Cat6 10m Branco PlusCable,Evolusom Comercial Ltda,19.9,50,FALSE,NAO_CONCLUSIVO,INCONCLUSIVOS,INCONCLUSIVO,IDENTIDADE_INCONCLUSIVA,INCONCLUSIVO,INCONCLUSIVO,SEM_EVIDENCIA_DE_DEMANDA,,,,,,,8.279935224,estimated,FALSE,EVIDENCIA_IDENTIDADE_INCOMPLETA; INCONCLUSIVO,APRESENTACAO_NAO_EXPLICITA,,Completar fontes e vínculos,,2026-09-05T15:16:37.457Z
VTK017158,"Cabo Extensão De Antena Permak 4,80 Metros",Evolusom Comercial Ltda,26.9,50,FALSE,NAO_CONCLUSIVO,INCONCLUSIVOS,INCONCLUSIVO,IDENTIDADE_INCONCLUSIVA,INCONCLUSIVO,INCONCLUSIVO,SEM_EVIDENCIA_DE_DEMANDA,,,,,,,8.279935224,estimated,FALSE,EVIDENCIA_IDENTIDADE_INCOMPLETA; INCONCLUSIVO,APRESENTACAO_NAO_EXPLICITA,,Completar fontes e vínculos,mercado/VTK017158.json,2026-09-05T15:16:37.457Z
VTK017160,Centralina Positron Sw-276ft Palio/idea/punto,Evolusom Comercial Ltda,26.99,50,FALSE,NAO_CONCLUSIVO,INCONCLUSIVOS,INCONCLUSIVO,IDENTIDADE_INCONCLUSIVA,INCONCLUSIVO,INCONCLUSIVO,SEM_EVIDENCIA_DE_DEMANDA,,,,,,,8.279935224,estimated,FALSE,EVIDENCIA_IDENTIDADE_INCOMPLETA; INCONCLUSIVO,APRESENTACAO_NAO_EXPLICITA,,Completar fontes e vínculos,mercado/VTK017160.json,2026-09-05T15:16:37.457Z
VTK017161,Protetor De Carter Dhf Dhf-2012 Novo Uno Modelo 2011 Tradicional,Evolusom Comercial Ltda,30.82,50,FALSE,NAO_CONCLUSIVO,INCONCLUSIVOS,INCONCLUSIVO,IDENTIDADE_COHERENTE,INCONCLUSIVO,INCONCLUSIVO,SEM_EVIDENCIA_DE_DEMANDA,,,,,,,8.279935224,estimated,FALSE,INCONCLUSIVO,APRESENTACAO_NAO_EXPLICITA,,Completar fontes e vínculos,mercado/VTK017161.json,2026-09-05T15:16:37.457Z
VTK017163,Kit Adaptador Proeletronic Para Celular Pqkc-0320,Evolusom Comercial Ltda,18.95,50,FALSE,NAO_CONCLUSIVO,INCONCLUSIVOS,INCONCLUSIVO,IDENTIDADE_INCONCLUSIVA,INCONCLUSIVO,INCONCLUSIVO,SEM_EVIDENCIA_DE_DEMANDA,,,,,,,8.279935224,estimated,FALSE,EVIDENCIA_IDENTIDADE_INCOMPLETA; COMPOSICAO_KIT_NAO_COMPROVADA; INCONCLUSIVO,,,Completar fontes e vínculos,mercado/VTK017163.json,2026-09-05T15:16:37.457Z
VTK017164,Fone De Ouvido Akg K-414p Mini Headphone,Evolusom Comercial Ltda,159.9,50,FALSE,NAO_CONCLUSIVO,INCONCLUSIVOS,INCONCLUSIVO,IDENTIDADE_COHERENTE,INCONCLUSIVO,INCONCLUSIVO,SEM_EVIDENCIA_DE_DEMANDA,149,,,,,,8.279935224,estimated,FALSE,INCONCLUSIVO,APRESENTACAO_NAO_EXPLICITA,,Completar fontes e vínculos,mercado/VTK017164.json,2026-09-05T15:16:37.457Z
VTK017166,Driver Fenólico Jbl Selenium D250 Trio 200w Rms 8r,Evolusom Comercial Ltda,244.9,50,FALSE,NAO_CONCLUSIVO,INCONCLUSIVOS,INCONCLUSIVO,IDENTIDADE_INCONCLUSIVA,INCONCLUSIVO,INCONCLUSIVO,SEM_EVIDENCIA_DE_DEMANDA,,,,,,,8.279935224,estimated,FALSE,EVIDENCIA_IDENTIDADE_INCOMPLETA; COMPOSICAO_KIT_NAO_COMPROVADA; INCONCLUSIVO,,,Completar fontes e vínculos,mercado/VTK017166.json,2026-09-05T15:16:37.457Z
VTK017168,Fonte Spike Psa-5000ms Adaptador Dc/dc Automotivo,Evolusom Comercial Ltda,58.5,50,FALSE,NAO_CONCLUSIVO,INCONCLUSIVOS,INCONCLUSIVO,IDENTIDADE_INCONCLUSIVA,INCONCLUSIVO,INCONCLUSIVO,SEM_EVIDENCIA_DE_DEMANDA,,,,,,,8.279935224,estimated,FALSE,EVIDENCIA_IDENTIDADE_INCOMPLETA; INCONCLUSIVO,APRESENTACAO_NAO_EXPLICITA,,Completar fontes e vínculos,,2026-09-05T15:16:37.457Z
VTK017169,"Adesivo Skin Manhattan Mh-423434 Para Notebooks Até 17"" Floresta",Evolusom Comercial Ltda,11.85,50,FALSE,NAO_CONCLUSIVO,INCONCLUSIVOS,INCONCLUSIVO,IDENTIDADE_INCONCLUSIVA,INCONCLUSIVO,INCONCLUSIVO,SEM_EVIDENCIA_DE_DEMANDA,,,,,,,8.279935224,estimated,FALSE,EVIDENCIA_IDENTIDADE_INCOMPLETA; INCONCLUSIVO,APRESENTACAO_NAO_EXPLICITA,,Completar fontes e vínculos,,2026-09-05T15:16:37.457Z
VTK017170,"Adesivo Skin Manhattan Mh-423465 Para Notebooks Até 17"" Baleia",Evolusom Comercial Ltda,11.85,50,FALSE,NAO_CONCLUSIVO,INCONCLUSIVOS,INCONCLUSIVO,IDENTIDADE_INCONCLUSIVA,INCONCLUSIVO,INCONCLUSIVO,SEM_EVIDENCIA_DE_DEMANDA,,,,,,,8.279935224,estimated,FALSE,EVIDENCIA_IDENTIDADE_INCOMPLETA; INCONCLUSIVO,APRESENTACAO_NAO_EXPLICITA,,Completar fontes e vínculos,mercado/VTK017170.json,2026-09-05T15:16:37.457Z
VTK017171,"Adesivo Skin Manhattan Mh-475655 Para Notebooks Até 17"" Fogo",Evolusom Comercial Ltda,11.85,50,FALSE,NAO_CONCLUSIVO,INCONCLUSIVOS,INCONCLUSIVO,IDENTIDADE_INCONCLUSIVA,INCONCLUSIVO,INCONCLUSIVO,SEM_EVIDENCIA_DE_DEMANDA,,,,,,,8.279935224,estimated,FALSE,EVIDENCIA_IDENTIDADE_INCOMPLETA; INCONCLUSIVO,APRESENTACAO_NAO_EXPLICITA,,Completar fontes e vínculos,mercado/VTK017171.json,2026-09-05T15:16:37.457Z
VTK017172,Contra Frente Plástica Permak S10 Nova 2 Din Preta,Evolusom Comercial Ltda,48.9,50,FALSE,NAO_CONCLUSIVO,INCONCLUSIVOS,INCONCLUSIVO,IDENTIDADE_INCONCLUSIVA,INCONCLUSIVO,INCONCLUSIVO,SEM_EVIDENCIA_DE_DEMANDA,65.9,,,,,,8.279935224,estimated,FALSE,EVIDENCIA_IDENTIDADE_INCOMPLETA; INCONCLUSIVO,APRESENTACAO_NAO_EXPLICITA,,Completar fontes e vínculos,mercado/VTK017172.json,2026-09-05T15:16:37.457Z
VTK017174,Plug Xlr Santo Angelo Canon Painel Macho Níquel,Evolusom Comercial Ltda,16.9,50,FALSE,NAO_CONCLUSIVO,INCONCLUSIVOS,INCONCLUSIVO,IDENTIDADE_COHERENTE,INCONCLUSIVO,INCONCLUSIVO,SEM_EVIDENCIA_DE_DEMANDA,19.45,,,,,,8.279935224,estimated,FALSE,INCONCLUSIVO,APRESENTACAO_NAO_EXPLICITA,,Completar fontes e vínculos,mercado/VTK017174.json,2026-09-05T15:16:37.457Z
VTK017176,Plug P10 Santo Angelo Painel Mono / Estéreo Com Trava,Evolusom Comercial Ltda,14.9,50,FALSE,NAO_CONCLUSIVO,INCONCLUSIVOS,INCONCLUSIVO,IDENTIDADE_INCONCLUSIVA,INCONCLUSIVO,INCONCLUSIVO,SEM_EVIDENCIA_DE_DEMANDA,25.31,,,,,,8.279935224,estimated,FALSE,EVIDENCIA_IDENTIDADE_INCOMPLETA; INCONCLUSIVO,APRESENTACAO_NAO_EXPLICITA,,Completar fontes e vínculos,mercado/VTK017176.json,2026-09-05T15:16:37.457Z
VTK017178,Plug P10 Santo Angelo Fêmea Jack-s Estéreo,Evolusom Comercial Ltda,14.05,50,FALSE,NAO_CONCLUSIVO,INCONCLUSIVOS,INCONCLUSIVO,IDENTIDADE_INCONCLUSIVA,INCONCLUSIVO,INCONCLUSIVO,SEM_EVIDENCIA_DE_DEMANDA,20.3,,,,,,8.279935224,estimated,FALSE,EVIDENCIA_IDENTIDADE_INCOMPLETA; INCONCLUSIVO,APRESENTACAO_NAO_EXPLICITA,,Completar fontes e vínculos,mercado/VTK017178.json,2026-09-05T15:16:37.457Z
VTK017180,Cabo Rca Technoise Series 400pro 5 Metros 5 Mm Conector Metal Blister,Evolusom Comercial Ltda,39.95,50,FALSE,NAO_CONCLUSIVO,INCONCLUSIVOS,INCONCLUSIVO,IDENTIDADE_COHERENTE,INCONCLUSIVO,INCONCLUSIVO,SEM_EVIDENCIA_DE_DEMANDA,55.9,,,,,,8.279935224,estimated,FALSE,INCONCLUSIVO,APRESENTACAO_NAO_EXPLICITA,,Completar fontes e vínculos,mercado/VTK017180.json,2026-09-05T15:16:37.457Z
VTK017184,"Alcool Isopropilico Implastec 99,8% 1000ml",Evolusom Comercial Ltda,35.99,50,FALSE,NAO_CONCLUSIVO,INCONCLUSIVOS,INCONCLUSIVO,IDENTIDADE_INCONCLUSIVA,INCONCLUSIVO,INCONCLUSIVO,SEM_EVIDENCIA_DE_DEMANDA,,,,,,,8.279935224,estimated,FALSE,EVIDENCIA_IDENTIDADE_INCOMPLETA; INCONCLUSIVO,APRESENTACAO_NAO_EXPLICITA,,Completar fontes e vínculos,,2026-09-05T15:16:37.457Z
VTK017187,Reparo Para Driver Shock D-200/ Qsd-20 Selenium,Evolusom Comercial Ltda,13.9,50,FALSE,NAO_CONCLUSIVO,INCONCLUSIVOS,INCONCLUSIVO,IDENTIDADE_INCONCLUSIVA,INCONCLUSIVO,INCONCLUSIVO,SEM_EVIDENCIA_DE_DEMANDA,,,,,,,8.279935224,estimated,FALSE,EVIDENCIA_IDENTIDADE_INCOMPLETA; INCONCLUSIVO,APRESENTACAO_NAO_EXPLICITA,,Completar fontes e vínculos,,2026-09-05T15:16:37.457Z
VTK017196,Cabo Para Alarme Telecam 40 X 06 Vias Cca Liga Cobre 100 Metros,Evolusom Comercial Ltda,47.9,50,FALSE,NAO_CONCLUSIVO,INCONCLUSIVOS,INCONCLUSIVO,IDENTIDADE_INCONCLUSIVA,INCONCLUSIVO,INCONCLUSIVO,SEM_EVIDENCIA_DE_DEMANDA,62.76,,,,,,8.279935224,estimated,FALSE,EVIDENCIA_IDENTIDADE_INCOMPLETA; INCONCLUSIVO,APRESENTACAO_NAO_EXPLICITA,,Completar fontes e vínculos,mercado/VTK017196.json,2026-09-05T15:16:37.457Z
VTK017197,Cabo Para Alarme Telecam 50 X 06 Vias Cca Liga Cobre 100 Metros,Evolusom Comercial Ltda,59.9,50,FALSE,NAO_CONCLUSIVO,INCONCLUSIVOS,INCONCLUSIVO,IDENTIDADE_INCONCLUSIVA,INCONCLUSIVO,INCONCLUSIVO,SEM_EVIDENCIA_DE_DEMANDA,93.58,,,,,,8.279935224,estimated,FALSE,EVIDENCIA_IDENTIDADE_INCOMPLETA; INCONCLUSIVO,APRESENTACAO_NAO_EXPLICITA,,Completar fontes e vínculos,mercado/VTK017197.json,2026-09-05T15:16:37.457Z
VTK017199,Cabo óptico Transcend Speed Star Mini Flat Drop 1f 1km,Evolusom Comercial Ltda,549.9,50,FALSE,NAO_CONCLUSIVO,INCONCLUSIVOS,INCONCLUSIVO,IDENTIDADE_INCONCLUSIVA,INCONCLUSIVO,INCONCLUSIVO,SEM_EVIDENCIA_DE_DEMANDA,609,,,,,,8.279935224,estimated,FALSE,EVIDENCIA_IDENTIDADE_INCOMPLETA; INCONCLUSIVO,APRESENTACAO_NAO_EXPLICITA,,Completar fontes e vínculos,mercado/VTK017199.json,2026-09-05T15:16:37.457Z
VTK017201,Micro óleo Desengripante Implastec Lubritec 210g,Evolusom Comercial Ltda,11.5,50,FALSE,NAO_CONCLUSIVO,INCONCLUSIVOS,INCONCLUSIVO,IDENTIDADE_INCONCLUSIVA,INCONCLUSIVO,INCONCLUSIVO,SEM_EVIDENCIA_DE_DEMANDA,16.15,,,,,,8.279935224,estimated,FALSE,EVIDENCIA_IDENTIDADE_INCOMPLETA; INCONCLUSIVO,APRESENTACAO_NAO_EXPLICITA,,Completar fontes e vínculos,mercado/VTK017201.json,2026-09-05T15:16:37.457Z
VTK017202,"Tesoura Seccon Corta Kevlar 5,8"" Ct-c151n",Evolusom Comercial Ltda,79.9,50,FALSE,NAO_CONCLUSIVO,INCONCLUSIVOS,INCONCLUSIVO,IDENTIDADE_INCONCLUSIVA,INCONCLUSIVO,INCONCLUSIVO,SEM_EVIDENCIA_DE_DEMANDA,,,,,,,8.279935224,estimated,FALSE,EVIDENCIA_IDENTIDADE_INCOMPLETA; INCONCLUSIVO,APRESENTACAO_NAO_EXPLICITA,,Completar fontes e vínculos,,2026-09-05T15:16:37.457Z
VTK017204,Kit Adaptador Para Celular Proeletronic Pqkc 0375,Evolusom Comercial Ltda,18.95,50,FALSE,NAO_CONCLUSIVO,INCONCLUSIVOS,INCONCLUSIVO,IDENTIDADE_INCONCLUSIVA,INCONCLUSIVO,INCONCLUSIVO,SEM_EVIDENCIA_DE_DEMANDA,,,,,,,8.279935224,estimated,FALSE,EVIDENCIA_IDENTIDADE_INCOMPLETA; COMPOSICAO_KIT_NAO_COMPROVADA; INCONCLUSIVO,,,Completar fontes e vínculos,,2026-09-05T15:16:37.457Z
VTK017206,Alto-falante 5” Jbl Club 502 Coaxial 4r 40w Rms - Par,Evolusom Comercial Ltda,239.9,50,FALSE,NAO_CONCLUSIVO,INCONCLUSIVOS,INCONCLUSIVO,IDENTIDADE_INCONCLUSIVA,INCONCLUSIVO,INCONCLUSIVO,SEM_EVIDENCIA_DE_DEMANDA,525.82,,,,,,8.279935224,estimated,FALSE,EVIDENCIA_IDENTIDADE_INCOMPLETA; INCONCLUSIVO,,Cadastro e descrição do fornecedor divergem em impedância/potência do JBL Club 5020. Ficha exige confirmação.,Completar fontes e vínculos,mercado/VTK017206.json,2026-09-05T15:16:37.457Z
VTK017207,Extensão Daneva Sort Pl - Cordão Pararelo 2x0.75mm 10metros Cor Sortida Ref1532,Evolusom Comercial Ltda,26.1,50,FALSE,NAO_CONCLUSIVO,INCONCLUSIVOS,INCONCLUSIVO,IDENTIDADE_INCONCLUSIVA,INCONCLUSIVO,INCONCLUSIVO,SEM_EVIDENCIA_DE_DEMANDA,58.95,,,,,,8.279935224,estimated,FALSE,EVIDENCIA_IDENTIDADE_INCOMPLETA; INCONCLUSIVO,APRESENTACAO_NAO_EXPLICITA,,Completar fontes e vínculos,mercado/VTK017207.json,2026-09-05T15:16:37.457Z
VTK017208,Cruzeta Metálica Cg3 Para Reserva De Cabos ópticos,Evolusom Comercial Ltda,36.18,50,FALSE,NAO_CONCLUSIVO,INCONCLUSIVOS,INCONCLUSIVO,IDENTIDADE_INCONCLUSIVA,INCONCLUSIVO,INCONCLUSIVO,SEM_EVIDENCIA_DE_DEMANDA,,,,,,,8.279935224,estimated,FALSE,EVIDENCIA_IDENTIDADE_INCOMPLETA; INCONCLUSIVO,APRESENTACAO_NAO_EXPLICITA,,Completar fontes e vínculos,,2026-09-05T15:16:37.457Z
VTK017210,Terminal De Fio Permak Encaixe Macho,Evolusom Comercial Ltda,18.57,50,FALSE,NAO_CONCLUSIVO,INCONCLUSIVOS,INCONCLUSIVO,IDENTIDADE_INCONCLUSIVA,INCONCLUSIVO,INCONCLUSIVO,SEM_EVIDENCIA_DE_DEMANDA,,,,,,,8.279935224,estimated,FALSE,EVIDENCIA_IDENTIDADE_INCOMPLETA; INCONCLUSIVO,APRESENTACAO_NAO_EXPLICITA,,Completar fontes e vínculos,,2026-09-05T15:16:37.457Z
VTK017211,Suporte Para Microfone De Bateria/precussão Ask B10,Evolusom Comercial Ltda,67.9,50,FALSE,NAO_CONCLUSIVO,INCONCLUSIVOS,INCONCLUSIVO,IDENTIDADE_INCONCLUSIVA,INCONCLUSIVO,INCONCLUSIVO,SEM_EVIDENCIA_DE_DEMANDA,54.99,,,,,,8.279935224,estimated,FALSE,EVIDENCIA_IDENTIDADE_INCOMPLETA; INCONCLUSIVO,APRESENTACAO_NAO_EXPLICITA,,Completar fontes e vínculos,mercado/VTK017211.json,2026-09-05T15:16:37.457Z
VTK017227,Disco Diamantado Vonder 110mm V2 Furo 20,Evolusom Comercial Ltda,13.53,50,FALSE,NAO_CONCLUSIVO,INCONCLUSIVOS,INCONCLUSIVO,IDENTIDADE_INCONCLUSIVA,INCONCLUSIVO,INCONCLUSIVO,SEM_EVIDENCIA_DE_DEMANDA,18.37,,,,,,8.279935224,estimated,FALSE,EVIDENCIA_IDENTIDADE_INCOMPLETA; INCONCLUSIVO,APRESENTACAO_NAO_EXPLICITA,,Completar fontes e vínculos,mercado/VTK017227.json,2026-09-05T15:16:37.457Z
VTK017233,Suporte Antena 10-a Telha Brasilit 32mm Tubo 3/ 4 Prata Cromo,Evolusom Comercial Ltda,22.9,50,FALSE,NAO_CONCLUSIVO,INCONCLUSIVOS,INCONCLUSIVO,IDENTIDADE_INCONCLUSIVA,INCONCLUSIVO,INCONCLUSIVO,SEM_EVIDENCIA_DE_DEMANDA,,,,,,,8.279935224,estimated,FALSE,EVIDENCIA_IDENTIDADE_INCOMPLETA; INCONCLUSIVO,APRESENTACAO_NAO_EXPLICITA,,Completar fontes e vínculos,,2026-09-05T15:16:37.457Z
VTK017234,"Suporte Antena Cromo 211-b Emenda Tubo 1""",Evolusom Comercial Ltda,10.9,50,FALSE,NAO_CONCLUSIVO,INCONCLUSIVOS,INCONCLUSIVO,IDENTIDADE_INCONCLUSIVA,INCONCLUSIVO,INCONCLUSIVO,SEM_EVIDENCIA_DE_DEMANDA,,,,,,,8.279935224,estimated,FALSE,EVIDENCIA_IDENTIDADE_INCOMPLETA; INCONCLUSIVO,APRESENTACAO_NAO_EXPLICITA,,Completar fontes e vínculos,,2026-09-05T15:16:37.457Z
VTK017235,Suporte Antena 313-af Telha Francesa Tubo 3/ 4 Com Suporte Prata Cromo,Evolusom Comercial Ltda,28.9,50,FALSE,NAO_CONCLUSIVO,INCONCLUSIVOS,INCONCLUSIVO,IDENTIDADE_INCONCLUSIVA,INCONCLUSIVO,INCONCLUSIVO,SEM_EVIDENCIA_DE_DEMANDA,,,,,,,8.279935224,estimated,FALSE,EVIDENCIA_IDENTIDADE_INCOMPLETA; INCONCLUSIVO,APRESENTACAO_NAO_EXPLICITA,,Completar fontes e vínculos,,2026-09-05T15:16:37.457Z
VTK017240,"Cabo Vga Evus C-041 Hd15 Macho X Hd15 Macho Com Filtro 10,0m",Evolusom Comercial Ltda,30.5,50,FALSE,NAO_CONCLUSIVO,INCONCLUSIVOS,INCONCLUSIVO,IDENTIDADE_INCONCLUSIVA,INCONCLUSIVO,INCONCLUSIVO,SEM_EVIDENCIA_DE_DEMANDA,,,,,,,8.279935224,estimated,FALSE,EVIDENCIA_IDENTIDADE_INCOMPLETA; INCONCLUSIVO,APRESENTACAO_NAO_EXPLICITA,,Completar fontes e vínculos,,2026-09-05T15:16:37.457Z
VTK017241,"Cabo Vga Evus C-044 Hd15 Macho X Hd15 Macho Com Filtro 20,0m",Evolusom Comercial Ltda,60.9,50,FALSE,NAO_CONCLUSIVO,INCONCLUSIVOS,INCONCLUSIVO,IDENTIDADE_INCONCLUSIVA,INCONCLUSIVO,INCONCLUSIVO,SEM_EVIDENCIA_DE_DEMANDA,,,,,,,8.279935224,estimated,FALSE,EVIDENCIA_IDENTIDADE_INCOMPLETA; INCONCLUSIVO,APRESENTACAO_NAO_EXPLICITA,,Completar fontes e vínculos,,2026-09-05T15:16:37.457Z
VTK017242,"Cabo Hdmi Evus C-051 4k Macho X Macho V2.0 5,0m",Evolusom Comercial Ltda,27.5,50,FALSE,NAO_CONCLUSIVO,INCONCLUSIVOS,INCONCLUSIVO,IDENTIDADE_INCONCLUSIVA,INCONCLUSIVO,INCONCLUSIVO,SEM_EVIDENCIA_DE_DEMANDA,,,,,,,8.279935224,estimated,FALSE,EVIDENCIA_IDENTIDADE_INCOMPLETA; INCONCLUSIVO,APRESENTACAO_NAO_EXPLICITA,,Completar fontes e vínculos,,2026-09-05T15:16:37.457Z
VTK017243,"Cabo Hdmi Evus C-052 4k Macho X Macho V2.0 10,0m",Evolusom Comercial Ltda,49.9,50,FALSE,NAO_CONCLUSIVO,INCONCLUSIVOS,INCONCLUSIVO,IDENTIDADE_INCONCLUSIVA,INCONCLUSIVO,INCONCLUSIVO,SEM_EVIDENCIA_DE_DEMANDA,,,,,,,8.279935224,estimated,FALSE,EVIDENCIA_IDENTIDADE_INCOMPLETA; INCONCLUSIVO,APRESENTACAO_NAO_EXPLICITA,,Completar fontes e vínculos,,2026-09-05T15:16:37.457Z
VTK017247,Trafo De Linha Frahm 25w/ 70v T25,Evolusom Comercial Ltda,44.9,50,FALSE,NAO_CONCLUSIVO,INCONCLUSIVOS,INCONCLUSIVO,IDENTIDADE_INCONCLUSIVA,INCONCLUSIVO,INCONCLUSIVO,SEM_EVIDENCIA_DE_DEMANDA,62.6,,,,,,8.279935224,estimated,FALSE,EVIDENCIA_IDENTIDADE_INCOMPLETA; INCONCLUSIVO,APRESENTACAO_NAO_EXPLICITA,,Completar fontes e vínculos,mercado/VTK017247.json,2026-09-05T15:16:37.457Z
VTK017248,Trafo De Linha Frahm T10 10w/70v,Evolusom Comercial Ltda,39.9,50,FALSE,NAO_CONCLUSIVO,INCONCLUSIVOS,INCONCLUSIVO,IDENTIDADE_INCONCLUSIVA,INCONCLUSIVO,INCONCLUSIVO,SEM_EVIDENCIA_DE_DEMANDA,,,,,,,8.279935224,estimated,FALSE,EVIDENCIA_IDENTIDADE_INCOMPLETA; INCONCLUSIVO,APRESENTACAO_NAO_EXPLICITA,,Completar fontes e vínculos,,2026-09-05T15:16:37.457Z
VTK017250,Ont Wireless Intelbras 142n 300mbps Gpon Giga 4780031,Evolusom Comercial Ltda,329.89,50,FALSE,NAO_CONCLUSIVO,INCONCLUSIVOS,INCONCLUSIVO,IDENTIDADE_COHERENTE,INCONCLUSIVO,INCONCLUSIVO,SEM_EVIDENCIA_DE_DEMANDA,169,,,,,,8.279935224,estimated,FALSE,INCONCLUSIVO,APRESENTACAO_NAO_EXPLICITA,,Completar fontes e vínculos,mercado/VTK017250.json,2026-09-05T15:16:37.457Z
VTK017252,Cabo Otg Evus C-078 Lightning X Usb 2.0 15cm,Evolusom Comercial Ltda,11.7,50,FALSE,NAO_CONCLUSIVO,INCONCLUSIVOS,INCONCLUSIVO,IDENTIDADE_INCONCLUSIVA,INCONCLUSIVO,INCONCLUSIVO,SEM_EVIDENCIA_DE_DEMANDA,,,,,,,8.279935224,estimated,FALSE,EVIDENCIA_IDENTIDADE_INCOMPLETA; INCONCLUSIVO,APRESENTACAO_NAO_EXPLICITA,,Completar fontes e vínculos,,2026-09-05T15:16:37.457Z
VTK017253,Chave Seletora Hub Hdmi Evus C-079 3 Entradas X 1 Saida,Evolusom Comercial Ltda,29.9,50,FALSE,NAO_CONCLUSIVO,INCONCLUSIVOS,INCONCLUSIVO,IDENTIDADE_INCONCLUSIVA,INCONCLUSIVO,INCONCLUSIVO,SEM_EVIDENCIA_DE_DEMANDA,,,,,,,8.279935224,estimated,FALSE,EVIDENCIA_IDENTIDADE_INCOMPLETA; INCONCLUSIVO,APRESENTACAO_NAO_EXPLICITA,,Completar fontes e vínculos,mercado/VTK017253.json,2026-09-05T15:16:37.457Z
VTK017255,"Cabo óptico Splitter Evus Opf-plc1x2-nc250 Plc 1x2 Nc 1,5m G657a1",Evolusom Comercial Ltda,23.99,50,FALSE,NAO_CONCLUSIVO,INCONCLUSIVOS,INCONCLUSIVO,IDENTIDADE_INCONCLUSIVA,INCONCLUSIVO,INCONCLUSIVO,SEM_EVIDENCIA_DE_DEMANDA,,,,,,,8.279935224,estimated,FALSE,EVIDENCIA_IDENTIDADE_INCOMPLETA; INCONCLUSIVO,APRESENTACAO_NAO_EXPLICITA,,Completar fontes e vínculos,,2026-09-05T15:16:37.457Z
VTK017259,Conector Klc Tnc Tm-1 Macho Rg/rgc 58,Evolusom Comercial Ltda,12.6,50,FALSE,NAO_CONCLUSIVO,INCONCLUSIVOS,INCONCLUSIVO,IDENTIDADE_INCONCLUSIVA,INCONCLUSIVO,INCONCLUSIVO,SEM_EVIDENCIA_DE_DEMANDA,,,,,,,8.279935224,estimated,FALSE,EVIDENCIA_IDENTIDADE_INCOMPLETA; INCONCLUSIVO,APRESENTACAO_NAO_EXPLICITA,,Completar fontes e vínculos,,2026-09-05T15:16:37.457Z
VTK017260,Conector Klc Macho Rg/rgc Km-8,Evolusom Comercial Ltda,16.5,50,FALSE,NAO_CONCLUSIVO,INCONCLUSIVOS,INCONCLUSIVO,IDENTIDADE_INCONCLUSIVA,INCONCLUSIVO,INCONCLUSIVO,SEM_EVIDENCIA_DE_DEMANDA,,,,,,,8.279935224,estimated,FALSE,EVIDENCIA_IDENTIDADE_INCOMPLETA; INCONCLUSIVO,APRESENTACAO_NAO_EXPLICITA,,Completar fontes e vínculos,,2026-09-05T15:16:37.457Z
VTK017261,Conector Klc N Macho Reto Rg/ Rgc 58 Cm-97,Evolusom Comercial Ltda,17.9,50,FALSE,NAO_CONCLUSIVO,INCONCLUSIVOS,INCONCLUSIVO,IDENTIDADE_INCONCLUSIVA,INCONCLUSIVO,INCONCLUSIVO,SEM_EVIDENCIA_DE_DEMANDA,,,,,,,8.279935224,estimated,FALSE,EVIDENCIA_IDENTIDADE_INCOMPLETA; INCONCLUSIVO,APRESENTACAO_NAO_EXPLICITA,,Completar fontes e vínculos,,2026-09-05T15:16:37.457Z
VTK017262,Conector Tnc Macho Rt Rg/rgcc 213 Tm-10,Evolusom Comercial Ltda,20.2,50,FALSE,NAO_CONCLUSIVO,INCONCLUSIVOS,INCONCLUSIVO,IDENTIDADE_INCONCLUSIVA,INCONCLUSIVO,INCONCLUSIVO,SEM_EVIDENCIA_DE_DEMANDA,,,,,,,8.279935224,estimated,FALSE,EVIDENCIA_IDENTIDADE_INCOMPLETA; INCONCLUSIVO,APRESENTACAO_NAO_EXPLICITA,,Completar fontes e vínculos,,2026-09-05T15:16:37.457Z
VTK017263,Conector Uhf Fem Rg/rgcc 58(cn-130)kf-11,Evolusom Comercial Ltda,29.5,50,FALSE,NAO_CONCLUSIVO,INCONCLUSIVOS,INCONCLUSIVO,IDENTIDADE_INCONCLUSIVA,INCONCLUSIVO,INCONCLUSIVO,SEM_EVIDENCIA_DE_DEMANDA,,,,,,,8.279935224,estimated,FALSE,EVIDENCIA_IDENTIDADE_INCOMPLETA; INCONCLUSIVO,APRESENTACAO_NAO_EXPLICITA,,Completar fontes e vínculos,,2026-09-05T15:16:37.457Z
VTK017265,Antena Digital Black Externa Proeletronic 38 Elementos Prohd 1300db,Evolusom Comercial Ltda,43.3,50,FALSE,NAO_CONCLUSIVO,INCONCLUSIVOS,INCONCLUSIVO,IDENTIDADE_INCONCLUSIVA,INCONCLUSIVO,INCONCLUSIVO,SEM_EVIDENCIA_DE_DEMANDA,,,,,,,8.279935224,estimated,FALSE,EVIDENCIA_IDENTIDADE_INCOMPLETA; INCONCLUSIVO,APRESENTACAO_NAO_EXPLICITA,,Completar fontes e vínculos,,2026-09-05T15:16:37.457Z
VTK017270,Alicate Decapador Evus Ev-4 Longitudinal Ajustável,Evolusom Comercial Ltda,199.9,50,FALSE,NAO_CONCLUSIVO,INCONCLUSIVOS,INCONCLUSIVO,IDENTIDADE_COHERENTE,INCONCLUSIVO,INCONCLUSIVO,SEM_EVIDENCIA_DE_DEMANDA,,,,,,,8.279935224,estimated,FALSE,INCONCLUSIVO,APRESENTACAO_NAO_EXPLICITA,,Completar fontes e vínculos,mercado/VTK017270.json,2026-09-05T15:16:37.457Z
VTK017271,Decapador Roletador Evus Ev-6 Para Tubo Loose 45/162,Evolusom Comercial Ltda,69.9,50,FALSE,NAO_CONCLUSIVO,INCONCLUSIVOS,INCONCLUSIVO,IDENTIDADE_INCONCLUSIVA,INCONCLUSIVO,INCONCLUSIVO,SEM_EVIDENCIA_DE_DEMANDA,,,,,,,8.279935224,estimated,FALSE,EVIDENCIA_IDENTIDADE_INCOMPLETA; INCONCLUSIVO,APRESENTACAO_NAO_EXPLICITA,,Completar fontes e vínculos,,2026-09-05T15:16:37.457Z
VTK017272,Gabarito De Precisão Evus Ev-9 Com Decap Acrilato,Evolusom Comercial Ltda,14.91,50,FALSE,NAO_CONCLUSIVO,INCONCLUSIVOS,INCONCLUSIVO,IDENTIDADE_INCONCLUSIVA,INCONCLUSIVO,INCONCLUSIVO,SEM_EVIDENCIA_DE_DEMANDA,,,,,,,8.279935224,estimated,FALSE,EVIDENCIA_IDENTIDADE_INCOMPLETA; INCONCLUSIVO,APRESENTACAO_NAO_EXPLICITA,,Completar fontes e vínculos,mercado/VTK017272.json,2026-09-05T15:16:37.457Z
VTK017273,Decapador Evus Ev-10 Para Cabo Optico,Evolusom Comercial Ltda,254.9,50,FALSE,NAO_CONCLUSIVO,INCONCLUSIVOS,INCONCLUSIVO,IDENTIDADE_INCONCLUSIVA,INCONCLUSIVO,INCONCLUSIVO,SEM_EVIDENCIA_DE_DEMANDA,,,,,,,8.279935224,estimated,FALSE,EVIDENCIA_IDENTIDADE_INCOMPLETA; INCONCLUSIVO,APRESENTACAO_NAO_EXPLICITA,,Completar fontes e vínculos,mercado/VTK017273.json,2026-09-05T15:16:37.457Z
VTK017274,Decapador Evus Ev-11 Longitudinal Para Tubo Loose,Evolusom Comercial Ltda,99.9,50,FALSE,NAO_CONCLUSIVO,INCONCLUSIVOS,INCONCLUSIVO,IDENTIDADE_INCONCLUSIVA,INCONCLUSIVO,INCONCLUSIVO,SEM_EVIDENCIA_DE_DEMANDA,,,,,,,8.279935224,estimated,FALSE,EVIDENCIA_IDENTIDADE_INCOMPLETA; INCONCLUSIVO,APRESENTACAO_NAO_EXPLICITA,,Completar fontes e vínculos,,2026-09-05T15:16:37.457Z
VTK017275,Alicate Decapador Evus Ev-13 Para Cabo Drop,Evolusom Comercial Ltda,53.9,50,FALSE,NAO_CONCLUSIVO,INCONCLUSIVOS,INCONCLUSIVO,IDENTIDADE_INCONCLUSIVA,INCONCLUSIVO,INCONCLUSIVO,SEM_EVIDENCIA_DE_DEMANDA,,,,,,,8.279935224,estimated,FALSE,EVIDENCIA_IDENTIDADE_INCOMPLETA; INCONCLUSIVO,APRESENTACAO_NAO_EXPLICITA,,Completar fontes e vínculos,mercado/VTK017275.json,2026-09-05T15:16:37.457Z
VTK017277,Conversor De Audio/video Evus C-090 Vga + Audio (rca) Para Hdmi,Evolusom Comercial Ltda,76.9,50,FALSE,NAO_CONCLUSIVO,INCONCLUSIVOS,INCONCLUSIVO,IDENTIDADE_INCONCLUSIVA,INCONCLUSIVO,INCONCLUSIVO,SEM_EVIDENCIA_DE_DEMANDA,,,,,,,8.279935224,estimated,FALSE,EVIDENCIA_IDENTIDADE_INCOMPLETA; INCONCLUSIVO,APRESENTACAO_NAO_EXPLICITA,,Completar fontes e vínculos,,2026-09-05T15:16:37.457Z
VTK017278,Carregador Veicular Usb Evus C-098 Com Led 5v 2a,Evolusom Comercial Ltda,14.13,50,FALSE,NAO_CONCLUSIVO,INCONCLUSIVOS,INCONCLUSIVO,IDENTIDADE_INCONCLUSIVA,INCONCLUSIVO,INCONCLUSIVO,SEM_EVIDENCIA_DE_DEMANDA,,,,,,,8.279935224,estimated,FALSE,EVIDENCIA_IDENTIDADE_INCOMPLETA; INCONCLUSIVO,APRESENTACAO_NAO_EXPLICITA,,Completar fontes e vínculos,,2026-09-05T15:16:37.457Z
VTK017279,Conector Rj-45 Macho Evus C-103 Cat6 Blindado 100un.,Evolusom Comercial Ltda,38.66,50,FALSE,NAO_CONCLUSIVO,INCONCLUSIVOS,INCONCLUSIVO,IDENTIDADE_INCONCLUSIVA,INCONCLUSIVO,INCONCLUSIVO,SEM_EVIDENCIA_DE_DEMANDA,,,,,,,8.279935224,estimated,FALSE,EVIDENCIA_IDENTIDADE_INCOMPLETA; COMPOSICAO_KIT_NAO_COMPROVADA; INCONCLUSIVO,,,Completar fontes e vínculos,,2026-09-05T15:16:37.457Z
VTK017281,Conector Klc Cm-101 N50 0hms Macho Reto Prensa Rgc 213,Evolusom Comercial Ltda,27.99,50,FALSE,NAO_CONCLUSIVO,INCONCLUSIVOS,INCONCLUSIVO,IDENTIDADE_INCONCLUSIVA,INCONCLUSIVO,INCONCLUSIVO,SEM_EVIDENCIA_DE_DEMANDA,,,,,,,8.279935224,estimated,FALSE,EVIDENCIA_IDENTIDADE_INCOMPLETA; INCONCLUSIVO,APRESENTACAO_NAO_EXPLICITA,,Completar fontes e vínculos,,2026-09-05T15:16:37.457Z
VTK017285,Tesoura Corta Kevlar Evus Ev-25 Para Fibra Optica,Evolusom Comercial Ltda,43.9,50,FALSE,NAO_CONCLUSIVO,INCONCLUSIVOS,INCONCLUSIVO,IDENTIDADE_INCONCLUSIVA,INCONCLUSIVO,INCONCLUSIVO,SEM_EVIDENCIA_DE_DEMANDA,,,,,,,8.279935224,estimated,FALSE,EVIDENCIA_IDENTIDADE_INCOMPLETA; INCONCLUSIVO,APRESENTACAO_NAO_EXPLICITA,,Completar fontes e vínculos,mercado/VTK017285.json,2026-09-05T15:16:37.457Z
VTK017287,Ont Gpon D-link Dpn-1452d Ac1200 Dual Band Usb Fxs Gigabit,Evolusom Comercial Ltda,199.9,50,FALSE,NAO_CONCLUSIVO,INCONCLUSIVOS,INCONCLUSIVO,IDENTIDADE_INCONCLUSIVA,INCONCLUSIVO,INCONCLUSIVO,SEM_EVIDENCIA_DE_DEMANDA,268.48,,,,,,8.279935224,estimated,FALSE,EVIDENCIA_IDENTIDADE_INCOMPLETA; INCONCLUSIVO,APRESENTACAO_NAO_EXPLICITA,,Completar fontes e vínculos,mercado/VTK017287.json,2026-09-05T15:16:37.457Z
VTK017288,"Rack Mini De Parede 19"" Evus Ev-dw6406 6u X 600 X 450mm Preto",Evolusom Comercial Ltda,524,50,FALSE,NAO_CONCLUSIVO,INCONCLUSIVOS,INCONCLUSIVO,IDENTIDADE_INCONCLUSIVA,INCONCLUSIVO,INCONCLUSIVO,SEM_EVIDENCIA_DE_DEMANDA,,,,,,,8.279935224,estimated,FALSE,EVIDENCIA_IDENTIDADE_INCOMPLETA; COMPOSICAO_KIT_NAO_COMPROVADA; INCONCLUSIVO,,,Completar fontes e vínculos,,2026-09-05T15:16:37.457Z
VTK017290,Bandeja P/ Rack Evus Ev-ftw45g 450mm Bege Ventilada,Evolusom Comercial Ltda,52.9,50,FALSE,NAO_CONCLUSIVO,INCONCLUSIVOS,INCONCLUSIVO,IDENTIDADE_INCONCLUSIVA,INCONCLUSIVO,INCONCLUSIVO,SEM_EVIDENCIA_DE_DEMANDA,,,,,,,8.279935224,estimated,FALSE,EVIDENCIA_IDENTIDADE_INCOMPLETA; INCONCLUSIVO,APRESENTACAO_NAO_EXPLICITA,,Completar fontes e vínculos,,2026-09-05T15:16:37.457Z
VTK017292,Cooler Para Rack Evus Ev-ff01 120x120mm 220v,Evolusom Comercial Ltda,39.9,50,FALSE,NAO_CONCLUSIVO,INCONCLUSIVOS,INCONCLUSIVO,IDENTIDADE_INCONCLUSIVA,INCONCLUSIVO,INCONCLUSIVO,SEM_EVIDENCIA_DE_DEMANDA,,,,,,,8.279935224,estimated,FALSE,EVIDENCIA_IDENTIDADE_INCOMPLETA; INCONCLUSIVO,APRESENTACAO_NAO_EXPLICITA,,Completar fontes e vínculos,,2026-09-05T15:16:37.457Z
VTK017293,"Frente Falsa Evus Ev-bp2u Para Rack 2u X 19"" Preto",Evolusom Comercial Ltda,21.9,50,FALSE,NAO_CONCLUSIVO,INCONCLUSIVOS,INCONCLUSIVO,IDENTIDADE_INCONCLUSIVA,INCONCLUSIVO,INCONCLUSIVO,SEM_EVIDENCIA_DE_DEMANDA,,,,,,,8.279935224,estimated,FALSE,EVIDENCIA_IDENTIDADE_INCOMPLETA; INCONCLUSIVO,APRESENTACAO_NAO_EXPLICITA,,Completar fontes e vínculos,,2026-09-05T15:16:37.457Z
VTK017294,Calota Aro 15p 377cp-gft Mod Onix / Prisma 2020,Evolusom Comercial Ltda,18.6,50,FALSE,NAO_CONCLUSIVO,INCONCLUSIVOS,INCONCLUSIVO,IDENTIDADE_INCONCLUSIVA,INCONCLUSIVO,INCONCLUSIVO,SEM_EVIDENCIA_DE_DEMANDA,,,,,,,8.279935224,estimated,FALSE,EVIDENCIA_IDENTIDADE_INCOMPLETA; INCONCLUSIVO,APRESENTACAO_NAO_EXPLICITA,,Completar fontes e vínculos,,2026-09-05T15:16:37.457Z
VTK017296,Cooler Gamer Evus F-12fix Fan 12cm Com Led,Evolusom Comercial Ltda,19.9,50,FALSE,NAO_CONCLUSIVO,INCONCLUSIVOS,INCONCLUSIVO,IDENTIDADE_COHERENTE,INCONCLUSIVO,INCONCLUSIVO,SEM_EVIDENCIA_DE_DEMANDA,,,,,,,8.279935224,estimated,FALSE,INCONCLUSIVO,APRESENTACAO_NAO_EXPLICITA,,Completar fontes e vínculos,mercado/VTK017296.json,2026-09-05T15:16:37.457Z
VTK017297,Cooler Gamer Evus F-12rgb Fan 12cm Com Led Rgb,Evolusom Comercial Ltda,15.9,50,FALSE,NAO_CONCLUSIVO,INCONCLUSIVOS,INCONCLUSIVO,IDENTIDADE_INCONCLUSIVA,INCONCLUSIVO,INCONCLUSIVO,SEM_EVIDENCIA_DE_DEMANDA,,,,,,,8.279935224,estimated,FALSE,EVIDENCIA_IDENTIDADE_INCOMPLETA; INCONCLUSIVO,APRESENTACAO_NAO_EXPLICITA,,Completar fontes e vínculos,,2026-09-05T15:16:37.457Z
VTK017305,Suporte Emenda Tubo 2113 - B,Evolusom Comercial Ltda,10.95,50,FALSE,NAO_CONCLUSIVO,INCONCLUSIVOS,INCONCLUSIVO,IDENTIDADE_INCONCLUSIVA,INCONCLUSIVO,INCONCLUSIVO,SEM_EVIDENCIA_DE_DEMANDA,,,,,,,8.279935224,estimated,FALSE,EVIDENCIA_IDENTIDADE_INCOMPLETA; INCONCLUSIVO,APRESENTACAO_NAO_EXPLICITA,,Completar fontes e vínculos,,2026-09-05T15:16:37.457Z
VTK017307,Cooler Para Processador Evus Cp-90 Azul,Evolusom Comercial Ltda,39.9,50,FALSE,NAO_CONCLUSIVO,INCONCLUSIVOS,INCONCLUSIVO,IDENTIDADE_INCONCLUSIVA,INCONCLUSIVO,INCONCLUSIVO,SEM_EVIDENCIA_DE_DEMANDA,,,,,,,8.279935224,estimated,FALSE,EVIDENCIA_IDENTIDADE_INCOMPLETA; INCONCLUSIVO,APRESENTACAO_NAO_EXPLICITA,,Completar fontes e vínculos,mercado/VTK017307.json,2026-09-05T15:16:37.457Z
VTK017313,Mouse Gamer Evus Mo-07,Evolusom Comercial Ltda,36.9,50,FALSE,NAO_CONCLUSIVO,INCONCLUSIVOS,INCONCLUSIVO,IDENTIDADE_COHERENTE,INCONCLUSIVO,INCONCLUSIVO,SEM_EVIDENCIA_DE_DEMANDA,,,,,,,8.279935224,estimated,FALSE,INCONCLUSIVO,APRESENTACAO_NAO_EXPLICITA,,Completar fontes e vínculos,mercado/VTK017313.json,2026-09-05T15:16:37.457Z
VTK017314,Mouse Gamer Evus Mo-09 Thundermaster,Evolusom Comercial Ltda,19.9,50,FALSE,NAO_CONCLUSIVO,INCONCLUSIVOS,INCONCLUSIVO,IDENTIDADE_COHERENTE,INCONCLUSIVO,INCONCLUSIVO,SEM_EVIDENCIA_DE_DEMANDA,42.19,,,,,,8.279935224,estimated,FALSE,INCONCLUSIVO,APRESENTACAO_NAO_EXPLICITA,,Completar fontes e vínculos,mercado/VTK017314.json,2026-09-05T15:16:37.457Z
VTK017315,Mouse Gamer Evus Mo-10 Magician,Evolusom Comercial Ltda,49.9,50,FALSE,NAO_CONCLUSIVO,INCONCLUSIVOS,INCONCLUSIVO,IDENTIDADE_COHERENTE,INCONCLUSIVO,INCONCLUSIVO,SEM_EVIDENCIA_DE_DEMANDA,39.1,,,,,,8.279935224,estimated,FALSE,INCONCLUSIVO,APRESENTACAO_NAO_EXPLICITA,,Completar fontes e vínculos,mercado/VTK017315.json,2026-09-05T15:16:37.457Z
VTK017316,Mouse Pad Evus Mp-900b Experience Speed,Evolusom Comercial Ltda,25.9,50,FALSE,NAO_CONCLUSIVO,INCONCLUSIVOS,INCONCLUSIVO,IDENTIDADE_COHERENTE,INCONCLUSIVO,INCONCLUSIVO,SEM_EVIDENCIA_DE_DEMANDA,49,,,,,,8.279935224,estimated,FALSE,INCONCLUSIVO,APRESENTACAO_NAO_EXPLICITA,,Completar fontes e vínculos,mercado/VTK017316.json,2026-09-05T15:16:37.457Z
VTK017318,Mouse Pad Evus Mp-500w Free Fall,Evolusom Comercial Ltda,23.89,50,FALSE,NAO_CONCLUSIVO,INCONCLUSIVOS,INCONCLUSIVO,IDENTIDADE_INCONCLUSIVA,INCONCLUSIVO,INCONCLUSIVO,SEM_EVIDENCIA_DE_DEMANDA,,,,,,,8.279935224,estimated,FALSE,EVIDENCIA_IDENTIDADE_INCOMPLETA; COMPOSICAO_KIT_NAO_COMPROVADA; INCONCLUSIVO,,,Completar fontes e vínculos,mercado/VTK017318.json,2026-09-05T15:16:37.457Z
VTK017319,Mouse Pad Evus Mp-290w Pure Speed,Evolusom Comercial Ltda,15.89,50,FALSE,NAO_CONCLUSIVO,INCONCLUSIVOS,INCONCLUSIVO,IDENTIDADE_INCONCLUSIVA,INCONCLUSIVO,INCONCLUSIVO,SEM_EVIDENCIA_DE_DEMANDA,26.2,,,,,,8.279935224,estimated,FALSE,EVIDENCIA_IDENTIDADE_INCOMPLETA; INCONCLUSIVO,APRESENTACAO_NAO_EXPLICITA,,Completar fontes e vínculos,mercado/VTK017319.json,2026-09-05T15:16:37.457Z
VTK017320,Mouse Pad Evus Mp-290b Obscure Speed,Evolusom Comercial Ltda,12.9,50,FALSE,NAO_CONCLUSIVO,INCONCLUSIVOS,INCONCLUSIVO,IDENTIDADE_INCONCLUSIVA,INCONCLUSIVO,INCONCLUSIVO,SEM_EVIDENCIA_DE_DEMANDA,29.99,,,,,,8.279935224,estimated,FALSE,EVIDENCIA_IDENTIDADE_INCOMPLETA; INCONCLUSIVO,APRESENTACAO_NAO_EXPLICITA,,Completar fontes e vínculos,mercado/VTK017320.json,2026-09-05T15:16:37.457Z
VTK017321,Fita De Led Rgb Evus Sense Fl-60rgb Com Controle,Evolusom Comercial Ltda,39.9,50,FALSE,NAO_CONCLUSIVO,INCONCLUSIVOS,INCONCLUSIVO,IDENTIDADE_COHERENTE,INCONCLUSIVO,INCONCLUSIVO,SEM_EVIDENCIA_DE_DEMANDA,,,,,,,8.279935224,estimated,FALSE,INCONCLUSIVO,APRESENTACAO_NAO_EXPLICITA,,Completar fontes e vínculos,mercado/VTK017321.json,2026-09-05T15:16:37.457Z
VTK017322,Luminária De Emergência Segurimax Led 400 Lúmens Duo,Evolusom Comercial Ltda,142.57,50,FALSE,NAO_CONCLUSIVO,INCONCLUSIVOS,INCONCLUSIVO,IDENTIDADE_INCONCLUSIVA,INCONCLUSIVO,INCONCLUSIVO,SEM_EVIDENCIA_DE_DEMANDA,178,,,,,,8.279935224,estimated,FALSE,EVIDENCIA_IDENTIDADE_INCOMPLETA; INCONCLUSIVO,APRESENTACAO_NAO_EXPLICITA,,Completar fontes e vínculos,mercado/VTK017322.json,2026-09-05T15:16:37.457Z
VTK017325,Gabinete K-mex Gm-01ma Com Fonte Px300 200w,Evolusom Comercial Ltda,167.9,50,FALSE,NAO_CONCLUSIVO,INCONCLUSIVOS,INCONCLUSIVO,IDENTIDADE_COHERENTE,INCONCLUSIVO,INCONCLUSIVO,SEM_EVIDENCIA_DE_DEMANDA,,,,,,,8.279935224,estimated,FALSE,INCONCLUSIVO,APRESENTACAO_NAO_EXPLICITA,,Completar fontes e vínculos,mercado/VTK017325.json,2026-09-05T15:16:37.457Z
VTK017326,Fan Gamemax Para Pc Gamer Gf12b 12cm Azul 32 Led,Evolusom Comercial Ltda,33.9,50,FALSE,NAO_CONCLUSIVO,INCONCLUSIVOS,INCONCLUSIVO,IDENTIDADE_INCONCLUSIVA,INCONCLUSIVO,INCONCLUSIVO,SEM_EVIDENCIA_DE_DEMANDA,43.19,,,,,,8.279935224,estimated,FALSE,EVIDENCIA_IDENTIDADE_INCOMPLETA; INCONCLUSIVO,APRESENTACAO_NAO_EXPLICITA,,Completar fontes e vínculos,mercado/VTK017326.json,2026-09-05T15:16:37.457Z
VTK017327,Fan Gamemax Para Pc Gamer Gf12g 12cm Verde 32 Led,Evolusom Comercial Ltda,33.9,50,FALSE,NAO_CONCLUSIVO,INCONCLUSIVOS,INCONCLUSIVO,IDENTIDADE_COHERENTE,INCONCLUSIVO,INCONCLUSIVO,SEM_EVIDENCIA_DE_DEMANDA,29.9,,,,,,8.279935224,estimated,FALSE,INCONCLUSIVO,APRESENTACAO_NAO_EXPLICITA,,Completar fontes e vínculos,mercado/VTK017327.json,2026-09-05T15:16:37.457Z
VTK017333,"Cabo Hdmi Evus C-051 4k Macho X Macho V2.0 5,0m",Evolusom Comercial Ltda,27.5,50,FALSE,NAO_CONCLUSIVO,INCONCLUSIVOS,INCONCLUSIVO,IDENTIDADE_INCONCLUSIVA,INCONCLUSIVO,INCONCLUSIVO,SEM_EVIDENCIA_DE_DEMANDA,,,,,,,8.279935224,estimated,FALSE,EVIDENCIA_IDENTIDADE_INCOMPLETA; INCONCLUSIVO,APRESENTACAO_NAO_EXPLICITA,,Completar fontes e vínculos,mercado/VTK017333.json,2026-09-05T15:16:37.457Z
VTK017335,Carregador Veicular Usb Evus C-098 Com Led 5v 2a,Evolusom Comercial Ltda,14.13,50,FALSE,NAO_CONCLUSIVO,INCONCLUSIVOS,INCONCLUSIVO,IDENTIDADE_INCONCLUSIVA,INCONCLUSIVO,INCONCLUSIVO,SEM_EVIDENCIA_DE_DEMANDA,,,,,,,8.279935224,estimated,FALSE,EVIDENCIA_IDENTIDADE_INCOMPLETA; INCONCLUSIVO,APRESENTACAO_NAO_EXPLICITA,,Completar fontes e vínculos,,2026-09-05T15:16:37.457Z
VTK017336,Cabo De Microfone P10 Macho X Cannon Femea,Evolusom Comercial Ltda,10.5,50,FALSE,NAO_CONCLUSIVO,INCONCLUSIVOS,INCONCLUSIVO,IDENTIDADE_INCONCLUSIVA,INCONCLUSIVO,INCONCLUSIVO,SEM_EVIDENCIA_DE_DEMANDA,,,,,,,8.279935224,estimated,FALSE,EVIDENCIA_IDENTIDADE_INCOMPLETA; INCONCLUSIVO,APRESENTACAO_NAO_EXPLICITA,,Completar fontes e vínculos,,2026-09-05T15:16:37.457Z
VTK017337,Headset Gamer Evus F-02b Absolut,Evolusom Comercial Ltda,49.9,50,FALSE,NAO_CONCLUSIVO,INCONCLUSIVOS,INCONCLUSIVO,IDENTIDADE_COHERENTE,INCONCLUSIVO,INCONCLUSIVO,SEM_EVIDENCIA_DE_DEMANDA,78.99,,,,,,8.279935224,estimated,FALSE,INCONCLUSIVO,APRESENTACAO_NAO_EXPLICITA,,Completar fontes e vínculos,mercado/VTK017337.json,2026-09-05T15:16:37.457Z
VTK017356,Fonte Colmeia Evus Psu-10b 12v 10a 120w Bivolt Pq,Evolusom Comercial Ltda,43.9,50,FALSE,NAO_CONCLUSIVO,INCONCLUSIVOS,INCONCLUSIVO,IDENTIDADE_COHERENTE,INCONCLUSIVO,INCONCLUSIVO,SEM_EVIDENCIA_DE_DEMANDA,79.02,,,,,,8.279935224,estimated,FALSE,INCONCLUSIVO,APRESENTACAO_NAO_EXPLICITA,"Fonte AC/DC bivolt, mas catálogo informa entrada mínima/máxima de 12 V. Ficha de catálogo inconsistente.",Completar fontes e vínculos,mercado/VTK017356.json,2026-09-05T15:16:37.457Z
VTK017357,Fonte Colmeia Evus Psu-20a 12v 20a 240w Bivolt,Evolusom Comercial Ltda,72.9,50,FALSE,NAO_CONCLUSIVO,INCONCLUSIVOS,INCONCLUSIVO,IDENTIDADE_INCONCLUSIVA,INCONCLUSIVO,INCONCLUSIVO,SEM_EVIDENCIA_DE_DEMANDA,131.22,,,,,,8.279935224,estimated,FALSE,EVIDENCIA_IDENTIDADE_INCOMPLETA; INCONCLUSIVO,APRESENTACAO_NAO_EXPLICITA,"Fonte AC/DC bivolt, mas catálogo informa entrada mínima/máxima de 12 V. Ficha de catálogo inconsistente.",Completar fontes e vínculos,mercado/VTK017357.json,2026-09-05T15:16:37.457Z
VTK017359,Fonte Chaveada Evus Pdc-6v1a 6v 1a 6w Bivolt Automatico,Evolusom Comercial Ltda,12.9,50,FALSE,NAO_CONCLUSIVO,INCONCLUSIVOS,INCONCLUSIVO,IDENTIDADE_INCONCLUSIVA,INCONCLUSIVO,INCONCLUSIVO,SEM_EVIDENCIA_DE_DEMANDA,23.22,,,,,,8.279935224,estimated,FALSE,EVIDENCIA_IDENTIDADE_INCOMPLETA; INCONCLUSIVO,APRESENTACAO_NAO_EXPLICITA,,Completar fontes e vínculos,mercado/VTK017359.json,2026-09-05T15:16:37.457Z
VTK017365,Patch Cord Furukawa Cat.6 Cmx 1.5m Vermelho 35123008,Evolusom Comercial Ltda,21.9,50,FALSE,NAO_CONCLUSIVO,INCONCLUSIVOS,INCONCLUSIVO,IDENTIDADE_COHERENTE,INCONCLUSIVO,INCONCLUSIVO,SEM_EVIDENCIA_DE_DEMANDA,25.5,,,,,,8.279935224,estimated,FALSE,INCONCLUSIVO,APRESENTACAO_NAO_EXPLICITA,,Completar fontes e vínculos,mercado/VTK017365.json,2026-09-05T15:16:37.457Z
VTK017366,Caixa Atendimento óptico 1x16 Cto,Evolusom Comercial Ltda,97.9,50,FALSE,NAO_CONCLUSIVO,INCONCLUSIVOS,INCONCLUSIVO,IDENTIDADE_INCONCLUSIVA,INCONCLUSIVO,INCONCLUSIVO,SEM_EVIDENCIA_DE_DEMANDA,,,,,,,8.279935224,estimated,FALSE,EVIDENCIA_IDENTIDADE_INCOMPLETA; INCONCLUSIVO,APRESENTACAO_NAO_EXPLICITA,,Completar fontes e vínculos,,2026-09-05T15:16:37.457Z
VTK017369,Cooler Para Rack Evus Ev-fu2 120x120mm 110v,Evolusom Comercial Ltda,199.9,50,FALSE,NAO_CONCLUSIVO,INCONCLUSIVOS,INCONCLUSIVO,IDENTIDADE_INCONCLUSIVA,INCONCLUSIVO,INCONCLUSIVO,SEM_EVIDENCIA_DE_DEMANDA,,,,,,,8.279935224,estimated,FALSE,EVIDENCIA_IDENTIDADE_INCOMPLETA; INCONCLUSIVO,APRESENTACAO_NAO_EXPLICITA,,Completar fontes e vínculos,,2026-09-05T15:16:37.457Z
VTK017370,Fonte Atx Gamer Evus Evg600 Argb 600w 80 Plus Bronze,Evolusom Comercial Ltda,199.9,50,FALSE,NAO_CONCLUSIVO,INCONCLUSIVOS,INCONCLUSIVO,IDENTIDADE_COHERENTE,INCONCLUSIVO,INCONCLUSIVO,SEM_EVIDENCIA_DE_DEMANDA,252.86,,,,,,8.279935224,estimated,FALSE,INCONCLUSIVO,APRESENTACAO_NAO_EXPLICITA,,Completar fontes e vínculos,mercado/VTK017370.json,2026-09-05T15:16:37.457Z
VTK017373,Cassete Para Limpeza De Conector óptico Evus Ev-19,Evolusom Comercial Ltda,149.9,50,FALSE,NAO_CONCLUSIVO,INCONCLUSIVOS,INCONCLUSIVO,IDENTIDADE_COHERENTE,INCONCLUSIVO,INCONCLUSIVO,SEM_EVIDENCIA_DE_DEMANDA,,,,,,,8.279935224,estimated,FALSE,INCONCLUSIVO,APRESENTACAO_NAO_EXPLICITA,,Completar fontes e vínculos,mercado/VTK017373.json,2026-09-05T15:16:37.457Z
VTK017374,Cooler Gamer Evus F-12fix Fan 12cm Com Led,Evolusom Comercial Ltda,17.63,50,FALSE,NAO_CONCLUSIVO,INCONCLUSIVOS,INCONCLUSIVO,IDENTIDADE_INCONCLUSIVA,INCONCLUSIVO,INCONCLUSIVO,SEM_EVIDENCIA_DE_DEMANDA,,,,,,,8.279935224,estimated,FALSE,EVIDENCIA_IDENTIDADE_INCOMPLETA; INCONCLUSIVO,APRESENTACAO_NAO_EXPLICITA,,Completar fontes e vínculos,,2026-09-05T15:16:37.457Z
VTK017378,Carregador De Celular Roadstar Rs109-2ubr Com 2 Usb,Evolusom Comercial Ltda,25.9,50,FALSE,NAO_CONCLUSIVO,INCONCLUSIVOS,INCONCLUSIVO,IDENTIDADE_INCONCLUSIVA,INCONCLUSIVO,INCONCLUSIVO,SEM_EVIDENCIA_DE_DEMANDA,,,,,,,8.279935224,estimated,FALSE,EVIDENCIA_IDENTIDADE_INCOMPLETA; INCONCLUSIVO,APRESENTACAO_NAO_EXPLICITA,,Completar fontes e vínculos,,2026-09-05T15:16:37.457Z
VTK017385,Patch Cord Furukawa Cat5e 0.5m Preto T568a 35104006,Evolusom Comercial Ltda,12.9,50,FALSE,NAO_CONCLUSIVO,INCONCLUSIVOS,INCONCLUSIVO,IDENTIDADE_INCONCLUSIVA,INCONCLUSIVO,INCONCLUSIVO,SEM_EVIDENCIA_DE_DEMANDA,30.18,,,,,,8.279935224,estimated,FALSE,EVIDENCIA_IDENTIDADE_INCOMPLETA; INCONCLUSIVO,APRESENTACAO_NAO_EXPLICITA,,Completar fontes e vínculos,mercado/VTK017385.json,2026-09-05T15:16:37.457Z
VTK017387,Jogo Para Churrasco Tramontina Dynamic Cabos De Madeira 12 Peças,Evolusom Comercial Ltda,99.9,50,FALSE,NAO_CONCLUSIVO,INCONCLUSIVOS,INCONCLUSIVO,IDENTIDADE_INCONCLUSIVA,INCONCLUSIVO,INCONCLUSIVO,SEM_EVIDENCIA_DE_DEMANDA,,,,,,,8.279935224,estimated,FALSE,EVIDENCIA_IDENTIDADE_INCOMPLETA; COMPOSICAO_KIT_NAO_COMPROVADA; INCONCLUSIVO,,,Completar fontes e vínculos,,2026-09-05T15:16:37.457Z
VTK017394,Patch Cord Furukawa Cat5e 2.5m Cinza T568a 35104011,Evolusom Comercial Ltda,16.9,50,FALSE,NAO_CONCLUSIVO,INCONCLUSIVOS,INCONCLUSIVO,IDENTIDADE_INCONCLUSIVA,INCONCLUSIVO,INCONCLUSIVO,SEM_EVIDENCIA_DE_DEMANDA,,,,,,,8.279935224,estimated,FALSE,EVIDENCIA_IDENTIDADE_INCOMPLETA; COMPOSICAO_KIT_NAO_COMPROVADA; INCONCLUSIVO,,,Completar fontes e vínculos,mercado/VTK017394.json,2026-09-05T15:16:37.457Z
VTK017400,"Cabo Solar Cabel 6,0mm² Preto 25m",Evolusom Comercial Ltda,137.9,50,FALSE,NAO_CONCLUSIVO,INCONCLUSIVOS,INCONCLUSIVO,IDENTIDADE_INCONCLUSIVA,INCONCLUSIVO,INCONCLUSIVO,SEM_EVIDENCIA_DE_DEMANDA,,,,,,,8.279935224,estimated,FALSE,EVIDENCIA_IDENTIDADE_INCOMPLETA; INCONCLUSIVO,APRESENTACAO_NAO_EXPLICITA,,Completar fontes e vínculos,,2026-09-05T15:16:37.457Z
VTK017401,"Cabo Solar Cabel 6,0mm² Vermelho 25m",Evolusom Comercial Ltda,137.9,50,FALSE,NAO_CONCLUSIVO,INCONCLUSIVOS,INCONCLUSIVO,IDENTIDADE_INCONCLUSIVA,INCONCLUSIVO,INCONCLUSIVO,SEM_EVIDENCIA_DE_DEMANDA,,,,,,,8.279935224,estimated,FALSE,EVIDENCIA_IDENTIDADE_INCOMPLETA; INCONCLUSIVO,APRESENTACAO_NAO_EXPLICITA,,Completar fontes e vínculos,,2026-09-05T15:16:37.457Z
VTK017402,"Cabo Solar Cabel 6,0mm² Preto 50m",Evolusom Comercial Ltda,269.9,50,FALSE,NAO_CONCLUSIVO,INCONCLUSIVOS,INCONCLUSIVO,IDENTIDADE_INCONCLUSIVA,INCONCLUSIVO,INCONCLUSIVO,SEM_EVIDENCIA_DE_DEMANDA,,,,,,,8.279935224,estimated,FALSE,EVIDENCIA_IDENTIDADE_INCOMPLETA; INCONCLUSIVO,APRESENTACAO_NAO_EXPLICITA,,Completar fontes e vínculos,,2026-09-05T15:16:37.457Z
VTK017403,"Cabo Solar Cabel 6,0mm² Vermelho 50m",Evolusom Comercial Ltda,269.9,50,FALSE,NAO_CONCLUSIVO,INCONCLUSIVOS,INCONCLUSIVO,IDENTIDADE_INCONCLUSIVA,INCONCLUSIVO,INCONCLUSIVO,SEM_EVIDENCIA_DE_DEMANDA,,,,,,,8.279935224,estimated,FALSE,EVIDENCIA_IDENTIDADE_INCOMPLETA; INCONCLUSIVO,APRESENTACAO_NAO_EXPLICITA,,Completar fontes e vínculos,,2026-09-05T15:16:37.457Z
VTK017404,"Cabo Solar Cabel 6,0mm² Preto 100m",Evolusom Comercial Ltda,549.9,50,FALSE,NAO_CONCLUSIVO,INCONCLUSIVOS,INCONCLUSIVO,IDENTIDADE_INCONCLUSIVA,INCONCLUSIVO,INCONCLUSIVO,SEM_EVIDENCIA_DE_DEMANDA,,,,,,,8.279935224,estimated,FALSE,EVIDENCIA_IDENTIDADE_INCOMPLETA; INCONCLUSIVO,APRESENTACAO_NAO_EXPLICITA,,Completar fontes e vínculos,,2026-09-05T15:16:37.457Z
VTK017405,"Cabo Solar Cabel 6,0mm² Vermelho 100m",Evolusom Comercial Ltda,549.9,50,FALSE,NAO_CONCLUSIVO,INCONCLUSIVOS,INCONCLUSIVO,IDENTIDADE_INCONCLUSIVA,INCONCLUSIVO,INCONCLUSIVO,SEM_EVIDENCIA_DE_DEMANDA,,,,,,,8.279935224,estimated,FALSE,EVIDENCIA_IDENTIDADE_INCOMPLETA; INCONCLUSIVO,APRESENTACAO_NAO_EXPLICITA,,Completar fontes e vínculos,,2026-09-05T15:16:37.457Z
VTK017408,Bateria Alcalina Elgin A23 Blister Com 5 Unidades.,Evolusom Comercial Ltda,11.3,50,FALSE,NAO_CONCLUSIVO,INCONCLUSIVOS,INCONCLUSIVO,IDENTIDADE_INCONCLUSIVA,INCONCLUSIVO,INCONCLUSIVO,SEM_EVIDENCIA_DE_DEMANDA,,,,,,,8.279935224,estimated,FALSE,EVIDENCIA_IDENTIDADE_INCOMPLETA; COMPOSICAO_KIT_NAO_COMPROVADA; INCONCLUSIVO,,,Completar fontes e vínculos,,2026-09-05T15:16:37.457Z
VTK017411,Sensor De Estacionamento Roadstar Rs304br - Preto Fosco,Evolusom Comercial Ltda,64.9,50,FALSE,NAO_CONCLUSIVO,INCONCLUSIVOS,INCONCLUSIVO,IDENTIDADE_COHERENTE,INCONCLUSIVO,INCONCLUSIVO,SEM_EVIDENCIA_DE_DEMANDA,107.22,,,,,,8.279935224,estimated,FALSE,INCONCLUSIVO,APRESENTACAO_NAO_EXPLICITA,,Completar fontes e vínculos,mercado/VTK017411.json,2026-09-05T15:16:37.457Z
VTK017418,"Alicate Mini Western Bico Meia Cana 5"" Azul",Evolusom Comercial Ltda,11.3,50,FALSE,NAO_CONCLUSIVO,INCONCLUSIVOS,INCONCLUSIVO,IDENTIDADE_INCONCLUSIVA,INCONCLUSIVO,INCONCLUSIVO,SEM_EVIDENCIA_DE_DEMANDA,25.09,,,,,,8.279935224,estimated,FALSE,EVIDENCIA_IDENTIDADE_INCOMPLETA; INCONCLUSIVO,APRESENTACAO_NAO_EXPLICITA,,Completar fontes e vínculos,mercado/VTK017418.json,2026-09-05T15:16:37.457Z
VTK017424,"Caixa Hermética Multitoc Vedada 14,5x10,5x7,0 Completa Preta",Evolusom Comercial Ltda,12.9,50,FALSE,NAO_CONCLUSIVO,INCONCLUSIVOS,INCONCLUSIVO,IDENTIDADE_INCONCLUSIVA,INCONCLUSIVO,INCONCLUSIVO,SEM_EVIDENCIA_DE_DEMANDA,203.57,,,,,,8.279935224,estimated,FALSE,EVIDENCIA_IDENTIDADE_INCOMPLETA; COMPOSICAO_KIT_NAO_COMPROVADA; INCONCLUSIVO,,Unidade local comparada com título de kit de dez caixas; o catálogo ainda informa uma unidade por pacote. Correspondência rejeitada.,Completar fontes e vínculos,mercado/VTK017424.json,2026-09-05T15:16:37.457Z
VTK017427,Gabinete Micro Atx K-mex Gm-10nx Com Fonte Px300 200w,Evolusom Comercial Ltda,114.9,50,FALSE,NAO_CONCLUSIVO,INCONCLUSIVOS,INCONCLUSIVO,IDENTIDADE_COHERENTE,INCONCLUSIVO,INCONCLUSIVO,SEM_EVIDENCIA_DE_DEMANDA,144.7,,,,,,8.279935224,estimated,FALSE,INCONCLUSIVO,APRESENTACAO_NAO_EXPLICITA,,Completar fontes e vínculos,mercado/VTK017427.json,2026-09-05T15:16:37.457Z
VTK017429,Auto Radio Aiwa Aws-ca-d-01 4x25w Bluetooth,Evolusom Comercial Ltda,219.9,50,FALSE,NAO_CONCLUSIVO,INCONCLUSIVOS,INCONCLUSIVO,IDENTIDADE_COHERENTE,INCONCLUSIVO,INCONCLUSIVO,SEM_EVIDENCIA_DE_DEMANDA,235.2,,,,,,8.279935224,estimated,FALSE,INCONCLUSIVO,APRESENTACAO_NAO_EXPLICITA,,Completar fontes e vínculos,mercado/VTK017429.json,2026-09-05T15:16:37.457Z
VTK017430,"Central Multimídia Aiwa Ca-dd-01 7"" 4x25w",Evolusom Comercial Ltda,589.9,50,FALSE,NAO_CONCLUSIVO,INCONCLUSIVOS,INCONCLUSIVO,IDENTIDADE_COHERENTE,INCONCLUSIVO,INCONCLUSIVO,SEM_EVIDENCIA_DE_DEMANDA,,,,,,,8.279935224,estimated,FALSE,INCONCLUSIVO,APRESENTACAO_NAO_EXPLICITA,,Completar fontes e vínculos,mercado/VTK017430.json,2026-09-05T15:16:37.457Z
VTK017434,"Micro Inversor Saj 2,25kw M2-2,25k-s4 Mono 220v",Evolusom Comercial Ltda,998.73,50,FALSE,NAO_CONCLUSIVO,INCONCLUSIVOS,INCONCLUSIVO,IDENTIDADE_INCONCLUSIVA,INCONCLUSIVO,INCONCLUSIVO,SEM_EVIDENCIA_DE_DEMANDA,,,,,,,8.279935224,estimated,FALSE,EVIDENCIA_IDENTIDADE_INCOMPLETA; INCONCLUSIVO,APRESENTACAO_NAO_EXPLICITA,,Completar fontes e vínculos,,2026-09-05T15:16:37.457Z
VTK017435,Conector T Deye Para Micro Inversor Sun-m225g4,Evolusom Comercial Ltda,55,50,FALSE,NAO_CONCLUSIVO,INCONCLUSIVOS,INCONCLUSIVO,IDENTIDADE_INCONCLUSIVA,INCONCLUSIVO,INCONCLUSIVO,SEM_EVIDENCIA_DE_DEMANDA,,,,,,,8.279935224,estimated,FALSE,EVIDENCIA_IDENTIDADE_INCOMPLETA; INCONCLUSIVO,APRESENTACAO_NAO_EXPLICITA,,Completar fontes e vínculos,,2026-09-05T15:16:37.457Z
VTK017436,(ind) Cabo Tronco Deye P/sun-m225g4,Evolusom Comercial Ltda,57.49,50,FALSE,NAO_CONCLUSIVO,INCONCLUSIVOS,INCONCLUSIVO,IDENTIDADE_INCONCLUSIVA,INCONCLUSIVO,INCONCLUSIVO,SEM_EVIDENCIA_DE_DEMANDA,,,,,,,8.279935224,estimated,FALSE,EVIDENCIA_IDENTIDADE_INCOMPLETA; INCONCLUSIVO,APRESENTACAO_NAO_EXPLICITA,,Completar fontes e vínculos,,2026-09-05T15:16:37.457Z
VTK017440,Lâmpada Halógena Code/tech One 12v 4300k 9005 Hb3 60w Unitária,Evolusom Comercial Ltda,9.9,50,FALSE,NAO_CONCLUSIVO,INCONCLUSIVOS,INCONCLUSIVO,IDENTIDADE_INCONCLUSIVA,INCONCLUSIVO,INCONCLUSIVO,SEM_EVIDENCIA_DE_DEMANDA,,,,,,,8.279935224,estimated,FALSE,EVIDENCIA_IDENTIDADE_INCOMPLETA; INCONCLUSIVO,APRESENTACAO_NAO_EXPLICITA,,Completar fontes e vínculos,mercado/VTK017440.json,2026-09-05T15:16:37.457Z
VTK017442,"Climatizador Cadence Compactar Cli530 8,4l Branco 127v",Evolusom Comercial Ltda,319.9,50,FALSE,NAO_CONCLUSIVO,INCONCLUSIVOS,INCONCLUSIVO,IDENTIDADE_INCONCLUSIVA,INCONCLUSIVO,INCONCLUSIVO,SEM_EVIDENCIA_DE_DEMANDA,399.9,,,,,,8.279935224,estimated,FALSE,EVIDENCIA_IDENTIDADE_INCOMPLETA; INCONCLUSIVO,APRESENTACAO_NAO_EXPLICITA,,Completar fontes e vínculos,mercado/VTK017442.json,2026-09-05T15:16:37.457Z
VTK017445,Super Tweeter Jbl St200 Ghost 8r 100wrms Translúcido,Evolusom Comercial Ltda,86.9,50,FALSE,NAO_CONCLUSIVO,INCONCLUSIVOS,INCONCLUSIVO,IDENTIDADE_COHERENTE,INCONCLUSIVO,INCONCLUSIVO,SEM_EVIDENCIA_DE_DEMANDA,97.27,,,,,,8.279935224,estimated,FALSE,INCONCLUSIVO,APRESENTACAO_NAO_EXPLICITA,,Completar fontes e vínculos,mercado/VTK017445.json,2026-09-05T15:16:37.457Z
VTK017446,Espatula Bulldozer Nwt,Evolusom Comercial Ltda,81.16,50,FALSE,NAO_CONCLUSIVO,INCONCLUSIVOS,INCONCLUSIVO,IDENTIDADE_INCONCLUSIVA,INCONCLUSIVO,INCONCLUSIVO,SEM_EVIDENCIA_DE_DEMANDA,,,,,,,8.279935224,estimated,FALSE,EVIDENCIA_IDENTIDADE_INCOMPLETA; INCONCLUSIVO,APRESENTACAO_NAO_EXPLICITA,,Completar fontes e vínculos,,2026-09-05T15:16:37.457Z
VTK017448,"Monitor Brx Led 20"" Hdmi + Vga Branco",Evolusom Comercial Ltda,279.9,50,FALSE,NAO_CONCLUSIVO,INCONCLUSIVOS,INCONCLUSIVO,IDENTIDADE_INCONCLUSIVA,INCONCLUSIVO,INCONCLUSIVO,SEM_EVIDENCIA_DE_DEMANDA,499.99,,,,,,8.279935224,estimated,FALSE,EVIDENCIA_IDENTIDADE_INCOMPLETA; INCONCLUSIVO,APRESENTACAO_NAO_EXPLICITA,Fornecedor informa atualização de 75 Hz; título do catálogo anuncia 60 Hz. Confirmar variante e frequência.,Completar fontes e vínculos,mercado/VTK017448.json,2026-09-05T15:16:37.457Z
VTK017460,Lâmpada Led Roadstar Nano Technology Rs-h4 11 Br - Par,Evolusom Comercial Ltda,64.9,50,FALSE,NAO_CONCLUSIVO,INCONCLUSIVOS,INCONCLUSIVO,IDENTIDADE_INCONCLUSIVA,INCONCLUSIVO,INCONCLUSIVO,SEM_EVIDENCIA_DE_DEMANDA,,,,,,,8.279935224,estimated,FALSE,EVIDENCIA_IDENTIDADE_INCOMPLETA; COMPOSICAO_KIT_NAO_COMPROVADA; INCONCLUSIVO,,,Completar fontes e vínculos,,2026-09-05T15:16:37.457Z
VTK017461,Lâmpada Led Roadstar Nano Technology Rs-h7 11 Br - Par,Evolusom Comercial Ltda,48.9,50,FALSE,NAO_CONCLUSIVO,INCONCLUSIVOS,INCONCLUSIVO,IDENTIDADE_INCONCLUSIVA,INCONCLUSIVO,INCONCLUSIVO,SEM_EVIDENCIA_DE_DEMANDA,,,,,,,8.279935224,estimated,FALSE,EVIDENCIA_IDENTIDADE_INCOMPLETA; COMPOSICAO_KIT_NAO_COMPROVADA; INCONCLUSIVO,,,Completar fontes e vínculos,,2026-09-05T15:16:37.457Z
VTK017462,Lâmpada Led Roadstar Nano Technology Rsh-11 11 Br - Par,Evolusom Comercial Ltda,48.9,50,FALSE,NAO_CONCLUSIVO,INCONCLUSIVOS,INCONCLUSIVO,IDENTIDADE_INCONCLUSIVA,INCONCLUSIVO,INCONCLUSIVO,SEM_EVIDENCIA_DE_DEMANDA,,,,,,,8.279935224,estimated,FALSE,EVIDENCIA_IDENTIDADE_INCOMPLETA; COMPOSICAO_KIT_NAO_COMPROVADA; INCONCLUSIVO,,,Completar fontes e vínculos,,2026-09-05T15:16:37.457Z
VTK017468,Cooler Fan C3 Tech F7-100bk Storm 12cm,Evolusom Comercial Ltda,10.99,50,FALSE,NAO_CONCLUSIVO,INCONCLUSIVOS,INCONCLUSIVO,IDENTIDADE_INCONCLUSIVA,INCONCLUSIVO,INCONCLUSIVO,SEM_EVIDENCIA_DE_DEMANDA,,,,,,,8.279935224,estimated,FALSE,EVIDENCIA_IDENTIDADE_INCOMPLETA; INCONCLUSIVO,APRESENTACAO_NAO_EXPLICITA,,Completar fontes e vínculos,,2026-09-05T15:16:37.457Z
VTK017470,Teclado Viper Pro Focus Vo101,Evolusom Comercial Ltda,15.9,50,FALSE,NAO_CONCLUSIVO,INCONCLUSIVOS,INCONCLUSIVO,IDENTIDADE_INCONCLUSIVA,INCONCLUSIVO,INCONCLUSIVO,SEM_EVIDENCIA_DE_DEMANDA,28.62,,,,,,8.279935224,estimated,FALSE,EVIDENCIA_IDENTIDADE_INCOMPLETA; INCONCLUSIVO,APRESENTACAO_NAO_EXPLICITA,,Completar fontes e vínculos,mercado/VTK017470.json,2026-09-05T15:16:37.457Z
VTK017471,Headset Viper Pro Creative Vo400 Preto,Evolusom Comercial Ltda,42.5,50,FALSE,NAO_CONCLUSIVO,INCONCLUSIVOS,INCONCLUSIVO,IDENTIDADE_COHERENTE,INCONCLUSIVO,INCONCLUSIVO,SEM_EVIDENCIA_DE_DEMANDA,71.45,,,,,,8.279935224,estimated,FALSE,INCONCLUSIVO,APRESENTACAO_NAO_EXPLICITA,,Completar fontes e vínculos,mercado/VTK017471.json,2026-09-05T15:16:37.457Z
VTK017476,Cabo Lan Mpt Cat6 U/utp 23awgx4p 305 Metros Cmx Cinza 53040548,Evolusom Comercial Ltda,869.9,50,FALSE,NAO_CONCLUSIVO,INCONCLUSIVOS,INCONCLUSIVO,IDENTIDADE_INCONCLUSIVA,INCONCLUSIVO,INCONCLUSIVO,SEM_EVIDENCIA_DE_DEMANDA,,,,,,,8.279935224,estimated,FALSE,EVIDENCIA_IDENTIDADE_INCOMPLETA; INCONCLUSIVO,APRESENTACAO_NAO_EXPLICITA,,Completar fontes e vínculos,,2026-09-05T15:16:37.457Z
VTK017477,Cabo Lan Mpt Cat.5e U/utp 24awgx4p 305 Metros Cmx Cinza 53010548,Evolusom Comercial Ltda,669.9,50,FALSE,NAO_CONCLUSIVO,INCONCLUSIVOS,INCONCLUSIVO,IDENTIDADE_INCONCLUSIVA,INCONCLUSIVO,INCONCLUSIVO,SEM_EVIDENCIA_DE_DEMANDA,,,,,,,8.279935224,estimated,FALSE,EVIDENCIA_IDENTIDADE_INCOMPLETA; INCONCLUSIVO,APRESENTACAO_NAO_EXPLICITA,,Completar fontes e vínculos,,2026-09-05T15:16:37.457Z
VTK017479,Cabo Rca Mxt Profissional Blindado 2 Rca + 2 Rca Vermelho 5mm - 01 Metro,Evolusom Comercial Ltda,28.5,50,FALSE,NAO_CONCLUSIVO,INCONCLUSIVOS,INCONCLUSIVO,IDENTIDADE_INCONCLUSIVA,INCONCLUSIVO,INCONCLUSIVO,SEM_EVIDENCIA_DE_DEMANDA,,,,,,,8.279935224,estimated,FALSE,EVIDENCIA_IDENTIDADE_INCOMPLETA; COMPOSICAO_KIT_NAO_COMPROVADA; INCONCLUSIVO,,,Completar fontes e vínculos,mercado/VTK017479.json,2026-09-05T15:16:37.457Z
VTK017480,Cabo Rca Mxt Transparente 2 Rca + 2 Rca 4mm - 05 Metros,Evolusom Comercial Ltda,13.2,50,FALSE,NAO_CONCLUSIVO,INCONCLUSIVOS,INCONCLUSIVO,IDENTIDADE_INCONCLUSIVA,INCONCLUSIVO,INCONCLUSIVO,SEM_EVIDENCIA_DE_DEMANDA,,,,,,,8.279935224,estimated,FALSE,EVIDENCIA_IDENTIDADE_INCOMPLETA; INCONCLUSIVO,APRESENTACAO_NAO_EXPLICITA,,Completar fontes e vínculos,,2026-09-05T15:16:37.457Z
VTK017482,Faqueiro Tramontina Leme 20 Peças - Azul,Evolusom Comercial Ltda,29.9,50,FALSE,NAO_CONCLUSIVO,INCONCLUSIVOS,INCONCLUSIVO,IDENTIDADE_INCONCLUSIVA,INCONCLUSIVO,INCONCLUSIVO,SEM_EVIDENCIA_DE_DEMANDA,35.99,,,,,,8.279935224,estimated,FALSE,EVIDENCIA_IDENTIDADE_INCOMPLETA; INCONCLUSIVO,,,Completar fontes e vínculos,mercado/VTK017482.json,2026-09-05T15:16:37.457Z
VTK017488,Kit Churrasco Tramontina Com Tábua E Cabos Em Madeira Natural 03 Peças,Evolusom Comercial Ltda,76.9,50,FALSE,NAO_CONCLUSIVO,INCONCLUSIVOS,INCONCLUSIVO,IDENTIDADE_INCONCLUSIVA,INCONCLUSIVO,INCONCLUSIVO,SEM_EVIDENCIA_DE_DEMANDA,104.89,,,,,,8.279935224,estimated,FALSE,EVIDENCIA_IDENTIDADE_INCOMPLETA; INCONCLUSIVO,,,Completar fontes e vínculos,mercado/VTK017488.json,2026-09-05T15:16:37.457Z
VTK017489,Faqueiro Tramontina Malibu Em Aço Inox 60 Peças,Evolusom Comercial Ltda,119.9,50,FALSE,NAO_CONCLUSIVO,INCONCLUSIVOS,INCONCLUSIVO,IDENTIDADE_COHERENTE,INCONCLUSIVO,INCONCLUSIVO,SEM_EVIDENCIA_DE_DEMANDA,149,,,,,,8.279935224,estimated,FALSE,INCONCLUSIVO,,,Completar fontes e vínculos,mercado/VTK017489.json,2026-09-05T15:16:37.457Z
VTK017514,Cabo Rca Injetado Technoise Series 300 Pro 4mm - 5m,Evolusom Comercial Ltda,16.5,50,FALSE,NAO_CONCLUSIVO,INCONCLUSIVOS,INCONCLUSIVO,IDENTIDADE_COHERENTE,INCONCLUSIVO,INCONCLUSIVO,SEM_EVIDENCIA_DE_DEMANDA,35.54,,,,,,8.279935224,estimated,FALSE,INCONCLUSIVO,APRESENTACAO_NAO_EXPLICITA,,Completar fontes e vínculos,mercado/VTK017514.json,2026-09-05T15:16:37.457Z
VTK017515,Jogo De Panelas Tramontina Turim Alumínio Starflon Max 7 Peças Chumbo,Evolusom Comercial Ltda,269.9,50,FALSE,NAO_CONCLUSIVO,INCONCLUSIVOS,INCONCLUSIVO,IDENTIDADE_INCONCLUSIVA,INCONCLUSIVO,INCONCLUSIVO,SEM_EVIDENCIA_DE_DEMANDA,396.67,,,,,,8.279935224,estimated,FALSE,EVIDENCIA_IDENTIDADE_INCOMPLETA; INCONCLUSIVO,,,Completar fontes e vínculos,mercado/VTK017515.json,2026-09-05T15:16:37.457Z
VTK017516,Jogo De Panelas Tramontina Turim Alumínio Starflon Max 7 Peças Vermelho,Evolusom Comercial Ltda,269.9,50,FALSE,NAO_CONCLUSIVO,INCONCLUSIVOS,INCONCLUSIVO,IDENTIDADE_INCONCLUSIVA,INCONCLUSIVO,INCONCLUSIVO,SEM_EVIDENCIA_DE_DEMANDA,287,,,,,,8.279935224,estimated,FALSE,EVIDENCIA_IDENTIDADE_INCOMPLETA; INCONCLUSIVO,,,Completar fontes e vínculos,mercado/VTK017516.json,2026-09-05T15:16:37.457Z
VTK017519,Lâmpada Led Para Moto Roadstar Rsh4 M2br 18w 1500 Lumens,Evolusom Comercial Ltda,48.9,50,FALSE,NAO_CONCLUSIVO,INCONCLUSIVOS,INCONCLUSIVO,IDENTIDADE_INCONCLUSIVA,INCONCLUSIVO,INCONCLUSIVO,SEM_EVIDENCIA_DE_DEMANDA,,,,,,,8.279935224,estimated,FALSE,EVIDENCIA_IDENTIDADE_INCOMPLETA; INCONCLUSIVO,APRESENTACAO_NAO_EXPLICITA,,Completar fontes e vínculos,,2026-09-05T15:16:37.457Z
VTK017522,"Tela Plástica Permak 10"" Para Alto Falante Tipo Arlem 120 - PC / 2",Evolusom Comercial Ltda,20.6,50,FALSE,NAO_CONCLUSIVO,INCONCLUSIVOS,INCONCLUSIVO,IDENTIDADE_INCONCLUSIVA,INCONCLUSIVO,INCONCLUSIVO,SEM_EVIDENCIA_DE_DEMANDA,,,,,,,8.279935224,estimated,FALSE,EVIDENCIA_IDENTIDADE_INCOMPLETA; INCONCLUSIVO,APRESENTACAO_NAO_EXPLICITA,,Completar fontes e vínculos,mercado/VTK017522.json,2026-09-05T15:16:37.457Z
VTK017523,"Tela Plástica Permak 12"" Para Alto Falante Tipo Arlem 121 - PC / 2",Evolusom Comercial Ltda,31.8,50,FALSE,NAO_CONCLUSIVO,INCONCLUSIVOS,INCONCLUSIVO,IDENTIDADE_INCONCLUSIVA,INCONCLUSIVO,INCONCLUSIVO,SEM_EVIDENCIA_DE_DEMANDA,,,,,,,8.279935224,estimated,FALSE,EVIDENCIA_IDENTIDADE_INCOMPLETA; INCONCLUSIVO,APRESENTACAO_NAO_EXPLICITA,,Completar fontes e vínculos,,2026-09-05T15:16:37.457Z
VTK017524,"Tela Plástica Permak 6"" Para Alto Falante Tipo Arlem 115 - PC / 2",Evolusom Comercial Ltda,29.98,50,FALSE,NAO_CONCLUSIVO,INCONCLUSIVOS,INCONCLUSIVO,IDENTIDADE_INCONCLUSIVA,INCONCLUSIVO,INCONCLUSIVO,SEM_EVIDENCIA_DE_DEMANDA,,,,,,,8.279935224,estimated,FALSE,EVIDENCIA_IDENTIDADE_INCOMPLETA; INCONCLUSIVO,APRESENTACAO_NAO_EXPLICITA,,Completar fontes e vínculos,,2026-09-05T15:16:37.457Z
VTK017525,Terminal De Fio Permak Fechado Furo 3/16,Evolusom Comercial Ltda,21.9,50,FALSE,NAO_CONCLUSIVO,INCONCLUSIVOS,INCONCLUSIVO,IDENTIDADE_INCONCLUSIVA,INCONCLUSIVO,INCONCLUSIVO,SEM_EVIDENCIA_DE_DEMANDA,,,,,,,8.279935224,estimated,FALSE,EVIDENCIA_IDENTIDADE_INCOMPLETA; INCONCLUSIVO,APRESENTACAO_NAO_EXPLICITA,,Completar fontes e vínculos,,2026-09-05T15:16:37.457Z
VTK017526,Terminal De Fio Fechado Permak Olhal Furo 3/8 - 100un.,Evolusom Comercial Ltda,42.9,50,FALSE,NAO_CONCLUSIVO,INCONCLUSIVOS,INCONCLUSIVO,IDENTIDADE_COHERENTE,INCONCLUSIVO,INCONCLUSIVO,SEM_EVIDENCIA_DE_DEMANDA,51.71,,,,,,8.279935224,estimated,FALSE,INCONCLUSIVO,,,Completar fontes e vínculos,mercado/VTK017526.json,2026-09-05T15:16:37.457Z
VTK017527,Reparo Jbl Selenium Rpd400 Para Driver D400 / D405,Evolusom Comercial Ltda,177.5,50,FALSE,NAO_CONCLUSIVO,INCONCLUSIVOS,INCONCLUSIVO,IDENTIDADE_INCONCLUSIVA,INCONCLUSIVO,INCONCLUSIVO,SEM_EVIDENCIA_DE_DEMANDA,,,,,,,8.279935224,estimated,FALSE,EVIDENCIA_IDENTIDADE_INCOMPLETA; INCONCLUSIVO,APRESENTACAO_NAO_EXPLICITA,,Completar fontes e vínculos,,2026-09-05T15:16:37.457Z
VTK017531,Terminal De Fio Aberto Forquilha1/8 Permak Para Módulo - 100un.,Evolusom Comercial Ltda,15.9,50,FALSE,NAO_CONCLUSIVO,INCONCLUSIVOS,INCONCLUSIVO,IDENTIDADE_INCONCLUSIVA,INCONCLUSIVO,INCONCLUSIVO,SEM_EVIDENCIA_DE_DEMANDA,,,,,,,8.279935224,estimated,FALSE,EVIDENCIA_IDENTIDADE_INCOMPLETA; COMPOSICAO_KIT_NAO_COMPROVADA; INCONCLUSIVO,,,Completar fontes e vínculos,,2026-09-05T15:16:37.457Z
VTK017535,Conector Original Permak 14 Vias Linha Ford 35/d,Evolusom Comercial Ltda,22.9,50,FALSE,NAO_CONCLUSIVO,INCONCLUSIVOS,INCONCLUSIVO,IDENTIDADE_INCONCLUSIVA,INCONCLUSIVO,INCONCLUSIVO,SEM_EVIDENCIA_DE_DEMANDA,,,,,,,8.279935224,estimated,FALSE,EVIDENCIA_IDENTIDADE_INCOMPLETA; COMPOSICAO_KIT_NAO_COMPROVADA; INCONCLUSIVO,,,Completar fontes e vínculos,mercado/VTK017535.json,2026-09-05T15:16:37.457Z
VTK017536,Contra Frente Permak Plástica Honda Fit,Evolusom Comercial Ltda,10.69,50,FALSE,NAO_CONCLUSIVO,INCONCLUSIVOS,INCONCLUSIVO,IDENTIDADE_COHERENTE,INCONCLUSIVO,INCONCLUSIVO,SEM_EVIDENCIA_DE_DEMANDA,19.99,,,,,,8.279935224,estimated,FALSE,INCONCLUSIVO,APRESENTACAO_NAO_EXPLICITA,,Completar fontes e vínculos,mercado/VTK017536.json,2026-09-05T15:16:37.457Z
VTK017618,Multímetro Digital Mxt Dt830-b Com Buzzer - Preto,Evolusom Comercial Ltda,18.7,50,FALSE,NAO_CONCLUSIVO,INCONCLUSIVOS,INCONCLUSIVO,IDENTIDADE_COHERENTE,INCONCLUSIVO,INCONCLUSIVO,SEM_EVIDENCIA_DE_DEMANDA,,,,,,,8.279935224,estimated,FALSE,INCONCLUSIVO,APRESENTACAO_NAO_EXPLICITA,,Completar fontes e vínculos,mercado/VTK017618.json,2026-09-05T15:16:37.457Z
VTK017642,Antena Eletronica Permak Para-brisa Pertronic 1000 Universal,Evolusom Comercial Ltda,18.9,50,FALSE,NAO_CONCLUSIVO,INCONCLUSIVOS,INCONCLUSIVO,IDENTIDADE_INCONCLUSIVA,INCONCLUSIVO,INCONCLUSIVO,SEM_EVIDENCIA_DE_DEMANDA,26.99,,,,,,8.279935224,estimated,FALSE,EVIDENCIA_IDENTIDADE_INCOMPLETA; INCONCLUSIVO,APRESENTACAO_NAO_EXPLICITA,,Completar fontes e vínculos,mercado/VTK017642.json,2026-09-05T15:16:37.457Z
VTK017663,Cabo Lan Mpt Cat.5e U/utp 24awgx4p 305 Metros Cmx Branco 53010547,Evolusom Comercial Ltda,669.9,50,FALSE,NAO_CONCLUSIVO,INCONCLUSIVOS,INCONCLUSIVO,IDENTIDADE_INCONCLUSIVA,INCONCLUSIVO,INCONCLUSIVO,SEM_EVIDENCIA_DE_DEMANDA,,,,,,,8.279935224,estimated,FALSE,EVIDENCIA_IDENTIDADE_INCOMPLETA; INCONCLUSIVO,APRESENTACAO_NAO_EXPLICITA,,Completar fontes e vínculos,,2026-09-05T15:16:37.457Z
VTK017668,Combo Teclado E Mouse Logitech Mk120 Usb Preto Com Fio,Evolusom Comercial Ltda,99.9,50,FALSE,NAO_CONCLUSIVO,INCONCLUSIVOS,INCONCLUSIVO,IDENTIDADE_INCONCLUSIVA,INCONCLUSIVO,INCONCLUSIVO,SEM_EVIDENCIA_DE_DEMANDA,,,,,,,8.279935224,estimated,FALSE,EVIDENCIA_IDENTIDADE_INCOMPLETA; INCONCLUSIVO,APRESENTACAO_NAO_EXPLICITA,,Completar fontes e vínculos,,2026-09-05T15:16:37.457Z
VTK017695,Cabo Lan Mpt Cat6 U/utp 23awgx4p 305 Metros Cmx Preto 53040552,Evolusom Comercial Ltda,869.9,50,FALSE,NAO_CONCLUSIVO,INCONCLUSIVOS,INCONCLUSIVO,IDENTIDADE_INCONCLUSIVA,INCONCLUSIVO,INCONCLUSIVO,SEM_EVIDENCIA_DE_DEMANDA,,,,,,,8.279935224,estimated,FALSE,EVIDENCIA_IDENTIDADE_INCOMPLETA; INCONCLUSIVO,APRESENTACAO_NAO_EXPLICITA,,Completar fontes e vínculos,,2026-09-05T15:16:37.457Z
VTK017713,Auto Rádio Permak Pk Light 20/i1 Usb/bt/fm/sd,Evolusom Comercial Ltda,58.9,50,FALSE,NAO_CONCLUSIVO,INCONCLUSIVOS,INCONCLUSIVO,IDENTIDADE_COHERENTE,INCONCLUSIVO,INCONCLUSIVO,SEM_EVIDENCIA_DE_DEMANDA,71.94,,,,,,8.279935224,estimated,FALSE,INCONCLUSIVO,APRESENTACAO_NAO_EXPLICITA,,Completar fontes e vínculos,mercado/VTK017713.json,2026-09-05T15:16:37.457Z
VTK017733,Cabo Y Rca Mxt Blindado 01 Fêmea X 2 Macho Vermelho - 25cm,Evolusom Comercial Ltda,19.99,50,FALSE,NAO_CONCLUSIVO,INCONCLUSIVOS,INCONCLUSIVO,IDENTIDADE_INCONCLUSIVA,INCONCLUSIVO,INCONCLUSIVO,SEM_EVIDENCIA_DE_DEMANDA,,,,,,,8.279935224,estimated,FALSE,COMPOSICAO_KIT_NAO_COMPROVADA; INCONCLUSIVO,,,Completar fontes e vínculos,mercado/VTK017733.json,2026-09-05T15:16:37.457Z
VTK017856,Carregador De Celular Universal Ultrarrápido Proeletronic 20w,Evolusom Comercial Ltda,23.9,50,FALSE,NAO_CONCLUSIVO,INCONCLUSIVOS,INCONCLUSIVO,IDENTIDADE_INCONCLUSIVA,INCONCLUSIVO,INCONCLUSIVO,SEM_EVIDENCIA_DE_DEMANDA,,,,,,,8.279935224,estimated,FALSE,EVIDENCIA_IDENTIDADE_INCOMPLETA; INCONCLUSIVO,APRESENTACAO_NAO_EXPLICITA,,Completar fontes e vínculos,,2026-09-05T15:16:37.457Z
VTK017880,Maquina De Cortar Cabelo Cadence Cab181 Simple Cut 220v,Evolusom Comercial Ltda,37.9,50,FALSE,NAO_CONCLUSIVO,INCONCLUSIVOS,INCONCLUSIVO,IDENTIDADE_COHERENTE,INCONCLUSIVO,INCONCLUSIVO,SEM_EVIDENCIA_DE_DEMANDA,47.9,,,,,,8.279935224,estimated,FALSE,INCONCLUSIVO,APRESENTACAO_NAO_EXPLICITA,,Completar fontes e vínculos,mercado/VTK017880.json,2026-09-05T15:16:37.457Z
VTK018169,Estabilizador Coletek Bem Ligado Es-300va Bivolt Manual 115v,Evolusom Comercial Ltda,78.9,50,FALSE,NAO_CONCLUSIVO,INCONCLUSIVOS,INCONCLUSIVO,IDENTIDADE_COHERENTE,INCONCLUSIVO,INCONCLUSIVO,SEM_EVIDENCIA_DE_DEMANDA,110.57,,,,,,8.279935224,estimated,FALSE,INCONCLUSIVO,APRESENTACAO_NAO_EXPLICITA,,Completar fontes e vínculos,mercado/VTK018169.json,2026-09-05T15:16:37.457Z
VTK018322,Cabo Hdmi Articulado 2.0 Mxt 4k Ultra Hd 2m,Evolusom Comercial Ltda,16.4,50,FALSE,NAO_CONCLUSIVO,INCONCLUSIVOS,INCONCLUSIVO,IDENTIDADE_INCONCLUSIVA,INCONCLUSIVO,INCONCLUSIVO,SEM_EVIDENCIA_DE_DEMANDA,34.29,,,,,,8.279935224,estimated,FALSE,EVIDENCIA_IDENTIDADE_INCOMPLETA; INCONCLUSIVO,APRESENTACAO_NAO_EXPLICITA,,Completar fontes e vínculos,mercado/VTK018322.json,2026-09-05T15:16:37.457Z
VTK018490,Máquina De Cortar Cabelo Cadence Cab181 127v,Evolusom Comercial Ltda,37.9,50,FALSE,NAO_CONCLUSIVO,INCONCLUSIVOS,INCONCLUSIVO,IDENTIDADE_INCONCLUSIVA,INCONCLUSIVO,INCONCLUSIVO,SEM_EVIDENCIA_DE_DEMANDA,49,,,,,,8.279935224,estimated,FALSE,EVIDENCIA_IDENTIDADE_INCOMPLETA; INCONCLUSIVO,APRESENTACAO_NAO_EXPLICITA,,Completar fontes e vínculos,mercado/VTK018490.json,2026-09-05T15:16:37.457Z
VTK019199,Antena Digital Externa Pro Eletronic Prohd-1300db 38 Elementos 16 Db,Evolusom Comercial Ltda,42.9,50,FALSE,NAO_CONCLUSIVO,INCONCLUSIVOS,INCONCLUSIVO,IDENTIDADE_INCONCLUSIVA,INCONCLUSIVO,INCONCLUSIVO,SEM_EVIDENCIA_DE_DEMANDA,147.7,,,,,,8.279935224,estimated,FALSE,EVIDENCIA_IDENTIDADE_INCOMPLETA; INCONCLUSIVO,APRESENTACAO_NAO_EXPLICITA,Confirmar significado do sufixo /10 e unidade da embalagem no catálogo PROHD-1300DB/10.,Completar fontes e vínculos,mercado/VTK019199.json,2026-09-05T15:16:37.457Z
VTK020051,Voltimetro Digital Stetsom Mini Vt 7-30vdc 15ma,Evolusom Comercial Ltda,38.9,50,FALSE,NAO_CONCLUSIVO,INCONCLUSIVOS,INCONCLUSIVO,IDENTIDADE_COHERENTE,INCONCLUSIVO,INCONCLUSIVO,SEM_EVIDENCIA_DE_DEMANDA,45.99,,,,,,8.279935224,estimated,FALSE,INCONCLUSIVO,APRESENTACAO_NAO_EXPLICITA,,Completar fontes e vínculos,mercado/VTK020051.json,2026-09-05T15:16:37.457Z
VTK020172,Controle Remoto Mxt C01310 Ar Condicionado Universal Onetouch,Evolusom Comercial Ltda,18.9,50,FALSE,NAO_CONCLUSIVO,INCONCLUSIVOS,INCONCLUSIVO,IDENTIDADE_INCONCLUSIVA,INCONCLUSIVO,INCONCLUSIVO,SEM_EVIDENCIA_DE_DEMANDA,25.24,,,,,,8.279935224,estimated,FALSE,EVIDENCIA_IDENTIDADE_INCOMPLETA; INCONCLUSIVO,APRESENTACAO_NAO_EXPLICITA,,Completar fontes e vínculos,mercado/VTK020172.json,2026-09-05T15:16:37.457Z
VTK021299,Cabo P10 90 Para Cabo P10 90 Mono 25cm,BKR 1 Comercio e Importação Ltda,3.84,50,FALSE,NAO_CONCLUSIVO,INCONCLUSIVOS,INCONCLUSIVO,IDENTIDADE_INCONCLUSIVA,INCONCLUSIVO,INCONCLUSIVO,SEM_EVIDENCIA_DE_DEMANDA,19.9,,,,,,8.279935224,estimated,FALSE,EVIDENCIA_IDENTIDADE_INCOMPLETA; INCONCLUSIVO,APRESENTACAO_NAO_EXPLICITA,,Completar fontes e vínculos,mercado/VTK021299.json,2026-09-05T15:16:37.457Z
VTK022894,"Cafeteira Oster Inox Com Jarra De Vidro 1,2 Litros 127v",Evolusom Comercial Ltda,119.9,50,FALSE,NAO_CONCLUSIVO,INCONCLUSIVOS,INCONCLUSIVO,IDENTIDADE_INCONCLUSIVA,INCONCLUSIVO,INCONCLUSIVO,SEM_EVIDENCIA_DE_DEMANDA,147,,,,,,8.279935224,estimated,FALSE,EVIDENCIA_IDENTIDADE_INCOMPLETA; INCONCLUSIVO,APRESENTACAO_NAO_EXPLICITA,,Completar fontes e vínculos,mercado/VTK022894.json,2026-09-05T15:16:37.457Z
VTK022934,Ferro De Passar Oster Gcstbs5002 Base Antiaderente 127v,Evolusom Comercial Ltda,69.9,50,FALSE,NAO_CONCLUSIVO,INCONCLUSIVOS,INCONCLUSIVO,IDENTIDADE_INCONCLUSIVA,INCONCLUSIVO,INCONCLUSIVO,SEM_EVIDENCIA_DE_DEMANDA,,,,,,,8.279935224,estimated,FALSE,EVIDENCIA_IDENTIDADE_INCOMPLETA; INCONCLUSIVO,APRESENTACAO_NAO_EXPLICITA,,Completar fontes e vínculos,,2026-09-05T15:16:37.457Z
VTK023190,Filtro Anti-ruído Rca Technoise Com Fios Blister,Evolusom Comercial Ltda,34.9,50,FALSE,NAO_CONCLUSIVO,INCONCLUSIVOS,INCONCLUSIVO,IDENTIDADE_INCONCLUSIVA,INCONCLUSIVO,INCONCLUSIVO,SEM_EVIDENCIA_DE_DEMANDA,53.75,,,,,,8.279935224,estimated,FALSE,EVIDENCIA_IDENTIDADE_INCOMPLETA; INCONCLUSIVO,APRESENTACAO_NAO_EXPLICITA,,Completar fontes e vínculos,mercado/VTK023190.json,2026-09-05T15:16:37.457Z
VTK023332,Mouse Intelbras Msi200 Sem Fio Preto,Evolusom Comercial Ltda,57.9,50,FALSE,NAO_CONCLUSIVO,INCONCLUSIVOS,INCONCLUSIVO,IDENTIDADE_COHERENTE,INCONCLUSIVO,INCONCLUSIVO,SEM_EVIDENCIA_DE_DEMANDA,79.14,,,,,,8.279935224,estimated,FALSE,INCONCLUSIVO,APRESENTACAO_NAO_EXPLICITA,,Completar fontes e vínculos,mercado/VTK023332.json,2026-09-05T15:16:37.457Z
VTK023642,Cabo Lan Mpt Cat.5e Blindado Int./ext. F/utp 24awgx4p 100 Metros Cmx Preto 53126452,Evolusom Comercial Ltda,351.99,50,FALSE,NAO_CONCLUSIVO,INCONCLUSIVOS,INCONCLUSIVO,IDENTIDADE_INCONCLUSIVA,INCONCLUSIVO,INCONCLUSIVO,SEM_EVIDENCIA_DE_DEMANDA,,,,,,,8.279935224,estimated,FALSE,EVIDENCIA_IDENTIDADE_INCOMPLETA; INCONCLUSIVO,APRESENTACAO_NAO_EXPLICITA,,Completar fontes e vínculos,,2026-09-05T15:16:37.457Z
VTK026003,Suporte De Instrumentos P/display Spd-01,BKR 1 Comercio e Importação Ltda,23.29,50,FALSE,NAO_CONCLUSIVO,INCONCLUSIVOS,INCONCLUSIVO,IDENTIDADE_COHERENTE,INCONCLUSIVO,INCONCLUSIVO,SEM_EVIDENCIA_DE_DEMANDA,,,,,,,8.279935224,estimated,FALSE,INCONCLUSIVO,APRESENTACAO_NAO_EXPLICITA,,Completar fontes e vínculos,mercado/VTK026003.json,2026-09-05T15:16:37.457Z
VTK026004,Super Chip Xhorse Vvdi Xt27a,BKR 1 Comercio e Importação Ltda,25.2,50,FALSE,NAO_CONCLUSIVO,INCONCLUSIVOS,INCONCLUSIVO,IDENTIDADE_INCONCLUSIVA,INCONCLUSIVO,INCONCLUSIVO,SEM_EVIDENCIA_DE_DEMANDA,,,,,,,8.279935224,estimated,FALSE,EVIDENCIA_IDENTIDADE_INCOMPLETA; INCONCLUSIVO,APRESENTACAO_NAO_EXPLICITA,,Completar fontes e vínculos,,2026-09-05T15:16:37.457Z
VTK026005,Chip De Vidro Id48 Oe002,BKR 1 Comercio e Importação Ltda,7.2,50,FALSE,NAO_CONCLUSIVO,INCONCLUSIVOS,INCONCLUSIVO,IDENTIDADE_INCONCLUSIVA,INCONCLUSIVO,INCONCLUSIVO,SEM_EVIDENCIA_DE_DEMANDA,,,,,,,8.279935224,estimated,FALSE,EVIDENCIA_IDENTIDADE_INCOMPLETA; INCONCLUSIVO,APRESENTACAO_NAO_EXPLICITA,,Completar fontes e vínculos,,2026-09-05T15:16:37.457Z
VTK026224,"Cafeteira Elétrica Cadence Gran Italiana Caf120 Inox 1,5l 127v",Evolusom Comercial Ltda,194.9,50,FALSE,NAO_CONCLUSIVO,INCONCLUSIVOS,INCONCLUSIVO,IDENTIDADE_COHERENTE,INCONCLUSIVO,INCONCLUSIVO,SEM_EVIDENCIA_DE_DEMANDA,249.78,,,,,,8.279935224,estimated,FALSE,INCONCLUSIVO,APRESENTACAO_NAO_EXPLICITA,,Completar fontes e vínculos,mercado/VTK026224.json,2026-09-05T15:16:37.457Z
VTK013087,Divisor De Antena 1x2 5-900mhz Storm 10 Unidades,BKR 1 Comercio e Importação Ltda,23.43,49,FALSE,NAO_CONCLUSIVO,INCONCLUSIVOS,INCONCLUSIVO,IDENTIDADE_INCONCLUSIVA,INCONCLUSIVO,INCONCLUSIVO,SEM_EVIDENCIA_DE_DEMANDA,,,,,,,8.279935224,estimated,FALSE,EVIDENCIA_IDENTIDADE_INCOMPLETA; COMPOSICAO_KIT_NAO_COMPROVADA; INCONCLUSIVO,,,Completar fontes e vínculos,,2026-09-05T15:16:37.457Z
VTK017353,Fonte Atx Evus Psu-200 Oem 200w 20/24p 2 Sata - PC / 10,Evolusom Comercial Ltda,419,49,FALSE,NAO_CONCLUSIVO,INCONCLUSIVOS,INCONCLUSIVO,IDENTIDADE_INCONCLUSIVA,INCONCLUSIVO,INCONCLUSIVO,SEM_EVIDENCIA_DE_DEMANDA,,,,,,,8.279935224,estimated,FALSE,EVIDENCIA_IDENTIDADE_INCOMPLETA; INCONCLUSIVO,APRESENTACAO_NAO_EXPLICITA,,Completar fontes e vínculos,,2026-09-05T15:16:37.457Z
VTK017542,Alicate Mini Universal Western A-5 4.1/2,Evolusom Comercial Ltda,9.9,49,FALSE,NAO_CONCLUSIVO,INCONCLUSIVOS,INCONCLUSIVO,IDENTIDADE_INCONCLUSIVA,INCONCLUSIVO,INCONCLUSIVO,SEM_EVIDENCIA_DE_DEMANDA,21.75,,,,,,8.279935224,estimated,FALSE,EVIDENCIA_IDENTIDADE_INCOMPLETA; INCONCLUSIVO,APRESENTACAO_NAO_EXPLICITA,,Completar fontes e vínculos,mercado/VTK017542.json,2026-09-05T15:16:37.457Z
VTK017652,Cabo Displayport Nwt 3m 1.2,Evolusom Comercial Ltda,16.3,49,FALSE,NAO_CONCLUSIVO,INCONCLUSIVOS,INCONCLUSIVO,IDENTIDADE_INCONCLUSIVA,INCONCLUSIVO,INCONCLUSIVO,SEM_EVIDENCIA_DE_DEMANDA,,,,,,,8.279935224,estimated,FALSE,EVIDENCIA_IDENTIDADE_INCOMPLETA; INCONCLUSIVO,APRESENTACAO_NAO_EXPLICITA,,Completar fontes e vínculos,,2026-09-05T15:16:37.457Z
VTK017960,Controle Remoto Mxt 1127 Para Ar Condicionado Multimarcas,Evolusom Comercial Ltda,19.5,49,FALSE,NAO_CONCLUSIVO,INCONCLUSIVOS,INCONCLUSIVO,IDENTIDADE_INCONCLUSIVA,INCONCLUSIVO,INCONCLUSIVO,SEM_EVIDENCIA_DE_DEMANDA,29.71,,,,,,8.279935224,estimated,FALSE,EVIDENCIA_IDENTIDADE_INCOMPLETA; INCONCLUSIVO,APRESENTACAO_NAO_EXPLICITA,,Completar fontes e vínculos,mercado/VTK017960.json,2026-09-05T15:16:37.457Z
VTK026006,Capa Chave Canivete Compatível Vw 2 B G5,BKR 1 Comercio e Importação Ltda,18.48,49,FALSE,NAO_CONCLUSIVO,INCONCLUSIVOS,INCONCLUSIVO,IDENTIDADE_INCONCLUSIVA,INCONCLUSIVO,INCONCLUSIVO,SEM_EVIDENCIA_DE_DEMANDA,,,,,,,8.279935224,estimated,FALSE,EVIDENCIA_IDENTIDADE_INCOMPLETA; INCONCLUSIVO,APRESENTACAO_NAO_EXPLICITA,,Completar fontes e vínculos,,2026-09-05T15:16:37.457Z
VTK012369,Adaptadores Rca Fêmea P/xlr 3p Macho Niq. Wc 245 Ad 02 Unidades Wireconex,BKR 1 Comercio e Importação Ltda,20,48,FALSE,NAO_CONCLUSIVO,INCONCLUSIVOS,INCONCLUSIVO,IDENTIDADE_INCONCLUSIVA,INCONCLUSIVO,INCONCLUSIVO,SEM_EVIDENCIA_DE_DEMANDA,,,,,,,8.279935224,estimated,FALSE,EVIDENCIA_IDENTIDADE_INCOMPLETA; COMPOSICAO_KIT_NAO_COMPROVADA; INCONCLUSIVO,,,Completar fontes e vínculos,,2026-09-05T15:16:37.457Z
VTK017407,Fita De Feltro Technoise 19mm X 15m Com Cola,Evolusom Comercial Ltda,15.99,48,FALSE,NAO_CONCLUSIVO,INCONCLUSIVOS,INCONCLUSIVO,IDENTIDADE_INCONCLUSIVA,INCONCLUSIVO,INCONCLUSIVO,SEM_EVIDENCIA_DE_DEMANDA,27.16,,,,,,8.279935224,estimated,FALSE,EVIDENCIA_IDENTIDADE_INCOMPLETA; INCONCLUSIVO,APRESENTACAO_NAO_EXPLICITA,,Completar fontes e vínculos,mercado/VTK017407.json,2026-09-05T15:16:37.457Z
VTK017518,Cabo 1x1 Rca Nwt Cbrc0058 20m Com Fio De 20cm Para Câmera De Ré,Evolusom Comercial Ltda,22.7,48,FALSE,NAO_CONCLUSIVO,INCONCLUSIVOS,INCONCLUSIVO,IDENTIDADE_INCONCLUSIVA,INCONCLUSIVO,INCONCLUSIVO,SEM_EVIDENCIA_DE_DEMANDA,59.8,,,,,,8.279935224,estimated,FALSE,EQUIVALENCIA_MARCA_NAO_COMPROVADA; EVIDENCIA_IDENTIDADE_INCOMPLETA; INCONCLUSIVO,APRESENTACAO_NAO_EXPLICITA,,Completar fontes e vínculos,mercado/VTK017518.json,2026-09-05T15:16:37.457Z
VTK017538,Trafo Audio Frahm Linha T5i 70/ 210v,Evolusom Comercial Ltda,28.9,48,FALSE,NAO_CONCLUSIVO,INCONCLUSIVOS,INCONCLUSIVO,IDENTIDADE_INCONCLUSIVA,INCONCLUSIVO,INCONCLUSIVO,SEM_EVIDENCIA_DE_DEMANDA,,,,,,,8.279935224,estimated,FALSE,EVIDENCIA_IDENTIDADE_INCOMPLETA; INCONCLUSIVO,APRESENTACAO_NAO_EXPLICITA,,Completar fontes e vínculos,,2026-09-05T15:16:37.457Z
VTK017550,Sensor De Estacionamento Roadstar Rs308br Com 4 Sensores E Display Indicador De Distancia Prata,Evolusom Comercial Ltda,64.9,48,FALSE,NAO_CONCLUSIVO,INCONCLUSIVOS,INCONCLUSIVO,IDENTIDADE_COHERENTE,INCONCLUSIVO,INCONCLUSIVO,SEM_EVIDENCIA_DE_DEMANDA,96.5,,,,,,8.279935224,estimated,FALSE,INCONCLUSIVO,APRESENTACAO_NAO_EXPLICITA,,Completar fontes e vínculos,mercado/VTK017550.json,2026-09-05T15:16:37.457Z
VTK018670,Cabo Hdmi Proeletronic Cahd-2030 4k Macho X Macho 2.0 3m,Evolusom Comercial Ltda,11.95,48,FALSE,NAO_CONCLUSIVO,INCONCLUSIVOS,INCONCLUSIVO,IDENTIDADE_INCONCLUSIVA,INCONCLUSIVO,INCONCLUSIVO,SEM_EVIDENCIA_DE_DEMANDA,20.49,,,,,,8.279935224,estimated,FALSE,EVIDENCIA_IDENTIDADE_INCOMPLETA; INCONCLUSIVO,APRESENTACAO_NAO_EXPLICITA,,Completar fontes e vínculos,mercado/VTK018670.json,2026-09-05T15:16:37.457Z
VTK026119,Cola Branca Líquida Lavável 35g Pritt,BKR 1 Comercio e Importação Ltda,4.01,48,FALSE,NAO_CONCLUSIVO,INCONCLUSIVOS,INCONCLUSIVO,IDENTIDADE_INCONCLUSIVA,INCONCLUSIVO,INCONCLUSIVO,SEM_EVIDENCIA_DE_DEMANDA,62.87,,,,,,8.279935224,estimated,FALSE,EVIDENCIA_IDENTIDADE_INCOMPLETA; COMPOSICAO_KIT_NAO_COMPROVADA; INCONCLUSIVO,,,Completar fontes e vínculos,mercado/VTK026119.json,2026-09-05T15:16:37.457Z
VTK001887,Ponta de Prova Grossa PVC HK3 CAT II Hikari,Evolusom Comercial Ltda,18.9,47,FALSE,NAO_CONCLUSIVO,INCONCLUSIVOS,INCONCLUSIVO,IDENTIDADE_COHERENTE,INCONCLUSIVO,INCONCLUSIVO,SEM_EVIDENCIA_DE_DEMANDA,26.99,,,,,,8.279935224,estimated,FALSE,INCONCLUSIVO,APRESENTACAO_NAO_EXPLICITA,,Completar fontes e vínculos,mercado/VTK001887.json,2026-09-05T15:16:37.457Z
VTK006139,LNB Duplo Universal Banda KU Aquário DTH-02,Evolusom Comercial Ltda,14.9,47,FALSE,NAO_CONCLUSIVO,INCONCLUSIVOS,INCONCLUSIVO,IDENTIDADE_COHERENTE,INCONCLUSIVO,INCONCLUSIVO,SEM_EVIDENCIA_DE_DEMANDA,19,,,,,,8.279935224,estimated,FALSE,INCONCLUSIVO,APRESENTACAO_NAO_EXPLICITA,,Completar fontes e vínculos,mercado/VTK006139.json,2026-09-05T15:16:37.457Z
VTK012288,Pilha Alcalina Aaa2 Rayovac Multiblister Com 16 Unidades,BKR 1 Comercio e Importação Ltda,48.59,47,FALSE,NAO_CONCLUSIVO,INCONCLUSIVOS,INCONCLUSIVO,IDENTIDADE_COHERENTE,INCONCLUSIVO,INCONCLUSIVO,SEM_EVIDENCIA_DE_DEMANDA,75,,,,,,8.279935224,estimated,FALSE,INCONCLUSIVO,,,Completar fontes e vínculos,mercado/VTK012288.json,2026-09-05T15:16:37.457Z
VTK017246,Controle Remoto Copiar Hombrus 433mhz Code Learn 3 Botões,Evolusom Comercial Ltda,22.9,47,FALSE,NAO_CONCLUSIVO,INCONCLUSIVOS,INCONCLUSIVO,IDENTIDADE_COHERENTE,INCONCLUSIVO,INCONCLUSIVO,SEM_EVIDENCIA_DE_DEMANDA,,,,,,,8.279935224,estimated,FALSE,INCONCLUSIVO,APRESENTACAO_NAO_EXPLICITA,,Completar fontes e vínculos,mercado/VTK017246.json,2026-09-05T15:16:37.457Z
VTK017441,Fonte De Alimentação Aquário Para Conversor Digital Dtv-9000 Bivolt,Evolusom Comercial Ltda,14.45,47,FALSE,NAO_CONCLUSIVO,INCONCLUSIVOS,INCONCLUSIVO,IDENTIDADE_INCONCLUSIVA,INCONCLUSIVO,INCONCLUSIVO,SEM_EVIDENCIA_DE_DEMANDA,,,,,,,8.279935224,estimated,FALSE,EVIDENCIA_IDENTIDADE_INCOMPLETA; INCONCLUSIVO,APRESENTACAO_NAO_EXPLICITA,,Completar fontes e vínculos,,2026-09-05T15:16:37.457Z
VTK017546,Resistencia Zagonel Super/ Ideale 127v 9205000033,Evolusom Comercial Ltda,12.64,47,FALSE,NAO_CONCLUSIVO,INCONCLUSIVOS,INCONCLUSIVO,IDENTIDADE_INCONCLUSIVA,INCONCLUSIVO,INCONCLUSIVO,SEM_EVIDENCIA_DE_DEMANDA,24.9,,,,,,8.279935224,estimated,FALSE,EVIDENCIA_IDENTIDADE_INCOMPLETA; INCONCLUSIVO,APRESENTACAO_NAO_EXPLICITA,,Completar fontes e vínculos,mercado/VTK017546.json,2026-09-05T15:16:37.457Z
VTK017548,Conector Klc Com Uhf Macho R Red Rg/rgcc 58 Km-16,Evolusom Comercial Ltda,18.9,47,FALSE,NAO_CONCLUSIVO,INCONCLUSIVOS,INCONCLUSIVO,IDENTIDADE_INCONCLUSIVA,INCONCLUSIVO,INCONCLUSIVO,SEM_EVIDENCIA_DE_DEMANDA,,,,,,,8.279935224,estimated,FALSE,EVIDENCIA_IDENTIDADE_INCOMPLETA; INCONCLUSIVO,APRESENTACAO_NAO_EXPLICITA,,Completar fontes e vínculos,,2026-09-05T15:16:37.457Z
VTK017554,Switch 08 Portas Intelbras Sf910 Poe Reverso 4760036,Evolusom Comercial Ltda,206.42,47,FALSE,NAO_CONCLUSIVO,INCONCLUSIVOS,INCONCLUSIVO,IDENTIDADE_INCONCLUSIVA,INCONCLUSIVO,INCONCLUSIVO,SEM_EVIDENCIA_DE_DEMANDA,,,,,,,8.279935224,estimated,FALSE,EVIDENCIA_IDENTIDADE_INCOMPLETA; INCONCLUSIVO,APRESENTACAO_NAO_EXPLICITA,,Completar fontes e vínculos,,2026-09-05T15:16:37.457Z
VTK017557,"Sensor Alarme Genno Mag Smg 433,92 Mhz",Evolusom Comercial Ltda,18.9,47,FALSE,NAO_CONCLUSIVO,INCONCLUSIVOS,INCONCLUSIVO,IDENTIDADE_INCONCLUSIVA,INCONCLUSIVO,INCONCLUSIVO,SEM_EVIDENCIA_DE_DEMANDA,28.25,,,,,,8.279935224,estimated,FALSE,EVIDENCIA_IDENTIDADE_INCOMPLETA; INCONCLUSIVO,APRESENTACAO_NAO_EXPLICITA,,Completar fontes e vínculos,mercado/VTK017557.json,2026-09-05T15:16:37.457Z
VTK017474,Cabo Rca Injetado Technoise Series 200 Pro 4mm - 3m,Evolusom Comercial Ltda,10.45,46,FALSE,NAO_CONCLUSIVO,INCONCLUSIVOS,INCONCLUSIVO,IDENTIDADE_INCONCLUSIVA,INCONCLUSIVO,INCONCLUSIVO,SEM_EVIDENCIA_DE_DEMANDA,,,,,,,8.279935224,estimated,FALSE,EVIDENCIA_IDENTIDADE_INCOMPLETA; INCONCLUSIVO,APRESENTACAO_NAO_EXPLICITA,,Completar fontes e vínculos,,2026-09-05T15:16:37.457Z
VTK017556,Botoeira Citrox Inox Touch N.a. N.f - Cx-4512,Evolusom Comercial Ltda,95.9,46,FALSE,NAO_CONCLUSIVO,INCONCLUSIVOS,INCONCLUSIVO,IDENTIDADE_COHERENTE,INCONCLUSIVO,INCONCLUSIVO,SEM_EVIDENCIA_DE_DEMANDA,61.93,,,,,,8.279935224,estimated,FALSE,INCONCLUSIVO,APRESENTACAO_NAO_EXPLICITA,,Completar fontes e vínculos,mercado/VTK017556.json,2026-09-05T15:16:37.457Z
VTK017559,Tapete Amapa Universal Multi Aplicação Serie 2,Evolusom Comercial Ltda,77.9,46,FALSE,NAO_CONCLUSIVO,INCONCLUSIVOS,INCONCLUSIVO,IDENTIDADE_INCONCLUSIVA,INCONCLUSIVO,INCONCLUSIVO,SEM_EVIDENCIA_DE_DEMANDA,,,,,,,8.279935224,estimated,FALSE,EVIDENCIA_IDENTIDADE_INCOMPLETA; INCONCLUSIVO,APRESENTACAO_NAO_EXPLICITA,,Completar fontes e vínculos,,2026-09-05T15:16:37.457Z
VTK017561,Lâmpada Halógena Code Super Branca H8 35w 12v Par,Evolusom Comercial Ltda,17.9,46,FALSE,NAO_CONCLUSIVO,INCONCLUSIVOS,INCONCLUSIVO,IDENTIDADE_INCONCLUSIVA,INCONCLUSIVO,INCONCLUSIVO,SEM_EVIDENCIA_DE_DEMANDA,,,,,,,8.279935224,estimated,FALSE,EVIDENCIA_IDENTIDADE_INCOMPLETA; INCONCLUSIVO,,,Completar fontes e vínculos,mercado/VTK017561.json,2026-09-05T15:16:37.457Z
VTK017302,Câmera Dome Citrox Plastica 4x1 720p 1/ 4 Ir20m Cx-2921,Evolusom Comercial Ltda,46.9,45,FALSE,NAO_CONCLUSIVO,INCONCLUSIVOS,INCONCLUSIVO,IDENTIDADE_INCONCLUSIVA,INCONCLUSIVO,INCONCLUSIVO,SEM_EVIDENCIA_DE_DEMANDA,79.9,,,,,,8.279935224,estimated,FALSE,EVIDENCIA_IDENTIDADE_INCOMPLETA; INCONCLUSIVO,APRESENTACAO_NAO_EXPLICITA,,Completar fontes e vínculos,mercado/VTK017302.json,2026-09-05T15:16:37.457Z
VTK017415,Espuma Para Chicote Technoise Rolo 2m Com Cola (caixa Com 10),Evolusom Comercial Ltda,19.9,45,FALSE,NAO_CONCLUSIVO,INCONCLUSIVOS,INCONCLUSIVO,IDENTIDADE_COHERENTE,INCONCLUSIVO,INCONCLUSIVO,SEM_EVIDENCIA_DE_DEMANDA,34.99,,,,,,8.279935224,estimated,FALSE,INCONCLUSIVO,,,Completar fontes e vínculos,mercado/VTK017415.json,2026-09-05T15:16:37.457Z
VTK017425,"Tablet Multilaser Frozen Nb416 4gb Ram 64gb Tela 7"" Android 13 Quad Core + Case",Evolusom Comercial Ltda,499.9,45,FALSE,NAO_CONCLUSIVO,INCONCLUSIVOS,INCONCLUSIVO,IDENTIDADE_COHERENTE,INCONCLUSIVO,INCONCLUSIVO,SEM_EVIDENCIA_DE_DEMANDA,563.76,,,,,,8.279935224,estimated,FALSE,INCONCLUSIVO,APRESENTACAO_NAO_EXPLICITA,,Completar fontes e vínculos,mercado/VTK017425.json,2026-09-05T15:16:37.457Z
VTK017543,Jogo De Garras Western Com 2 Para Cabo De Bateria 500a,Evolusom Comercial Ltda,18.99,45,FALSE,NAO_CONCLUSIVO,INCONCLUSIVOS,INCONCLUSIVO,IDENTIDADE_INCONCLUSIVA,INCONCLUSIVO,INCONCLUSIVO,SEM_EVIDENCIA_DE_DEMANDA,49.92,,,,,,8.279935224,estimated,FALSE,EVIDENCIA_IDENTIDADE_INCOMPLETA; COMPOSICAO_KIT_NAO_COMPROVADA; INCONCLUSIVO,,Fornecedor vende jogo de duas garras; confirmar conteúdo do catálogo antes de usar seu preço como comparável.,Completar fontes e vínculos,mercado/VTK017543.json,2026-09-05T15:16:37.457Z
VTK017549,Jogo De Chaves Torx Longa Western Com 9 Peças,Evolusom Comercial Ltda,15.6,45,FALSE,NAO_CONCLUSIVO,INCONCLUSIVOS,INCONCLUSIVO,IDENTIDADE_INCONCLUSIVA,INCONCLUSIVO,INCONCLUSIVO,SEM_EVIDENCIA_DE_DEMANDA,29.58,,,,,,8.279935224,estimated,FALSE,EVIDENCIA_IDENTIDADE_INCOMPLETA; INCONCLUSIVO,,,Completar fontes e vínculos,mercado/VTK017549.json,2026-09-05T15:16:37.457Z
VTK017565,Suporte Para Trava Elétrica Luferma Lsm36 Pick-up Hoggar 2 Portas,Evolusom Comercial Ltda,14.63,45,FALSE,NAO_CONCLUSIVO,INCONCLUSIVOS,INCONCLUSIVO,IDENTIDADE_INCONCLUSIVA,INCONCLUSIVO,INCONCLUSIVO,SEM_EVIDENCIA_DE_DEMANDA,,,,,,,8.279935224,estimated,FALSE,EVIDENCIA_IDENTIDADE_INCOMPLETA; INCONCLUSIVO,APRESENTACAO_NAO_EXPLICITA,,Completar fontes e vínculos,,2026-09-05T15:16:37.457Z
VTK017762,Microfone Mxt Dinâmico Pro Bt-58a Metal Com Fio 4.5 Metros Od 5 Mm,Evolusom Comercial Ltda,63.9,45,FALSE,NAO_CONCLUSIVO,INCONCLUSIVOS,INCONCLUSIVO,IDENTIDADE_INCONCLUSIVA,INCONCLUSIVO,INCONCLUSIVO,SEM_EVIDENCIA_DE_DEMANDA,228.99,,,,,,8.279935224,estimated,FALSE,EVIDENCIA_IDENTIDADE_INCOMPLETA; COMPOSICAO_KIT_NAO_COMPROVADA; INCONCLUSIVO,,Microfone unitário comparado a kit de três microfones com maleta; correspondência rejeitada.,Completar fontes e vínculos,mercado/VTK017762.json,2026-09-05T15:16:37.457Z
VTK018841,Cabo Vga Macho X Vga Macho Mxt Dupla Blindagem Com Filtro 5.8mm - 03 Metros,Evolusom Comercial Ltda,12.4,45,FALSE,NAO_CONCLUSIVO,INCONCLUSIVOS,INCONCLUSIVO,IDENTIDADE_COHERENTE,INCONCLUSIVO,INCONCLUSIVO,SEM_EVIDENCIA_DE_DEMANDA,24.99,,,,,,8.279935224,estimated,FALSE,INCONCLUSIVO,APRESENTACAO_NAO_EXPLICITA,,Completar fontes e vínculos,mercado/VTK018841.json,2026-09-05T15:16:37.457Z
VTK012205,Pilha Alcalina D Cartela Com 2 Unidades Flex,BKR 1 Comercio e Importação Ltda,18,44,FALSE,NAO_CONCLUSIVO,INCONCLUSIVOS,INCONCLUSIVO,IDENTIDADE_COHERENTE,INCONCLUSIVO,INCONCLUSIVO,SEM_EVIDENCIA_DE_DEMANDA,29.9,,,,,,8.279935224,estimated,FALSE,INCONCLUSIVO,,,Completar fontes e vínculos,mercado/VTK012205.json,2026-09-05T15:16:37.457Z
VTK012981,Correia Ny 01 Marrom Sintetico Basso,BKR 1 Comercio e Importação Ltda,15.08,44,FALSE,NAO_CONCLUSIVO,INCONCLUSIVOS,INCONCLUSIVO,IDENTIDADE_INCONCLUSIVA,INCONCLUSIVO,INCONCLUSIVO,SEM_EVIDENCIA_DE_DEMANDA,,,,,,,8.279935224,estimated,FALSE,EVIDENCIA_IDENTIDADE_INCOMPLETA; INCONCLUSIVO,APRESENTACAO_NAO_EXPLICITA,,Completar fontes e vínculos,,2026-09-05T15:16:37.457Z
VTK017517,Antena Para Tv Digital Externa Proeletronic Prohd-1300dblte 32 Elementos,Evolusom Comercial Ltda,37.9,44,FALSE,NAO_CONCLUSIVO,INCONCLUSIVOS,INCONCLUSIVO,IDENTIDADE_INCONCLUSIVA,INCONCLUSIVO,INCONCLUSIVO,SEM_EVIDENCIA_DE_DEMANDA,,,,,,,8.279935224,estimated,FALSE,EVIDENCIA_IDENTIDADE_INCOMPLETA; INCONCLUSIVO,APRESENTACAO_NAO_EXPLICITA,,Completar fontes e vínculos,,2026-09-05T15:16:37.457Z
VTK017563,"Suporte Articulado De Mesa Proeletronic Pqsm-mo01 Para Monitor 13""-27""",Evolusom Comercial Ltda,99.9,44,FALSE,NAO_CONCLUSIVO,INCONCLUSIVOS,INCONCLUSIVO,IDENTIDADE_INCONCLUSIVA,INCONCLUSIVO,INCONCLUSIVO,SEM_EVIDENCIA_DE_DEMANDA,126,,,,,,8.279935224,estimated,FALSE,EVIDENCIA_IDENTIDADE_INCOMPLETA; INCONCLUSIVO,APRESENTACAO_NAO_EXPLICITA,,Completar fontes e vínculos,mercado/VTK017563.json,2026-09-05T15:16:37.457Z
VTK017564,Porca Para Parafuso 5/ 32 Para Tela (pacote Com 500 Und),Evolusom Comercial Ltda,44.9,44,FALSE,NAO_CONCLUSIVO,INCONCLUSIVOS,INCONCLUSIVO,IDENTIDADE_INCONCLUSIVA,INCONCLUSIVO,INCONCLUSIVO,SEM_EVIDENCIA_DE_DEMANDA,,,,,,,8.279935224,estimated,FALSE,EVIDENCIA_IDENTIDADE_INCOMPLETA; COMPOSICAO_KIT_NAO_COMPROVADA; INCONCLUSIVO,,,Completar fontes e vínculos,,2026-09-05T15:16:37.457Z
VTK017586,Tablet Multilaser Hot Wheels M8 Wifi 4/64gb Nb435,Evolusom Comercial Ltda,599.9,44,FALSE,NAO_CONCLUSIVO,INCONCLUSIVOS,INCONCLUSIVO,IDENTIDADE_COHERENTE,INCONCLUSIVO,INCONCLUSIVO,SEM_EVIDENCIA_DE_DEMANDA,592.64,,,,,,8.279935224,estimated,FALSE,INCONCLUSIVO,APRESENTACAO_NAO_EXPLICITA,,Completar fontes e vínculos,mercado/VTK017586.json,2026-09-05T15:16:37.457Z
VTK005054,Pasta Térmica Ts Cold 4g Implastec,Evolusom Comercial Ltda,32.5,43,FALSE,NAO_CONCLUSIVO,INCONCLUSIVOS,INCONCLUSIVO,IDENTIDADE_COHERENTE,INCONCLUSIVO,INCONCLUSIVO,SEM_EVIDENCIA_DE_DEMANDA,,,,,,,8.279935224,estimated,FALSE,INCONCLUSIVO,APRESENTACAO_NAO_EXPLICITA,,Completar fontes e vínculos,mercado/VTK005054.json,2026-09-05T15:16:37.457Z
VTK017495,"Alto Falante 6x9"" Hurricane Class Cm 69 Quadriaxial 90w Rms 4r Par",Evolusom Comercial Ltda,114.9,43,FALSE,NAO_CONCLUSIVO,INCONCLUSIVOS,INCONCLUSIVO,IDENTIDADE_COHERENTE,INCONCLUSIVO,INCONCLUSIVO,SEM_EVIDENCIA_DE_DEMANDA,146.39,,,,,,8.279935224,estimated,FALSE,INCONCLUSIVO,,,Completar fontes e vínculos,mercado/VTK017495.json,2026-09-05T15:16:37.457Z
VTK017580,"Usiplas Aeroduto 4"" Cromado Azul 1091 Plast.p/acab.cx.som",Evolusom Comercial Ltda,10.45,43,FALSE,NAO_CONCLUSIVO,INCONCLUSIVOS,INCONCLUSIVO,IDENTIDADE_INCONCLUSIVA,INCONCLUSIVO,INCONCLUSIVO,SEM_EVIDENCIA_DE_DEMANDA,,,,,,,8.279935224,estimated,FALSE,EVIDENCIA_IDENTIDADE_INCOMPLETA; INCONCLUSIVO,APRESENTACAO_NAO_EXPLICITA,,Completar fontes e vínculos,,2026-09-05T15:16:37.457Z
VTK017583,Decapador Roletador Evus Ev-21 Para Tubo Loose 45/163,Evolusom Comercial Ltda,69.9,43,FALSE,NAO_CONCLUSIVO,INCONCLUSIVOS,INCONCLUSIVO,IDENTIDADE_COHERENTE,INCONCLUSIVO,INCONCLUSIVO,SEM_EVIDENCIA_DE_DEMANDA,,,,,,,8.279935224,estimated,FALSE,INCONCLUSIVO,APRESENTACAO_NAO_EXPLICITA,,Completar fontes e vínculos,mercado/VTK017583.json,2026-09-05T15:16:37.457Z
VTK017590,Suporte Para Trava Elétrica Luferma Meriva 4 Portas,Evolusom Comercial Ltda,15.25,43,FALSE,NAO_CONCLUSIVO,INCONCLUSIVOS,INCONCLUSIVO,IDENTIDADE_INCONCLUSIVA,INCONCLUSIVO,INCONCLUSIVO,SEM_EVIDENCIA_DE_DEMANDA,,,,,,,8.279935224,estimated,FALSE,EVIDENCIA_IDENTIDADE_INCOMPLETA; INCONCLUSIVO,APRESENTACAO_NAO_EXPLICITA,,Completar fontes e vínculos,,2026-09-05T15:16:37.457Z
VTK019149,Auto Rádio Positron Sp2230bt Bluetooth/usb/sd/auxiliar,Evolusom Comercial Ltda,152.9,43,FALSE,NAO_CONCLUSIVO,INCONCLUSIVOS,INCONCLUSIVO,IDENTIDADE_INCONCLUSIVA,INCONCLUSIVO,INCONCLUSIVO,SEM_EVIDENCIA_DE_DEMANDA,,,,,,,8.279935224,estimated,FALSE,EVIDENCIA_IDENTIDADE_INCOMPLETA; INCONCLUSIVO,APRESENTACAO_NAO_EXPLICITA,,Completar fontes e vínculos,,2026-09-05T15:16:37.457Z
VTK000985,Adaptador P10 Estéreo Fêmea Santo Angelo,Evolusom Comercial Ltda,13.4,42,FALSE,NAO_CONCLUSIVO,INCONCLUSIVOS,INCONCLUSIVO,IDENTIDADE_INCONCLUSIVA,INCONCLUSIVO,INCONCLUSIVO,SEM_EVIDENCIA_DE_DEMANDA,25,,,,,,8.279935224,estimated,FALSE,EVIDENCIA_IDENTIDADE_INCOMPLETA; INCONCLUSIVO,APRESENTACAO_NAO_EXPLICITA,,Completar fontes e vínculos,mercado/VTK000985.json,2026-09-05T15:16:37.457Z
VTK017416,Jogo De Brocas Aço Rápido Western Com 13 Peças,Evolusom Comercial Ltda,18.9,42,FALSE,NAO_CONCLUSIVO,INCONCLUSIVOS,INCONCLUSIVO,IDENTIDADE_INCONCLUSIVA,INCONCLUSIVO,INCONCLUSIVO,SEM_EVIDENCIA_DE_DEMANDA,31.39,,,,,,8.279935224,estimated,FALSE,EVIDENCIA_IDENTIDADE_INCOMPLETA; INCONCLUSIVO,,,Completar fontes e vínculos,mercado/VTK017416.json,2026-09-05T15:16:37.457Z
VTK017463,Lâmpada Led Roadstar Xtrem Light Rs-h7 19br Es - Par,Evolusom Comercial Ltda,154.9,42,FALSE,NAO_CONCLUSIVO,INCONCLUSIVOS,INCONCLUSIVO,IDENTIDADE_INCONCLUSIVA,INCONCLUSIVO,INCONCLUSIVO,SEM_EVIDENCIA_DE_DEMANDA,,,,,,,8.279935224,estimated,FALSE,EVIDENCIA_IDENTIDADE_INCOMPLETA; COMPOSICAO_KIT_NAO_COMPROVADA; INCONCLUSIVO,,,Completar fontes e vínculos,,2026-09-05T15:16:37.457Z
VTK017591,Centralina Positron Sw275vw Gol/saveiro/voyage G5,Evolusom Comercial Ltda,26.99,42,FALSE,NAO_CONCLUSIVO,INCONCLUSIVOS,INCONCLUSIVO,IDENTIDADE_INCONCLUSIVA,INCONCLUSIVO,INCONCLUSIVO,SEM_EVIDENCIA_DE_DEMANDA,,,,,,,8.279935224,estimated,FALSE,EVIDENCIA_IDENTIDADE_INCOMPLETA; INCONCLUSIVO,APRESENTACAO_NAO_EXPLICITA,,Completar fontes e vínculos,mercado/VTK017591.json,2026-09-05T15:16:37.457Z
VTK017595,Lâmpada Halógena Code Super Branca Hb39005 60w Par,Evolusom Comercial Ltda,17.9,42,FALSE,NAO_CONCLUSIVO,INCONCLUSIVOS,INCONCLUSIVO,IDENTIDADE_COHERENTE,INCONCLUSIVO,INCONCLUSIVO,SEM_EVIDENCIA_DE_DEMANDA,,,,,,,8.279935224,estimated,FALSE,INCONCLUSIVO,,,Completar fontes e vínculos,mercado/VTK017595.json,2026-09-05T15:16:37.457Z
VTK018839,"Alto Falante Kit Prático Hurricane Par 6"" Triak6 + Par 6x9"" Cm69",Evolusom Comercial Ltda,179.9,42,FALSE,NAO_CONCLUSIVO,INCONCLUSIVOS,INCONCLUSIVO,IDENTIDADE_INCONCLUSIVA,INCONCLUSIVO,INCONCLUSIVO,SEM_EVIDENCIA_DE_DEMANDA,179,,,,,,8.279935224,estimated,FALSE,EVIDENCIA_IDENTIDADE_INCOMPLETA; COMPOSICAO_KIT_NAO_COMPROVADA; INCONCLUSIVO,,,Completar fontes e vínculos,mercado/VTK018839.json,2026-09-05T15:16:37.457Z
VTK019037,Headset Logitech H390 Usb,Evolusom Comercial Ltda,199.9,42,FALSE,NAO_CONCLUSIVO,INCONCLUSIVOS,INCONCLUSIVO,IDENTIDADE_INCONCLUSIVA,INCONCLUSIVO,INCONCLUSIVO,SEM_EVIDENCIA_DE_DEMANDA,,,,,,,8.279935224,estimated,FALSE,EVIDENCIA_IDENTIDADE_INCOMPLETA; INCONCLUSIVO,APRESENTACAO_NAO_EXPLICITA,,Completar fontes e vínculos,,2026-09-05T15:16:37.457Z
VTK001850,Ponta de Prova Grossa PVC HK-1 CAT II Hikari,Evolusom Comercial Ltda,15.6,41,FALSE,NAO_CONCLUSIVO,INCONCLUSIVOS,INCONCLUSIVO,IDENTIDADE_COHERENTE,INCONCLUSIVO,INCONCLUSIVO,SEM_EVIDENCIA_DE_DEMANDA,23.82,,,,,,8.279935224,estimated,FALSE,INCONCLUSIVO,APRESENTACAO_NAO_EXPLICITA,,Completar fontes e vínculos,mercado/VTK001850.json,2026-09-05T15:16:37.457Z
VTK017438,Câmera Angular Olho De Peixe Roadstar Rs285br Visão 180º Ré Ou Frontal,Evolusom Comercial Ltda,85.9,41,FALSE,NAO_CONCLUSIVO,INCONCLUSIVOS,INCONCLUSIVO,IDENTIDADE_COHERENTE,INCONCLUSIVO,INCONCLUSIVO,SEM_EVIDENCIA_DE_DEMANDA,100,,,,,,8.279935224,estimated,FALSE,INCONCLUSIVO,APRESENTACAO_NAO_EXPLICITA,,Completar fontes e vínculos,mercado/VTK017438.json,2026-09-05T15:16:37.457Z
VTK017464,Cabo Hdmi 2.1 8k Aquário Ultra Hd 120fps - 1 Metro,Evolusom Comercial Ltda,17.9,41,FALSE,NAO_CONCLUSIVO,INCONCLUSIVOS,INCONCLUSIVO,IDENTIDADE_COHERENTE,INCONCLUSIVO,INCONCLUSIVO,SEM_EVIDENCIA_DE_DEMANDA,25.9,,,,,,8.279935224,estimated,FALSE,INCONCLUSIVO,APRESENTACAO_NAO_EXPLICITA,,Completar fontes e vínculos,mercado/VTK017464.json,2026-09-05T15:16:37.457Z
VTK017598,Reparo Rpd350 Jbl Selenium Pancadão,Evolusom Comercial Ltda,133.5,41,FALSE,NAO_CONCLUSIVO,INCONCLUSIVOS,INCONCLUSIVO,IDENTIDADE_INCONCLUSIVA,INCONCLUSIVO,INCONCLUSIVO,SEM_EVIDENCIA_DE_DEMANDA,184,,,,,,8.279935224,estimated,FALSE,COMPOSICAO_KIT_NAO_COMPROVADA; INCONCLUSIVO,,,Completar fontes e vínculos,mercado/VTK017598.json,2026-09-05T15:16:37.457Z
VTK017605,Resistencia Zagonel Pratica 127v 9205000027,Evolusom Comercial Ltda,10.04,40,FALSE,NAO_CONCLUSIVO,INCONCLUSIVOS,INCONCLUSIVO,IDENTIDADE_INCONCLUSIVA,INCONCLUSIVO,INCONCLUSIVO,SEM_EVIDENCIA_DE_DEMANDA,,,,,,,8.279935224,estimated,FALSE,EVIDENCIA_IDENTIDADE_INCOMPLETA; INCONCLUSIVO,APRESENTACAO_NAO_EXPLICITA,,Completar fontes e vínculos,mercado/VTK017605.json,2026-09-05T15:16:37.457Z
VTK017613,Módulo Fks Para Reboque Mr200 Com 4 Saídas,Evolusom Comercial Ltda,58.9,40,FALSE,NAO_CONCLUSIVO,INCONCLUSIVOS,INCONCLUSIVO,IDENTIDADE_INCONCLUSIVA,INCONCLUSIVO,INCONCLUSIVO,SEM_EVIDENCIA_DE_DEMANDA,64.5,,,,,,8.279935224,estimated,FALSE,EVIDENCIA_IDENTIDADE_INCOMPLETA; INCONCLUSIVO,APRESENTACAO_NAO_EXPLICITA,,Completar fontes e vínculos,mercado/VTK017613.json,2026-09-05T15:16:37.457Z
VTK017683,Controle Remoto Mxt 01281 Tv Led Lg (my Apps) Akb73615319,Evolusom Comercial Ltda,11.95,40,FALSE,NAO_CONCLUSIVO,INCONCLUSIVOS,INCONCLUSIVO,IDENTIDADE_COHERENTE,INCONCLUSIVO,INCONCLUSIVO,SEM_EVIDENCIA_DE_DEMANDA,,,,,,,8.279935224,estimated,FALSE,INCONCLUSIVO,APRESENTACAO_NAO_EXPLICITA,,Completar fontes e vínculos,mercado/VTK017683.json,2026-09-05T15:16:37.457Z
VTK026008,Suporte De Parede Para Caixa Acústica Spc25 Saty,BKR 1 Comercio e Importação Ltda,52.63,40,FALSE,NAO_CONCLUSIVO,INCONCLUSIVOS,INCONCLUSIVO,IDENTIDADE_COHERENTE,INCONCLUSIVO,INCONCLUSIVO,SEM_EVIDENCIA_DE_DEMANDA,67,,,,,,8.279935224,estimated,FALSE,INCONCLUSIVO,APRESENTACAO_NAO_EXPLICITA,,Completar fontes e vínculos,mercado/VTK026008.json,2026-09-05T15:16:37.457Z
VTK026121,Cola Bastão 10g Pritt,BKR 1 Comercio e Importação Ltda,6.92,40,FALSE,NAO_CONCLUSIVO,INCONCLUSIVOS,INCONCLUSIVO,IDENTIDADE_INCONCLUSIVA,INCONCLUSIVO,INCONCLUSIVO,SEM_EVIDENCIA_DE_DEMANDA,37.9,,,,,,8.279935224,estimated,FALSE,EVIDENCIA_IDENTIDADE_INCOMPLETA; COMPOSICAO_KIT_NAO_COMPROVADA; INCONCLUSIVO,,,Completar fontes e vínculos,mercado/VTK026121.json,2026-09-05T15:16:37.457Z
VTK017444,Fonte De Alimentação Aquário Para Smart Tv Box Stv-3000 Plus Bivolt,Evolusom Comercial Ltda,19.95,39,FALSE,NAO_CONCLUSIVO,INCONCLUSIVOS,INCONCLUSIVO,IDENTIDADE_COHERENTE,INCONCLUSIVO,INCONCLUSIVO,SEM_EVIDENCIA_DE_DEMANDA,35.91,,,,,,8.279935224,estimated,FALSE,INCONCLUSIVO,APRESENTACAO_NAO_EXPLICITA,,Completar fontes e vínculos,mercado/VTK017444.json,2026-09-05T15:16:37.457Z
VTK017551,"Monitor Brx Slim Led 17"" Hdmi + Vga",Evolusom Comercial Ltda,229.9,39,FALSE,NAO_CONCLUSIVO,INCONCLUSIVOS,INCONCLUSIVO,IDENTIDADE_COHERENTE,INCONCLUSIVO,INCONCLUSIVO,SEM_EVIDENCIA_DE_DEMANDA,249.9,,,,,,8.279935224,estimated,FALSE,INCONCLUSIVO,APRESENTACAO_NAO_EXPLICITA,,Completar fontes e vínculos,mercado/VTK017551.json,2026-09-05T15:16:37.457Z
VTK017623,Santo Angelo Conector P3 Mod P3 Sas Op03,Evolusom Comercial Ltda,12.8,39,FALSE,NAO_CONCLUSIVO,INCONCLUSIVOS,INCONCLUSIVO,IDENTIDADE_INCONCLUSIVA,INCONCLUSIVO,INCONCLUSIVO,SEM_EVIDENCIA_DE_DEMANDA,,,,,,,8.279935224,estimated,FALSE,EVIDENCIA_IDENTIDADE_INCOMPLETA; COMPOSICAO_KIT_NAO_COMPROVADA; INCONCLUSIVO,,,Completar fontes e vínculos,mercado/VTK017623.json,2026-09-05T15:16:37.457Z
VTK017625,Receptor Sulton Srx 302 3 Rele,Evolusom Comercial Ltda,55.9,39,FALSE,NAO_CONCLUSIVO,INCONCLUSIVOS,INCONCLUSIVO,IDENTIDADE_INCONCLUSIVA,INCONCLUSIVO,INCONCLUSIVO,SEM_EVIDENCIA_DE_DEMANDA,,,,,,,8.279935224,estimated,FALSE,EVIDENCIA_IDENTIDADE_INCOMPLETA; INCONCLUSIVO,APRESENTACAO_NAO_EXPLICITA,,Completar fontes e vínculos,,2026-09-05T15:16:37.457Z
VTK026009,Capa Chave Canivete Compatível Fiat 500 3 B,BKR 1 Comercio e Importação Ltda,25.2,39,FALSE,NAO_CONCLUSIVO,INCONCLUSIVOS,INCONCLUSIVO,IDENTIDADE_INCONCLUSIVA,INCONCLUSIVO,INCONCLUSIVO,SEM_EVIDENCIA_DE_DEMANDA,,,,,,,8.279935224,estimated,FALSE,EVIDENCIA_IDENTIDADE_INCOMPLETA; INCONCLUSIVO,APRESENTACAO_NAO_EXPLICITA,,Completar fontes e vínculos,,2026-09-05T15:16:37.457Z
VTK019033,Combo Teclado E Mouse Wireless Logitech Mk220 Usb Preto Sem Fio,Evolusom Comercial Ltda,124.9,38,FALSE,NAO_CONCLUSIVO,INCONCLUSIVOS,INCONCLUSIVO,IDENTIDADE_INCONCLUSIVA,INCONCLUSIVO,INCONCLUSIVO,SEM_EVIDENCIA_DE_DEMANDA,,,,,,,8.279935224,estimated,FALSE,EVIDENCIA_IDENTIDADE_INCOMPLETA; INCONCLUSIVO,APRESENTACAO_NAO_EXPLICITA,,Completar fontes e vínculos,,2026-09-05T15:16:37.457Z
VTK026007,Banqueta Para Teclado Gbt-15 Saty,BKR 1 Comercio e Importação Ltda,86.83,38,FALSE,NAO_CONCLUSIVO,INCONCLUSIVOS,INCONCLUSIVO,IDENTIDADE_INCONCLUSIVA,INCONCLUSIVO,INCONCLUSIVO,SEM_EVIDENCIA_DE_DEMANDA,110,,,,,,8.279935224,estimated,FALSE,EVIDENCIA_IDENTIDADE_INCOMPLETA; INCONCLUSIVO,APRESENTACAO_NAO_EXPLICITA,,Completar fontes e vínculos,mercado/VTK026007.json,2026-09-05T15:16:37.457Z
VTK012237,Palheta Bori Grl At-r16147 Rio Xxl (preto) R21032 10un,BKR 1 Comercio e Importação Ltda,10,37,FALSE,NAO_CONCLUSIVO,INCONCLUSIVOS,INCONCLUSIVO,IDENTIDADE_INCONCLUSIVA,INCONCLUSIVO,INCONCLUSIVO,SEM_EVIDENCIA_DE_DEMANDA,,,,,,,8.279935224,estimated,FALSE,EVIDENCIA_IDENTIDADE_INCOMPLETA; COMPOSICAO_KIT_NAO_COMPROVADA; INCONCLUSIVO,,,Completar fontes e vínculos,,2026-09-05T15:16:37.457Z
VTK017395,Cabo Rca Technoise Blindado 400 Pro 5mm Vermelho - 5m,Evolusom Comercial Ltda,36.9,37,FALSE,NAO_CONCLUSIVO,INCONCLUSIVOS,INCONCLUSIVO,IDENTIDADE_INCONCLUSIVA,INCONCLUSIVO,INCONCLUSIVO,SEM_EVIDENCIA_DE_DEMANDA,47.4,,,,,,8.279935224,estimated,FALSE,EVIDENCIA_IDENTIDADE_INCOMPLETA; INCONCLUSIVO,APRESENTACAO_NAO_EXPLICITA,,Completar fontes e vínculos,mercado/VTK017395.json,2026-09-05T15:16:37.457Z
VTK017412,Cabo Rca Macho X Macho Technoise 400 Pro Blindado 5mm Vermelho - 1m,Evolusom Comercial Ltda,22.9,37,FALSE,NAO_CONCLUSIVO,INCONCLUSIVOS,INCONCLUSIVO,IDENTIDADE_INCONCLUSIVA,INCONCLUSIVO,INCONCLUSIVO,SEM_EVIDENCIA_DE_DEMANDA,37.5,,,,,,8.279935224,estimated,FALSE,EVIDENCIA_IDENTIDADE_INCOMPLETA; INCONCLUSIVO,APRESENTACAO_NAO_EXPLICITA,,Completar fontes e vínculos,mercado/VTK017412.json,2026-09-05T15:16:37.457Z
VTK017602,Controle Remoto Aquário Para Stv-3000plus,Evolusom Comercial Ltda,16.3,37,FALSE,NAO_CONCLUSIVO,INCONCLUSIVOS,INCONCLUSIVO,IDENTIDADE_COHERENTE,INCONCLUSIVO,INCONCLUSIVO,SEM_EVIDENCIA_DE_DEMANDA,28.46,,,,,,8.279935224,estimated,FALSE,INCONCLUSIVO,APRESENTACAO_NAO_EXPLICITA,,Completar fontes e vínculos,mercado/VTK017602.json,2026-09-05T15:16:37.457Z
VTK017624,"Calota Grid Aro 14"" Modelo Nova Strada 2021 - PC / 4",Evolusom Comercial Ltda,47.8,37,FALSE,NAO_CONCLUSIVO,INCONCLUSIVOS,INCONCLUSIVO,IDENTIDADE_INCONCLUSIVA,INCONCLUSIVO,INCONCLUSIVO,SEM_EVIDENCIA_DE_DEMANDA,,,,,,,8.279935224,estimated,FALSE,EVIDENCIA_IDENTIDADE_INCOMPLETA; INCONCLUSIVO,APRESENTACAO_NAO_EXPLICITA,,Completar fontes e vínculos,,2026-09-05T15:16:37.457Z
VTK017629,"Cabo Extensão De Antena Permak 2,50 Metros - PC / 2",Evolusom Comercial Ltda,29.8,37,FALSE,NAO_CONCLUSIVO,INCONCLUSIVOS,INCONCLUSIVO,IDENTIDADE_INCONCLUSIVA,INCONCLUSIVO,INCONCLUSIVO,SEM_EVIDENCIA_DE_DEMANDA,,,,,,,8.279935224,estimated,FALSE,EVIDENCIA_IDENTIDADE_INCOMPLETA; INCONCLUSIVO,APRESENTACAO_NAO_EXPLICITA,,Completar fontes e vínculos,,2026-09-05T15:16:37.457Z
VTK017635,Audiovision Kit Instalação Hdmi P/tv Plasma E Lcd 127v,Evolusom Comercial Ltda,134.9,37,FALSE,NAO_CONCLUSIVO,INCONCLUSIVOS,INCONCLUSIVO,IDENTIDADE_INCONCLUSIVA,INCONCLUSIVO,INCONCLUSIVO,SEM_EVIDENCIA_DE_DEMANDA,,,,,,,8.279935224,estimated,FALSE,COMPOSICAO_KIT_NAO_COMPROVADA; INCONCLUSIVO,,,Completar fontes e vínculos,mercado/VTK017635.json,2026-09-05T15:16:37.457Z
VTK017637,Central De Alarme Sulton Cls 1400 Não Monitorada 10 Zonas,Evolusom Comercial Ltda,122.9,37,FALSE,NAO_CONCLUSIVO,INCONCLUSIVOS,INCONCLUSIVO,IDENTIDADE_COHERENTE,INCONCLUSIVO,INCONCLUSIVO,SEM_EVIDENCIA_DE_DEMANDA,,,,,,,8.279935224,estimated,FALSE,INCONCLUSIVO,APRESENTACAO_NAO_EXPLICITA,,Completar fontes e vínculos,mercado/VTK017637.json,2026-09-05T15:16:37.457Z
VTK004510,Encordoamento Para Viola GESVBM Aço Com Bolinha Gianinni,Evolusom Comercial Ltda,15.55,36,FALSE,NAO_CONCLUSIVO,INCONCLUSIVOS,INCONCLUSIVO,IDENTIDADE_INCONCLUSIVA,INCONCLUSIVO,INCONCLUSIVO,SEM_EVIDENCIA_DE_DEMANDA,,,,,,,8.279935224,estimated,FALSE,COMPOSICAO_KIT_NAO_COMPROVADA; INCONCLUSIVO,,,Completar fontes e vínculos,mercado/VTK004510.json,2026-09-05T15:16:37.457Z
VTK012236,"Palheta Bori Grl At-r16104 Picker 0,96 Mm (amarelo) R21005 10un",BKR 1 Comercio e Importação Ltda,10.18,36,FALSE,NAO_CONCLUSIVO,INCONCLUSIVOS,INCONCLUSIVO,IDENTIDADE_INCONCLUSIVA,INCONCLUSIVO,INCONCLUSIVO,SEM_EVIDENCIA_DE_DEMANDA,,,,,,,8.279935224,estimated,FALSE,EVIDENCIA_IDENTIDADE_INCOMPLETA; COMPOSICAO_KIT_NAO_COMPROVADA; INCONCLUSIVO,,,Completar fontes e vínculos,,2026-09-05T15:16:37.457Z
VTK017301,Modulo Soft Pw Duo 2 Portas,Evolusom Comercial Ltda,54.9,36,FALSE,NAO_CONCLUSIVO,INCONCLUSIVOS,INCONCLUSIVO,IDENTIDADE_INCONCLUSIVA,INCONCLUSIVO,INCONCLUSIVO,SEM_EVIDENCIA_DE_DEMANDA,,,,,,,8.279935224,estimated,FALSE,EVIDENCIA_IDENTIDADE_INCOMPLETA; INCONCLUSIVO,APRESENTACAO_NAO_EXPLICITA,,Completar fontes e vínculos,mercado/VTK017301.json,2026-09-05T15:16:37.457Z
VTK017560,Câmera De Ré Ou Frontal 180° Roadstar Rs-180br Plus,Evolusom Comercial Ltda,59.9,36,FALSE,NAO_CONCLUSIVO,INCONCLUSIVOS,INCONCLUSIVO,IDENTIDADE_COHERENTE,INCONCLUSIVO,INCONCLUSIVO,SEM_EVIDENCIA_DE_DEMANDA,74.9,,,,,,8.279935224,estimated,FALSE,INCONCLUSIVO,APRESENTACAO_NAO_EXPLICITA,,Completar fontes e vínculos,mercado/VTK017560.json,2026-09-05T15:16:37.457Z
VTK017616,Reparo Driver Titanium Shock Reparos D-210-ti Selenium,Evolusom Comercial Ltda,51.9,36,FALSE,NAO_CONCLUSIVO,INCONCLUSIVOS,INCONCLUSIVO,IDENTIDADE_INCONCLUSIVA,INCONCLUSIVO,INCONCLUSIVO,SEM_EVIDENCIA_DE_DEMANDA,,,,,,,8.279935224,estimated,FALSE,EVIDENCIA_IDENTIDADE_INCOMPLETA; INCONCLUSIVO,APRESENTACAO_NAO_EXPLICITA,,Completar fontes e vínculos,,2026-09-05T15:16:37.457Z
VTK017647,"Calota Grid Aro 15"" Modelo Punto 2015/2016",Evolusom Comercial Ltda,16.65,36,FALSE,NAO_CONCLUSIVO,INCONCLUSIVOS,INCONCLUSIVO,IDENTIDADE_INCONCLUSIVA,INCONCLUSIVO,INCONCLUSIVO,SEM_EVIDENCIA_DE_DEMANDA,,,,,,,8.279935224,estimated,FALSE,EVIDENCIA_IDENTIDADE_INCOMPLETA; INCONCLUSIVO,APRESENTACAO_NAO_EXPLICITA,,Completar fontes e vínculos,,2026-09-05T15:16:37.457Z
VTK018043,Alicate Descasca E Corta Mxt,Evolusom Comercial Ltda,12.8,36,FALSE,NAO_CONCLUSIVO,INCONCLUSIVOS,INCONCLUSIVO,IDENTIDADE_INCONCLUSIVA,INCONCLUSIVO,INCONCLUSIVO,SEM_EVIDENCIA_DE_DEMANDA,29.3,,,,,,8.279935224,estimated,FALSE,EVIDENCIA_IDENTIDADE_INCOMPLETA; INCONCLUSIVO,APRESENTACAO_NAO_EXPLICITA,,Completar fontes e vínculos,mercado/VTK018043.json,2026-09-05T15:16:37.457Z
VTK026122,Pilha Alcalina Aaa Palito 16 Unidades Taschibra,BKR 1 Comercio e Importação Ltda,20.73,36,FALSE,NAO_CONCLUSIVO,INCONCLUSIVOS,INCONCLUSIVO,IDENTIDADE_INCONCLUSIVA,INCONCLUSIVO,INCONCLUSIVO,SEM_EVIDENCIA_DE_DEMANDA,,,,,,,8.279935224,estimated,FALSE,EVIDENCIA_IDENTIDADE_INCOMPLETA; COMPOSICAO_KIT_NAO_COMPROVADA; INCONCLUSIVO,,,Completar fontes e vínculos,,2026-09-05T15:16:37.457Z
VTK026123,Pilha Alcalina Aa 16 Unidades Taschibra,BKR 1 Comercio e Importação Ltda,25.68,36,FALSE,NAO_CONCLUSIVO,INCONCLUSIVOS,INCONCLUSIVO,IDENTIDADE_INCONCLUSIVA,INCONCLUSIVO,INCONCLUSIVO,SEM_EVIDENCIA_DE_DEMANDA,,,,,,,8.279935224,estimated,FALSE,EVIDENCIA_IDENTIDADE_INCOMPLETA; INCONCLUSIVO,,,Completar fontes e vínculos,mercado/VTK026123.json,2026-09-05T15:16:37.457Z
VTK012242,Pilha Alcalina C Cartela Com 2 Unidades Flex,BKR 1 Comercio e Importação Ltda,12,35,FALSE,NAO_CONCLUSIVO,INCONCLUSIVOS,INCONCLUSIVO,IDENTIDADE_COHERENTE,INCONCLUSIVO,INCONCLUSIVO,SEM_EVIDENCIA_DE_DEMANDA,23.9,,,,,,8.279935224,estimated,FALSE,INCONCLUSIVO,,,Completar fontes e vínculos,mercado/VTK012242.json,2026-09-05T15:16:37.457Z
VTK012909,Capa P/ Violão Clássico Simples 2 Alças - Nylon 600 - Preto Bkr 1,BKR 1 Comercio e Importação Ltda,37,35,FALSE,NAO_CONCLUSIVO,INCONCLUSIVOS,INCONCLUSIVO,IDENTIDADE_INCONCLUSIVA,INCONCLUSIVO,INCONCLUSIVO,SEM_EVIDENCIA_DE_DEMANDA,,,,,,,8.279935224,estimated,FALSE,EVIDENCIA_IDENTIDADE_INCOMPLETA; INCONCLUSIVO,APRESENTACAO_NAO_EXPLICITA,,Completar fontes e vínculos,,2026-09-05T15:16:37.457Z
VTK017437,Câmera De Ré Roadstar Rs220br C Pro Line Borboleta Dinamic 160º,Evolusom Comercial Ltda,71.9,35,FALSE,NAO_CONCLUSIVO,INCONCLUSIVOS,INCONCLUSIVO,IDENTIDADE_COHERENTE,INCONCLUSIVO,INCONCLUSIVO,SEM_EVIDENCIA_DE_DEMANDA,108.39,,,,,,8.279935224,estimated,FALSE,INCONCLUSIVO,APRESENTACAO_NAO_EXPLICITA,,Completar fontes e vínculos,mercado/VTK017437.json,2026-09-05T15:16:37.457Z
VTK017617,Alicate Punch Down Sohoplus Com Base De Apoio,Evolusom Comercial Ltda,269.9,35,FALSE,NAO_CONCLUSIVO,INCONCLUSIVOS,INCONCLUSIVO,IDENTIDADE_COHERENTE,INCONCLUSIVO,INCONCLUSIVO,SEM_EVIDENCIA_DE_DEMANDA,310,,,,,,8.279935224,estimated,FALSE,INCONCLUSIVO,APRESENTACAO_NAO_EXPLICITA,,Completar fontes e vínculos,mercado/VTK017617.json,2026-09-05T15:16:37.457Z
VTK017648,"Chave Inglesa Western 720/10 Ajustável 10""",Evolusom Comercial Ltda,23.1,35,FALSE,NAO_CONCLUSIVO,INCONCLUSIVOS,INCONCLUSIVO,IDENTIDADE_INCONCLUSIVA,INCONCLUSIVO,INCONCLUSIVO,SEM_EVIDENCIA_DE_DEMANDA,28.96,,,,,,8.279935224,estimated,FALSE,EVIDENCIA_IDENTIDADE_INCOMPLETA; INCONCLUSIVO,APRESENTACAO_NAO_EXPLICITA,,Completar fontes e vínculos,mercado/VTK017648.json,2026-09-05T15:16:37.457Z
VTK017800,Cabo Hdmi 90° Aquário 2.0 4k 5 Metros,Evolusom Comercial Ltda,18.9,35,FALSE,NAO_CONCLUSIVO,INCONCLUSIVOS,INCONCLUSIVO,IDENTIDADE_COHERENTE,INCONCLUSIVO,INCONCLUSIVO,SEM_EVIDENCIA_DE_DEMANDA,25.9,,,,,,8.279935224,estimated,FALSE,INCONCLUSIVO,APRESENTACAO_NAO_EXPLICITA,,Completar fontes e vínculos,mercado/VTK017800.json,2026-09-05T15:16:37.457Z
VTK026124,Cola Bastão Escolar Não Tóxica 20g Pritt,BKR 1 Comercio e Importação Ltda,9.49,35,FALSE,NAO_CONCLUSIVO,INCONCLUSIVOS,INCONCLUSIVO,IDENTIDADE_INCONCLUSIVA,INCONCLUSIVO,INCONCLUSIVO,SEM_EVIDENCIA_DE_DEMANDA,,,,,,,8.279935224,estimated,FALSE,EVIDENCIA_IDENTIDADE_INCOMPLETA; INCONCLUSIVO,APRESENTACAO_NAO_EXPLICITA,,Completar fontes e vínculos,,2026-09-05T15:16:37.457Z
VTK017179,Teclado Logitech K120 Usb Preto,Evolusom Comercial Ltda,66.9,34,FALSE,NAO_CONCLUSIVO,INCONCLUSIVOS,INCONCLUSIVO,IDENTIDADE_INCONCLUSIVA,INCONCLUSIVO,INCONCLUSIVO,SEM_EVIDENCIA_DE_DEMANDA,,,,,,,8.279935224,estimated,FALSE,EVIDENCIA_IDENTIDADE_INCOMPLETA; INCONCLUSIVO,APRESENTACAO_NAO_EXPLICITA,,Completar fontes e vínculos,,2026-09-05T15:16:37.457Z
VTK017578,Teclado Sem Fio Multilaser Ts300 Slim - Tc220,Evolusom Comercial Ltda,119.9,34,FALSE,NAO_CONCLUSIVO,INCONCLUSIVOS,INCONCLUSIVO,IDENTIDADE_COHERENTE,INCONCLUSIVO,INCONCLUSIVO,SEM_EVIDENCIA_DE_DEMANDA,213.75,,,,,,8.279935224,estimated,FALSE,INCONCLUSIVO,APRESENTACAO_NAO_EXPLICITA,,Completar fontes e vínculos,mercado/VTK017578.json,2026-09-05T15:16:37.457Z
VTK017633,Kit Carregadores De Parede + Veicular Elgin Com Cabo Micro Usb 1m,Evolusom Comercial Ltda,39.6,34,FALSE,NAO_CONCLUSIVO,INCONCLUSIVOS,INCONCLUSIVO,IDENTIDADE_INCONCLUSIVA,INCONCLUSIVO,INCONCLUSIVO,SEM_EVIDENCIA_DE_DEMANDA,,,,,,,8.279935224,estimated,FALSE,EVIDENCIA_IDENTIDADE_INCOMPLETA; COMPOSICAO_KIT_NAO_COMPROVADA; INCONCLUSIVO,,,Completar fontes e vínculos,,2026-09-05T15:16:37.457Z
VTK017641,Cabo Teclado Sparflex Nitro 100 Plug 90 5 Metros Preto 538199010f,Evolusom Comercial Ltda,46.95,34,FALSE,NAO_CONCLUSIVO,INCONCLUSIVOS,INCONCLUSIVO,IDENTIDADE_COHERENTE,INCONCLUSIVO,INCONCLUSIVO,SEM_EVIDENCIA_DE_DEMANDA,,,,,,,8.279935224,estimated,FALSE,INCONCLUSIVO,APRESENTACAO_NAO_EXPLICITA,,Completar fontes e vínculos,mercado/VTK017641.json,2026-09-05T15:16:37.457Z
VTK017656,Resistencia Zagonel Super/ Ideale 220v 9205000034,Evolusom Comercial Ltda,12.58,34,FALSE,NAO_CONCLUSIVO,INCONCLUSIVOS,INCONCLUSIVO,IDENTIDADE_COHERENTE,INCONCLUSIVO,INCONCLUSIVO,SEM_EVIDENCIA_DE_DEMANDA,14.9,,,,,,8.279935224,estimated,FALSE,INCONCLUSIVO,APRESENTACAO_NAO_EXPLICITA,,Completar fontes e vínculos,mercado/VTK017656.json,2026-09-05T15:16:37.457Z
VTK020758,Controle Remoto Mxt 01335 Ar Condicionado Yb1f2 Split Gree,Evolusom Comercial Ltda,13.99,34,FALSE,NAO_CONCLUSIVO,INCONCLUSIVOS,INCONCLUSIVO,IDENTIDADE_INCONCLUSIVA,INCONCLUSIVO,INCONCLUSIVO,SEM_EVIDENCIA_DE_DEMANDA,27.37,,,,,,8.279935224,estimated,FALSE,EVIDENCIA_IDENTIDADE_INCOMPLETA; INCONCLUSIVO,APRESENTACAO_NAO_EXPLICITA,,Completar fontes e vínculos,mercado/VTK020758.json,2026-09-05T15:16:37.457Z
VTK026125,Cola Branca Tenaz Lavável 110g Pritt,BKR 1 Comercio e Importação Ltda,10.17,34,FALSE,NAO_CONCLUSIVO,INCONCLUSIVOS,INCONCLUSIVO,IDENTIDADE_INCONCLUSIVA,INCONCLUSIVO,INCONCLUSIVO,SEM_EVIDENCIA_DE_DEMANDA,9,,,,,,8.279935224,estimated,FALSE,EVIDENCIA_IDENTIDADE_INCOMPLETA; INCONCLUSIVO,APRESENTACAO_NAO_EXPLICITA,,Completar fontes e vínculos,mercado/VTK026125.json,2026-09-05T15:16:37.457Z
VTK017673,Tapete Carpete Ecotap Multi Aplicação Kia,Evolusom Comercial Ltda,69.45,33,FALSE,NAO_CONCLUSIVO,INCONCLUSIVOS,INCONCLUSIVO,IDENTIDADE_INCONCLUSIVA,INCONCLUSIVO,INCONCLUSIVO,SEM_EVIDENCIA_DE_DEMANDA,,,,,,,8.279935224,estimated,FALSE,EVIDENCIA_IDENTIDADE_INCOMPLETA; INCONCLUSIVO,APRESENTACAO_NAO_EXPLICITA,,Completar fontes e vínculos,,2026-09-05T15:16:37.457Z
VTK017685,Kit Adaptador Aquario Cf-440 Para Celular Motorola Moto G2,Evolusom Comercial Ltda,32.7,33,FALSE,NAO_CONCLUSIVO,INCONCLUSIVOS,INCONCLUSIVO,IDENTIDADE_INCONCLUSIVA,INCONCLUSIVO,INCONCLUSIVO,SEM_EVIDENCIA_DE_DEMANDA,,,,,,,8.279935224,estimated,FALSE,EVIDENCIA_IDENTIDADE_INCOMPLETA; COMPOSICAO_KIT_NAO_COMPROVADA; INCONCLUSIVO,,,Completar fontes e vínculos,,2026-09-05T15:16:37.457Z
VTK017693,Par De Lâmpadas Halógena Super Brancas Code/tech One 9006 Hb4 12v 51w,Evolusom Comercial Ltda,21.2,33,FALSE,NAO_CONCLUSIVO,INCONCLUSIVOS,INCONCLUSIVO,IDENTIDADE_INCONCLUSIVA,INCONCLUSIVO,INCONCLUSIVO,SEM_EVIDENCIA_DE_DEMANDA,,,,,,,8.279935224,estimated,FALSE,EVIDENCIA_IDENTIDADE_INCOMPLETA; COMPOSICAO_KIT_NAO_COMPROVADA; INCONCLUSIVO,,,Completar fontes e vínculos,,2026-09-05T15:16:37.457Z
VTK018393,Centralina Soft Aw52 Flexis Antiesmagamento Tds Bt Sem Chicote,Evolusom Comercial Ltda,53.9,33,FALSE,NAO_CONCLUSIVO,INCONCLUSIVOS,INCONCLUSIVO,IDENTIDADE_INCONCLUSIVA,INCONCLUSIVO,INCONCLUSIVO,SEM_EVIDENCIA_DE_DEMANDA,,,,,,,8.279935224,estimated,FALSE,EVIDENCIA_IDENTIDADE_INCOMPLETA; INCONCLUSIVO,APRESENTACAO_NAO_EXPLICITA,,Completar fontes e vínculos,,2026-09-05T15:16:37.457Z
VTK012222,Bateria Elet V23ga Rayovac Com 01 Unidade,BKR 1 Comercio e Importação Ltda,9,32,FALSE,NAO_CONCLUSIVO,INCONCLUSIVOS,INCONCLUSIVO,IDENTIDADE_INCONCLUSIVA,INCONCLUSIVO,INCONCLUSIVO,SEM_EVIDENCIA_DE_DEMANDA,13.06,,,,,,8.279935224,estimated,FALSE,EVIDENCIA_IDENTIDADE_INCOMPLETA; INCONCLUSIVO,,,Completar fontes e vínculos,mercado/VTK012222.json,2026-09-05T15:16:37.457Z
VTK017498,Estabilizador Coletek Energia Es-3200va Bivolt Automático 06 Tomadas,Evolusom Comercial Ltda,289.9,32,FALSE,NAO_CONCLUSIVO,INCONCLUSIVOS,INCONCLUSIVO,IDENTIDADE_COHERENTE,INCONCLUSIVO,INCONCLUSIVO,SEM_EVIDENCIA_DE_DEMANDA,447.85,,,,,,8.279935224,estimated,FALSE,INCONCLUSIVO,APRESENTACAO_NAO_EXPLICITA,,Completar fontes e vínculos,mercado/VTK017498.json,2026-09-05T15:16:37.457Z
VTK017661,Alicate Decapador E Cortador De Fios Western,Evolusom Comercial Ltda,12.3,32,FALSE,NAO_CONCLUSIVO,INCONCLUSIVOS,INCONCLUSIVO,IDENTIDADE_INCONCLUSIVA,INCONCLUSIVO,INCONCLUSIVO,SEM_EVIDENCIA_DE_DEMANDA,22.32,,,,,,8.279935224,estimated,FALSE,EVIDENCIA_IDENTIDADE_INCOMPLETA; INCONCLUSIVO,APRESENTACAO_NAO_EXPLICITA,,Completar fontes e vínculos,mercado/VTK017661.json,2026-09-05T15:16:37.457Z
VTK017666,Multitoc Telefone Gondola C/ Fio Grafite,Evolusom Comercial Ltda,49.9,32,FALSE,NAO_CONCLUSIVO,INCONCLUSIVOS,INCONCLUSIVO,IDENTIDADE_COHERENTE,INCONCLUSIVO,INCONCLUSIVO,SEM_EVIDENCIA_DE_DEMANDA,,,,,,,8.279935224,estimated,FALSE,INCONCLUSIVO,APRESENTACAO_NAO_EXPLICITA,,Completar fontes e vínculos,mercado/VTK017666.json,2026-09-05T15:16:37.457Z
VTK017697,Suporte Audiovision Sav 200/100-50,Evolusom Comercial Ltda,39.9,32,FALSE,NAO_CONCLUSIVO,INCONCLUSIVOS,INCONCLUSIVO,IDENTIDADE_COHERENTE,INCONCLUSIVO,INCONCLUSIVO,SEM_EVIDENCIA_DE_DEMANDA,,,,,,,8.279935224,estimated,FALSE,INCONCLUSIVO,APRESENTACAO_NAO_EXPLICITA,,Completar fontes e vínculos,mercado/VTK017697.json,2026-09-05T15:16:37.457Z
VTK018569,Cabo Coaxial Rg59 Proeletronic Caco5940/01 40% De Malha - 100m,Evolusom Comercial Ltda,75.9,32,FALSE,NAO_CONCLUSIVO,INCONCLUSIVOS,INCONCLUSIVO,IDENTIDADE_INCONCLUSIVA,INCONCLUSIVO,INCONCLUSIVO,SEM_EVIDENCIA_DE_DEMANDA,98.9,,,,,,8.279935224,estimated,FALSE,EVIDENCIA_IDENTIDADE_INCOMPLETA; INCONCLUSIVO,APRESENTACAO_NAO_EXPLICITA,,Completar fontes e vínculos,mercado/VTK018569.json,2026-09-05T15:16:37.457Z
VTK012235,Lâmpada Led Tkl 80 / 12w 6500k,BKR 1 Comercio e Importação Ltda,6.86,31,FALSE,NAO_CONCLUSIVO,INCONCLUSIVOS,INCONCLUSIVO,IDENTIDADE_INCONCLUSIVA,INCONCLUSIVO,INCONCLUSIVO,SEM_EVIDENCIA_DE_DEMANDA,8.2,,,,,,8.279935224,estimated,FALSE,EVIDENCIA_IDENTIDADE_INCOMPLETA; INCONCLUSIVO,APRESENTACAO_NAO_EXPLICITA,,Completar fontes e vínculos,mercado/VTK012235.json,2026-09-05T15:16:37.457Z
VTK012248,"Palheta Bori Grl At-r16103 Picker 0,82 Mm (vermelho) R21004 10un",BKR 1 Comercio e Importação Ltda,8,31,FALSE,NAO_CONCLUSIVO,INCONCLUSIVOS,INCONCLUSIVO,IDENTIDADE_INCONCLUSIVA,INCONCLUSIVO,INCONCLUSIVO,SEM_EVIDENCIA_DE_DEMANDA,,,,,,,8.279935224,estimated,FALSE,EVIDENCIA_IDENTIDADE_INCOMPLETA; COMPOSICAO_KIT_NAO_COMPROVADA; INCONCLUSIVO,,,Completar fontes e vínculos,,2026-09-05T15:16:37.457Z
VTK012306,Pilha Alcalina Aaa2 Rayovac Tubo Com 32 Unidades,BKR 1 Comercio e Importação Ltda,92.5,31,FALSE,NAO_CONCLUSIVO,INCONCLUSIVOS,INCONCLUSIVO,IDENTIDADE_COHERENTE,INCONCLUSIVO,INCONCLUSIVO,SEM_EVIDENCIA_DE_DEMANDA,109.9,,,,,,8.279935224,estimated,FALSE,INCONCLUSIVO,,,Completar fontes e vínculos,mercado/VTK012306.json,2026-09-05T15:16:37.457Z
VTK017677,Par De Lâmpada Halógena Super Branca Code/tech One 12v H1 55w,Evolusom Comercial Ltda,11.1,31,FALSE,NAO_CONCLUSIVO,INCONCLUSIVOS,INCONCLUSIVO,IDENTIDADE_INCONCLUSIVA,INCONCLUSIVO,INCONCLUSIVO,SEM_EVIDENCIA_DE_DEMANDA,,,,,,,8.279935224,estimated,FALSE,EVIDENCIA_IDENTIDADE_INCOMPLETA; COMPOSICAO_KIT_NAO_COMPROVADA; INCONCLUSIVO,,,Completar fontes e vínculos,,2026-09-05T15:16:37.457Z
VTK017684,Reparo Para Driver Jbl Selenium D450ti Trio,Evolusom Comercial Ltda,252.9,31,FALSE,NAO_CONCLUSIVO,INCONCLUSIVOS,INCONCLUSIVO,IDENTIDADE_INCONCLUSIVA,INCONCLUSIVO,INCONCLUSIVO,SEM_EVIDENCIA_DE_DEMANDA,329.99,,,,,,8.279935224,estimated,FALSE,EVIDENCIA_IDENTIDADE_INCOMPLETA; INCONCLUSIVO,APRESENTACAO_NAO_EXPLICITA,,Completar fontes e vínculos,mercado/VTK017684.json,2026-09-05T15:16:37.457Z
VTK017691,Motor De Vidro Elétrico Techone Line 12v Direito,Evolusom Comercial Ltda,56.99,31,FALSE,NAO_CONCLUSIVO,INCONCLUSIVOS,INCONCLUSIVO,IDENTIDADE_INCONCLUSIVA,INCONCLUSIVO,INCONCLUSIVO,SEM_EVIDENCIA_DE_DEMANDA,,,,,,,8.279935224,estimated,FALSE,EVIDENCIA_IDENTIDADE_INCOMPLETA; INCONCLUSIVO,APRESENTACAO_NAO_EXPLICITA,,Completar fontes e vínculos,,2026-09-05T15:16:37.457Z
VTK017710,Desencapador De Cabos Coaxial Western,Evolusom Comercial Ltda,13.5,31,FALSE,NAO_CONCLUSIVO,INCONCLUSIVOS,INCONCLUSIVO,IDENTIDADE_INCONCLUSIVA,INCONCLUSIVO,INCONCLUSIVO,SEM_EVIDENCIA_DE_DEMANDA,14.28,,,,,,8.279935224,estimated,FALSE,EVIDENCIA_IDENTIDADE_INCOMPLETA; INCONCLUSIVO,APRESENTACAO_NAO_EXPLICITA,,Completar fontes e vínculos,mercado/VTK017710.json,2026-09-05T15:16:37.457Z
VTK017711,Kit Gamer Vivensis Vx10 Controle + Hub + Pendrive,Evolusom Comercial Ltda,72.9,31,FALSE,NAO_CONCLUSIVO,INCONCLUSIVOS,INCONCLUSIVO,IDENTIDADE_INCONCLUSIVA,INCONCLUSIVO,INCONCLUSIVO,SEM_EVIDENCIA_DE_DEMANDA,48.43,,,,,,8.279935224,estimated,FALSE,COMPOSICAO_KIT_NAO_COMPROVADA; INCONCLUSIVO,,,Completar fontes e vínculos,mercado/VTK017711.json,2026-09-05T15:16:37.457Z
VTK017998,Cabo De áudio óptico Aquário Toslink Tsk30 - 3 Metros,Evolusom Comercial Ltda,12.45,31,FALSE,NAO_CONCLUSIVO,INCONCLUSIVOS,INCONCLUSIVO,IDENTIDADE_COHERENTE,INCONCLUSIVO,INCONCLUSIVO,SEM_EVIDENCIA_DE_DEMANDA,18.9,,,,,,8.279935224,estimated,FALSE,INCONCLUSIVO,APRESENTACAO_NAO_EXPLICITA,,Completar fontes e vínculos,mercado/VTK017998.json,2026-09-05T15:16:37.457Z
VTK003106,Cabo Cannon Macho para Cannon Fêmea 5m CBCN0001 Storm,Evolusom Comercial Ltda,17.99,30,FALSE,NAO_CONCLUSIVO,INCONCLUSIVOS,INCONCLUSIVO,IDENTIDADE_INCONCLUSIVA,INCONCLUSIVO,INCONCLUSIVO,SEM_EVIDENCIA_DE_DEMANDA,36.34,,,,,,8.279935224,estimated,FALSE,EQUIVALENCIA_MARCA_NAO_COMPROVADA; EVIDENCIA_IDENTIDADE_INCOMPLETA; INCONCLUSIVO,APRESENTACAO_NAO_EXPLICITA,,Completar fontes e vínculos,mercado/VTK003106.json,2026-09-05T15:16:37.457Z
VTK012277,Bateria Lr44 V13ga-5 Lr44 (cartela Com 10 Unidades),BKR 1 Comercio e Importação Ltda,39.9,30,FALSE,NAO_CONCLUSIVO,INCONCLUSIVOS,INCONCLUSIVO,IDENTIDADE_INCONCLUSIVA,INCONCLUSIVO,INCONCLUSIVO,SEM_EVIDENCIA_DE_DEMANDA,71.24,,,,,,8.279935224,estimated,FALSE,EVIDENCIA_IDENTIDADE_INCOMPLETA; INCONCLUSIVO,,,Completar fontes e vínculos,mercado/VTK012277.json,2026-09-05T15:16:37.457Z
VTK017650,Cadeira Gamer Brx Impact Verde,Evolusom Comercial Ltda,469.9,30,FALSE,NAO_CONCLUSIVO,INCONCLUSIVOS,INCONCLUSIVO,IDENTIDADE_COHERENTE,INCONCLUSIVO,INCONCLUSIVO,SEM_EVIDENCIA_DE_DEMANDA,538.62,,,,,,8.279935224,estimated,FALSE,INCONCLUSIVO,APRESENTACAO_NAO_EXPLICITA,,Completar fontes e vínculos,mercado/VTK017650.json,2026-09-05T15:16:37.457Z
VTK017658,Cabo De áudio óptico Aquário Tsk20 Toslink - 2 Metros,Evolusom Comercial Ltda,11.45,30,FALSE,NAO_CONCLUSIVO,INCONCLUSIVOS,INCONCLUSIVO,IDENTIDADE_COHERENTE,INCONCLUSIVO,INCONCLUSIVO,SEM_EVIDENCIA_DE_DEMANDA,23.29,,,,,,8.279935224,estimated,FALSE,INCONCLUSIVO,APRESENTACAO_NAO_EXPLICITA,,Completar fontes e vínculos,mercado/VTK017658.json,2026-09-05T15:16:37.457Z
VTK017715,Carregador Portatil Tp-link Pb50 10000 Mah,Evolusom Comercial Ltda,211.2,30,FALSE,NAO_CONCLUSIVO,INCONCLUSIVOS,INCONCLUSIVO,IDENTIDADE_INCONCLUSIVA,INCONCLUSIVO,INCONCLUSIVO,SEM_EVIDENCIA_DE_DEMANDA,,,,,,,8.279935224,estimated,FALSE,EVIDENCIA_IDENTIDADE_INCOMPLETA; INCONCLUSIVO,APRESENTACAO_NAO_EXPLICITA,,Completar fontes e vínculos,,2026-09-05T15:16:37.457Z
VTK017716,Cruzeta Metálica Cg3 Reserva De Cabos ópticos,Evolusom Comercial Ltda,35.28,30,FALSE,NAO_CONCLUSIVO,INCONCLUSIVOS,INCONCLUSIVO,IDENTIDADE_INCONCLUSIVA,INCONCLUSIVO,INCONCLUSIVO,SEM_EVIDENCIA_DE_DEMANDA,,,,,,,8.279935224,estimated,FALSE,EVIDENCIA_IDENTIDADE_INCOMPLETA; INCONCLUSIVO,APRESENTACAO_NAO_EXPLICITA,,Completar fontes e vínculos,,2026-09-05T15:16:37.457Z
VTK017719,Suporte Antena Cromo 313-bf,Evolusom Comercial Ltda,29.9,30,FALSE,NAO_CONCLUSIVO,INCONCLUSIVOS,INCONCLUSIVO,IDENTIDADE_INCONCLUSIVA,INCONCLUSIVO,INCONCLUSIVO,SEM_EVIDENCIA_DE_DEMANDA,,,,,,,8.279935224,estimated,FALSE,EVIDENCIA_IDENTIDADE_INCOMPLETA; INCONCLUSIVO,APRESENTACAO_NAO_EXPLICITA,,Completar fontes e vínculos,,2026-09-05T15:16:37.457Z
VTK017727,Gabinete Office Brx Slim St-01 Sff,Evolusom Comercial Ltda,199.9,30,FALSE,NAO_CONCLUSIVO,INCONCLUSIVOS,INCONCLUSIVO,IDENTIDADE_INCONCLUSIVA,INCONCLUSIVO,INCONCLUSIVO,SEM_EVIDENCIA_DE_DEMANDA,,,,,,,8.279935224,estimated,FALSE,EVIDENCIA_IDENTIDADE_INCOMPLETA; INCONCLUSIVO,APRESENTACAO_NAO_EXPLICITA,,Completar fontes e vínculos,,2026-09-05T15:16:37.457Z
VTK017728,Lâmpada Led Roadstar Xtrem Light Rs-h3 19 Br - Par,Evolusom Comercial Ltda,154.9,30,FALSE,NAO_CONCLUSIVO,INCONCLUSIVOS,INCONCLUSIVO,IDENTIDADE_INCONCLUSIVA,INCONCLUSIVO,INCONCLUSIVO,SEM_EVIDENCIA_DE_DEMANDA,,,,,,,8.279935224,estimated,FALSE,EVIDENCIA_IDENTIDADE_INCOMPLETA; COMPOSICAO_KIT_NAO_COMPROVADA; INCONCLUSIVO,,,Completar fontes e vínculos,,2026-09-05T15:16:37.457Z
VTK017729,Lâmpada Led Roadstar Xtrem Light Rs-h8 19 Br - Par,Evolusom Comercial Ltda,154.9,30,FALSE,NAO_CONCLUSIVO,INCONCLUSIVOS,INCONCLUSIVO,IDENTIDADE_INCONCLUSIVA,INCONCLUSIVO,INCONCLUSIVO,SEM_EVIDENCIA_DE_DEMANDA,,,,,,,8.279935224,estimated,FALSE,EVIDENCIA_IDENTIDADE_INCOMPLETA; COMPOSICAO_KIT_NAO_COMPROVADA; INCONCLUSIVO,,,Completar fontes e vínculos,,2026-09-05T15:16:37.457Z
VTK017732,Alarme Automotivo Fks Fk515 Keyless Multimarcas,Evolusom Comercial Ltda,129.9,30,FALSE,NAO_CONCLUSIVO,INCONCLUSIVOS,INCONCLUSIVO,IDENTIDADE_COHERENTE,INCONCLUSIVO,INCONCLUSIVO,SEM_EVIDENCIA_DE_DEMANDA,147,,,,,,8.279935224,estimated,FALSE,INCONCLUSIVO,APRESENTACAO_NAO_EXPLICITA,,Completar fontes e vínculos,mercado/VTK017732.json,2026-09-05T15:16:37.457Z
VTK017779,Mouse Sem Fio Logitech M185 Cinza,Evolusom Comercial Ltda,66.9,30,FALSE,NAO_CONCLUSIVO,INCONCLUSIVOS,INCONCLUSIVO,IDENTIDADE_INCONCLUSIVA,INCONCLUSIVO,INCONCLUSIVO,SEM_EVIDENCIA_DE_DEMANDA,,,,,,,8.279935224,estimated,FALSE,EVIDENCIA_IDENTIDADE_INCOMPLETA; INCONCLUSIVO,APRESENTACAO_NAO_EXPLICITA,,Completar fontes e vínculos,,2026-09-05T15:16:37.457Z
VTK018070,Chaveiro Positron Pxn74 - 13000000,Evolusom Comercial Ltda,51.9,30,FALSE,NAO_CONCLUSIVO,INCONCLUSIVOS,INCONCLUSIVO,IDENTIDADE_INCONCLUSIVA,INCONCLUSIVO,INCONCLUSIVO,SEM_EVIDENCIA_DE_DEMANDA,78.99,,,,,,8.279935224,estimated,FALSE,EVIDENCIA_IDENTIDADE_INCOMPLETA; INCONCLUSIVO,APRESENTACAO_NAO_EXPLICITA,,Completar fontes e vínculos,mercado/VTK018070.json,2026-09-05T15:16:37.457Z
VTK018991,Controle Remoto Mxt Compatível Amazon Fire Stick Tv3 E Fire Stick Tv4k Função Comando De Voz,Evolusom Comercial Ltda,51.5,30,FALSE,NAO_CONCLUSIVO,INCONCLUSIVOS,INCONCLUSIVO,IDENTIDADE_COHERENTE,INCONCLUSIVO,INCONCLUSIVO,SEM_EVIDENCIA_DE_DEMANDA,44.88,,,,,,8.279935224,estimated,FALSE,INCONCLUSIVO,APRESENTACAO_NAO_EXPLICITA,,Completar fontes e vínculos,mercado/VTK018991.json,2026-09-05T15:16:37.457Z
VTK019184,Kit De Instalação Proeletronic Ktin-5915 Cabo Rg59 53% De Malha - 15m,Evolusom Comercial Ltda,27.4,30,FALSE,NAO_CONCLUSIVO,INCONCLUSIVOS,INCONCLUSIVO,IDENTIDADE_INCONCLUSIVA,INCONCLUSIVO,INCONCLUSIVO,SEM_EVIDENCIA_DE_DEMANDA,42.65,,,,,,8.279935224,estimated,FALSE,EVIDENCIA_IDENTIDADE_INCOMPLETA; COMPOSICAO_KIT_NAO_COMPROVADA; INCONCLUSIVO,,,Completar fontes e vínculos,mercado/VTK019184.json,2026-09-05T15:16:37.457Z
VTK023082,Cooler Nwt 120x120x38mm 110v 220vac,Evolusom Comercial Ltda,43.9,30,FALSE,NAO_CONCLUSIVO,INCONCLUSIVOS,INCONCLUSIVO,IDENTIDADE_INCONCLUSIVA,INCONCLUSIVO,INCONCLUSIVO,SEM_EVIDENCIA_DE_DEMANDA,94.95,,,,,,8.279935224,estimated,FALSE,EQUIVALENCIA_MARCA_NAO_COMPROVADA; EVIDENCIA_IDENTIDADE_INCOMPLETA; INCONCLUSIVO,APRESENTACAO_NAO_EXPLICITA,,Completar fontes e vínculos,mercado/VTK023082.json,2026-09-05T15:16:37.457Z
VTK026010,Controle 4 B Universal Wr912,BKR 1 Comercio e Importação Ltda,24.5,30,FALSE,NAO_CONCLUSIVO,INCONCLUSIVOS,INCONCLUSIVO,IDENTIDADE_INCONCLUSIVA,INCONCLUSIVO,INCONCLUSIVO,SEM_EVIDENCIA_DE_DEMANDA,,,,,,,8.279935224,estimated,FALSE,EVIDENCIA_IDENTIDADE_INCOMPLETA; INCONCLUSIVO,APRESENTACAO_NAO_EXPLICITA,,Completar fontes e vínculos,,2026-09-05T15:16:37.457Z
VTK026126,Pilha Alcalina Aaa Palito Tubo 24 Unidades Taschibra,BKR 1 Comercio e Importação Ltda,31.64,30,FALSE,NAO_CONCLUSIVO,INCONCLUSIVOS,INCONCLUSIVO,IDENTIDADE_INCONCLUSIVA,INCONCLUSIVO,INCONCLUSIVO,SEM_EVIDENCIA_DE_DEMANDA,,,,,,,8.279935224,estimated,FALSE,EVIDENCIA_IDENTIDADE_INCOMPLETA; COMPOSICAO_KIT_NAO_COMPROVADA; INCONCLUSIVO,,,Completar fontes e vínculos,,2026-09-05T15:16:37.457Z
VTK026127,Pilha Alcalina Aa Tubo 24 Unidades Taschibra,BKR 1 Comercio e Importação Ltda,39.26,30,FALSE,NAO_CONCLUSIVO,INCONCLUSIVOS,INCONCLUSIVO,IDENTIDADE_INCONCLUSIVA,INCONCLUSIVO,INCONCLUSIVO,SEM_EVIDENCIA_DE_DEMANDA,,,,,,,8.279935224,estimated,FALSE,EVIDENCIA_IDENTIDADE_INCOMPLETA; COMPOSICAO_KIT_NAO_COMPROVADA; INCONCLUSIVO,,,Completar fontes e vínculos,,2026-09-05T15:16:37.457Z
VTK026128,Adaptador Usb 2.0 Macho Para Usb Tipo C Femea Storm,BKR 1 Comercio e Importação Ltda,3.42,30,FALSE,NAO_CONCLUSIVO,INCONCLUSIVOS,INCONCLUSIVO,IDENTIDADE_INCONCLUSIVA,INCONCLUSIVO,INCONCLUSIVO,SEM_EVIDENCIA_DE_DEMANDA,10.38,,,,,,8.279935224,estimated,FALSE,EVIDENCIA_IDENTIDADE_INCOMPLETA; INCONCLUSIVO,APRESENTACAO_NAO_EXPLICITA,,Completar fontes e vínculos,mercado/VTK026128.json,2026-09-05T15:16:37.457Z
VTK026225,Fita De Tecido Technoise Feltro De Algodão Com Cola 38mm X 15m,Evolusom Comercial Ltda,23.9,30,FALSE,NAO_CONCLUSIVO,INCONCLUSIVOS,INCONCLUSIVO,IDENTIDADE_INCONCLUSIVA,INCONCLUSIVO,INCONCLUSIVO,SEM_EVIDENCIA_DE_DEMANDA,,,,,,,8.279935224,estimated,FALSE,EVIDENCIA_IDENTIDADE_INCOMPLETA; INCONCLUSIVO,APRESENTACAO_NAO_EXPLICITA,,Completar fontes e vínculos,,2026-09-05T15:16:37.457Z
VTK001896,Kit Cabo Celular 20m RGC213 Preto Aquário,Evolusom Comercial Ltda,229.9,29,FALSE,NAO_CONCLUSIVO,INCONCLUSIVOS,INCONCLUSIVO,IDENTIDADE_INCONCLUSIVA,INCONCLUSIVO,INCONCLUSIVO,SEM_EVIDENCIA_DE_DEMANDA,55,,,,,,8.279935224,estimated,FALSE,EVIDENCIA_IDENTIDADE_INCOMPLETA; COMPOSICAO_KIT_NAO_COMPROVADA; INCONCLUSIVO,,,Completar fontes e vínculos,mercado/VTK001896.json,2026-09-05T15:16:37.457Z
VTK012266,Bateria Botão Lr66 Cartela Com 14 Unidades Flex,BKR 1 Comercio e Importação Ltda,6,29,FALSE,NAO_CONCLUSIVO,INCONCLUSIVOS,INCONCLUSIVO,IDENTIDADE_COHERENTE,INCONCLUSIVO,INCONCLUSIVO,SEM_EVIDENCIA_DE_DEMANDA,15.54,,,,,,8.279935224,estimated,FALSE,INCONCLUSIVO,,,Completar fontes e vínculos,mercado/VTK012266.json,2026-09-05T15:16:37.457Z
VTK017626,Jogo De Soquete Western W-50 Com Maleta 39 Peças,Evolusom Comercial Ltda,37.2,29,FALSE,NAO_CONCLUSIVO,INCONCLUSIVOS,INCONCLUSIVO,IDENTIDADE_INCONCLUSIVA,INCONCLUSIVO,INCONCLUSIVO,SEM_EVIDENCIA_DE_DEMANDA,37.97,,,,,,8.279935224,estimated,FALSE,EVIDENCIA_IDENTIDADE_INCOMPLETA; INCONCLUSIVO,,,Completar fontes e vínculos,mercado/VTK017626.json,2026-09-05T15:16:37.457Z
VTK017655,Calota Grid Aro 13p 072cb-pta Fiat Modelo Uno Way Economy 2008/ 09 Cubo Baixo - PC / 4,Evolusom Comercial Ltda,43.4,29,FALSE,NAO_CONCLUSIVO,INCONCLUSIVOS,INCONCLUSIVO,IDENTIDADE_INCONCLUSIVA,INCONCLUSIVO,INCONCLUSIVO,SEM_EVIDENCIA_DE_DEMANDA,,,,,,,8.279935224,estimated,FALSE,EVIDENCIA_IDENTIDADE_INCOMPLETA; INCONCLUSIVO,APRESENTACAO_NAO_EXPLICITA,,Completar fontes e vínculos,,2026-09-05T15:16:37.457Z
VTK017692,"Tablet Multilaser Mickey Nb413 4gb Ram 64gb Quad Core 7"" + Case",Evolusom Comercial Ltda,499.9,29,FALSE,NAO_CONCLUSIVO,INCONCLUSIVOS,INCONCLUSIVO,IDENTIDADE_INCONCLUSIVA,INCONCLUSIVO,INCONCLUSIVO,SEM_EVIDENCIA_DE_DEMANDA,539,,,,,,8.279935224,estimated,FALSE,EVIDENCIA_IDENTIDADE_INCOMPLETA; INCONCLUSIVO,APRESENTACAO_NAO_EXPLICITA,,Completar fontes e vínculos,mercado/VTK017692.json,2026-09-05T15:16:37.457Z
VTK017720,Central Cerca Industrial Gcp Cx-7807 10k Cri,Evolusom Comercial Ltda,174.9,29,FALSE,NAO_CONCLUSIVO,INCONCLUSIVOS,INCONCLUSIVO,IDENTIDADE_INCONCLUSIVA,INCONCLUSIVO,INCONCLUSIVO,SEM_EVIDENCIA_DE_DEMANDA,,,,,,,8.279935224,estimated,FALSE,EVIDENCIA_IDENTIDADE_INCOMPLETA; INCONCLUSIVO,APRESENTACAO_NAO_EXPLICITA,,Completar fontes e vínculos,mercado/VTK017720.json,2026-09-05T15:16:37.457Z
VTK017730,Lâmpada Led Roadstar Xtrem Light Rs-hb3 19 Br - Par,Evolusom Comercial Ltda,154.9,29,FALSE,NAO_CONCLUSIVO,INCONCLUSIVOS,INCONCLUSIVO,IDENTIDADE_INCONCLUSIVA,INCONCLUSIVO,INCONCLUSIVO,SEM_EVIDENCIA_DE_DEMANDA,,,,,,,8.279935224,estimated,FALSE,EVIDENCIA_IDENTIDADE_INCOMPLETA; COMPOSICAO_KIT_NAO_COMPROVADA; INCONCLUSIVO,,,Completar fontes e vínculos,,2026-09-05T15:16:37.457Z
VTK017731,Lâmpada Led Roadstar Xtrem Light Rs-hb4 19 Br - Par,Evolusom Comercial Ltda,154.9,29,FALSE,NAO_CONCLUSIVO,INCONCLUSIVOS,INCONCLUSIVO,IDENTIDADE_INCONCLUSIVA,INCONCLUSIVO,INCONCLUSIVO,SEM_EVIDENCIA_DE_DEMANDA,,,,,,,8.279935224,estimated,FALSE,EVIDENCIA_IDENTIDADE_INCOMPLETA; COMPOSICAO_KIT_NAO_COMPROVADA; INCONCLUSIVO,,,Completar fontes e vínculos,,2026-09-05T15:16:37.457Z
VTK018165,Cabo Hdmi Aquário 4k903 4k Conector 90° - 3m,Evolusom Comercial Ltda,13.2,29,FALSE,NAO_CONCLUSIVO,INCONCLUSIVOS,INCONCLUSIVO,IDENTIDADE_COHERENTE,INCONCLUSIVO,INCONCLUSIVO,SEM_EVIDENCIA_DE_DEMANDA,21.56,,,,,,8.279935224,estimated,FALSE,INCONCLUSIVO,APRESENTACAO_NAO_EXPLICITA,,Completar fontes e vínculos,mercado/VTK018165.json,2026-09-05T15:16:37.457Z
VTK017702,Cleaner Implastec Limpeza De Pci 500ml,Evolusom Comercial Ltda,10.9,28,FALSE,NAO_CONCLUSIVO,INCONCLUSIVOS,INCONCLUSIVO,IDENTIDADE_INCONCLUSIVA,INCONCLUSIVO,INCONCLUSIVO,SEM_EVIDENCIA_DE_DEMANDA,25.32,,,,,,8.279935224,estimated,FALSE,EVIDENCIA_IDENTIDADE_INCOMPLETA; INCONCLUSIVO,APRESENTACAO_NAO_EXPLICITA,,Completar fontes e vínculos,mercado/VTK017702.json,2026-09-05T15:16:37.457Z
VTK017704,Lâmpada Led Halógena Tech One Super Branca H7 12v,Evolusom Comercial Ltda,14.9,28,FALSE,NAO_CONCLUSIVO,INCONCLUSIVOS,INCONCLUSIVO,IDENTIDADE_INCONCLUSIVA,INCONCLUSIVO,INCONCLUSIVO,SEM_EVIDENCIA_DE_DEMANDA,,,,,,,8.279935224,estimated,FALSE,EVIDENCIA_IDENTIDADE_INCOMPLETA; INCONCLUSIVO,APRESENTACAO_NAO_EXPLICITA,,Completar fontes e vínculos,,2026-09-05T15:16:37.457Z
VTK017723,"Alicate De Pressão Western V-7 Mordente Curvo 7""",Evolusom Comercial Ltda,21.1,28,FALSE,NAO_CONCLUSIVO,INCONCLUSIVOS,INCONCLUSIVO,IDENTIDADE_INCONCLUSIVA,INCONCLUSIVO,INCONCLUSIVO,SEM_EVIDENCIA_DE_DEMANDA,,,,,,,8.279935224,estimated,FALSE,EVIDENCIA_IDENTIDADE_INCOMPLETA; INCONCLUSIVO,APRESENTACAO_NAO_EXPLICITA,,Completar fontes e vínculos,mercado/VTK017723.json,2026-09-05T15:16:37.457Z
VTK017725,Motor De Vidro Elétrico Techone Line 12v Esquerdo,Evolusom Comercial Ltda,56.99,28,FALSE,NAO_CONCLUSIVO,INCONCLUSIVOS,INCONCLUSIVO,IDENTIDADE_INCONCLUSIVA,INCONCLUSIVO,INCONCLUSIVO,SEM_EVIDENCIA_DE_DEMANDA,,,,,,,8.279935224,estimated,FALSE,EVIDENCIA_IDENTIDADE_INCOMPLETA; INCONCLUSIVO,APRESENTACAO_NAO_EXPLICITA,,Completar fontes e vínculos,,2026-09-05T15:16:37.457Z
VTK017748,Lâmpada Orbe Iris Inext H-8 12v 35w 5000k Par 767,Evolusom Comercial Ltda,24.9,28,FALSE,NAO_CONCLUSIVO,INCONCLUSIVOS,INCONCLUSIVO,IDENTIDADE_INCONCLUSIVA,INCONCLUSIVO,INCONCLUSIVO,SEM_EVIDENCIA_DE_DEMANDA,,,,,,,8.279935224,estimated,FALSE,EVIDENCIA_IDENTIDADE_INCOMPLETA; COMPOSICAO_KIT_NAO_COMPROVADA; INCONCLUSIVO,,,Completar fontes e vínculos,,2026-09-05T15:16:37.457Z
VTK017749,Lâmpada Orbe Iris Inext H-9 12v 65w 5000k Par 766,Evolusom Comercial Ltda,24.9,28,FALSE,NAO_CONCLUSIVO,INCONCLUSIVOS,INCONCLUSIVO,IDENTIDADE_INCONCLUSIVA,INCONCLUSIVO,INCONCLUSIVO,SEM_EVIDENCIA_DE_DEMANDA,,,,,,,8.279935224,estimated,FALSE,EVIDENCIA_IDENTIDADE_INCOMPLETA; COMPOSICAO_KIT_NAO_COMPROVADA; INCONCLUSIVO,,,Completar fontes e vínculos,,2026-09-05T15:16:37.457Z
VTK017756,Sensor De Movimento Smart Ism 1001 Intelbras,Evolusom Comercial Ltda,137.9,28,FALSE,NAO_CONCLUSIVO,INCONCLUSIVOS,INCONCLUSIVO,IDENTIDADE_INCONCLUSIVA,INCONCLUSIVO,INCONCLUSIVO,SEM_EVIDENCIA_DE_DEMANDA,95.06,,,,,,8.279935224,estimated,FALSE,EVIDENCIA_IDENTIDADE_INCOMPLETA; INCONCLUSIVO,APRESENTACAO_NAO_EXPLICITA,,Completar fontes e vínculos,mercado/VTK017756.json,2026-09-05T15:16:37.457Z
VTK017758,Jogo De Garras Western Com 2 Para Cabo De Bateria 300a,Evolusom Comercial Ltda,17.4,28,FALSE,NAO_CONCLUSIVO,INCONCLUSIVOS,INCONCLUSIVO,IDENTIDADE_INCONCLUSIVA,INCONCLUSIVO,INCONCLUSIVO,SEM_EVIDENCIA_DE_DEMANDA,29.15,,,,,,8.279935224,estimated,FALSE,EVIDENCIA_IDENTIDADE_INCOMPLETA; COMPOSICAO_KIT_NAO_COMPROVADA; INCONCLUSIVO,,,Completar fontes e vínculos,mercado/VTK017758.json,2026-09-05T15:16:37.457Z
VTK017826,Rele De Buzina Permak Universal 5 Terminais,Evolusom Comercial Ltda,11.5,28,FALSE,NAO_CONCLUSIVO,INCONCLUSIVOS,INCONCLUSIVO,IDENTIDADE_INCONCLUSIVA,INCONCLUSIVO,INCONCLUSIVO,SEM_EVIDENCIA_DE_DEMANDA,,,,,,,8.279935224,estimated,FALSE,EVIDENCIA_IDENTIDADE_INCOMPLETA; INCONCLUSIVO,APRESENTACAO_NAO_EXPLICITA,,Completar fontes e vínculos,,2026-09-05T15:16:37.457Z
VTK017828,Cabo Lan Mpt Cat.5e U/utp 24awgx4p 305 Metros Cmx Azul 53010545,Evolusom Comercial Ltda,669.99,28,FALSE,NAO_CONCLUSIVO,INCONCLUSIVOS,INCONCLUSIVO,IDENTIDADE_INCONCLUSIVA,INCONCLUSIVO,INCONCLUSIVO,SEM_EVIDENCIA_DE_DEMANDA,,,,,,,8.279935224,estimated,FALSE,EVIDENCIA_IDENTIDADE_INCOMPLETA; INCONCLUSIVO,APRESENTACAO_NAO_EXPLICITA,,Completar fontes e vínculos,,2026-09-05T15:16:37.457Z
VTK017942,Fonte Atx 200w C3 Tech Ps-200v4 C3plus Sem Cabo - Caixa Com 10 Unidades,Evolusom Comercial Ltda,349.9,28,FALSE,NAO_CONCLUSIVO,INCONCLUSIVOS,INCONCLUSIVO,IDENTIDADE_INCONCLUSIVA,INCONCLUSIVO,INCONCLUSIVO,SEM_EVIDENCIA_DE_DEMANDA,,,,,,,8.279935224,estimated,FALSE,EVIDENCIA_IDENTIDADE_INCOMPLETA; COMPOSICAO_KIT_NAO_COMPROVADA; INCONCLUSIVO,,,Completar fontes e vínculos,,2026-09-05T15:16:37.457Z
VTK003614,Encordoamentos Para Violão Aço .010 Bronze 85/15 Light SG (Kit c/ 3),BKR 1 Comercio e Importação Ltda,53.55,27,FALSE,NAO_CONCLUSIVO,INCONCLUSIVOS,INCONCLUSIVO,IDENTIDADE_INCONCLUSIVA,INCONCLUSIVO,INCONCLUSIVO,SEM_EVIDENCIA_DE_DEMANDA,,,,,,,8.279935224,estimated,FALSE,EVIDENCIA_IDENTIDADE_INCOMPLETA; COMPOSICAO_KIT_NAO_COMPROVADA; INCONCLUSIVO,,,Completar fontes e vínculos,mercado/VTK003614.json,2026-09-05T15:16:37.457Z
VTK012267,Adaptador Rca Macho P/xlr 3p Fêmea Niq. Wc 242 Ad 02 Unidades Wireconex,BKR 1 Comercio e Importação Ltda,20.68,27,FALSE,NAO_CONCLUSIVO,INCONCLUSIVOS,INCONCLUSIVO,IDENTIDADE_INCONCLUSIVA,INCONCLUSIVO,INCONCLUSIVO,SEM_EVIDENCIA_DE_DEMANDA,,,,,,,8.279935224,estimated,FALSE,EVIDENCIA_IDENTIDADE_INCOMPLETA; COMPOSICAO_KIT_NAO_COMPROVADA; INCONCLUSIVO,,,Completar fontes e vínculos,,2026-09-05T15:16:37.457Z
VTK017286,Abraçadeira Velcro Rolo Com 3 Metros Azul Muvc0005,Evolusom Comercial Ltda,12.9,27,FALSE,NAO_CONCLUSIVO,INCONCLUSIVOS,INCONCLUSIVO,IDENTIDADE_INCONCLUSIVA,INCONCLUSIVO,INCONCLUSIVO,SEM_EVIDENCIA_DE_DEMANDA,,,,,,,8.279935224,estimated,FALSE,EVIDENCIA_IDENTIDADE_INCOMPLETA; INCONCLUSIVO,APRESENTACAO_NAO_EXPLICITA,,Completar fontes e vínculos,,2026-09-05T15:16:37.457Z
VTK017743,Lnbf Aquário Dth-01mp Multiponto Banda Ku,Evolusom Comercial Ltda,59.9,27,FALSE,NAO_CONCLUSIVO,INCONCLUSIVOS,INCONCLUSIVO,IDENTIDADE_COHERENTE,INCONCLUSIVO,INCONCLUSIVO,SEM_EVIDENCIA_DE_DEMANDA,60.9,,,,,,8.279935224,estimated,FALSE,INCONCLUSIVO,APRESENTACAO_NAO_EXPLICITA,,Completar fontes e vínculos,mercado/VTK017743.json,2026-09-05T15:16:37.457Z
VTK017761,Cabo De Guitarra Sparflex Nitro 100 Plug Noiseless 3 Metros Preto,Evolusom Comercial Ltda,127.4,27,FALSE,NAO_CONCLUSIVO,INCONCLUSIVOS,INCONCLUSIVO,IDENTIDADE_INCONCLUSIVA,INCONCLUSIVO,INCONCLUSIVO,SEM_EVIDENCIA_DE_DEMANDA,,,,,,,8.279935224,estimated,FALSE,EVIDENCIA_IDENTIDADE_INCOMPLETA; INCONCLUSIVO,APRESENTACAO_NAO_EXPLICITA,,Completar fontes e vínculos,,2026-09-05T15:16:37.457Z
VTK017767,"Cordoalha Dielétrica Evus Ev-c64 6,4mm 1km",Evolusom Comercial Ltda,1499.89,27,FALSE,NAO_CONCLUSIVO,INCONCLUSIVOS,INCONCLUSIVO,IDENTIDADE_INCONCLUSIVA,INCONCLUSIVO,INCONCLUSIVO,SEM_EVIDENCIA_DE_DEMANDA,,,,,,,8.279935224,estimated,FALSE,EVIDENCIA_IDENTIDADE_INCOMPLETA; INCONCLUSIVO,APRESENTACAO_NAO_EXPLICITA,,Completar fontes e vínculos,,2026-09-05T15:16:37.457Z
VTK017776,"Tela Para Alto Falante Permak 8"" Aro Ferro 4 Furos Profissional Quadrado - PC / 2",Evolusom Comercial Ltda,26.34,27,FALSE,NAO_CONCLUSIVO,INCONCLUSIVOS,INCONCLUSIVO,IDENTIDADE_INCONCLUSIVA,INCONCLUSIVO,INCONCLUSIVO,SEM_EVIDENCIA_DE_DEMANDA,,,,,,,8.279935224,estimated,FALSE,EVIDENCIA_IDENTIDADE_INCOMPLETA; INCONCLUSIVO,APRESENTACAO_NAO_EXPLICITA,,Completar fontes e vínculos,,2026-09-05T15:16:37.457Z
VTK018358,Controle Remoto Mxt 01096 Para Ar Condicionado Lg 6711a20069f,Evolusom Comercial Ltda,17.5,27,FALSE,NAO_CONCLUSIVO,INCONCLUSIVOS,INCONCLUSIVO,IDENTIDADE_INCONCLUSIVA,INCONCLUSIVO,INCONCLUSIVO,SEM_EVIDENCIA_DE_DEMANDA,23.5,,,,,,8.279935224,estimated,FALSE,EVIDENCIA_IDENTIDADE_INCOMPLETA; INCONCLUSIVO,APRESENTACAO_NAO_EXPLICITA,,Completar fontes e vínculos,mercado/VTK018358.json,2026-09-05T15:16:37.457Z
VTK026049,Amplificador Frahm Sensus Lite 150bt 50w,Evolusom Comercial Ltda,349.9,27,FALSE,NAO_CONCLUSIVO,INCONCLUSIVOS,INCONCLUSIVO,IDENTIDADE_INCONCLUSIVA,INCONCLUSIVO,INCONCLUSIVO,SEM_EVIDENCIA_DE_DEMANDA,,,,,,,8.279935224,estimated,FALSE,EVIDENCIA_IDENTIDADE_INCOMPLETA; INCONCLUSIVO,APRESENTACAO_NAO_EXPLICITA,,Completar fontes e vínculos,,2026-09-05T15:16:37.457Z
VTK026129,"Cabo P2 Femea Stereo Para 2 Rca Níquel 1,5m Storm",BKR 1 Comercio e Importação Ltda,2.78,27,FALSE,NAO_CONCLUSIVO,INCONCLUSIVOS,INCONCLUSIVO,IDENTIDADE_INCONCLUSIVA,INCONCLUSIVO,INCONCLUSIVO,SEM_EVIDENCIA_DE_DEMANDA,19,,,,,,8.279935224,estimated,FALSE,EVIDENCIA_IDENTIDADE_INCOMPLETA; INCONCLUSIVO,APRESENTACAO_NAO_EXPLICITA,,Completar fontes e vínculos,mercado/VTK026129.json,2026-09-05T15:16:37.457Z
VTK012275,"Palheta Bori Grl At-r16110 S.t.d 0,94 Mm (verde Esc) R21014 10un",BKR 1 Comercio e Importação Ltda,8,26,FALSE,NAO_CONCLUSIVO,INCONCLUSIVOS,INCONCLUSIVO,IDENTIDADE_INCONCLUSIVA,INCONCLUSIVO,INCONCLUSIVO,SEM_EVIDENCIA_DE_DEMANDA,,,,,,,8.279935224,estimated,FALSE,EVIDENCIA_IDENTIDADE_INCOMPLETA; COMPOSICAO_KIT_NAO_COMPROVADA; INCONCLUSIVO,,,Completar fontes e vínculos,,2026-09-05T15:16:37.457Z
VTK012284,Bateria Lr44 V13ga-1 (cartela Com 02 Unidades),BKR 1 Comercio e Importação Ltda,16,26,FALSE,NAO_CONCLUSIVO,INCONCLUSIVOS,INCONCLUSIVO,IDENTIDADE_INCONCLUSIVA,INCONCLUSIVO,INCONCLUSIVO,SEM_EVIDENCIA_DE_DEMANDA,11.68,,,,,,8.279935224,estimated,FALSE,EVIDENCIA_IDENTIDADE_INCOMPLETA; INCONCLUSIVO,,,Completar fontes e vínculos,mercado/VTK012284.json,2026-09-05T15:16:37.457Z
VTK017646,Plug Speakon Macho 4 Vias G. Csr,Evolusom Comercial Ltda,16.6,26,FALSE,NAO_CONCLUSIVO,INCONCLUSIVOS,INCONCLUSIVO,IDENTIDADE_INCONCLUSIVA,INCONCLUSIVO,INCONCLUSIVO,SEM_EVIDENCIA_DE_DEMANDA,,,,,,,8.279935224,estimated,FALSE,EVIDENCIA_IDENTIDADE_INCOMPLETA; INCONCLUSIVO,APRESENTACAO_NAO_EXPLICITA,,Completar fontes e vínculos,mercado/VTK017646.json,2026-09-05T15:16:37.457Z
VTK017696,Jogo De Utensílios Tramontina Ability Em Nylon Preto 4 Peças,Evolusom Comercial Ltda,26.9,26,FALSE,NAO_CONCLUSIVO,INCONCLUSIVOS,INCONCLUSIVO,IDENTIDADE_INCONCLUSIVA,INCONCLUSIVO,INCONCLUSIVO,SEM_EVIDENCIA_DE_DEMANDA,51.99,,,,,,8.279935224,estimated,FALSE,EVIDENCIA_IDENTIDADE_INCOMPLETA; INCONCLUSIVO,,,Completar fontes e vínculos,mercado/VTK017696.json,2026-09-05T15:16:37.457Z
VTK017808,"Caixa Frahm 5csl Preta Par 5"" 80wrms Tela Lisa",Evolusom Comercial Ltda,519.9,26,FALSE,NAO_CONCLUSIVO,INCONCLUSIVOS,INCONCLUSIVO,IDENTIDADE_INCONCLUSIVA,INCONCLUSIVO,INCONCLUSIVO,SEM_EVIDENCIA_DE_DEMANDA,635,,,,,,8.279935224,estimated,FALSE,EVIDENCIA_IDENTIDADE_INCOMPLETA; INCONCLUSIVO,,,Completar fontes e vínculos,mercado/VTK017808.json,2026-09-05T15:16:37.457Z
VTK004758,Testador de Cabo de Rede Hikari HTC-31,Evolusom Comercial Ltda,43.9,25,FALSE,NAO_CONCLUSIVO,INCONCLUSIVOS,INCONCLUSIVO,IDENTIDADE_INCONCLUSIVA,INCONCLUSIVO,INCONCLUSIVO,SEM_EVIDENCIA_DE_DEMANDA,54.39,,,,,,8.279935224,estimated,FALSE,EVIDENCIA_IDENTIDADE_INCOMPLETA; INCONCLUSIVO,APRESENTACAO_NAO_EXPLICITA,,Completar fontes e vínculos,mercado/VTK004758.json,2026-09-05T15:16:37.457Z
VTK012283,Palheta Bori Grl At-r16146 Rio Xxl (vermelho) R21028 10un,BKR 1 Comercio e Importação Ltda,10,25,FALSE,NAO_CONCLUSIVO,INCONCLUSIVOS,INCONCLUSIVO,IDENTIDADE_INCONCLUSIVA,INCONCLUSIVO,INCONCLUSIVO,SEM_EVIDENCIA_DE_DEMANDA,,,,,,,8.279935224,estimated,FALSE,EVIDENCIA_IDENTIDADE_INCOMPLETA; COMPOSICAO_KIT_NAO_COMPROVADA; INCONCLUSIVO,,,Completar fontes e vínculos,,2026-09-05T15:16:37.457Z
VTK017672,Calota Grid Aro 14p 111ca-pta Modelo Strada 2013/ 14 Cubo Alto - PC / 4,Evolusom Comercial Ltda,47.8,25,FALSE,NAO_CONCLUSIVO,INCONCLUSIVOS,INCONCLUSIVO,IDENTIDADE_INCONCLUSIVA,INCONCLUSIVO,INCONCLUSIVO,SEM_EVIDENCIA_DE_DEMANDA,,,,,,,8.279935224,estimated,FALSE,EVIDENCIA_IDENTIDADE_INCOMPLETA; INCONCLUSIVO,APRESENTACAO_NAO_EXPLICITA,,Completar fontes e vínculos,,2026-09-05T15:16:37.457Z
VTK017746,Cooler Fan Mxt Sem Rolamento 120x120x38mm Bivolt,Evolusom Comercial Ltda,33.9,25,FALSE,NAO_CONCLUSIVO,INCONCLUSIVOS,INCONCLUSIVO,IDENTIDADE_COHERENTE,INCONCLUSIVO,INCONCLUSIVO,SEM_EVIDENCIA_DE_DEMANDA,47.49,,,,,,8.279935224,estimated,FALSE,INCONCLUSIVO,APRESENTACAO_NAO_EXPLICITA,,Completar fontes e vínculos,mercado/VTK017746.json,2026-09-05T15:16:37.457Z
VTK017783,Quantum Qps Plus4004 Sensor De Estacion. C/ 4 Sensores Sonoros,Evolusom Comercial Ltda,134.9,25,FALSE,NAO_CONCLUSIVO,INCONCLUSIVOS,INCONCLUSIVO,IDENTIDADE_INCONCLUSIVA,INCONCLUSIVO,INCONCLUSIVO,SEM_EVIDENCIA_DE_DEMANDA,,,,,,,8.279935224,estimated,FALSE,COMPOSICAO_KIT_NAO_COMPROVADA; INCONCLUSIVO,,,Completar fontes e vínculos,mercado/VTK017783.json,2026-09-05T15:16:37.457Z
VTK017790,Roteador Wi-fi Tp-link Deco M3 Ac1200 02 Peças,Evolusom Comercial Ltda,599.9,25,FALSE,NAO_CONCLUSIVO,INCONCLUSIVOS,INCONCLUSIVO,IDENTIDADE_INCONCLUSIVA,INCONCLUSIVO,INCONCLUSIVO,SEM_EVIDENCIA_DE_DEMANDA,,,,,,,8.279935224,estimated,FALSE,EVIDENCIA_IDENTIDADE_INCOMPLETA; COMPOSICAO_KIT_NAO_COMPROVADA; INCONCLUSIVO,,,Completar fontes e vínculos,,2026-09-05T15:16:37.457Z
VTK018419,"Ssd Hiksemi Wave 120gb 2,5"" Sata 3",Evolusom Comercial Ltda,194.9,25,FALSE,NAO_CONCLUSIVO,INCONCLUSIVOS,INCONCLUSIVO,IDENTIDADE_INCONCLUSIVA,INCONCLUSIVO,INCONCLUSIVO,SEM_EVIDENCIA_DE_DEMANDA,240,,,,,,8.279935224,estimated,FALSE,EVIDENCIA_IDENTIDADE_INCOMPLETA; INCONCLUSIVO,APRESENTACAO_NAO_EXPLICITA,,Completar fontes e vínculos,mercado/VTK018419.json,2026-09-05T15:16:37.457Z
VTK001879,Conector XLR Fêmea 3 Pinos Azul Genérico - PCT / 5,BKR 1 Comercio e Importação Ltda,17.96,24,FALSE,NAO_CONCLUSIVO,INCONCLUSIVOS,INCONCLUSIVO,IDENTIDADE_INCONCLUSIVA,INCONCLUSIVO,INCONCLUSIVO,SEM_EVIDENCIA_DE_DEMANDA,35.11,,,,,,8.279935224,estimated,FALSE,EVIDENCIA_IDENTIDADE_INCOMPLETA; INCONCLUSIVO,,,Completar fontes e vínculos,mercado/VTK001879.json,2026-09-05T15:16:37.457Z
VTK012264,"Pilha Alcalina ""d"" Rayovac (cartela Com 2 Unidades) 20220",BKR 1 Comercio e Importação Ltda,27.95,24,FALSE,NAO_CONCLUSIVO,INCONCLUSIVOS,INCONCLUSIVO,IDENTIDADE_INCONCLUSIVA,INCONCLUSIVO,INCONCLUSIVO,SEM_EVIDENCIA_DE_DEMANDA,38.5,,,,,,8.279935224,estimated,FALSE,EVIDENCIA_IDENTIDADE_INCOMPLETA; INCONCLUSIVO,,,Completar fontes e vínculos,mercado/VTK012264.json,2026-09-05T15:16:37.457Z
VTK013085,Suporte De Parede Com Angulação Para Attack Vs83/vsc83a - Branco,BKR 1 Comercio e Importação Ltda,245.52,24,FALSE,NAO_CONCLUSIVO,INCONCLUSIVOS,INCONCLUSIVO,IDENTIDADE_INCONCLUSIVA,INCONCLUSIVO,INCONCLUSIVO,SEM_EVIDENCIA_DE_DEMANDA,,,,,,,8.279935224,estimated,FALSE,EVIDENCIA_IDENTIDADE_INCOMPLETA; INCONCLUSIVO,APRESENTACAO_NAO_EXPLICITA,,Completar fontes e vínculos,,2026-09-05T15:16:37.457Z
VTK017649,"Fita Antiderrapante Western 5m X 2,5cm",Evolusom Comercial Ltda,15.91,24,FALSE,NAO_CONCLUSIVO,INCONCLUSIVOS,INCONCLUSIVO,IDENTIDADE_INCONCLUSIVA,INCONCLUSIVO,INCONCLUSIVO,SEM_EVIDENCIA_DE_DEMANDA,24.99,,,,,,8.279935224,estimated,FALSE,EVIDENCIA_IDENTIDADE_INCOMPLETA; INCONCLUSIVO,APRESENTACAO_NAO_EXPLICITA,,Completar fontes e vínculos,mercado/VTK017649.json,2026-09-05T15:16:37.457Z
VTK017705,Cabo Paralelo Technoise 100% Cobre Cristal 2x1.50 Mm Rolo 100 Metros,Evolusom Comercial Ltda,307.9,24,FALSE,NAO_CONCLUSIVO,INCONCLUSIVOS,INCONCLUSIVO,IDENTIDADE_INCONCLUSIVA,INCONCLUSIVO,INCONCLUSIVO,SEM_EVIDENCIA_DE_DEMANDA,310.1,,,,,,8.279935224,estimated,FALSE,EVIDENCIA_IDENTIDADE_INCOMPLETA; INCONCLUSIVO,APRESENTACAO_NAO_EXPLICITA,,Completar fontes e vínculos,mercado/VTK017705.json,2026-09-05T15:16:37.457Z
VTK017757,Antena Móvel Bobinada Aquário Px 11 Metros Mini Marinox,Evolusom Comercial Ltda,74.9,24,FALSE,NAO_CONCLUSIVO,INCONCLUSIVOS,INCONCLUSIVO,IDENTIDADE_INCONCLUSIVA,INCONCLUSIVO,INCONCLUSIVO,SEM_EVIDENCIA_DE_DEMANDA,,,,,,,8.279935224,estimated,FALSE,EVIDENCIA_IDENTIDADE_INCOMPLETA; INCONCLUSIVO,APRESENTACAO_NAO_EXPLICITA,,Completar fontes e vínculos,,2026-09-05T15:16:37.457Z
VTK017809,Fone De Ouvido Akg K182 Closed-back Preto,Evolusom Comercial Ltda,749.9,24,FALSE,NAO_CONCLUSIVO,INCONCLUSIVOS,INCONCLUSIVO,IDENTIDADE_COHERENTE,INCONCLUSIVO,INCONCLUSIVO,SEM_EVIDENCIA_DE_DEMANDA,721.4,,,,,,8.279935224,estimated,FALSE,INCONCLUSIVO,APRESENTACAO_NAO_EXPLICITA,,Completar fontes e vínculos,mercado/VTK017809.json,2026-09-05T15:16:37.457Z
VTK017810,Calota Aro 15p 377cp-pof Mod Onix / Prisma 2020,Evolusom Comercial Ltda,18.6,24,FALSE,NAO_CONCLUSIVO,INCONCLUSIVOS,INCONCLUSIVO,IDENTIDADE_INCONCLUSIVA,INCONCLUSIVO,INCONCLUSIVO,SEM_EVIDENCIA_DE_DEMANDA,,,,,,,8.279935224,estimated,FALSE,EVIDENCIA_IDENTIDADE_INCOMPLETA; INCONCLUSIVO,APRESENTACAO_NAO_EXPLICITA,,Completar fontes e vínculos,,2026-09-05T15:16:37.457Z
VTK017813,Lâmpada Super Led Multilaser Cob Hb3 20w 6200k 25000h Resistente A água - Au839,Evolusom Comercial Ltda,68.4,24,FALSE,NAO_CONCLUSIVO,INCONCLUSIVOS,INCONCLUSIVO,IDENTIDADE_INCONCLUSIVA,INCONCLUSIVO,INCONCLUSIVO,SEM_EVIDENCIA_DE_DEMANDA,,,,,,,8.279935224,estimated,FALSE,EVIDENCIA_IDENTIDADE_INCOMPLETA; INCONCLUSIVO,APRESENTACAO_NAO_EXPLICITA,,Completar fontes e vínculos,,2026-09-05T15:16:37.457Z
VTK017814,Espiral Duto Lbrx Laranja 3/4 19x16 Rolo 50 Metros,Evolusom Comercial Ltda,134.9,24,FALSE,NAO_CONCLUSIVO,INCONCLUSIVOS,INCONCLUSIVO,IDENTIDADE_INCONCLUSIVA,INCONCLUSIVO,INCONCLUSIVO,SEM_EVIDENCIA_DE_DEMANDA,,,,,,,8.279935224,estimated,FALSE,EVIDENCIA_IDENTIDADE_INCOMPLETA; INCONCLUSIVO,APRESENTACAO_NAO_EXPLICITA,,Completar fontes e vínculos,,2026-09-05T15:16:37.457Z
VTK017817,Suporte Para Ferro De Solda Western,Evolusom Comercial Ltda,17.8,24,FALSE,NAO_CONCLUSIVO,INCONCLUSIVOS,INCONCLUSIVO,IDENTIDADE_INCONCLUSIVA,INCONCLUSIVO,INCONCLUSIVO,SEM_EVIDENCIA_DE_DEMANDA,25.9,,,,,,8.279935224,estimated,FALSE,EVIDENCIA_IDENTIDADE_INCOMPLETA; INCONCLUSIVO,APRESENTACAO_NAO_EXPLICITA,,Completar fontes e vínculos,mercado/VTK017817.json,2026-09-05T15:16:37.457Z
VTK017841,Cabo Paralelo Technoise 100% Cobre Cristal 2x2.50mm 50 Metros,Evolusom Comercial Ltda,284.9,24,FALSE,NAO_CONCLUSIVO,INCONCLUSIVOS,INCONCLUSIVO,IDENTIDADE_INCONCLUSIVA,INCONCLUSIVO,INCONCLUSIVO,SEM_EVIDENCIA_DE_DEMANDA,295,,,,,,8.279935224,estimated,FALSE,EVIDENCIA_IDENTIDADE_INCOMPLETA; INCONCLUSIVO,APRESENTACAO_NAO_EXPLICITA,,Completar fontes e vínculos,mercado/VTK017841.json,2026-09-05T15:16:37.457Z
VTK026130,Cola Bastão 40g Pritt,BKR 1 Comercio e Importação Ltda,14.59,24,FALSE,NAO_CONCLUSIVO,INCONCLUSIVOS,INCONCLUSIVO,IDENTIDADE_INCONCLUSIVA,INCONCLUSIVO,INCONCLUSIVO,SEM_EVIDENCIA_DE_DEMANDA,19.9,,,,,,8.279935224,estimated,FALSE,EVIDENCIA_IDENTIDADE_INCOMPLETA; INCONCLUSIVO,APRESENTACAO_NAO_EXPLICITA,,Completar fontes e vínculos,mercado/VTK026130.json,2026-09-05T15:16:37.457Z
VTK026131,Massa Adesiva Reutilizável 35g Multitack Pritt,BKR 1 Comercio e Importação Ltda,17.71,24,FALSE,NAO_CONCLUSIVO,INCONCLUSIVOS,INCONCLUSIVO,IDENTIDADE_INCONCLUSIVA,INCONCLUSIVO,INCONCLUSIVO,SEM_EVIDENCIA_DE_DEMANDA,,,,,,,8.279935224,estimated,FALSE,EVIDENCIA_IDENTIDADE_INCOMPLETA; INCONCLUSIVO,APRESENTACAO_NAO_EXPLICITA,,Completar fontes e vínculos,,2026-09-05T15:16:37.457Z
VTK026132,Adesivo Instantâneo Super Bonder Flexível 2g Loctite,BKR 1 Comercio e Importação Ltda,6.04,24,FALSE,NAO_CONCLUSIVO,INCONCLUSIVOS,INCONCLUSIVO,IDENTIDADE_INCONCLUSIVA,INCONCLUSIVO,INCONCLUSIVO,SEM_EVIDENCIA_DE_DEMANDA,38.9,,,,,,8.279935224,estimated,FALSE,EVIDENCIA_IDENTIDADE_INCOMPLETA; COMPOSICAO_KIT_NAO_COMPROVADA; INCONCLUSIVO,,Adesivo Loctite unitário de 2 g comparado com kit de três unidades de 2 g. Correspondência rejeitada.,Completar fontes e vínculos,mercado/VTK026132.json,2026-09-05T15:16:37.457Z
VTK026133,Cola De Contato Extra Sem Toluol 195g Cascola,BKR 1 Comercio e Importação Ltda,19.01,24,FALSE,NAO_CONCLUSIVO,INCONCLUSIVOS,INCONCLUSIVO,IDENTIDADE_INCONCLUSIVA,INCONCLUSIVO,INCONCLUSIVO,SEM_EVIDENCIA_DE_DEMANDA,,,,,,,8.279935224,estimated,FALSE,EVIDENCIA_IDENTIDADE_INCOMPLETA; INCONCLUSIVO,APRESENTACAO_NAO_EXPLICITA,,Completar fontes e vínculos,,2026-09-05T15:16:37.457Z
VTK002500,Conversor VGA Para HDMI ADAP0039 Preto STORM,Evolusom Comercial Ltda,78.9,23,FALSE,NAO_CONCLUSIVO,INCONCLUSIVOS,INCONCLUSIVO,IDENTIDADE_INCONCLUSIVA,INCONCLUSIVO,INCONCLUSIVO,SEM_EVIDENCIA_DE_DEMANDA,,,,,,,8.279935224,estimated,FALSE,EVIDENCIA_IDENTIDADE_INCOMPLETA; INCONCLUSIVO,APRESENTACAO_NAO_EXPLICITA,,Completar fontes e vínculos,,2026-09-05T15:16:37.457Z
VTK012282,"Palheta Bori Grl At-r16108 S.t.d 0,80 Mm (azul) R21012 10un",BKR 1 Comercio e Importação Ltda,8.87,23,FALSE,NAO_CONCLUSIVO,INCONCLUSIVOS,INCONCLUSIVO,IDENTIDADE_INCONCLUSIVA,INCONCLUSIVO,INCONCLUSIVO,SEM_EVIDENCIA_DE_DEMANDA,,,,,,,8.279935224,estimated,FALSE,EVIDENCIA_IDENTIDADE_INCOMPLETA; COMPOSICAO_KIT_NAO_COMPROVADA; INCONCLUSIVO,,,Completar fontes e vínculos,,2026-09-05T15:16:37.457Z
VTK012297,Kit 04 Conectores Xlr Macho P/ Pci 3 Polos Wc 4050 Wireconex,BKR 1 Comercio e Importação Ltda,27.87,23,FALSE,NAO_CONCLUSIVO,INCONCLUSIVOS,INCONCLUSIVO,IDENTIDADE_INCONCLUSIVA,INCONCLUSIVO,INCONCLUSIVO,SEM_EVIDENCIA_DE_DEMANDA,,,,,,,8.279935224,estimated,FALSE,EVIDENCIA_IDENTIDADE_INCOMPLETA; COMPOSICAO_KIT_NAO_COMPROVADA; INCONCLUSIVO,,,Completar fontes e vínculos,,2026-09-05T15:16:37.457Z
VTK012301,Palheta Bori Grl At-r16145 Rio Iii (preto) R21031 10un,BKR 1 Comercio e Importação Ltda,10,23,FALSE,NAO_CONCLUSIVO,INCONCLUSIVOS,INCONCLUSIVO,IDENTIDADE_INCONCLUSIVA,INCONCLUSIVO,INCONCLUSIVO,SEM_EVIDENCIA_DE_DEMANDA,,,,,,,8.279935224,estimated,FALSE,EVIDENCIA_IDENTIDADE_INCOMPLETA; COMPOSICAO_KIT_NAO_COMPROVADA; INCONCLUSIVO,,,Completar fontes e vínculos,,2026-09-05T15:16:37.457Z
VTK017520,Antena De Tv Digital Interna Intelbras Ai 2025 Uhf/hdtv 4142025,Evolusom Comercial Ltda,24.9,23,FALSE,NAO_CONCLUSIVO,INCONCLUSIVOS,INCONCLUSIVO,IDENTIDADE_INCONCLUSIVA,INCONCLUSIVO,INCONCLUSIVO,SEM_EVIDENCIA_DE_DEMANDA,,,,,,,8.279935224,estimated,FALSE,EVIDENCIA_IDENTIDADE_INCOMPLETA; INCONCLUSIVO,APRESENTACAO_NAO_EXPLICITA,,Completar fontes e vínculos,,2026-09-05T15:16:37.457Z
VTK017737,"Fita Dupla Face De Espuma 3m Ambiente Interno 12x1,5 Metros",Evolusom Comercial Ltda,19.55,23,FALSE,NAO_CONCLUSIVO,INCONCLUSIVOS,INCONCLUSIVO,IDENTIDADE_INCONCLUSIVA,INCONCLUSIVO,INCONCLUSIVO,SEM_EVIDENCIA_DE_DEMANDA,19.9,,,,,,8.279935224,estimated,FALSE,EVIDENCIA_IDENTIDADE_INCOMPLETA; INCONCLUSIVO,APRESENTACAO_NAO_EXPLICITA,,Completar fontes e vínculos,mercado/VTK017737.json,2026-09-05T15:16:37.457Z
VTK017784,"Adesivo Skin Manhattan Mh-475679 Para Notebooks Até 17"" Guitarra",Evolusom Comercial Ltda,11.85,23,FALSE,NAO_CONCLUSIVO,INCONCLUSIVOS,INCONCLUSIVO,IDENTIDADE_INCONCLUSIVA,INCONCLUSIVO,INCONCLUSIVO,SEM_EVIDENCIA_DE_DEMANDA,,,,,,,8.279935224,estimated,FALSE,EVIDENCIA_IDENTIDADE_INCOMPLETA; INCONCLUSIVO,APRESENTACAO_NAO_EXPLICITA,,Completar fontes e vínculos,mercado/VTK017784.json,2026-09-05T15:16:37.457Z
VTK017796,"Cabo Solar Cabel 6,00mm² Preto 200m",Evolusom Comercial Ltda,1099.9,23,FALSE,NAO_CONCLUSIVO,INCONCLUSIVOS,INCONCLUSIVO,IDENTIDADE_INCONCLUSIVA,INCONCLUSIVO,INCONCLUSIVO,SEM_EVIDENCIA_DE_DEMANDA,,,,,,,8.279935224,estimated,FALSE,EVIDENCIA_IDENTIDADE_INCOMPLETA; INCONCLUSIVO,APRESENTACAO_NAO_EXPLICITA,,Completar fontes e vínculos,,2026-09-05T15:16:37.457Z
VTK017797,"Cabo Solar Cabel 6,00mm² Vermelho 200m",Evolusom Comercial Ltda,1099.9,23,FALSE,NAO_CONCLUSIVO,INCONCLUSIVOS,INCONCLUSIVO,IDENTIDADE_INCONCLUSIVA,INCONCLUSIVO,INCONCLUSIVO,SEM_EVIDENCIA_DE_DEMANDA,,,,,,,8.279935224,estimated,FALSE,EVIDENCIA_IDENTIDADE_INCOMPLETA; INCONCLUSIVO,APRESENTACAO_NAO_EXPLICITA,,Completar fontes e vínculos,,2026-09-05T15:16:37.457Z
VTK017818,Monitor Brx Led 23'' Hdmi + Vga + Webcam Hd,Evolusom Comercial Ltda,499.9,23,FALSE,NAO_CONCLUSIVO,INCONCLUSIVOS,INCONCLUSIVO,IDENTIDADE_INCONCLUSIVA,INCONCLUSIVO,INCONCLUSIVO,SEM_EVIDENCIA_DE_DEMANDA,552.8,,,,,,8.279935224,estimated,FALSE,EVIDENCIA_IDENTIDADE_INCOMPLETA; INCONCLUSIVO,APRESENTACAO_NAO_EXPLICITA,,Completar fontes e vínculos,mercado/VTK017818.json,2026-09-05T15:16:37.457Z
VTK017829,Módulo De Vidro Elétrico E Teto Solar Soft Automotiva Infinity 4.0,Evolusom Comercial Ltda,80.9,23,FALSE,NAO_CONCLUSIVO,INCONCLUSIVOS,INCONCLUSIVO,IDENTIDADE_COHERENTE,INCONCLUSIVO,INCONCLUSIVO,SEM_EVIDENCIA_DE_DEMANDA,,,,,,,8.279935224,estimated,FALSE,INCONCLUSIVO,APRESENTACAO_NAO_EXPLICITA,,Completar fontes e vínculos,mercado/VTK017829.json,2026-09-05T15:16:37.457Z
VTK017832,Módulo Mini Gbic Para Olt Tp-link Ds-pma-c+ Gpon,Evolusom Comercial Ltda,321.9,23,FALSE,NAO_CONCLUSIVO,INCONCLUSIVOS,INCONCLUSIVO,IDENTIDADE_INCONCLUSIVA,INCONCLUSIVO,INCONCLUSIVO,SEM_EVIDENCIA_DE_DEMANDA,,,,,,,8.279935224,estimated,FALSE,EVIDENCIA_IDENTIDADE_INCOMPLETA; INCONCLUSIVO,APRESENTACAO_NAO_EXPLICITA,,Completar fontes e vínculos,,2026-09-05T15:16:37.457Z
VTK019217,Módulo Para Controle De Acionamento Remoto Fks Rs400 Tx Car,Evolusom Comercial Ltda,19.9,23,FALSE,NAO_CONCLUSIVO,INCONCLUSIVOS,INCONCLUSIVO,IDENTIDADE_COHERENTE,INCONCLUSIVO,INCONCLUSIVO,SEM_EVIDENCIA_DE_DEMANDA,38.33,,,,,,8.279935224,estimated,FALSE,INCONCLUSIVO,APRESENTACAO_NAO_EXPLICITA,,Completar fontes e vínculos,mercado/VTK019217.json,2026-09-05T15:16:37.457Z
VTK023561,"Kit 2 Vias Hurricane Platino Q6.2 Alto Falante 6"" 80w Rms 4r Par",Evolusom Comercial Ltda,197.9,23,FALSE,NAO_CONCLUSIVO,INCONCLUSIVOS,INCONCLUSIVO,IDENTIDADE_INCONCLUSIVA,INCONCLUSIVO,INCONCLUSIVO,SEM_EVIDENCIA_DE_DEMANDA,237.27,,,,,,8.279935224,estimated,FALSE,COMPOSICAO_KIT_NAO_COMPROVADA; INCONCLUSIVO,,,Completar fontes e vínculos,mercado/VTK023561.json,2026-09-05T15:16:37.457Z
VTK026134,Adesivo Monta E Fixa Interior 85g Cascola,BKR 1 Comercio e Importação Ltda,15.4,23,FALSE,NAO_CONCLUSIVO,INCONCLUSIVOS,INCONCLUSIVO,IDENTIDADE_INCONCLUSIVA,INCONCLUSIVO,INCONCLUSIVO,SEM_EVIDENCIA_DE_DEMANDA,36.9,,,,,,8.279935224,estimated,FALSE,EVIDENCIA_IDENTIDADE_INCOMPLETA; INCONCLUSIVO,APRESENTACAO_NAO_EXPLICITA,,Completar fontes e vínculos,mercado/VTK026134.json,2026-09-05T15:16:37.457Z
VTK012304,Palheta Guitarra Color 1cap6 D Addario 1.00mm 10un,BKR 1 Comercio e Importação Ltda,35.48,22,FALSE,NAO_CONCLUSIVO,INCONCLUSIVOS,INCONCLUSIVO,IDENTIDADE_INCONCLUSIVA,INCONCLUSIVO,INCONCLUSIVO,SEM_EVIDENCIA_DE_DEMANDA,,,,,,,8.279935224,estimated,FALSE,EVIDENCIA_IDENTIDADE_INCOMPLETA; COMPOSICAO_KIT_NAO_COMPROVADA; INCONCLUSIVO,,,Completar fontes e vínculos,,2026-09-05T15:16:37.457Z
VTK017567,Combo Teclado E Mouse Sem Fio Logitech Mk270 Preto/cinza,Evolusom Comercial Ltda,157.9,22,FALSE,NAO_CONCLUSIVO,INCONCLUSIVOS,INCONCLUSIVO,IDENTIDADE_INCONCLUSIVA,INCONCLUSIVO,INCONCLUSIVO,SEM_EVIDENCIA_DE_DEMANDA,,,,,,,8.279935224,estimated,FALSE,EVIDENCIA_IDENTIDADE_INCOMPLETA; INCONCLUSIVO,APRESENTACAO_NAO_EXPLICITA,,Completar fontes e vínculos,,2026-09-05T15:16:37.457Z
VTK017585,Ferro De Solda Western 40w 127v,Evolusom Comercial Ltda,20.5,22,FALSE,NAO_CONCLUSIVO,INCONCLUSIVOS,INCONCLUSIVO,IDENTIDADE_INCONCLUSIVA,INCONCLUSIVO,INCONCLUSIVO,SEM_EVIDENCIA_DE_DEMANDA,26.31,,,,,,8.279935224,estimated,FALSE,EVIDENCIA_IDENTIDADE_INCOMPLETA; INCONCLUSIVO,APRESENTACAO_NAO_EXPLICITA,,Completar fontes e vínculos,mercado/VTK017585.json,2026-09-05T15:16:37.457Z
VTK017665,"Alicate De Corte Mxt 160mm 6""",Evolusom Comercial Ltda,19.5,22,FALSE,NAO_CONCLUSIVO,INCONCLUSIVOS,INCONCLUSIVO,IDENTIDADE_COHERENTE,INCONCLUSIVO,INCONCLUSIVO,SEM_EVIDENCIA_DE_DEMANDA,34.9,,,,,,8.279935224,estimated,FALSE,INCONCLUSIVO,APRESENTACAO_NAO_EXPLICITA,,Completar fontes e vínculos,mercado/VTK017665.json,2026-09-05T15:16:37.457Z
VTK017798,Refletor Led Elgin 10w 6500k Preto,Evolusom Comercial Ltda,12.99,22,FALSE,NAO_CONCLUSIVO,INCONCLUSIVOS,INCONCLUSIVO,IDENTIDADE_INCONCLUSIVA,INCONCLUSIVO,INCONCLUSIVO,SEM_EVIDENCIA_DE_DEMANDA,,,,,,,8.279935224,estimated,FALSE,EVIDENCIA_IDENTIDADE_INCOMPLETA; INCONCLUSIVO,APRESENTACAO_NAO_EXPLICITA,,Completar fontes e vínculos,,2026-09-05T15:16:37.457Z
VTK017822,Conector Permak Cd Jeep Renegade,Evolusom Comercial Ltda,29.9,22,FALSE,NAO_CONCLUSIVO,INCONCLUSIVOS,INCONCLUSIVO,IDENTIDADE_COHERENTE,INCONCLUSIVO,INCONCLUSIVO,SEM_EVIDENCIA_DE_DEMANDA,,,,,,,8.279935224,estimated,FALSE,INCONCLUSIVO,APRESENTACAO_NAO_EXPLICITA,,Completar fontes e vínculos,mercado/VTK017822.json,2026-09-05T15:16:37.457Z
VTK017838,Contra Frente Plástica Permak Toyota Hilux Sw4 89/z1,Evolusom Comercial Ltda,14.9,22,FALSE,NAO_CONCLUSIVO,INCONCLUSIVOS,INCONCLUSIVO,IDENTIDADE_COHERENTE,INCONCLUSIVO,INCONCLUSIVO,SEM_EVIDENCIA_DE_DEMANDA,26.9,,,,,,8.279935224,estimated,FALSE,INCONCLUSIVO,APRESENTACAO_NAO_EXPLICITA,,Completar fontes e vínculos,mercado/VTK017838.json,2026-09-05T15:16:37.457Z
VTK017842,Módulo Tury Para Vidro Elétrico Ae Pro2.10cr,Evolusom Comercial Ltda,164.9,22,FALSE,NAO_CONCLUSIVO,INCONCLUSIVOS,INCONCLUSIVO,IDENTIDADE_INCONCLUSIVA,INCONCLUSIVO,INCONCLUSIVO,SEM_EVIDENCIA_DE_DEMANDA,,,,,,,8.279935224,estimated,FALSE,EVIDENCIA_IDENTIDADE_INCOMPLETA; INCONCLUSIVO,APRESENTACAO_NAO_EXPLICITA,,Completar fontes e vínculos,,2026-09-05T15:16:37.457Z
VTK017855,Patch Panel Descarregado Sohoplus 12 Posições,Evolusom Comercial Ltda,109.9,22,FALSE,NAO_CONCLUSIVO,INCONCLUSIVOS,INCONCLUSIVO,IDENTIDADE_COHERENTE,INCONCLUSIVO,INCONCLUSIVO,SEM_EVIDENCIA_DE_DEMANDA,170,,,,,,8.279935224,estimated,FALSE,INCONCLUSIVO,APRESENTACAO_NAO_EXPLICITA,,Completar fontes e vínculos,mercado/VTK017855.json,2026-09-05T15:16:37.457Z
VTK021063,Combo Teclado E Mouse Wireless Logitech Mk235 Compact Usb Preto Sem Fio,Evolusom Comercial Ltda,141.9,22,FALSE,NAO_CONCLUSIVO,INCONCLUSIVOS,INCONCLUSIVO,IDENTIDADE_INCONCLUSIVA,INCONCLUSIVO,INCONCLUSIVO,SEM_EVIDENCIA_DE_DEMANDA,,,,,,,8.279935224,estimated,FALSE,EVIDENCIA_IDENTIDADE_INCOMPLETA; INCONCLUSIVO,APRESENTACAO_NAO_EXPLICITA,,Completar fontes e vínculos,,2026-09-05T15:16:37.457Z
VTK021065,"Caixa Rlp Vazia Para 1 Alto Falante 10"" Dutada Carpet",Evolusom Comercial Ltda,62.9,22,FALSE,NAO_CONCLUSIVO,INCONCLUSIVOS,INCONCLUSIVO,IDENTIDADE_INCONCLUSIVA,INCONCLUSIVO,INCONCLUSIVO,SEM_EVIDENCIA_DE_DEMANDA,,,,,,,8.279935224,estimated,FALSE,EVIDENCIA_IDENTIDADE_INCOMPLETA; INCONCLUSIVO,APRESENTACAO_NAO_EXPLICITA,,Completar fontes e vínculos,,2026-09-05T15:16:37.457Z
VTK026135,Adesivo Instantâneo Super Bonder Flexível Controle 3g Loctite,BKR 1 Comercio e Importação Ltda,11.07,22,FALSE,NAO_CONCLUSIVO,INCONCLUSIVOS,INCONCLUSIVO,IDENTIDADE_COHERENTE,INCONCLUSIVO,INCONCLUSIVO,SEM_EVIDENCIA_DE_DEMANDA,15.1,,,,,,8.279935224,estimated,FALSE,INCONCLUSIVO,APRESENTACAO_NAO_EXPLICITA,,Completar fontes e vínculos,mercado/VTK026135.json,2026-09-05T15:16:37.457Z
VTK005836,Mangueira Látex 9 Metros KM130AV Verde Kepper,Evolusom Comercial Ltda,31.9,21,FALSE,NAO_CONCLUSIVO,INCONCLUSIVOS,INCONCLUSIVO,IDENTIDADE_INCONCLUSIVA,INCONCLUSIVO,INCONCLUSIVO,SEM_EVIDENCIA_DE_DEMANDA,,,,,,,8.279935224,estimated,FALSE,EVIDENCIA_IDENTIDADE_INCOMPLETA; INCONCLUSIVO,APRESENTACAO_NAO_EXPLICITA,,Completar fontes e vínculos,,2026-09-05T15:16:37.457Z
VTK012319,"Palheta Bori Grl At-r16115 Azul Crystal 0,96 Mm R21008 10un",BKR 1 Comercio e Importação Ltda,8,21,FALSE,NAO_CONCLUSIVO,INCONCLUSIVOS,INCONCLUSIVO,IDENTIDADE_INCONCLUSIVA,INCONCLUSIVO,INCONCLUSIVO,SEM_EVIDENCIA_DE_DEMANDA,,,,,,,8.279935224,estimated,FALSE,EVIDENCIA_IDENTIDADE_INCOMPLETA; COMPOSICAO_KIT_NAO_COMPROVADA; INCONCLUSIVO,,,Completar fontes e vínculos,,2026-09-05T15:16:37.457Z
VTK012321,Palheta Bori Grl At-r16144 Rio Iii (vermelho) R21027 10un,BKR 1 Comercio e Importação Ltda,10,21,FALSE,NAO_CONCLUSIVO,INCONCLUSIVOS,INCONCLUSIVO,IDENTIDADE_INCONCLUSIVA,INCONCLUSIVO,INCONCLUSIVO,SEM_EVIDENCIA_DE_DEMANDA,,,,,,,8.279935224,estimated,FALSE,EVIDENCIA_IDENTIDADE_INCOMPLETA; COMPOSICAO_KIT_NAO_COMPROVADA; INCONCLUSIVO,,,Completar fontes e vínculos,,2026-09-05T15:16:37.457Z
VTK012327,Kit 04 Conectores Xlr Femea P/ Pci 3 Polos Wc 4046 Wireconex,BKR 1 Comercio e Importação Ltda,27.87,21,FALSE,NAO_CONCLUSIVO,INCONCLUSIVOS,INCONCLUSIVO,IDENTIDADE_INCONCLUSIVA,INCONCLUSIVO,INCONCLUSIVO,SEM_EVIDENCIA_DE_DEMANDA,,,,,,,8.279935224,estimated,FALSE,EVIDENCIA_IDENTIDADE_INCOMPLETA; COMPOSICAO_KIT_NAO_COMPROVADA; INCONCLUSIVO,,,Completar fontes e vínculos,,2026-09-05T15:16:37.457Z
VTK017795,Cabo Pp Circular Technoise Automotivo 2x1.50mm Rolo Com 25m,Evolusom Comercial Ltda,121.9,21,FALSE,NAO_CONCLUSIVO,INCONCLUSIVOS,INCONCLUSIVO,IDENTIDADE_INCONCLUSIVA,INCONCLUSIVO,INCONCLUSIVO,SEM_EVIDENCIA_DE_DEMANDA,,,,,,,8.279935224,estimated,FALSE,EVIDENCIA_IDENTIDADE_INCOMPLETA; INCONCLUSIVO,APRESENTACAO_NAO_EXPLICITA,,Completar fontes e vínculos,mercado/VTK017795.json,2026-09-05T15:16:37.457Z
VTK017803,Extensão Daneva Sort Pl 2x0.75mm² 5 Metros Cores Sortidas Ref1514,Evolusom Comercial Ltda,16,21,FALSE,NAO_CONCLUSIVO,INCONCLUSIVOS,INCONCLUSIVO,IDENTIDADE_INCONCLUSIVA,INCONCLUSIVO,INCONCLUSIVO,SEM_EVIDENCIA_DE_DEMANDA,,,,,,,8.279935224,estimated,FALSE,EVIDENCIA_IDENTIDADE_INCOMPLETA; INCONCLUSIVO,APRESENTACAO_NAO_EXPLICITA,,Completar fontes e vínculos,,2026-09-05T15:16:37.457Z
VTK017840,Lnbf Multiponto Elsys Banda C - PC / 2,Evolusom Comercial Ltda,69,21,FALSE,NAO_CONCLUSIVO,INCONCLUSIVOS,INCONCLUSIVO,IDENTIDADE_INCONCLUSIVA,INCONCLUSIVO,INCONCLUSIVO,SEM_EVIDENCIA_DE_DEMANDA,,,,,,,8.279935224,estimated,FALSE,EVIDENCIA_IDENTIDADE_INCOMPLETA; INCONCLUSIVO,APRESENTACAO_NAO_EXPLICITA,,Completar fontes e vínculos,,2026-09-05T15:16:37.457Z
VTK017860,"Stetsom Stvhf35 Cabo Antena Vhf 3,5m",Evolusom Comercial Ltda,33.9,21,FALSE,NAO_CONCLUSIVO,INCONCLUSIVOS,INCONCLUSIVO,IDENTIDADE_INCONCLUSIVA,INCONCLUSIVO,INCONCLUSIVO,SEM_EVIDENCIA_DE_DEMANDA,,,,,,,8.279935224,estimated,FALSE,EVIDENCIA_IDENTIDADE_INCOMPLETA; INCONCLUSIVO,APRESENTACAO_NAO_EXPLICITA,,Completar fontes e vínculos,,2026-09-05T15:16:37.457Z
VTK017866,"Alça Pré Formada Para Cabo 9,60/ 10,40 Acpo6104 Preto - PC / 10",Evolusom Comercial Ltda,113.3,21,FALSE,NAO_CONCLUSIVO,INCONCLUSIVOS,INCONCLUSIVO,IDENTIDADE_INCONCLUSIVA,INCONCLUSIVO,INCONCLUSIVO,SEM_EVIDENCIA_DE_DEMANDA,,,,,,,8.279935224,estimated,FALSE,EVIDENCIA_IDENTIDADE_INCOMPLETA; INCONCLUSIVO,APRESENTACAO_NAO_EXPLICITA,,Completar fontes e vínculos,,2026-09-05T15:16:37.457Z
VTK017867,Fone Headset Intelbras Chs 55 Rj9 4012145,Evolusom Comercial Ltda,103.84,21,FALSE,NAO_CONCLUSIVO,INCONCLUSIVOS,INCONCLUSIVO,IDENTIDADE_COHERENTE,INCONCLUSIVO,INCONCLUSIVO,SEM_EVIDENCIA_DE_DEMANDA,141.62,,,,,,8.279935224,estimated,FALSE,INCONCLUSIVO,APRESENTACAO_NAO_EXPLICITA,,Completar fontes e vínculos,mercado/VTK017867.json,2026-09-05T15:16:37.457Z
VTK017882,Par De Lâmpadas Halógena Super Brancas Code/tech One H11 12v 55w,Evolusom Comercial Ltda,21.9,21,FALSE,NAO_CONCLUSIVO,INCONCLUSIVOS,INCONCLUSIVO,IDENTIDADE_INCONCLUSIVA,INCONCLUSIVO,INCONCLUSIVO,SEM_EVIDENCIA_DE_DEMANDA,,,,,,,8.279935224,estimated,FALSE,EVIDENCIA_IDENTIDADE_INCOMPLETA; COMPOSICAO_KIT_NAO_COMPROVADA; INCONCLUSIVO,,,Completar fontes e vínculos,,2026-09-05T15:16:37.457Z
VTK018590,"Alto Falante 12"" Subwoofer Slim Hurricane Shallow Ss-12 300w Rms 4r",Evolusom Comercial Ltda,359.9,21,FALSE,NAO_CONCLUSIVO,INCONCLUSIVOS,INCONCLUSIVO,IDENTIDADE_COHERENTE,INCONCLUSIVO,INCONCLUSIVO,SEM_EVIDENCIA_DE_DEMANDA,438.55,,,,,,8.279935224,estimated,FALSE,INCONCLUSIVO,APRESENTACAO_NAO_EXPLICITA,,Completar fontes e vínculos,mercado/VTK018590.json,2026-09-05T15:16:37.457Z
VTK005491,Cabo Display Port 1.2v Para DVI Fêmea Storm,Evolusom Comercial Ltda,21.9,20,FALSE,NAO_CONCLUSIVO,INCONCLUSIVOS,INCONCLUSIVO,IDENTIDADE_INCONCLUSIVA,INCONCLUSIVO,INCONCLUSIVO,SEM_EVIDENCIA_DE_DEMANDA,,,,,,,8.279935224,estimated,FALSE,EVIDENCIA_IDENTIDADE_INCOMPLETA; INCONCLUSIVO,APRESENTACAO_NAO_EXPLICITA,,Completar fontes e vínculos,,2026-09-05T15:16:37.457Z
VTK012291,Cabo Flat Para Pedal Wfc 12-3 Wireconex,BKR 1 Comercio e Importação Ltda,57,20,FALSE,NAO_CONCLUSIVO,INCONCLUSIVOS,INCONCLUSIVO,IDENTIDADE_INCONCLUSIVA,INCONCLUSIVO,INCONCLUSIVO,SEM_EVIDENCIA_DE_DEMANDA,92,,,,,,8.279935224,estimated,FALSE,EVIDENCIA_IDENTIDADE_INCOMPLETA; COMPOSICAO_KIT_NAO_COMPROVADA; INCONCLUSIVO,,,Completar fontes e vínculos,mercado/VTK012291.json,2026-09-05T15:16:37.457Z
VTK012310,Palheta Bori Grl At-r16142 Rio Ii (vermelho) R21026 10un,BKR 1 Comercio e Importação Ltda,10,20,FALSE,NAO_CONCLUSIVO,INCONCLUSIVOS,INCONCLUSIVO,IDENTIDADE_INCONCLUSIVA,INCONCLUSIVO,INCONCLUSIVO,SEM_EVIDENCIA_DE_DEMANDA,,,,,,,8.279935224,estimated,FALSE,EVIDENCIA_IDENTIDADE_INCOMPLETA; COMPOSICAO_KIT_NAO_COMPROVADA; INCONCLUSIVO,,,Completar fontes e vínculos,,2026-09-05T15:16:37.457Z
VTK012335,"Palheta Bori Grl At-r16112 S.t.d 1,14 Mm (preto) R21016 10un",BKR 1 Comercio e Importação Ltda,9.11,20,FALSE,NAO_CONCLUSIVO,INCONCLUSIVOS,INCONCLUSIVO,IDENTIDADE_INCONCLUSIVA,INCONCLUSIVO,INCONCLUSIVO,SEM_EVIDENCIA_DE_DEMANDA,,,,,,,8.279935224,estimated,FALSE,EVIDENCIA_IDENTIDADE_INCOMPLETA; COMPOSICAO_KIT_NAO_COMPROVADA; INCONCLUSIVO,,,Completar fontes e vínculos,,2026-09-05T15:16:37.457Z
VTK017447,Ferro A Seco Black + Decker Vfa1110xm6 Cromado Com Base De Alumínio 220v,Evolusom Comercial Ltda,99.9,20,FALSE,NAO_CONCLUSIVO,INCONCLUSIVOS,INCONCLUSIVO,IDENTIDADE_INCONCLUSIVA,INCONCLUSIVO,INCONCLUSIVO,SEM_EVIDENCIA_DE_DEMANDA,,,,,,,8.279935224,estimated,FALSE,EVIDENCIA_IDENTIDADE_INCOMPLETA; INCONCLUSIVO,APRESENTACAO_NAO_EXPLICITA,,Completar fontes e vínculos,mercado/VTK017447.json,2026-09-05T15:16:37.457Z
VTK017690,Jogo De Garras Western Com 2 Para Cabo De Bateria 600a,Evolusom Comercial Ltda,34.5,20,FALSE,NAO_CONCLUSIVO,INCONCLUSIVOS,INCONCLUSIVO,IDENTIDADE_INCONCLUSIVA,INCONCLUSIVO,INCONCLUSIVO,SEM_EVIDENCIA_DE_DEMANDA,46.51,,,,,,8.279935224,estimated,FALSE,EVIDENCIA_IDENTIDADE_INCOMPLETA; INCONCLUSIVO,,,Completar fontes e vínculos,mercado/VTK017690.json,2026-09-05T15:16:37.457Z
VTK017775,Pen Drive Netac U278 Metálico Usb 3.0 128gb,Evolusom Comercial Ltda,94.9,20,FALSE,NAO_CONCLUSIVO,INCONCLUSIVOS,INCONCLUSIVO,IDENTIDADE_INCONCLUSIVA,INCONCLUSIVO,INCONCLUSIVO,SEM_EVIDENCIA_DE_DEMANDA,,,,,,,8.279935224,estimated,FALSE,EVIDENCIA_IDENTIDADE_INCOMPLETA; INCONCLUSIVO,APRESENTACAO_NAO_EXPLICITA,,Completar fontes e vínculos,mercado/VTK017775.json,2026-09-05T15:16:37.457Z
VTK017782,Multímetro Analógico Mxt Ft-360trnl Com Led Indicador De Continuidade,Evolusom Comercial Ltda,51.7,20,FALSE,NAO_CONCLUSIVO,INCONCLUSIVOS,INCONCLUSIVO,IDENTIDADE_COHERENTE,INCONCLUSIVO,INCONCLUSIVO,SEM_EVIDENCIA_DE_DEMANDA,,,,,,,8.279935224,estimated,FALSE,INCONCLUSIVO,APRESENTACAO_NAO_EXPLICITA,,Completar fontes e vínculos,mercado/VTK017782.json,2026-09-05T15:16:37.457Z
VTK017833,Jogo De Chaves De Fenda Western Com 8 Peças,Evolusom Comercial Ltda,27.9,20,FALSE,NAO_CONCLUSIVO,INCONCLUSIVOS,INCONCLUSIVO,IDENTIDADE_INCONCLUSIVA,INCONCLUSIVO,INCONCLUSIVO,SEM_EVIDENCIA_DE_DEMANDA,23.92,,,,,,8.279935224,estimated,FALSE,EVIDENCIA_IDENTIDADE_INCOMPLETA; INCONCLUSIVO,,,Completar fontes e vínculos,mercado/VTK017833.json,2026-09-05T15:16:37.457Z
VTK017854,Mouse Gamer Viper Pro Naja 7.200 Dpi,Evolusom Comercial Ltda,80.9,20,FALSE,NAO_CONCLUSIVO,INCONCLUSIVOS,INCONCLUSIVO,IDENTIDADE_INCONCLUSIVA,INCONCLUSIVO,INCONCLUSIVO,SEM_EVIDENCIA_DE_DEMANDA,59,,,,,,8.279935224,estimated,FALSE,EVIDENCIA_IDENTIDADE_INCOMPLETA; INCONCLUSIVO,APRESENTACAO_NAO_EXPLICITA,,Completar fontes e vínculos,mercado/VTK017854.json,2026-09-05T15:16:37.457Z
VTK017869,Lanterna Rayovac Indestrutível,Evolusom Comercial Ltda,135.5,20,FALSE,NAO_CONCLUSIVO,INCONCLUSIVOS,INCONCLUSIVO,IDENTIDADE_INCONCLUSIVA,INCONCLUSIVO,INCONCLUSIVO,SEM_EVIDENCIA_DE_DEMANDA,,,,,,,8.279935224,estimated,FALSE,EVIDENCIA_IDENTIDADE_INCOMPLETA; INCONCLUSIVO,APRESENTACAO_NAO_EXPLICITA,,Completar fontes e vínculos,,2026-09-05T15:16:37.457Z
VTK017873,Ratinho De Plástico Nwt Para Insulfilm,Evolusom Comercial Ltda,17.96,20,FALSE,NAO_CONCLUSIVO,INCONCLUSIVOS,INCONCLUSIVO,IDENTIDADE_INCONCLUSIVA,INCONCLUSIVO,INCONCLUSIVO,SEM_EVIDENCIA_DE_DEMANDA,32.38,,,,,,8.279935224,estimated,FALSE,EQUIVALENCIA_MARCA_NAO_COMPROVADA; EVIDENCIA_IDENTIDADE_INCOMPLETA; COMPOSICAO_KIT_NAO_COMPROVADA; INCONCLUSIVO,,,Completar fontes e vínculos,mercado/VTK017873.json,2026-09-05T15:16:37.457Z
VTK017883,Placa De Vídeo Brx Gt750 4gb Dr 128bit,Evolusom Comercial Ltda,449.9,20,FALSE,NAO_CONCLUSIVO,INCONCLUSIVOS,INCONCLUSIVO,IDENTIDADE_COHERENTE,INCONCLUSIVO,INCONCLUSIVO,SEM_EVIDENCIA_DE_DEMANDA,593,,,,,,8.279935224,estimated,FALSE,INCONCLUSIVO,APRESENTACAO_NAO_EXPLICITA,,Completar fontes e vínculos,mercado/VTK017883.json,2026-09-05T15:16:37.457Z
VTK017888,Módulo Tury Para Vidro Elétrico Ae Pro2.8cw,Evolusom Comercial Ltda,164.9,20,FALSE,NAO_CONCLUSIVO,INCONCLUSIVOS,INCONCLUSIVO,IDENTIDADE_INCONCLUSIVA,INCONCLUSIVO,INCONCLUSIVO,SEM_EVIDENCIA_DE_DEMANDA,,,,,,,8.279935224,estimated,FALSE,EVIDENCIA_IDENTIDADE_INCOMPLETA; INCONCLUSIVO,APRESENTACAO_NAO_EXPLICITA,,Completar fontes e vínculos,,2026-09-05T15:16:37.457Z
VTK017891,Módulo De Farol Automático Fks Mf200,Evolusom Comercial Ltda,49.9,20,FALSE,NAO_CONCLUSIVO,INCONCLUSIVOS,INCONCLUSIVO,IDENTIDADE_INCONCLUSIVA,INCONCLUSIVO,INCONCLUSIVO,SEM_EVIDENCIA_DE_DEMANDA,,,,,,,8.279935224,estimated,FALSE,EVIDENCIA_IDENTIDADE_INCOMPLETA; INCONCLUSIVO,APRESENTACAO_NAO_EXPLICITA,,Completar fontes e vínculos,,2026-09-05T15:16:37.457Z
VTK017898,Fone Headset Intelbras Ths 55 Conector Usb 4010055,Evolusom Comercial Ltda,239.9,20,FALSE,NAO_CONCLUSIVO,INCONCLUSIVOS,INCONCLUSIVO,IDENTIDADE_COHERENTE,INCONCLUSIVO,INCONCLUSIVO,SEM_EVIDENCIA_DE_DEMANDA,346.45,,,,,,8.279935224,estimated,FALSE,INCONCLUSIVO,APRESENTACAO_NAO_EXPLICITA,,Completar fontes e vínculos,mercado/VTK017898.json,2026-09-05T15:16:37.457Z
VTK018048,Cabo Paralelo Technoise 100% Cobre Cristal 2x0.50 Mm Rolo 100 Metros,Evolusom Comercial Ltda,115.9,20,FALSE,NAO_CONCLUSIVO,INCONCLUSIVOS,INCONCLUSIVO,IDENTIDADE_COHERENTE,INCONCLUSIVO,INCONCLUSIVO,SEM_EVIDENCIA_DE_DEMANDA,162.7,,,,,,8.279935224,estimated,FALSE,INCONCLUSIVO,APRESENTACAO_NAO_EXPLICITA,,Completar fontes e vínculos,mercado/VTK018048.json,2026-09-05T15:16:37.457Z
VTK018698,Combo Teclado E Mouse Sem Fio Logitech Mk250 Grafite,Evolusom Comercial Ltda,141.9,20,FALSE,NAO_CONCLUSIVO,INCONCLUSIVOS,INCONCLUSIVO,IDENTIDADE_INCONCLUSIVA,INCONCLUSIVO,INCONCLUSIVO,SEM_EVIDENCIA_DE_DEMANDA,,,,,,,8.279935224,estimated,FALSE,EVIDENCIA_IDENTIDADE_INCOMPLETA; INCONCLUSIVO,APRESENTACAO_NAO_EXPLICITA,,Completar fontes e vínculos,,2026-09-05T15:16:37.457Z
VTK018978,Cabo Hdmi Proeletronic Cahd-2000/15 4k Macho X Macho 2.0 15m,Evolusom Comercial Ltda,68.9,20,FALSE,NAO_CONCLUSIVO,INCONCLUSIVOS,INCONCLUSIVO,IDENTIDADE_COHERENTE,INCONCLUSIVO,INCONCLUSIVO,SEM_EVIDENCIA_DE_DEMANDA,106,,,,,,8.279935224,estimated,FALSE,INCONCLUSIVO,APRESENTACAO_NAO_EXPLICITA,,Completar fontes e vínculos,mercado/VTK018978.json,2026-09-05T15:16:37.457Z
VTK019042,Cabo De Potencia Technoise 100% Cobre Vermelho 6 Mm Rolo 50 Metros,Evolusom Comercial Ltda,314.9,20,FALSE,NAO_CONCLUSIVO,INCONCLUSIVOS,INCONCLUSIVO,IDENTIDADE_INCONCLUSIVA,INCONCLUSIVO,INCONCLUSIVO,SEM_EVIDENCIA_DE_DEMANDA,329.42,,,,,,8.279935224,estimated,FALSE,EVIDENCIA_IDENTIDADE_INCOMPLETA; INCONCLUSIVO,APRESENTACAO_NAO_EXPLICITA,,Completar fontes e vínculos,mercado/VTK019042.json,2026-09-05T15:16:37.457Z
VTK019686,Módulo Anti Furto Fks Maf112tc Bloqueador Seleção De Tempo,Evolusom Comercial Ltda,31.9,20,FALSE,NAO_CONCLUSIVO,INCONCLUSIVOS,INCONCLUSIVO,IDENTIDADE_INCONCLUSIVA,INCONCLUSIVO,INCONCLUSIVO,SEM_EVIDENCIA_DE_DEMANDA,43.9,,,,,,8.279935224,estimated,FALSE,EVIDENCIA_IDENTIDADE_INCOMPLETA; INCONCLUSIVO,APRESENTACAO_NAO_EXPLICITA,,Completar fontes e vínculos,mercado/VTK019686.json,2026-09-05T15:16:37.457Z
VTK023432,Rádio Comunicador Intelbras Rc4002 G2 4160049 - Par,Evolusom Comercial Ltda,449.9,20,FALSE,NAO_CONCLUSIVO,INCONCLUSIVOS,INCONCLUSIVO,IDENTIDADE_INCONCLUSIVA,INCONCLUSIVO,INCONCLUSIVO,SEM_EVIDENCIA_DE_DEMANDA,549,,,,,,8.279935224,estimated,FALSE,COMPOSICAO_KIT_NAO_COMPROVADA; INCONCLUSIVO,,,Completar fontes e vínculos,mercado/VTK023432.json,2026-09-05T15:16:37.457Z
VTK026136,Conector Xlr Painel Plástico Preto Storm 10 Unidades,BKR 1 Comercio e Importação Ltda,16.01,20,FALSE,NAO_CONCLUSIVO,INCONCLUSIVOS,INCONCLUSIVO,IDENTIDADE_INCONCLUSIVA,INCONCLUSIVO,INCONCLUSIVO,SEM_EVIDENCIA_DE_DEMANDA,,,,,,,8.279935224,estimated,FALSE,EVIDENCIA_IDENTIDADE_INCOMPLETA; COMPOSICAO_KIT_NAO_COMPROVADA; INCONCLUSIVO,,,Completar fontes e vínculos,,2026-09-05T15:16:37.457Z
VTK026226,Divisor Hdmi Mxt Splitter 1x4 Full Hd 1.4 3d 4kx2k,Evolusom Comercial Ltda,55.9,20,FALSE,NAO_CONCLUSIVO,INCONCLUSIVOS,INCONCLUSIVO,IDENTIDADE_INCONCLUSIVA,INCONCLUSIVO,INCONCLUSIVO,SEM_EVIDENCIA_DE_DEMANDA,,,,,,,8.279935224,estimated,FALSE,EVIDENCIA_IDENTIDADE_INCOMPLETA; INCONCLUSIVO,APRESENTACAO_NAO_EXPLICITA,,Completar fontes e vínculos,,2026-09-05T15:16:37.457Z
VTK002783,"Extensão Tripla 2 X 0,75 X 5,0M Branca Megatron",Evolusom Comercial Ltda,15.6,19,FALSE,NAO_CONCLUSIVO,INCONCLUSIVOS,INCONCLUSIVO,IDENTIDADE_INCONCLUSIVA,INCONCLUSIVO,INCONCLUSIVO,SEM_EVIDENCIA_DE_DEMANDA,22.57,,,,,,8.279935224,estimated,FALSE,EVIDENCIA_IDENTIDADE_INCOMPLETA; INCONCLUSIVO,APRESENTACAO_NAO_EXPLICITA,,Completar fontes e vínculos,mercado/VTK002783.json,2026-09-05T15:16:37.457Z
VTK005826,Mangueira Látex 15 Metros KM115AV Verde Kepper,Evolusom Comercial Ltda,38.9,19,FALSE,NAO_CONCLUSIVO,INCONCLUSIVOS,INCONCLUSIVO,IDENTIDADE_INCONCLUSIVA,INCONCLUSIVO,INCONCLUSIVO,SEM_EVIDENCIA_DE_DEMANDA,,,,,,,8.279935224,estimated,FALSE,EVIDENCIA_IDENTIDADE_INCOMPLETA; INCONCLUSIVO,APRESENTACAO_NAO_EXPLICITA,,Completar fontes e vínculos,,2026-09-05T15:16:37.457Z
VTK012337,"Palheta Bori Grl At-r16138 Drip Gota 3,00 Mm (azul) R21020 10un",BKR 1 Comercio e Importação Ltda,10,19,FALSE,NAO_CONCLUSIVO,INCONCLUSIVOS,INCONCLUSIVO,IDENTIDADE_INCONCLUSIVA,INCONCLUSIVO,INCONCLUSIVO,SEM_EVIDENCIA_DE_DEMANDA,,,,,,,8.279935224,estimated,FALSE,EVIDENCIA_IDENTIDADE_INCOMPLETA; COMPOSICAO_KIT_NAO_COMPROVADA; INCONCLUSIVO,,,Completar fontes e vínculos,,2026-09-05T15:16:37.457Z
VTK017851,Jogo De Chaves Combinadas Western S-21 06 A 17mm Com 10 Peças,Evolusom Comercial Ltda,42.1,19,FALSE,NAO_CONCLUSIVO,INCONCLUSIVOS,INCONCLUSIVO,IDENTIDADE_COHERENTE,INCONCLUSIVO,INCONCLUSIVO,SEM_EVIDENCIA_DE_DEMANDA,,,,,,,8.279935224,estimated,FALSE,INCONCLUSIVO,,,Completar fontes e vínculos,mercado/VTK017851.json,2026-09-05T15:16:37.457Z
VTK017911,"Arandela Quadrada Fiamon Sem Falante 6"" Branco",Evolusom Comercial Ltda,27.9,19,FALSE,NAO_CONCLUSIVO,INCONCLUSIVOS,INCONCLUSIVO,IDENTIDADE_INCONCLUSIVA,INCONCLUSIVO,INCONCLUSIVO,SEM_EVIDENCIA_DE_DEMANDA,59.65,,,,,,8.279935224,estimated,FALSE,EVIDENCIA_IDENTIDADE_INCOMPLETA; COMPOSICAO_KIT_NAO_COMPROVADA; INCONCLUSIVO,,Fornecedor não confirma um par; catálogo anuncia par de arandelas. Embalagem pendente.,Completar fontes e vínculos,mercado/VTK017911.json,2026-09-05T15:16:37.457Z
VTK017915,"Monitor Para Câmera De Ré Roadstar Pro Line Rs-738br Es 7""",Evolusom Comercial Ltda,209.9,19,FALSE,NAO_CONCLUSIVO,INCONCLUSIVOS,INCONCLUSIVO,IDENTIDADE_INCONCLUSIVA,INCONCLUSIVO,INCONCLUSIVO,SEM_EVIDENCIA_DE_DEMANDA,,,,,,,8.279935224,estimated,FALSE,EVIDENCIA_IDENTIDADE_INCOMPLETA; INCONCLUSIVO,APRESENTACAO_NAO_EXPLICITA,,Completar fontes e vínculos,,2026-09-05T15:16:37.457Z
VTK017921,Chave Diseqc 4x1 Vias 2.0,Evolusom Comercial Ltda,11.95,19,FALSE,NAO_CONCLUSIVO,INCONCLUSIVOS,INCONCLUSIVO,IDENTIDADE_INCONCLUSIVA,INCONCLUSIVO,INCONCLUSIVO,SEM_EVIDENCIA_DE_DEMANDA,,,,,,,8.279935224,estimated,FALSE,EVIDENCIA_IDENTIDADE_INCOMPLETA; INCONCLUSIVO,APRESENTACAO_NAO_EXPLICITA,,Completar fontes e vínculos,,2026-09-05T15:16:37.457Z
VTK017925,"Arandela Retangular Fiamon 6"" + Tw 50rms 8r Preta",Evolusom Comercial Ltda,110.9,19,FALSE,NAO_CONCLUSIVO,INCONCLUSIVOS,INCONCLUSIVO,IDENTIDADE_INCONCLUSIVA,INCONCLUSIVO,INCONCLUSIVO,SEM_EVIDENCIA_DE_DEMANDA,,,,,,,8.279935224,estimated,FALSE,EVIDENCIA_IDENTIDADE_INCOMPLETA; INCONCLUSIVO,APRESENTACAO_NAO_EXPLICITA,,Completar fontes e vínculos,mercado/VTK017925.json,2026-09-05T15:16:37.457Z
VTK017926,Lampada Multilaser Super Led H3 6200k Par,Evolusom Comercial Ltda,69.9,19,FALSE,NAO_CONCLUSIVO,INCONCLUSIVOS,INCONCLUSIVO,IDENTIDADE_INCONCLUSIVA,INCONCLUSIVO,INCONCLUSIVO,SEM_EVIDENCIA_DE_DEMANDA,,,,,,,8.279935224,estimated,FALSE,EVIDENCIA_IDENTIDADE_INCOMPLETA; COMPOSICAO_KIT_NAO_COMPROVADA; INCONCLUSIVO,,,Completar fontes e vínculos,,2026-09-05T15:16:37.457Z
VTK017937,"Cabo Usb A X Micro Usb 90º Multilaser Warrior Wi388 Nylon Preto 1,2m",Evolusom Comercial Ltda,10.85,19,FALSE,NAO_CONCLUSIVO,INCONCLUSIVOS,INCONCLUSIVO,IDENTIDADE_INCONCLUSIVA,INCONCLUSIVO,INCONCLUSIVO,SEM_EVIDENCIA_DE_DEMANDA,9.9,,,,,,8.279935224,estimated,FALSE,EVIDENCIA_IDENTIDADE_INCOMPLETA; INCONCLUSIVO,APRESENTACAO_NAO_EXPLICITA,,Completar fontes e vínculos,mercado/VTK017937.json,2026-09-05T15:16:37.457Z
VTK017939,"Caixa Dio 19"" Evus Ev-dio12 12fo Para Rack Preto",Evolusom Comercial Ltda,277.9,19,FALSE,NAO_CONCLUSIVO,INCONCLUSIVOS,INCONCLUSIVO,IDENTIDADE_INCONCLUSIVA,INCONCLUSIVO,INCONCLUSIVO,SEM_EVIDENCIA_DE_DEMANDA,,,,,,,8.279935224,estimated,FALSE,EVIDENCIA_IDENTIDADE_INCOMPLETA; INCONCLUSIVO,APRESENTACAO_NAO_EXPLICITA,,Completar fontes e vínculos,,2026-09-05T15:16:37.457Z
VTK017953,Suporte Automotivo Multilaser Articulado Magnético - PC / 4,Evolusom Comercial Ltda,219.6,19,FALSE,NAO_CONCLUSIVO,INCONCLUSIVOS,INCONCLUSIVO,IDENTIDADE_COHERENTE,INCONCLUSIVO,INCONCLUSIVO,SEM_EVIDENCIA_DE_DEMANDA,,,,,,,8.279935224,estimated,FALSE,INCONCLUSIVO,APRESENTACAO_NAO_EXPLICITA,,Completar fontes e vínculos,mercado/VTK017953.json,2026-09-05T15:16:37.457Z
VTK017957,Driver Fenólico Jbl Selenium D305 100w Rms 8r,Evolusom Comercial Ltda,415.5,19,FALSE,NAO_CONCLUSIVO,INCONCLUSIVOS,INCONCLUSIVO,IDENTIDADE_INCONCLUSIVA,INCONCLUSIVO,INCONCLUSIVO,SEM_EVIDENCIA_DE_DEMANDA,1289.9,,,,,,8.279935224,estimated,FALSE,EVIDENCIA_IDENTIDADE_INCOMPLETA; INCONCLUSIVO,APRESENTACAO_NAO_EXPLICITA,Driver JBL D305 comparado a caixa trio completa; correspondência rejeitada.,Completar fontes e vínculos,mercado/VTK017957.json,2026-09-05T15:16:37.457Z
VTK019385,"Caixa Vazia Para 2 Alto Falantes De 12"" E 2 Dutos 3"" Acarpetada",Evolusom Comercial Ltda,115.9,19,FALSE,NAO_CONCLUSIVO,INCONCLUSIVOS,INCONCLUSIVO,IDENTIDADE_INCONCLUSIVA,INCONCLUSIVO,INCONCLUSIVO,SEM_EVIDENCIA_DE_DEMANDA,,,,,,,8.279935224,estimated,FALSE,EVIDENCIA_IDENTIDADE_INCOMPLETA; INCONCLUSIVO,APRESENTACAO_NAO_EXPLICITA,,Completar fontes e vínculos,,2026-09-05T15:16:37.457Z
VTK022800,Strobo Stetsom Str04 Rgb Rítmico Com 4 Faróis,Evolusom Comercial Ltda,97.99,19,FALSE,NAO_CONCLUSIVO,INCONCLUSIVOS,INCONCLUSIVO,IDENTIDADE_INCONCLUSIVA,INCONCLUSIVO,INCONCLUSIVO,SEM_EVIDENCIA_DE_DEMANDA,101.85,,,,,,8.279935224,estimated,FALSE,EVIDENCIA_IDENTIDADE_INCOMPLETA; COMPOSICAO_KIT_NAO_COMPROVADA; INCONCLUSIVO,,,Completar fontes e vínculos,mercado/VTK022800.json,2026-09-05T15:16:37.457Z
VTK026014,Capa Chave Canivete Compatível Vw 3 B G5,BKR 1 Comercio e Importação Ltda,18.48,19,FALSE,NAO_CONCLUSIVO,INCONCLUSIVOS,INCONCLUSIVO,IDENTIDADE_INCONCLUSIVA,INCONCLUSIVO,INCONCLUSIVO,SEM_EVIDENCIA_DE_DEMANDA,,,,,,,8.279935224,estimated,FALSE,EVIDENCIA_IDENTIDADE_INCOMPLETA; INCONCLUSIVO,APRESENTACAO_NAO_EXPLICITA,,Completar fontes e vínculos,,2026-09-05T15:16:37.457Z
VTK026015,Capa Chave Canivete Compatível Vw 2 B G6,BKR 1 Comercio e Importação Ltda,21.84,19,FALSE,NAO_CONCLUSIVO,INCONCLUSIVOS,INCONCLUSIVO,IDENTIDADE_INCONCLUSIVA,INCONCLUSIVO,INCONCLUSIVO,SEM_EVIDENCIA_DE_DEMANDA,,,,,,,8.279935224,estimated,FALSE,EVIDENCIA_IDENTIDADE_INCOMPLETA; INCONCLUSIVO,APRESENTACAO_NAO_EXPLICITA,,Completar fontes e vínculos,,2026-09-05T15:16:37.457Z
VTK002479,Caixa Medusa 8 Vias BSMED8 Santo Angelo,Evolusom Comercial Ltda,89.9,18,FALSE,NAO_CONCLUSIVO,INCONCLUSIVOS,INCONCLUSIVO,IDENTIDADE_INCONCLUSIVA,INCONCLUSIVO,INCONCLUSIVO,SEM_EVIDENCIA_DE_DEMANDA,131,,,,,,8.279935224,estimated,FALSE,EVIDENCIA_IDENTIDADE_INCOMPLETA; INCONCLUSIVO,APRESENTACAO_NAO_EXPLICITA,,Completar fontes e vínculos,mercado/VTK002479.json,2026-09-05T15:16:37.457Z
VTK005775,Cabo Display Port 1.2v Para USB- C Macho Storm,Evolusom Comercial Ltda,54.9,18,FALSE,NAO_CONCLUSIVO,INCONCLUSIVOS,INCONCLUSIVO,IDENTIDADE_INCONCLUSIVA,INCONCLUSIVO,INCONCLUSIVO,SEM_EVIDENCIA_DE_DEMANDA,,,,,,,8.279935224,estimated,FALSE,EVIDENCIA_IDENTIDADE_INCOMPLETA; INCONCLUSIVO,APRESENTACAO_NAO_EXPLICITA,,Completar fontes e vínculos,,2026-09-05T15:16:37.457Z
VTK005823,Mangueira Látex 25 Metros KM230CV Verde Kepper,Evolusom Comercial Ltda,82.9,18,FALSE,NAO_CONCLUSIVO,INCONCLUSIVOS,INCONCLUSIVO,IDENTIDADE_INCONCLUSIVA,INCONCLUSIVO,INCONCLUSIVO,SEM_EVIDENCIA_DE_DEMANDA,,,,,,,8.279935224,estimated,FALSE,EVIDENCIA_IDENTIDADE_INCOMPLETA; INCONCLUSIVO,APRESENTACAO_NAO_EXPLICITA,,Completar fontes e vínculos,,2026-09-05T15:16:37.457Z
VTK017237,Conversor Rca 2ch C/remote Dy-2 40wrms,Evolusom Comercial Ltda,38.95,18,FALSE,NAO_CONCLUSIVO,INCONCLUSIVOS,INCONCLUSIVO,IDENTIDADE_INCONCLUSIVA,INCONCLUSIVO,INCONCLUSIVO,SEM_EVIDENCIA_DE_DEMANDA,56.24,,,,,,8.279935224,estimated,FALSE,EVIDENCIA_IDENTIDADE_INCOMPLETA; INCONCLUSIVO,APRESENTACAO_NAO_EXPLICITA,,Completar fontes e vínculos,mercado/VTK017237.json,2026-09-05T15:16:37.457Z
VTK017664,Calculadora De Mesa Procalc Pc110 12 Dígitos Azul,Evolusom Comercial Ltda,20.8,18,FALSE,NAO_CONCLUSIVO,INCONCLUSIVOS,INCONCLUSIVO,IDENTIDADE_INCONCLUSIVA,INCONCLUSIVO,INCONCLUSIVO,SEM_EVIDENCIA_DE_DEMANDA,,,,,,,8.279935224,estimated,FALSE,EVIDENCIA_IDENTIDADE_INCOMPLETA; INCONCLUSIVO,APRESENTACAO_NAO_EXPLICITA,,Completar fontes e vínculos,,2026-09-05T15:16:37.457Z
VTK017759,Reparo Driver Parcial Shock Reparos D-400/405 Sem Aneis,Evolusom Comercial Ltda,29.99,18,FALSE,NAO_CONCLUSIVO,INCONCLUSIVOS,INCONCLUSIVO,IDENTIDADE_INCONCLUSIVA,INCONCLUSIVO,INCONCLUSIVO,SEM_EVIDENCIA_DE_DEMANDA,,,,,,,8.279935224,estimated,FALSE,EVIDENCIA_IDENTIDADE_INCOMPLETA; INCONCLUSIVO,APRESENTACAO_NAO_EXPLICITA,,Completar fontes e vínculos,,2026-09-05T15:16:37.457Z
VTK017807,Selenium Jbl Driver D350 Pancadao,Evolusom Comercial Ltda,374.9,18,FALSE,NAO_CONCLUSIVO,INCONCLUSIVOS,INCONCLUSIVO,IDENTIDADE_INCONCLUSIVA,INCONCLUSIVO,INCONCLUSIVO,SEM_EVIDENCIA_DE_DEMANDA,1271.38,,,,,,8.279935224,estimated,FALSE,EVIDENCIA_IDENTIDADE_INCOMPLETA; COMPOSICAO_KIT_NAO_COMPROVADA; INCONCLUSIVO,,Driver JBL D350 unitário comparado com kit de dois drivers e duas cornetas. Correspondência rejeitada.,Completar fontes e vínculos,mercado/VTK017807.json,2026-09-05T15:16:37.457Z
VTK017827,Protetor Para Interfone Moros - Branco,Evolusom Comercial Ltda,19.9,18,FALSE,NAO_CONCLUSIVO,INCONCLUSIVOS,INCONCLUSIVO,IDENTIDADE_INCONCLUSIVA,INCONCLUSIVO,INCONCLUSIVO,SEM_EVIDENCIA_DE_DEMANDA,,,,,,,8.279935224,estimated,FALSE,EVIDENCIA_IDENTIDADE_INCOMPLETA; INCONCLUSIVO,APRESENTACAO_NAO_EXPLICITA,,Completar fontes e vínculos,,2026-09-05T15:16:37.457Z
VTK017852,Kit Chaves De Precisão Western Int-31 31 Peças Em 1,Evolusom Comercial Ltda,13.2,18,FALSE,NAO_CONCLUSIVO,INCONCLUSIVOS,INCONCLUSIVO,IDENTIDADE_INCONCLUSIVA,INCONCLUSIVO,INCONCLUSIVO,SEM_EVIDENCIA_DE_DEMANDA,23.37,,,,,,8.279935224,estimated,FALSE,COMPOSICAO_KIT_NAO_COMPROVADA; INCONCLUSIVO,,,Completar fontes e vínculos,mercado/VTK017852.json,2026-09-05T15:16:37.457Z
VTK017954,Controle Remoto Fks Cr941 Copiador - Cinza,Evolusom Comercial Ltda,22.9,18,FALSE,NAO_CONCLUSIVO,INCONCLUSIVOS,INCONCLUSIVO,IDENTIDADE_COHERENTE,INCONCLUSIVO,INCONCLUSIVO,SEM_EVIDENCIA_DE_DEMANDA,35.8,,,,,,8.279935224,estimated,FALSE,INCONCLUSIVO,APRESENTACAO_NAO_EXPLICITA,,Completar fontes e vínculos,mercado/VTK017954.json,2026-09-05T15:16:37.457Z
VTK017963,Chicote Permak Para Cd Honda New Fit Civic City 35-r1,Evolusom Comercial Ltda,14.1,18,FALSE,NAO_CONCLUSIVO,INCONCLUSIVOS,INCONCLUSIVO,IDENTIDADE_INCONCLUSIVA,INCONCLUSIVO,INCONCLUSIVO,SEM_EVIDENCIA_DE_DEMANDA,,,,,,,8.279935224,estimated,FALSE,EVIDENCIA_IDENTIDADE_INCOMPLETA; INCONCLUSIVO,APRESENTACAO_NAO_EXPLICITA,,Completar fontes e vínculos,,2026-09-05T15:16:37.457Z
VTK017973,Módulo De Vidro Elétrico 2 Portas Fks Mlv408 2d,Evolusom Comercial Ltda,56.9,18,FALSE,NAO_CONCLUSIVO,INCONCLUSIVOS,INCONCLUSIVO,IDENTIDADE_COHERENTE,INCONCLUSIVO,INCONCLUSIVO,SEM_EVIDENCIA_DE_DEMANDA,73.75,,,,,,8.279935224,estimated,FALSE,INCONCLUSIVO,APRESENTACAO_NAO_EXPLICITA,,Completar fontes e vínculos,mercado/VTK017973.json,2026-09-05T15:16:37.457Z
VTK017976,Cabo Hdmi Aquário 4k910 4k Conector 90° - 10m,Evolusom Comercial Ltda,48.7,18,FALSE,NAO_CONCLUSIVO,INCONCLUSIVOS,INCONCLUSIVO,IDENTIDADE_COHERENTE,INCONCLUSIVO,INCONCLUSIVO,SEM_EVIDENCIA_DE_DEMANDA,60,,,,,,8.279935224,estimated,FALSE,INCONCLUSIVO,APRESENTACAO_NAO_EXPLICITA,,Completar fontes e vínculos,mercado/VTK017976.json,2026-09-05T15:16:37.457Z
VTK017977,Patch Panel Descarregado Sohoplus 16 Posições,Evolusom Comercial Ltda,149.9,18,FALSE,NAO_CONCLUSIVO,INCONCLUSIVOS,INCONCLUSIVO,IDENTIDADE_COHERENTE,INCONCLUSIVO,INCONCLUSIVO,SEM_EVIDENCIA_DE_DEMANDA,,,,,,,8.279935224,estimated,FALSE,INCONCLUSIVO,APRESENTACAO_NAO_EXPLICITA,,Completar fontes e vínculos,mercado/VTK017977.json,2026-09-05T15:16:37.457Z
VTK017985,Módulo De Vidro Elétrico Soft Trt31 Fechamento Teto / Retrovisor Com Rele Tempo,Evolusom Comercial Ltda,69.9,18,FALSE,NAO_CONCLUSIVO,INCONCLUSIVOS,INCONCLUSIVO,IDENTIDADE_INCONCLUSIVA,INCONCLUSIVO,INCONCLUSIVO,SEM_EVIDENCIA_DE_DEMANDA,,,,,,,8.279935224,estimated,FALSE,EVIDENCIA_IDENTIDADE_INCOMPLETA; INCONCLUSIVO,APRESENTACAO_NAO_EXPLICITA,,Completar fontes e vínculos,,2026-09-05T15:16:37.457Z
VTK023066,"Alicate Bico Longo Hikari Hk-700 6""",Evolusom Comercial Ltda,22.3,18,FALSE,NAO_CONCLUSIVO,INCONCLUSIVOS,INCONCLUSIVO,IDENTIDADE_COHERENTE,INCONCLUSIVO,INCONCLUSIVO,SEM_EVIDENCIA_DE_DEMANDA,32.71,,,,,,8.279935224,estimated,FALSE,INCONCLUSIVO,APRESENTACAO_NAO_EXPLICITA,,Completar fontes e vínculos,mercado/VTK023066.json,2026-09-05T15:16:37.457Z
VTK026011,Controle Compatível Ford 3 B + P 2002 A 2013,BKR 1 Comercio e Importação Ltda,25.2,18,FALSE,NAO_CONCLUSIVO,INCONCLUSIVOS,INCONCLUSIVO,IDENTIDADE_INCONCLUSIVA,INCONCLUSIVO,INCONCLUSIVO,SEM_EVIDENCIA_DE_DEMANDA,,,,,,,8.279935224,estimated,FALSE,EVIDENCIA_IDENTIDADE_INCOMPLETA; INCONCLUSIVO,APRESENTACAO_NAO_EXPLICITA,,Completar fontes e vínculos,,2026-09-05T15:16:37.457Z
VTK026137,Conector P10 Mono 90 Graus Metal Preto Gold Storm 5 Un,BKR 1 Comercio e Importação Ltda,55.35,18,FALSE,NAO_CONCLUSIVO,INCONCLUSIVOS,INCONCLUSIVO,IDENTIDADE_INCONCLUSIVA,INCONCLUSIVO,INCONCLUSIVO,SEM_EVIDENCIA_DE_DEMANDA,,,,,,,8.279935224,estimated,FALSE,EVIDENCIA_IDENTIDADE_INCOMPLETA; COMPOSICAO_KIT_NAO_COMPROVADA; INCONCLUSIVO,,,Completar fontes e vínculos,,2026-09-05T15:16:37.457Z
VTK000857,Clamp Multifuncional C13 Preto ASK,Evolusom Comercial Ltda,31.9,17,FALSE,NAO_CONCLUSIVO,INCONCLUSIVOS,INCONCLUSIVO,IDENTIDADE_INCONCLUSIVA,INCONCLUSIVO,INCONCLUSIVO,SEM_EVIDENCIA_DE_DEMANDA,40.56,,,,,,8.279935224,estimated,FALSE,EVIDENCIA_IDENTIDADE_INCOMPLETA; INCONCLUSIVO,APRESENTACAO_NAO_EXPLICITA,,Completar fontes e vínculos,mercado/VTK000857.json,2026-09-05T15:16:37.457Z
VTK001285,"Extensão Tripla 3 X 0,75 X 10,0M Preta Megatron",Evolusom Comercial Ltda,42.9,17,FALSE,NAO_CONCLUSIVO,INCONCLUSIVOS,INCONCLUSIVO,IDENTIDADE_COHERENTE,INCONCLUSIVO,INCONCLUSIVO,SEM_EVIDENCIA_DE_DEMANDA,55,,,,,,8.279935224,estimated,FALSE,INCONCLUSIVO,APRESENTACAO_NAO_EXPLICITA,,Completar fontes e vínculos,mercado/VTK001285.json,2026-09-05T15:16:37.457Z
VTK012381,Emenda Rj45 Fêmea Para Rj 45 Fêmea 8x8 Storm 10 Unidades,BKR 1 Comercio e Importação Ltda,6.94,17,FALSE,NAO_CONCLUSIVO,INCONCLUSIVOS,INCONCLUSIVO,IDENTIDADE_INCONCLUSIVA,INCONCLUSIVO,INCONCLUSIVO,SEM_EVIDENCIA_DE_DEMANDA,,,,,,,8.279935224,estimated,FALSE,EVIDENCIA_IDENTIDADE_INCOMPLETA; COMPOSICAO_KIT_NAO_COMPROVADA; INCONCLUSIVO,,,Completar fontes e vínculos,mercado/VTK012381.json,2026-09-05T15:16:37.457Z
VTK017384,"Cabo De Força Tripolar Megacabos 1,2m Tipo Mickey - Preto - PC / 5",Evolusom Comercial Ltda,59.5,17,FALSE,NAO_CONCLUSIVO,INCONCLUSIVOS,INCONCLUSIVO,IDENTIDADE_INCONCLUSIVA,INCONCLUSIVO,INCONCLUSIVO,SEM_EVIDENCIA_DE_DEMANDA,,,,,,,8.279935224,estimated,FALSE,EVIDENCIA_IDENTIDADE_INCOMPLETA; INCONCLUSIVO,APRESENTACAO_NAO_EXPLICITA,,Completar fontes e vínculos,,2026-09-05T15:16:37.457Z
VTK017568,Kit Trava Elétrica Roadstar 4 Portas Rs104br,Evolusom Comercial Ltda,51.9,17,FALSE,NAO_CONCLUSIVO,INCONCLUSIVOS,INCONCLUSIVO,IDENTIDADE_INCONCLUSIVA,INCONCLUSIVO,INCONCLUSIVO,SEM_EVIDENCIA_DE_DEMANDA,,,,,,,8.279935224,estimated,FALSE,EVIDENCIA_IDENTIDADE_INCOMPLETA; COMPOSICAO_KIT_NAO_COMPROVADA; INCONCLUSIVO,,,Completar fontes e vínculos,,2026-09-05T15:16:37.457Z
VTK017744,Lâmpada Led Roadstar Xtrem Light Rs-h4 1 9br - Par,Evolusom Comercial Ltda,169.9,17,FALSE,NAO_CONCLUSIVO,INCONCLUSIVOS,INCONCLUSIVO,IDENTIDADE_INCONCLUSIVA,INCONCLUSIVO,INCONCLUSIVO,SEM_EVIDENCIA_DE_DEMANDA,,,,,,,8.279935224,estimated,FALSE,EVIDENCIA_IDENTIDADE_INCOMPLETA; COMPOSICAO_KIT_NAO_COMPROVADA; INCONCLUSIVO,,,Completar fontes e vínculos,,2026-09-05T15:16:37.457Z
VTK017834,Ferro De Solda Western 40w 220v,Evolusom Comercial Ltda,19.7,17,FALSE,NAO_CONCLUSIVO,INCONCLUSIVOS,INCONCLUSIVO,IDENTIDADE_INCONCLUSIVA,INCONCLUSIVO,INCONCLUSIVO,SEM_EVIDENCIA_DE_DEMANDA,24.99,,,,,,8.279935224,estimated,FALSE,EVIDENCIA_IDENTIDADE_INCOMPLETA; INCONCLUSIVO,APRESENTACAO_NAO_EXPLICITA,,Completar fontes e vínculos,mercado/VTK017834.json,2026-09-05T15:16:37.457Z
VTK017835,"Alicate De Crimpar Western 8,5"" Para Fios De 0,2 A 6mm Preto E Amarelo",Evolusom Comercial Ltda,61.9,17,FALSE,NAO_CONCLUSIVO,INCONCLUSIVOS,INCONCLUSIVO,IDENTIDADE_INCONCLUSIVA,INCONCLUSIVO,INCONCLUSIVO,SEM_EVIDENCIA_DE_DEMANDA,42.76,,,,,,8.279935224,estimated,FALSE,EVIDENCIA_IDENTIDADE_INCOMPLETA; INCONCLUSIVO,APRESENTACAO_NAO_EXPLICITA,,Completar fontes e vínculos,mercado/VTK017835.json,2026-09-05T15:16:37.457Z
VTK017865,Congelante Em Aerosol Implastec 150g,Evolusom Comercial Ltda,30.9,17,FALSE,NAO_CONCLUSIVO,INCONCLUSIVOS,INCONCLUSIVO,IDENTIDADE_INCONCLUSIVA,INCONCLUSIVO,INCONCLUSIVO,SEM_EVIDENCIA_DE_DEMANDA,41.36,,,,,,8.279935224,estimated,FALSE,EVIDENCIA_IDENTIDADE_INCOMPLETA; INCONCLUSIVO,APRESENTACAO_NAO_EXPLICITA,,Completar fontes e vínculos,mercado/VTK017865.json,2026-09-05T15:16:37.457Z
VTK017902,Controle Remoto Mxt 01370 Ar Inverter Springer Midea,Evolusom Comercial Ltda,19.95,17,FALSE,NAO_CONCLUSIVO,INCONCLUSIVOS,INCONCLUSIVO,IDENTIDADE_INCONCLUSIVA,INCONCLUSIVO,INCONCLUSIVO,SEM_EVIDENCIA_DE_DEMANDA,,,,,,,8.279935224,estimated,FALSE,EVIDENCIA_IDENTIDADE_INCOMPLETA; INCONCLUSIVO,APRESENTACAO_NAO_EXPLICITA,,Completar fontes e vínculos,,2026-09-05T15:16:37.457Z
VTK017904,Centralina Soft Aw54 4 Vidros Comum + Ae,Evolusom Comercial Ltda,162.9,17,FALSE,NAO_CONCLUSIVO,INCONCLUSIVOS,INCONCLUSIVO,IDENTIDADE_COHERENTE,INCONCLUSIVO,INCONCLUSIVO,SEM_EVIDENCIA_DE_DEMANDA,,,,,,,8.279935224,estimated,FALSE,INCONCLUSIVO,APRESENTACAO_NAO_EXPLICITA,,Completar fontes e vínculos,mercado/VTK017904.json,2026-09-05T15:16:37.457Z
VTK017934,Caixa R.l.p. Vazia Corujinha A.f 6 + Rádio + Duto,Evolusom Comercial Ltda,62.9,17,FALSE,NAO_CONCLUSIVO,INCONCLUSIVOS,INCONCLUSIVO,IDENTIDADE_INCONCLUSIVA,INCONCLUSIVO,INCONCLUSIVO,SEM_EVIDENCIA_DE_DEMANDA,,,,,,,8.279935224,estimated,FALSE,EVIDENCIA_IDENTIDADE_INCOMPLETA; INCONCLUSIVO,APRESENTACAO_NAO_EXPLICITA,,Completar fontes e vínculos,,2026-09-05T15:16:37.457Z
VTK017982,Calculadora Pessoal Procalc Pc986-p 8 Dígitos Pink,Evolusom Comercial Ltda,15.5,17,FALSE,NAO_CONCLUSIVO,INCONCLUSIVOS,INCONCLUSIVO,IDENTIDADE_INCONCLUSIVA,INCONCLUSIVO,INCONCLUSIVO,SEM_EVIDENCIA_DE_DEMANDA,34.82,,,,,,8.279935224,estimated,FALSE,COMPOSICAO_KIT_NAO_COMPROVADA; INCONCLUSIVO,,,Completar fontes e vínculos,mercado/VTK017982.json,2026-09-05T15:16:37.457Z
VTK017987,Calota Grid Aro 13p 095cb-pta Fiat Modelo Uno Way 2013 Cubo Baixo - PC / 4,Evolusom Comercial Ltda,43.4,17,FALSE,NAO_CONCLUSIVO,INCONCLUSIVOS,INCONCLUSIVO,IDENTIDADE_INCONCLUSIVA,INCONCLUSIVO,INCONCLUSIVO,SEM_EVIDENCIA_DE_DEMANDA,,,,,,,8.279935224,estimated,FALSE,EVIDENCIA_IDENTIDADE_INCOMPLETA; INCONCLUSIVO,APRESENTACAO_NAO_EXPLICITA,,Completar fontes e vínculos,,2026-09-05T15:16:37.457Z
VTK017988,Calota Grid Aro 14p 410cb-pta Modelo Peugeot 206/ 207/ 208 2015/ 16 - PC / 4,Evolusom Comercial Ltda,47.8,17,FALSE,NAO_CONCLUSIVO,INCONCLUSIVOS,INCONCLUSIVO,IDENTIDADE_INCONCLUSIVA,INCONCLUSIVO,INCONCLUSIVO,SEM_EVIDENCIA_DE_DEMANDA,,,,,,,8.279935224,estimated,FALSE,EVIDENCIA_IDENTIDADE_INCOMPLETA; INCONCLUSIVO,APRESENTACAO_NAO_EXPLICITA,,Completar fontes e vínculos,,2026-09-05T15:16:37.457Z
VTK018000,Módulo De Vidro Elétrico 4 Portas Fks Mlv408 4d,Evolusom Comercial Ltda,71.9,17,FALSE,NAO_CONCLUSIVO,INCONCLUSIVOS,INCONCLUSIVO,IDENTIDADE_INCONCLUSIVA,INCONCLUSIVO,INCONCLUSIVO,SEM_EVIDENCIA_DE_DEMANDA,98,,,,,,8.279935224,estimated,FALSE,EVIDENCIA_IDENTIDADE_INCOMPLETA; INCONCLUSIVO,APRESENTACAO_NAO_EXPLICITA,,Completar fontes e vínculos,mercado/VTK018000.json,2026-09-05T15:16:37.457Z
VTK018001,Módulo De Vidro Elétrico 2 Portas Fks Mlv208 G2,Evolusom Comercial Ltda,82.9,17,FALSE,NAO_CONCLUSIVO,INCONCLUSIVOS,INCONCLUSIVO,IDENTIDADE_INCONCLUSIVA,INCONCLUSIVO,INCONCLUSIVO,SEM_EVIDENCIA_DE_DEMANDA,,,,,,,8.279935224,estimated,FALSE,EVIDENCIA_IDENTIDADE_INCOMPLETA; INCONCLUSIVO,APRESENTACAO_NAO_EXPLICITA,,Completar fontes e vínculos,,2026-09-05T15:16:37.457Z
VTK018010,Módulo De Vidro Elétrico Universal Fks Mlv 608 G2 04 Vidros,Evolusom Comercial Ltda,185.9,17,FALSE,NAO_CONCLUSIVO,INCONCLUSIVOS,INCONCLUSIVO,IDENTIDADE_INCONCLUSIVA,INCONCLUSIVO,INCONCLUSIVO,SEM_EVIDENCIA_DE_DEMANDA,235.95,,,,,,8.279935224,estimated,FALSE,EVIDENCIA_IDENTIDADE_INCOMPLETA; COMPOSICAO_KIT_NAO_COMPROVADA; INCONCLUSIVO,,,Completar fontes e vínculos,mercado/VTK018010.json,2026-09-05T15:16:37.457Z
VTK023558,Mouse Sem Fio Logitech M220 Silent Preto,Evolusom Comercial Ltda,66.9,17,FALSE,NAO_CONCLUSIVO,INCONCLUSIVOS,INCONCLUSIVO,IDENTIDADE_INCONCLUSIVA,INCONCLUSIVO,INCONCLUSIVO,SEM_EVIDENCIA_DE_DEMANDA,,,,,,,8.279935224,estimated,FALSE,EVIDENCIA_IDENTIDADE_INCOMPLETA; INCONCLUSIVO,APRESENTACAO_NAO_EXPLICITA,,Completar fontes e vínculos,,2026-09-05T15:16:37.457Z
VTK026012,Tripé De Caixa Sts-100 Saty,BKR 1 Comercio e Importação Ltda,162.39,17,FALSE,NAO_CONCLUSIVO,INCONCLUSIVOS,INCONCLUSIVO,IDENTIDADE_INCONCLUSIVA,INCONCLUSIVO,INCONCLUSIVO,SEM_EVIDENCIA_DE_DEMANDA,,,,,,,8.279935224,estimated,FALSE,EVIDENCIA_IDENTIDADE_INCOMPLETA; INCONCLUSIVO,APRESENTACAO_NAO_EXPLICITA,,Completar fontes e vínculos,,2026-09-05T15:16:37.457Z
VTK026017,Capa Chave Canivete Compatível Hyundai 2 B + P Hb20,BKR 1 Comercio e Importação Ltda,26.04,17,FALSE,NAO_CONCLUSIVO,INCONCLUSIVOS,INCONCLUSIVO,IDENTIDADE_INCONCLUSIVA,INCONCLUSIVO,INCONCLUSIVO,SEM_EVIDENCIA_DE_DEMANDA,,,,,,,8.279935224,estimated,FALSE,EVIDENCIA_IDENTIDADE_INCOMPLETA; INCONCLUSIVO,APRESENTACAO_NAO_EXPLICITA,,Completar fontes e vínculos,,2026-09-05T15:16:37.457Z
VTK026138,Conector P10 Mono Metal Preto Gold Storm 5 Unidades,BKR 1 Comercio e Importação Ltda,33.45,17,FALSE,NAO_CONCLUSIVO,INCONCLUSIVOS,INCONCLUSIVO,IDENTIDADE_INCONCLUSIVA,INCONCLUSIVO,INCONCLUSIVO,SEM_EVIDENCIA_DE_DEMANDA,,,,,,,8.279935224,estimated,FALSE,EVIDENCIA_IDENTIDADE_INCOMPLETA; COMPOSICAO_KIT_NAO_COMPROVADA; INCONCLUSIVO,,,Completar fontes e vínculos,,2026-09-05T15:16:37.457Z
VTK000181,Suporte Para Notebook NT-Multi Preto Multivisão,Evolusom Comercial Ltda,34.9,16,FALSE,NAO_CONCLUSIVO,INCONCLUSIVOS,INCONCLUSIVO,IDENTIDADE_INCONCLUSIVA,INCONCLUSIVO,INCONCLUSIVO,SEM_EVIDENCIA_DE_DEMANDA,39.99,,,,,,8.279935224,estimated,FALSE,EVIDENCIA_IDENTIDADE_INCOMPLETA; INCONCLUSIVO,APRESENTACAO_NAO_EXPLICITA,,Completar fontes e vínculos,mercado/VTK000181.json,2026-09-05T15:16:37.457Z
VTK001552,Suporte Portátil G5 Para Guitarra/Baixo ASK,Evolusom Comercial Ltda,29.99,16,FALSE,NAO_CONCLUSIVO,INCONCLUSIVOS,INCONCLUSIVO,IDENTIDADE_COHERENTE,INCONCLUSIVO,INCONCLUSIVO,SEM_EVIDENCIA_DE_DEMANDA,43.32,,,,,,8.279935224,estimated,FALSE,INCONCLUSIVO,APRESENTACAO_NAO_EXPLICITA,,Completar fontes e vínculos,mercado/VTK001552.json,2026-09-05T15:16:37.457Z
VTK005859,Mangueira Látex 9 Metros KM130AA Azul Kepper,Evolusom Comercial Ltda,31.9,16,FALSE,NAO_CONCLUSIVO,INCONCLUSIVOS,INCONCLUSIVO,IDENTIDADE_INCONCLUSIVA,INCONCLUSIVO,INCONCLUSIVO,SEM_EVIDENCIA_DE_DEMANDA,,,,,,,8.279935224,estimated,FALSE,EVIDENCIA_IDENTIDADE_INCOMPLETA; INCONCLUSIVO,APRESENTACAO_NAO_EXPLICITA,,Completar fontes e vínculos,,2026-09-05T15:16:37.457Z
VTK012383,Palheta Guitarra Mul Lght 1cmc2 D Addario .50mm 10un,BKR 1 Comercio e Importação Ltda,35.33,16,FALSE,NAO_CONCLUSIVO,INCONCLUSIVOS,INCONCLUSIVO,IDENTIDADE_INCONCLUSIVA,INCONCLUSIVO,INCONCLUSIVO,SEM_EVIDENCIA_DE_DEMANDA,,,,,,,8.279935224,estimated,FALSE,EVIDENCIA_IDENTIDADE_INCOMPLETA; COMPOSICAO_KIT_NAO_COMPROVADA; INCONCLUSIVO,,,Completar fontes e vínculos,,2026-09-05T15:16:37.457Z
VTK012384,Palheta Guitarra Color 1cap2 D Addario .50mm 10 Un,BKR 1 Comercio e Importação Ltda,35.36,16,FALSE,NAO_CONCLUSIVO,INCONCLUSIVOS,INCONCLUSIVO,IDENTIDADE_INCONCLUSIVA,INCONCLUSIVO,INCONCLUSIVO,SEM_EVIDENCIA_DE_DEMANDA,,,,,,,8.279935224,estimated,FALSE,EVIDENCIA_IDENTIDADE_INCOMPLETA; COMPOSICAO_KIT_NAO_COMPROVADA; INCONCLUSIVO,,,Completar fontes e vínculos,,2026-09-05T15:16:37.457Z
VTK017433,Mouse Usb Intelbras Mci20 Com Fio Preto,Evolusom Comercial Ltda,19.9,16,FALSE,NAO_CONCLUSIVO,INCONCLUSIVOS,INCONCLUSIVO,IDENTIDADE_COHERENTE,INCONCLUSIVO,INCONCLUSIVO,SEM_EVIDENCIA_DE_DEMANDA,23.23,,,,,,8.279935224,estimated,FALSE,INCONCLUSIVO,APRESENTACAO_NAO_EXPLICITA,,Completar fontes e vínculos,mercado/VTK017433.json,2026-09-05T15:16:37.457Z
VTK017820,Bastão De Cola Quente Technoise 10mm X 30cm 1kg Branco,Evolusom Comercial Ltda,59.9,16,FALSE,NAO_CONCLUSIVO,INCONCLUSIVOS,INCONCLUSIVO,IDENTIDADE_INCONCLUSIVA,INCONCLUSIVO,INCONCLUSIVO,SEM_EVIDENCIA_DE_DEMANDA,,,,,,,8.279935224,estimated,FALSE,EVIDENCIA_IDENTIDADE_INCOMPLETA; INCONCLUSIVO,APRESENTACAO_NAO_EXPLICITA,,Completar fontes e vínculos,,2026-09-05T15:16:37.457Z
VTK017848,Cabo Alarme Telecam 100 Metros 50 X 10 Vias Cca Liga Cobre,Evolusom Comercial Ltda,79.9,16,FALSE,NAO_CONCLUSIVO,INCONCLUSIVOS,INCONCLUSIVO,IDENTIDADE_INCONCLUSIVA,INCONCLUSIVO,INCONCLUSIVO,SEM_EVIDENCIA_DE_DEMANDA,157.83,,,,,,8.279935224,estimated,FALSE,EVIDENCIA_IDENTIDADE_INCOMPLETA; INCONCLUSIVO,APRESENTACAO_NAO_EXPLICITA,,Completar fontes e vínculos,mercado/VTK017848.json,2026-09-05T15:16:37.457Z
VTK017863,Calota Grid Aro 14p 194cb-pta Gm Modelo Onix/ Prisma 2014/ 15 Cubo Baixo - PC / 4,Evolusom Comercial Ltda,47.8,16,FALSE,NAO_CONCLUSIVO,INCONCLUSIVOS,INCONCLUSIVO,IDENTIDADE_INCONCLUSIVA,INCONCLUSIVO,INCONCLUSIVO,SEM_EVIDENCIA_DE_DEMANDA,,,,,,,8.279935224,estimated,FALSE,EVIDENCIA_IDENTIDADE_INCOMPLETA; INCONCLUSIVO,APRESENTACAO_NAO_EXPLICITA,,Completar fontes e vínculos,,2026-09-05T15:16:37.457Z
VTK017936,Refil Tinta Epson Amarelo T664420-al,Evolusom Comercial Ltda,46.1,16,FALSE,NAO_CONCLUSIVO,INCONCLUSIVOS,INCONCLUSIVO,IDENTIDADE_INCONCLUSIVA,INCONCLUSIVO,INCONCLUSIVO,SEM_EVIDENCIA_DE_DEMANDA,,,,,,,8.279935224,estimated,FALSE,EVIDENCIA_IDENTIDADE_INCOMPLETA; INCONCLUSIVO,APRESENTACAO_NAO_EXPLICITA,,Completar fontes e vínculos,,2026-09-05T15:16:37.457Z
VTK017944,Antena Aquário Px Viuva Negra Base Prolongada Com Bobina Central,Evolusom Comercial Ltda,164.9,16,FALSE,NAO_CONCLUSIVO,INCONCLUSIVOS,INCONCLUSIVO,IDENTIDADE_INCONCLUSIVA,INCONCLUSIVO,INCONCLUSIVO,SEM_EVIDENCIA_DE_DEMANDA,,,,,,,8.279935224,estimated,FALSE,EVIDENCIA_IDENTIDADE_INCOMPLETA; INCONCLUSIVO,APRESENTACAO_NAO_EXPLICITA,,Completar fontes e vínculos,,2026-09-05T15:16:37.457Z
VTK017965,Calota Grid Aro 14p 055cb-pta Modelo Palio Fire/ Elx/ Weekend 2009 Cubo Baixo - PC / 4,Evolusom Comercial Ltda,47.8,16,FALSE,NAO_CONCLUSIVO,INCONCLUSIVOS,INCONCLUSIVO,IDENTIDADE_INCONCLUSIVA,INCONCLUSIVO,INCONCLUSIVO,SEM_EVIDENCIA_DE_DEMANDA,,,,,,,8.279935224,estimated,FALSE,EVIDENCIA_IDENTIDADE_INCOMPLETA; INCONCLUSIVO,APRESENTACAO_NAO_EXPLICITA,,Completar fontes e vínculos,,2026-09-05T15:16:37.457Z
VTK018017,Trava Elétrica Soft Aa420082 Montana Nova 2011 2 Portas,Evolusom Comercial Ltda,99.9,16,FALSE,NAO_CONCLUSIVO,INCONCLUSIVOS,INCONCLUSIVO,IDENTIDADE_INCONCLUSIVA,INCONCLUSIVO,INCONCLUSIVO,SEM_EVIDENCIA_DE_DEMANDA,,,,,,,8.279935224,estimated,FALSE,EVIDENCIA_IDENTIDADE_INCOMPLETA; INCONCLUSIVO,APRESENTACAO_NAO_EXPLICITA,,Completar fontes e vínculos,,2026-09-05T15:16:37.457Z
VTK018024,Teclado Viaweb 16s,Evolusom Comercial Ltda,99.9,16,FALSE,NAO_CONCLUSIVO,INCONCLUSIVOS,INCONCLUSIVO,IDENTIDADE_COHERENTE,INCONCLUSIVO,INCONCLUSIVO,SEM_EVIDENCIA_DE_DEMANDA,124.9,,,,,,8.279935224,estimated,FALSE,INCONCLUSIVO,APRESENTACAO_NAO_EXPLICITA,,Completar fontes e vínculos,mercado/VTK018024.json,2026-09-05T15:16:37.457Z
VTK018025,Haste Olimpus New Shark Teto Traseira Branca,Evolusom Comercial Ltda,55.9,16,FALSE,NAO_CONCLUSIVO,INCONCLUSIVOS,INCONCLUSIVO,IDENTIDADE_INCONCLUSIVA,INCONCLUSIVO,INCONCLUSIVO,SEM_EVIDENCIA_DE_DEMANDA,,,,,,,8.279935224,estimated,FALSE,EVIDENCIA_IDENTIDADE_INCOMPLETA; INCONCLUSIVO,APRESENTACAO_NAO_EXPLICITA,,Completar fontes e vínculos,,2026-09-05T15:16:37.457Z
VTK018034,"Calota Grid Aro 15"" 214cp-pta Fiat Grand Siena 2014/15 - PC / 4",Evolusom Comercial Ltda,66.6,16,FALSE,NAO_CONCLUSIVO,INCONCLUSIVOS,INCONCLUSIVO,IDENTIDADE_INCONCLUSIVA,INCONCLUSIVO,INCONCLUSIVO,SEM_EVIDENCIA_DE_DEMANDA,,,,,,,8.279935224,estimated,FALSE,EVIDENCIA_IDENTIDADE_INCOMPLETA; INCONCLUSIVO,APRESENTACAO_NAO_EXPLICITA,,Completar fontes e vínculos,,2026-09-05T15:16:37.457Z
VTK018037,Refil De Tinta Multi Rf006 Para Impressoras Epson T664 100ml - Ciano,Evolusom Comercial Ltda,14.9,16,FALSE,NAO_CONCLUSIVO,INCONCLUSIVOS,INCONCLUSIVO,IDENTIDADE_INCONCLUSIVA,INCONCLUSIVO,INCONCLUSIVO,SEM_EVIDENCIA_DE_DEMANDA,19,,,,,,8.279935224,estimated,FALSE,EVIDENCIA_IDENTIDADE_INCOMPLETA; INCONCLUSIVO,APRESENTACAO_NAO_EXPLICITA,,Completar fontes e vínculos,mercado/VTK018037.json,2026-09-05T15:16:37.457Z
VTK018039,"Cinta Para Prender Carga Western 4,5 M X 2,5 Cm 120 Kg Com 4 Peças",Evolusom Comercial Ltda,77.9,16,FALSE,NAO_CONCLUSIVO,INCONCLUSIVOS,INCONCLUSIVO,IDENTIDADE_INCONCLUSIVA,INCONCLUSIVO,INCONCLUSIVO,SEM_EVIDENCIA_DE_DEMANDA,20.35,,,,,,8.279935224,estimated,FALSE,EVIDENCIA_IDENTIDADE_INCOMPLETA; COMPOSICAO_KIT_NAO_COMPROVADA; INCONCLUSIVO,,,Completar fontes e vínculos,mercado/VTK018039.json,2026-09-05T15:16:37.457Z
VTK018660,Elgin Bateria Alcalina 23a 12v Embalagem 50 Uni,Evolusom Comercial Ltda,96.9,16,FALSE,NAO_CONCLUSIVO,INCONCLUSIVOS,INCONCLUSIVO,IDENTIDADE_INCONCLUSIVA,INCONCLUSIVO,INCONCLUSIVO,SEM_EVIDENCIA_DE_DEMANDA,,,,,,,8.279935224,estimated,FALSE,EVIDENCIA_IDENTIDADE_INCOMPLETA; INCONCLUSIVO,APRESENTACAO_NAO_EXPLICITA,,Completar fontes e vínculos,,2026-09-05T15:16:37.457Z
VTK020353,Soprador Térmico Mxt 127v Ohg-1500a Com Inmetro,Evolusom Comercial Ltda,112.9,16,FALSE,NAO_CONCLUSIVO,INCONCLUSIVOS,INCONCLUSIVO,IDENTIDADE_COHERENTE,INCONCLUSIVO,INCONCLUSIVO,SEM_EVIDENCIA_DE_DEMANDA,163.15,,,,,,8.279935224,estimated,FALSE,INCONCLUSIVO,APRESENTACAO_NAO_EXPLICITA,,Completar fontes e vínculos,mercado/VTK020353.json,2026-09-05T15:16:37.457Z
VTK005706,Cabo HDMI 2.0 4k Com Filtro 30m Preto Storm,Evolusom Comercial Ltda,351.5,15,FALSE,NAO_CONCLUSIVO,INCONCLUSIVOS,INCONCLUSIVO,IDENTIDADE_INCONCLUSIVA,INCONCLUSIVO,INCONCLUSIVO,SEM_EVIDENCIA_DE_DEMANDA,,,,,,,8.279935224,estimated,FALSE,EVIDENCIA_IDENTIDADE_INCOMPLETA; INCONCLUSIVO,APRESENTACAO_NAO_EXPLICITA,,Completar fontes e vínculos,,2026-09-05T15:16:37.457Z
VTK012220,Bateria Elet V23ga Multiblister Rayovac Com 05 Unidades,BKR 1 Comercio e Importação Ltda,26.5,15,FALSE,NAO_CONCLUSIVO,INCONCLUSIVOS,INCONCLUSIVO,IDENTIDADE_INCONCLUSIVA,INCONCLUSIVO,INCONCLUSIVO,SEM_EVIDENCIA_DE_DEMANDA,26,,,,,,8.279935224,estimated,FALSE,EVIDENCIA_IDENTIDADE_INCOMPLETA; INCONCLUSIVO,,,Completar fontes e vínculos,mercado/VTK012220.json,2026-09-05T15:16:37.457Z
VTK017636,Divisor Proeletronic Pqdv-2024 1:4 Satélite 5 2400mhz,Evolusom Comercial Ltda,11.45,15,FALSE,NAO_CONCLUSIVO,INCONCLUSIVOS,INCONCLUSIVO,IDENTIDADE_INCONCLUSIVA,INCONCLUSIVO,INCONCLUSIVO,SEM_EVIDENCIA_DE_DEMANDA,108.13,,,,,,8.279935224,estimated,FALSE,EVIDENCIA_IDENTIDADE_INCOMPLETA; COMPOSICAO_KIT_NAO_COMPROVADA; INCONCLUSIVO,,Divisor unitário comparado com kit de cinco divisores; correspondência rejeitada.,Completar fontes e vínculos,mercado/VTK017636.json,2026-09-05T15:16:37.457Z
VTK017660,"Alicate Corte Diagonal Western 2098/6 6"" 15cm Amarelo",Evolusom Comercial Ltda,18.9,15,FALSE,NAO_CONCLUSIVO,INCONCLUSIVOS,INCONCLUSIVO,IDENTIDADE_INCONCLUSIVA,INCONCLUSIVO,INCONCLUSIVO,SEM_EVIDENCIA_DE_DEMANDA,38,,,,,,8.279935224,estimated,FALSE,EVIDENCIA_IDENTIDADE_INCOMPLETA; INCONCLUSIVO,APRESENTACAO_NAO_EXPLICITA,,Completar fontes e vínculos,mercado/VTK017660.json,2026-09-05T15:16:37.457Z
VTK017789,Haste Permak Ray Flex Vw Gol Rosca M5/m6,Evolusom Comercial Ltda,14.9,15,FALSE,NAO_CONCLUSIVO,INCONCLUSIVOS,INCONCLUSIVO,IDENTIDADE_INCONCLUSIVA,INCONCLUSIVO,INCONCLUSIVO,SEM_EVIDENCIA_DE_DEMANDA,,,,,,,8.279935224,estimated,FALSE,EVIDENCIA_IDENTIDADE_INCOMPLETA; INCONCLUSIVO,APRESENTACAO_NAO_EXPLICITA,,Completar fontes e vínculos,,2026-09-05T15:16:37.457Z
VTK017896,Ar Comprimido Air Duster Implastec 200g,Evolusom Comercial Ltda,39.5,15,FALSE,NAO_CONCLUSIVO,INCONCLUSIVOS,INCONCLUSIVO,IDENTIDADE_INCONCLUSIVA,INCONCLUSIVO,INCONCLUSIVO,SEM_EVIDENCIA_DE_DEMANDA,45.47,,,,,,8.279935224,estimated,FALSE,EVIDENCIA_IDENTIDADE_INCOMPLETA; INCONCLUSIVO,APRESENTACAO_NAO_EXPLICITA,,Completar fontes e vínculos,mercado/VTK017896.json,2026-09-05T15:16:37.457Z
VTK017948,Aplicador De Silicone Western 400ml,Evolusom Comercial Ltda,14.9,15,FALSE,NAO_CONCLUSIVO,INCONCLUSIVOS,INCONCLUSIVO,IDENTIDADE_INCONCLUSIVA,INCONCLUSIVO,INCONCLUSIVO,SEM_EVIDENCIA_DE_DEMANDA,24.99,,,,,,8.279935224,estimated,FALSE,EVIDENCIA_IDENTIDADE_INCOMPLETA; INCONCLUSIVO,APRESENTACAO_NAO_EXPLICITA,,Completar fontes e vínculos,mercado/VTK017948.json,2026-09-05T15:16:37.457Z
VTK018046,Gerenciador De Energia Audiovision Cht2100 Smart,Evolusom Comercial Ltda,94.72,15,FALSE,NAO_CONCLUSIVO,INCONCLUSIVOS,INCONCLUSIVO,IDENTIDADE_INCONCLUSIVA,INCONCLUSIVO,INCONCLUSIVO,SEM_EVIDENCIA_DE_DEMANDA,,,,,,,8.279935224,estimated,FALSE,EVIDENCIA_IDENTIDADE_INCOMPLETA; INCONCLUSIVO,APRESENTACAO_NAO_EXPLICITA,,Completar fontes e vínculos,,2026-09-05T15:16:37.457Z
VTK018050,Reparo Para Tweeter Hinor 5hi150,Evolusom Comercial Ltda,15.99,15,FALSE,NAO_CONCLUSIVO,INCONCLUSIVOS,INCONCLUSIVO,IDENTIDADE_INCONCLUSIVA,INCONCLUSIVO,INCONCLUSIVO,SEM_EVIDENCIA_DE_DEMANDA,,,,,,,8.279935224,estimated,FALSE,EVIDENCIA_IDENTIDADE_INCOMPLETA; INCONCLUSIVO,APRESENTACAO_NAO_EXPLICITA,,Completar fontes e vínculos,,2026-09-05T15:16:37.457Z
VTK018056,Calota Grid Aro 14p Ford Modelo Ka 2012/ 13 Cubo Baixo - PC / 4,Evolusom Comercial Ltda,47.8,15,FALSE,NAO_CONCLUSIVO,INCONCLUSIVOS,INCONCLUSIVO,IDENTIDADE_INCONCLUSIVA,INCONCLUSIVO,INCONCLUSIVO,SEM_EVIDENCIA_DE_DEMANDA,,,,,,,8.279935224,estimated,FALSE,EVIDENCIA_IDENTIDADE_INCOMPLETA; INCONCLUSIVO,APRESENTACAO_NAO_EXPLICITA,,Completar fontes e vínculos,,2026-09-05T15:16:37.457Z
VTK018062,Sensor De Presença Techna Com Soquete E-27,Evolusom Comercial Ltda,41.16,15,FALSE,NAO_CONCLUSIVO,INCONCLUSIVOS,INCONCLUSIVO,IDENTIDADE_INCONCLUSIVA,INCONCLUSIVO,INCONCLUSIVO,SEM_EVIDENCIA_DE_DEMANDA,,,,,,,8.279935224,estimated,FALSE,EVIDENCIA_IDENTIDADE_INCOMPLETA; INCONCLUSIVO,APRESENTACAO_NAO_EXPLICITA,,Completar fontes e vínculos,mercado/VTK018062.json,2026-09-05T15:16:37.457Z
VTK018064,Lâmpada Multilaser Super Led H8 20w 6200k Par Au836,Evolusom Comercial Ltda,51.5,15,FALSE,NAO_CONCLUSIVO,INCONCLUSIVOS,INCONCLUSIVO,IDENTIDADE_INCONCLUSIVA,INCONCLUSIVO,INCONCLUSIVO,SEM_EVIDENCIA_DE_DEMANDA,,,,,,,8.279935224,estimated,FALSE,EVIDENCIA_IDENTIDADE_INCOMPLETA; COMPOSICAO_KIT_NAO_COMPROVADA; INCONCLUSIVO,,,Completar fontes e vínculos,,2026-09-05T15:16:37.457Z
VTK018073,Water Cooler Gamemax Argb Rmt1687h Ice Chil 120,Evolusom Comercial Ltda,359.9,15,FALSE,NAO_CONCLUSIVO,INCONCLUSIVOS,INCONCLUSIVO,IDENTIDADE_COHERENTE,INCONCLUSIVO,INCONCLUSIVO,SEM_EVIDENCIA_DE_DEMANDA,566.88,,,,,,8.279935224,estimated,FALSE,INCONCLUSIVO,APRESENTACAO_NAO_EXPLICITA,Catálogo de water cooler apresenta texto de memórias RAM; domínio/ficha precisam de correção ou confirmação.,Completar fontes e vínculos,mercado/VTK018073.json,2026-09-05T15:16:37.457Z
VTK018074,Haste Permak Peugeot/ Renault/ Dianteira 70cm,Evolusom Comercial Ltda,18.9,15,FALSE,NAO_CONCLUSIVO,INCONCLUSIVOS,INCONCLUSIVO,IDENTIDADE_INCONCLUSIVA,INCONCLUSIVO,INCONCLUSIVO,SEM_EVIDENCIA_DE_DEMANDA,,,,,,,8.279935224,estimated,FALSE,EVIDENCIA_IDENTIDADE_INCOMPLETA; INCONCLUSIVO,APRESENTACAO_NAO_EXPLICITA,,Completar fontes e vínculos,,2026-09-05T15:16:37.457Z
VTK018077,Par De Lâmpadas Super Led Cob Multilaser H8 20w 6200k Lumens Au836,Evolusom Comercial Ltda,50.4,15,FALSE,NAO_CONCLUSIVO,INCONCLUSIVOS,INCONCLUSIVO,IDENTIDADE_INCONCLUSIVA,INCONCLUSIVO,INCONCLUSIVO,SEM_EVIDENCIA_DE_DEMANDA,,,,,,,8.279935224,estimated,FALSE,EVIDENCIA_IDENTIDADE_INCOMPLETA; INCONCLUSIVO,,,Completar fontes e vínculos,mercado/VTK018077.json,2026-09-05T15:16:37.457Z
VTK018079,Microventilador Nwt 172x150x5mm Tensão 110v/220vac,Evolusom Comercial Ltda,122.9,15,FALSE,NAO_CONCLUSIVO,INCONCLUSIVOS,INCONCLUSIVO,IDENTIDADE_INCONCLUSIVA,INCONCLUSIVO,INCONCLUSIVO,SEM_EVIDENCIA_DE_DEMANDA,,,,,,,8.279935224,estimated,FALSE,EVIDENCIA_IDENTIDADE_INCOMPLETA; INCONCLUSIVO,APRESENTACAO_NAO_EXPLICITA,,Completar fontes e vínculos,,2026-09-05T15:16:37.457Z
VTK018083,Trena Western 10m X 25mm,Evolusom Comercial Ltda,22.7,15,FALSE,NAO_CONCLUSIVO,INCONCLUSIVOS,INCONCLUSIVO,IDENTIDADE_INCONCLUSIVA,INCONCLUSIVO,INCONCLUSIVO,SEM_EVIDENCIA_DE_DEMANDA,27.02,,,,,,8.279935224,estimated,FALSE,EVIDENCIA_IDENTIDADE_INCOMPLETA; INCONCLUSIVO,APRESENTACAO_NAO_EXPLICITA,,Completar fontes e vínculos,mercado/VTK018083.json,2026-09-05T15:16:37.457Z
VTK018085,Smartwatch Multilaser Wr206 M2r Amoled Preto,Evolusom Comercial Ltda,329.9,15,FALSE,NAO_CONCLUSIVO,INCONCLUSIVOS,INCONCLUSIVO,IDENTIDADE_COHERENTE,INCONCLUSIVO,INCONCLUSIVO,SEM_EVIDENCIA_DE_DEMANDA,379.72,,,,,,8.279935224,estimated,FALSE,INCONCLUSIVO,APRESENTACAO_NAO_EXPLICITA,,Completar fontes e vínculos,mercado/VTK018085.json,2026-09-05T15:16:37.457Z
VTK018178,Cabo Flexível Remoto Technoise 100% Cobre Preto 0.75 Mm Rolo 100 Metros,Evolusom Comercial Ltda,89.9,15,FALSE,NAO_CONCLUSIVO,INCONCLUSIVOS,INCONCLUSIVO,IDENTIDADE_INCONCLUSIVA,INCONCLUSIVO,INCONCLUSIVO,SEM_EVIDENCIA_DE_DEMANDA,129.9,,,,,,8.279935224,estimated,FALSE,EVIDENCIA_IDENTIDADE_INCOMPLETA; INCONCLUSIVO,APRESENTACAO_NAO_EXPLICITA,,Completar fontes e vínculos,mercado/VTK018178.json,2026-09-05T15:16:37.457Z
VTK018721,"Caixa Vazia Para 2 Alto Falante 12"" Modelo Turbo, Rasgada, Corvin E Acarpe",Evolusom Comercial Ltda,157.9,15,FALSE,NAO_CONCLUSIVO,INCONCLUSIVOS,INCONCLUSIVO,IDENTIDADE_INCONCLUSIVA,INCONCLUSIVO,INCONCLUSIVO,SEM_EVIDENCIA_DE_DEMANDA,,,,,,,8.279935224,estimated,FALSE,EVIDENCIA_IDENTIDADE_INCOMPLETA; INCONCLUSIVO,APRESENTACAO_NAO_EXPLICITA,,Completar fontes e vínculos,,2026-09-05T15:16:37.457Z
VTK026140,Hub 4 Em 1 Plug Usb Para 3 Portas Usb 2.0 E 1 Porta Usb 3.0,BKR 1 Comercio e Importação Ltda,18.96,15,FALSE,NAO_CONCLUSIVO,INCONCLUSIVOS,INCONCLUSIVO,IDENTIDADE_COHERENTE,INCONCLUSIVO,INCONCLUSIVO,SEM_EVIDENCIA_DE_DEMANDA,29.9,,,,,,8.279935224,estimated,FALSE,INCONCLUSIVO,APRESENTACAO_NAO_EXPLICITA,,Completar fontes e vínculos,mercado/VTK026140.json,2026-09-05T15:16:37.457Z
VTK002833,Suporte Para Antena Móvel M-650 Aquário,Evolusom Comercial Ltda,46.9,14,FALSE,NAO_CONCLUSIVO,INCONCLUSIVOS,INCONCLUSIVO,IDENTIDADE_COHERENTE,INCONCLUSIVO,INCONCLUSIVO,SEM_EVIDENCIA_DE_DEMANDA,53.82,,,,,,8.279935224,estimated,FALSE,INCONCLUSIVO,APRESENTACAO_NAO_EXPLICITA,,Completar fontes e vínculos,mercado/VTK002833.json,2026-09-05T15:16:37.457Z
VTK003058,Antena Digital UHF YAGI 18 PROHD1118 Proeletronic,Evolusom Comercial Ltda,67.2,14,FALSE,NAO_CONCLUSIVO,INCONCLUSIVOS,INCONCLUSIVO,IDENTIDADE_INCONCLUSIVA,INCONCLUSIVO,INCONCLUSIVO,SEM_EVIDENCIA_DE_DEMANDA,,,,,,,8.279935224,estimated,FALSE,EVIDENCIA_IDENTIDADE_INCOMPLETA; INCONCLUSIVO,APRESENTACAO_NAO_EXPLICITA,,Completar fontes e vínculos,,2026-09-05T15:16:37.457Z
VTK017651,Refil Tinta Epson T504 Preto,Evolusom Comercial Ltda,58.9,14,FALSE,NAO_CONCLUSIVO,INCONCLUSIVOS,INCONCLUSIVO,IDENTIDADE_INCONCLUSIVA,INCONCLUSIVO,INCONCLUSIVO,SEM_EVIDENCIA_DE_DEMANDA,,,,,,,8.279935224,estimated,FALSE,EVIDENCIA_IDENTIDADE_INCOMPLETA; INCONCLUSIVO,APRESENTACAO_NAO_EXPLICITA,,Completar fontes e vínculos,,2026-09-05T15:16:37.457Z
VTK017903,Cabo Hdmi X Dvi Nwt Cbhd0001 Macho X Macho Entrada Dvi 18+1 Saída Hdmi 1.4 Com Filtro 2m,Evolusom Comercial Ltda,14.5,14,FALSE,NAO_CONCLUSIVO,INCONCLUSIVOS,INCONCLUSIVO,IDENTIDADE_INCONCLUSIVA,INCONCLUSIVO,INCONCLUSIVO,SEM_EVIDENCIA_DE_DEMANDA,,,,,,,8.279935224,estimated,FALSE,EVIDENCIA_IDENTIDADE_INCOMPLETA; INCONCLUSIVO,APRESENTACAO_NAO_EXPLICITA,,Completar fontes e vínculos,,2026-09-05T15:16:37.457Z
VTK018003,Chave Tipo Ninja Western 10 X 11 X 13 Mm,Evolusom Comercial Ltda,14.6,14,FALSE,NAO_CONCLUSIVO,INCONCLUSIVOS,INCONCLUSIVO,IDENTIDADE_INCONCLUSIVA,INCONCLUSIVO,INCONCLUSIVO,SEM_EVIDENCIA_DE_DEMANDA,24.6,,,,,,8.279935224,estimated,FALSE,EVIDENCIA_IDENTIDADE_INCOMPLETA; INCONCLUSIVO,APRESENTACAO_NAO_EXPLICITA,,Completar fontes e vínculos,mercado/VTK018003.json,2026-09-05T15:16:37.457Z
VTK018031,Roteador Wi-fi Tp-link Hx220 (1-pack) Ax1800,Evolusom Comercial Ltda,319.9,14,FALSE,NAO_CONCLUSIVO,INCONCLUSIVOS,INCONCLUSIVO,IDENTIDADE_INCONCLUSIVA,INCONCLUSIVO,INCONCLUSIVO,SEM_EVIDENCIA_DE_DEMANDA,310.9,,,,,,8.279935224,estimated,FALSE,COMPOSICAO_KIT_NAO_COMPROVADA; INCONCLUSIVO,,,Completar fontes e vínculos,mercado/VTK018031.json,2026-09-05T15:16:37.457Z
VTK018072,Conector Permak Cd Ford Novo Ka 2019+ 35/ D14,Evolusom Comercial Ltda,25.19,14,FALSE,NAO_CONCLUSIVO,INCONCLUSIVOS,INCONCLUSIVO,IDENTIDADE_COHERENTE,INCONCLUSIVO,INCONCLUSIVO,SEM_EVIDENCIA_DE_DEMANDA,,,,,,,8.279935224,estimated,FALSE,INCONCLUSIVO,APRESENTACAO_NAO_EXPLICITA,,Completar fontes e vínculos,mercado/VTK018072.json,2026-09-05T15:16:37.457Z
VTK018084,"Alto-falante Subwoofer 10"" Jbl Club Sub Slim 350w Rms 2 Ou 4 Ohms",Evolusom Comercial Ltda,819.9,14,FALSE,NAO_CONCLUSIVO,INCONCLUSIVOS,INCONCLUSIVO,IDENTIDADE_INCONCLUSIVA,INCONCLUSIVO,INCONCLUSIVO,SEM_EVIDENCIA_DE_DEMANDA,879,,,,,,8.279935224,estimated,FALSE,EVIDENCIA_IDENTIDADE_INCOMPLETA; INCONCLUSIVO,APRESENTACAO_NAO_EXPLICITA,,Completar fontes e vínculos,mercado/VTK018084.json,2026-09-05T15:16:37.457Z
VTK018091,Cabo Teclado Sparflex Nitro 100 3 Metros Preto,Evolusom Comercial Ltda,37.4,14,FALSE,NAO_CONCLUSIVO,INCONCLUSIVOS,INCONCLUSIVO,IDENTIDADE_INCONCLUSIVA,INCONCLUSIVO,INCONCLUSIVO,SEM_EVIDENCIA_DE_DEMANDA,,,,,,,8.279935224,estimated,FALSE,EVIDENCIA_IDENTIDADE_INCOMPLETA; INCONCLUSIVO,APRESENTACAO_NAO_EXPLICITA,,Completar fontes e vínculos,,2026-09-05T15:16:37.457Z
VTK018092,Caixa Medusa Sparflex 36 Vias 1 Saída 53i005010g,Evolusom Comercial Ltda,87.9,14,FALSE,NAO_CONCLUSIVO,INCONCLUSIVOS,INCONCLUSIVO,IDENTIDADE_INCONCLUSIVA,INCONCLUSIVO,INCONCLUSIVO,SEM_EVIDENCIA_DE_DEMANDA,,,,,,,8.279935224,estimated,FALSE,EVIDENCIA_IDENTIDADE_INCOMPLETA; INCONCLUSIVO,APRESENTACAO_NAO_EXPLICITA,,Completar fontes e vínculos,,2026-09-05T15:16:37.457Z
VTK018103,Super Led Shocklight 3d 9006 Hb4 12/ 24v 6000k 4500lm (par),Evolusom Comercial Ltda,84.9,14,FALSE,NAO_CONCLUSIVO,INCONCLUSIVOS,INCONCLUSIVO,IDENTIDADE_INCONCLUSIVA,INCONCLUSIVO,INCONCLUSIVO,SEM_EVIDENCIA_DE_DEMANDA,,,,,,,8.279935224,estimated,FALSE,EVIDENCIA_IDENTIDADE_INCOMPLETA; COMPOSICAO_KIT_NAO_COMPROVADA; INCONCLUSIVO,,,Completar fontes e vínculos,,2026-09-05T15:16:37.457Z
VTK018112,Patch Cord Furukawa Cat5e Cmx 20m Azul 35104013,Evolusom Comercial Ltda,89.9,14,FALSE,NAO_CONCLUSIVO,INCONCLUSIVOS,INCONCLUSIVO,IDENTIDADE_INCONCLUSIVA,INCONCLUSIVO,INCONCLUSIVO,SEM_EVIDENCIA_DE_DEMANDA,76.17,,,,,,8.279935224,estimated,FALSE,EVIDENCIA_IDENTIDADE_INCOMPLETA; INCONCLUSIVO,APRESENTACAO_NAO_EXPLICITA,,Completar fontes e vínculos,mercado/VTK018112.json,2026-09-05T15:16:37.457Z
VTK023678,"Tela Permak 12"" Para Alto Falante Profissional Tipo Pioneer 14/i - PC / 2",Evolusom Comercial Ltda,39,14,FALSE,NAO_CONCLUSIVO,INCONCLUSIVOS,INCONCLUSIVO,IDENTIDADE_INCONCLUSIVA,INCONCLUSIVO,INCONCLUSIVO,SEM_EVIDENCIA_DE_DEMANDA,,,,,,,8.279935224,estimated,FALSE,EVIDENCIA_IDENTIDADE_INCOMPLETA; INCONCLUSIVO,APRESENTACAO_NAO_EXPLICITA,,Completar fontes e vínculos,,2026-09-05T15:16:37.457Z
VTK026142,Conector P10 Stereo 90 Graus Metal Preto Gold Storm 5 Un,BKR 1 Comercio e Importação Ltda,72.72,14,FALSE,NAO_CONCLUSIVO,INCONCLUSIVOS,INCONCLUSIVO,IDENTIDADE_INCONCLUSIVA,INCONCLUSIVO,INCONCLUSIVO,SEM_EVIDENCIA_DE_DEMANDA,,,,,,,8.279935224,estimated,FALSE,EVIDENCIA_IDENTIDADE_INCOMPLETA; COMPOSICAO_KIT_NAO_COMPROVADA; INCONCLUSIVO,,,Completar fontes e vínculos,,2026-09-05T15:16:37.457Z
VTK005864,Mangueira Látex 15 Metros KM115AA Azul Kepper,Evolusom Comercial Ltda,38.9,13,FALSE,NAO_CONCLUSIVO,INCONCLUSIVOS,INCONCLUSIVO,IDENTIDADE_INCONCLUSIVA,INCONCLUSIVO,INCONCLUSIVO,SEM_EVIDENCIA_DE_DEMANDA,,,,,,,8.279935224,estimated,FALSE,EVIDENCIA_IDENTIDADE_INCOMPLETA; INCONCLUSIVO,APRESENTACAO_NAO_EXPLICITA,,Completar fontes e vínculos,mercado/VTK005864.json,2026-09-05T15:16:37.457Z
VTK012408,"Palheta Bori Grl At-r16107 S.t.d 0,78 Mm (rosa) R21011 10un",BKR 1 Comercio e Importação Ltda,8,13,FALSE,NAO_CONCLUSIVO,INCONCLUSIVOS,INCONCLUSIVO,IDENTIDADE_INCONCLUSIVA,INCONCLUSIVO,INCONCLUSIVO,SEM_EVIDENCIA_DE_DEMANDA,,,,,,,8.279935224,estimated,FALSE,EVIDENCIA_IDENTIDADE_INCOMPLETA; COMPOSICAO_KIT_NAO_COMPROVADA; INCONCLUSIVO,,,Completar fontes e vínculos,,2026-09-05T15:16:37.457Z
VTK012414,"Adaptador 3,5 Femea Trs 6,3mm Macho Wc347 Wireconex 06 Unidades",BKR 1 Comercio e Importação Ltda,55,13,FALSE,NAO_CONCLUSIVO,INCONCLUSIVOS,INCONCLUSIVO,IDENTIDADE_INCONCLUSIVA,INCONCLUSIVO,INCONCLUSIVO,SEM_EVIDENCIA_DE_DEMANDA,,,,,,,8.279935224,estimated,FALSE,EVIDENCIA_IDENTIDADE_INCOMPLETA; COMPOSICAO_KIT_NAO_COMPROVADA; INCONCLUSIVO,,,Completar fontes e vínculos,,2026-09-05T15:16:37.457Z
VTK017380,"Calota Grid Aro 14"" Modelo Argo 2021",Evolusom Comercial Ltda,47.8,13,FALSE,NAO_CONCLUSIVO,INCONCLUSIVOS,INCONCLUSIVO,IDENTIDADE_INCONCLUSIVA,INCONCLUSIVO,INCONCLUSIVO,SEM_EVIDENCIA_DE_DEMANDA,,,,,,,8.279935224,estimated,FALSE,EVIDENCIA_IDENTIDADE_INCOMPLETA; INCONCLUSIVO,APRESENTACAO_NAO_EXPLICITA,,Completar fontes e vínculos,,2026-09-05T15:16:37.457Z
VTK017879,Cabo Pp Circular Technoise Automotivo 4x1.00mm Rolo Com 25m,Evolusom Comercial Ltda,161.9,13,FALSE,NAO_CONCLUSIVO,INCONCLUSIVOS,INCONCLUSIVO,IDENTIDADE_INCONCLUSIVA,INCONCLUSIVO,INCONCLUSIVO,SEM_EVIDENCIA_DE_DEMANDA,,,,,,,8.279935224,estimated,FALSE,EVIDENCIA_IDENTIDADE_INCOMPLETA; INCONCLUSIVO,APRESENTACAO_NAO_EXPLICITA,,Completar fontes e vínculos,,2026-09-05T15:16:37.457Z
VTK017989,Calota Grid Aro 14p 157cb-pta Prata Fiat Uno Attractive 2014 Cubo Baixo - PC / 4,Evolusom Comercial Ltda,47.8,13,FALSE,NAO_CONCLUSIVO,INCONCLUSIVOS,INCONCLUSIVO,IDENTIDADE_INCONCLUSIVA,INCONCLUSIVO,INCONCLUSIVO,SEM_EVIDENCIA_DE_DEMANDA,,,,,,,8.279935224,estimated,FALSE,EVIDENCIA_IDENTIDADE_INCOMPLETA; INCONCLUSIVO,APRESENTACAO_NAO_EXPLICITA,,Completar fontes e vínculos,,2026-09-05T15:16:37.457Z
VTK018051,Alicate De Crimpar Conector De Compressão Rg59 E Rg6 Mxt,Evolusom Comercial Ltda,29.7,13,FALSE,NAO_CONCLUSIVO,INCONCLUSIVOS,INCONCLUSIVO,IDENTIDADE_INCONCLUSIVA,INCONCLUSIVO,INCONCLUSIVO,SEM_EVIDENCIA_DE_DEMANDA,45,,,,,,8.279935224,estimated,FALSE,EVIDENCIA_IDENTIDADE_INCOMPLETA; INCONCLUSIVO,APRESENTACAO_NAO_EXPLICITA,,Completar fontes e vínculos,mercado/VTK018051.json,2026-09-05T15:16:37.457Z
VTK018067,Refil Tinta Epson Vermelha T664320-al,Evolusom Comercial Ltda,46.1,13,FALSE,NAO_CONCLUSIVO,INCONCLUSIVOS,INCONCLUSIVO,IDENTIDADE_INCONCLUSIVA,INCONCLUSIVO,INCONCLUSIVO,SEM_EVIDENCIA_DE_DEMANDA,,,,,,,8.279935224,estimated,FALSE,EVIDENCIA_IDENTIDADE_INCOMPLETA; INCONCLUSIVO,APRESENTACAO_NAO_EXPLICITA,,Completar fontes e vínculos,,2026-09-05T15:16:37.457Z
VTK018087,Jogo De Panelas Tramontina Veronese Alumínio Cerâmico Interno E Siliconado Externo 5 Peças Bege,Evolusom Comercial Ltda,364.9,13,FALSE,NAO_CONCLUSIVO,INCONCLUSIVOS,INCONCLUSIVO,IDENTIDADE_INCONCLUSIVA,INCONCLUSIVO,INCONCLUSIVO,SEM_EVIDENCIA_DE_DEMANDA,344.84,,,,,,8.279935224,estimated,FALSE,EVIDENCIA_IDENTIDADE_INCOMPLETA; INCONCLUSIVO,,,Completar fontes e vínculos,mercado/VTK018087.json,2026-09-05T15:16:37.457Z
VTK018097,Lampada Multilaser Super Led H1 6200k Par,Evolusom Comercial Ltda,68.99,13,FALSE,NAO_CONCLUSIVO,INCONCLUSIVOS,INCONCLUSIVO,IDENTIDADE_INCONCLUSIVA,INCONCLUSIVO,INCONCLUSIVO,SEM_EVIDENCIA_DE_DEMANDA,12.17,,,,,,8.279935224,estimated,FALSE,EVIDENCIA_IDENTIDADE_INCOMPLETA; COMPOSICAO_KIT_NAO_COMPROVADA; INCONCLUSIVO,,,Completar fontes e vínculos,mercado/VTK018097.json,2026-09-05T15:16:37.457Z
VTK018102,Emenda Mecanica Seccon Para Fibra Optica Universal,Evolusom Comercial Ltda,108.9,13,FALSE,NAO_CONCLUSIVO,INCONCLUSIVOS,INCONCLUSIVO,IDENTIDADE_INCONCLUSIVA,INCONCLUSIVO,INCONCLUSIVO,SEM_EVIDENCIA_DE_DEMANDA,,,,,,,8.279935224,estimated,FALSE,EVIDENCIA_IDENTIDADE_INCOMPLETA; INCONCLUSIVO,APRESENTACAO_NAO_EXPLICITA,,Completar fontes e vínculos,,2026-09-05T15:16:37.457Z
VTK018105,Conector Permak Para Cd Gm S10 35/d6,Evolusom Comercial Ltda,15.9,13,FALSE,NAO_CONCLUSIVO,INCONCLUSIVOS,INCONCLUSIVO,IDENTIDADE_INCONCLUSIVA,INCONCLUSIVO,INCONCLUSIVO,SEM_EVIDENCIA_DE_DEMANDA,,,,,,,8.279935224,estimated,FALSE,EVIDENCIA_IDENTIDADE_INCOMPLETA; INCONCLUSIVO,APRESENTACAO_NAO_EXPLICITA,,Completar fontes e vínculos,,2026-09-05T15:16:37.457Z
VTK018129,Teclado Para Central Monitorada Intelbras Xat 1018 Mt,Evolusom Comercial Ltda,24.95,13,FALSE,NAO_CONCLUSIVO,INCONCLUSIVOS,INCONCLUSIVO,IDENTIDADE_INCONCLUSIVA,INCONCLUSIVO,INCONCLUSIVO,SEM_EVIDENCIA_DE_DEMANDA,85.9,,,,,,8.279935224,estimated,FALSE,EVIDENCIA_IDENTIDADE_INCOMPLETA; INCONCLUSIVO,APRESENTACAO_NAO_EXPLICITA,Teclado de central de alarme Intelbras XAT1018 MT; confirmar categoria e ficha do catálogo genérico Aparelho Xat 1018 Mt.,Completar fontes e vínculos,mercado/VTK018129.json,2026-09-05T15:16:37.457Z
VTK018136,"Arandela Redonda Fiamon 6"" Difusor 30rms 8r Branca",Evolusom Comercial Ltda,68.9,13,FALSE,NAO_CONCLUSIVO,INCONCLUSIVOS,INCONCLUSIVO,IDENTIDADE_COHERENTE,INCONCLUSIVO,INCONCLUSIVO,SEM_EVIDENCIA_DE_DEMANDA,43.6,,,,,,8.279935224,estimated,FALSE,INCONCLUSIVO,APRESENTACAO_NAO_EXPLICITA,,Completar fontes e vínculos,mercado/VTK018136.json,2026-09-05T15:16:37.457Z
VTK018137,"Arandela Retangular Fiamon 6"" + Tw 50rms 8r Branca",Evolusom Comercial Ltda,95.9,13,FALSE,NAO_CONCLUSIVO,INCONCLUSIVOS,INCONCLUSIVO,IDENTIDADE_INCONCLUSIVA,INCONCLUSIVO,INCONCLUSIVO,SEM_EVIDENCIA_DE_DEMANDA,,,,,,,8.279935224,estimated,FALSE,EVIDENCIA_IDENTIDADE_INCOMPLETA; INCONCLUSIVO,APRESENTACAO_NAO_EXPLICITA,,Completar fontes e vínculos,mercado/VTK018137.json,2026-09-05T15:16:37.457Z
VTK018139,"Alça Pré Formada Cabo 9,60/ 10,40 Apco6104 Preto - PC / 10",Evolusom Comercial Ltda,135.8,13,FALSE,NAO_CONCLUSIVO,INCONCLUSIVOS,INCONCLUSIVO,IDENTIDADE_INCONCLUSIVA,INCONCLUSIVO,INCONCLUSIVO,SEM_EVIDENCIA_DE_DEMANDA,,,,,,,8.279935224,estimated,FALSE,EVIDENCIA_IDENTIDADE_INCOMPLETA; INCONCLUSIVO,APRESENTACAO_NAO_EXPLICITA,,Completar fontes e vínculos,,2026-09-05T15:16:37.457Z
VTK018143,Tapete Amapa Universal Multi Aplicação Serie 3,Evolusom Comercial Ltda,77.9,13,FALSE,NAO_CONCLUSIVO,INCONCLUSIVOS,INCONCLUSIVO,IDENTIDADE_INCONCLUSIVA,INCONCLUSIVO,INCONCLUSIVO,SEM_EVIDENCIA_DE_DEMANDA,,,,,,,8.279935224,estimated,FALSE,EVIDENCIA_IDENTIDADE_INCOMPLETA; INCONCLUSIVO,APRESENTACAO_NAO_EXPLICITA,,Completar fontes e vínculos,,2026-09-05T15:16:37.457Z
VTK018144,Calota Grid Aro 15p 204cp-pta Modelo Palio Essence 2014/ 16 Cubo Padrão - PC / 4,Evolusom Comercial Ltda,66.6,13,FALSE,NAO_CONCLUSIVO,INCONCLUSIVOS,INCONCLUSIVO,IDENTIDADE_INCONCLUSIVA,INCONCLUSIVO,INCONCLUSIVO,SEM_EVIDENCIA_DE_DEMANDA,,,,,,,8.279935224,estimated,FALSE,EVIDENCIA_IDENTIDADE_INCOMPLETA; INCONCLUSIVO,APRESENTACAO_NAO_EXPLICITA,,Completar fontes e vínculos,,2026-09-05T15:16:37.457Z
VTK018147,"Cabo De Guitarra Tiaflex 100 Metros 0,50 Mm Bordô 801600",Evolusom Comercial Ltda,569.9,13,FALSE,NAO_CONCLUSIVO,INCONCLUSIVOS,INCONCLUSIVO,IDENTIDADE_INCONCLUSIVA,INCONCLUSIVO,INCONCLUSIVO,SEM_EVIDENCIA_DE_DEMANDA,,,,,,,8.279935224,estimated,FALSE,EVIDENCIA_IDENTIDADE_INCOMPLETA; INCONCLUSIVO,APRESENTACAO_NAO_EXPLICITA,,Completar fontes e vínculos,,2026-09-05T15:16:37.457Z
VTK018155,"Alto Falante Subwoofer Jbl Tornado 15swt5600 15"" 4r 2800w Rms",Evolusom Comercial Ltda,1432.5,13,FALSE,NAO_CONCLUSIVO,INCONCLUSIVOS,INCONCLUSIVO,IDENTIDADE_INCONCLUSIVA,INCONCLUSIVO,INCONCLUSIVO,SEM_EVIDENCIA_DE_DEMANDA,1478,,,,,,8.279935224,estimated,FALSE,EVIDENCIA_IDENTIDADE_INCOMPLETA; INCONCLUSIVO,APRESENTACAO_NAO_EXPLICITA,,Completar fontes e vínculos,mercado/VTK018155.json,2026-09-05T15:16:37.457Z
VTK018164,Reparo Driver Musical Shock Reparos Iii Plus,Evolusom Comercial Ltda,22.9,13,FALSE,NAO_CONCLUSIVO,INCONCLUSIVOS,INCONCLUSIVO,IDENTIDADE_INCONCLUSIVA,INCONCLUSIVO,INCONCLUSIVO,SEM_EVIDENCIA_DE_DEMANDA,,,,,,,8.279935224,estimated,FALSE,EVIDENCIA_IDENTIDADE_INCOMPLETA; INCONCLUSIVO,APRESENTACAO_NAO_EXPLICITA,,Completar fontes e vínculos,,2026-09-05T15:16:37.457Z
VTK018167,Câmera De Ré Com Sensor Roadstar Rs-231br Sc Pro Line,Evolusom Comercial Ltda,109.9,13,FALSE,NAO_CONCLUSIVO,INCONCLUSIVOS,INCONCLUSIVO,IDENTIDADE_INCONCLUSIVA,INCONCLUSIVO,INCONCLUSIVO,SEM_EVIDENCIA_DE_DEMANDA,155,,,,,,8.279935224,estimated,FALSE,EVIDENCIA_IDENTIDADE_INCOMPLETA; INCONCLUSIVO,APRESENTACAO_NAO_EXPLICITA,,Completar fontes e vínculos,mercado/VTK018167.json,2026-09-05T15:16:37.457Z
VTK018432,Cabo Flexível Remoto Technoise 100% Cobre Azul 0.50 Mm Rolo 100 Metros,Evolusom Comercial Ltda,59.9,13,FALSE,NAO_CONCLUSIVO,INCONCLUSIVOS,INCONCLUSIVO,IDENTIDADE_COHERENTE,INCONCLUSIVO,INCONCLUSIVO,SEM_EVIDENCIA_DE_DEMANDA,80.27,,,,,,8.279935224,estimated,FALSE,INCONCLUSIVO,APRESENTACAO_NAO_EXPLICITA,,Completar fontes e vínculos,mercado/VTK018432.json,2026-09-05T15:16:37.457Z
VTK018824,Suporte L Para Antena Maria Mole E Marinox Aquário B-3035,Evolusom Comercial Ltda,35.95,13,FALSE,NAO_CONCLUSIVO,INCONCLUSIVOS,INCONCLUSIVO,IDENTIDADE_INCONCLUSIVA,INCONCLUSIVO,INCONCLUSIVO,SEM_EVIDENCIA_DE_DEMANDA,47.5,,,,,,8.279935224,estimated,FALSE,EVIDENCIA_IDENTIDADE_INCOMPLETA; INCONCLUSIVO,APRESENTACAO_NAO_EXPLICITA,,Completar fontes e vínculos,mercado/VTK018824.json,2026-09-05T15:16:37.457Z
VTK019952,Telefone Sem Fio Intelbras Ts5121 Ramal Digital,Evolusom Comercial Ltda,137.9,13,FALSE,NAO_CONCLUSIVO,INCONCLUSIVOS,INCONCLUSIVO,IDENTIDADE_COHERENTE,INCONCLUSIVO,INCONCLUSIVO,SEM_EVIDENCIA_DE_DEMANDA,,,,,,,8.279935224,estimated,FALSE,INCONCLUSIVO,APRESENTACAO_NAO_EXPLICITA,,Completar fontes e vínculos,mercado/VTK019952.json,2026-09-05T15:16:37.457Z
VTK022501,Antena Parabólica Offset Aquário Dth-60 Banda Ku - PC / 5,Evolusom Comercial Ltda,224.5,13,FALSE,NAO_CONCLUSIVO,INCONCLUSIVOS,INCONCLUSIVO,IDENTIDADE_INCONCLUSIVA,INCONCLUSIVO,INCONCLUSIVO,SEM_EVIDENCIA_DE_DEMANDA,,,,,,,8.279935224,estimated,FALSE,EVIDENCIA_IDENTIDADE_INCOMPLETA; COMPOSICAO_KIT_NAO_COMPROVADA; INCONCLUSIVO,,,Completar fontes e vínculos,,2026-09-05T15:16:37.457Z
VTK026016,Capa Controle Compatível Ford 3 B + P 2002 A 2013,BKR 1 Comercio e Importação Ltda,7.56,13,FALSE,NAO_CONCLUSIVO,INCONCLUSIVOS,INCONCLUSIVO,IDENTIDADE_INCONCLUSIVA,INCONCLUSIVO,INCONCLUSIVO,SEM_EVIDENCIA_DE_DEMANDA,,,,,,,8.279935224,estimated,FALSE,EVIDENCIA_IDENTIDADE_INCOMPLETA; INCONCLUSIVO,APRESENTACAO_NAO_EXPLICITA,,Completar fontes e vínculos,,2026-09-05T15:16:37.457Z
VTK026141,Conector P10 Stereo Metal Preto Gold Storm 5 Unidades,BKR 1 Comercio e Importação Ltda,55.67,13,FALSE,NAO_CONCLUSIVO,INCONCLUSIVOS,INCONCLUSIVO,IDENTIDADE_INCONCLUSIVA,INCONCLUSIVO,INCONCLUSIVO,SEM_EVIDENCIA_DE_DEMANDA,,,,,,,8.279935224,estimated,FALSE,EVIDENCIA_IDENTIDADE_INCOMPLETA; COMPOSICAO_KIT_NAO_COMPROVADA; INCONCLUSIVO,,,Completar fontes e vínculos,,2026-09-05T15:16:37.457Z
VTK026195,Conector F Compressao Rg59 10 Unidades Storm,BKR 1 Comercio e Importação Ltda,19.09,13,FALSE,NAO_CONCLUSIVO,INCONCLUSIVOS,INCONCLUSIVO,IDENTIDADE_INCONCLUSIVA,INCONCLUSIVO,INCONCLUSIVO,SEM_EVIDENCIA_DE_DEMANDA,,,,,,,8.279935224,estimated,FALSE,EVIDENCIA_IDENTIDADE_INCOMPLETA; COMPOSICAO_KIT_NAO_COMPROVADA; INCONCLUSIVO,,,Completar fontes e vínculos,,2026-09-05T15:16:37.457Z
VTK026196,Conector F Compressao Rg6 10 Unidades Storm,BKR 1 Comercio e Importação Ltda,19.09,13,FALSE,NAO_CONCLUSIVO,INCONCLUSIVOS,INCONCLUSIVO,IDENTIDADE_INCONCLUSIVA,INCONCLUSIVO,INCONCLUSIVO,SEM_EVIDENCIA_DE_DEMANDA,,,,,,,8.279935224,estimated,FALSE,EVIDENCIA_IDENTIDADE_INCOMPLETA; COMPOSICAO_KIT_NAO_COMPROVADA; INCONCLUSIVO,,,Completar fontes e vínculos,,2026-09-05T15:16:37.457Z
VTK012421,Palheta Guitarra Shl Lght 1csh2 D Addario .50mm 10un,BKR 1 Comercio e Importação Ltda,32.27,12,FALSE,NAO_CONCLUSIVO,INCONCLUSIVOS,INCONCLUSIVO,IDENTIDADE_INCONCLUSIVA,INCONCLUSIVO,INCONCLUSIVO,SEM_EVIDENCIA_DE_DEMANDA,,,,,,,8.279935224,estimated,FALSE,EVIDENCIA_IDENTIDADE_INCOMPLETA; COMPOSICAO_KIT_NAO_COMPROVADA; INCONCLUSIVO,,,Completar fontes e vínculos,,2026-09-05T15:16:37.457Z
VTK012422,Palheta Guitarra Mul Med 1cmc4 D Addario .70mm 10un,BKR 1 Comercio e Importação Ltda,35.48,12,FALSE,NAO_CONCLUSIVO,INCONCLUSIVOS,INCONCLUSIVO,IDENTIDADE_INCONCLUSIVA,INCONCLUSIVO,INCONCLUSIVO,SEM_EVIDENCIA_DE_DEMANDA,,,,,,,8.279935224,estimated,FALSE,EVIDENCIA_IDENTIDADE_INCOMPLETA; COMPOSICAO_KIT_NAO_COMPROVADA; INCONCLUSIVO,,,Completar fontes e vínculos,,2026-09-05T15:16:37.457Z
VTK017390,Cabo Hdmi Proeletronic Cahd-2050 4k Macho X Macho 2.0 5m,Evolusom Comercial Ltda,16.1,12,FALSE,NAO_CONCLUSIVO,INCONCLUSIVOS,INCONCLUSIVO,IDENTIDADE_COHERENTE,INCONCLUSIVO,INCONCLUSIVO,SEM_EVIDENCIA_DE_DEMANDA,20.81,,,,,,8.279935224,estimated,FALSE,INCONCLUSIVO,APRESENTACAO_NAO_EXPLICITA,,Completar fontes e vínculos,mercado/VTK017390.json,2026-09-05T15:16:37.457Z
VTK017890,"Solda Cobix Verde 40/60 1,0mm 500 Gramas",Evolusom Comercial Ltda,109.9,12,FALSE,NAO_CONCLUSIVO,INCONCLUSIVOS,INCONCLUSIVO,IDENTIDADE_INCONCLUSIVA,INCONCLUSIVO,INCONCLUSIVO,SEM_EVIDENCIA_DE_DEMANDA,185,,,,,,8.279935224,estimated,FALSE,EVIDENCIA_IDENTIDADE_INCOMPLETA; INCONCLUSIVO,APRESENTACAO_NAO_EXPLICITA,,Completar fontes e vínculos,mercado/VTK017890.json,2026-09-05T15:16:37.457Z
VTK018002,Lanterna Recarregável Western Curta 7 Leds,Evolusom Comercial Ltda,32.5,12,FALSE,NAO_CONCLUSIVO,INCONCLUSIVOS,INCONCLUSIVO,IDENTIDADE_INCONCLUSIVA,INCONCLUSIVO,INCONCLUSIVO,SEM_EVIDENCIA_DE_DEMANDA,,,,,,,8.279935224,estimated,FALSE,EVIDENCIA_IDENTIDADE_INCOMPLETA; INCONCLUSIVO,APRESENTACAO_NAO_EXPLICITA,,Completar fontes e vínculos,mercado/VTK018002.json,2026-09-05T15:16:37.457Z
VTK018078,Cabo Auto Permak 0.75mm Branco 100m,Evolusom Comercial Ltda,59.9,12,FALSE,NAO_CONCLUSIVO,INCONCLUSIVOS,INCONCLUSIVO,IDENTIDADE_INCONCLUSIVA,INCONCLUSIVO,INCONCLUSIVO,SEM_EVIDENCIA_DE_DEMANDA,,,,,,,8.279935224,estimated,FALSE,EVIDENCIA_IDENTIDADE_INCOMPLETA; INCONCLUSIVO,APRESENTACAO_NAO_EXPLICITA,,Completar fontes e vínculos,,2026-09-05T15:16:37.457Z
VTK018127,Jogo De Panelas Tramontina Veronese Alumínio Cerâmico Interno E Siliconado Externo 5 Peças Argila,Evolusom Comercial Ltda,364.9,12,FALSE,NAO_CONCLUSIVO,INCONCLUSIVOS,INCONCLUSIVO,IDENTIDADE_INCONCLUSIVA,INCONCLUSIVO,INCONCLUSIVO,SEM_EVIDENCIA_DE_DEMANDA,436.05,,,,,,8.279935224,estimated,FALSE,EVIDENCIA_IDENTIDADE_INCOMPLETA; INCONCLUSIVO,,,Completar fontes e vínculos,mercado/VTK018127.json,2026-09-05T15:16:37.457Z
VTK018154,Fone Headset Intelbras Ths-40 Conector Rj9,Evolusom Comercial Ltda,120.37,12,FALSE,NAO_CONCLUSIVO,INCONCLUSIVOS,INCONCLUSIVO,IDENTIDADE_INCONCLUSIVA,INCONCLUSIVO,INCONCLUSIVO,SEM_EVIDENCIA_DE_DEMANDA,78,,,,,,8.279935224,estimated,FALSE,EVIDENCIA_IDENTIDADE_INCOMPLETA; INCONCLUSIVO,APRESENTACAO_NAO_EXPLICITA,,Completar fontes e vínculos,mercado/VTK018154.json,2026-09-05T15:16:37.457Z
VTK018163,Par De Lâmpadas Halógena Super Brancas Code/tech One 12v H3 55w,Evolusom Comercial Ltda,10.9,12,FALSE,NAO_CONCLUSIVO,INCONCLUSIVOS,INCONCLUSIVO,IDENTIDADE_INCONCLUSIVA,INCONCLUSIVO,INCONCLUSIVO,SEM_EVIDENCIA_DE_DEMANDA,,,,,,,8.279935224,estimated,FALSE,EVIDENCIA_IDENTIDADE_INCOMPLETA; COMPOSICAO_KIT_NAO_COMPROVADA; INCONCLUSIVO,,,Completar fontes e vínculos,,2026-09-05T15:16:37.457Z
VTK018173,Cabo Teclado Sparflex Nitro 100 Plug 90 1 Metro Preto 538197010f,Evolusom Comercial Ltda,33.9,12,FALSE,NAO_CONCLUSIVO,INCONCLUSIVOS,INCONCLUSIVO,IDENTIDADE_INCONCLUSIVA,INCONCLUSIVO,INCONCLUSIVO,SEM_EVIDENCIA_DE_DEMANDA,,,,,,,8.279935224,estimated,FALSE,EVIDENCIA_IDENTIDADE_INCOMPLETA; INCONCLUSIVO,APRESENTACAO_NAO_EXPLICITA,,Completar fontes e vínculos,,2026-09-05T15:16:37.457Z
VTK018175,Módulo De Vidro Elétrico Fks Mlv 540 Conector Original Toyota Hilux Antiesmagamento,Evolusom Comercial Ltda,148.9,12,FALSE,NAO_CONCLUSIVO,INCONCLUSIVOS,INCONCLUSIVO,IDENTIDADE_INCONCLUSIVA,INCONCLUSIVO,INCONCLUSIVO,SEM_EVIDENCIA_DE_DEMANDA,,,,,,,8.279935224,estimated,FALSE,EVIDENCIA_IDENTIDADE_INCOMPLETA; INCONCLUSIVO,APRESENTACAO_NAO_EXPLICITA,,Completar fontes e vínculos,,2026-09-05T15:16:37.457Z
VTK018180,Módulo Tury Para Vidro Elétrico Ae Pro2.8bw,Evolusom Comercial Ltda,164.9,12,FALSE,NAO_CONCLUSIVO,INCONCLUSIVOS,INCONCLUSIVO,IDENTIDADE_INCONCLUSIVA,INCONCLUSIVO,INCONCLUSIVO,SEM_EVIDENCIA_DE_DEMANDA,,,,,,,8.279935224,estimated,FALSE,EVIDENCIA_IDENTIDADE_INCOMPLETA; INCONCLUSIVO,APRESENTACAO_NAO_EXPLICITA,,Completar fontes e vínculos,,2026-09-05T15:16:37.457Z
VTK018186,Calota Grid Aro 14p 241cb-pta Volkswaggen Gol / Voyage G6 2015 Cubo Baixo - PC / 4,Evolusom Comercial Ltda,47.8,12,FALSE,NAO_CONCLUSIVO,INCONCLUSIVOS,INCONCLUSIVO,IDENTIDADE_INCONCLUSIVA,INCONCLUSIVO,INCONCLUSIVO,SEM_EVIDENCIA_DE_DEMANDA,,,,,,,8.279935224,estimated,FALSE,EVIDENCIA_IDENTIDADE_INCOMPLETA; INCONCLUSIVO,APRESENTACAO_NAO_EXPLICITA,,Completar fontes e vínculos,,2026-09-05T15:16:37.457Z
VTK018189,"Arandela Quadrada Fiamon 6"" Difusor 30rms 8r Branca",Evolusom Comercial Ltda,69.9,12,FALSE,NAO_CONCLUSIVO,INCONCLUSIVOS,INCONCLUSIVO,IDENTIDADE_INCONCLUSIVA,INCONCLUSIVO,INCONCLUSIVO,SEM_EVIDENCIA_DE_DEMANDA,,,,,,,8.279935224,estimated,FALSE,EVIDENCIA_IDENTIDADE_INCOMPLETA; INCONCLUSIVO,APRESENTACAO_NAO_EXPLICITA,,Completar fontes e vínculos,,2026-09-05T15:16:37.457Z
VTK018190,Tapete Universal Amapa Multi Aplicação Serie 1,Evolusom Comercial Ltda,77.9,12,FALSE,NAO_CONCLUSIVO,INCONCLUSIVOS,INCONCLUSIVO,IDENTIDADE_INCONCLUSIVA,INCONCLUSIVO,INCONCLUSIVO,SEM_EVIDENCIA_DE_DEMANDA,,,,,,,8.279935224,estimated,FALSE,EVIDENCIA_IDENTIDADE_INCOMPLETA; INCONCLUSIVO,APRESENTACAO_NAO_EXPLICITA,,Completar fontes e vínculos,,2026-09-05T15:16:37.457Z
VTK018193,Trava Eletrica Soft Hb20 4portas Mono 2014/... Aa.42.0111,Evolusom Comercial Ltda,120.9,12,FALSE,NAO_CONCLUSIVO,INCONCLUSIVOS,INCONCLUSIVO,IDENTIDADE_INCONCLUSIVA,INCONCLUSIVO,INCONCLUSIVO,SEM_EVIDENCIA_DE_DEMANDA,,,,,,,8.279935224,estimated,FALSE,EVIDENCIA_IDENTIDADE_INCOMPLETA; INCONCLUSIVO,APRESENTACAO_NAO_EXPLICITA,,Completar fontes e vínculos,,2026-09-05T15:16:37.457Z
VTK018197,Lâmpada Multilaser Super Led Hb4 30w 6200k Au840 Par,Evolusom Comercial Ltda,51.7,12,FALSE,NAO_CONCLUSIVO,INCONCLUSIVOS,INCONCLUSIVO,IDENTIDADE_INCONCLUSIVA,INCONCLUSIVO,INCONCLUSIVO,SEM_EVIDENCIA_DE_DEMANDA,,,,,,,8.279935224,estimated,FALSE,EVIDENCIA_IDENTIDADE_INCOMPLETA; COMPOSICAO_KIT_NAO_COMPROVADA; INCONCLUSIVO,,,Completar fontes e vínculos,,2026-09-05T15:16:37.457Z
VTK018201,Plug P10 Duplo Z Mono Pedais,Evolusom Comercial Ltda,18.9,12,FALSE,NAO_CONCLUSIVO,INCONCLUSIVOS,INCONCLUSIVO,IDENTIDADE_INCONCLUSIVA,INCONCLUSIVO,INCONCLUSIVO,SEM_EVIDENCIA_DE_DEMANDA,,,,,,,8.279935224,estimated,FALSE,EVIDENCIA_IDENTIDADE_INCOMPLETA; INCONCLUSIVO,APRESENTACAO_NAO_EXPLICITA,,Completar fontes e vínculos,,2026-09-05T15:16:37.457Z
VTK018202,Antena Celular 4g Yagi Aquário Cf-2610 10dbi,Evolusom Comercial Ltda,74.3,12,FALSE,NAO_CONCLUSIVO,INCONCLUSIVOS,INCONCLUSIVO,IDENTIDADE_COHERENTE,INCONCLUSIVO,INCONCLUSIVO,SEM_EVIDENCIA_DE_DEMANDA,125.9,,,,,,8.279935224,estimated,FALSE,INCONCLUSIVO,APRESENTACAO_NAO_EXPLICITA,,Completar fontes e vínculos,mercado/VTK018202.json,2026-09-05T15:16:37.457Z
VTK018204,Roteador Intelbras Apc-5a Giga Com Pigtail 29dbm 4750045,Evolusom Comercial Ltda,701.29,12,FALSE,NAO_CONCLUSIVO,INCONCLUSIVOS,INCONCLUSIVO,IDENTIDADE_INCONCLUSIVA,INCONCLUSIVO,INCONCLUSIVO,SEM_EVIDENCIA_DE_DEMANDA,,,,,,,8.279935224,estimated,FALSE,EVIDENCIA_IDENTIDADE_INCOMPLETA; INCONCLUSIVO,APRESENTACAO_NAO_EXPLICITA,,Completar fontes e vínculos,,2026-09-05T15:16:37.457Z
VTK018205,Calota Aro 14p 187cb-pof Mod Hb20 2020,Evolusom Comercial Ltda,18.6,12,FALSE,NAO_CONCLUSIVO,INCONCLUSIVOS,INCONCLUSIVO,IDENTIDADE_INCONCLUSIVA,INCONCLUSIVO,INCONCLUSIVO,SEM_EVIDENCIA_DE_DEMANDA,,,,,,,8.279935224,estimated,FALSE,EVIDENCIA_IDENTIDADE_INCOMPLETA; INCONCLUSIVO,APRESENTACAO_NAO_EXPLICITA,,Completar fontes e vínculos,,2026-09-05T15:16:37.457Z
VTK018207,Shock Reparo Driver Titanium 2540/ 45-2550/ 52-2560-ti Oversou,Evolusom Comercial Ltda,69.9,12,FALSE,NAO_CONCLUSIVO,INCONCLUSIVOS,INCONCLUSIVO,IDENTIDADE_INCONCLUSIVA,INCONCLUSIVO,INCONCLUSIVO,SEM_EVIDENCIA_DE_DEMANDA,,,,,,,8.279935224,estimated,FALSE,EVIDENCIA_IDENTIDADE_INCOMPLETA; INCONCLUSIVO,APRESENTACAO_NAO_EXPLICITA,,Completar fontes e vínculos,,2026-09-05T15:16:37.457Z
VTK018212,Patch Cord Furukawa Cat5e 0.5m Azul T568a 35104005,Evolusom Comercial Ltda,12.9,12,FALSE,NAO_CONCLUSIVO,INCONCLUSIVOS,INCONCLUSIVO,IDENTIDADE_COHERENTE,INCONCLUSIVO,INCONCLUSIVO,SEM_EVIDENCIA_DE_DEMANDA,18.99,,,,,,8.279935224,estimated,FALSE,INCONCLUSIVO,APRESENTACAO_NAO_EXPLICITA,,Completar fontes e vínculos,mercado/VTK018212.json,2026-09-05T15:16:37.457Z
VTK018217,Sensor De Estacionamento Code Prime Para Metal,Evolusom Comercial Ltda,72.9,12,FALSE,NAO_CONCLUSIVO,INCONCLUSIVOS,INCONCLUSIVO,IDENTIDADE_INCONCLUSIVA,INCONCLUSIVO,INCONCLUSIVO,SEM_EVIDENCIA_DE_DEMANDA,93.47,,,,,,8.279935224,estimated,FALSE,EVIDENCIA_IDENTIDADE_INCOMPLETA; INCONCLUSIVO,APRESENTACAO_NAO_EXPLICITA,,Completar fontes e vínculos,mercado/VTK018217.json,2026-09-05T15:16:37.457Z
VTK018591,Bastão De Cola Quente Technoise 10mm X 30cm 1kg Preto,Evolusom Comercial Ltda,59.9,12,FALSE,NAO_CONCLUSIVO,INCONCLUSIVOS,INCONCLUSIVO,IDENTIDADE_INCONCLUSIVA,INCONCLUSIVO,INCONCLUSIVO,SEM_EVIDENCIA_DE_DEMANDA,,,,,,,8.279935224,estimated,FALSE,EVIDENCIA_IDENTIDADE_INCOMPLETA; INCONCLUSIVO,APRESENTACAO_NAO_EXPLICITA,,Completar fontes e vínculos,,2026-09-05T15:16:37.457Z
VTK018641,Caixa R.l.p. Vazia Para 1 A.f 12 + 2 Dr +2 Tw + Duto,Evolusom Comercial Ltda,69.9,12,FALSE,NAO_CONCLUSIVO,INCONCLUSIVOS,INCONCLUSIVO,IDENTIDADE_INCONCLUSIVA,INCONCLUSIVO,INCONCLUSIVO,SEM_EVIDENCIA_DE_DEMANDA,,,,,,,8.279935224,estimated,FALSE,EVIDENCIA_IDENTIDADE_INCOMPLETA; INCONCLUSIVO,APRESENTACAO_NAO_EXPLICITA,,Completar fontes e vínculos,,2026-09-05T15:16:37.457Z
VTK019287,Caixa Vazia Para 2 Cornetas E 2 Tweeters Retangular Acarpetada - PC / 2,Evolusom Comercial Ltda,95.8,12,FALSE,NAO_CONCLUSIVO,INCONCLUSIVOS,INCONCLUSIVO,IDENTIDADE_INCONCLUSIVA,INCONCLUSIVO,INCONCLUSIVO,SEM_EVIDENCIA_DE_DEMANDA,,,,,,,8.279935224,estimated,FALSE,EVIDENCIA_IDENTIDADE_INCOMPLETA; INCONCLUSIVO,APRESENTACAO_NAO_EXPLICITA,,Completar fontes e vínculos,,2026-09-05T15:16:37.457Z
VTK022615,Cabo Coaxial Rg6 Proeletronic Caco0660/01 60% De Malha - 100m,Evolusom Comercial Ltda,96.2,12,FALSE,NAO_CONCLUSIVO,INCONCLUSIVOS,INCONCLUSIVO,IDENTIDADE_COHERENTE,INCONCLUSIVO,INCONCLUSIVO,SEM_EVIDENCIA_DE_DEMANDA,,,,,,,8.279935224,estimated,FALSE,INCONCLUSIVO,APRESENTACAO_NAO_EXPLICITA,,Completar fontes e vínculos,mercado/VTK022615.json,2026-09-05T15:16:37.457Z
VTK022804,"Kit 2 Vias Alto Falantes Pioneer Ts-c1730br 6-3/4"" 60w",Evolusom Comercial Ltda,207.9,12,FALSE,NAO_CONCLUSIVO,INCONCLUSIVOS,INCONCLUSIVO,IDENTIDADE_INCONCLUSIVA,INCONCLUSIVO,INCONCLUSIVO,SEM_EVIDENCIA_DE_DEMANDA,217,,,,,,8.279935224,estimated,FALSE,COMPOSICAO_KIT_NAO_COMPROVADA; INCONCLUSIVO,,,Completar fontes e vínculos,mercado/VTK022804.json,2026-09-05T15:16:37.457Z
VTK026050,Alicate Prensa Terminal Eletro Mxt Hy-033,Evolusom Comercial Ltda,20.6,12,FALSE,NAO_CONCLUSIVO,INCONCLUSIVOS,INCONCLUSIVO,IDENTIDADE_INCONCLUSIVA,INCONCLUSIVO,INCONCLUSIVO,SEM_EVIDENCIA_DE_DEMANDA,,,,,,,8.279935224,estimated,FALSE,EVIDENCIA_IDENTIDADE_INCOMPLETA; INCONCLUSIVO,APRESENTACAO_NAO_EXPLICITA,,Completar fontes e vínculos,,2026-09-05T15:16:37.457Z
VTK026143,Cabo P2 Stereo Para P10 Mono 10 Metros Storm,BKR 1 Comercio e Importação Ltda,10.13,12,FALSE,NAO_CONCLUSIVO,INCONCLUSIVOS,INCONCLUSIVO,IDENTIDADE_INCONCLUSIVA,INCONCLUSIVO,INCONCLUSIVO,SEM_EVIDENCIA_DE_DEMANDA,,,,,,,8.279935224,estimated,FALSE,EVIDENCIA_IDENTIDADE_INCOMPLETA; INCONCLUSIVO,APRESENTACAO_NAO_EXPLICITA,,Completar fontes e vínculos,,2026-09-05T15:16:37.457Z
VTK026145,Cola Branca Tenaz 1kg Pritt,BKR 1 Comercio e Importação Ltda,30.69,12,FALSE,NAO_CONCLUSIVO,INCONCLUSIVOS,INCONCLUSIVO,IDENTIDADE_INCONCLUSIVA,INCONCLUSIVO,INCONCLUSIVO,SEM_EVIDENCIA_DE_DEMANDA,45.03,,,,,,8.279935224,estimated,FALSE,EVIDENCIA_IDENTIDADE_INCOMPLETA; INCONCLUSIVO,APRESENTACAO_NAO_EXPLICITA,,Completar fontes e vínculos,mercado/VTK026145.json,2026-09-05T15:16:37.457Z
VTK026146,Cola Branca Líquida Lavável 500g Pritt,BKR 1 Comercio e Importação Ltda,17.9,12,FALSE,NAO_CONCLUSIVO,INCONCLUSIVOS,INCONCLUSIVO,IDENTIDADE_INCONCLUSIVA,INCONCLUSIVO,INCONCLUSIVO,SEM_EVIDENCIA_DE_DEMANDA,33.5,,,,,,8.279935224,estimated,FALSE,EVIDENCIA_IDENTIDADE_INCOMPLETA; INCONCLUSIVO,APRESENTACAO_NAO_EXPLICITA,,Completar fontes e vínculos,mercado/VTK026146.json,2026-09-05T15:16:37.457Z
VTK026148,Cola Branca Tenaz Lavável 225g Pritt,BKR 1 Comercio e Importação Ltda,13.74,12,FALSE,NAO_CONCLUSIVO,INCONCLUSIVOS,INCONCLUSIVO,IDENTIDADE_INCONCLUSIVA,INCONCLUSIVO,INCONCLUSIVO,SEM_EVIDENCIA_DE_DEMANDA,22.9,,,,,,8.279935224,estimated,FALSE,EVIDENCIA_IDENTIDADE_INCOMPLETA; INCONCLUSIVO,APRESENTACAO_NAO_EXPLICITA,,Completar fontes e vínculos,mercado/VTK026148.json,2026-09-05T15:16:37.457Z
VTK026150,Pilha Comum Aa Tubo 40 Unidades Taschibra,BKR 1 Comercio e Importação Ltda,32.4,12,FALSE,NAO_CONCLUSIVO,INCONCLUSIVOS,INCONCLUSIVO,IDENTIDADE_INCONCLUSIVA,INCONCLUSIVO,INCONCLUSIVO,SEM_EVIDENCIA_DE_DEMANDA,,,,,,,8.279935224,estimated,FALSE,EVIDENCIA_IDENTIDADE_INCOMPLETA; COMPOSICAO_KIT_NAO_COMPROVADA; INCONCLUSIVO,,,Completar fontes e vínculos,,2026-09-05T15:16:37.457Z
VTK026166,Conector Powercon Painel Branco 3 Polos 20a/250v Storm 5 Un,BKR 1 Comercio e Importação Ltda,15.31,12,FALSE,NAO_CONCLUSIVO,INCONCLUSIVOS,INCONCLUSIVO,IDENTIDADE_INCONCLUSIVA,INCONCLUSIVO,INCONCLUSIVO,SEM_EVIDENCIA_DE_DEMANDA,,,,,,,8.279935224,estimated,FALSE,EVIDENCIA_IDENTIDADE_INCOMPLETA; COMPOSICAO_KIT_NAO_COMPROVADA; INCONCLUSIVO,,,Completar fontes e vínculos,,2026-09-05T15:16:37.457Z
VTK026200,Conector Xlr Femea 90 Graus Preto Storm 05 Unidades,BKR 1 Comercio e Importação Ltda,95.53,12,FALSE,NAO_CONCLUSIVO,INCONCLUSIVOS,INCONCLUSIVO,IDENTIDADE_INCONCLUSIVA,INCONCLUSIVO,INCONCLUSIVO,SEM_EVIDENCIA_DE_DEMANDA,,,,,,,8.279935224,estimated,FALSE,EVIDENCIA_IDENTIDADE_INCOMPLETA; COMPOSICAO_KIT_NAO_COMPROVADA; INCONCLUSIVO,,,Completar fontes e vínculos,,2026-09-05T15:16:37.457Z
VTK026201,Conector Powercon Painel Azul 3 Polos 20a 250v Storm 5 Un,BKR 1 Comercio e Importação Ltda,15.31,12,FALSE,NAO_CONCLUSIVO,INCONCLUSIVOS,INCONCLUSIVO,IDENTIDADE_INCONCLUSIVA,INCONCLUSIVO,INCONCLUSIVO,SEM_EVIDENCIA_DE_DEMANDA,,,,,,,8.279935224,estimated,FALSE,EVIDENCIA_IDENTIDADE_INCOMPLETA; COMPOSICAO_KIT_NAO_COMPROVADA; INCONCLUSIVO,,,Completar fontes e vínculos,,2026-09-05T15:16:37.457Z
VTK026202,Conector Xlr Macho 90 Graus Storm 5 Unidades,BKR 1 Comercio e Importação Ltda,95.53,12,FALSE,NAO_CONCLUSIVO,INCONCLUSIVOS,INCONCLUSIVO,IDENTIDADE_INCONCLUSIVA,INCONCLUSIVO,INCONCLUSIVO,SEM_EVIDENCIA_DE_DEMANDA,,,,,,,8.279935224,estimated,FALSE,EVIDENCIA_IDENTIDADE_INCOMPLETA; COMPOSICAO_KIT_NAO_COMPROVADA; INCONCLUSIVO,,,Completar fontes e vínculos,,2026-09-05T15:16:37.457Z
VTK026204,Suporte Mesa Articulado 01 Monitor 17/32 Ajuste Pistao Gas,BKR 1 Comercio e Importação Ltda,91.35,12,FALSE,NAO_CONCLUSIVO,INCONCLUSIVOS,INCONCLUSIVO,IDENTIDADE_INCONCLUSIVA,INCONCLUSIVO,INCONCLUSIVO,SEM_EVIDENCIA_DE_DEMANDA,125,,,,,,8.279935224,estimated,FALSE,EQUIVALENCIA_MARCA_NAO_COMPROVADA; EVIDENCIA_IDENTIDADE_INCOMPLETA; INCONCLUSIVO,APRESENTACAO_NAO_EXPLICITA,,Completar fontes e vínculos,mercado/VTK026204.json,2026-09-05T15:16:37.457Z
VTK001643,Conector F para Cabo RGC06 com Anel Crimpar Genérico - CEM / 100,BKR 1 Comercio e Importação Ltda,29.56,11,FALSE,NAO_CONCLUSIVO,INCONCLUSIVOS,INCONCLUSIVO,IDENTIDADE_INCONCLUSIVA,INCONCLUSIVO,INCONCLUSIVO,SEM_EVIDENCIA_DE_DEMANDA,,,,,,,8.279935224,estimated,FALSE,EVIDENCIA_IDENTIDADE_INCOMPLETA; COMPOSICAO_KIT_NAO_COMPROVADA; INCONCLUSIVO,,,Completar fontes e vínculos,mercado/VTK001643.json,2026-09-05T15:16:37.457Z
VTK002054,Cabo de Dados USB 2.0 A Macho x USB 2.0 B Macho 10m Preto Storm,Evolusom Comercial Ltda,17.9,11,FALSE,NAO_CONCLUSIVO,INCONCLUSIVOS,INCONCLUSIVO,IDENTIDADE_INCONCLUSIVA,INCONCLUSIVO,INCONCLUSIVO,SEM_EVIDENCIA_DE_DEMANDA,,,,,,,8.279935224,estimated,FALSE,EQUIVALENCIA_MARCA_NAO_COMPROVADA; EVIDENCIA_IDENTIDADE_INCOMPLETA; INCONCLUSIVO,APRESENTACAO_NAO_EXPLICITA,,Completar fontes e vínculos,mercado/VTK002054.json,2026-09-05T15:16:37.457Z
VTK017802,Tapete Universal Multi Aplicação Amapá Tapetes,Evolusom Comercial Ltda,74.9,11,FALSE,NAO_CONCLUSIVO,INCONCLUSIVOS,INCONCLUSIVO,IDENTIDADE_INCONCLUSIVA,INCONCLUSIVO,INCONCLUSIVO,SEM_EVIDENCIA_DE_DEMANDA,,,,,,,8.279935224,estimated,FALSE,EVIDENCIA_IDENTIDADE_INCOMPLETA; INCONCLUSIVO,APRESENTACAO_NAO_EXPLICITA,,Completar fontes e vínculos,,2026-09-05T15:16:37.457Z
VTK017874,Suporte Antena Cromo 207-a,Evolusom Comercial Ltda,12.49,11,FALSE,NAO_CONCLUSIVO,INCONCLUSIVOS,INCONCLUSIVO,IDENTIDADE_INCONCLUSIVA,INCONCLUSIVO,INCONCLUSIVO,SEM_EVIDENCIA_DE_DEMANDA,,,,,,,8.279935224,estimated,FALSE,EVIDENCIA_IDENTIDADE_INCOMPLETA; INCONCLUSIVO,APRESENTACAO_NAO_EXPLICITA,,Completar fontes e vínculos,,2026-09-05T15:16:37.457Z
VTK018033,"Ssd Ntc 120gb 2.5"" Sata Iii",Evolusom Comercial Ltda,215.9,11,FALSE,NAO_CONCLUSIVO,INCONCLUSIVOS,INCONCLUSIVO,IDENTIDADE_INCONCLUSIVA,INCONCLUSIVO,INCONCLUSIVO,SEM_EVIDENCIA_DE_DEMANDA,182,,,,,,8.279935224,estimated,FALSE,EVIDENCIA_IDENTIDADE_INCOMPLETA; INCONCLUSIVO,APRESENTACAO_NAO_EXPLICITA,,Completar fontes e vínculos,mercado/VTK018033.json,2026-09-05T15:16:37.457Z
VTK018047,Cabo De áudio óptico Toslink Nwt 4mm - 5m,Evolusom Comercial Ltda,14.5,11,FALSE,NAO_CONCLUSIVO,INCONCLUSIVOS,INCONCLUSIVO,IDENTIDADE_INCONCLUSIVA,INCONCLUSIVO,INCONCLUSIVO,SEM_EVIDENCIA_DE_DEMANDA,,,,,,,8.279935224,estimated,FALSE,EVIDENCIA_IDENTIDADE_INCOMPLETA; INCONCLUSIVO,APRESENTACAO_NAO_EXPLICITA,,Completar fontes e vínculos,,2026-09-05T15:16:37.457Z
VTK018055,Calota Grid Aro 13p 071cb-pta Fiat Modelo Uno Fire Economy 2008/ 10 Cubo Baixo - PC / 4,Evolusom Comercial Ltda,43.4,11,FALSE,NAO_CONCLUSIVO,INCONCLUSIVOS,INCONCLUSIVO,IDENTIDADE_INCONCLUSIVA,INCONCLUSIVO,INCONCLUSIVO,SEM_EVIDENCIA_DE_DEMANDA,,,,,,,8.279935224,estimated,FALSE,EVIDENCIA_IDENTIDADE_INCOMPLETA; INCONCLUSIVO,APRESENTACAO_NAO_EXPLICITA,,Completar fontes e vínculos,,2026-09-05T15:16:37.457Z
VTK018094,Cabo De Potencia Technoise 100% Cobre Vermelho 9 Mm Rolo 50 Metros,Evolusom Comercial Ltda,499.9,11,FALSE,NAO_CONCLUSIVO,INCONCLUSIVOS,INCONCLUSIVO,IDENTIDADE_INCONCLUSIVA,INCONCLUSIVO,INCONCLUSIVO,SEM_EVIDENCIA_DE_DEMANDA,492.16,,,,,,8.279935224,estimated,FALSE,EVIDENCIA_IDENTIDADE_INCOMPLETA; INCONCLUSIVO,APRESENTACAO_NAO_EXPLICITA,,Completar fontes e vínculos,mercado/VTK018094.json,2026-09-05T15:16:37.457Z
VTK018113,Antena Aquário Px Viúva Negra 11 Metros Com Base Pu E Bobina Central,Evolusom Comercial Ltda,164.9,11,FALSE,NAO_CONCLUSIVO,INCONCLUSIVOS,INCONCLUSIVO,IDENTIDADE_INCONCLUSIVA,INCONCLUSIVO,INCONCLUSIVO,SEM_EVIDENCIA_DE_DEMANDA,,,,,,,8.279935224,estimated,FALSE,EVIDENCIA_IDENTIDADE_INCOMPLETA; INCONCLUSIVO,APRESENTACAO_NAO_EXPLICITA,,Completar fontes e vínculos,,2026-09-05T15:16:37.457Z
VTK018152,Antena Olimpus New Flex Fiat Strada/ Mobi 2021,Evolusom Comercial Ltda,204.9,11,FALSE,NAO_CONCLUSIVO,INCONCLUSIVOS,INCONCLUSIVO,IDENTIDADE_INCONCLUSIVA,INCONCLUSIVO,INCONCLUSIVO,SEM_EVIDENCIA_DE_DEMANDA,,,,,,,8.279935224,estimated,FALSE,EVIDENCIA_IDENTIDADE_INCOMPLETA; INCONCLUSIVO,APRESENTACAO_NAO_EXPLICITA,,Completar fontes e vínculos,,2026-09-05T15:16:37.457Z
VTK018187,Calota Grid Aro 14p 010ca-pta Volkswaggen Modelo Gol Power G5 2009/ 10 Cubo Alto - PC / 4,Evolusom Comercial Ltda,47.8,11,FALSE,NAO_CONCLUSIVO,INCONCLUSIVOS,INCONCLUSIVO,IDENTIDADE_INCONCLUSIVA,INCONCLUSIVO,INCONCLUSIVO,SEM_EVIDENCIA_DE_DEMANDA,,,,,,,8.279935224,estimated,FALSE,EVIDENCIA_IDENTIDADE_INCOMPLETA; INCONCLUSIVO,APRESENTACAO_NAO_EXPLICITA,,Completar fontes e vínculos,,2026-09-05T15:16:37.457Z
VTK018191,Lampada Super Led 3d Shocklight H11/ H9 12/24v 50w 6000k 4500lm Sll-20011,Evolusom Comercial Ltda,84.9,11,FALSE,NAO_CONCLUSIVO,INCONCLUSIVOS,INCONCLUSIVO,IDENTIDADE_INCONCLUSIVA,INCONCLUSIVO,INCONCLUSIVO,SEM_EVIDENCIA_DE_DEMANDA,,,,,,,8.279935224,estimated,FALSE,EVIDENCIA_IDENTIDADE_INCOMPLETA; INCONCLUSIVO,APRESENTACAO_NAO_EXPLICITA,,Completar fontes e vínculos,,2026-09-05T15:16:37.457Z
VTK018203,Descanso De Pés Multilaser Ac279,Evolusom Comercial Ltda,71.5,11,FALSE,NAO_CONCLUSIVO,INCONCLUSIVOS,INCONCLUSIVO,IDENTIDADE_COHERENTE,INCONCLUSIVO,INCONCLUSIVO,SEM_EVIDENCIA_DE_DEMANDA,107.4,,,,,,8.279935224,estimated,FALSE,INCONCLUSIVO,APRESENTACAO_NAO_EXPLICITA,,Completar fontes e vínculos,mercado/VTK018203.json,2026-09-05T15:16:37.457Z
VTK018223,"Alto-falante Woofer 15"" Jbl 15px 8r 200w Rms",Evolusom Comercial Ltda,339.9,11,FALSE,NAO_CONCLUSIVO,INCONCLUSIVOS,INCONCLUSIVO,IDENTIDADE_INCONCLUSIVA,INCONCLUSIVO,INCONCLUSIVO,SEM_EVIDENCIA_DE_DEMANDA,,,,,,,8.279935224,estimated,FALSE,EVIDENCIA_IDENTIDADE_INCOMPLETA; INCONCLUSIVO,APRESENTACAO_NAO_EXPLICITA,,Completar fontes e vínculos,,2026-09-05T15:16:37.457Z
VTK018227,Kit Adaptador Aquário Cf-195 Para Samsumg Slim Tdma Motorola,Evolusom Comercial Ltda,22.5,11,FALSE,NAO_CONCLUSIVO,INCONCLUSIVOS,INCONCLUSIVO,IDENTIDADE_INCONCLUSIVA,INCONCLUSIVO,INCONCLUSIVO,SEM_EVIDENCIA_DE_DEMANDA,39.9,,,,,,8.279935224,estimated,FALSE,COMPOSICAO_KIT_NAO_COMPROVADA; INCONCLUSIVO,,,Completar fontes e vínculos,mercado/VTK018227.json,2026-09-05T15:16:37.457Z
VTK018240,Calota Aro 14p 111ca-pof Mod Strada 2013/ 14 Ca - PC / 4,Evolusom Comercial Ltda,74.4,11,FALSE,NAO_CONCLUSIVO,INCONCLUSIVOS,INCONCLUSIVO,IDENTIDADE_INCONCLUSIVA,INCONCLUSIVO,INCONCLUSIVO,SEM_EVIDENCIA_DE_DEMANDA,,,,,,,8.279935224,estimated,FALSE,EVIDENCIA_IDENTIDADE_INCOMPLETA; INCONCLUSIVO,APRESENTACAO_NAO_EXPLICITA,,Completar fontes e vínculos,,2026-09-05T15:16:37.457Z
VTK018244,Roteador Wi-fi Mercusys Halo H30g (3 Pack) Ac1300,Evolusom Comercial Ltda,636.9,11,FALSE,NAO_CONCLUSIVO,INCONCLUSIVOS,INCONCLUSIVO,IDENTIDADE_INCONCLUSIVA,INCONCLUSIVO,INCONCLUSIVO,SEM_EVIDENCIA_DE_DEMANDA,,,,,,,8.279935224,estimated,FALSE,EVIDENCIA_IDENTIDADE_INCOMPLETA; COMPOSICAO_KIT_NAO_COMPROVADA; INCONCLUSIVO,,,Completar fontes e vínculos,,2026-09-05T15:16:37.457Z
VTK018252,Serra De Copo Bimetal Western 7 Peças,Evolusom Comercial Ltda,74.6,11,FALSE,NAO_CONCLUSIVO,INCONCLUSIVOS,INCONCLUSIVO,IDENTIDADE_INCONCLUSIVA,INCONCLUSIVO,INCONCLUSIVO,SEM_EVIDENCIA_DE_DEMANDA,113.16,,,,,,8.279935224,estimated,FALSE,EVIDENCIA_IDENTIDADE_INCOMPLETA; INCONCLUSIVO,,,Completar fontes e vínculos,mercado/VTK018252.json,2026-09-05T15:16:37.457Z
VTK018337,Terminal De Fio Permak Encaixe Fêmea,Evolusom Comercial Ltda,22.2,11,FALSE,NAO_CONCLUSIVO,INCONCLUSIVOS,INCONCLUSIVO,IDENTIDADE_INCONCLUSIVA,INCONCLUSIVO,INCONCLUSIVO,SEM_EVIDENCIA_DE_DEMANDA,,,,,,,8.279935224,estimated,FALSE,EVIDENCIA_IDENTIDADE_INCOMPLETA; INCONCLUSIVO,APRESENTACAO_NAO_EXPLICITA,,Completar fontes e vínculos,mercado/VTK018337.json,2026-09-05T15:16:37.457Z
VTK026223,Plug Spk 4 Polos Azul 05 Unidades Storm,BKR 1 Comercio e Importação Ltda,28.48,11,FALSE,NAO_CONCLUSIVO,INCONCLUSIVOS,INCONCLUSIVO,IDENTIDADE_INCONCLUSIVA,INCONCLUSIVO,INCONCLUSIVO,SEM_EVIDENCIA_DE_DEMANDA,,,,,,,8.279935224,estimated,FALSE,EVIDENCIA_IDENTIDADE_INCOMPLETA; COMPOSICAO_KIT_NAO_COMPROVADA; INCONCLUSIVO,,,Completar fontes e vínculos,,2026-09-05T15:16:37.457Z
VTK001534,Violão Yamaha C40MII Acústico Nylon Natural,Vanral Comercial Ltda,687.14,10,FALSE,NAO_CONCLUSIVO,INCONCLUSIVOS,INCONCLUSIVO,IDENTIDADE_COHERENTE,INCONCLUSIVO,INCONCLUSIVO,SEM_EVIDENCIA_DE_DEMANDA,864,,,,,,8.279935224,estimated,FALSE,INCONCLUSIVO,APRESENTACAO_NAO_EXPLICITA,,Completar fontes e vínculos,mercado/VTK001534.json,2026-09-05T15:16:37.457Z
VTK001834,Jack J4 com KRE JCPQ0001 Genérico - DEZ / 10,BKR 1 Comercio e Importação Ltda,8.43,10,FALSE,NAO_CONCLUSIVO,INCONCLUSIVOS,INCONCLUSIVO,IDENTIDADE_INCONCLUSIVA,INCONCLUSIVO,INCONCLUSIVO,SEM_EVIDENCIA_DE_DEMANDA,,,,,,,8.279935224,estimated,FALSE,EVIDENCIA_IDENTIDADE_INCOMPLETA; COMPOSICAO_KIT_NAO_COMPROVADA; INCONCLUSIVO,,,Completar fontes e vínculos,,2026-09-05T15:16:37.457Z
VTK004880,Multicabo 08 Vias 24AWG RL/100 Santo Angelo - RL / 100,Evolusom Comercial Ltda,229,10,FALSE,NAO_CONCLUSIVO,INCONCLUSIVOS,INCONCLUSIVO,IDENTIDADE_INCONCLUSIVA,INCONCLUSIVO,INCONCLUSIVO,SEM_EVIDENCIA_DE_DEMANDA,373.9,,,,,,8.279935224,estimated,FALSE,EVIDENCIA_IDENTIDADE_INCOMPLETA; INCONCLUSIVO,APRESENTACAO_NAO_EXPLICITA,,Completar fontes e vínculos,mercado/VTK004880.json,2026-09-05T15:16:37.457Z
VTK005843,Mangueira Látex 25 Metros KM230CA Azul Kepper,Evolusom Comercial Ltda,82.9,10,FALSE,NAO_CONCLUSIVO,INCONCLUSIVOS,INCONCLUSIVO,IDENTIDADE_INCONCLUSIVA,INCONCLUSIVO,INCONCLUSIVO,SEM_EVIDENCIA_DE_DEMANDA,,,,,,,8.279935224,estimated,FALSE,EVIDENCIA_IDENTIDADE_INCOMPLETA; INCONCLUSIVO,APRESENTACAO_NAO_EXPLICITA,,Completar fontes e vínculos,,2026-09-05T15:16:37.457Z
VTK005895,Mangueira Poliéster 22 Metros KM315CLP Preta/Laranja Kepper,Evolusom Comercial Ltda,136.9,10,FALSE,NAO_CONCLUSIVO,INCONCLUSIVOS,INCONCLUSIVO,IDENTIDADE_INCONCLUSIVA,INCONCLUSIVO,INCONCLUSIVO,SEM_EVIDENCIA_DE_DEMANDA,,,,,,,8.279935224,estimated,FALSE,EVIDENCIA_IDENTIDADE_INCOMPLETA; INCONCLUSIVO,APRESENTACAO_NAO_EXPLICITA,,Completar fontes e vínculos,mercado/VTK005895.json,2026-09-05T15:16:37.457Z
VTK005973,Microfone Com Fio Storm MUD-515 Prata,Evolusom Comercial Ltda,39.9,10,FALSE,NAO_CONCLUSIVO,INCONCLUSIVOS,INCONCLUSIVO,IDENTIDADE_INCONCLUSIVA,INCONCLUSIVO,INCONCLUSIVO,SEM_EVIDENCIA_DE_DEMANDA,73.62,,,,,,8.279935224,estimated,FALSE,EQUIVALENCIA_MARCA_NAO_COMPROVADA; EVIDENCIA_IDENTIDADE_INCOMPLETA; INCONCLUSIVO,APRESENTACAO_NAO_EXPLICITA,Microfone prata no fornecedor e champanhe no catálogo; variante não confirmada.,Completar fontes e vínculos,mercado/VTK005973.json,2026-09-05T15:16:37.457Z
VTK012336,"Palheta Bori Grl At-r16132 Drip Gota 1,50 Mm (azul) R21017 10un",BKR 1 Comercio e Importação Ltda,10,10,FALSE,NAO_CONCLUSIVO,INCONCLUSIVOS,INCONCLUSIVO,IDENTIDADE_INCONCLUSIVA,INCONCLUSIVO,INCONCLUSIVO,SEM_EVIDENCIA_DE_DEMANDA,,,,,,,8.279935224,estimated,FALSE,EVIDENCIA_IDENTIDADE_INCOMPLETA; COMPOSICAO_KIT_NAO_COMPROVADA; INCONCLUSIVO,,,Completar fontes e vínculos,,2026-09-05T15:16:37.457Z
VTK012470,"Palheta Bori Grl At-r16114 Azul Crystal 0,82 Mm R21007 10un",BKR 1 Comercio e Importação Ltda,8,10,FALSE,NAO_CONCLUSIVO,INCONCLUSIVOS,INCONCLUSIVO,IDENTIDADE_INCONCLUSIVA,INCONCLUSIVO,INCONCLUSIVO,SEM_EVIDENCIA_DE_DEMANDA,,,,,,,8.279935224,estimated,FALSE,EVIDENCIA_IDENTIDADE_INCOMPLETA; COMPOSICAO_KIT_NAO_COMPROVADA; INCONCLUSIVO,,,Completar fontes e vínculos,,2026-09-05T15:16:37.457Z
VTK012474,Painel Ac Nbr 10a 7 Metros Pac 410-7 Wireconex,BKR 1 Comercio e Importação Ltda,211.96,10,FALSE,NAO_CONCLUSIVO,INCONCLUSIVOS,INCONCLUSIVO,IDENTIDADE_INCONCLUSIVA,INCONCLUSIVO,INCONCLUSIVO,SEM_EVIDENCIA_DE_DEMANDA,,,,,,,8.279935224,estimated,FALSE,EVIDENCIA_IDENTIDADE_INCOMPLETA; INCONCLUSIVO,APRESENTACAO_NAO_EXPLICITA,,Completar fontes e vínculos,,2026-09-05T15:16:37.457Z
VTK012482,Chave Anti Vandalismo De Pulso Preta 220v/3a Com Led Azul 12v Storm,BKR 1 Comercio e Importação Ltda,24.01,10,FALSE,NAO_CONCLUSIVO,INCONCLUSIVOS,INCONCLUSIVO,IDENTIDADE_INCONCLUSIVA,INCONCLUSIVO,INCONCLUSIVO,SEM_EVIDENCIA_DE_DEMANDA,41.91,,,,,,8.279935224,estimated,FALSE,EVIDENCIA_IDENTIDADE_INCOMPLETA; INCONCLUSIVO,APRESENTACAO_NAO_EXPLICITA,,Completar fontes e vínculos,mercado/VTK012482.json,2026-09-05T15:16:37.457Z
VTK017410,Canaleta Industrial Fechada Enerbras 5050-eb 50x50x2000mm Branca,Evolusom Comercial Ltda,244.36,10,FALSE,NAO_CONCLUSIVO,INCONCLUSIVOS,INCONCLUSIVO,IDENTIDADE_INCONCLUSIVA,INCONCLUSIVO,INCONCLUSIVO,SEM_EVIDENCIA_DE_DEMANDA,,,,,,,8.279935224,estimated,FALSE,EVIDENCIA_IDENTIDADE_INCOMPLETA; INCONCLUSIVO,APRESENTACAO_NAO_EXPLICITA,,Completar fontes e vínculos,,2026-09-05T15:16:37.457Z
VTK017490,Fita De Tecido Nylon Technoise Com Cola 19mm - 20 Metros,Evolusom Comercial Ltda,18.4,10,FALSE,NAO_CONCLUSIVO,INCONCLUSIVOS,INCONCLUSIVO,IDENTIDADE_COHERENTE,INCONCLUSIVO,INCONCLUSIVO,SEM_EVIDENCIA_DE_DEMANDA,28.1,,,,,,8.279935224,estimated,FALSE,INCONCLUSIVO,APRESENTACAO_NAO_EXPLICITA,,Completar fontes e vínculos,mercado/VTK017490.json,2026-09-05T15:16:37.457Z
VTK017849,Controlador Inteligente Wi-fi Elsys - Epgg21,Evolusom Comercial Ltda,41.9,10,FALSE,NAO_CONCLUSIVO,INCONCLUSIVOS,INCONCLUSIVO,IDENTIDADE_COHERENTE,INCONCLUSIVO,INCONCLUSIVO,SEM_EVIDENCIA_DE_DEMANDA,49.9,,,,,,8.279935224,estimated,FALSE,INCONCLUSIVO,APRESENTACAO_NAO_EXPLICITA,,Completar fontes e vínculos,mercado/VTK017849.json,2026-09-05T15:16:37.457Z
VTK017875,Controle Remoto Aquário Para Dtv-9000,Evolusom Comercial Ltda,11.9,10,FALSE,NAO_CONCLUSIVO,INCONCLUSIVOS,INCONCLUSIVO,IDENTIDADE_INCONCLUSIVA,INCONCLUSIVO,INCONCLUSIVO,SEM_EVIDENCIA_DE_DEMANDA,,,,,,,8.279935224,estimated,FALSE,EVIDENCIA_IDENTIDADE_INCOMPLETA; INCONCLUSIVO,APRESENTACAO_NAO_EXPLICITA,,Completar fontes e vínculos,,2026-09-05T15:16:37.457Z
VTK017974,Controle Remoto Mxt 01392 Ar Condicionado Samsung Crystal Smart Virus Doctor,Evolusom Comercial Ltda,16.95,10,FALSE,NAO_CONCLUSIVO,INCONCLUSIVOS,INCONCLUSIVO,IDENTIDADE_INCONCLUSIVA,INCONCLUSIVO,INCONCLUSIVO,SEM_EVIDENCIA_DE_DEMANDA,29,,,,,,8.279935224,estimated,FALSE,EVIDENCIA_IDENTIDADE_INCOMPLETA; INCONCLUSIVO,APRESENTACAO_NAO_EXPLICITA,,Completar fontes e vínculos,mercado/VTK017974.json,2026-09-05T15:16:37.457Z
VTK017981,Combo Teclado E Mouse Logitech Mk200 Usb Preto,Evolusom Comercial Ltda,114.9,10,FALSE,NAO_CONCLUSIVO,INCONCLUSIVOS,INCONCLUSIVO,IDENTIDADE_INCONCLUSIVA,INCONCLUSIVO,INCONCLUSIVO,SEM_EVIDENCIA_DE_DEMANDA,,,,,,,8.279935224,estimated,FALSE,EVIDENCIA_IDENTIDADE_INCOMPLETA; INCONCLUSIVO,APRESENTACAO_NAO_EXPLICITA,,Completar fontes e vínculos,,2026-09-05T15:16:37.457Z
VTK018026,Acessório Cabo De Antena Vw/ Audi/ Peugeot,Evolusom Comercial Ltda,25.9,10,FALSE,NAO_CONCLUSIVO,INCONCLUSIVOS,INCONCLUSIVO,IDENTIDADE_INCONCLUSIVA,INCONCLUSIVO,INCONCLUSIVO,SEM_EVIDENCIA_DE_DEMANDA,53.71,,,,,,8.279935224,estimated,FALSE,EVIDENCIA_IDENTIDADE_INCOMPLETA; INCONCLUSIVO,APRESENTACAO_NAO_EXPLICITA,Descrição do fornecedor não comprova modelo 80B12 e conector Fakra do catálogo.,Completar fontes e vínculos,mercado/VTK018026.json,2026-09-05T15:16:37.457Z
VTK018082,Calota Grid Aro 15p 297 Cp-pta-u Fiat Argo 2023 - PC / 4,Evolusom Comercial Ltda,66.6,10,FALSE,NAO_CONCLUSIVO,INCONCLUSIVOS,INCONCLUSIVO,IDENTIDADE_INCONCLUSIVA,INCONCLUSIVO,INCONCLUSIVO,SEM_EVIDENCIA_DE_DEMANDA,,,,,,,8.279935224,estimated,FALSE,EVIDENCIA_IDENTIDADE_INCOMPLETA; INCONCLUSIVO,APRESENTACAO_NAO_EXPLICITA,,Completar fontes e vínculos,,2026-09-05T15:16:37.457Z
VTK018121,Cabo Pp Circular Technoise Automotivo 5x1.00mm Rolo Com 25m,Evolusom Comercial Ltda,201.9,10,FALSE,NAO_CONCLUSIVO,INCONCLUSIVOS,INCONCLUSIVO,IDENTIDADE_INCONCLUSIVA,INCONCLUSIVO,INCONCLUSIVO,SEM_EVIDENCIA_DE_DEMANDA,,,,,,,8.279935224,estimated,FALSE,EVIDENCIA_IDENTIDADE_INCOMPLETA; INCONCLUSIVO,APRESENTACAO_NAO_EXPLICITA,,Completar fontes e vínculos,,2026-09-05T15:16:37.457Z
VTK018138,Ssd Kingston 480gb Sata3 Sa400s37/480g,Evolusom Comercial Ltda,660.9,10,FALSE,NAO_CONCLUSIVO,INCONCLUSIVOS,INCONCLUSIVO,IDENTIDADE_INCONCLUSIVA,INCONCLUSIVO,INCONCLUSIVO,SEM_EVIDENCIA_DE_DEMANDA,,,,,,,8.279935224,estimated,FALSE,EVIDENCIA_IDENTIDADE_INCOMPLETA; INCONCLUSIVO,APRESENTACAO_NAO_EXPLICITA,,Completar fontes e vínculos,,2026-09-05T15:16:37.457Z
VTK018160,Controle Remoto Vivensis Senior,Evolusom Comercial Ltda,18.5,10,FALSE,NAO_CONCLUSIVO,INCONCLUSIVOS,INCONCLUSIVO,IDENTIDADE_INCONCLUSIVA,INCONCLUSIVO,INCONCLUSIVO,SEM_EVIDENCIA_DE_DEMANDA,17.89,,,,,,8.279935224,estimated,FALSE,EVIDENCIA_IDENTIDADE_INCOMPLETA; INCONCLUSIVO,APRESENTACAO_NAO_EXPLICITA,,Completar fontes e vínculos,mercado/VTK018160.json,2026-09-05T15:16:37.457Z
VTK018208,Conec Cd Hyundai Creta,Evolusom Comercial Ltda,18.9,10,FALSE,NAO_CONCLUSIVO,INCONCLUSIVOS,INCONCLUSIVO,IDENTIDADE_INCONCLUSIVA,INCONCLUSIVO,INCONCLUSIVO,SEM_EVIDENCIA_DE_DEMANDA,,,,,,,8.279935224,estimated,FALSE,EVIDENCIA_IDENTIDADE_INCOMPLETA; INCONCLUSIVO,APRESENTACAO_NAO_EXPLICITA,,Completar fontes e vínculos,,2026-09-05T15:16:37.457Z
VTK018214,"Arandela Frahm Hs 8"" Som De Embutir 150w Quadrada Com 3 Vias E Crossover",Evolusom Comercial Ltda,599.9,10,FALSE,NAO_CONCLUSIVO,INCONCLUSIVOS,INCONCLUSIVO,IDENTIDADE_COHERENTE,INCONCLUSIVO,INCONCLUSIVO,SEM_EVIDENCIA_DE_DEMANDA,541.06,,,,,,8.279935224,estimated,FALSE,INCONCLUSIVO,APRESENTACAO_NAO_EXPLICITA,,Completar fontes e vínculos,mercado/VTK018214.json,2026-09-05T15:16:37.457Z
VTK018215,Jogo De Bits Ponta Dupla Western Para Furadeira E Parafusadeira 10 Peças 65mm,Evolusom Comercial Ltda,18.9,10,FALSE,NAO_CONCLUSIVO,INCONCLUSIVOS,INCONCLUSIVO,IDENTIDADE_INCONCLUSIVA,INCONCLUSIVO,INCONCLUSIVO,SEM_EVIDENCIA_DE_DEMANDA,24.11,,,,,,8.279935224,estimated,FALSE,COMPOSICAO_KIT_NAO_COMPROVADA; INCONCLUSIVO,,,Completar fontes e vínculos,mercado/VTK018215.json,2026-09-05T15:16:37.457Z
VTK018221,Pino Adaptador Daneva Dn1556 Pote Com 24 Pinos Cores Sortidas,Evolusom Comercial Ltda,61.6,10,FALSE,NAO_CONCLUSIVO,INCONCLUSIVOS,INCONCLUSIVO,IDENTIDADE_INCONCLUSIVA,INCONCLUSIVO,INCONCLUSIVO,SEM_EVIDENCIA_DE_DEMANDA,,,,,,,8.279935224,estimated,FALSE,EVIDENCIA_IDENTIDADE_INCOMPLETA; INCONCLUSIVO,APRESENTACAO_NAO_EXPLICITA,,Completar fontes e vínculos,,2026-09-05T15:16:37.457Z
VTK018253,Mousepad Gamer Viper Pro Naja Rgb,Evolusom Comercial Ltda,62.5,10,FALSE,NAO_CONCLUSIVO,INCONCLUSIVOS,INCONCLUSIVO,IDENTIDADE_COHERENTE,INCONCLUSIVO,INCONCLUSIVO,SEM_EVIDENCIA_DE_DEMANDA,49,,,,,,8.279935224,estimated,FALSE,INCONCLUSIVO,APRESENTACAO_NAO_EXPLICITA,,Completar fontes e vínculos,mercado/VTK018253.json,2026-09-05T15:16:37.457Z
VTK018266,Trava Elétrica Positron Tr-pró Novo Fox 4 Portas,Evolusom Comercial Ltda,98.99,10,FALSE,NAO_CONCLUSIVO,INCONCLUSIVOS,INCONCLUSIVO,IDENTIDADE_INCONCLUSIVA,INCONCLUSIVO,INCONCLUSIVO,SEM_EVIDENCIA_DE_DEMANDA,,,,,,,8.279935224,estimated,FALSE,EVIDENCIA_IDENTIDADE_INCOMPLETA; INCONCLUSIVO,APRESENTACAO_NAO_EXPLICITA,,Completar fontes e vínculos,,2026-09-05T15:16:37.457Z
VTK018267,Grampo Permak Para Porta Do Vw Antigo 237/i,Evolusom Comercial Ltda,24.9,10,FALSE,NAO_CONCLUSIVO,INCONCLUSIVOS,INCONCLUSIVO,IDENTIDADE_COHERENTE,INCONCLUSIVO,INCONCLUSIVO,SEM_EVIDENCIA_DE_DEMANDA,,,,,,,8.279935224,estimated,FALSE,INCONCLUSIVO,APRESENTACAO_NAO_EXPLICITA,,Completar fontes e vínculos,mercado/VTK018267.json,2026-09-05T15:16:37.457Z
VTK018268,Cabo De Guitarra Sparflex Nitro 100 Plug Noiseless 7 Metros Preto,Evolusom Comercial Ltda,143.4,10,FALSE,NAO_CONCLUSIVO,INCONCLUSIVOS,INCONCLUSIVO,IDENTIDADE_INCONCLUSIVA,INCONCLUSIVO,INCONCLUSIVO,SEM_EVIDENCIA_DE_DEMANDA,,,,,,,8.279935224,estimated,FALSE,EVIDENCIA_IDENTIDADE_INCOMPLETA; INCONCLUSIVO,APRESENTACAO_NAO_EXPLICITA,,Completar fontes e vínculos,,2026-09-05T15:16:37.457Z
VTK018270,"Suporte De Teto Multivisão Sky31 Para Tv De 19 A 56""",Evolusom Comercial Ltda,141.3,10,FALSE,NAO_CONCLUSIVO,INCONCLUSIVOS,INCONCLUSIVO,IDENTIDADE_COHERENTE,INCONCLUSIVO,INCONCLUSIVO,SEM_EVIDENCIA_DE_DEMANDA,185,,,,,,8.279935224,estimated,FALSE,INCONCLUSIVO,APRESENTACAO_NAO_EXPLICITA,,Completar fontes e vínculos,mercado/VTK018270.json,2026-09-05T15:16:37.457Z
VTK018272,Cabo De Microfone Santo Angelo Sc-20 Balanceado Vermelho 100 Metros,Evolusom Comercial Ltda,439.9,10,FALSE,NAO_CONCLUSIVO,INCONCLUSIVOS,INCONCLUSIVO,IDENTIDADE_INCONCLUSIVA,INCONCLUSIVO,INCONCLUSIVO,SEM_EVIDENCIA_DE_DEMANDA,,,,,,,8.279935224,estimated,FALSE,EVIDENCIA_IDENTIDADE_INCOMPLETA; INCONCLUSIVO,APRESENTACAO_NAO_EXPLICITA,,Completar fontes e vínculos,,2026-09-05T15:16:37.457Z
VTK018273,Cabo Santo Angelo Rca Y Paredão 2 Machos / 1 Fêmea 40 Cm Vermelho Cristal,Evolusom Comercial Ltda,72.9,10,FALSE,NAO_CONCLUSIVO,INCONCLUSIVOS,INCONCLUSIVO,IDENTIDADE_INCONCLUSIVA,INCONCLUSIVO,INCONCLUSIVO,SEM_EVIDENCIA_DE_DEMANDA,,,,,,,8.279935224,estimated,FALSE,EVIDENCIA_IDENTIDADE_INCOMPLETA; INCONCLUSIVO,APRESENTACAO_NAO_EXPLICITA,,Completar fontes e vínculos,mercado/VTK018273.json,2026-09-05T15:16:37.457Z
VTK018275,Cabo Flexível Remoto Technoise 100% Cobre Azul 2.50 Mm Rolo 100 Metros,Evolusom Comercial Ltda,299.9,10,FALSE,NAO_CONCLUSIVO,INCONCLUSIVOS,INCONCLUSIVO,IDENTIDADE_INCONCLUSIVA,INCONCLUSIVO,INCONCLUSIVO,SEM_EVIDENCIA_DE_DEMANDA,,,,,,,8.279935224,estimated,FALSE,EVIDENCIA_IDENTIDADE_INCOMPLETA; INCONCLUSIVO,APRESENTACAO_NAO_EXPLICITA,,Completar fontes e vínculos,,2026-09-05T15:16:37.457Z
VTK018285,Calota Grid Aro 13a 573ar-pta Mod Volkswaggen Gol G3 Aro Pressão - PC / 4,Evolusom Comercial Ltda,43.4,10,FALSE,NAO_CONCLUSIVO,INCONCLUSIVOS,INCONCLUSIVO,IDENTIDADE_INCONCLUSIVA,INCONCLUSIVO,INCONCLUSIVO,SEM_EVIDENCIA_DE_DEMANDA,,,,,,,8.279935224,estimated,FALSE,EVIDENCIA_IDENTIDADE_INCOMPLETA; INCONCLUSIVO,APRESENTACAO_NAO_EXPLICITA,,Completar fontes e vínculos,,2026-09-05T15:16:37.457Z
VTK018287,Calota Grid Aro 13p 140cb-pta Modelo Corsa / Classic Cubo Baixo - PC / 4,Evolusom Comercial Ltda,43.4,10,FALSE,NAO_CONCLUSIVO,INCONCLUSIVOS,INCONCLUSIVO,IDENTIDADE_INCONCLUSIVA,INCONCLUSIVO,INCONCLUSIVO,SEM_EVIDENCIA_DE_DEMANDA,,,,,,,8.279935224,estimated,FALSE,EVIDENCIA_IDENTIDADE_INCOMPLETA; INCONCLUSIVO,APRESENTACAO_NAO_EXPLICITA,,Completar fontes e vínculos,,2026-09-05T15:16:37.457Z
VTK018288,Tapete Carpete Ecotap Multi Aplicacao Ford,Evolusom Comercial Ltda,69.45,10,FALSE,NAO_CONCLUSIVO,INCONCLUSIVOS,INCONCLUSIVO,IDENTIDADE_INCONCLUSIVA,INCONCLUSIVO,INCONCLUSIVO,SEM_EVIDENCIA_DE_DEMANDA,,,,,,,8.279935224,estimated,FALSE,EVIDENCIA_IDENTIDADE_INCOMPLETA; INCONCLUSIVO,APRESENTACAO_NAO_EXPLICITA,,Completar fontes e vínculos,,2026-09-05T15:16:37.457Z
VTK018293,Lâmpada Multilaser Super Led Cob H1 Com Potência De 20w E Temperatura 6200k - Au832,Evolusom Comercial Ltda,51.7,10,FALSE,NAO_CONCLUSIVO,INCONCLUSIVOS,INCONCLUSIVO,IDENTIDADE_INCONCLUSIVA,INCONCLUSIVO,INCONCLUSIVO,SEM_EVIDENCIA_DE_DEMANDA,,,,,,,8.279935224,estimated,FALSE,EVIDENCIA_IDENTIDADE_INCOMPLETA; INCONCLUSIVO,APRESENTACAO_NAO_EXPLICITA,,Completar fontes e vínculos,,2026-09-05T15:16:37.457Z
VTK018297,Cabo Alarme Telecam 50 X 10 Vias Cobre 100 Metros,Evolusom Comercial Ltda,103.9,10,FALSE,NAO_CONCLUSIVO,INCONCLUSIVOS,INCONCLUSIVO,IDENTIDADE_INCONCLUSIVA,INCONCLUSIVO,INCONCLUSIVO,SEM_EVIDENCIA_DE_DEMANDA,,,,,,,8.279935224,estimated,FALSE,EVIDENCIA_IDENTIDADE_INCOMPLETA; INCONCLUSIVO,APRESENTACAO_NAO_EXPLICITA,,Completar fontes e vínculos,mercado/VTK018297.json,2026-09-05T15:16:37.457Z
VTK018300,Calota Aro 13p 072cb-gft Mod Uno Way Economy 2008/ 09 Cb - PC / 4,Evolusom Comercial Ltda,74.4,10,FALSE,NAO_CONCLUSIVO,INCONCLUSIVOS,INCONCLUSIVO,IDENTIDADE_INCONCLUSIVA,INCONCLUSIVO,INCONCLUSIVO,SEM_EVIDENCIA_DE_DEMANDA,,,,,,,8.279935224,estimated,FALSE,EVIDENCIA_IDENTIDADE_INCOMPLETA; INCONCLUSIVO,APRESENTACAO_NAO_EXPLICITA,,Completar fontes e vínculos,,2026-09-05T15:16:37.457Z
VTK018301,Calota Aro 14p 292cb-gft Mod Argo 2017/ 18 Cb - PC / 4,Evolusom Comercial Ltda,74.4,10,FALSE,NAO_CONCLUSIVO,INCONCLUSIVOS,INCONCLUSIVO,IDENTIDADE_INCONCLUSIVA,INCONCLUSIVO,INCONCLUSIVO,SEM_EVIDENCIA_DE_DEMANDA,,,,,,,8.279935224,estimated,FALSE,EVIDENCIA_IDENTIDADE_INCOMPLETA; INCONCLUSIVO,APRESENTACAO_NAO_EXPLICITA,,Completar fontes e vínculos,,2026-09-05T15:16:37.457Z
VTK018304,Chicote Permak Para Cd Honda Civic 2007 A 2011 - 35/d2,Evolusom Comercial Ltda,27.9,10,FALSE,NAO_CONCLUSIVO,INCONCLUSIVOS,INCONCLUSIVO,IDENTIDADE_INCONCLUSIVA,INCONCLUSIVO,INCONCLUSIVO,SEM_EVIDENCIA_DE_DEMANDA,,,,,,,8.279935224,estimated,FALSE,EVIDENCIA_IDENTIDADE_INCOMPLETA; INCONCLUSIVO,APRESENTACAO_NAO_EXPLICITA,,Completar fontes e vínculos,,2026-09-05T15:16:37.457Z
VTK018305,Alto Falante Inteligente Intelbras Izy Speak Mini 4010002,Evolusom Comercial Ltda,387.5,10,FALSE,NAO_CONCLUSIVO,INCONCLUSIVOS,INCONCLUSIVO,IDENTIDADE_COHERENTE,INCONCLUSIVO,INCONCLUSIVO,SEM_EVIDENCIA_DE_DEMANDA,510,,,,,,8.279935224,estimated,FALSE,INCONCLUSIVO,APRESENTACAO_NAO_EXPLICITA,,Completar fontes e vínculos,mercado/VTK018305.json,2026-09-05T15:16:37.457Z
VTK018317,"Alto Falante Jbl 15px 8r 200 Rms 15"" Woofer",Evolusom Comercial Ltda,319.9,10,FALSE,NAO_CONCLUSIVO,INCONCLUSIVOS,INCONCLUSIVO,IDENTIDADE_INCONCLUSIVA,INCONCLUSIVO,INCONCLUSIVO,SEM_EVIDENCIA_DE_DEMANDA,469.48,,,,,,8.279935224,estimated,FALSE,EVIDENCIA_IDENTIDADE_INCOMPLETA; INCONCLUSIVO,APRESENTACAO_NAO_EXPLICITA,,Completar fontes e vínculos,mercado/VTK018317.json,2026-09-05T15:16:37.457Z
VTK018320,Interruptor Smart Touch Intelbras Ews1006 Wi-fi Com 6 Teclas Preto,Evolusom Comercial Ltda,153.9,10,FALSE,NAO_CONCLUSIVO,INCONCLUSIVOS,INCONCLUSIVO,IDENTIDADE_INCONCLUSIVA,INCONCLUSIVO,INCONCLUSIVO,SEM_EVIDENCIA_DE_DEMANDA,189,,,,,,8.279935224,estimated,FALSE,EVIDENCIA_IDENTIDADE_INCOMPLETA; INCONCLUSIVO,APRESENTACAO_NAO_EXPLICITA,,Completar fontes e vínculos,mercado/VTK018320.json,2026-09-05T15:16:37.457Z
VTK018321,Pulseira Multi Smartband B2 Pt - Wr200,Evolusom Comercial Ltda,142.9,10,FALSE,NAO_CONCLUSIVO,INCONCLUSIVOS,INCONCLUSIVO,IDENTIDADE_INCONCLUSIVA,INCONCLUSIVO,INCONCLUSIVO,SEM_EVIDENCIA_DE_DEMANDA,,,,,,,8.279935224,estimated,FALSE,EVIDENCIA_IDENTIDADE_INCOMPLETA; INCONCLUSIVO,APRESENTACAO_NAO_EXPLICITA,,Completar fontes e vínculos,,2026-09-05T15:16:37.457Z
VTK018328,Lâmpada Led Roadstar Xtrem Light Rs-h11 19 Br - Par,Evolusom Comercial Ltda,154.9,10,FALSE,NAO_CONCLUSIVO,INCONCLUSIVOS,INCONCLUSIVO,IDENTIDADE_INCONCLUSIVA,INCONCLUSIVO,INCONCLUSIVO,SEM_EVIDENCIA_DE_DEMANDA,,,,,,,8.279935224,estimated,FALSE,EVIDENCIA_IDENTIDADE_INCOMPLETA; COMPOSICAO_KIT_NAO_COMPROVADA; INCONCLUSIVO,,,Completar fontes e vínculos,,2026-09-05T15:16:37.457Z
VTK018329,Lâmpada Led Roadstar Rs-h16 19br Xtrem Light,Evolusom Comercial Ltda,154.9,10,FALSE,NAO_CONCLUSIVO,INCONCLUSIVOS,INCONCLUSIVO,IDENTIDADE_INCONCLUSIVA,INCONCLUSIVO,INCONCLUSIVO,SEM_EVIDENCIA_DE_DEMANDA,,,,,,,8.279935224,estimated,FALSE,EVIDENCIA_IDENTIDADE_INCOMPLETA; INCONCLUSIVO,APRESENTACAO_NAO_EXPLICITA,,Completar fontes e vínculos,,2026-09-05T15:16:37.457Z
VTK018331,Cabo Lan Mpt Cat.5e Blindado Int./ext. F/utp 24awgx4p 500 Metros Cmx Preto 53126152,Evolusom Comercial Ltda,1649.9,10,FALSE,NAO_CONCLUSIVO,INCONCLUSIVOS,INCONCLUSIVO,IDENTIDADE_INCONCLUSIVA,INCONCLUSIVO,INCONCLUSIVO,SEM_EVIDENCIA_DE_DEMANDA,,,,,,,8.279935224,estimated,FALSE,EVIDENCIA_IDENTIDADE_INCOMPLETA; INCONCLUSIVO,APRESENTACAO_NAO_EXPLICITA,,Completar fontes e vínculos,,2026-09-05T15:16:37.457Z
VTK018334,Sensor De Estacionamento Roadstar Pro Line Rs-24v Br 8 Pontos 12v/24v Preto,Evolusom Comercial Ltda,261.9,10,FALSE,NAO_CONCLUSIVO,INCONCLUSIVOS,INCONCLUSIVO,IDENTIDADE_INCONCLUSIVA,INCONCLUSIVO,INCONCLUSIVO,SEM_EVIDENCIA_DE_DEMANDA,,,,,,,8.279935224,estimated,FALSE,EVIDENCIA_IDENTIDADE_INCOMPLETA; INCONCLUSIVO,APRESENTACAO_NAO_EXPLICITA,,Completar fontes e vínculos,,2026-09-05T15:16:37.457Z
VTK018335,Lâmpada Led Projetor Roadstar Mini Lens Rsh11 17br H11 - Par,Evolusom Comercial Ltda,159.9,10,FALSE,NAO_CONCLUSIVO,INCONCLUSIVOS,INCONCLUSIVO,IDENTIDADE_INCONCLUSIVA,INCONCLUSIVO,INCONCLUSIVO,SEM_EVIDENCIA_DE_DEMANDA,,,,,,,8.279935224,estimated,FALSE,EVIDENCIA_IDENTIDADE_INCOMPLETA; COMPOSICAO_KIT_NAO_COMPROVADA; INCONCLUSIVO,,,Completar fontes e vínculos,,2026-09-05T15:16:37.457Z
VTK018614,Cabo De Potencia Technoise 100% Cobre Vermelho 16 Mm Rolo 25 Metros,Evolusom Comercial Ltda,494.9,10,FALSE,NAO_CONCLUSIVO,INCONCLUSIVOS,INCONCLUSIVO,IDENTIDADE_INCONCLUSIVA,INCONCLUSIVO,INCONCLUSIVO,SEM_EVIDENCIA_DE_DEMANDA,429.79,,,,,,8.279935224,estimated,FALSE,EVIDENCIA_IDENTIDADE_INCOMPLETA; INCONCLUSIVO,APRESENTACAO_NAO_EXPLICITA,,Completar fontes e vínculos,mercado/VTK018614.json,2026-09-05T15:16:37.457Z
VTK019449,"Cabo Para Microfone Tiaflex Sonorização Af 2x0,20 Mm 651000 100 Metros",Evolusom Comercial Ltda,659.9,10,FALSE,NAO_CONCLUSIVO,INCONCLUSIVOS,INCONCLUSIVO,IDENTIDADE_INCONCLUSIVA,INCONCLUSIVO,INCONCLUSIVO,SEM_EVIDENCIA_DE_DEMANDA,,,,,,,8.279935224,estimated,FALSE,EVIDENCIA_IDENTIDADE_INCOMPLETA; INCONCLUSIVO,APRESENTACAO_NAO_EXPLICITA,,Completar fontes e vínculos,,2026-09-05T15:16:37.457Z
VTK019776,"Caixa Vazia Para 2 Alto Falantes 6x9"" Invertida Pick-up - PC / 2",Evolusom Comercial Ltda,99.8,10,FALSE,NAO_CONCLUSIVO,INCONCLUSIVOS,INCONCLUSIVO,IDENTIDADE_INCONCLUSIVA,INCONCLUSIVO,INCONCLUSIVO,SEM_EVIDENCIA_DE_DEMANDA,,,,,,,8.279935224,estimated,FALSE,EVIDENCIA_IDENTIDADE_INCOMPLETA; INCONCLUSIVO,APRESENTACAO_NAO_EXPLICITA,,Completar fontes e vínculos,,2026-09-05T15:16:37.457Z
VTK021441,Guia Organizador Cabos Max Eletron 1u X 19,Evolusom Comercial Ltda,22,10,FALSE,NAO_CONCLUSIVO,INCONCLUSIVOS,INCONCLUSIVO,IDENTIDADE_INCONCLUSIVA,INCONCLUSIVO,INCONCLUSIVO,SEM_EVIDENCIA_DE_DEMANDA,28,,,,,,8.279935224,estimated,FALSE,EVIDENCIA_IDENTIDADE_INCOMPLETA; INCONCLUSIVO,APRESENTACAO_NAO_EXPLICITA,,Completar fontes e vínculos,mercado/VTK021441.json,2026-09-05T15:16:37.457Z
VTK022614,Cabo Coaxial Rg59 Proeletronic Caco5940/03 40% De Malha - 300m,Evolusom Comercial Ltda,233.9,10,FALSE,NAO_CONCLUSIVO,INCONCLUSIVOS,INCONCLUSIVO,IDENTIDADE_INCONCLUSIVA,INCONCLUSIVO,INCONCLUSIVO,SEM_EVIDENCIA_DE_DEMANDA,,,,,,,8.279935224,estimated,FALSE,EVIDENCIA_IDENTIDADE_INCOMPLETA; INCONCLUSIVO,APRESENTACAO_NAO_EXPLICITA,,Completar fontes e vínculos,,2026-09-05T15:16:37.457Z
VTK023536,Controle Canivete Fks Cr720 Linha Vw,Evolusom Comercial Ltda,49.9,10,FALSE,NAO_CONCLUSIVO,INCONCLUSIVOS,INCONCLUSIVO,IDENTIDADE_INCONCLUSIVA,INCONCLUSIVO,INCONCLUSIVO,SEM_EVIDENCIA_DE_DEMANDA,,,,,,,8.279935224,estimated,FALSE,EVIDENCIA_IDENTIDADE_INCOMPLETA; INCONCLUSIVO,APRESENTACAO_NAO_EXPLICITA,,Completar fontes e vínculos,,2026-09-05T15:16:37.457Z
VTK026019,Suporte Descanso P/8 Microfones Sdm-08,BKR 1 Comercio e Importação Ltda,75.35,10,FALSE,NAO_CONCLUSIVO,INCONCLUSIVOS,INCONCLUSIVO,IDENTIDADE_INCONCLUSIVA,INCONCLUSIVO,INCONCLUSIVO,SEM_EVIDENCIA_DE_DEMANDA,78.97,,,,,,8.279935224,estimated,FALSE,EVIDENCIA_IDENTIDADE_INCOMPLETA; INCONCLUSIVO,APRESENTACAO_NAO_EXPLICITA,,Completar fontes e vínculos,mercado/VTK026019.json,2026-09-05T15:16:37.457Z
VTK026022,Controle Compatível Toyota 3 B Corolla 2002 A 2008,BKR 1 Comercio e Importação Ltda,33.6,10,FALSE,NAO_CONCLUSIVO,INCONCLUSIVOS,INCONCLUSIVO,IDENTIDADE_INCONCLUSIVA,INCONCLUSIVO,INCONCLUSIVO,SEM_EVIDENCIA_DE_DEMANDA,,,,,,,8.279935224,estimated,FALSE,EVIDENCIA_IDENTIDADE_INCOMPLETA; INCONCLUSIVO,APRESENTACAO_NAO_EXPLICITA,,Completar fontes e vínculos,,2026-09-05T15:16:37.457Z
VTK026023,Chave Canivete Compatível Citroen 3 B Direct (sem Lamina),BKR 1 Comercio e Importação Ltda,53.9,10,FALSE,NAO_CONCLUSIVO,INCONCLUSIVOS,INCONCLUSIVO,IDENTIDADE_INCONCLUSIVA,INCONCLUSIVO,INCONCLUSIVO,SEM_EVIDENCIA_DE_DEMANDA,,,,,,,8.279935224,estimated,FALSE,EVIDENCIA_IDENTIDADE_INCOMPLETA; INCONCLUSIVO,APRESENTACAO_NAO_EXPLICITA,,Completar fontes e vínculos,,2026-09-05T15:16:37.457Z
VTK026024,Controle Compatível Fiat 2 B Preta Direct,BKR 1 Comercio e Importação Ltda,24.5,10,FALSE,NAO_CONCLUSIVO,INCONCLUSIVOS,INCONCLUSIVO,IDENTIDADE_INCONCLUSIVA,INCONCLUSIVO,INCONCLUSIVO,SEM_EVIDENCIA_DE_DEMANDA,,,,,,,8.279935224,estimated,FALSE,EVIDENCIA_IDENTIDADE_INCOMPLETA; INCONCLUSIVO,APRESENTACAO_NAO_EXPLICITA,,Completar fontes e vínculos,,2026-09-05T15:16:37.457Z
VTK026025,Chave Canivete Compatível Fiat 500 3 B Direct,BKR 1 Comercio e Importação Ltda,53.9,10,FALSE,NAO_CONCLUSIVO,INCONCLUSIVOS,INCONCLUSIVO,IDENTIDADE_INCONCLUSIVA,INCONCLUSIVO,INCONCLUSIVO,SEM_EVIDENCIA_DE_DEMANDA,,,,,,,8.279935224,estimated,FALSE,EVIDENCIA_IDENTIDADE_INCOMPLETA; INCONCLUSIVO,APRESENTACAO_NAO_EXPLICITA,,Completar fontes e vínculos,,2026-09-05T15:16:37.457Z
VTK026026,Chave Canivete Compatível Bmw 3 B Universal (sem Lamina),BKR 1 Comercio e Importação Ltda,53.9,10,FALSE,NAO_CONCLUSIVO,INCONCLUSIVOS,INCONCLUSIVO,IDENTIDADE_INCONCLUSIVA,INCONCLUSIVO,INCONCLUSIVO,SEM_EVIDENCIA_DE_DEMANDA,,,,,,,8.279935224,estimated,FALSE,EVIDENCIA_IDENTIDADE_INCOMPLETA; INCONCLUSIVO,APRESENTACAO_NAO_EXPLICITA,,Completar fontes e vínculos,,2026-09-05T15:16:37.457Z
VTK026027,Chave Canivete Compatível Citroen 3b Universal (sem Lamina),BKR 1 Comercio e Importação Ltda,53.9,10,FALSE,NAO_CONCLUSIVO,INCONCLUSIVOS,INCONCLUSIVO,IDENTIDADE_INCONCLUSIVA,INCONCLUSIVO,INCONCLUSIVO,SEM_EVIDENCIA_DE_DEMANDA,,,,,,,8.279935224,estimated,FALSE,EVIDENCIA_IDENTIDADE_INCOMPLETA; INCONCLUSIVO,APRESENTACAO_NAO_EXPLICITA,,Completar fontes e vínculos,,2026-09-05T15:16:37.457Z
VTK026153,Isolador Olhal De Louça Com Pino Rosqueável Storm,BKR 1 Comercio e Importação Ltda,4.76,10,FALSE,NAO_CONCLUSIVO,INCONCLUSIVOS,INCONCLUSIVO,IDENTIDADE_INCONCLUSIVA,INCONCLUSIVO,INCONCLUSIVO,SEM_EVIDENCIA_DE_DEMANDA,,,,,,,8.279935224,estimated,FALSE,EVIDENCIA_IDENTIDADE_INCOMPLETA; INCONCLUSIVO,APRESENTACAO_NAO_EXPLICITA,,Completar fontes e vínculos,,2026-09-05T15:16:37.457Z
VTK026155,Conector Xlr Macho Painel Plástico Preto Storm 20 Un,BKR 1 Comercio e Importação Ltda,32.18,10,FALSE,NAO_CONCLUSIVO,INCONCLUSIVOS,INCONCLUSIVO,IDENTIDADE_INCONCLUSIVA,INCONCLUSIVO,INCONCLUSIVO,SEM_EVIDENCIA_DE_DEMANDA,,,,,,,8.279935224,estimated,FALSE,EVIDENCIA_IDENTIDADE_INCOMPLETA; COMPOSICAO_KIT_NAO_COMPROVADA; INCONCLUSIVO,,,Completar fontes e vínculos,,2026-09-05T15:16:37.457Z
VTK026156,"Cabo P2 X P2 Stereo Gold Metal 1,8m Storm",BKR 1 Comercio e Importação Ltda,5.91,10,FALSE,NAO_CONCLUSIVO,INCONCLUSIVOS,INCONCLUSIVO,IDENTIDADE_INCONCLUSIVA,INCONCLUSIVO,INCONCLUSIVO,SEM_EVIDENCIA_DE_DEMANDA,,,,,,,8.279935224,estimated,FALSE,EVIDENCIA_IDENTIDADE_INCOMPLETA; INCONCLUSIVO,APRESENTACAO_NAO_EXPLICITA,,Completar fontes e vínculos,,2026-09-05T15:16:37.457Z
VTK026159,Conector Powercon Linha 3 Polos 20a 250v Ac Storm 05 Un,BKR 1 Comercio e Importação Ltda,35.89,10,FALSE,NAO_CONCLUSIVO,INCONCLUSIVOS,INCONCLUSIVO,IDENTIDADE_INCONCLUSIVA,INCONCLUSIVO,INCONCLUSIVO,SEM_EVIDENCIA_DE_DEMANDA,,,,,,,8.279935224,estimated,FALSE,EVIDENCIA_IDENTIDADE_INCOMPLETA; COMPOSICAO_KIT_NAO_COMPROVADA; INCONCLUSIVO,,,Completar fontes e vínculos,,2026-09-05T15:16:37.457Z
VTK026160,Pilha Comum Aaa Palito Tubo 40 Unidades Taschibra,BKR 1 Comercio e Importação Ltda,25.41,10,FALSE,NAO_CONCLUSIVO,INCONCLUSIVOS,INCONCLUSIVO,IDENTIDADE_INCONCLUSIVA,INCONCLUSIVO,INCONCLUSIVO,SEM_EVIDENCIA_DE_DEMANDA,,,,,,,8.279935224,estimated,FALSE,EVIDENCIA_IDENTIDADE_INCOMPLETA; COMPOSICAO_KIT_NAO_COMPROVADA; INCONCLUSIVO,,,Completar fontes e vínculos,,2026-09-05T15:16:37.457Z
VTK026161,Cabo Xlr Macho Xlr Femea Serie Titan 01 Metro Storm,BKR 1 Comercio e Importação Ltda,15.58,10,FALSE,NAO_CONCLUSIVO,INCONCLUSIVOS,INCONCLUSIVO,IDENTIDADE_INCONCLUSIVA,INCONCLUSIVO,INCONCLUSIVO,SEM_EVIDENCIA_DE_DEMANDA,36.9,,,,,,8.279935224,estimated,FALSE,EVIDENCIA_IDENTIDADE_INCOMPLETA; INCONCLUSIVO,APRESENTACAO_NAO_EXPLICITA,,Completar fontes e vínculos,mercado/VTK026161.json,2026-09-05T15:16:37.457Z
VTK026162,Conector Xlr Macho Linha 05 Unidades Storm,BKR 1 Comercio e Importação Ltda,19.37,10,FALSE,NAO_CONCLUSIVO,INCONCLUSIVOS,INCONCLUSIVO,IDENTIDADE_INCONCLUSIVA,INCONCLUSIVO,INCONCLUSIVO,SEM_EVIDENCIA_DE_DEMANDA,,,,,,,8.279935224,estimated,FALSE,EVIDENCIA_IDENTIDADE_INCOMPLETA; COMPOSICAO_KIT_NAO_COMPROVADA; INCONCLUSIVO,,,Completar fontes e vínculos,,2026-09-05T15:16:37.457Z
VTK026163,Suporte Para Microfone Com Rosca Metalica Storm,BKR 1 Comercio e Importação Ltda,7.25,10,FALSE,NAO_CONCLUSIVO,INCONCLUSIVOS,INCONCLUSIVO,IDENTIDADE_COHERENTE,INCONCLUSIVO,INCONCLUSIVO,SEM_EVIDENCIA_DE_DEMANDA,21.9,,,,,,8.279935224,estimated,FALSE,INCONCLUSIVO,APRESENTACAO_NAO_EXPLICITA,,Completar fontes e vínculos,mercado/VTK026163.json,2026-09-05T15:16:37.457Z
VTK026185,Conector P10 Stereo Metal 90 Graus Ponta Gold 10 Unidades,BKR 1 Comercio e Importação Ltda,97.76,10,FALSE,NAO_CONCLUSIVO,INCONCLUSIVOS,INCONCLUSIVO,IDENTIDADE_INCONCLUSIVA,INCONCLUSIVO,INCONCLUSIVO,SEM_EVIDENCIA_DE_DEMANDA,,,,,,,8.279935224,estimated,FALSE,EVIDENCIA_IDENTIDADE_INCOMPLETA; COMPOSICAO_KIT_NAO_COMPROVADA; INCONCLUSIVO,,,Completar fontes e vínculos,,2026-09-05T15:16:37.457Z
VTK026218,Cabo P2 Stereo Para P10 Mono 3 Metros Storm,BKR 1 Comercio e Importação Ltda,3.64,10,FALSE,NAO_CONCLUSIVO,INCONCLUSIVOS,INCONCLUSIVO,IDENTIDADE_INCONCLUSIVA,INCONCLUSIVO,INCONCLUSIVO,SEM_EVIDENCIA_DE_DEMANDA,,,,,,,8.279935224,estimated,FALSE,EVIDENCIA_IDENTIDADE_INCOMPLETA; INCONCLUSIVO,APRESENTACAO_NAO_EXPLICITA,,Completar fontes e vínculos,,2026-09-05T15:16:37.457Z
VTK026219,Cabo P2 Stereo Para P10 Mono 5 Metros Storm,BKR 1 Comercio e Importação Ltda,4.85,10,FALSE,NAO_CONCLUSIVO,INCONCLUSIVOS,INCONCLUSIVO,IDENTIDADE_INCONCLUSIVA,INCONCLUSIVO,INCONCLUSIVO,SEM_EVIDENCIA_DE_DEMANDA,,,,,,,8.279935224,estimated,FALSE,EVIDENCIA_IDENTIDADE_INCOMPLETA; INCONCLUSIVO,APRESENTACAO_NAO_EXPLICITA,,Completar fontes e vínculos,,2026-09-05T15:16:37.457Z
VTK026220,Cabo P10 Mono Para Instrumentos Serie Titan 01 Metro Storm,BKR 1 Comercio e Importação Ltda,12.21,10,FALSE,NAO_CONCLUSIVO,INCONCLUSIVOS,INCONCLUSIVO,IDENTIDADE_COHERENTE,INCONCLUSIVO,INCONCLUSIVO,SEM_EVIDENCIA_DE_DEMANDA,,,,,,,8.279935224,estimated,FALSE,INCONCLUSIVO,APRESENTACAO_NAO_EXPLICITA,,Completar fontes e vínculos,mercado/VTK026220.json,2026-09-05T15:16:37.457Z
VTK001998,Cabo Extensor USB 2.0 A Macho x USB 2.0 A Fêmea 10m Preto Storm,Evolusom Comercial Ltda,25.5,9,FALSE,NAO_CONCLUSIVO,INCONCLUSIVOS,INCONCLUSIVO,IDENTIDADE_INCONCLUSIVA,INCONCLUSIVO,INCONCLUSIVO,SEM_EVIDENCIA_DE_DEMANDA,43.72,,,,,,8.279935224,estimated,FALSE,EQUIVALENCIA_MARCA_NAO_COMPROVADA; EVIDENCIA_IDENTIDADE_INCOMPLETA; INCONCLUSIVO,APRESENTACAO_NAO_EXPLICITA,,Completar fontes e vínculos,mercado/VTK001998.json,2026-09-05T15:16:37.457Z
VTK003141,Tomada Keystone RJ45 CAT5.E KEYS0001 Storm - PCT / 10,BKR 1 Comercio e Importação Ltda,4.9,9,FALSE,NAO_CONCLUSIVO,INCONCLUSIVOS,INCONCLUSIVO,IDENTIDADE_INCONCLUSIVA,INCONCLUSIVO,INCONCLUSIVO,SEM_EVIDENCIA_DE_DEMANDA,,,,,,,8.279935224,estimated,FALSE,EVIDENCIA_IDENTIDADE_INCOMPLETA; COMPOSICAO_KIT_NAO_COMPROVADA; INCONCLUSIVO,,,Completar fontes e vínculos,mercado/VTK003141.json,2026-09-05T15:16:37.457Z
VTK012927,Suporte Para Ferro De Solda,Evolusom Comercial Ltda,10.9,9,FALSE,NAO_CONCLUSIVO,INCONCLUSIVOS,INCONCLUSIVO,IDENTIDADE_INCONCLUSIVA,INCONCLUSIVO,INCONCLUSIVO,SEM_EVIDENCIA_DE_DEMANDA,21.9,,,,,,8.279935224,estimated,FALSE,EVIDENCIA_IDENTIDADE_INCOMPLETA; INCONCLUSIVO,APRESENTACAO_NAO_EXPLICITA,,Completar fontes e vínculos,mercado/VTK012927.json,2026-09-05T15:16:37.457Z
VTK017740,"Suporte Antena 207-b Tripe Laje Tubo 1"" Prata Cromo",Evolusom Comercial Ltda,18.9,9,FALSE,NAO_CONCLUSIVO,INCONCLUSIVOS,INCONCLUSIVO,IDENTIDADE_INCONCLUSIVA,INCONCLUSIVO,INCONCLUSIVO,SEM_EVIDENCIA_DE_DEMANDA,,,,,,,8.279935224,estimated,FALSE,EVIDENCIA_IDENTIDADE_INCOMPLETA; INCONCLUSIVO,APRESENTACAO_NAO_EXPLICITA,,Completar fontes e vínculos,,2026-09-05T15:16:37.457Z
VTK017917,Super Tweeter Jbl Selenium St304 40w Rms 8r,Evolusom Comercial Ltda,129.9,9,FALSE,NAO_CONCLUSIVO,INCONCLUSIVOS,INCONCLUSIVO,IDENTIDADE_COHERENTE,INCONCLUSIVO,INCONCLUSIVO,SEM_EVIDENCIA_DE_DEMANDA,143.43,,,,,,8.279935224,estimated,FALSE,INCONCLUSIVO,APRESENTACAO_NAO_EXPLICITA,,Completar fontes e vínculos,mercado/VTK017917.json,2026-09-05T15:16:37.457Z
VTK018057,Calota Grid Aro 14p 087cb-pta Gm Modelo Prisma/ Montana 2011/ 13 Cubo Baixo - PC / 4,Evolusom Comercial Ltda,47.8,9,FALSE,NAO_CONCLUSIVO,INCONCLUSIVOS,INCONCLUSIVO,IDENTIDADE_INCONCLUSIVA,INCONCLUSIVO,INCONCLUSIVO,SEM_EVIDENCIA_DE_DEMANDA,,,,,,,8.279935224,estimated,FALSE,EVIDENCIA_IDENTIDADE_INCOMPLETA; INCONCLUSIVO,APRESENTACAO_NAO_EXPLICITA,,Completar fontes e vínculos,,2026-09-05T15:16:37.457Z
VTK018131,Microfone Mxt M-k5 Preto Metal Com Fio 3 Metros 541022,Evolusom Comercial Ltda,62.9,9,FALSE,NAO_CONCLUSIVO,INCONCLUSIVOS,INCONCLUSIVO,IDENTIDADE_COHERENTE,INCONCLUSIVO,INCONCLUSIVO,SEM_EVIDENCIA_DE_DEMANDA,86.03,,,,,,8.279935224,estimated,FALSE,INCONCLUSIVO,APRESENTACAO_NAO_EXPLICITA,,Completar fontes e vínculos,mercado/VTK018131.json,2026-09-05T15:16:37.457Z
VTK018145,Calota Grid Aro 14p 223cb-pta Fiat Uno Way 2015/ 16 Cubo Baixo - PC / 4,Evolusom Comercial Ltda,47.8,9,FALSE,NAO_CONCLUSIVO,INCONCLUSIVOS,INCONCLUSIVO,IDENTIDADE_INCONCLUSIVA,INCONCLUSIVO,INCONCLUSIVO,SEM_EVIDENCIA_DE_DEMANDA,,,,,,,8.279935224,estimated,FALSE,EVIDENCIA_IDENTIDADE_INCOMPLETA; INCONCLUSIVO,APRESENTACAO_NAO_EXPLICITA,,Completar fontes e vínculos,,2026-09-05T15:16:37.457Z
VTK018306,"Parafuso P/ Alto Falante 2 ""s Cento - CT / 5",Evolusom Comercial Ltda,156.95,9,FALSE,NAO_CONCLUSIVO,INCONCLUSIVOS,INCONCLUSIVO,IDENTIDADE_INCONCLUSIVA,INCONCLUSIVO,INCONCLUSIVO,SEM_EVIDENCIA_DE_DEMANDA,,,,,,,8.279935224,estimated,FALSE,EVIDENCIA_IDENTIDADE_INCOMPLETA; INCONCLUSIVO,APRESENTACAO_NAO_EXPLICITA,,Completar fontes e vínculos,,2026-09-05T15:16:37.457Z
VTK018348,Cabo Teclado Sparflex Nitro 100 1 Metro Preto 538192010f,Evolusom Comercial Ltda,29.9,9,FALSE,NAO_CONCLUSIVO,INCONCLUSIVOS,INCONCLUSIVO,IDENTIDADE_INCONCLUSIVA,INCONCLUSIVO,INCONCLUSIVO,SEM_EVIDENCIA_DE_DEMANDA,,,,,,,8.279935224,estimated,FALSE,EVIDENCIA_IDENTIDADE_INCOMPLETA; INCONCLUSIVO,APRESENTACAO_NAO_EXPLICITA,,Completar fontes e vínculos,,2026-09-05T15:16:37.457Z
VTK018350,Antena De Tv Externa Intelbras Ae4010 Para Tv Digital Com Cabo Fm/ Hdtv,Evolusom Comercial Ltda,109.9,9,FALSE,NAO_CONCLUSIVO,INCONCLUSIVOS,INCONCLUSIVO,IDENTIDADE_COHERENTE,INCONCLUSIVO,INCONCLUSIVO,SEM_EVIDENCIA_DE_DEMANDA,101.9,,,,,,8.279935224,estimated,FALSE,INCONCLUSIVO,APRESENTACAO_NAO_EXPLICITA,,Completar fontes e vínculos,mercado/VTK018350.json,2026-09-05T15:16:37.457Z
VTK018351,Cabo Para Microfone Santo Angelo Sc-30 Balanceado Azul 100 Metros,Evolusom Comercial Ltda,534.9,9,FALSE,NAO_CONCLUSIVO,INCONCLUSIVOS,INCONCLUSIVO,IDENTIDADE_INCONCLUSIVA,INCONCLUSIVO,INCONCLUSIVO,SEM_EVIDENCIA_DE_DEMANDA,,,,,,,8.279935224,estimated,FALSE,EVIDENCIA_IDENTIDADE_INCOMPLETA; INCONCLUSIVO,APRESENTACAO_NAO_EXPLICITA,,Completar fontes e vínculos,,2026-09-05T15:16:37.457Z
VTK018354,Cabo Multicabo Santo Angelo Sas 36 Vias Cobre Ofhc Metro - PC / 10,Evolusom Comercial Ltda,739,9,FALSE,NAO_CONCLUSIVO,INCONCLUSIVOS,INCONCLUSIVO,IDENTIDADE_INCONCLUSIVA,INCONCLUSIVO,INCONCLUSIVO,SEM_EVIDENCIA_DE_DEMANDA,,,,,,,8.279935224,estimated,FALSE,EVIDENCIA_IDENTIDADE_INCOMPLETA; INCONCLUSIVO,APRESENTACAO_NAO_EXPLICITA,,Completar fontes e vínculos,,2026-09-05T15:16:37.457Z
VTK018368,Lampada Super Led Shocklight 9006 Hb4 12v 32w 6000k 2200lm (par) Sll-19006,Evolusom Comercial Ltda,73.65,9,FALSE,NAO_CONCLUSIVO,INCONCLUSIVOS,INCONCLUSIVO,IDENTIDADE_INCONCLUSIVA,INCONCLUSIVO,INCONCLUSIVO,SEM_EVIDENCIA_DE_DEMANDA,,,,,,,8.279935224,estimated,FALSE,EVIDENCIA_IDENTIDADE_INCOMPLETA; COMPOSICAO_KIT_NAO_COMPROVADA; INCONCLUSIVO,,,Completar fontes e vínculos,,2026-09-05T15:16:37.457Z
VTK018369,Lâmpada Super Led 3d Shocklight H8/ H16-2 12/ 24v 50w 6000k 4500- Sll-20008 (par),Evolusom Comercial Ltda,84.9,9,FALSE,NAO_CONCLUSIVO,INCONCLUSIVOS,INCONCLUSIVO,IDENTIDADE_INCONCLUSIVA,INCONCLUSIVO,INCONCLUSIVO,SEM_EVIDENCIA_DE_DEMANDA,,,,,,,8.279935224,estimated,FALSE,EVIDENCIA_IDENTIDADE_INCOMPLETA; COMPOSICAO_KIT_NAO_COMPROVADA; INCONCLUSIVO,,,Completar fontes e vínculos,,2026-09-05T15:16:37.457Z
VTK018370,Lâmpada Super Led 3d Shocklight H27 12/24v 40w 6000k 4500lm Sll-20027 (par),Evolusom Comercial Ltda,93.45,9,FALSE,NAO_CONCLUSIVO,INCONCLUSIVOS,INCONCLUSIVO,IDENTIDADE_INCONCLUSIVA,INCONCLUSIVO,INCONCLUSIVO,SEM_EVIDENCIA_DE_DEMANDA,,,,,,,8.279935224,estimated,FALSE,EVIDENCIA_IDENTIDADE_INCOMPLETA; COMPOSICAO_KIT_NAO_COMPROVADA; INCONCLUSIVO,,,Completar fontes e vínculos,,2026-09-05T15:16:37.457Z
VTK018372,Calota Grid Aro 13p 006cb-pta Prata Modelo Fiat Uno Smart 2001 Cubo Baixo - PC / 4,Evolusom Comercial Ltda,43.4,9,FALSE,NAO_CONCLUSIVO,INCONCLUSIVOS,INCONCLUSIVO,IDENTIDADE_INCONCLUSIVA,INCONCLUSIVO,INCONCLUSIVO,SEM_EVIDENCIA_DE_DEMANDA,,,,,,,8.279935224,estimated,FALSE,EVIDENCIA_IDENTIDADE_INCOMPLETA; INCONCLUSIVO,APRESENTACAO_NAO_EXPLICITA,,Completar fontes e vínculos,,2026-09-05T15:16:37.457Z
VTK018373,Calota Grid Aro 13p 008ca-prata Mod Gol G5 1.0 2009/ 11 Ca - PC / 4,Evolusom Comercial Ltda,43.4,9,FALSE,NAO_CONCLUSIVO,INCONCLUSIVOS,INCONCLUSIVO,IDENTIDADE_INCONCLUSIVA,INCONCLUSIVO,INCONCLUSIVO,SEM_EVIDENCIA_DE_DEMANDA,,,,,,,8.279935224,estimated,FALSE,EVIDENCIA_IDENTIDADE_INCOMPLETA; INCONCLUSIVO,APRESENTACAO_NAO_EXPLICITA,,Completar fontes e vínculos,,2026-09-05T15:16:37.457Z
VTK018374,Calota Grid Aro 14a 872ar-pta Prata Renault Clio/ Sandero/ Logan 11/ 13 - PC / 4,Evolusom Comercial Ltda,47.8,9,FALSE,NAO_CONCLUSIVO,INCONCLUSIVOS,INCONCLUSIVO,IDENTIDADE_INCONCLUSIVA,INCONCLUSIVO,INCONCLUSIVO,SEM_EVIDENCIA_DE_DEMANDA,,,,,,,8.279935224,estimated,FALSE,EVIDENCIA_IDENTIDADE_INCOMPLETA; INCONCLUSIVO,APRESENTACAO_NAO_EXPLICITA,,Completar fontes e vínculos,,2026-09-05T15:16:37.457Z
VTK018382,Suporte Fechadura Hikvision Ds-k4h188-u Formato U,Evolusom Comercial Ltda,46.93,9,FALSE,NAO_CONCLUSIVO,INCONCLUSIVOS,INCONCLUSIVO,IDENTIDADE_INCONCLUSIVA,INCONCLUSIVO,INCONCLUSIVO,SEM_EVIDENCIA_DE_DEMANDA,,,,,,,8.279935224,estimated,FALSE,EVIDENCIA_IDENTIDADE_INCOMPLETA; INCONCLUSIVO,APRESENTACAO_NAO_EXPLICITA,,Completar fontes e vínculos,,2026-09-05T15:16:37.457Z
VTK018383,"Antena Móvel Aquário Pl-2003 Marinox Com Prolongador 2,7mts",Evolusom Comercial Ltda,164.9,9,FALSE,NAO_CONCLUSIVO,INCONCLUSIVOS,INCONCLUSIVO,IDENTIDADE_INCONCLUSIVA,INCONCLUSIVO,INCONCLUSIVO,SEM_EVIDENCIA_DE_DEMANDA,,,,,,,8.279935224,estimated,FALSE,EVIDENCIA_IDENTIDADE_INCOMPLETA; INCONCLUSIVO,APRESENTACAO_NAO_EXPLICITA,,Completar fontes e vínculos,,2026-09-05T15:16:37.457Z
VTK018387,Ultraled Shocklight S11 H13 6000k 12v 35w 4000lm,Evolusom Comercial Ltda,92.2,9,FALSE,NAO_CONCLUSIVO,INCONCLUSIVOS,INCONCLUSIVO,IDENTIDADE_INCONCLUSIVA,INCONCLUSIVO,INCONCLUSIVO,SEM_EVIDENCIA_DE_DEMANDA,,,,,,,8.279935224,estimated,FALSE,EVIDENCIA_IDENTIDADE_INCOMPLETA; INCONCLUSIVO,APRESENTACAO_NAO_EXPLICITA,,Completar fontes e vínculos,,2026-09-05T15:16:37.457Z
VTK018394,Reparo Parcial Shock P/ Tweeter Selenium St-400,Evolusom Comercial Ltda,14.9,9,FALSE,NAO_CONCLUSIVO,INCONCLUSIVOS,INCONCLUSIVO,IDENTIDADE_INCONCLUSIVA,INCONCLUSIVO,INCONCLUSIVO,SEM_EVIDENCIA_DE_DEMANDA,,,,,,,8.279935224,estimated,FALSE,EVIDENCIA_IDENTIDADE_INCOMPLETA; INCONCLUSIVO,APRESENTACAO_NAO_EXPLICITA,,Completar fontes e vínculos,,2026-09-05T15:16:37.457Z
VTK018398,"Suporte Trek Com Acabamento 4,5mm Flash Cover Ah524 Par",Evolusom Comercial Ltda,37.9,9,FALSE,NAO_CONCLUSIVO,INCONCLUSIVOS,INCONCLUSIVO,IDENTIDADE_COHERENTE,INCONCLUSIVO,INCONCLUSIVO,SEM_EVIDENCIA_DE_DEMANDA,69.3,,,,,,8.279935224,estimated,FALSE,INCONCLUSIVO,,,Completar fontes e vínculos,mercado/VTK018398.json,2026-09-05T15:16:37.457Z
VTK018400,Controle Remoto Para Alarme Veicular Pósitron Dpn72,Evolusom Comercial Ltda,59.9,9,FALSE,NAO_CONCLUSIVO,INCONCLUSIVOS,INCONCLUSIVO,IDENTIDADE_INCONCLUSIVA,INCONCLUSIVO,INCONCLUSIVO,SEM_EVIDENCIA_DE_DEMANDA,76,,,,,,8.279935224,estimated,FALSE,EVIDENCIA_IDENTIDADE_INCOMPLETA; INCONCLUSIVO,APRESENTACAO_NAO_EXPLICITA,,Completar fontes e vínculos,mercado/VTK018400.json,2026-09-05T15:16:37.457Z
VTK018403,Antena Permak Shark Branco Perola 100/m7,Evolusom Comercial Ltda,42.9,9,FALSE,NAO_CONCLUSIVO,INCONCLUSIVOS,INCONCLUSIVO,IDENTIDADE_INCONCLUSIVA,INCONCLUSIVO,INCONCLUSIVO,SEM_EVIDENCIA_DE_DEMANDA,,,,,,,8.279935224,estimated,FALSE,EVIDENCIA_IDENTIDADE_INCOMPLETA; INCONCLUSIVO,APRESENTACAO_NAO_EXPLICITA,,Completar fontes e vínculos,,2026-09-05T15:16:37.457Z
VTK018409,Climatizador Evaporativo Symphony Winter 56l 220v 60hz,Evolusom Comercial Ltda,1039.9,9,FALSE,NAO_CONCLUSIVO,INCONCLUSIVOS,INCONCLUSIVO,IDENTIDADE_INCONCLUSIVA,INCONCLUSIVO,INCONCLUSIVO,SEM_EVIDENCIA_DE_DEMANDA,1499,,,,,,8.279935224,estimated,FALSE,EVIDENCIA_IDENTIDADE_INCOMPLETA; INCONCLUSIVO,APRESENTACAO_NAO_EXPLICITA,,Completar fontes e vínculos,mercado/VTK018409.json,2026-09-05T15:16:37.457Z
VTK018410,Lona De Carreteiro Western 5x3 100g P/m2,Evolusom Comercial Ltda,80.3,9,FALSE,NAO_CONCLUSIVO,INCONCLUSIVOS,INCONCLUSIVO,IDENTIDADE_INCONCLUSIVA,INCONCLUSIVO,INCONCLUSIVO,SEM_EVIDENCIA_DE_DEMANDA,,,,,,,8.279935224,estimated,FALSE,EVIDENCIA_IDENTIDADE_INCOMPLETA; INCONCLUSIVO,APRESENTACAO_NAO_EXPLICITA,,Completar fontes e vínculos,mercado/VTK018410.json,2026-09-05T15:16:37.457Z
VTK018509,Terminal De Fio Permak Encaixe Fêmea Mini Com Trava,Evolusom Comercial Ltda,19.9,9,FALSE,NAO_CONCLUSIVO,INCONCLUSIVOS,INCONCLUSIVO,IDENTIDADE_INCONCLUSIVA,INCONCLUSIVO,INCONCLUSIVO,SEM_EVIDENCIA_DE_DEMANDA,,,,,,,8.279935224,estimated,FALSE,EVIDENCIA_IDENTIDADE_INCOMPLETA; INCONCLUSIVO,APRESENTACAO_NAO_EXPLICITA,,Completar fontes e vínculos,,2026-09-05T15:16:37.457Z
VTK019043,Cabo Paralelo Technoise 100% Cobre Cristal 2x0.75 Mm Rolo 100 Metros,Evolusom Comercial Ltda,181.9,9,FALSE,NAO_CONCLUSIVO,INCONCLUSIVOS,INCONCLUSIVO,IDENTIDADE_INCONCLUSIVA,INCONCLUSIVO,INCONCLUSIVO,SEM_EVIDENCIA_DE_DEMANDA,183,,,,,,8.279935224,estimated,FALSE,EVIDENCIA_IDENTIDADE_INCOMPLETA; INCONCLUSIVO,APRESENTACAO_NAO_EXPLICITA,,Completar fontes e vínculos,mercado/VTK019043.json,2026-09-05T15:16:37.457Z
VTK020237,Chicote De Antena Permak Para Onix/ Cobalt/ Prisma/ Spin/ Peugeot,Evolusom Comercial Ltda,15.9,9,FALSE,NAO_CONCLUSIVO,INCONCLUSIVOS,INCONCLUSIVO,IDENTIDADE_COHERENTE,INCONCLUSIVO,INCONCLUSIVO,SEM_EVIDENCIA_DE_DEMANDA,23.25,,,,,,8.279935224,estimated,FALSE,INCONCLUSIVO,APRESENTACAO_NAO_EXPLICITA,,Completar fontes e vínculos,mercado/VTK020237.json,2026-09-05T15:16:37.457Z
VTK021724,"Parafuso 4,2 X 13 Flangeado Cento - CT / 5",Evolusom Comercial Ltda,76.4,9,FALSE,NAO_CONCLUSIVO,INCONCLUSIVOS,INCONCLUSIVO,IDENTIDADE_INCONCLUSIVA,INCONCLUSIVO,INCONCLUSIVO,SEM_EVIDENCIA_DE_DEMANDA,,,,,,,8.279935224,estimated,FALSE,EVIDENCIA_IDENTIDADE_INCOMPLETA; INCONCLUSIVO,APRESENTACAO_NAO_EXPLICITA,,Completar fontes e vínculos,,2026-09-05T15:16:37.457Z
VTK023195,Cabo Displayport Nwt 5m 1.2 - PC / 5,Evolusom Comercial Ltda,127.5,9,FALSE,NAO_CONCLUSIVO,INCONCLUSIVOS,INCONCLUSIVO,IDENTIDADE_INCONCLUSIVA,INCONCLUSIVO,INCONCLUSIVO,SEM_EVIDENCIA_DE_DEMANDA,,,,,,,8.279935224,estimated,FALSE,EQUIVALENCIA_MARCA_NAO_COMPROVADA; EVIDENCIA_IDENTIDADE_INCOMPLETA; INCONCLUSIVO,APRESENTACAO_NAO_EXPLICITA,,Completar fontes e vínculos,mercado/VTK023195.json,2026-09-05T15:16:37.457Z
VTK026021,Controle Compatível Ford 2 B + P 2002 A 2013,BKR 1 Comercio e Importação Ltda,25.2,9,FALSE,NAO_CONCLUSIVO,INCONCLUSIVOS,INCONCLUSIVO,IDENTIDADE_INCONCLUSIVA,INCONCLUSIVO,INCONCLUSIVO,SEM_EVIDENCIA_DE_DEMANDA,,,,,,,8.279935224,estimated,FALSE,EVIDENCIA_IDENTIDADE_INCOMPLETA; INCONCLUSIVO,APRESENTACAO_NAO_EXPLICITA,,Completar fontes e vínculos,,2026-09-05T15:16:37.457Z
VTK026030,Capa Controle Compatível Toyota 3 B Corolla 2002 A 2008,BKR 1 Comercio e Importação Ltda,7.56,9,FALSE,NAO_CONCLUSIVO,INCONCLUSIVOS,INCONCLUSIVO,IDENTIDADE_INCONCLUSIVA,INCONCLUSIVO,INCONCLUSIVO,SEM_EVIDENCIA_DE_DEMANDA,,,,,,,8.279935224,estimated,FALSE,EVIDENCIA_IDENTIDADE_INCOMPLETA; INCONCLUSIVO,APRESENTACAO_NAO_EXPLICITA,,Completar fontes e vínculos,,2026-09-05T15:16:37.457Z
VTK026032,Capa Controle Compatível Pxn62 4 B,BKR 1 Comercio e Importação Ltda,5.9,9,FALSE,NAO_CONCLUSIVO,INCONCLUSIVOS,INCONCLUSIVO,IDENTIDADE_INCONCLUSIVA,INCONCLUSIVO,INCONCLUSIVO,SEM_EVIDENCIA_DE_DEMANDA,,,,,,,8.279935224,estimated,FALSE,EVIDENCIA_IDENTIDADE_INCOMPLETA; INCONCLUSIVO,APRESENTACAO_NAO_EXPLICITA,,Completar fontes e vínculos,,2026-09-05T15:16:37.457Z
VTK001274,Caixa de Som Frahm PS200 60w Branco (Par) - PAR / 2,Evolusom Comercial Ltda,224.9,8,FALSE,NAO_CONCLUSIVO,INCONCLUSIVOS,INCONCLUSIVO,IDENTIDADE_COHERENTE,INCONCLUSIVO,INCONCLUSIVO,SEM_EVIDENCIA_DE_DEMANDA,272.7,,,,,,8.279935224,estimated,FALSE,INCONCLUSIVO,,,Completar fontes e vínculos,mercado/VTK001274.json,2026-09-05T15:16:37.457Z
VTK002049,Caixa Medusa 28 Vias BSMED28 Preta Santo Angelo,Evolusom Comercial Ltda,244.9,8,FALSE,NAO_CONCLUSIVO,INCONCLUSIVOS,INCONCLUSIVO,IDENTIDADE_COHERENTE,INCONCLUSIVO,INCONCLUSIVO,SEM_EVIDENCIA_DE_DEMANDA,497.7,,,,,,8.279935224,estimated,FALSE,INCONCLUSIVO,APRESENTACAO_NAO_EXPLICITA,Fornecedor descreve caixa de medusa com prensa-cabo; catálogo sugere 28 conectores inclusos. Conteúdo pendente.,Completar fontes e vínculos,mercado/VTK002049.json,2026-09-05T15:16:37.457Z
VTK003403,Monitor de Referência Para Estúdio JBL 104BT Bluetooth 60W Preto,Evolusom Comercial Ltda,1399.9,8,FALSE,NAO_CONCLUSIVO,INCONCLUSIVOS,INCONCLUSIVO,IDENTIDADE_INCONCLUSIVA,INCONCLUSIVO,INCONCLUSIVO,SEM_EVIDENCIA_DE_DEMANDA,1065,,,,,,8.279935224,estimated,FALSE,COMPOSICAO_KIT_NAO_COMPROVADA; INCONCLUSIVO,,,Completar fontes e vínculos,mercado/VTK003403.json,2026-09-05T15:16:37.457Z
VTK004168,Suporte Retrátil p/ Violão/Guitarra/Baixo G3 EVOLUTION ASK,Evolusom Comercial Ltda,56.9,8,FALSE,NAO_CONCLUSIVO,INCONCLUSIVOS,INCONCLUSIVO,IDENTIDADE_COHERENTE,INCONCLUSIVO,INCONCLUSIVO,SEM_EVIDENCIA_DE_DEMANDA,88.3,,,,,,8.279935224,estimated,FALSE,INCONCLUSIVO,APRESENTACAO_NAO_EXPLICITA,,Completar fontes e vínculos,mercado/VTK004168.json,2026-09-05T15:16:37.457Z
VTK005850,Mangueira Látex 22 Metros KM122AV Verde Kepper,Evolusom Comercial Ltda,46.9,8,FALSE,NAO_CONCLUSIVO,INCONCLUSIVOS,INCONCLUSIVO,IDENTIDADE_INCONCLUSIVA,INCONCLUSIVO,INCONCLUSIVO,SEM_EVIDENCIA_DE_DEMANDA,,,,,,,8.279935224,estimated,FALSE,EVIDENCIA_IDENTIDADE_INCOMPLETA; INCONCLUSIVO,APRESENTACAO_NAO_EXPLICITA,,Completar fontes e vínculos,,2026-09-05T15:16:37.457Z
VTK012502,Polidor Spray Shine Pw-pl-03 D Addario,BKR 1 Comercio e Importação Ltda,63,8,FALSE,NAO_CONCLUSIVO,INCONCLUSIVOS,INCONCLUSIVO,IDENTIDADE_INCONCLUSIVA,INCONCLUSIVO,INCONCLUSIVO,SEM_EVIDENCIA_DE_DEMANDA,,,,,,,8.279935224,estimated,FALSE,EVIDENCIA_IDENTIDADE_INCOMPLETA; INCONCLUSIVO,APRESENTACAO_NAO_EXPLICITA,,Completar fontes e vínculos,,2026-09-05T15:16:37.457Z
VTK012895,Caixa Retorno Attack Vsm112 - Monitor Palco Passivo 12 Polegadas 300 W Rms,BKR 1 Comercio e Importação Ltda,1850.82,8,FALSE,NAO_CONCLUSIVO,INCONCLUSIVOS,INCONCLUSIVO,IDENTIDADE_COHERENTE,INCONCLUSIVO,INCONCLUSIVO,SEM_EVIDENCIA_DE_DEMANDA,2549,,,,,,8.279935224,estimated,FALSE,INCONCLUSIVO,APRESENTACAO_NAO_EXPLICITA,,Completar fontes e vínculos,mercado/VTK012895.json,2026-09-05T15:16:37.457Z
VTK017600,Refil De Tinta Epson T544322 Magenta,Evolusom Comercial Ltda,46.1,8,FALSE,NAO_CONCLUSIVO,INCONCLUSIVOS,INCONCLUSIVO,IDENTIDADE_INCONCLUSIVA,INCONCLUSIVO,INCONCLUSIVO,SEM_EVIDENCIA_DE_DEMANDA,,,,,,,8.279935224,estimated,FALSE,EVIDENCIA_IDENTIDADE_INCOMPLETA; INCONCLUSIVO,APRESENTACAO_NAO_EXPLICITA,,Completar fontes e vínculos,,2026-09-05T15:16:37.457Z
VTK017811,Calota Aro 14p 879cp-pof Mod Kwid Zen 2020,Evolusom Comercial Ltda,18.6,8,FALSE,NAO_CONCLUSIVO,INCONCLUSIVOS,INCONCLUSIVO,IDENTIDADE_INCONCLUSIVA,INCONCLUSIVO,INCONCLUSIVO,SEM_EVIDENCIA_DE_DEMANDA,,,,,,,8.279935224,estimated,FALSE,EVIDENCIA_IDENTIDADE_INCOMPLETA; INCONCLUSIVO,APRESENTACAO_NAO_EXPLICITA,,Completar fontes e vínculos,,2026-09-05T15:16:37.457Z
VTK017906,Cadeira Gamer Brx Impact Preto,Evolusom Comercial Ltda,499.9,8,FALSE,NAO_CONCLUSIVO,INCONCLUSIVOS,INCONCLUSIVO,IDENTIDADE_COHERENTE,INCONCLUSIVO,INCONCLUSIVO,SEM_EVIDENCIA_DE_DEMANDA,488,,,,,,8.279935224,estimated,FALSE,INCONCLUSIVO,APRESENTACAO_NAO_EXPLICITA,,Completar fontes e vínculos,mercado/VTK017906.json,2026-09-05T15:16:37.457Z
VTK018065,Controle Remoto Ar Condicionado Mxt Split York Alps Ec 01357,Evolusom Comercial Ltda,14.5,8,FALSE,NAO_CONCLUSIVO,INCONCLUSIVOS,INCONCLUSIVO,IDENTIDADE_INCONCLUSIVA,INCONCLUSIVO,INCONCLUSIVO,SEM_EVIDENCIA_DE_DEMANDA,32,,,,,,8.279935224,estimated,FALSE,EVIDENCIA_IDENTIDADE_INCOMPLETA; INCONCLUSIVO,APRESENTACAO_NAO_EXPLICITA,,Completar fontes e vínculos,mercado/VTK018065.json,2026-09-05T15:16:37.457Z
VTK018125,Suporte Simples Aquário B-3007 Para Antena Maria Mole E Marinox,Evolusom Comercial Ltda,29.9,8,FALSE,NAO_CONCLUSIVO,INCONCLUSIVOS,INCONCLUSIVO,IDENTIDADE_COHERENTE,INCONCLUSIVO,INCONCLUSIVO,SEM_EVIDENCIA_DE_DEMANDA,41.9,,,,,,8.279935224,estimated,FALSE,INCONCLUSIVO,APRESENTACAO_NAO_EXPLICITA,,Completar fontes e vínculos,mercado/VTK018125.json,2026-09-05T15:16:37.457Z
VTK018174,Corneta De Som Permak Lc 1480 Jarrão Preta Plástica,Evolusom Comercial Ltda,28.9,8,FALSE,NAO_CONCLUSIVO,INCONCLUSIVOS,INCONCLUSIVO,IDENTIDADE_INCONCLUSIVA,INCONCLUSIVO,INCONCLUSIVO,SEM_EVIDENCIA_DE_DEMANDA,,,,,,,8.279935224,estimated,FALSE,EVIDENCIA_IDENTIDADE_INCOMPLETA; INCONCLUSIVO,APRESENTACAO_NAO_EXPLICITA,,Completar fontes e vínculos,,2026-09-05T15:16:37.457Z
VTK018200,"Calota Aro 14"" 249ca-pta Mod Gol 2019 Ca - PC / 4",Evolusom Comercial Ltda,47.8,8,FALSE,NAO_CONCLUSIVO,INCONCLUSIVOS,INCONCLUSIVO,IDENTIDADE_INCONCLUSIVA,INCONCLUSIVO,INCONCLUSIVO,SEM_EVIDENCIA_DE_DEMANDA,,,,,,,8.279935224,estimated,FALSE,EVIDENCIA_IDENTIDADE_INCOMPLETA; INCONCLUSIVO,APRESENTACAO_NAO_EXPLICITA,,Completar fontes e vínculos,,2026-09-05T15:16:37.457Z
VTK018228,Cabo Multicabo Santo Angelo Sas 20 Vias Cobre Ofhc Metro - PC / 10,Evolusom Comercial Ltda,549.5,8,FALSE,NAO_CONCLUSIVO,INCONCLUSIVOS,INCONCLUSIVO,IDENTIDADE_INCONCLUSIVA,INCONCLUSIVO,INCONCLUSIVO,SEM_EVIDENCIA_DE_DEMANDA,,,,,,,8.279935224,estimated,FALSE,EVIDENCIA_IDENTIDADE_INCOMPLETA; INCONCLUSIVO,APRESENTACAO_NAO_EXPLICITA,,Completar fontes e vínculos,,2026-09-05T15:16:37.457Z
VTK018236,Calota Grid Aro 14p 228cb-pta Modelo Uno Attractive 2015/ 16 Cubo Baixo - PC / 4,Evolusom Comercial Ltda,47.8,8,FALSE,NAO_CONCLUSIVO,INCONCLUSIVOS,INCONCLUSIVO,IDENTIDADE_INCONCLUSIVA,INCONCLUSIVO,INCONCLUSIVO,SEM_EVIDENCIA_DE_DEMANDA,,,,,,,8.279935224,estimated,FALSE,EVIDENCIA_IDENTIDADE_INCOMPLETA; INCONCLUSIVO,APRESENTACAO_NAO_EXPLICITA,,Completar fontes e vínculos,,2026-09-05T15:16:37.457Z
VTK018247,Leitor De Código De Barras 2d Fixo Elgin El8600,Evolusom Comercial Ltda,989.9,8,FALSE,NAO_CONCLUSIVO,INCONCLUSIVOS,INCONCLUSIVO,IDENTIDADE_INCONCLUSIVA,INCONCLUSIVO,INCONCLUSIVO,SEM_EVIDENCIA_DE_DEMANDA,,,,,,,8.279935224,estimated,FALSE,EVIDENCIA_IDENTIDADE_INCOMPLETA; INCONCLUSIVO,APRESENTACAO_NAO_EXPLICITA,,Completar fontes e vínculos,,2026-09-05T15:16:37.457Z
VTK018269,"Caixa Vazia Para 1 Subwoofer 10"" Invertida Pick-up - PC / 2",Evolusom Comercial Ltda,119.8,8,FALSE,NAO_CONCLUSIVO,INCONCLUSIVOS,INCONCLUSIVO,IDENTIDADE_INCONCLUSIVA,INCONCLUSIVO,INCONCLUSIVO,SEM_EVIDENCIA_DE_DEMANDA,,,,,,,8.279935224,estimated,FALSE,EVIDENCIA_IDENTIDADE_INCOMPLETA; INCONCLUSIVO,APRESENTACAO_NAO_EXPLICITA,,Completar fontes e vínculos,,2026-09-05T15:16:37.457Z
VTK018279,Parafuso Fura Lata 3.5x25mm Cento - CT / 5,Evolusom Comercial Ltda,64.55,8,FALSE,NAO_CONCLUSIVO,INCONCLUSIVOS,INCONCLUSIVO,IDENTIDADE_INCONCLUSIVA,INCONCLUSIVO,INCONCLUSIVO,SEM_EVIDENCIA_DE_DEMANDA,,,,,,,8.279935224,estimated,FALSE,EVIDENCIA_IDENTIDADE_INCOMPLETA; INCONCLUSIVO,APRESENTACAO_NAO_EXPLICITA,,Completar fontes e vínculos,,2026-09-05T15:16:37.457Z
VTK018281,Chicote Permak Para Dvd Pioneer 7380/ 7580/ 8480 H-buster 7700/ 9200,Evolusom Comercial Ltda,24.4,8,FALSE,NAO_CONCLUSIVO,INCONCLUSIVOS,INCONCLUSIVO,IDENTIDADE_COHERENTE,INCONCLUSIVO,INCONCLUSIVO,SEM_EVIDENCIA_DE_DEMANDA,34.99,,,,,,8.279935224,estimated,FALSE,INCONCLUSIVO,APRESENTACAO_NAO_EXPLICITA,,Completar fontes e vínculos,mercado/VTK018281.json,2026-09-05T15:16:37.457Z
VTK018330,Lâmpada Led Roadstar Xtrem Light Rs-h27 19 Br - Par,Evolusom Comercial Ltda,154.9,8,FALSE,NAO_CONCLUSIVO,INCONCLUSIVOS,INCONCLUSIVO,IDENTIDADE_INCONCLUSIVA,INCONCLUSIVO,INCONCLUSIVO,SEM_EVIDENCIA_DE_DEMANDA,,,,,,,8.279935224,estimated,FALSE,EVIDENCIA_IDENTIDADE_INCOMPLETA; COMPOSICAO_KIT_NAO_COMPROVADA; INCONCLUSIVO,,,Completar fontes e vínculos,,2026-09-05T15:16:37.457Z
VTK018338,"Cabo Extensão De Antena Permak 1,50 Metros - PC / 2",Evolusom Comercial Ltda,27.8,8,FALSE,NAO_CONCLUSIVO,INCONCLUSIVOS,INCONCLUSIVO,IDENTIDADE_INCONCLUSIVA,INCONCLUSIVO,INCONCLUSIVO,SEM_EVIDENCIA_DE_DEMANDA,,,,,,,8.279935224,estimated,FALSE,EVIDENCIA_IDENTIDADE_INCOMPLETA; INCONCLUSIVO,APRESENTACAO_NAO_EXPLICITA,,Completar fontes e vínculos,,2026-09-05T15:16:37.457Z
VTK018353,Cabo Multicabo Santo Angelo Sas 12 Vias Cobre Ofhc Metro - PC / 10,Evolusom Comercial Ltda,329,8,FALSE,NAO_CONCLUSIVO,INCONCLUSIVOS,INCONCLUSIVO,IDENTIDADE_INCONCLUSIVA,INCONCLUSIVO,INCONCLUSIVO,SEM_EVIDENCIA_DE_DEMANDA,,,,,,,8.279935224,estimated,FALSE,EVIDENCIA_IDENTIDADE_INCOMPLETA; INCONCLUSIVO,APRESENTACAO_NAO_EXPLICITA,,Completar fontes e vínculos,,2026-09-05T15:16:37.457Z
VTK018360,Cabo Coaxial Cabletech Rge-06 60% Preto - Bobina 305 Metros 802216000p0cb21,Evolusom Comercial Ltda,395.9,8,FALSE,NAO_CONCLUSIVO,INCONCLUSIVOS,INCONCLUSIVO,IDENTIDADE_INCONCLUSIVA,INCONCLUSIVO,INCONCLUSIVO,SEM_EVIDENCIA_DE_DEMANDA,,,,,,,8.279935224,estimated,FALSE,EVIDENCIA_IDENTIDADE_INCOMPLETA; INCONCLUSIVO,APRESENTACAO_NAO_EXPLICITA,,Completar fontes e vínculos,,2026-09-05T15:16:37.457Z
VTK018365,Espaguete Leplast 3 Mm 100 Metros,Evolusom Comercial Ltda,22.2,8,FALSE,NAO_CONCLUSIVO,INCONCLUSIVOS,INCONCLUSIVO,IDENTIDADE_INCONCLUSIVA,INCONCLUSIVO,INCONCLUSIVO,SEM_EVIDENCIA_DE_DEMANDA,,,,,,,8.279935224,estimated,FALSE,EVIDENCIA_IDENTIDADE_INCOMPLETA; INCONCLUSIVO,APRESENTACAO_NAO_EXPLICITA,,Completar fontes e vínculos,,2026-09-05T15:16:37.457Z
VTK018423,Antena Usb Parabólica De Grade Aquário Usb-2510 2.4ghz 25 Dbi E Cabo 10m - PC / 6,Evolusom Comercial Ltda,525,8,FALSE,NAO_CONCLUSIVO,INCONCLUSIVOS,INCONCLUSIVO,IDENTIDADE_INCONCLUSIVA,INCONCLUSIVO,INCONCLUSIVO,SEM_EVIDENCIA_DE_DEMANDA,,,,,,,8.279935224,estimated,FALSE,EVIDENCIA_IDENTIDADE_INCOMPLETA; INCONCLUSIVO,APRESENTACAO_NAO_EXPLICITA,,Completar fontes e vínculos,,2026-09-05T15:16:37.457Z
VTK018427,Contra Frente Permak Toyota Hilux Sw4 2012 2 Din Preta,Evolusom Comercial Ltda,45.45,8,FALSE,NAO_CONCLUSIVO,INCONCLUSIVOS,INCONCLUSIVO,IDENTIDADE_INCONCLUSIVA,INCONCLUSIVO,INCONCLUSIVO,SEM_EVIDENCIA_DE_DEMANDA,,,,,,,8.279935224,estimated,FALSE,EVIDENCIA_IDENTIDADE_INCOMPLETA; INCONCLUSIVO,APRESENTACAO_NAO_EXPLICITA,,Completar fontes e vínculos,mercado/VTK018427.json,2026-09-05T15:16:37.457Z
VTK018428,Cabo Coaxial Cabletech Std-40+tp3 Branco 100 Metros 801214000p01cb12,Evolusom Comercial Ltda,149.9,8,FALSE,NAO_CONCLUSIVO,INCONCLUSIVOS,INCONCLUSIVO,IDENTIDADE_INCONCLUSIVA,INCONCLUSIVO,INCONCLUSIVO,SEM_EVIDENCIA_DE_DEMANDA,,,,,,,8.279935224,estimated,FALSE,EVIDENCIA_IDENTIDADE_INCOMPLETA; INCONCLUSIVO,APRESENTACAO_NAO_EXPLICITA,,Completar fontes e vínculos,,2026-09-05T15:16:37.457Z
VTK018430,Módulo De Vidro Elétrico Fks Mlv408 Conector Original Hyundai Ix35,Evolusom Comercial Ltda,84.9,8,FALSE,NAO_CONCLUSIVO,INCONCLUSIVOS,INCONCLUSIVO,IDENTIDADE_INCONCLUSIVA,INCONCLUSIVO,INCONCLUSIVO,SEM_EVIDENCIA_DE_DEMANDA,,,,,,,8.279935224,estimated,FALSE,EVIDENCIA_IDENTIDADE_INCOMPLETA; INCONCLUSIVO,APRESENTACAO_NAO_EXPLICITA,,Completar fontes e vínculos,,2026-09-05T15:16:37.457Z
VTK018442,Calota Grid Aro 13p 240ca-pta Prata Volkswagen Gol G6 2014/ 16 Cubo Alto - PC / 4,Evolusom Comercial Ltda,43.4,8,FALSE,NAO_CONCLUSIVO,INCONCLUSIVOS,INCONCLUSIVO,IDENTIDADE_INCONCLUSIVA,INCONCLUSIVO,INCONCLUSIVO,SEM_EVIDENCIA_DE_DEMANDA,,,,,,,8.279935224,estimated,FALSE,EVIDENCIA_IDENTIDADE_INCOMPLETA; INCONCLUSIVO,APRESENTACAO_NAO_EXPLICITA,,Completar fontes e vínculos,,2026-09-05T15:16:37.457Z
VTK018445,Subconjunto De Vidro Elétrico Sensorizado Almapy Celta Console 2 Portas/ 4 Portas Dianteiro Simples,Evolusom Comercial Ltda,94.4,8,FALSE,NAO_CONCLUSIVO,INCONCLUSIVOS,INCONCLUSIVO,IDENTIDADE_INCONCLUSIVA,INCONCLUSIVO,INCONCLUSIVO,SEM_EVIDENCIA_DE_DEMANDA,,,,,,,8.279935224,estimated,FALSE,EVIDENCIA_IDENTIDADE_INCOMPLETA; INCONCLUSIVO,APRESENTACAO_NAO_EXPLICITA,,Completar fontes e vínculos,,2026-09-05T15:16:37.457Z
VTK018447,Canaleta 40x15x2000 Enerbras Branca Sem Dupla Face Com Divisão - PC / 12,Evolusom Comercial Ltda,292.32,8,FALSE,NAO_CONCLUSIVO,INCONCLUSIVOS,INCONCLUSIVO,IDENTIDADE_INCONCLUSIVA,INCONCLUSIVO,INCONCLUSIVO,SEM_EVIDENCIA_DE_DEMANDA,,,,,,,8.279935224,estimated,FALSE,EVIDENCIA_IDENTIDADE_INCOMPLETA; INCONCLUSIVO,APRESENTACAO_NAO_EXPLICITA,,Completar fontes e vínculos,,2026-09-05T15:16:37.457Z
VTK018449,Central Viaweb Vw8z Gprs Ip Caixa Metálica,Evolusom Comercial Ltda,469.9,8,FALSE,NAO_CONCLUSIVO,INCONCLUSIVOS,INCONCLUSIVO,IDENTIDADE_COHERENTE,INCONCLUSIVO,INCONCLUSIVO,SEM_EVIDENCIA_DE_DEMANDA,917.41,,,,,,8.279935224,estimated,FALSE,INCONCLUSIVO,APRESENTACAO_NAO_EXPLICITA,Central de alarme Viaweb comparada com catálogo descrito como central telefônica. Categoria/função não confirmadas.,Completar fontes e vínculos,mercado/VTK018449.json,2026-09-05T15:16:37.457Z
VTK018450,Teclado Via Web 128 Para Central 128 Plus Lcd,Evolusom Comercial Ltda,174.9,8,FALSE,NAO_CONCLUSIVO,INCONCLUSIVOS,INCONCLUSIVO,IDENTIDADE_INCONCLUSIVA,INCONCLUSIVO,INCONCLUSIVO,SEM_EVIDENCIA_DE_DEMANDA,,,,,,,8.279935224,estimated,FALSE,EVIDENCIA_IDENTIDADE_INCOMPLETA; INCONCLUSIVO,APRESENTACAO_NAO_EXPLICITA,,Completar fontes e vínculos,,2026-09-05T15:16:37.457Z
VTK018452,Prolongador Aquário Ac-25 Para Mini-marinox 25cm,Evolusom Comercial Ltda,27.5,8,FALSE,NAO_CONCLUSIVO,INCONCLUSIVOS,INCONCLUSIVO,IDENTIDADE_INCONCLUSIVA,INCONCLUSIVO,INCONCLUSIVO,SEM_EVIDENCIA_DE_DEMANDA,,,,,,,8.279935224,estimated,FALSE,EVIDENCIA_IDENTIDADE_INCOMPLETA; INCONCLUSIVO,APRESENTACAO_NAO_EXPLICITA,,Completar fontes e vínculos,,2026-09-05T15:16:37.457Z
VTK018456,Calota Aro 14p 009ca-pof Mod Gol G5/ Voyage/saveiro 2009/ 11 Ca - PC / 4,Evolusom Comercial Ltda,74.4,8,FALSE,NAO_CONCLUSIVO,INCONCLUSIVOS,INCONCLUSIVO,IDENTIDADE_INCONCLUSIVA,INCONCLUSIVO,INCONCLUSIVO,SEM_EVIDENCIA_DE_DEMANDA,,,,,,,8.279935224,estimated,FALSE,EVIDENCIA_IDENTIDADE_INCOMPLETA; INCONCLUSIVO,APRESENTACAO_NAO_EXPLICITA,,Completar fontes e vínculos,,2026-09-05T15:16:37.457Z
VTK018460,Refil Tinta Epson Amarelo T673420-al,Evolusom Comercial Ltda,54.5,8,FALSE,NAO_CONCLUSIVO,INCONCLUSIVOS,INCONCLUSIVO,IDENTIDADE_INCONCLUSIVA,INCONCLUSIVO,INCONCLUSIVO,SEM_EVIDENCIA_DE_DEMANDA,,,,,,,8.279935224,estimated,FALSE,EVIDENCIA_IDENTIDADE_INCOMPLETA; INCONCLUSIVO,APRESENTACAO_NAO_EXPLICITA,,Completar fontes e vínculos,,2026-09-05T15:16:37.457Z
VTK018463,Sensor De Presença Para Iluminação Intelbras Esp 180 4823007,Evolusom Comercial Ltda,55.04,8,FALSE,NAO_CONCLUSIVO,INCONCLUSIVOS,INCONCLUSIVO,IDENTIDADE_INCONCLUSIVA,INCONCLUSIVO,INCONCLUSIVO,SEM_EVIDENCIA_DE_DEMANDA,72.29,,,,,,8.279935224,estimated,FALSE,EVIDENCIA_IDENTIDADE_INCOMPLETA; INCONCLUSIVO,APRESENTACAO_NAO_EXPLICITA,,Completar fontes e vínculos,mercado/VTK018463.json,2026-09-05T15:16:37.457Z
VTK018464,Calota Aro 15a 878ar-pof Mod Logan / Sandero 2020,Evolusom Comercial Ltda,18.6,8,FALSE,NAO_CONCLUSIVO,INCONCLUSIVOS,INCONCLUSIVO,IDENTIDADE_INCONCLUSIVA,INCONCLUSIVO,INCONCLUSIVO,SEM_EVIDENCIA_DE_DEMANDA,,,,,,,8.279935224,estimated,FALSE,EVIDENCIA_IDENTIDADE_INCOMPLETA; INCONCLUSIVO,APRESENTACAO_NAO_EXPLICITA,,Completar fontes e vínculos,,2026-09-05T15:16:37.457Z
VTK018465,Modulo De Saida Segurimax Enderecavel,Evolusom Comercial Ltda,115.25,8,FALSE,NAO_CONCLUSIVO,INCONCLUSIVOS,INCONCLUSIVO,IDENTIDADE_COHERENTE,INCONCLUSIVO,INCONCLUSIVO,SEM_EVIDENCIA_DE_DEMANDA,134.51,,,,,,8.279935224,estimated,FALSE,INCONCLUSIVO,APRESENTACAO_NAO_EXPLICITA,,Completar fontes e vínculos,mercado/VTK018465.json,2026-09-05T15:16:37.457Z
VTK018471,Bucha Permak Fecho Gol/ Voyage/ Parati/ Saveiro - Cento - 237/l2,Evolusom Comercial Ltda,72.9,8,FALSE,NAO_CONCLUSIVO,INCONCLUSIVOS,INCONCLUSIVO,IDENTIDADE_INCONCLUSIVA,INCONCLUSIVO,INCONCLUSIVO,SEM_EVIDENCIA_DE_DEMANDA,,,,,,,8.279935224,estimated,FALSE,EVIDENCIA_IDENTIDADE_INCOMPLETA; INCONCLUSIVO,APRESENTACAO_NAO_EXPLICITA,,Completar fontes e vínculos,,2026-09-05T15:16:37.457Z
VTK018474,"Suporte Trek Com Acabamento 6,5mm Flash Cover Ah1116 Par",Evolusom Comercial Ltda,37.9,8,FALSE,NAO_CONCLUSIVO,INCONCLUSIVOS,INCONCLUSIVO,IDENTIDADE_COHERENTE,INCONCLUSIVO,INCONCLUSIVO,SEM_EVIDENCIA_DE_DEMANDA,61.27,,,,,,8.279935224,estimated,FALSE,INCONCLUSIVO,,,Completar fontes e vínculos,mercado/VTK018474.json,2026-09-05T15:16:37.457Z
VTK018482,"Calota Grid Aro 14"" A 880 Ar-pbp-u Renault Kwid Outsider 2023 Preto/prata - PC / 4",Evolusom Comercial Ltda,74.4,8,FALSE,NAO_CONCLUSIVO,INCONCLUSIVOS,INCONCLUSIVO,IDENTIDADE_INCONCLUSIVA,INCONCLUSIVO,INCONCLUSIVO,SEM_EVIDENCIA_DE_DEMANDA,,,,,,,8.279935224,estimated,FALSE,EVIDENCIA_IDENTIDADE_INCOMPLETA; INCONCLUSIVO,APRESENTACAO_NAO_EXPLICITA,,Completar fontes e vínculos,,2026-09-05T15:16:37.457Z
VTK018483,Calota Grid Aro 14a 871 Ar-pta-u Renault Clio/sandero 2004 - PC / 4,Evolusom Comercial Ltda,47.8,8,FALSE,NAO_CONCLUSIVO,INCONCLUSIVOS,INCONCLUSIVO,IDENTIDADE_INCONCLUSIVA,INCONCLUSIVO,INCONCLUSIVO,SEM_EVIDENCIA_DE_DEMANDA,,,,,,,8.279935224,estimated,FALSE,EVIDENCIA_IDENTIDADE_INCOMPLETA; INCONCLUSIVO,APRESENTACAO_NAO_EXPLICITA,,Completar fontes e vínculos,,2026-09-05T15:16:37.457Z
VTK018484,"Calota Grid Aro 14"" 298cb-pta Fiat Mobi 2019/20 - PC / 4",Evolusom Comercial Ltda,47.8,8,FALSE,NAO_CONCLUSIVO,INCONCLUSIVOS,INCONCLUSIVO,IDENTIDADE_INCONCLUSIVA,INCONCLUSIVO,INCONCLUSIVO,SEM_EVIDENCIA_DE_DEMANDA,,,,,,,8.279935224,estimated,FALSE,EVIDENCIA_IDENTIDADE_INCOMPLETA; INCONCLUSIVO,APRESENTACAO_NAO_EXPLICITA,,Completar fontes e vínculos,,2026-09-05T15:16:37.457Z
VTK018486,Chave De Vela Western 16 Mm E 21 Mm,Evolusom Comercial Ltda,21.2,8,FALSE,NAO_CONCLUSIVO,INCONCLUSIVOS,INCONCLUSIVO,IDENTIDADE_INCONCLUSIVA,INCONCLUSIVO,INCONCLUSIVO,SEM_EVIDENCIA_DE_DEMANDA,,,,,,,8.279935224,estimated,FALSE,EVIDENCIA_IDENTIDADE_INCOMPLETA; INCONCLUSIVO,APRESENTACAO_NAO_EXPLICITA,,Completar fontes e vínculos,,2026-09-05T15:16:37.457Z
VTK018498,"Alto Falante Subwoofer 12"" Bravox Uxp Aviator 12-d2 600w Rms",Evolusom Comercial Ltda,417.9,8,FALSE,NAO_CONCLUSIVO,INCONCLUSIVOS,INCONCLUSIVO,IDENTIDADE_INCONCLUSIVA,INCONCLUSIVO,INCONCLUSIVO,SEM_EVIDENCIA_DE_DEMANDA,602,,,,,,8.279935224,estimated,FALSE,EVIDENCIA_IDENTIDADE_INCOMPLETA; INCONCLUSIVO,APRESENTACAO_NAO_EXPLICITA,,Completar fontes e vínculos,mercado/VTK018498.json,2026-09-05T15:16:37.457Z
VTK018506,Calculadora De Mesa Procalc Pc130-gn 12 Dígitos Verde,Evolusom Comercial Ltda,24.5,8,FALSE,NAO_CONCLUSIVO,INCONCLUSIVOS,INCONCLUSIVO,IDENTIDADE_INCONCLUSIVA,INCONCLUSIVO,INCONCLUSIVO,SEM_EVIDENCIA_DE_DEMANDA,42.75,,,,,,8.279935224,estimated,FALSE,EVIDENCIA_IDENTIDADE_INCOMPLETA; INCONCLUSIVO,APRESENTACAO_NAO_EXPLICITA,,Completar fontes e vínculos,mercado/VTK018506.json,2026-09-05T15:16:37.457Z
VTK018508,"Alto Falante 6,5"" Roadstar Marine Rs651br Coaxial Cinza - Par",Evolusom Comercial Ltda,487.9,8,FALSE,NAO_CONCLUSIVO,INCONCLUSIVOS,INCONCLUSIVO,IDENTIDADE_INCONCLUSIVA,INCONCLUSIVO,INCONCLUSIVO,SEM_EVIDENCIA_DE_DEMANDA,,,,,,,8.279935224,estimated,FALSE,EVIDENCIA_IDENTIDADE_INCOMPLETA; COMPOSICAO_KIT_NAO_COMPROVADA; INCONCLUSIVO,,,Completar fontes e vínculos,,2026-09-05T15:16:37.457Z
VTK018510,Microfone Csr Ht-48a Profissional Com Chave Anti Queda,Evolusom Comercial Ltda,89.95,8,FALSE,NAO_CONCLUSIVO,INCONCLUSIVOS,INCONCLUSIVO,IDENTIDADE_COHERENTE,INCONCLUSIVO,INCONCLUSIVO,SEM_EVIDENCIA_DE_DEMANDA,135.5,,,,,,8.279935224,estimated,FALSE,INCONCLUSIVO,APRESENTACAO_NAO_EXPLICITA,,Completar fontes e vínculos,mercado/VTK018510.json,2026-09-05T15:16:37.457Z
VTK018836,Controle Remoto Fks Cr800 04 Botões Copiador,Evolusom Comercial Ltda,28.9,8,FALSE,NAO_CONCLUSIVO,INCONCLUSIVOS,INCONCLUSIVO,IDENTIDADE_INCONCLUSIVA,INCONCLUSIVO,INCONCLUSIVO,SEM_EVIDENCIA_DE_DEMANDA,,,,,,,8.279935224,estimated,FALSE,EVIDENCIA_IDENTIDADE_INCOMPLETA; INCONCLUSIVO,APRESENTACAO_NAO_EXPLICITA,,Completar fontes e vínculos,,2026-09-05T15:16:37.457Z
VTK019301,"Caixa Vazia Para 2 Alto Falantes 6x9"" Retangular Acarpetada - PC / 2",Evolusom Comercial Ltda,97.8,8,FALSE,NAO_CONCLUSIVO,INCONCLUSIVOS,INCONCLUSIVO,IDENTIDADE_INCONCLUSIVA,INCONCLUSIVO,INCONCLUSIVO,SEM_EVIDENCIA_DE_DEMANDA,,,,,,,8.279935224,estimated,FALSE,EVIDENCIA_IDENTIDADE_INCOMPLETA; INCONCLUSIVO,APRESENTACAO_NAO_EXPLICITA,,Completar fontes e vínculos,,2026-09-05T15:16:37.457Z
VTK019386,"Caixa Vazia Para 1 Alto Falante 12"" E 1 Duto 3"" Acarpetada - PC / 2",Evolusom Comercial Ltda,129.8,8,FALSE,NAO_CONCLUSIVO,INCONCLUSIVOS,INCONCLUSIVO,IDENTIDADE_INCONCLUSIVA,INCONCLUSIVO,INCONCLUSIVO,SEM_EVIDENCIA_DE_DEMANDA,,,,,,,8.279935224,estimated,FALSE,EVIDENCIA_IDENTIDADE_INCOMPLETA; INCONCLUSIVO,APRESENTACAO_NAO_EXPLICITA,,Completar fontes e vínculos,,2026-09-05T15:16:37.457Z
VTK019535,Controle Remoto Fks Cr962 Canivete,Evolusom Comercial Ltda,49.9,8,FALSE,NAO_CONCLUSIVO,INCONCLUSIVOS,INCONCLUSIVO,IDENTIDADE_INCONCLUSIVA,INCONCLUSIVO,INCONCLUSIVO,SEM_EVIDENCIA_DE_DEMANDA,,,,,,,8.279935224,estimated,FALSE,EVIDENCIA_IDENTIDADE_INCOMPLETA; INCONCLUSIVO,APRESENTACAO_NAO_EXPLICITA,,Completar fontes e vínculos,,2026-09-05T15:16:37.457Z
VTK022052,Impressora Multifuncional Epson Ecotank L3250 Wi-fi Direct,Evolusom Comercial Ltda,1199.9,8,FALSE,NAO_CONCLUSIVO,INCONCLUSIVOS,INCONCLUSIVO,IDENTIDADE_INCONCLUSIVA,INCONCLUSIVO,INCONCLUSIVO,SEM_EVIDENCIA_DE_DEMANDA,,,,,,,8.279935224,estimated,FALSE,EVIDENCIA_IDENTIDADE_INCOMPLETA; COMPOSICAO_KIT_NAO_COMPROVADA; INCONCLUSIVO,,,Completar fontes e vínculos,,2026-09-05T15:16:37.457Z
VTK023523,Centralina Para Trava Elétrica Fks Ctl 100 Com Chicote,Evolusom Comercial Ltda,19.9,8,FALSE,NAO_CONCLUSIVO,INCONCLUSIVOS,INCONCLUSIVO,IDENTIDADE_INCONCLUSIVA,INCONCLUSIVO,INCONCLUSIVO,SEM_EVIDENCIA_DE_DEMANDA,,,,,,,8.279935224,estimated,FALSE,EVIDENCIA_IDENTIDADE_INCOMPLETA; INCONCLUSIVO,APRESENTACAO_NAO_EXPLICITA,,Completar fontes e vínculos,,2026-09-05T15:16:37.457Z
VTK026020,Capa Controle Compatível Ford 2 B + P 2002 A 2013,BKR 1 Comercio e Importação Ltda,7.56,8,FALSE,NAO_CONCLUSIVO,INCONCLUSIVOS,INCONCLUSIVO,IDENTIDADE_INCONCLUSIVA,INCONCLUSIVO,INCONCLUSIVO,SEM_EVIDENCIA_DE_DEMANDA,,,,,,,8.279935224,estimated,FALSE,EVIDENCIA_IDENTIDADE_INCOMPLETA; INCONCLUSIVO,APRESENTACAO_NAO_EXPLICITA,,Completar fontes e vínculos,,2026-09-05T15:16:37.457Z
VTK026033,Capa Controle Compatível Pxn58 4 B,BKR 1 Comercio e Importação Ltda,5.9,8,FALSE,NAO_CONCLUSIVO,INCONCLUSIVOS,INCONCLUSIVO,IDENTIDADE_INCONCLUSIVA,INCONCLUSIVO,INCONCLUSIVO,SEM_EVIDENCIA_DE_DEMANDA,,,,,,,8.279935224,estimated,FALSE,EVIDENCIA_IDENTIDADE_INCOMPLETA; INCONCLUSIVO,APRESENTACAO_NAO_EXPLICITA,,Completar fontes e vínculos,,2026-09-05T15:16:37.457Z
VTK026034,Chave Canivete Compatível Vw 3 B G5 Direct,BKR 1 Comercio e Importação Ltda,49,8,FALSE,NAO_CONCLUSIVO,INCONCLUSIVOS,INCONCLUSIVO,IDENTIDADE_INCONCLUSIVA,INCONCLUSIVO,INCONCLUSIVO,SEM_EVIDENCIA_DE_DEMANDA,,,,,,,8.279935224,estimated,FALSE,EVIDENCIA_IDENTIDADE_INCOMPLETA; INCONCLUSIVO,APRESENTACAO_NAO_EXPLICITA,,Completar fontes e vínculos,,2026-09-05T15:16:37.457Z
VTK026192,Plug Spk 4 Polos Metal Corpo Preto Amarelo 05 Un Storm,BKR 1 Comercio e Importação Ltda,42.96,8,FALSE,NAO_CONCLUSIVO,INCONCLUSIVOS,INCONCLUSIVO,IDENTIDADE_INCONCLUSIVA,INCONCLUSIVO,INCONCLUSIVO,SEM_EVIDENCIA_DE_DEMANDA,,,,,,,8.279935224,estimated,FALSE,EVIDENCIA_IDENTIDADE_INCOMPLETA; COMPOSICAO_KIT_NAO_COMPROVADA; INCONCLUSIVO,,,Completar fontes e vínculos,,2026-09-05T15:16:37.457Z
VTK001326,Mangueira Poliéster 15 Metros KM315CAP Preta Kepper,Evolusom Comercial Ltda,106.9,7,FALSE,NAO_CONCLUSIVO,INCONCLUSIVOS,INCONCLUSIVO,IDENTIDADE_INCONCLUSIVA,INCONCLUSIVO,INCONCLUSIVO,SEM_EVIDENCIA_DE_DEMANDA,,,,,,,8.279935224,estimated,FALSE,EVIDENCIA_IDENTIDADE_INCOMPLETA; INCONCLUSIVO,APRESENTACAO_NAO_EXPLICITA,,Completar fontes e vínculos,mercado/VTK001326.json,2026-09-05T15:16:37.457Z
VTK003439,Cabo Coaxial Para Celular de Mesa 10M RGC58 CF-210SMA Aquário Preto,Evolusom Comercial Ltda,67.9,7,FALSE,NAO_CONCLUSIVO,INCONCLUSIVOS,INCONCLUSIVO,IDENTIDADE_COHERENTE,INCONCLUSIVO,INCONCLUSIVO,SEM_EVIDENCIA_DE_DEMANDA,,,,,,,8.279935224,estimated,FALSE,INCONCLUSIVO,APRESENTACAO_NAO_EXPLICITA,,Completar fontes e vínculos,mercado/VTK003439.json,2026-09-05T15:16:37.457Z
VTK004724,Cabo Adaptador USB-C Para Mini DisplayPort Flex,Evolusom Comercial Ltda,37.9,7,FALSE,NAO_CONCLUSIVO,INCONCLUSIVOS,INCONCLUSIVO,IDENTIDADE_INCONCLUSIVA,INCONCLUSIVO,INCONCLUSIVO,SEM_EVIDENCIA_DE_DEMANDA,,,,,,,8.279935224,estimated,FALSE,EVIDENCIA_IDENTIDADE_INCOMPLETA; INCONCLUSIVO,APRESENTACAO_NAO_EXPLICITA,,Completar fontes e vínculos,mercado/VTK004724.json,2026-09-05T15:16:37.457Z
VTK012550,Chicote De Uso Exclusivo Das Chaves Anti Vandalismo Cabo 15cm Storm,BKR 1 Comercio e Importação Ltda,5.15,7,FALSE,NAO_CONCLUSIVO,INCONCLUSIVOS,INCONCLUSIVO,IDENTIDADE_COHERENTE,INCONCLUSIVO,INCONCLUSIVO,SEM_EVIDENCIA_DE_DEMANDA,13.14,,,,,,8.279935224,estimated,FALSE,INCONCLUSIVO,APRESENTACAO_NAO_EXPLICITA,,Completar fontes e vínculos,mercado/VTK012550.json,2026-09-05T15:16:37.457Z
VTK017422,"Fritadeira Air Fryer Oster 4,6l 127v",Evolusom Comercial Ltda,254.9,7,FALSE,NAO_CONCLUSIVO,INCONCLUSIVOS,INCONCLUSIVO,IDENTIDADE_INCONCLUSIVA,INCONCLUSIVO,INCONCLUSIVO,SEM_EVIDENCIA_DE_DEMANDA,,,,,,,8.279935224,estimated,FALSE,EVIDENCIA_IDENTIDADE_INCOMPLETA; INCONCLUSIVO,APRESENTACAO_NAO_EXPLICITA,,Completar fontes e vínculos,,2026-09-05T15:16:37.457Z
VTK017930,Chave Canivete B&s Gm Cruze/ Cobalt/ Agile 3 Botoes Sem Circuito,Evolusom Comercial Ltda,22.5,7,FALSE,NAO_CONCLUSIVO,INCONCLUSIVOS,INCONCLUSIVO,IDENTIDADE_INCONCLUSIVA,INCONCLUSIVO,INCONCLUSIVO,SEM_EVIDENCIA_DE_DEMANDA,,,,,,,8.279935224,estimated,FALSE,EVIDENCIA_IDENTIDADE_INCOMPLETA; INCONCLUSIVO,APRESENTACAO_NAO_EXPLICITA,,Completar fontes e vínculos,,2026-09-05T15:16:37.457Z
VTK018005,Alicate Amperímetro Digital Western Km-2,Evolusom Comercial Ltda,55.6,7,FALSE,NAO_CONCLUSIVO,INCONCLUSIVOS,INCONCLUSIVO,IDENTIDADE_COHERENTE,INCONCLUSIVO,INCONCLUSIVO,SEM_EVIDENCIA_DE_DEMANDA,94.9,,,,,,8.279935224,estimated,FALSE,INCONCLUSIVO,APRESENTACAO_NAO_EXPLICITA,Confirmar capacidades CA/CC e limite de corrente da ficha do catálogo com especificação completa do Western KM-2.,Completar fontes e vínculos,mercado/VTK018005.json,2026-09-05T15:16:37.457Z
VTK018021,Calota Grid Aro 14p Volkswaggen Modelo Gol/ Voyage/ Saveiro 2009/ 11 Cubo Alto - PC / 4,Evolusom Comercial Ltda,47.8,7,FALSE,NAO_CONCLUSIVO,INCONCLUSIVOS,INCONCLUSIVO,IDENTIDADE_INCONCLUSIVA,INCONCLUSIVO,INCONCLUSIVO,SEM_EVIDENCIA_DE_DEMANDA,,,,,,,8.279935224,estimated,FALSE,EVIDENCIA_IDENTIDADE_INCOMPLETA; INCONCLUSIVO,APRESENTACAO_NAO_EXPLICITA,,Completar fontes e vínculos,,2026-09-05T15:16:37.457Z
VTK018249,Lupa De Mesa Western 9050l Com Garras Para Solda,Evolusom Comercial Ltda,36.6,7,FALSE,NAO_CONCLUSIVO,INCONCLUSIVOS,INCONCLUSIVO,IDENTIDADE_INCONCLUSIVA,INCONCLUSIVO,INCONCLUSIVO,SEM_EVIDENCIA_DE_DEMANDA,38.21,,,,,,8.279935224,estimated,FALSE,EVIDENCIA_IDENTIDADE_INCOMPLETA; INCONCLUSIVO,APRESENTACAO_NAO_EXPLICITA,,Completar fontes e vínculos,mercado/VTK018249.json,2026-09-05T15:16:37.457Z
VTK018263,Reparo Jbl-selenium Rpd300 Para Driver D300/d305,Evolusom Comercial Ltda,141.9,7,FALSE,NAO_CONCLUSIVO,INCONCLUSIVOS,INCONCLUSIVO,IDENTIDADE_INCONCLUSIVA,INCONCLUSIVO,INCONCLUSIVO,SEM_EVIDENCIA_DE_DEMANDA,,,,,,,8.279935224,estimated,FALSE,EVIDENCIA_IDENTIDADE_INCOMPLETA; INCONCLUSIVO,APRESENTACAO_NAO_EXPLICITA,,Completar fontes e vínculos,,2026-09-05T15:16:37.457Z
VTK018277,Ponta Fenda Para Ferro De Solda Hikari Hk Plus Sc-30,Evolusom Comercial Ltda,23.5,7,FALSE,NAO_CONCLUSIVO,INCONCLUSIVOS,INCONCLUSIVO,IDENTIDADE_INCONCLUSIVA,INCONCLUSIVO,INCONCLUSIVO,SEM_EVIDENCIA_DE_DEMANDA,,,,,,,8.279935224,estimated,FALSE,EVIDENCIA_IDENTIDADE_INCOMPLETA; COMPOSICAO_KIT_NAO_COMPROVADA; INCONCLUSIVO,,,Completar fontes e vínculos,,2026-09-05T15:16:37.457Z
VTK018284,Calota Grid Aro 14p 059ca-pta Fiat Modelo Strada 2009 Cubo Alto - PC / 4,Evolusom Comercial Ltda,47.8,7,FALSE,NAO_CONCLUSIVO,INCONCLUSIVOS,INCONCLUSIVO,IDENTIDADE_INCONCLUSIVA,INCONCLUSIVO,INCONCLUSIVO,SEM_EVIDENCIA_DE_DEMANDA,,,,,,,8.279935224,estimated,FALSE,EVIDENCIA_IDENTIDADE_INCOMPLETA; INCONCLUSIVO,APRESENTACAO_NAO_EXPLICITA,,Completar fontes e vínculos,,2026-09-05T15:16:37.457Z
VTK018289,Calota Grid Aro 15a 127cp-pta Volkswagen Gol Power G5 2009/ 10 Cubo Padrão - PC / 4,Evolusom Comercial Ltda,66.6,7,FALSE,NAO_CONCLUSIVO,INCONCLUSIVOS,INCONCLUSIVO,IDENTIDADE_INCONCLUSIVA,INCONCLUSIVO,INCONCLUSIVO,SEM_EVIDENCIA_DE_DEMANDA,,,,,,,8.279935224,estimated,FALSE,EVIDENCIA_IDENTIDADE_INCOMPLETA; INCONCLUSIVO,APRESENTACAO_NAO_EXPLICITA,,Completar fontes e vínculos,,2026-09-05T15:16:37.457Z
VTK018296,Cabo Alimentação Rádio Px Aquário Ac-80,Evolusom Comercial Ltda,21.1,7,FALSE,NAO_CONCLUSIVO,INCONCLUSIVOS,INCONCLUSIVO,IDENTIDADE_COHERENTE,INCONCLUSIVO,INCONCLUSIVO,SEM_EVIDENCIA_DE_DEMANDA,32.84,,,,,,8.279935224,estimated,FALSE,INCONCLUSIVO,APRESENTACAO_NAO_EXPLICITA,,Completar fontes e vínculos,mercado/VTK018296.json,2026-09-05T15:16:37.457Z
VTK018314,Grampeador Tapeceiro Western 4 á 8 Mm,Evolusom Comercial Ltda,37.5,7,FALSE,NAO_CONCLUSIVO,INCONCLUSIVOS,INCONCLUSIVO,IDENTIDADE_INCONCLUSIVA,INCONCLUSIVO,INCONCLUSIVO,SEM_EVIDENCIA_DE_DEMANDA,44.99,,,,,,8.279935224,estimated,FALSE,EVIDENCIA_IDENTIDADE_INCOMPLETA; INCONCLUSIVO,APRESENTACAO_NAO_EXPLICITA,,Completar fontes e vínculos,mercado/VTK018314.json,2026-09-05T15:16:37.457Z
VTK018326,"Retrovisor Com Tela 4.3"" Roadstar Rs-520br Pro Line",Evolusom Comercial Ltda,83.9,7,FALSE,NAO_CONCLUSIVO,INCONCLUSIVOS,INCONCLUSIVO,IDENTIDADE_INCONCLUSIVA,INCONCLUSIVO,INCONCLUSIVO,SEM_EVIDENCIA_DE_DEMANDA,120.25,,,,,,8.279935224,estimated,FALSE,EVIDENCIA_IDENTIDADE_INCOMPLETA; INCONCLUSIVO,APRESENTACAO_NAO_EXPLICITA,,Completar fontes e vínculos,mercado/VTK018326.json,2026-09-05T15:16:37.457Z
VTK018347,Web Cam Logitech C270 Hd 720p 3 Megapixels Com Microfone Cor Chumbo E Preto,Evolusom Comercial Ltda,209.9,7,FALSE,NAO_CONCLUSIVO,INCONCLUSIVOS,INCONCLUSIVO,IDENTIDADE_INCONCLUSIVA,INCONCLUSIVO,INCONCLUSIVO,SEM_EVIDENCIA_DE_DEMANDA,,,,,,,8.279935224,estimated,FALSE,EVIDENCIA_IDENTIDADE_INCOMPLETA; INCONCLUSIVO,APRESENTACAO_NAO_EXPLICITA,,Completar fontes e vínculos,,2026-09-05T15:16:37.457Z
VTK018355,Cabo Flexível Remoto Technoise 100% Cobre Vermelho 2.50 Mm Rolo 100 Metros,Evolusom Comercial Ltda,196.99,7,FALSE,NAO_CONCLUSIVO,INCONCLUSIVOS,INCONCLUSIVO,IDENTIDADE_INCONCLUSIVA,INCONCLUSIVO,INCONCLUSIVO,SEM_EVIDENCIA_DE_DEMANDA,,,,,,,8.279935224,estimated,FALSE,EVIDENCIA_IDENTIDADE_INCOMPLETA; INCONCLUSIVO,APRESENTACAO_NAO_EXPLICITA,,Completar fontes e vínculos,,2026-09-05T15:16:37.457Z
VTK018371,Calota Grid Aro 13p 196cb-pta Modelo Volksvagen Up! 2015 Cubo Baixo - PC / 4,Evolusom Comercial Ltda,43.4,7,FALSE,NAO_CONCLUSIVO,INCONCLUSIVOS,INCONCLUSIVO,IDENTIDADE_INCONCLUSIVA,INCONCLUSIVO,INCONCLUSIVO,SEM_EVIDENCIA_DE_DEMANDA,,,,,,,8.279935224,estimated,FALSE,EVIDENCIA_IDENTIDADE_INCOMPLETA; INCONCLUSIVO,APRESENTACAO_NAO_EXPLICITA,,Completar fontes e vínculos,,2026-09-05T15:16:37.457Z
VTK018416,Calculadora De Mesa Procalc Pc315-gy 12 Dígitos Cinza,Evolusom Comercial Ltda,40.9,7,FALSE,NAO_CONCLUSIVO,INCONCLUSIVOS,INCONCLUSIVO,IDENTIDADE_INCONCLUSIVA,INCONCLUSIVO,INCONCLUSIVO,SEM_EVIDENCIA_DE_DEMANDA,66.4,,,,,,8.279935224,estimated,FALSE,EVIDENCIA_IDENTIDADE_INCOMPLETA; INCONCLUSIVO,APRESENTACAO_NAO_EXPLICITA,,Completar fontes e vínculos,mercado/VTK018416.json,2026-09-05T15:16:37.457Z
VTK018443,Calota Grid Aro 14p 224cb-pta Fiat Siena/ Punto 2014/ 16 Cubo Baixo - PC / 4,Evolusom Comercial Ltda,47.8,7,FALSE,NAO_CONCLUSIVO,INCONCLUSIVOS,INCONCLUSIVO,IDENTIDADE_INCONCLUSIVA,INCONCLUSIVO,INCONCLUSIVO,SEM_EVIDENCIA_DE_DEMANDA,,,,,,,8.279935224,estimated,FALSE,EVIDENCIA_IDENTIDADE_INCOMPLETA; INCONCLUSIVO,APRESENTACAO_NAO_EXPLICITA,,Completar fontes e vínculos,,2026-09-05T15:16:37.457Z
VTK018446,"Multiplicador Usb Daneva Carregador 2 Usb Saída 5v 1,5a + 2 Tomadas",Evolusom Comercial Ltda,65.9,7,FALSE,NAO_CONCLUSIVO,INCONCLUSIVOS,INCONCLUSIVO,IDENTIDADE_INCONCLUSIVA,INCONCLUSIVO,INCONCLUSIVO,SEM_EVIDENCIA_DE_DEMANDA,,,,,,,8.279935224,estimated,FALSE,EVIDENCIA_IDENTIDADE_INCOMPLETA; INCONCLUSIVO,APRESENTACAO_NAO_EXPLICITA,,Completar fontes e vínculos,mercado/VTK018446.json,2026-09-05T15:16:37.457Z
VTK018461,Refil Tinta Epson Ciano T673220al,Evolusom Comercial Ltda,54.5,7,FALSE,NAO_CONCLUSIVO,INCONCLUSIVOS,INCONCLUSIVO,IDENTIDADE_INCONCLUSIVA,INCONCLUSIVO,INCONCLUSIVO,SEM_EVIDENCIA_DE_DEMANDA,,,,,,,8.279935224,estimated,FALSE,EVIDENCIA_IDENTIDADE_INCOMPLETA; INCONCLUSIVO,APRESENTACAO_NAO_EXPLICITA,,Completar fontes e vínculos,,2026-09-05T15:16:37.457Z
VTK018467,"Parafuso 4,2 X 38 Flangeado Cento - CT / 5",Evolusom Comercial Ltda,162.9,7,FALSE,NAO_CONCLUSIVO,INCONCLUSIVOS,INCONCLUSIVO,IDENTIDADE_INCONCLUSIVA,INCONCLUSIVO,INCONCLUSIVO,SEM_EVIDENCIA_DE_DEMANDA,,,,,,,8.279935224,estimated,FALSE,EVIDENCIA_IDENTIDADE_INCOMPLETA; INCONCLUSIVO,APRESENTACAO_NAO_EXPLICITA,,Completar fontes e vínculos,,2026-09-05T15:16:37.457Z
VTK018468,Conector Permak Cd Gm Onix/ Cobalt 2018+ 35/ D13,Evolusom Comercial Ltda,26.5,7,FALSE,NAO_CONCLUSIVO,INCONCLUSIVOS,INCONCLUSIVO,IDENTIDADE_COHERENTE,INCONCLUSIVO,INCONCLUSIVO,SEM_EVIDENCIA_DE_DEMANDA,,,,,,,8.279935224,estimated,FALSE,INCONCLUSIVO,APRESENTACAO_NAO_EXPLICITA,,Completar fontes e vínculos,mercado/VTK018468.json,2026-09-05T15:16:37.457Z
VTK018473,Fusivel Permak Mega 200a - PC / 5,Evolusom Comercial Ltda,67.5,7,FALSE,NAO_CONCLUSIVO,INCONCLUSIVOS,INCONCLUSIVO,IDENTIDADE_INCONCLUSIVA,INCONCLUSIVO,INCONCLUSIVO,SEM_EVIDENCIA_DE_DEMANDA,,,,,,,8.279935224,estimated,FALSE,EVIDENCIA_IDENTIDADE_INCOMPLETA; INCONCLUSIVO,APRESENTACAO_NAO_EXPLICITA,,Completar fontes e vínculos,,2026-09-05T15:16:37.457Z
VTK018475,Suporte Trek Com Acabamento Flash Cover Sp063 Par,Evolusom Comercial Ltda,40.9,7,FALSE,NAO_CONCLUSIVO,INCONCLUSIVOS,INCONCLUSIVO,IDENTIDADE_INCONCLUSIVA,INCONCLUSIVO,INCONCLUSIVO,SEM_EVIDENCIA_DE_DEMANDA,56.05,,,,,,8.279935224,estimated,FALSE,EVIDENCIA_IDENTIDADE_INCOMPLETA; INCONCLUSIVO,,,Completar fontes e vínculos,mercado/VTK018475.json,2026-09-05T15:16:37.457Z
VTK018480,Haste Olimpus Curta New Flex M5/m6,Evolusom Comercial Ltda,44.9,7,FALSE,NAO_CONCLUSIVO,INCONCLUSIVOS,INCONCLUSIVO,IDENTIDADE_INCONCLUSIVA,INCONCLUSIVO,INCONCLUSIVO,SEM_EVIDENCIA_DE_DEMANDA,,,,,,,8.279935224,estimated,FALSE,EVIDENCIA_IDENTIDADE_INCOMPLETA; INCONCLUSIVO,APRESENTACAO_NAO_EXPLICITA,,Completar fontes e vínculos,,2026-09-05T15:16:37.457Z
VTK018512,Modulador Proeletronic ágil Pqmo-2600 Vhf / Uhf / Catv / Cftv,Evolusom Comercial Ltda,134.9,7,FALSE,NAO_CONCLUSIVO,INCONCLUSIVOS,INCONCLUSIVO,IDENTIDADE_INCONCLUSIVA,INCONCLUSIVO,INCONCLUSIVO,SEM_EVIDENCIA_DE_DEMANDA,167,,,,,,8.279935224,estimated,FALSE,EVIDENCIA_IDENTIDADE_INCOMPLETA; INCONCLUSIVO,APRESENTACAO_NAO_EXPLICITA,,Completar fontes e vínculos,mercado/VTK018512.json,2026-09-05T15:16:37.457Z
VTK018514,Caixa Vazia Para 4 Cornetas E 2 Tweeters 4x2 Acarpetada - PC / 2,Evolusom Comercial Ltda,119.8,7,FALSE,NAO_CONCLUSIVO,INCONCLUSIVOS,INCONCLUSIVO,IDENTIDADE_INCONCLUSIVA,INCONCLUSIVO,INCONCLUSIVO,SEM_EVIDENCIA_DE_DEMANDA,,,,,,,8.279935224,estimated,FALSE,EVIDENCIA_IDENTIDADE_INCOMPLETA; INCONCLUSIVO,APRESENTACAO_NAO_EXPLICITA,,Completar fontes e vínculos,,2026-09-05T15:16:37.457Z
VTK018517,Contra Frente Plástica Permak Corsa Montana Meriva 2 Din Prata 89/m2,Evolusom Comercial Ltda,24.9,7,FALSE,NAO_CONCLUSIVO,INCONCLUSIVOS,INCONCLUSIVO,IDENTIDADE_INCONCLUSIVA,INCONCLUSIVO,INCONCLUSIVO,SEM_EVIDENCIA_DE_DEMANDA,33.25,,,,,,8.279935224,estimated,FALSE,EVIDENCIA_IDENTIDADE_INCOMPLETA; INCONCLUSIVO,APRESENTACAO_NAO_EXPLICITA,,Completar fontes e vínculos,mercado/VTK018517.json,2026-09-05T15:16:37.457Z
VTK018518,Módulo De Vidro Elétrico Quantum Lv8fc50 Para Ranger 2013 2 Portas,Evolusom Comercial Ltda,85.9,7,FALSE,NAO_CONCLUSIVO,INCONCLUSIVOS,INCONCLUSIVO,IDENTIDADE_INCONCLUSIVA,INCONCLUSIVO,INCONCLUSIVO,SEM_EVIDENCIA_DE_DEMANDA,,,,,,,8.279935224,estimated,FALSE,EVIDENCIA_IDENTIDADE_INCOMPLETA; INCONCLUSIVO,APRESENTACAO_NAO_EXPLICITA,,Completar fontes e vínculos,,2026-09-05T15:16:37.457Z
VTK018519,Friso Lateral Flash 5827 Corolla Preto 4 Peças,Evolusom Comercial Ltda,121.78,7,FALSE,NAO_CONCLUSIVO,INCONCLUSIVOS,INCONCLUSIVO,IDENTIDADE_INCONCLUSIVA,INCONCLUSIVO,INCONCLUSIVO,SEM_EVIDENCIA_DE_DEMANDA,,,,,,,8.279935224,estimated,FALSE,EVIDENCIA_IDENTIDADE_INCOMPLETA; COMPOSICAO_KIT_NAO_COMPROVADA; INCONCLUSIVO,,,Completar fontes e vínculos,,2026-09-05T15:16:37.457Z
VTK018529,Cabo Para Alarme Telecam 40 X 06 Vias Cobre 100 Metros,Evolusom Comercial Ltda,78.9,7,FALSE,NAO_CONCLUSIVO,INCONCLUSIVOS,INCONCLUSIVO,IDENTIDADE_INCONCLUSIVA,INCONCLUSIVO,INCONCLUSIVO,SEM_EVIDENCIA_DE_DEMANDA,,,,,,,8.279935224,estimated,FALSE,EVIDENCIA_IDENTIDADE_INCOMPLETA; INCONCLUSIVO,APRESENTACAO_NAO_EXPLICITA,,Completar fontes e vínculos,mercado/VTK018529.json,2026-09-05T15:16:37.457Z
VTK018531,Calota Grid Aro 13p 003cb-pta Ford Modelo Ka 2002/ 03 - PC / 4,Evolusom Comercial Ltda,43.4,7,FALSE,NAO_CONCLUSIVO,INCONCLUSIVOS,INCONCLUSIVO,IDENTIDADE_INCONCLUSIVA,INCONCLUSIVO,INCONCLUSIVO,SEM_EVIDENCIA_DE_DEMANDA,,,,,,,8.279935224,estimated,FALSE,EVIDENCIA_IDENTIDADE_INCOMPLETA; INCONCLUSIVO,APRESENTACAO_NAO_EXPLICITA,,Completar fontes e vínculos,,2026-09-05T15:16:37.457Z
VTK018532,Calota Grid Aro 14a 450ar-pta Modelo Nissan March 2015 - PC / 4,Evolusom Comercial Ltda,47.8,7,FALSE,NAO_CONCLUSIVO,INCONCLUSIVOS,INCONCLUSIVO,IDENTIDADE_INCONCLUSIVA,INCONCLUSIVO,INCONCLUSIVO,SEM_EVIDENCIA_DE_DEMANDA,,,,,,,8.279935224,estimated,FALSE,EVIDENCIA_IDENTIDADE_INCOMPLETA; INCONCLUSIVO,APRESENTACAO_NAO_EXPLICITA,,Completar fontes e vínculos,,2026-09-05T15:16:37.457Z
VTK018539,Lampada Super Led Shocklight H3 12v 32w 6000k 2200lm (par) Sll-10003,Evolusom Comercial Ltda,73.65,7,FALSE,NAO_CONCLUSIVO,INCONCLUSIVOS,INCONCLUSIVO,IDENTIDADE_INCONCLUSIVA,INCONCLUSIVO,INCONCLUSIVO,SEM_EVIDENCIA_DE_DEMANDA,,,,,,,8.279935224,estimated,FALSE,EVIDENCIA_IDENTIDADE_INCOMPLETA; COMPOSICAO_KIT_NAO_COMPROVADA; INCONCLUSIVO,,,Completar fontes e vínculos,mercado/VTK018539.json,2026-09-05T15:16:37.457Z
VTK018540,Lampada Super Led Shocklight H27 12v 32w 6000k 2200lm (par) - Sll-10027,Evolusom Comercial Ltda,73.65,7,FALSE,NAO_CONCLUSIVO,INCONCLUSIVOS,INCONCLUSIVO,IDENTIDADE_INCONCLUSIVA,INCONCLUSIVO,INCONCLUSIVO,SEM_EVIDENCIA_DE_DEMANDA,,,,,,,8.279935224,estimated,FALSE,EVIDENCIA_IDENTIDADE_INCOMPLETA; COMPOSICAO_KIT_NAO_COMPROVADA; INCONCLUSIVO,,,Completar fontes e vínculos,,2026-09-05T15:16:37.457Z
VTK018542,Calota Grid Aro 15a 063ar-pta Volkswagen Fox Plus/ Space 2006 - PC / 4,Evolusom Comercial Ltda,66.6,7,FALSE,NAO_CONCLUSIVO,INCONCLUSIVOS,INCONCLUSIVO,IDENTIDADE_INCONCLUSIVA,INCONCLUSIVO,INCONCLUSIVO,SEM_EVIDENCIA_DE_DEMANDA,,,,,,,8.279935224,estimated,FALSE,EVIDENCIA_IDENTIDADE_INCOMPLETA; INCONCLUSIVO,APRESENTACAO_NAO_EXPLICITA,,Completar fontes e vínculos,,2026-09-05T15:16:37.457Z
VTK018544,Trava Eletrica Soft Aa.42.0114 Up 4portas 2014/...,Evolusom Comercial Ltda,141.9,7,FALSE,NAO_CONCLUSIVO,INCONCLUSIVOS,INCONCLUSIVO,IDENTIDADE_INCONCLUSIVA,INCONCLUSIVO,INCONCLUSIVO,SEM_EVIDENCIA_DE_DEMANDA,,,,,,,8.279935224,estimated,FALSE,EVIDENCIA_IDENTIDADE_INCOMPLETA; INCONCLUSIVO,APRESENTACAO_NAO_EXPLICITA,,Completar fontes e vínculos,,2026-09-05T15:16:37.457Z
VTK018550,Interface De Desbloqueio De Central Multimídia Original Bee Link Fiat Argo/cronos 2019,Evolusom Comercial Ltda,123.9,7,FALSE,NAO_CONCLUSIVO,INCONCLUSIVOS,INCONCLUSIVO,IDENTIDADE_INCONCLUSIVA,INCONCLUSIVO,INCONCLUSIVO,SEM_EVIDENCIA_DE_DEMANDA,,,,,,,8.279935224,estimated,FALSE,EVIDENCIA_IDENTIDADE_INCOMPLETA; INCONCLUSIVO,APRESENTACAO_NAO_EXPLICITA,,Completar fontes e vínculos,,2026-09-05T15:16:37.457Z
VTK018552,Trafo De Linha Frahm T10,Evolusom Comercial Ltda,43.9,7,FALSE,NAO_CONCLUSIVO,INCONCLUSIVOS,INCONCLUSIVO,IDENTIDADE_INCONCLUSIVA,INCONCLUSIVO,INCONCLUSIVO,SEM_EVIDENCIA_DE_DEMANDA,,,,,,,8.279935224,estimated,FALSE,EVIDENCIA_IDENTIDADE_INCOMPLETA; INCONCLUSIVO,APRESENTACAO_NAO_EXPLICITA,,Completar fontes e vínculos,,2026-09-05T15:16:37.457Z
VTK018557,"Antena Externa Para Celular Quadriband Aquário Cf-4000 800, 900, 1800 E 1900 Mhz 12 Dbi",Evolusom Comercial Ltda,79.9,7,FALSE,NAO_CONCLUSIVO,INCONCLUSIVOS,INCONCLUSIVO,IDENTIDADE_INCONCLUSIVA,INCONCLUSIVO,INCONCLUSIVO,SEM_EVIDENCIA_DE_DEMANDA,94.5,,,,,,8.279935224,estimated,FALSE,EVIDENCIA_IDENTIDADE_INCOMPLETA; INCONCLUSIVO,APRESENTACAO_NAO_EXPLICITA,,Completar fontes e vínculos,mercado/VTK018557.json,2026-09-05T15:16:37.457Z
VTK018558,Shock Reparo Driver D-300/ D-305 Selenium,Evolusom Comercial Ltda,64.9,7,FALSE,NAO_CONCLUSIVO,INCONCLUSIVOS,INCONCLUSIVO,IDENTIDADE_INCONCLUSIVA,INCONCLUSIVO,INCONCLUSIVO,SEM_EVIDENCIA_DE_DEMANDA,,,,,,,8.279935224,estimated,FALSE,EVIDENCIA_IDENTIDADE_INCOMPLETA; INCONCLUSIVO,APRESENTACAO_NAO_EXPLICITA,,Completar fontes e vínculos,,2026-09-05T15:16:37.457Z
VTK018567,Dvr Citrox 4 Canais Xvr Gp3 5mp Multi Modo,Evolusom Comercial Ltda,294.9,7,FALSE,NAO_CONCLUSIVO,INCONCLUSIVOS,INCONCLUSIVO,IDENTIDADE_COHERENTE,INCONCLUSIVO,INCONCLUSIVO,SEM_EVIDENCIA_DE_DEMANDA,342,,,,,,8.279935224,estimated,FALSE,INCONCLUSIVO,APRESENTACAO_NAO_EXPLICITA,,Completar fontes e vínculos,mercado/VTK018567.json,2026-09-05T15:16:37.457Z
VTK018571,Gravador De Vídeo Em Rede Tp-link Vigi Nvr1004h-4p Poe+ 4 Canais,Evolusom Comercial Ltda,561.9,7,FALSE,NAO_CONCLUSIVO,INCONCLUSIVOS,INCONCLUSIVO,IDENTIDADE_COHERENTE,INCONCLUSIVO,INCONCLUSIVO,SEM_EVIDENCIA_DE_DEMANDA,781.97,,,,,,8.279935224,estimated,FALSE,INCONCLUSIVO,APRESENTACAO_NAO_EXPLICITA,,Completar fontes e vínculos,mercado/VTK018571.json,2026-09-05T15:16:37.457Z
VTK018574,"Calota Grid Aro 14"" 077cb-pta Modelo Uno Attractive 1.4 2011 - PC / 4",Evolusom Comercial Ltda,47.8,7,FALSE,NAO_CONCLUSIVO,INCONCLUSIVOS,INCONCLUSIVO,IDENTIDADE_INCONCLUSIVA,INCONCLUSIVO,INCONCLUSIVO,SEM_EVIDENCIA_DE_DEMANDA,,,,,,,8.279935224,estimated,FALSE,EVIDENCIA_IDENTIDADE_INCOMPLETA; INCONCLUSIVO,APRESENTACAO_NAO_EXPLICITA,,Completar fontes e vínculos,,2026-09-05T15:16:37.457Z
VTK018581,Inversor Solar Saj R5-3k-s1-15 Mono 220v 1mppt,Evolusom Comercial Ltda,1556.4,7,FALSE,NAO_CONCLUSIVO,INCONCLUSIVOS,INCONCLUSIVO,IDENTIDADE_INCONCLUSIVA,INCONCLUSIVO,INCONCLUSIVO,SEM_EVIDENCIA_DE_DEMANDA,,,,,,,8.279935224,estimated,FALSE,EVIDENCIA_IDENTIDADE_INCOMPLETA; INCONCLUSIVO,APRESENTACAO_NAO_EXPLICITA,,Completar fontes e vínculos,,2026-09-05T15:16:37.457Z
VTK018585,Kit De Lâmpada Tarponn Tp-6108 Ultraled Hb4 12v 40w,Evolusom Comercial Ltda,59.9,7,FALSE,NAO_CONCLUSIVO,INCONCLUSIVOS,INCONCLUSIVO,IDENTIDADE_INCONCLUSIVA,INCONCLUSIVO,INCONCLUSIVO,SEM_EVIDENCIA_DE_DEMANDA,,,,,,,8.279935224,estimated,FALSE,EVIDENCIA_IDENTIDADE_INCOMPLETA; COMPOSICAO_KIT_NAO_COMPROVADA; INCONCLUSIVO,,,Completar fontes e vínculos,,2026-09-05T15:16:37.457Z
VTK018939,Mini Rack Max Economic 19 05 X 350 Mm Preto,Evolusom Comercial Ltda,112.9,7,FALSE,NAO_CONCLUSIVO,INCONCLUSIVOS,INCONCLUSIVO,IDENTIDADE_INCONCLUSIVA,INCONCLUSIVO,INCONCLUSIVO,SEM_EVIDENCIA_DE_DEMANDA,139.38,,,,,,8.279935224,estimated,FALSE,EVIDENCIA_IDENTIDADE_INCOMPLETA; INCONCLUSIVO,APRESENTACAO_NAO_EXPLICITA,,Completar fontes e vínculos,mercado/VTK018939.json,2026-09-05T15:16:37.457Z
VTK019016,Cabo Coaxial Cabletech Rge-58 75% Preto 100 Metros,Evolusom Comercial Ltda,413.9,7,FALSE,NAO_CONCLUSIVO,INCONCLUSIVOS,INCONCLUSIVO,IDENTIDADE_INCONCLUSIVA,INCONCLUSIVO,INCONCLUSIVO,SEM_EVIDENCIA_DE_DEMANDA,,,,,,,8.279935224,estimated,FALSE,EVIDENCIA_IDENTIDADE_INCOMPLETA; INCONCLUSIVO,APRESENTACAO_NAO_EXPLICITA,,Completar fontes e vínculos,,2026-09-05T15:16:37.457Z
VTK019497,Chicote Original Toyota Permak 35/y,Evolusom Comercial Ltda,18.9,7,FALSE,NAO_CONCLUSIVO,INCONCLUSIVOS,INCONCLUSIVO,IDENTIDADE_COHERENTE,INCONCLUSIVO,INCONCLUSIVO,SEM_EVIDENCIA_DE_DEMANDA,15.39,,,,,,8.279935224,estimated,FALSE,INCONCLUSIVO,APRESENTACAO_NAO_EXPLICITA,,Completar fontes e vínculos,mercado/VTK019497.json,2026-09-05T15:16:37.457Z
VTK019852,Cabo Flexível Remoto Technoise 100% Cobre Preto 2.50mm Rolo 100 Metros,Evolusom Comercial Ltda,214.9,7,FALSE,NAO_CONCLUSIVO,INCONCLUSIVOS,INCONCLUSIVO,IDENTIDADE_INCONCLUSIVA,INCONCLUSIVO,INCONCLUSIVO,SEM_EVIDENCIA_DE_DEMANDA,279.7,,,,,,8.279935224,estimated,FALSE,EVIDENCIA_IDENTIDADE_INCOMPLETA; INCONCLUSIVO,APRESENTACAO_NAO_EXPLICITA,,Completar fontes e vínculos,mercado/VTK019852.json,2026-09-05T15:16:37.457Z
VTK022504,"Caixa Vazia 1 Alto-falante 8"" Dutada",Evolusom Comercial Ltda,52.9,7,FALSE,NAO_CONCLUSIVO,INCONCLUSIVOS,INCONCLUSIVO,IDENTIDADE_INCONCLUSIVA,INCONCLUSIVO,INCONCLUSIVO,SEM_EVIDENCIA_DE_DEMANDA,,,,,,,8.279935224,estimated,FALSE,EVIDENCIA_IDENTIDADE_INCOMPLETA; INCONCLUSIVO,APRESENTACAO_NAO_EXPLICITA,,Completar fontes e vínculos,,2026-09-05T15:16:37.457Z
VTK023717,Terminal De Fio Permak Encaixe Macho Espadão,Evolusom Comercial Ltda,33.9,7,FALSE,NAO_CONCLUSIVO,INCONCLUSIVOS,INCONCLUSIVO,IDENTIDADE_INCONCLUSIVA,INCONCLUSIVO,INCONCLUSIVO,SEM_EVIDENCIA_DE_DEMANDA,,,,,,,8.279935224,estimated,FALSE,EVIDENCIA_IDENTIDADE_INCOMPLETA; INCONCLUSIVO,APRESENTACAO_NAO_EXPLICITA,,Completar fontes e vínculos,,2026-09-05T15:16:37.457Z
VTK026165,Conector P10 Stereo Metal Prata Gold Storm 5 Unidades,BKR 1 Comercio e Importação Ltda,55.32,7,FALSE,NAO_CONCLUSIVO,INCONCLUSIVOS,INCONCLUSIVO,IDENTIDADE_INCONCLUSIVA,INCONCLUSIVO,INCONCLUSIVO,SEM_EVIDENCIA_DE_DEMANDA,,,,,,,8.279935224,estimated,FALSE,EVIDENCIA_IDENTIDADE_INCOMPLETA; COMPOSICAO_KIT_NAO_COMPROVADA; INCONCLUSIVO,,,Completar fontes e vínculos,,2026-09-05T15:16:37.457Z
VTK026168,Hub 5 Em 1 Plug Usb Tipo C Storm,BKR 1 Comercio e Importação Ltda,31.52,7,FALSE,NAO_CONCLUSIVO,INCONCLUSIVOS,INCONCLUSIVO,IDENTIDADE_INCONCLUSIVA,INCONCLUSIVO,INCONCLUSIVO,SEM_EVIDENCIA_DE_DEMANDA,,,,,,,8.279935224,estimated,FALSE,EVIDENCIA_IDENTIDADE_INCOMPLETA; INCONCLUSIVO,APRESENTACAO_NAO_EXPLICITA,,Completar fontes e vínculos,,2026-09-05T15:16:37.457Z
VTK001060,"Fio Stereo Philips 2x0,20mm Preto TIAFLEX - RL / 100",Evolusom Comercial Ltda,479.9,6,FALSE,NAO_CONCLUSIVO,INCONCLUSIVOS,INCONCLUSIVO,IDENTIDADE_INCONCLUSIVA,INCONCLUSIVO,INCONCLUSIVO,SEM_EVIDENCIA_DE_DEMANDA,,,,,,,8.279935224,estimated,FALSE,EVIDENCIA_IDENTIDADE_INCOMPLETA; INCONCLUSIVO,APRESENTACAO_NAO_EXPLICITA,,Completar fontes e vínculos,mercado/VTK001060.json,2026-09-05T15:16:37.457Z
VTK001230,Arandela Quadrada JBL 6CO3Q+ 140w Branca - PAR / 2,Evolusom Comercial Ltda,549.9,6,FALSE,NAO_CONCLUSIVO,INCONCLUSIVOS,INCONCLUSIVO,IDENTIDADE_INCONCLUSIVA,INCONCLUSIVO,INCONCLUSIVO,SEM_EVIDENCIA_DE_DEMANDA,587,,,,,,8.279935224,estimated,FALSE,EVIDENCIA_IDENTIDADE_INCOMPLETA; INCONCLUSIVO,,,Completar fontes e vínculos,mercado/VTK001230.json,2026-09-05T15:16:37.457Z
VTK003488,Cabo Coaxial Para Celular de Mesa 15M RGC58 CF-215SMA Aquário Preto,Evolusom Comercial Ltda,94.9,6,FALSE,NAO_CONCLUSIVO,INCONCLUSIVOS,INCONCLUSIVO,IDENTIDADE_COHERENTE,INCONCLUSIVO,INCONCLUSIVO,SEM_EVIDENCIA_DE_DEMANDA,116,,,,,,8.279935224,estimated,FALSE,INCONCLUSIVO,APRESENTACAO_NAO_EXPLICITA,,Completar fontes e vínculos,mercado/VTK003488.json,2026-09-05T15:16:37.457Z
VTK003639,Conector CAT.5 RJ 45 PGMD0001 Storm - PCT / 100,BKR 1 Comercio e Importação Ltda,13.04,6,FALSE,NAO_CONCLUSIVO,INCONCLUSIVOS,INCONCLUSIVO,IDENTIDADE_INCONCLUSIVA,INCONCLUSIVO,INCONCLUSIVO,SEM_EVIDENCIA_DE_DEMANDA,27.25,,,,,,8.279935224,estimated,FALSE,EVIDENCIA_IDENTIDADE_INCOMPLETA; COMPOSICAO_KIT_NAO_COMPROVADA; INCONCLUSIVO,,,Completar fontes e vínculos,mercado/VTK003639.json,2026-09-05T15:16:37.457Z
VTK012233,"Palheta Bori Grl At-r16102 Picker 0,73 Mm (azul) R21003 10un",BKR 1 Comercio e Importação Ltda,10.18,6,FALSE,NAO_CONCLUSIVO,INCONCLUSIVOS,INCONCLUSIVO,IDENTIDADE_INCONCLUSIVA,INCONCLUSIVO,INCONCLUSIVO,SEM_EVIDENCIA_DE_DEMANDA,,,,,,,8.279935224,estimated,FALSE,EVIDENCIA_IDENTIDADE_INCOMPLETA; COMPOSICAO_KIT_NAO_COMPROVADA; INCONCLUSIVO,,,Completar fontes e vínculos,,2026-09-05T15:16:37.457Z
VTK012320,"Palheta Bori Grl At-r16136 Drip Gota 2,50 Mm (azul) R21019 10un",BKR 1 Comercio e Importação Ltda,10,6,FALSE,NAO_CONCLUSIVO,INCONCLUSIVOS,INCONCLUSIVO,IDENTIDADE_INCONCLUSIVA,INCONCLUSIVO,INCONCLUSIVO,SEM_EVIDENCIA_DE_DEMANDA,,,,,,,8.279935224,estimated,FALSE,EVIDENCIA_IDENTIDADE_INCOMPLETA; COMPOSICAO_KIT_NAO_COMPROVADA; INCONCLUSIVO,,,Completar fontes e vínculos,,2026-09-05T15:16:37.457Z
VTK012982,Correia Vt Sl 53 Bordo Floral Basso,BKR 1 Comercio e Importação Ltda,71.33,6,FALSE,NAO_CONCLUSIVO,INCONCLUSIVOS,INCONCLUSIVO,IDENTIDADE_INCONCLUSIVA,INCONCLUSIVO,INCONCLUSIVO,SEM_EVIDENCIA_DE_DEMANDA,,,,,,,8.279935224,estimated,FALSE,COMPOSICAO_KIT_NAO_COMPROVADA; INCONCLUSIVO,,,Completar fontes e vínculos,mercado/VTK012982.json,2026-09-05T15:16:37.457Z
VTK017753,Calota Grid Aro 13p 042cb-pta Gm Modelo Celta 2012/ 15 Cubo Baixo - PC / 4,Evolusom Comercial Ltda,43.4,6,FALSE,NAO_CONCLUSIVO,INCONCLUSIVOS,INCONCLUSIVO,IDENTIDADE_INCONCLUSIVA,INCONCLUSIVO,INCONCLUSIVO,SEM_EVIDENCIA_DE_DEMANDA,,,,,,,8.279935224,estimated,FALSE,EVIDENCIA_IDENTIDADE_INCOMPLETA; INCONCLUSIVO,APRESENTACAO_NAO_EXPLICITA,,Completar fontes e vínculos,,2026-09-05T15:16:37.457Z
VTK017870,Calota Grid 246cp-pta Aro 15 P Mod Gol/voyage G7 2017/18 - PC / 4,Evolusom Comercial Ltda,66.6,6,FALSE,NAO_CONCLUSIVO,INCONCLUSIVOS,INCONCLUSIVO,IDENTIDADE_INCONCLUSIVA,INCONCLUSIVO,INCONCLUSIVO,SEM_EVIDENCIA_DE_DEMANDA,,,,,,,8.279935224,estimated,FALSE,EVIDENCIA_IDENTIDADE_INCOMPLETA; INCONCLUSIVO,APRESENTACAO_NAO_EXPLICITA,,Completar fontes e vínculos,,2026-09-05T15:16:37.457Z
VTK018119,"Tela Para Alto Falante Profissional Permak Furo Quadrado 12"" - PC / 2",Evolusom Comercial Ltda,27.8,6,FALSE,NAO_CONCLUSIVO,INCONCLUSIVOS,INCONCLUSIVO,IDENTIDADE_INCONCLUSIVA,INCONCLUSIVO,INCONCLUSIVO,SEM_EVIDENCIA_DE_DEMANDA,,,,,,,8.279935224,estimated,FALSE,EVIDENCIA_IDENTIDADE_INCOMPLETA; INCONCLUSIVO,APRESENTACAO_NAO_EXPLICITA,,Completar fontes e vínculos,,2026-09-05T15:16:37.457Z
VTK018170,"Aro Espaçador Permak Bafles 6x9"" Plástico Para Alto Falante Par",Evolusom Comercial Ltda,15.7,6,FALSE,NAO_CONCLUSIVO,INCONCLUSIVOS,INCONCLUSIVO,IDENTIDADE_INCONCLUSIVA,INCONCLUSIVO,INCONCLUSIVO,SEM_EVIDENCIA_DE_DEMANDA,,,,,,,8.279935224,estimated,FALSE,EVIDENCIA_IDENTIDADE_INCOMPLETA; COMPOSICAO_KIT_NAO_COMPROVADA; INCONCLUSIVO,,,Completar fontes e vínculos,,2026-09-05T15:16:37.457Z
VTK018192,Calota Grid Aro 15p 123cp-pta Ford New Fiesta 2014/ 16 Cubo Padrão - PC / 4,Evolusom Comercial Ltda,66.6,6,FALSE,NAO_CONCLUSIVO,INCONCLUSIVOS,INCONCLUSIVO,IDENTIDADE_INCONCLUSIVA,INCONCLUSIVO,INCONCLUSIVO,SEM_EVIDENCIA_DE_DEMANDA,,,,,,,8.279935224,estimated,FALSE,EVIDENCIA_IDENTIDADE_INCOMPLETA; INCONCLUSIVO,APRESENTACAO_NAO_EXPLICITA,,Completar fontes e vínculos,,2026-09-05T15:16:37.457Z
VTK018206,Calota Aro 14p 187cb-pta Mod Hb20 2020 - PC / 4,Evolusom Comercial Ltda,47.8,6,FALSE,NAO_CONCLUSIVO,INCONCLUSIVOS,INCONCLUSIVO,IDENTIDADE_INCONCLUSIVA,INCONCLUSIVO,INCONCLUSIVO,SEM_EVIDENCIA_DE_DEMANDA,,,,,,,8.279935224,estimated,FALSE,EVIDENCIA_IDENTIDADE_INCOMPLETA; INCONCLUSIVO,APRESENTACAO_NAO_EXPLICITA,,Completar fontes e vínculos,,2026-09-05T15:16:37.457Z
VTK018251,"Calota Grid 250cp-pta Aro 15"" Modelo Gol, Voyage E Saveiro 2023 - PC / 4",Evolusom Comercial Ltda,66.6,6,FALSE,NAO_CONCLUSIVO,INCONCLUSIVOS,INCONCLUSIVO,IDENTIDADE_INCONCLUSIVA,INCONCLUSIVO,INCONCLUSIVO,SEM_EVIDENCIA_DE_DEMANDA,,,,,,,8.279935224,estimated,FALSE,EVIDENCIA_IDENTIDADE_INCOMPLETA; INCONCLUSIVO,APRESENTACAO_NAO_EXPLICITA,,Completar fontes e vínculos,,2026-09-05T15:16:37.457Z
VTK018313,Alicate Miniatura Meia Cana Western Bico Longo,Evolusom Comercial Ltda,11.2,6,FALSE,NAO_CONCLUSIVO,INCONCLUSIVOS,INCONCLUSIVO,IDENTIDADE_INCONCLUSIVA,INCONCLUSIVO,INCONCLUSIVO,SEM_EVIDENCIA_DE_DEMANDA,22.7,,,,,,8.279935224,estimated,FALSE,EVIDENCIA_IDENTIDADE_INCOMPLETA; INCONCLUSIVO,APRESENTACAO_NAO_EXPLICITA,,Completar fontes e vínculos,mercado/VTK018313.json,2026-09-05T15:16:37.457Z
VTK018352,Cabo Para Microfone Santo Angelo Sc-20 Balanceado Azul 100 Metros,Evolusom Comercial Ltda,439.9,6,FALSE,NAO_CONCLUSIVO,INCONCLUSIVOS,INCONCLUSIVO,IDENTIDADE_INCONCLUSIVA,INCONCLUSIVO,INCONCLUSIVO,SEM_EVIDENCIA_DE_DEMANDA,1193.51,,,,,,8.279935224,estimated,FALSE,EVIDENCIA_IDENTIDADE_INCOMPLETA; INCONCLUSIVO,APRESENTACAO_NAO_EXPLICITA,,Completar fontes e vínculos,mercado/VTK018352.json,2026-09-05T15:16:37.457Z
VTK018375,"Cabinho Auto Tiaflex 0,10 Mm Amarelo 100 Metros 101003",Evolusom Comercial Ltda,43.9,6,FALSE,NAO_CONCLUSIVO,INCONCLUSIVOS,INCONCLUSIVO,IDENTIDADE_INCONCLUSIVA,INCONCLUSIVO,INCONCLUSIVO,SEM_EVIDENCIA_DE_DEMANDA,,,,,,,8.279935224,estimated,FALSE,EVIDENCIA_IDENTIDADE_INCOMPLETA; INCONCLUSIVO,APRESENTACAO_NAO_EXPLICITA,,Completar fontes e vínculos,mercado/VTK018375.json,2026-09-05T15:16:37.457Z
VTK018406,Cabo De Bateria Crk 21.00mm 25m Vermelho,Evolusom Comercial Ltda,496.9,6,FALSE,NAO_CONCLUSIVO,INCONCLUSIVOS,INCONCLUSIVO,IDENTIDADE_INCONCLUSIVA,INCONCLUSIVO,INCONCLUSIVO,SEM_EVIDENCIA_DE_DEMANDA,499,,,,,,8.279935224,estimated,FALSE,EVIDENCIA_IDENTIDADE_INCOMPLETA; INCONCLUSIVO,APRESENTACAO_NAO_EXPLICITA,,Completar fontes e vínculos,mercado/VTK018406.json,2026-09-05T15:16:37.457Z
VTK018407,Cabo De Bateria Crk 9.00mm 25m Vermelho,Evolusom Comercial Ltda,177.9,6,FALSE,NAO_CONCLUSIVO,INCONCLUSIVOS,INCONCLUSIVO,IDENTIDADE_INCONCLUSIVA,INCONCLUSIVO,INCONCLUSIVO,SEM_EVIDENCIA_DE_DEMANDA,,,,,,,8.279935224,estimated,FALSE,EVIDENCIA_IDENTIDADE_INCOMPLETA; INCONCLUSIVO,APRESENTACAO_NAO_EXPLICITA,,Completar fontes e vínculos,mercado/VTK018407.json,2026-09-05T15:16:37.457Z
VTK018420,Lâmpada Led Projetor Roadstar Mini Lens Rsh7 17br H7 - Par,Evolusom Comercial Ltda,159.9,6,FALSE,NAO_CONCLUSIVO,INCONCLUSIVOS,INCONCLUSIVO,IDENTIDADE_INCONCLUSIVA,INCONCLUSIVO,INCONCLUSIVO,SEM_EVIDENCIA_DE_DEMANDA,,,,,,,8.279935224,estimated,FALSE,EVIDENCIA_IDENTIDADE_INCOMPLETA; COMPOSICAO_KIT_NAO_COMPROVADA; INCONCLUSIVO,,,Completar fontes e vínculos,,2026-09-05T15:16:37.457Z
VTK018459,Evus Ev-12 Decapador Roletador Longitudinal 8/ 32mm,Evolusom Comercial Ltda,49.9,6,FALSE,NAO_CONCLUSIVO,INCONCLUSIVOS,INCONCLUSIVO,IDENTIDADE_INCONCLUSIVA,INCONCLUSIVO,INCONCLUSIVO,SEM_EVIDENCIA_DE_DEMANDA,,,,,,,8.279935224,estimated,FALSE,EVIDENCIA_IDENTIDADE_INCOMPLETA; INCONCLUSIVO,APRESENTACAO_NAO_EXPLICITA,,Completar fontes e vínculos,mercado/VTK018459.json,2026-09-05T15:16:37.457Z
VTK018504,Lâmpada Led Roadstar Mini Lens Rs-h4 17 Br Led Line - Par,Evolusom Comercial Ltda,174.9,6,FALSE,NAO_CONCLUSIVO,INCONCLUSIVOS,INCONCLUSIVO,IDENTIDADE_INCONCLUSIVA,INCONCLUSIVO,INCONCLUSIVO,SEM_EVIDENCIA_DE_DEMANDA,,,,,,,8.279935224,estimated,FALSE,EVIDENCIA_IDENTIDADE_INCOMPLETA; COMPOSICAO_KIT_NAO_COMPROVADA; INCONCLUSIVO,,,Completar fontes e vínculos,,2026-09-05T15:16:37.457Z
VTK018505,Módulo Para Reboque Fks Mr200 Plus 5 Saídas,Evolusom Comercial Ltda,64.9,6,FALSE,NAO_CONCLUSIVO,INCONCLUSIVOS,INCONCLUSIVO,IDENTIDADE_COHERENTE,INCONCLUSIVO,INCONCLUSIVO,SEM_EVIDENCIA_DE_DEMANDA,67.06,,,,,,8.279935224,estimated,FALSE,INCONCLUSIVO,APRESENTACAO_NAO_EXPLICITA,,Completar fontes e vínculos,mercado/VTK018505.json,2026-09-05T15:16:37.457Z
VTK018547,Caixa Metálica Universal Para Central Alarme,Evolusom Comercial Ltda,31.02,6,FALSE,NAO_CONCLUSIVO,INCONCLUSIVOS,INCONCLUSIVO,IDENTIDADE_INCONCLUSIVA,INCONCLUSIVO,INCONCLUSIVO,SEM_EVIDENCIA_DE_DEMANDA,,,,,,,8.279935224,estimated,FALSE,EVIDENCIA_IDENTIDADE_INCOMPLETA; INCONCLUSIVO,APRESENTACAO_NAO_EXPLICITA,,Completar fontes e vínculos,,2026-09-05T15:16:37.457Z
VTK018548,Caixa R.l.p. Residence Vazia 1 A.f. 12 + Dr + Tw + Rádio + Duto,Evolusom Comercial Ltda,89.9,6,FALSE,NAO_CONCLUSIVO,INCONCLUSIVOS,INCONCLUSIVO,IDENTIDADE_INCONCLUSIVA,INCONCLUSIVO,INCONCLUSIVO,SEM_EVIDENCIA_DE_DEMANDA,,,,,,,8.279935224,estimated,FALSE,EVIDENCIA_IDENTIDADE_INCOMPLETA; INCONCLUSIVO,APRESENTACAO_NAO_EXPLICITA,,Completar fontes e vínculos,,2026-09-05T15:16:37.457Z
VTK018563,Parafuso Permak Com Rosca Roberba 22mm - Cento - PC / 5,Evolusom Comercial Ltda,88.25,6,FALSE,NAO_CONCLUSIVO,INCONCLUSIVOS,INCONCLUSIVO,IDENTIDADE_INCONCLUSIVA,INCONCLUSIVO,INCONCLUSIVO,SEM_EVIDENCIA_DE_DEMANDA,,,,,,,8.279935224,estimated,FALSE,EVIDENCIA_IDENTIDADE_INCOMPLETA; INCONCLUSIVO,APRESENTACAO_NAO_EXPLICITA,,Completar fontes e vínculos,,2026-09-05T15:16:37.457Z
VTK018589,Cabo Cftv Mpt Cable 4p X 24awg Cmx 305m Azul,Evolusom Comercial Ltda,559.9,6,FALSE,NAO_CONCLUSIVO,INCONCLUSIVOS,INCONCLUSIVO,IDENTIDADE_INCONCLUSIVA,INCONCLUSIVO,INCONCLUSIVO,SEM_EVIDENCIA_DE_DEMANDA,,,,,,,8.279935224,estimated,FALSE,EVIDENCIA_IDENTIDADE_INCOMPLETA; INCONCLUSIVO,APRESENTACAO_NAO_EXPLICITA,,Completar fontes e vínculos,,2026-09-05T15:16:37.457Z
VTK018593,"Cabo Extensão De Antena Permak 3,80 Metros",Evolusom Comercial Ltda,21.9,6,FALSE,NAO_CONCLUSIVO,INCONCLUSIVOS,INCONCLUSIVO,IDENTIDADE_INCONCLUSIVA,INCONCLUSIVO,INCONCLUSIVO,SEM_EVIDENCIA_DE_DEMANDA,,,,,,,8.279935224,estimated,FALSE,EVIDENCIA_IDENTIDADE_INCOMPLETA; INCONCLUSIVO,APRESENTACAO_NAO_EXPLICITA,,Completar fontes e vínculos,mercado/VTK018593.json,2026-09-05T15:16:37.457Z
VTK018596,Trava Elétrica Soft Aa420035 Gol G-5 4portas Monoserventia,Evolusom Comercial Ltda,192.9,6,FALSE,NAO_CONCLUSIVO,INCONCLUSIVOS,INCONCLUSIVO,IDENTIDADE_INCONCLUSIVA,INCONCLUSIVO,INCONCLUSIVO,SEM_EVIDENCIA_DE_DEMANDA,,,,,,,8.279935224,estimated,FALSE,EVIDENCIA_IDENTIDADE_INCOMPLETA; INCONCLUSIVO,APRESENTACAO_NAO_EXPLICITA,,Completar fontes e vínculos,,2026-09-05T15:16:37.457Z
VTK018597,Centralina Tech Line Lw-g5,Evolusom Comercial Ltda,18.39,6,FALSE,NAO_CONCLUSIVO,INCONCLUSIVOS,INCONCLUSIVO,IDENTIDADE_INCONCLUSIVA,INCONCLUSIVO,INCONCLUSIVO,SEM_EVIDENCIA_DE_DEMANDA,,,,,,,8.279935224,estimated,FALSE,EVIDENCIA_IDENTIDADE_INCOMPLETA; INCONCLUSIVO,APRESENTACAO_NAO_EXPLICITA,,Completar fontes e vínculos,,2026-09-05T15:16:37.457Z
VTK018598,"Arandela Frahm 6"" Coaxial 30w Rms 8r Redonda 30158",Evolusom Comercial Ltda,139.9,6,FALSE,NAO_CONCLUSIVO,INCONCLUSIVOS,INCONCLUSIVO,IDENTIDADE_INCONCLUSIVA,INCONCLUSIVO,INCONCLUSIVO,SEM_EVIDENCIA_DE_DEMANDA,,,,,,,8.279935224,estimated,FALSE,EVIDENCIA_IDENTIDADE_INCOMPLETA; INCONCLUSIVO,APRESENTACAO_NAO_EXPLICITA,,Completar fontes e vínculos,,2026-09-05T15:16:37.457Z
VTK018599,Capa Espelho Flash 1992 Fox 2010 L.e. Cr,Evolusom Comercial Ltda,31.11,6,FALSE,NAO_CONCLUSIVO,INCONCLUSIVOS,INCONCLUSIVO,IDENTIDADE_INCONCLUSIVA,INCONCLUSIVO,INCONCLUSIVO,SEM_EVIDENCIA_DE_DEMANDA,,,,,,,8.279935224,estimated,FALSE,EVIDENCIA_IDENTIDADE_INCOMPLETA; INCONCLUSIVO,APRESENTACAO_NAO_EXPLICITA,,Completar fontes e vínculos,,2026-09-05T15:16:37.457Z
VTK018603,Bucha Para Fixar Alto Falante Gol G5 Fox Golf Polo Permak 237/ P,Evolusom Comercial Ltda,17.5,6,FALSE,NAO_CONCLUSIVO,INCONCLUSIVOS,INCONCLUSIVO,IDENTIDADE_INCONCLUSIVA,INCONCLUSIVO,INCONCLUSIVO,SEM_EVIDENCIA_DE_DEMANDA,,,,,,,8.279935224,estimated,FALSE,EVIDENCIA_IDENTIDADE_INCOMPLETA; INCONCLUSIVO,APRESENTACAO_NAO_EXPLICITA,,Completar fontes e vínculos,,2026-09-05T15:16:37.457Z
VTK018605,Cabo Teclado Sparflex Nitro 100 7 Metros Preto 538195010f,Evolusom Comercial Ltda,52.9,6,FALSE,NAO_CONCLUSIVO,INCONCLUSIVOS,INCONCLUSIVO,IDENTIDADE_INCONCLUSIVA,INCONCLUSIVO,INCONCLUSIVO,SEM_EVIDENCIA_DE_DEMANDA,,,,,,,8.279935224,estimated,FALSE,EVIDENCIA_IDENTIDADE_INCOMPLETA; INCONCLUSIVO,APRESENTACAO_NAO_EXPLICITA,,Completar fontes e vínculos,,2026-09-05T15:16:37.457Z
VTK018607,"Cabo Auto Plastic Pompéia 2,50 Mm 300v Rolo Com 100 Metros Verde",Evolusom Comercial Ltda,198.99,6,FALSE,NAO_CONCLUSIVO,INCONCLUSIVOS,INCONCLUSIVO,IDENTIDADE_INCONCLUSIVA,INCONCLUSIVO,INCONCLUSIVO,SEM_EVIDENCIA_DE_DEMANDA,,,,,,,8.279935224,estimated,FALSE,EVIDENCIA_IDENTIDADE_INCOMPLETA; INCONCLUSIVO,APRESENTACAO_NAO_EXPLICITA,,Completar fontes e vínculos,,2026-09-05T15:16:37.457Z
VTK018608,Chicote Dedicado Positron Pronnect Hyundai Veloster 2013,Evolusom Comercial Ltda,21.99,6,FALSE,NAO_CONCLUSIVO,INCONCLUSIVOS,INCONCLUSIVO,IDENTIDADE_INCONCLUSIVA,INCONCLUSIVO,INCONCLUSIVO,SEM_EVIDENCIA_DE_DEMANDA,,,,,,,8.279935224,estimated,FALSE,EVIDENCIA_IDENTIDADE_INCOMPLETA; INCONCLUSIVO,APRESENTACAO_NAO_EXPLICITA,,Completar fontes e vínculos,,2026-09-05T15:16:37.457Z
VTK018609,Cabo Ts Shara 910 Para Conexão De 2 Baterias Externas 24v,Evolusom Comercial Ltda,129.9,6,FALSE,NAO_CONCLUSIVO,INCONCLUSIVOS,INCONCLUSIVO,IDENTIDADE_INCONCLUSIVA,INCONCLUSIVO,INCONCLUSIVO,SEM_EVIDENCIA_DE_DEMANDA,109.9,,,,,,8.279935224,estimated,FALSE,EVIDENCIA_IDENTIDADE_INCOMPLETA; COMPOSICAO_KIT_NAO_COMPROVADA; INCONCLUSIVO,,,Completar fontes e vínculos,mercado/VTK018609.json,2026-09-05T15:16:37.457Z
VTK018611,Prolongador Aquário Ac-10 Marinox 38cm,Evolusom Comercial Ltda,44.9,6,FALSE,NAO_CONCLUSIVO,INCONCLUSIVOS,INCONCLUSIVO,IDENTIDADE_INCONCLUSIVA,INCONCLUSIVO,INCONCLUSIVO,SEM_EVIDENCIA_DE_DEMANDA,,,,,,,8.279935224,estimated,FALSE,EVIDENCIA_IDENTIDADE_INCOMPLETA; INCONCLUSIVO,APRESENTACAO_NAO_EXPLICITA,,Completar fontes e vínculos,,2026-09-05T15:16:37.457Z
VTK018616,Contra Frente Plástica Permak Ka Focus Escot Ranger 2 Din 89/c2,Evolusom Comercial Ltda,12.49,6,FALSE,NAO_CONCLUSIVO,INCONCLUSIVOS,INCONCLUSIVO,IDENTIDADE_COHERENTE,INCONCLUSIVO,INCONCLUSIVO,SEM_EVIDENCIA_DE_DEMANDA,25.55,,,,,,8.279935224,estimated,FALSE,INCONCLUSIVO,APRESENTACAO_NAO_EXPLICITA,,Completar fontes e vínculos,mercado/VTK018616.json,2026-09-05T15:16:37.457Z
VTK018618,Calota Grid Aro 14p 231cb-pta Fiat Modelo Palio Fire 20015/ 16 - PC / 4,Evolusom Comercial Ltda,47.8,6,FALSE,NAO_CONCLUSIVO,INCONCLUSIVOS,INCONCLUSIVO,IDENTIDADE_INCONCLUSIVA,INCONCLUSIVO,INCONCLUSIVO,SEM_EVIDENCIA_DE_DEMANDA,,,,,,,8.279935224,estimated,FALSE,EVIDENCIA_IDENTIDADE_INCOMPLETA; INCONCLUSIVO,APRESENTACAO_NAO_EXPLICITA,,Completar fontes e vínculos,,2026-09-05T15:16:37.457Z
VTK018624,Calha De Chuva Marçon Up 04 Portas 2014 Fume Claro,Evolusom Comercial Ltda,92.4,6,FALSE,NAO_CONCLUSIVO,INCONCLUSIVOS,INCONCLUSIVO,IDENTIDADE_INCONCLUSIVA,INCONCLUSIVO,INCONCLUSIVO,SEM_EVIDENCIA_DE_DEMANDA,,,,,,,8.279935224,estimated,FALSE,EVIDENCIA_IDENTIDADE_INCOMPLETA; INCONCLUSIVO,APRESENTACAO_NAO_EXPLICITA,,Completar fontes e vínculos,,2026-09-05T15:16:37.457Z
VTK018625,Lampada Super Led Shocklight H8/ H16-2 12v 32w 6000k 2200lm (par) Sll-10008,Evolusom Comercial Ltda,73.65,6,FALSE,NAO_CONCLUSIVO,INCONCLUSIVOS,INCONCLUSIVO,IDENTIDADE_INCONCLUSIVA,INCONCLUSIVO,INCONCLUSIVO,SEM_EVIDENCIA_DE_DEMANDA,,,,,,,8.279935224,estimated,FALSE,EVIDENCIA_IDENTIDADE_INCOMPLETA; COMPOSICAO_KIT_NAO_COMPROVADA; INCONCLUSIVO,,,Completar fontes e vínculos,,2026-09-05T15:16:37.457Z
VTK018628,Calota Grid Aro 14p 177cb-pta Prata Ford Fiesta Hatch 08/12 - PC / 4,Evolusom Comercial Ltda,47.8,6,FALSE,NAO_CONCLUSIVO,INCONCLUSIVOS,INCONCLUSIVO,IDENTIDADE_INCONCLUSIVA,INCONCLUSIVO,INCONCLUSIVO,SEM_EVIDENCIA_DE_DEMANDA,,,,,,,8.279935224,estimated,FALSE,EVIDENCIA_IDENTIDADE_INCOMPLETA; INCONCLUSIVO,APRESENTACAO_NAO_EXPLICITA,,Completar fontes e vínculos,,2026-09-05T15:16:37.457Z
VTK018633,Calota Grid Aro 15p 215cp-pta Fiat Siena/ Palio E/ Punto 14/ 16 - PC / 4,Evolusom Comercial Ltda,66.6,6,FALSE,NAO_CONCLUSIVO,INCONCLUSIVOS,INCONCLUSIVO,IDENTIDADE_INCONCLUSIVA,INCONCLUSIVO,INCONCLUSIVO,SEM_EVIDENCIA_DE_DEMANDA,,,,,,,8.279935224,estimated,FALSE,EVIDENCIA_IDENTIDADE_INCOMPLETA; INCONCLUSIVO,APRESENTACAO_NAO_EXPLICITA,,Completar fontes e vínculos,,2026-09-05T15:16:37.457Z
VTK018634,Atuador Soft Etios 4fios Aa.42.0113,Evolusom Comercial Ltda,34.9,6,FALSE,NAO_CONCLUSIVO,INCONCLUSIVOS,INCONCLUSIVO,IDENTIDADE_INCONCLUSIVA,INCONCLUSIVO,INCONCLUSIVO,SEM_EVIDENCIA_DE_DEMANDA,,,,,,,8.279935224,estimated,FALSE,EVIDENCIA_IDENTIDADE_INCOMPLETA; INCONCLUSIVO,APRESENTACAO_NAO_EXPLICITA,,Completar fontes e vínculos,,2026-09-05T15:16:37.457Z
VTK018636,Camera Bullet Sohoplus Ip 2 Mp Poe Ip66 Ipc002,Evolusom Comercial Ltda,365.9,6,FALSE,NAO_CONCLUSIVO,INCONCLUSIVOS,INCONCLUSIVO,IDENTIDADE_COHERENTE,INCONCLUSIVO,INCONCLUSIVO,SEM_EVIDENCIA_DE_DEMANDA,218.95,,,,,,8.279935224,estimated,FALSE,INCONCLUSIVO,APRESENTACAO_NAO_EXPLICITA,,Completar fontes e vínculos,mercado/VTK018636.json,2026-09-05T15:16:37.457Z
VTK018646,Calota Aro 13p 042cb-pof Mod Celta 2012/ 15 Cb - PC / 4,Evolusom Comercial Ltda,74.4,6,FALSE,NAO_CONCLUSIVO,INCONCLUSIVOS,INCONCLUSIVO,IDENTIDADE_INCONCLUSIVA,INCONCLUSIVO,INCONCLUSIVO,SEM_EVIDENCIA_DE_DEMANDA,,,,,,,8.279935224,estimated,FALSE,EVIDENCIA_IDENTIDADE_INCOMPLETA; INCONCLUSIVO,APRESENTACAO_NAO_EXPLICITA,,Completar fontes e vínculos,,2026-09-05T15:16:37.457Z
VTK018654,Fonte Alimentação Aquário Ca-40s/ Ca-42s Input 100-240v( Usb),Evolusom Comercial Ltda,39.9,6,FALSE,NAO_CONCLUSIVO,INCONCLUSIVOS,INCONCLUSIVO,IDENTIDADE_INCONCLUSIVA,INCONCLUSIVO,INCONCLUSIVO,SEM_EVIDENCIA_DE_DEMANDA,,,,,,,8.279935224,estimated,FALSE,EVIDENCIA_IDENTIDADE_INCOMPLETA; INCONCLUSIVO,APRESENTACAO_NAO_EXPLICITA,,Completar fontes e vínculos,,2026-09-05T15:16:37.457Z
VTK018655,Ultraled Shocklight S14 H13 6000k 12v 32w 3600lm,Evolusom Comercial Ltda,80.9,6,FALSE,NAO_CONCLUSIVO,INCONCLUSIVOS,INCONCLUSIVO,IDENTIDADE_INCONCLUSIVA,INCONCLUSIVO,INCONCLUSIVO,SEM_EVIDENCIA_DE_DEMANDA,,,,,,,8.279935224,estimated,FALSE,EVIDENCIA_IDENTIDADE_INCOMPLETA; INCONCLUSIVO,APRESENTACAO_NAO_EXPLICITA,,Completar fontes e vínculos,,2026-09-05T15:16:37.457Z
VTK018658,Sistema De Automação Residencial Intelbras Mibo Home - Amh 3001 (4690004),Evolusom Comercial Ltda,614.66,6,FALSE,NAO_CONCLUSIVO,INCONCLUSIVOS,INCONCLUSIVO,IDENTIDADE_COHERENTE,INCONCLUSIVO,INCONCLUSIVO,SEM_EVIDENCIA_DE_DEMANDA,299,,,,,,8.279935224,estimated,FALSE,INCONCLUSIVO,APRESENTACAO_NAO_EXPLICITA,,Completar fontes e vínculos,mercado/VTK018658.json,2026-09-05T15:16:37.457Z
VTK018673,Dvr Gravador De Vídeo Frahm 4 Canais Fgd2004l,Evolusom Comercial Ltda,301.9,6,FALSE,NAO_CONCLUSIVO,INCONCLUSIVOS,INCONCLUSIVO,IDENTIDADE_COHERENTE,INCONCLUSIVO,INCONCLUSIVO,SEM_EVIDENCIA_DE_DEMANDA,299.98,,,,,,8.279935224,estimated,FALSE,INCONCLUSIVO,APRESENTACAO_NAO_EXPLICITA,,Completar fontes e vínculos,mercado/VTK018673.json,2026-09-05T15:16:37.457Z
VTK018675,Sensor Pet Infravermelho Sulton Spw 400 - 20kg,Evolusom Comercial Ltda,45.9,6,FALSE,NAO_CONCLUSIVO,INCONCLUSIVOS,INCONCLUSIVO,IDENTIDADE_INCONCLUSIVA,INCONCLUSIVO,INCONCLUSIVO,SEM_EVIDENCIA_DE_DEMANDA,,,,,,,8.279935224,estimated,FALSE,EVIDENCIA_IDENTIDADE_INCOMPLETA; INCONCLUSIVO,APRESENTACAO_NAO_EXPLICITA,,Completar fontes e vínculos,,2026-09-05T15:16:37.457Z
VTK018677,Alarme Automotivo Fks Fk902 12/24v Cr941,Evolusom Comercial Ltda,158.9,6,FALSE,NAO_CONCLUSIVO,INCONCLUSIVOS,INCONCLUSIVO,IDENTIDADE_INCONCLUSIVA,INCONCLUSIVO,INCONCLUSIVO,SEM_EVIDENCIA_DE_DEMANDA,214.1,,,,,,8.279935224,estimated,FALSE,EVIDENCIA_IDENTIDADE_INCOMPLETA; COMPOSICAO_KIT_NAO_COMPROVADA; INCONCLUSIVO,,,Completar fontes e vínculos,mercado/VTK018677.json,2026-09-05T15:16:37.457Z
VTK018679,"Calota Grid Aro 14"" 096cb-pta Fiat Sienna 2012/13 - PC / 4",Evolusom Comercial Ltda,47.8,6,FALSE,NAO_CONCLUSIVO,INCONCLUSIVOS,INCONCLUSIVO,IDENTIDADE_INCONCLUSIVA,INCONCLUSIVO,INCONCLUSIVO,SEM_EVIDENCIA_DE_DEMANDA,,,,,,,8.279935224,estimated,FALSE,EVIDENCIA_IDENTIDADE_INCOMPLETA; INCONCLUSIVO,APRESENTACAO_NAO_EXPLICITA,,Completar fontes e vínculos,,2026-09-05T15:16:37.457Z
VTK018680,"Calota Grid Aro 14"" 176cb-pta Ford Fiesta 2003 - PC / 4",Evolusom Comercial Ltda,47.8,6,FALSE,NAO_CONCLUSIVO,INCONCLUSIVOS,INCONCLUSIVO,IDENTIDADE_INCONCLUSIVA,INCONCLUSIVO,INCONCLUSIVO,SEM_EVIDENCIA_DE_DEMANDA,,,,,,,8.279935224,estimated,FALSE,EVIDENCIA_IDENTIDADE_INCOMPLETA; INCONCLUSIVO,APRESENTACAO_NAO_EXPLICITA,,Completar fontes e vínculos,,2026-09-05T15:16:37.457Z
VTK018681,"Calota Grid Aro 13"" 222cb-pta Fiat Uno 2015/16 - PC / 4",Evolusom Comercial Ltda,43.4,6,FALSE,NAO_CONCLUSIVO,INCONCLUSIVOS,INCONCLUSIVO,IDENTIDADE_INCONCLUSIVA,INCONCLUSIVO,INCONCLUSIVO,SEM_EVIDENCIA_DE_DEMANDA,,,,,,,8.279935224,estimated,FALSE,EVIDENCIA_IDENTIDADE_INCOMPLETA; INCONCLUSIVO,APRESENTACAO_NAO_EXPLICITA,,Completar fontes e vínculos,,2026-09-05T15:16:37.457Z
VTK018687,Caixa De Som Frahm 6 Hs 8 Ohms 70w Outdoor Branca Par,Evolusom Comercial Ltda,699.9,6,FALSE,NAO_CONCLUSIVO,INCONCLUSIVOS,INCONCLUSIVO,IDENTIDADE_COHERENTE,INCONCLUSIVO,INCONCLUSIVO,SEM_EVIDENCIA_DE_DEMANDA,821,,,,,,8.279935224,estimated,FALSE,INCONCLUSIVO,,,Completar fontes e vínculos,mercado/VTK018687.json,2026-09-05T15:16:37.457Z
VTK018689,Climatizador Evaporativo Symphony Sumo 40i 40l 220v 60hz,Evolusom Comercial Ltda,819.9,6,FALSE,NAO_CONCLUSIVO,INCONCLUSIVOS,INCONCLUSIVO,IDENTIDADE_INCONCLUSIVA,INCONCLUSIVO,INCONCLUSIVO,SEM_EVIDENCIA_DE_DEMANDA,645,,,,,,8.279935224,estimated,FALSE,EVIDENCIA_IDENTIDADE_INCOMPLETA; INCONCLUSIVO,APRESENTACAO_NAO_EXPLICITA,,Completar fontes e vínculos,mercado/VTK018689.json,2026-09-05T15:16:37.457Z
VTK018691,Lâmpada Halógena Code 12v 4300k H13 6055w Unitária,Evolusom Comercial Ltda,15.9,6,FALSE,NAO_CONCLUSIVO,INCONCLUSIVOS,INCONCLUSIVO,IDENTIDADE_INCONCLUSIVA,INCONCLUSIVO,INCONCLUSIVO,SEM_EVIDENCIA_DE_DEMANDA,,,,,,,8.279935224,estimated,FALSE,EVIDENCIA_IDENTIDADE_INCOMPLETA; INCONCLUSIVO,APRESENTACAO_NAO_EXPLICITA,,Completar fontes e vínculos,mercado/VTK018691.json,2026-09-05T15:16:37.457Z
VTK018694,Calota Aro Grid Clio 2014/15 13a Prata - PC / 4,Evolusom Comercial Ltda,43.4,6,FALSE,NAO_CONCLUSIVO,INCONCLUSIVOS,INCONCLUSIVO,IDENTIDADE_INCONCLUSIVA,INCONCLUSIVO,INCONCLUSIVO,SEM_EVIDENCIA_DE_DEMANDA,,,,,,,8.279935224,estimated,FALSE,EVIDENCIA_IDENTIDADE_INCOMPLETA; INCONCLUSIVO,APRESENTACAO_NAO_EXPLICITA,,Completar fontes e vínculos,,2026-09-05T15:16:37.457Z
VTK018695,Calota Aro Grid 15a Sandero/megane/logan 2014/15 Prata - PC / 4,Evolusom Comercial Ltda,74.4,6,FALSE,NAO_CONCLUSIVO,INCONCLUSIVOS,INCONCLUSIVO,IDENTIDADE_INCONCLUSIVA,INCONCLUSIVO,INCONCLUSIVO,SEM_EVIDENCIA_DE_DEMANDA,,,,,,,8.279935224,estimated,FALSE,EVIDENCIA_IDENTIDADE_INCOMPLETA; INCONCLUSIVO,APRESENTACAO_NAO_EXPLICITA,,Completar fontes e vínculos,,2026-09-05T15:16:37.457Z
VTK018699,Calota Grid Aro 15p 169ar-pta-e Citroen C3 2014/15 - PC / 4,Evolusom Comercial Ltda,66.6,6,FALSE,NAO_CONCLUSIVO,INCONCLUSIVOS,INCONCLUSIVO,IDENTIDADE_INCONCLUSIVA,INCONCLUSIVO,INCONCLUSIVO,SEM_EVIDENCIA_DE_DEMANDA,,,,,,,8.279935224,estimated,FALSE,EVIDENCIA_IDENTIDADE_INCOMPLETA; INCONCLUSIVO,APRESENTACAO_NAO_EXPLICITA,,Completar fontes e vínculos,,2026-09-05T15:16:37.457Z
VTK018719,"Alarme Automotivo Fks Fk500 Vw G5 / G6 Gol, Voyage, Saveiro, Fox",Evolusom Comercial Ltda,178.9,6,FALSE,NAO_CONCLUSIVO,INCONCLUSIVOS,INCONCLUSIVO,IDENTIDADE_INCONCLUSIVA,INCONCLUSIVO,INCONCLUSIVO,SEM_EVIDENCIA_DE_DEMANDA,226,,,,,,8.279935224,estimated,FALSE,EVIDENCIA_IDENTIDADE_INCOMPLETA; INCONCLUSIVO,APRESENTACAO_NAO_EXPLICITA,,Completar fontes e vínculos,mercado/VTK018719.json,2026-09-05T15:16:37.457Z
VTK018724,Cabo De Potência Technoise 100% Cobre Vermelho 4mm Rolo 50 Metros,Evolusom Comercial Ltda,202.9,6,FALSE,NAO_CONCLUSIVO,INCONCLUSIVOS,INCONCLUSIVO,IDENTIDADE_INCONCLUSIVA,INCONCLUSIVO,INCONCLUSIVO,SEM_EVIDENCIA_DE_DEMANDA,223.52,,,,,,8.279935224,estimated,FALSE,EVIDENCIA_IDENTIDADE_INCOMPLETA; INCONCLUSIVO,APRESENTACAO_NAO_EXPLICITA,,Completar fontes e vínculos,mercado/VTK018724.json,2026-09-05T15:16:37.457Z
VTK018806,Caixa Acústica Frahm Gr8 M Passiva Par,Evolusom Comercial Ltda,1239.9,6,FALSE,NAO_CONCLUSIVO,INCONCLUSIVOS,INCONCLUSIVO,IDENTIDADE_INCONCLUSIVA,INCONCLUSIVO,INCONCLUSIVO,SEM_EVIDENCIA_DE_DEMANDA,1580,,,,,,8.279935224,estimated,FALSE,COMPOSICAO_KIT_NAO_COMPROVADA; INCONCLUSIVO,,,Completar fontes e vínculos,mercado/VTK018806.json,2026-09-05T15:16:37.457Z
VTK018820,Cabo Pp Circular Technoise Automotivo 2x2.50mm Rolo Com 25m,Evolusom Comercial Ltda,156.9,6,FALSE,NAO_CONCLUSIVO,INCONCLUSIVOS,INCONCLUSIVO,IDENTIDADE_INCONCLUSIVA,INCONCLUSIVO,INCONCLUSIVO,SEM_EVIDENCIA_DE_DEMANDA,,,,,,,8.279935224,estimated,FALSE,EVIDENCIA_IDENTIDADE_INCOMPLETA; INCONCLUSIVO,APRESENTACAO_NAO_EXPLICITA,,Completar fontes e vínculos,mercado/VTK018820.json,2026-09-05T15:16:37.457Z
VTK020957,Conector Permak Para Cd Hyundai Hb20 35/d5,Evolusom Comercial Ltda,29.5,6,FALSE,NAO_CONCLUSIVO,INCONCLUSIVOS,INCONCLUSIVO,IDENTIDADE_INCONCLUSIVA,INCONCLUSIVO,INCONCLUSIVO,SEM_EVIDENCIA_DE_DEMANDA,30.84,,,,,,8.279935224,estimated,FALSE,EVIDENCIA_IDENTIDADE_INCOMPLETA; INCONCLUSIVO,APRESENTACAO_NAO_EXPLICITA,,Completar fontes e vínculos,mercado/VTK020957.json,2026-09-05T15:16:37.457Z
VTK021891,"Mini Rack Max Eletron 19"" 05 X 350mm Porta Perfurada - Preto",Evolusom Comercial Ltda,112.45,6,FALSE,NAO_CONCLUSIVO,INCONCLUSIVOS,INCONCLUSIVO,IDENTIDADE_INCONCLUSIVA,INCONCLUSIVO,INCONCLUSIVO,SEM_EVIDENCIA_DE_DEMANDA,192.77,,,,,,8.279935224,estimated,FALSE,EVIDENCIA_IDENTIDADE_INCOMPLETA; INCONCLUSIVO,APRESENTACAO_NAO_EXPLICITA,,Completar fontes e vínculos,mercado/VTK021891.json,2026-09-05T15:16:37.457Z
VTK023139,Microfone Sem Fio Duplo De Mão Mxt Uhf-527m,Evolusom Comercial Ltda,445.9,6,FALSE,NAO_CONCLUSIVO,INCONCLUSIVOS,INCONCLUSIVO,IDENTIDADE_COHERENTE,INCONCLUSIVO,INCONCLUSIVO,SEM_EVIDENCIA_DE_DEMANDA,460.14,,,,,,8.279935224,estimated,FALSE,INCONCLUSIVO,APRESENTACAO_NAO_EXPLICITA,,Completar fontes e vínculos,mercado/VTK023139.json,2026-09-05T15:16:37.457Z
VTK026031,Capa Controle Compatível Px32 3 B,BKR 1 Comercio e Importação Ltda,5.9,6,FALSE,NAO_CONCLUSIVO,INCONCLUSIVOS,INCONCLUSIVO,IDENTIDADE_INCONCLUSIVA,INCONCLUSIVO,INCONCLUSIVO,SEM_EVIDENCIA_DE_DEMANDA,,,,,,,8.279935224,estimated,FALSE,EVIDENCIA_IDENTIDADE_INCOMPLETA; INCONCLUSIVO,APRESENTACAO_NAO_EXPLICITA,,Completar fontes e vínculos,,2026-09-05T15:16:37.457Z
VTK026036,Capa Controle Compatível Px40 4 B,BKR 1 Comercio e Importação Ltda,5.9,6,FALSE,NAO_CONCLUSIVO,INCONCLUSIVOS,INCONCLUSIVO,IDENTIDADE_INCONCLUSIVA,INCONCLUSIVO,INCONCLUSIVO,SEM_EVIDENCIA_DE_DEMANDA,,,,,,,8.279935224,estimated,FALSE,EVIDENCIA_IDENTIDADE_INCOMPLETA; INCONCLUSIVO,APRESENTACAO_NAO_EXPLICITA,,Completar fontes e vínculos,,2026-09-05T15:16:37.457Z
VTK026038,Capa Controle Compatível Px42 4 B,BKR 1 Comercio e Importação Ltda,5.9,6,FALSE,NAO_CONCLUSIVO,INCONCLUSIVOS,INCONCLUSIVO,IDENTIDADE_INCONCLUSIVA,INCONCLUSIVO,INCONCLUSIVO,SEM_EVIDENCIA_DE_DEMANDA,,,,,,,8.279935224,estimated,FALSE,EVIDENCIA_IDENTIDADE_INCOMPLETA; INCONCLUSIVO,APRESENTACAO_NAO_EXPLICITA,,Completar fontes e vínculos,,2026-09-05T15:16:37.457Z
VTK026039,Capa Controle Compatível Novo Px32 4 B,BKR 1 Comercio e Importação Ltda,5.9,6,FALSE,NAO_CONCLUSIVO,INCONCLUSIVOS,INCONCLUSIVO,IDENTIDADE_INCONCLUSIVA,INCONCLUSIVO,INCONCLUSIVO,SEM_EVIDENCIA_DE_DEMANDA,,,,,,,8.279935224,estimated,FALSE,EVIDENCIA_IDENTIDADE_INCOMPLETA; INCONCLUSIVO,APRESENTACAO_NAO_EXPLICITA,,Completar fontes e vínculos,,2026-09-05T15:16:37.457Z
VTK026221,Cabo Desbalanceado P10 Xlr Serie Titan 01 Metro Storm,BKR 1 Comercio e Importação Ltda,15.57,6,FALSE,NAO_CONCLUSIVO,INCONCLUSIVOS,INCONCLUSIVO,IDENTIDADE_INCONCLUSIVA,INCONCLUSIVO,INCONCLUSIVO,SEM_EVIDENCIA_DE_DEMANDA,,,,,,,8.279935224,estimated,FALSE,EVIDENCIA_IDENTIDADE_INCOMPLETA; INCONCLUSIVO,APRESENTACAO_NAO_EXPLICITA,,Completar fontes e vínculos,,2026-09-05T15:16:37.457Z
VTK001667,Antena Móvel Omnidirecional Celular CDMA/TDMA 7dBi CM907 Aquário,Evolusom Comercial Ltda,52.9,5,FALSE,NAO_CONCLUSIVO,INCONCLUSIVOS,INCONCLUSIVO,IDENTIDADE_INCONCLUSIVA,INCONCLUSIVO,INCONCLUSIVO,SEM_EVIDENCIA_DE_DEMANDA,58.9,,,,,,8.279935224,estimated,FALSE,EVIDENCIA_IDENTIDADE_INCOMPLETA; INCONCLUSIVO,APRESENTACAO_NAO_EXPLICITA,,Completar fontes e vínculos,mercado/VTK001667.json,2026-09-05T15:16:37.457Z
VTK001863,"Bateria Universal Telefone Sem Fio 3,6V AAA 300mAh FX-50U Flex",BKR 1 Comercio e Importação Ltda,12.55,5,FALSE,NAO_CONCLUSIVO,INCONCLUSIVOS,INCONCLUSIVO,IDENTIDADE_INCONCLUSIVA,INCONCLUSIVO,INCONCLUSIVO,SEM_EVIDENCIA_DE_DEMANDA,27.55,,,,,,8.279935224,estimated,FALSE,EVIDENCIA_IDENTIDADE_INCOMPLETA; INCONCLUSIVO,APRESENTACAO_NAO_EXPLICITA,,Completar fontes e vínculos,mercado/VTK001863.json,2026-09-05T15:16:37.457Z
VTK002625,"Garra de Jacaré 13,5 cm 300A Preto Storm - PCT / 10",BKR 1 Comercio e Importação Ltda,9.11,5,FALSE,NAO_CONCLUSIVO,INCONCLUSIVOS,INCONCLUSIVO,IDENTIDADE_INCONCLUSIVA,INCONCLUSIVO,INCONCLUSIVO,SEM_EVIDENCIA_DE_DEMANDA,16.89,,,,,,8.279935224,estimated,FALSE,EVIDENCIA_IDENTIDADE_INCOMPLETA; INCONCLUSIVO,,,Completar fontes e vínculos,mercado/VTK002625.json,2026-09-05T15:16:37.457Z
VTK004073,Cabo VGA HD15M Com Filtro 40M Storm,Evolusom Comercial Ltda,253.9,5,FALSE,NAO_CONCLUSIVO,INCONCLUSIVOS,INCONCLUSIVO,IDENTIDADE_INCONCLUSIVA,INCONCLUSIVO,INCONCLUSIVO,SEM_EVIDENCIA_DE_DEMANDA,,,,,,,8.279935224,estimated,FALSE,EVIDENCIA_IDENTIDADE_INCOMPLETA; INCONCLUSIVO,APRESENTACAO_NAO_EXPLICITA,,Completar fontes e vínculos,,2026-09-05T15:16:37.457Z
VTK005865,"Arandela 6"" Frahm 100w Quadrada Cx Branca",Evolusom Comercial Ltda,269.9,5,FALSE,NAO_CONCLUSIVO,INCONCLUSIVOS,INCONCLUSIVO,IDENTIDADE_COHERENTE,INCONCLUSIVO,INCONCLUSIVO,SEM_EVIDENCIA_DE_DEMANDA,358.2,,,,,,8.279935224,estimated,FALSE,INCONCLUSIVO,APRESENTACAO_NAO_EXPLICITA,,Completar fontes e vínculos,mercado/VTK005865.json,2026-09-05T15:16:37.457Z
VTK012420,Bateria 9v Alcalina Unidade Flex,BKR 1 Comercio e Importação Ltda,9.5,5,FALSE,NAO_CONCLUSIVO,INCONCLUSIVOS,INCONCLUSIVO,IDENTIDADE_INCONCLUSIVA,INCONCLUSIVO,INCONCLUSIVO,SEM_EVIDENCIA_DE_DEMANDA,,,,,,,8.279935224,estimated,FALSE,EVIDENCIA_IDENTIDADE_INCOMPLETA; INCONCLUSIVO,APRESENTACAO_NAO_EXPLICITA,,Completar fontes e vínculos,,2026-09-05T15:16:37.457Z
VTK012543,"Palheta Bori Grl At-r16109 S.t.d 0,89 Mm (roxo) R21013 10un",BKR 1 Comercio e Importação Ltda,8,5,FALSE,NAO_CONCLUSIVO,INCONCLUSIVOS,INCONCLUSIVO,IDENTIDADE_INCONCLUSIVA,INCONCLUSIVO,INCONCLUSIVO,SEM_EVIDENCIA_DE_DEMANDA,,,,,,,8.279935224,estimated,FALSE,EVIDENCIA_IDENTIDADE_INCOMPLETA; COMPOSICAO_KIT_NAO_COMPROVADA; INCONCLUSIVO,,,Completar fontes e vínculos,,2026-09-05T15:16:37.457Z
VTK012595,Tartaruga Suprema E-27 Alumínio Saco Plástico Branca,BKR 1 Comercio e Importação Ltda,23.9,5,FALSE,NAO_CONCLUSIVO,INCONCLUSIVOS,INCONCLUSIVO,IDENTIDADE_COHERENTE,INCONCLUSIVO,INCONCLUSIVO,SEM_EVIDENCIA_DE_DEMANDA,31.75,,,,,,8.279935224,estimated,FALSE,INCONCLUSIVO,APRESENTACAO_NAO_EXPLICITA,,Completar fontes e vínculos,mercado/VTK012595.json,2026-09-05T15:16:37.457Z
VTK012613,Palheta Royal Tenor Rkb0125 D Addario,BKR 1 Comercio e Importação Ltda,38,5,FALSE,NAO_CONCLUSIVO,INCONCLUSIVOS,INCONCLUSIVO,IDENTIDADE_INCONCLUSIVA,INCONCLUSIVO,INCONCLUSIVO,SEM_EVIDENCIA_DE_DEMANDA,,,,,,,8.279935224,estimated,FALSE,EVIDENCIA_IDENTIDADE_INCOMPLETA; INCONCLUSIVO,APRESENTACAO_NAO_EXPLICITA,,Completar fontes e vínculos,,2026-09-05T15:16:37.457Z
VTK012946,Correia Cla 13 Preto Basso,BKR 1 Comercio e Importação Ltda,65.35,5,FALSE,NAO_CONCLUSIVO,INCONCLUSIVOS,INCONCLUSIVO,IDENTIDADE_INCONCLUSIVA,INCONCLUSIVO,INCONCLUSIVO,SEM_EVIDENCIA_DE_DEMANDA,,,,,,,8.279935224,estimated,FALSE,COMPOSICAO_KIT_NAO_COMPROVADA; INCONCLUSIVO,,,Completar fontes e vínculos,mercado/VTK012946.json,2026-09-05T15:16:37.457Z
VTK013091,Plug P10 Mono De Metal Níquel Com Mola Storm 50 Unidades,BKR 1 Comercio e Importação Ltda,92.83,5,FALSE,NAO_CONCLUSIVO,INCONCLUSIVOS,INCONCLUSIVO,IDENTIDADE_INCONCLUSIVA,INCONCLUSIVO,INCONCLUSIVO,SEM_EVIDENCIA_DE_DEMANDA,,,,,,,8.279935224,estimated,FALSE,EVIDENCIA_IDENTIDADE_INCOMPLETA; COMPOSICAO_KIT_NAO_COMPROVADA; INCONCLUSIVO,,,Completar fontes e vínculos,,2026-09-05T15:16:37.457Z
VTK017857,Motor De Fechadura Elétrica Roadstar Rs31br F Es Fiat,Evolusom Comercial Ltda,13.99,5,FALSE,NAO_CONCLUSIVO,INCONCLUSIVOS,INCONCLUSIVO,IDENTIDADE_INCONCLUSIVA,INCONCLUSIVO,INCONCLUSIVO,SEM_EVIDENCIA_DE_DEMANDA,,,,,,,8.279935224,estimated,FALSE,EVIDENCIA_IDENTIDADE_INCOMPLETA; INCONCLUSIVO,APRESENTACAO_NAO_EXPLICITA,,Completar fontes e vínculos,,2026-09-05T15:16:37.457Z
VTK017951,Refil De Tinta Epson T504222 Ecotank Ciano,Evolusom Comercial Ltda,46.1,5,FALSE,NAO_CONCLUSIVO,INCONCLUSIVOS,INCONCLUSIVO,IDENTIDADE_INCONCLUSIVA,INCONCLUSIVO,INCONCLUSIVO,SEM_EVIDENCIA_DE_DEMANDA,,,,,,,8.279935224,estimated,FALSE,EVIDENCIA_IDENTIDADE_INCOMPLETA; COMPOSICAO_KIT_NAO_COMPROVADA; INCONCLUSIVO,,,Completar fontes e vínculos,,2026-09-05T15:16:37.457Z
VTK017999,Roteador Wi-fi Deco Tp-link M4 Ac1200 Pack Com 2 Peças,Evolusom Comercial Ltda,467.9,5,FALSE,NAO_CONCLUSIVO,INCONCLUSIVOS,INCONCLUSIVO,IDENTIDADE_COHERENTE,INCONCLUSIVO,INCONCLUSIVO,SEM_EVIDENCIA_DE_DEMANDA,564.9,,,,,,8.279935224,estimated,FALSE,INCONCLUSIVO,,,Completar fontes e vínculos,mercado/VTK017999.json,2026-09-05T15:16:37.457Z
VTK018014,Cabo Para Antena Móvel Marinox Aquário B-3001 5.5 Metros,Evolusom Comercial Ltda,48.2,5,FALSE,NAO_CONCLUSIVO,INCONCLUSIVOS,INCONCLUSIVO,IDENTIDADE_COHERENTE,INCONCLUSIVO,INCONCLUSIVO,SEM_EVIDENCIA_DE_DEMANDA,54,,,,,,8.279935224,estimated,FALSE,INCONCLUSIVO,APRESENTACAO_NAO_EXPLICITA,,Completar fontes e vínculos,mercado/VTK018014.json,2026-09-05T15:16:37.457Z
VTK018088,Alicate Punchdown Terminal Mxt Ht-314 110/88,Evolusom Comercial Ltda,21.5,5,FALSE,NAO_CONCLUSIVO,INCONCLUSIVOS,INCONCLUSIVO,IDENTIDADE_INCONCLUSIVA,INCONCLUSIVO,INCONCLUSIVO,SEM_EVIDENCIA_DE_DEMANDA,,,,,,,8.279935224,estimated,FALSE,EVIDENCIA_IDENTIDADE_INCOMPLETA; INCONCLUSIVO,APRESENTACAO_NAO_EXPLICITA,,Completar fontes e vínculos,,2026-09-05T15:16:37.457Z
VTK018122,Suporte Calha Aquário M-500 Zamak,Evolusom Comercial Ltda,64.95,5,FALSE,NAO_CONCLUSIVO,INCONCLUSIVOS,INCONCLUSIVO,IDENTIDADE_INCONCLUSIVA,INCONCLUSIVO,INCONCLUSIVO,SEM_EVIDENCIA_DE_DEMANDA,75.09,,,,,,8.279935224,estimated,FALSE,EVIDENCIA_IDENTIDADE_INCOMPLETA; INCONCLUSIVO,APRESENTACAO_NAO_EXPLICITA,,Completar fontes e vínculos,mercado/VTK018122.json,2026-09-05T15:16:37.457Z
VTK018128,Microfone Cardioide Leson Sm-58 P4 Ouro Com Suporte E Cabo 5 Metros,Evolusom Comercial Ltda,159.95,5,FALSE,NAO_CONCLUSIVO,INCONCLUSIVOS,INCONCLUSIVO,IDENTIDADE_INCONCLUSIVA,INCONCLUSIVO,INCONCLUSIVO,SEM_EVIDENCIA_DE_DEMANDA,,,,,,,8.279935224,estimated,FALSE,EVIDENCIA_IDENTIDADE_INCOMPLETA; INCONCLUSIVO,APRESENTACAO_NAO_EXPLICITA,,Completar fontes e vínculos,,2026-09-05T15:16:37.457Z
VTK018168,Motor De Janela Roadstar Rs-34e Lado Esquerdo - 12v,Evolusom Comercial Ltda,51.9,5,FALSE,NAO_CONCLUSIVO,INCONCLUSIVOS,INCONCLUSIVO,IDENTIDADE_INCONCLUSIVA,INCONCLUSIVO,INCONCLUSIVO,SEM_EVIDENCIA_DE_DEMANDA,,,,,,,8.279935224,estimated,FALSE,EVIDENCIA_IDENTIDADE_INCOMPLETA; INCONCLUSIVO,APRESENTACAO_NAO_EXPLICITA,,Completar fontes e vínculos,,2026-09-05T15:16:37.457Z
VTK018225,"Alicate Universal Hikari 4,5"" 115 Mm",Evolusom Comercial Ltda,16.7,5,FALSE,NAO_CONCLUSIVO,INCONCLUSIVOS,INCONCLUSIVO,IDENTIDADE_INCONCLUSIVA,INCONCLUSIVO,INCONCLUSIVO,SEM_EVIDENCIA_DE_DEMANDA,30,,,,,,8.279935224,estimated,FALSE,EVIDENCIA_IDENTIDADE_INCOMPLETA; INCONCLUSIVO,APRESENTACAO_NAO_EXPLICITA,,Completar fontes e vínculos,mercado/VTK018225.json,2026-09-05T15:16:37.457Z
VTK018241,Antena Interna P/ Tv Digital Olimpus Max Vitra Dtv Cabo 2.4m,Evolusom Comercial Ltda,98.9,5,FALSE,NAO_CONCLUSIVO,INCONCLUSIVOS,INCONCLUSIVO,IDENTIDADE_INCONCLUSIVA,INCONCLUSIVO,INCONCLUSIVO,SEM_EVIDENCIA_DE_DEMANDA,54.15,,,,,,8.279935224,estimated,FALSE,EVIDENCIA_IDENTIDADE_INCOMPLETA; INCONCLUSIVO,APRESENTACAO_NAO_EXPLICITA,,Completar fontes e vínculos,mercado/VTK018241.json,2026-09-05T15:16:37.457Z
VTK018248,Multímetro Digital Western 979md Com Bip,Evolusom Comercial Ltda,28.9,5,FALSE,NAO_CONCLUSIVO,INCONCLUSIVOS,INCONCLUSIVO,IDENTIDADE_INCONCLUSIVA,INCONCLUSIVO,INCONCLUSIVO,SEM_EVIDENCIA_DE_DEMANDA,78.9,,,,,,8.279935224,estimated,FALSE,EVIDENCIA_IDENTIDADE_INCOMPLETA; INCONCLUSIVO,APRESENTACAO_NAO_EXPLICITA,Fornecedor identifica Western 979MD; catálogo identifica 978MD. Correspondência de modelo rejeitada.,Completar fontes e vínculos,mercado/VTK018248.json,2026-09-05T15:16:37.457Z
VTK018290,Calota Grid Aro 15a 876ar-pta Renault Logan/ Sandero 2015/ 16 - PC / 4,Evolusom Comercial Ltda,66.6,5,FALSE,NAO_CONCLUSIVO,INCONCLUSIVOS,INCONCLUSIVO,IDENTIDADE_INCONCLUSIVA,INCONCLUSIVO,INCONCLUSIVO,SEM_EVIDENCIA_DE_DEMANDA,,,,,,,8.279935224,estimated,FALSE,EVIDENCIA_IDENTIDADE_INCOMPLETA; INCONCLUSIVO,APRESENTACAO_NAO_EXPLICITA,,Completar fontes e vínculos,,2026-09-05T15:16:37.457Z
VTK018366,Espaguete Leplast 4 Mm 100 Metros,Evolusom Comercial Ltda,28.5,5,FALSE,NAO_CONCLUSIVO,INCONCLUSIVOS,INCONCLUSIVO,IDENTIDADE_INCONCLUSIVA,INCONCLUSIVO,INCONCLUSIVO,SEM_EVIDENCIA_DE_DEMANDA,43.04,,,,,,8.279935224,estimated,FALSE,EVIDENCIA_IDENTIDADE_INCOMPLETA; INCONCLUSIVO,APRESENTACAO_NAO_EXPLICITA,,Completar fontes e vínculos,mercado/VTK018366.json,2026-09-05T15:16:37.457Z
VTK018440,Alicate Hikari Decapador E Cortador De Fios Hk-310 21k545,Evolusom Comercial Ltda,30.9,5,FALSE,NAO_CONCLUSIVO,INCONCLUSIVOS,INCONCLUSIVO,IDENTIDADE_COHERENTE,INCONCLUSIVO,INCONCLUSIVO,SEM_EVIDENCIA_DE_DEMANDA,50.39,,,,,,8.279935224,estimated,FALSE,INCONCLUSIVO,APRESENTACAO_NAO_EXPLICITA,,Completar fontes e vínculos,mercado/VTK018440.json,2026-09-05T15:16:37.457Z
VTK018441,Calota Grid Aro 13p 021ca-pta Prata Modelo Volkswaggen Gol Trend G4 1.0 2010/ 11 Cubo Alto - PC / 4,Evolusom Comercial Ltda,43.4,5,FALSE,NAO_CONCLUSIVO,INCONCLUSIVOS,INCONCLUSIVO,IDENTIDADE_INCONCLUSIVA,INCONCLUSIVO,INCONCLUSIVO,SEM_EVIDENCIA_DE_DEMANDA,,,,,,,8.279935224,estimated,FALSE,EVIDENCIA_IDENTIDADE_INCOMPLETA; INCONCLUSIVO,APRESENTACAO_NAO_EXPLICITA,,Completar fontes e vínculos,,2026-09-05T15:16:37.457Z
VTK018454,Conector Para Cd Vw Jetta/passat,Evolusom Comercial Ltda,24.99,5,FALSE,NAO_CONCLUSIVO,INCONCLUSIVOS,INCONCLUSIVO,IDENTIDADE_INCONCLUSIVA,INCONCLUSIVO,INCONCLUSIVO,SEM_EVIDENCIA_DE_DEMANDA,41.08,,,,,,8.279935224,estimated,FALSE,EVIDENCIA_IDENTIDADE_INCOMPLETA; INCONCLUSIVO,APRESENTACAO_NAO_EXPLICITA,,Completar fontes e vínculos,mercado/VTK018454.json,2026-09-05T15:16:37.457Z
VTK018534,Calota Grid Aro 13p 115ca-pta Modelo Volkswaggen Gol/ Voyage G5/ G6 2014 Calota Alta - PC / 4,Evolusom Comercial Ltda,43.4,5,FALSE,NAO_CONCLUSIVO,INCONCLUSIVOS,INCONCLUSIVO,IDENTIDADE_INCONCLUSIVA,INCONCLUSIVO,INCONCLUSIVO,SEM_EVIDENCIA_DE_DEMANDA,,,,,,,8.279935224,estimated,FALSE,EVIDENCIA_IDENTIDADE_INCOMPLETA; INCONCLUSIVO,APRESENTACAO_NAO_EXPLICITA,,Completar fontes e vínculos,,2026-09-05T15:16:37.457Z
VTK018537,"Arandela Quadrada Plástica Fiamon 6"" Com Difusor 30rms 8r Preta",Evolusom Comercial Ltda,68.9,5,FALSE,NAO_CONCLUSIVO,INCONCLUSIVOS,INCONCLUSIVO,IDENTIDADE_INCONCLUSIVA,INCONCLUSIVO,INCONCLUSIVO,SEM_EVIDENCIA_DE_DEMANDA,,,,,,,8.279935224,estimated,FALSE,EVIDENCIA_IDENTIDADE_INCOMPLETA; INCONCLUSIVO,APRESENTACAO_NAO_EXPLICITA,,Completar fontes e vínculos,,2026-09-05T15:16:37.457Z
VTK018582,Calota Aro Grid Idea 15p Prata - PC / 4,Evolusom Comercial Ltda,66.6,5,FALSE,NAO_CONCLUSIVO,INCONCLUSIVOS,INCONCLUSIVO,IDENTIDADE_INCONCLUSIVA,INCONCLUSIVO,INCONCLUSIVO,SEM_EVIDENCIA_DE_DEMANDA,,,,,,,8.279935224,estimated,FALSE,EVIDENCIA_IDENTIDADE_INCOMPLETA; INCONCLUSIVO,APRESENTACAO_NAO_EXPLICITA,,Completar fontes e vínculos,,2026-09-05T15:16:37.457Z
VTK018610,Cabo Multicabo Santo Angelo Sas 6 Vias Cobre Ofhc Metro - PC / 10,Evolusom Comercial Ltda,179,5,FALSE,NAO_CONCLUSIVO,INCONCLUSIVOS,INCONCLUSIVO,IDENTIDADE_INCONCLUSIVA,INCONCLUSIVO,INCONCLUSIVO,SEM_EVIDENCIA_DE_DEMANDA,,,,,,,8.279935224,estimated,FALSE,EVIDENCIA_IDENTIDADE_INCOMPLETA; INCONCLUSIVO,APRESENTACAO_NAO_EXPLICITA,,Completar fontes e vínculos,,2026-09-05T15:16:37.457Z
VTK018613,Modulo De Vidro Fks Mlv408 Co Para Hyundai Ix35 Top Com Conector Original,Evolusom Comercial Ltda,90.9,5,FALSE,NAO_CONCLUSIVO,INCONCLUSIVOS,INCONCLUSIVO,IDENTIDADE_INCONCLUSIVA,INCONCLUSIVO,INCONCLUSIVO,SEM_EVIDENCIA_DE_DEMANDA,,,,,,,8.279935224,estimated,FALSE,EVIDENCIA_IDENTIDADE_INCOMPLETA; INCONCLUSIVO,APRESENTACAO_NAO_EXPLICITA,,Completar fontes e vínculos,,2026-09-05T15:16:37.457Z
VTK018623,Lampada Super Branca Techone H9 55w 8500k Com Inmetro,Evolusom Comercial Ltda,13.99,5,FALSE,NAO_CONCLUSIVO,INCONCLUSIVOS,INCONCLUSIVO,IDENTIDADE_INCONCLUSIVA,INCONCLUSIVO,INCONCLUSIVO,SEM_EVIDENCIA_DE_DEMANDA,,,,,,,8.279935224,estimated,FALSE,EVIDENCIA_IDENTIDADE_INCOMPLETA; COMPOSICAO_KIT_NAO_COMPROVADA; INCONCLUSIVO,,,Completar fontes e vínculos,mercado/VTK018623.json,2026-09-05T15:16:37.457Z
VTK018626,Access Point Corporativo Tp-link Eap 115 N 300 Mbps,Evolusom Comercial Ltda,242.9,5,FALSE,NAO_CONCLUSIVO,INCONCLUSIVOS,INCONCLUSIVO,IDENTIDADE_INCONCLUSIVA,INCONCLUSIVO,INCONCLUSIVO,SEM_EVIDENCIA_DE_DEMANDA,,,,,,,8.279935224,estimated,FALSE,EVIDENCIA_IDENTIDADE_INCOMPLETA; COMPOSICAO_KIT_NAO_COMPROVADA; INCONCLUSIVO,,,Completar fontes e vínculos,,2026-09-05T15:16:37.457Z
VTK018627,Calota Grid Aro 14p 175cb-pta Prata Chevrolet Prisma/ Celta 08/13 - PC / 4,Evolusom Comercial Ltda,47.8,5,FALSE,NAO_CONCLUSIVO,INCONCLUSIVOS,INCONCLUSIVO,IDENTIDADE_INCONCLUSIVA,INCONCLUSIVO,INCONCLUSIVO,SEM_EVIDENCIA_DE_DEMANDA,,,,,,,8.279935224,estimated,FALSE,EVIDENCIA_IDENTIDADE_INCOMPLETA; INCONCLUSIVO,APRESENTACAO_NAO_EXPLICITA,,Completar fontes e vínculos,,2026-09-05T15:16:37.457Z
VTK018630,Calota Grid Aro 13p 179cb-pta Modelo Ford Ka 2011/ 12 Cubo Baixo - PC / 4,Evolusom Comercial Ltda,43.4,5,FALSE,NAO_CONCLUSIVO,INCONCLUSIVOS,INCONCLUSIVO,IDENTIDADE_INCONCLUSIVA,INCONCLUSIVO,INCONCLUSIVO,SEM_EVIDENCIA_DE_DEMANDA,,,,,,,8.279935224,estimated,FALSE,EVIDENCIA_IDENTIDADE_INCOMPLETA; INCONCLUSIVO,APRESENTACAO_NAO_EXPLICITA,,Completar fontes e vínculos,mercado/VTK018630.json,2026-09-05T15:16:37.457Z
VTK018635,Capota Marítima Concórdia Flash Cover Ba155l Volkwagen Saveiro Cabine Simples Com Gancho 2010+ Baguete,Evolusom Comercial Ltda,469.9,5,FALSE,NAO_CONCLUSIVO,INCONCLUSIVOS,INCONCLUSIVO,IDENTIDADE_INCONCLUSIVA,INCONCLUSIVO,INCONCLUSIVO,SEM_EVIDENCIA_DE_DEMANDA,,,,,,,8.279935224,estimated,FALSE,EVIDENCIA_IDENTIDADE_INCOMPLETA; INCONCLUSIVO,APRESENTACAO_NAO_EXPLICITA,,Completar fontes e vínculos,,2026-09-05T15:16:37.457Z
VTK018642,"Caixa R.l.p. Vazia Full Trap 2 A.f. 12""",Evolusom Comercial Ltda,159.9,5,FALSE,NAO_CONCLUSIVO,INCONCLUSIVOS,INCONCLUSIVO,IDENTIDADE_INCONCLUSIVA,INCONCLUSIVO,INCONCLUSIVO,SEM_EVIDENCIA_DE_DEMANDA,,,,,,,8.279935224,estimated,FALSE,EVIDENCIA_IDENTIDADE_INCOMPLETA; INCONCLUSIVO,APRESENTACAO_NAO_EXPLICITA,,Completar fontes e vínculos,,2026-09-05T15:16:37.457Z
VTK018669,Central Soft Unique Aw52 2v Kwid 2017+,Evolusom Comercial Ltda,153.9,5,FALSE,NAO_CONCLUSIVO,INCONCLUSIVOS,INCONCLUSIVO,IDENTIDADE_INCONCLUSIVA,INCONCLUSIVO,INCONCLUSIVO,SEM_EVIDENCIA_DE_DEMANDA,,,,,,,8.279935224,estimated,FALSE,EVIDENCIA_IDENTIDADE_INCOMPLETA; INCONCLUSIVO,APRESENTACAO_NAO_EXPLICITA,,Completar fontes e vínculos,,2026-09-05T15:16:37.457Z
VTK018684,Kit Alicates Miniatura Western 3 Peças Com Mola,Evolusom Comercial Ltda,35.5,5,FALSE,NAO_CONCLUSIVO,INCONCLUSIVOS,INCONCLUSIVO,IDENTIDADE_INCONCLUSIVA,INCONCLUSIVO,INCONCLUSIVO,SEM_EVIDENCIA_DE_DEMANDA,,,,,,,8.279935224,estimated,FALSE,EVIDENCIA_IDENTIDADE_INCOMPLETA; INCONCLUSIVO,,,Completar fontes e vínculos,mercado/VTK018684.json,2026-09-05T15:16:37.457Z
VTK018690,Cabo Hdmi Intelbras Chf2020 4k Macho X Macho 2.0 20m,Evolusom Comercial Ltda,203,5,FALSE,NAO_CONCLUSIVO,INCONCLUSIVOS,INCONCLUSIVO,IDENTIDADE_INCONCLUSIVA,INCONCLUSIVO,INCONCLUSIVO,SEM_EVIDENCIA_DE_DEMANDA,207.84,,,,,,8.279935224,estimated,FALSE,EVIDENCIA_IDENTIDADE_INCOMPLETA; INCONCLUSIVO,APRESENTACAO_NAO_EXPLICITA,,Completar fontes e vínculos,mercado/VTK018690.json,2026-09-05T15:16:37.457Z
VTK018697,Chicote Canbus Permak Gm Onix 31-g - Android,Evolusom Comercial Ltda,199.9,5,FALSE,NAO_CONCLUSIVO,INCONCLUSIVOS,INCONCLUSIVO,IDENTIDADE_INCONCLUSIVA,INCONCLUSIVO,INCONCLUSIVO,SEM_EVIDENCIA_DE_DEMANDA,,,,,,,8.279935224,estimated,FALSE,EVIDENCIA_IDENTIDADE_INCOMPLETA; INCONCLUSIVO,APRESENTACAO_NAO_EXPLICITA,,Completar fontes e vínculos,,2026-09-05T15:16:37.457Z
VTK018707,Trava Elétrica Soft Aa420026 Corsa Classic 4 Portas Mono,Evolusom Comercial Ltda,219.9,5,FALSE,NAO_CONCLUSIVO,INCONCLUSIVOS,INCONCLUSIVO,IDENTIDADE_INCONCLUSIVA,INCONCLUSIVO,INCONCLUSIVO,SEM_EVIDENCIA_DE_DEMANDA,,,,,,,8.279935224,estimated,FALSE,EVIDENCIA_IDENTIDADE_INCOMPLETA; INCONCLUSIVO,APRESENTACAO_NAO_EXPLICITA,,Completar fontes e vínculos,,2026-09-05T15:16:37.457Z
VTK018708,"Ar70 710-a Dvd Player C/tela 7"" Touc",Evolusom Comercial Ltda,1299.06,5,FALSE,NAO_CONCLUSIVO,INCONCLUSIVOS,INCONCLUSIVO,IDENTIDADE_INCONCLUSIVA,INCONCLUSIVO,INCONCLUSIVO,SEM_EVIDENCIA_DE_DEMANDA,,,,,,,8.279935224,estimated,FALSE,EVIDENCIA_IDENTIDADE_INCOMPLETA; INCONCLUSIVO,APRESENTACAO_NAO_EXPLICITA,,Completar fontes e vínculos,,2026-09-05T15:16:37.457Z
VTK018709,Kit Farol Auxiliar Orbe Hd-079 Honda Fit 2005 / 2006 049,Evolusom Comercial Ltda,134.9,5,FALSE,NAO_CONCLUSIVO,INCONCLUSIVOS,INCONCLUSIVO,IDENTIDADE_INCONCLUSIVA,INCONCLUSIVO,INCONCLUSIVO,SEM_EVIDENCIA_DE_DEMANDA,,,,,,,8.279935224,estimated,FALSE,EVIDENCIA_IDENTIDADE_INCOMPLETA; COMPOSICAO_KIT_NAO_COMPROVADA; INCONCLUSIVO,,,Completar fontes e vínculos,,2026-09-05T15:16:37.457Z
VTK018718,Contra Frente Plástica Permak Renault Duster Sandero 2 Din Preta,Evolusom Comercial Ltda,39.4,5,FALSE,NAO_CONCLUSIVO,INCONCLUSIVOS,INCONCLUSIVO,IDENTIDADE_INCONCLUSIVA,INCONCLUSIVO,INCONCLUSIVO,SEM_EVIDENCIA_DE_DEMANDA,,,,,,,8.279935224,estimated,FALSE,EVIDENCIA_IDENTIDADE_INCOMPLETA; INCONCLUSIVO,APRESENTACAO_NAO_EXPLICITA,,Completar fontes e vínculos,,2026-09-05T15:16:37.457Z
VTK018722,Alarme Automotivo Fks Fk500cp Plus Citron/peugeot,Evolusom Comercial Ltda,175.9,5,FALSE,NAO_CONCLUSIVO,INCONCLUSIVOS,INCONCLUSIVO,IDENTIDADE_INCONCLUSIVA,INCONCLUSIVO,INCONCLUSIVO,SEM_EVIDENCIA_DE_DEMANDA,213,,,,,,8.279935224,estimated,FALSE,COMPOSICAO_KIT_NAO_COMPROVADA; INCONCLUSIVO,,,Completar fontes e vínculos,mercado/VTK018722.json,2026-09-05T15:16:37.457Z
VTK018729,Kit Conforto Linha Fiat Tury Lvx5 Tw2pt,Evolusom Comercial Ltda,123.9,5,FALSE,NAO_CONCLUSIVO,INCONCLUSIVOS,INCONCLUSIVO,IDENTIDADE_INCONCLUSIVA,INCONCLUSIVO,INCONCLUSIVO,SEM_EVIDENCIA_DE_DEMANDA,,,,,,,8.279935224,estimated,FALSE,EVIDENCIA_IDENTIDADE_INCOMPLETA; COMPOSICAO_KIT_NAO_COMPROVADA; INCONCLUSIVO,,,Completar fontes e vínculos,mercado/VTK018729.json,2026-09-05T15:16:37.457Z
VTK018734,Kit Adaptador Para Celular Aquario Cf-495 Samsung S4 Mini,Evolusom Comercial Ltda,42.5,5,FALSE,NAO_CONCLUSIVO,INCONCLUSIVOS,INCONCLUSIVO,IDENTIDADE_INCONCLUSIVA,INCONCLUSIVO,INCONCLUSIVO,SEM_EVIDENCIA_DE_DEMANDA,70.02,,,,,,8.279935224,estimated,FALSE,EVIDENCIA_IDENTIDADE_INCOMPLETA; COMPOSICAO_KIT_NAO_COMPROVADA; INCONCLUSIVO,,,Completar fontes e vínculos,mercado/VTK018734.json,2026-09-05T15:16:37.457Z
VTK018737,Calota Grid Aro 14p 867cb-pta Modelo Peugeot 206/ 207/ 307 2010/15 Cubo Baixo - PC / 4,Evolusom Comercial Ltda,47.8,5,FALSE,NAO_CONCLUSIVO,INCONCLUSIVOS,INCONCLUSIVO,IDENTIDADE_INCONCLUSIVA,INCONCLUSIVO,INCONCLUSIVO,SEM_EVIDENCIA_DE_DEMANDA,,,,,,,8.279935224,estimated,FALSE,EVIDENCIA_IDENTIDADE_INCOMPLETA; INCONCLUSIVO,APRESENTACAO_NAO_EXPLICITA,,Completar fontes e vínculos,,2026-09-05T15:16:37.457Z
VTK018745,Calota Grid Aro 13p 199cb-pta Prata Fiat Uno Way 2014 Cubo Baixo - PC / 4,Evolusom Comercial Ltda,43.4,5,FALSE,NAO_CONCLUSIVO,INCONCLUSIVOS,INCONCLUSIVO,IDENTIDADE_INCONCLUSIVA,INCONCLUSIVO,INCONCLUSIVO,SEM_EVIDENCIA_DE_DEMANDA,,,,,,,8.279935224,estimated,FALSE,EVIDENCIA_IDENTIDADE_INCOMPLETA; INCONCLUSIVO,APRESENTACAO_NAO_EXPLICITA,,Completar fontes e vínculos,,2026-09-05T15:16:37.457Z
VTK018747,Camera Ip D-link Dcs-960l Wireless Ultra Hd Wide,Evolusom Comercial Ltda,599.9,5,FALSE,NAO_CONCLUSIVO,INCONCLUSIVOS,INCONCLUSIVO,IDENTIDADE_COHERENTE,INCONCLUSIVO,INCONCLUSIVO,SEM_EVIDENCIA_DE_DEMANDA,,,,,,,8.279935224,estimated,FALSE,INCONCLUSIVO,APRESENTACAO_NAO_EXPLICITA,,Completar fontes e vínculos,mercado/VTK018747.json,2026-09-05T15:16:37.457Z
VTK018748,Capota Marítima Flash Cover Ff154 Volkswagen Saveiro Ce Sem Gancho 2010/2020 Force,Evolusom Comercial Ltda,514.9,5,FALSE,NAO_CONCLUSIVO,INCONCLUSIVOS,INCONCLUSIVO,IDENTIDADE_INCONCLUSIVA,INCONCLUSIVO,INCONCLUSIVO,SEM_EVIDENCIA_DE_DEMANDA,,,,,,,8.279935224,estimated,FALSE,EVIDENCIA_IDENTIDADE_INCOMPLETA; INCONCLUSIVO,APRESENTACAO_NAO_EXPLICITA,,Completar fontes e vínculos,,2026-09-05T15:16:37.457Z
VTK018750,Reparo Jbl Rpd409ti Para Driver D409ti,Evolusom Comercial Ltda,241.9,5,FALSE,NAO_CONCLUSIVO,INCONCLUSIVOS,INCONCLUSIVO,IDENTIDADE_INCONCLUSIVA,INCONCLUSIVO,INCONCLUSIVO,SEM_EVIDENCIA_DE_DEMANDA,,,,,,,8.279935224,estimated,FALSE,EVIDENCIA_IDENTIDADE_INCOMPLETA; INCONCLUSIVO,APRESENTACAO_NAO_EXPLICITA,,Completar fontes e vínculos,,2026-09-05T15:16:37.457Z
VTK018754,Calota Grid 247ca-pta Aro 14 P Mod Saveiro 2017 - PC / 4,Evolusom Comercial Ltda,47.8,5,FALSE,NAO_CONCLUSIVO,INCONCLUSIVOS,INCONCLUSIVO,IDENTIDADE_INCONCLUSIVA,INCONCLUSIVO,INCONCLUSIVO,SEM_EVIDENCIA_DE_DEMANDA,,,,,,,8.279935224,estimated,FALSE,EVIDENCIA_IDENTIDADE_INCOMPLETA; INCONCLUSIVO,APRESENTACAO_NAO_EXPLICITA,,Completar fontes e vínculos,,2026-09-05T15:16:37.457Z
VTK018757,Vídeo Porteiro Hikvision Ds-kd8102-v,Evolusom Comercial Ltda,1419.9,5,FALSE,NAO_CONCLUSIVO,INCONCLUSIVOS,INCONCLUSIVO,IDENTIDADE_INCONCLUSIVA,INCONCLUSIVO,INCONCLUSIVO,SEM_EVIDENCIA_DE_DEMANDA,,,,,,,8.279935224,estimated,FALSE,EVIDENCIA_IDENTIDADE_INCOMPLETA; INCONCLUSIVO,APRESENTACAO_NAO_EXPLICITA,,Completar fontes e vínculos,,2026-09-05T15:16:37.457Z
VTK018761,Botoeira Ipec Fonte 1a Na/nf,Evolusom Comercial Ltda,66.1,5,FALSE,NAO_CONCLUSIVO,INCONCLUSIVOS,INCONCLUSIVO,IDENTIDADE_INCONCLUSIVA,INCONCLUSIVO,INCONCLUSIVO,SEM_EVIDENCIA_DE_DEMANDA,,,,,,,8.279935224,estimated,FALSE,EVIDENCIA_IDENTIDADE_INCOMPLETA; INCONCLUSIVO,APRESENTACAO_NAO_EXPLICITA,,Completar fontes e vínculos,,2026-09-05T15:16:37.457Z
VTK018765,Calota Aro 14p 133cb-gft Mod Onix / Prisma 2014/ 16 Cb - PC / 4,Evolusom Comercial Ltda,74.4,5,FALSE,NAO_CONCLUSIVO,INCONCLUSIVOS,INCONCLUSIVO,IDENTIDADE_INCONCLUSIVA,INCONCLUSIVO,INCONCLUSIVO,SEM_EVIDENCIA_DE_DEMANDA,,,,,,,8.279935224,estimated,FALSE,EVIDENCIA_IDENTIDADE_INCOMPLETA; INCONCLUSIVO,APRESENTACAO_NAO_EXPLICITA,,Completar fontes e vínculos,,2026-09-05T15:16:37.457Z
VTK018768,Conversor Balun Max Eletron Câmera Rack Power Rj 45 Bnc + P4 C/2,Evolusom Comercial Ltda,29.45,5,FALSE,NAO_CONCLUSIVO,INCONCLUSIVOS,INCONCLUSIVO,IDENTIDADE_INCONCLUSIVA,INCONCLUSIVO,INCONCLUSIVO,SEM_EVIDENCIA_DE_DEMANDA,,,,,,,8.279935224,estimated,FALSE,EVIDENCIA_IDENTIDADE_INCOMPLETA; COMPOSICAO_KIT_NAO_COMPROVADA; INCONCLUSIVO,,,Completar fontes e vínculos,,2026-09-05T15:16:37.457Z
VTK018769,Módulo Derivador Max Eletron Mult 4 Canais Com Balun,Evolusom Comercial Ltda,128.45,5,FALSE,NAO_CONCLUSIVO,INCONCLUSIVOS,INCONCLUSIVO,IDENTIDADE_INCONCLUSIVA,INCONCLUSIVO,INCONCLUSIVO,SEM_EVIDENCIA_DE_DEMANDA,,,,,,,8.279935224,estimated,FALSE,EVIDENCIA_IDENTIDADE_INCOMPLETA; INCONCLUSIVO,APRESENTACAO_NAO_EXPLICITA,,Completar fontes e vínculos,,2026-09-05T15:16:37.457Z
VTK018771,Moldura Renault Master 13/20 Preto,Evolusom Comercial Ltda,242.9,5,FALSE,NAO_CONCLUSIVO,INCONCLUSIVOS,INCONCLUSIVO,IDENTIDADE_COHERENTE,INCONCLUSIVO,INCONCLUSIVO,SEM_EVIDENCIA_DE_DEMANDA,251.18,,,,,,8.279935224,estimated,FALSE,INCONCLUSIVO,APRESENTACAO_NAO_EXPLICITA,,Completar fontes e vínculos,mercado/VTK018771.json,2026-09-05T15:16:37.457Z
VTK018772,Refil Tinta Epson Magenta T673320-al,Evolusom Comercial Ltda,49.9,5,FALSE,NAO_CONCLUSIVO,INCONCLUSIVOS,INCONCLUSIVO,IDENTIDADE_INCONCLUSIVA,INCONCLUSIVO,INCONCLUSIVO,SEM_EVIDENCIA_DE_DEMANDA,,,,,,,8.279935224,estimated,FALSE,EVIDENCIA_IDENTIDADE_INCOMPLETA; INCONCLUSIVO,APRESENTACAO_NAO_EXPLICITA,,Completar fontes e vínculos,,2026-09-05T15:16:37.457Z
VTK018777,Fiamon Moldura 2/ 1 Din Fiat Strada 2021,Evolusom Comercial Ltda,124.9,5,FALSE,NAO_CONCLUSIVO,INCONCLUSIVOS,INCONCLUSIVO,IDENTIDADE_INCONCLUSIVA,INCONCLUSIVO,INCONCLUSIVO,SEM_EVIDENCIA_DE_DEMANDA,,,,,,,8.279935224,estimated,FALSE,EVIDENCIA_IDENTIDADE_INCOMPLETA; INCONCLUSIVO,APRESENTACAO_NAO_EXPLICITA,,Completar fontes e vínculos,,2026-09-05T15:16:37.457Z
VTK018780,Central De Alarme Monitorado Prime 12 Ip Nice Genno,Evolusom Comercial Ltda,257.9,5,FALSE,NAO_CONCLUSIVO,INCONCLUSIVOS,INCONCLUSIVO,IDENTIDADE_COHERENTE,INCONCLUSIVO,INCONCLUSIVO,SEM_EVIDENCIA_DE_DEMANDA,299.39,,,,,,8.279935224,estimated,FALSE,INCONCLUSIVO,APRESENTACAO_NAO_EXPLICITA,,Completar fontes e vínculos,mercado/VTK018780.json,2026-09-05T15:16:37.457Z
VTK018781,Modulo Expansor De Zona - 10 Zonas,Evolusom Comercial Ltda,34.9,5,FALSE,NAO_CONCLUSIVO,INCONCLUSIVOS,INCONCLUSIVO,IDENTIDADE_INCONCLUSIVA,INCONCLUSIVO,INCONCLUSIVO,SEM_EVIDENCIA_DE_DEMANDA,,,,,,,8.279935224,estimated,FALSE,EVIDENCIA_IDENTIDADE_INCOMPLETA; INCONCLUSIVO,APRESENTACAO_NAO_EXPLICITA,,Completar fontes e vínculos,,2026-09-05T15:16:37.457Z
VTK018783,Modulo Ethernet - Wifi Cloud Genno,Evolusom Comercial Ltda,179.9,5,FALSE,NAO_CONCLUSIVO,INCONCLUSIVOS,INCONCLUSIVO,IDENTIDADE_INCONCLUSIVA,INCONCLUSIVO,INCONCLUSIVO,SEM_EVIDENCIA_DE_DEMANDA,,,,,,,8.279935224,estimated,FALSE,EVIDENCIA_IDENTIDADE_INCOMPLETA; INCONCLUSIVO,APRESENTACAO_NAO_EXPLICITA,,Completar fontes e vínculos,mercado/VTK018783.json,2026-09-05T15:16:37.457Z
VTK018786,Antena Olimpus Passiva Original Renault / Peugeot,Evolusom Comercial Ltda,78.9,5,FALSE,NAO_CONCLUSIVO,INCONCLUSIVOS,INCONCLUSIVO,IDENTIDADE_INCONCLUSIVA,INCONCLUSIVO,INCONCLUSIVO,SEM_EVIDENCIA_DE_DEMANDA,,,,,,,8.279935224,estimated,FALSE,EVIDENCIA_IDENTIDADE_INCOMPLETA; INCONCLUSIVO,APRESENTACAO_NAO_EXPLICITA,,Completar fontes e vínculos,,2026-09-05T15:16:37.457Z
VTK018789,Módulo Tury Teto Solar Sky 1.0c,Evolusom Comercial Ltda,132.9,5,FALSE,NAO_CONCLUSIVO,INCONCLUSIVOS,INCONCLUSIVO,IDENTIDADE_INCONCLUSIVA,INCONCLUSIVO,INCONCLUSIVO,SEM_EVIDENCIA_DE_DEMANDA,,,,,,,8.279935224,estimated,FALSE,EVIDENCIA_IDENTIDADE_INCOMPLETA; INCONCLUSIVO,APRESENTACAO_NAO_EXPLICITA,,Completar fontes e vínculos,,2026-09-05T15:16:37.457Z
VTK018790,Smartphone Positivo S514 Black Piano,Evolusom Comercial Ltda,445.9,5,FALSE,NAO_CONCLUSIVO,INCONCLUSIVOS,INCONCLUSIVO,IDENTIDADE_INCONCLUSIVA,INCONCLUSIVO,INCONCLUSIVO,SEM_EVIDENCIA_DE_DEMANDA,,,,,,,8.279935224,estimated,FALSE,EVIDENCIA_IDENTIDADE_INCOMPLETA; INCONCLUSIVO,APRESENTACAO_NAO_EXPLICITA,,Completar fontes e vínculos,mercado/VTK018790.json,2026-09-05T15:16:37.457Z
VTK018794,"Arandela Fiamon Quadrada 6"" Coaxial 50rms 8r - Preta",Evolusom Comercial Ltda,78.9,5,FALSE,NAO_CONCLUSIVO,INCONCLUSIVOS,INCONCLUSIVO,IDENTIDADE_INCONCLUSIVA,INCONCLUSIVO,INCONCLUSIVO,SEM_EVIDENCIA_DE_DEMANDA,,,,,,,8.279935224,estimated,FALSE,EVIDENCIA_IDENTIDADE_INCOMPLETA; INCONCLUSIVO,APRESENTACAO_NAO_EXPLICITA,,Completar fontes e vínculos,mercado/VTK018794.json,2026-09-05T15:16:37.457Z
VTK018797,Driver Eros Etd 72300 Trio,Evolusom Comercial Ltda,574.9,5,FALSE,NAO_CONCLUSIVO,INCONCLUSIVOS,INCONCLUSIVO,IDENTIDADE_INCONCLUSIVA,INCONCLUSIVO,INCONCLUSIVO,SEM_EVIDENCIA_DE_DEMANDA,,,,,,,8.279935224,estimated,FALSE,EVIDENCIA_IDENTIDADE_INCOMPLETA; INCONCLUSIVO,APRESENTACAO_NAO_EXPLICITA,,Completar fontes e vínculos,mercado/VTK018797.json,2026-09-05T15:16:37.457Z
VTK018799,Câmera Frahm Bullet Plástico Fip302bp36,Evolusom Comercial Ltda,273.9,5,FALSE,NAO_CONCLUSIVO,INCONCLUSIVOS,INCONCLUSIVO,IDENTIDADE_COHERENTE,INCONCLUSIVO,INCONCLUSIVO,SEM_EVIDENCIA_DE_DEMANDA,384.9,,,,,,8.279935224,estimated,FALSE,INCONCLUSIVO,APRESENTACAO_NAO_EXPLICITA,,Completar fontes e vínculos,mercado/VTK018799.json,2026-09-05T15:16:37.457Z
VTK018804,Módulo 4g Mini Viaweb,Evolusom Comercial Ltda,379.9,5,FALSE,NAO_CONCLUSIVO,INCONCLUSIVOS,INCONCLUSIVO,IDENTIDADE_COHERENTE,INCONCLUSIVO,INCONCLUSIVO,SEM_EVIDENCIA_DE_DEMANDA,,,,,,,8.279935224,estimated,FALSE,INCONCLUSIVO,APRESENTACAO_NAO_EXPLICITA,,Completar fontes e vínculos,mercado/VTK018804.json,2026-09-05T15:16:37.457Z
VTK018808,"Calota Grid Aro 14"" 068ar-pta Mod. Europa - PC / 4",Evolusom Comercial Ltda,47.8,5,FALSE,NAO_CONCLUSIVO,INCONCLUSIVOS,INCONCLUSIVO,IDENTIDADE_INCONCLUSIVA,INCONCLUSIVO,INCONCLUSIVO,SEM_EVIDENCIA_DE_DEMANDA,,,,,,,8.279935224,estimated,FALSE,EVIDENCIA_IDENTIDADE_INCOMPLETA; INCONCLUSIVO,APRESENTACAO_NAO_EXPLICITA,,Completar fontes e vínculos,,2026-09-05T15:16:37.457Z
VTK018812,Kit Lâmpada Led Tarponn Force 6000 H8|h9 Premium Par,Evolusom Comercial Ltda,100.99,5,FALSE,NAO_CONCLUSIVO,INCONCLUSIVOS,INCONCLUSIVO,IDENTIDADE_INCONCLUSIVA,INCONCLUSIVO,INCONCLUSIVO,SEM_EVIDENCIA_DE_DEMANDA,,,,,,,8.279935224,estimated,FALSE,EVIDENCIA_IDENTIDADE_INCOMPLETA; COMPOSICAO_KIT_NAO_COMPROVADA; INCONCLUSIVO,,,Completar fontes e vínculos,,2026-09-05T15:16:37.457Z
VTK018815,Cadeira Gamer Brx Impact Branca,Evolusom Comercial Ltda,469.9,5,FALSE,NAO_CONCLUSIVO,INCONCLUSIVOS,INCONCLUSIVO,IDENTIDADE_INCONCLUSIVA,INCONCLUSIVO,INCONCLUSIVO,SEM_EVIDENCIA_DE_DEMANDA,854.9,,,,,,8.279935224,estimated,FALSE,EVIDENCIA_IDENTIDADE_INCOMPLETA; INCONCLUSIVO,APRESENTACAO_NAO_EXPLICITA,Fornecedor não apresenta ficha técnica; algodão e demais características da cadeira do catálogo não foram comprovados.,Completar fontes e vínculos,mercado/VTK018815.json,2026-09-05T15:16:37.457Z
VTK018817,Calota Grid 148cp-pta-u Modelo Polo Track 21/24 - PC / 4,Evolusom Comercial Ltda,66.6,5,FALSE,NAO_CONCLUSIVO,INCONCLUSIVOS,INCONCLUSIVO,IDENTIDADE_INCONCLUSIVA,INCONCLUSIVO,INCONCLUSIVO,SEM_EVIDENCIA_DE_DEMANDA,,,,,,,8.279935224,estimated,FALSE,EVIDENCIA_IDENTIDADE_INCOMPLETA; INCONCLUSIVO,APRESENTACAO_NAO_EXPLICITA,,Completar fontes e vínculos,,2026-09-05T15:16:37.457Z
VTK018819,Serra Tico Tico Multilaser Com Lâmina Para Madeira E Base Ajustável 500w 220v,Evolusom Comercial Ltda,139.9,5,FALSE,NAO_CONCLUSIVO,INCONCLUSIVOS,INCONCLUSIVO,IDENTIDADE_COHERENTE,INCONCLUSIVO,INCONCLUSIVO,SEM_EVIDENCIA_DE_DEMANDA,136,,,,,,8.279935224,estimated,FALSE,INCONCLUSIVO,APRESENTACAO_NAO_EXPLICITA,,Completar fontes e vínculos,mercado/VTK018819.json,2026-09-05T15:16:37.457Z
VTK018823,String Box Core Proauto 3mppt 3e/3s 32a 1040vdc,Evolusom Comercial Ltda,799.9,5,FALSE,NAO_CONCLUSIVO,INCONCLUSIVOS,INCONCLUSIVO,IDENTIDADE_INCONCLUSIVA,INCONCLUSIVO,INCONCLUSIVO,SEM_EVIDENCIA_DE_DEMANDA,,,,,,,8.279935224,estimated,FALSE,EVIDENCIA_IDENTIDADE_INCOMPLETA; INCONCLUSIVO,APRESENTACAO_NAO_EXPLICITA,,Completar fontes e vínculos,,2026-09-05T15:16:37.457Z
VTK018826,Inversor De Voltagem Tech One 400w Nominal 800w De Pico 24v 110v,Evolusom Comercial Ltda,309.9,5,FALSE,NAO_CONCLUSIVO,INCONCLUSIVOS,INCONCLUSIVO,IDENTIDADE_INCONCLUSIVA,INCONCLUSIVO,INCONCLUSIVO,SEM_EVIDENCIA_DE_DEMANDA,209,,,,,,8.279935224,estimated,FALSE,EVIDENCIA_IDENTIDADE_INCOMPLETA; INCONCLUSIVO,APRESENTACAO_NAO_EXPLICITA,,Completar fontes e vínculos,mercado/VTK018826.json,2026-09-05T15:16:37.457Z
VTK018831,Lâmpada Led Roadstar Nano Technology Rs-hb3 11 Br - Par,Evolusom Comercial Ltda,54.9,5,FALSE,NAO_CONCLUSIVO,INCONCLUSIVOS,INCONCLUSIVO,IDENTIDADE_INCONCLUSIVA,INCONCLUSIVO,INCONCLUSIVO,SEM_EVIDENCIA_DE_DEMANDA,,,,,,,8.279935224,estimated,FALSE,EVIDENCIA_IDENTIDADE_INCOMPLETA; COMPOSICAO_KIT_NAO_COMPROVADA; INCONCLUSIVO,,,Completar fontes e vínculos,,2026-09-05T15:16:37.457Z
VTK018835,Módulo Multifunções Fks Atl 800,Evolusom Comercial Ltda,87.9,5,FALSE,NAO_CONCLUSIVO,INCONCLUSIVOS,INCONCLUSIVO,IDENTIDADE_INCONCLUSIVA,INCONCLUSIVO,INCONCLUSIVO,SEM_EVIDENCIA_DE_DEMANDA,,,,,,,8.279935224,estimated,FALSE,EVIDENCIA_IDENTIDADE_INCOMPLETA; INCONCLUSIVO,APRESENTACAO_NAO_EXPLICITA,,Completar fontes e vínculos,,2026-09-05T15:16:37.457Z
VTK018837,Módulo De Vidro Elétrico/teto Solar Fks Obd Volkswagen,Evolusom Comercial Ltda,184.9,5,FALSE,NAO_CONCLUSIVO,INCONCLUSIVOS,INCONCLUSIVO,IDENTIDADE_COHERENTE,INCONCLUSIVO,INCONCLUSIVO,SEM_EVIDENCIA_DE_DEMANDA,,,,,,,8.279935224,estimated,FALSE,INCONCLUSIVO,APRESENTACAO_NAO_EXPLICITA,,Completar fontes e vínculos,mercado/VTK018837.json,2026-09-05T15:16:37.457Z
VTK020354,Soprador Térmico Mxt 220v Ohg-2000a Com Inmetro,Evolusom Comercial Ltda,112.9,5,FALSE,NAO_CONCLUSIVO,INCONCLUSIVOS,INCONCLUSIVO,IDENTIDADE_INCONCLUSIVA,INCONCLUSIVO,INCONCLUSIVO,SEM_EVIDENCIA_DE_DEMANDA,179.18,,,,,,8.279935224,estimated,FALSE,EVIDENCIA_IDENTIDADE_INCOMPLETA; INCONCLUSIVO,APRESENTACAO_NAO_EXPLICITA,Descrição do fornecedor informa 1500 W; catálogo anuncia 1800 W. Correspondência de potência não validada.,Completar fontes e vínculos,mercado/VTK020354.json,2026-09-05T15:16:37.457Z
VTK020602,"Cabo Para Microfone Mono Tiaflex Espiralado 100 Metros 1x0,20 Mm 502010",Evolusom Comercial Ltda,237.9,5,FALSE,NAO_CONCLUSIVO,INCONCLUSIVOS,INCONCLUSIVO,IDENTIDADE_INCONCLUSIVA,INCONCLUSIVO,INCONCLUSIVO,SEM_EVIDENCIA_DE_DEMANDA,,,,,,,8.279935224,estimated,FALSE,EVIDENCIA_IDENTIDADE_INCOMPLETA; INCONCLUSIVO,APRESENTACAO_NAO_EXPLICITA,,Completar fontes e vínculos,,2026-09-05T15:16:37.457Z
VTK022010,Haste Permak M5 M6 Etios/ Freemont/ Captiva,Evolusom Comercial Ltda,14.9,5,FALSE,NAO_CONCLUSIVO,INCONCLUSIVOS,INCONCLUSIVO,IDENTIDADE_INCONCLUSIVA,INCONCLUSIVO,INCONCLUSIVO,SEM_EVIDENCIA_DE_DEMANDA,,,,,,,8.279935224,estimated,FALSE,EVIDENCIA_IDENTIDADE_INCOMPLETA; INCONCLUSIVO,APRESENTACAO_NAO_EXPLICITA,,Completar fontes e vínculos,mercado/VTK022010.json,2026-09-05T15:16:37.457Z
VTK022585,Caixa R.l.p Vazia Para 4 Cornetas +2 Tweeter Curta - PC / 2,Evolusom Comercial Ltda,113.8,5,FALSE,NAO_CONCLUSIVO,INCONCLUSIVOS,INCONCLUSIVO,IDENTIDADE_INCONCLUSIVA,INCONCLUSIVO,INCONCLUSIVO,SEM_EVIDENCIA_DE_DEMANDA,,,,,,,8.279935224,estimated,FALSE,EVIDENCIA_IDENTIDADE_INCOMPLETA; INCONCLUSIVO,APRESENTACAO_NAO_EXPLICITA,,Completar fontes e vínculos,,2026-09-05T15:16:37.457Z
VTK023157,Microfone Duplo Sem Fio Uhf-9000,Evolusom Comercial Ltda,649.9,5,FALSE,NAO_CONCLUSIVO,INCONCLUSIVOS,INCONCLUSIVO,IDENTIDADE_COHERENTE,INCONCLUSIVO,INCONCLUSIVO,SEM_EVIDENCIA_DE_DEMANDA,687.73,,,,,,8.279935224,estimated,FALSE,INCONCLUSIVO,APRESENTACAO_NAO_EXPLICITA,,Completar fontes e vínculos,mercado/VTK023157.json,2026-09-05T15:16:37.457Z
VTK026169,Cabo Hdmi 2.0 4k C/ Filtro 01m Com 01 Plug 90 Graus Storm,BKR 1 Comercio e Importação Ltda,11.71,5,FALSE,NAO_CONCLUSIVO,INCONCLUSIVOS,INCONCLUSIVO,IDENTIDADE_INCONCLUSIVA,INCONCLUSIVO,INCONCLUSIVO,SEM_EVIDENCIA_DE_DEMANDA,,,,,,,8.279935224,estimated,FALSE,EVIDENCIA_IDENTIDADE_INCOMPLETA; INCONCLUSIVO,APRESENTACAO_NAO_EXPLICITA,,Completar fontes e vínculos,,2026-09-05T15:16:37.457Z
VTK026170,Cabo Hdmi 2.0 4k C/ Filtro 02m Com 01 Plug 90 Graus Storm,BKR 1 Comercio e Importação Ltda,13.78,5,FALSE,NAO_CONCLUSIVO,INCONCLUSIVOS,INCONCLUSIVO,IDENTIDADE_INCONCLUSIVA,INCONCLUSIVO,INCONCLUSIVO,SEM_EVIDENCIA_DE_DEMANDA,,,,,,,8.279935224,estimated,FALSE,EVIDENCIA_IDENTIDADE_INCOMPLETA; INCONCLUSIVO,APRESENTACAO_NAO_EXPLICITA,,Completar fontes e vínculos,,2026-09-05T15:16:37.457Z
VTK026171,Cabo Hdmi 2.0 4k Com Filtro Granel 3m Com 1 Plug 90 Storm,BKR 1 Comercio e Importação Ltda,15.62,5,FALSE,NAO_CONCLUSIVO,INCONCLUSIVOS,INCONCLUSIVO,IDENTIDADE_INCONCLUSIVA,INCONCLUSIVO,INCONCLUSIVO,SEM_EVIDENCIA_DE_DEMANDA,,,,,,,8.279935224,estimated,FALSE,EVIDENCIA_IDENTIDADE_INCOMPLETA; INCONCLUSIVO,APRESENTACAO_NAO_EXPLICITA,,Completar fontes e vínculos,,2026-09-05T15:16:37.457Z
VTK026172,Cabo Hdmi 2.0 4k Com Filtro Granel 5m Com 1 Plug 90 Storm,BKR 1 Comercio e Importação Ltda,21.81,5,FALSE,NAO_CONCLUSIVO,INCONCLUSIVOS,INCONCLUSIVO,IDENTIDADE_INCONCLUSIVA,INCONCLUSIVO,INCONCLUSIVO,SEM_EVIDENCIA_DE_DEMANDA,,,,,,,8.279935224,estimated,FALSE,EVIDENCIA_IDENTIDADE_INCOMPLETA; INCONCLUSIVO,APRESENTACAO_NAO_EXPLICITA,,Completar fontes e vínculos,,2026-09-05T15:16:37.457Z
VTK026174,Cabo Extensão P2 Macho X P2 Femea Stereo Storm 10 Un,BKR 1 Comercio e Importação Ltda,35.59,5,FALSE,NAO_CONCLUSIVO,INCONCLUSIVOS,INCONCLUSIVO,IDENTIDADE_INCONCLUSIVA,INCONCLUSIVO,INCONCLUSIVO,SEM_EVIDENCIA_DE_DEMANDA,,,,,,,8.279935224,estimated,FALSE,EVIDENCIA_IDENTIDADE_INCOMPLETA; COMPOSICAO_KIT_NAO_COMPROVADA; INCONCLUSIVO,,,Completar fontes e vínculos,,2026-09-05T15:16:37.457Z
VTK026176,Adaptador P10 Stereo Para P2 Stereo Metal Storm 10 Unidades,BKR 1 Comercio e Importação Ltda,28.22,5,FALSE,NAO_CONCLUSIVO,INCONCLUSIVOS,INCONCLUSIVO,IDENTIDADE_INCONCLUSIVA,INCONCLUSIVO,INCONCLUSIVO,SEM_EVIDENCIA_DE_DEMANDA,,,,,,,8.279935224,estimated,FALSE,EVIDENCIA_IDENTIDADE_INCOMPLETA; COMPOSICAO_KIT_NAO_COMPROVADA; INCONCLUSIVO,,,Completar fontes e vínculos,,2026-09-05T15:16:37.457Z
VTK026177,Conector P10 Trs Stereo Metal 90 Graus Storm 10 Unidades,BKR 1 Comercio e Importação Ltda,103.47,5,FALSE,NAO_CONCLUSIVO,INCONCLUSIVOS,INCONCLUSIVO,IDENTIDADE_INCONCLUSIVA,INCONCLUSIVO,INCONCLUSIVO,SEM_EVIDENCIA_DE_DEMANDA,,,,,,,8.279935224,estimated,FALSE,EVIDENCIA_IDENTIDADE_INCOMPLETA; COMPOSICAO_KIT_NAO_COMPROVADA; INCONCLUSIVO,,,Completar fontes e vínculos,,2026-09-05T15:16:37.457Z
VTK026178,Capacitor Polipropileno Cbb 60 - 10ufx250v - 40/85/21 Storm,BKR 1 Comercio e Importação Ltda,5.14,5,FALSE,NAO_CONCLUSIVO,INCONCLUSIVOS,INCONCLUSIVO,IDENTIDADE_INCONCLUSIVA,INCONCLUSIVO,INCONCLUSIVO,SEM_EVIDENCIA_DE_DEMANDA,,,,,,,8.279935224,estimated,FALSE,EVIDENCIA_IDENTIDADE_INCOMPLETA; INCONCLUSIVO,APRESENTACAO_NAO_EXPLICITA,,Completar fontes e vínculos,,2026-09-05T15:16:37.457Z
VTK026179,Capacitor Polipropileno Cbb 60 - 15ufx250v - 40/85/21 Storm,BKR 1 Comercio e Importação Ltda,6.17,5,FALSE,NAO_CONCLUSIVO,INCONCLUSIVOS,INCONCLUSIVO,IDENTIDADE_INCONCLUSIVA,INCONCLUSIVO,INCONCLUSIVO,SEM_EVIDENCIA_DE_DEMANDA,,,,,,,8.279935224,estimated,FALSE,EVIDENCIA_IDENTIDADE_INCOMPLETA; INCONCLUSIVO,APRESENTACAO_NAO_EXPLICITA,,Completar fontes e vínculos,,2026-09-05T15:16:37.457Z
VTK026180,"Capacitor Polipropileno Cbb 61 1,5+2,5ufx250v 40/85/21 Storm",BKR 1 Comercio e Importação Ltda,3.44,5,FALSE,NAO_CONCLUSIVO,INCONCLUSIVOS,INCONCLUSIVO,IDENTIDADE_INCONCLUSIVA,INCONCLUSIVO,INCONCLUSIVO,SEM_EVIDENCIA_DE_DEMANDA,,,,,,,8.279935224,estimated,FALSE,EVIDENCIA_IDENTIDADE_INCOMPLETA; INCONCLUSIVO,APRESENTACAO_NAO_EXPLICITA,,Completar fontes e vínculos,,2026-09-05T15:16:37.457Z
VTK026181,Capacitor Polipropileno Cbb 61 - 2ufx450v - 40/85/21 Storm,BKR 1 Comercio e Importação Ltda,2.02,5,FALSE,NAO_CONCLUSIVO,INCONCLUSIVOS,INCONCLUSIVO,IDENTIDADE_INCONCLUSIVA,INCONCLUSIVO,INCONCLUSIVO,SEM_EVIDENCIA_DE_DEMANDA,,,,,,,8.279935224,estimated,FALSE,EVIDENCIA_IDENTIDADE_INCOMPLETA; INCONCLUSIVO,APRESENTACAO_NAO_EXPLICITA,,Completar fontes e vínculos,,2026-09-05T15:16:37.457Z
VTK026182,Capacitor Polipropileno Cbb 61 - 4+6ufx250v - 40/85/21 Storm,BKR 1 Comercio e Importação Ltda,5.93,5,FALSE,NAO_CONCLUSIVO,INCONCLUSIVOS,INCONCLUSIVO,IDENTIDADE_INCONCLUSIVA,INCONCLUSIVO,INCONCLUSIVO,SEM_EVIDENCIA_DE_DEMANDA,,,,,,,8.279935224,estimated,FALSE,EVIDENCIA_IDENTIDADE_INCOMPLETA; INCONCLUSIVO,APRESENTACAO_NAO_EXPLICITA,,Completar fontes e vínculos,,2026-09-05T15:16:37.457Z
VTK001432,"Cabo Kit Curto RG-58 para PX 3,5m M801K Preto AQUÁRIO",Evolusom Comercial Ltda,79.95,4,FALSE,NAO_CONCLUSIVO,INCONCLUSIVOS,INCONCLUSIVO,IDENTIDADE_INCONCLUSIVA,INCONCLUSIVO,INCONCLUSIVO,SEM_EVIDENCIA_DE_DEMANDA,110,,,,,,8.279935224,estimated,FALSE,EVIDENCIA_IDENTIDADE_INCOMPLETA; INCONCLUSIVO,APRESENTACAO_NAO_EXPLICITA,,Completar fontes e vínculos,mercado/VTK001432.json,2026-09-05T15:16:37.457Z
VTK003779,Suporte Para Teclado SZ-02 Saty,BKR 1 Comercio e Importação Ltda,234.5,4,FALSE,NAO_CONCLUSIVO,INCONCLUSIVOS,INCONCLUSIVO,IDENTIDADE_COHERENTE,INCONCLUSIVO,INCONCLUSIVO,SEM_EVIDENCIA_DE_DEMANDA,299,,,,,,8.279935224,estimated,FALSE,INCONCLUSIVO,APRESENTACAO_NAO_EXPLICITA,,Completar fontes e vínculos,mercado/VTK003779.json,2026-09-05T15:16:37.457Z
VTK012359,"Palheta Bori Grl At-r16134 Drip Gota 2,00 Mm (azul) R21018 10un",BKR 1 Comercio e Importação Ltda,10,4,FALSE,NAO_CONCLUSIVO,INCONCLUSIVOS,INCONCLUSIVO,IDENTIDADE_INCONCLUSIVA,INCONCLUSIVO,INCONCLUSIVO,SEM_EVIDENCIA_DE_DEMANDA,,,,,,,8.279935224,estimated,FALSE,EVIDENCIA_IDENTIDADE_INCOMPLETA; COMPOSICAO_KIT_NAO_COMPROVADA; INCONCLUSIVO,,,Completar fontes e vínculos,,2026-09-05T15:16:37.457Z
VTK012617,Patch Panel Headphone Output Ho816a Wireconex,BKR 1 Comercio e Importação Ltda,399,4,FALSE,NAO_CONCLUSIVO,INCONCLUSIVOS,INCONCLUSIVO,IDENTIDADE_INCONCLUSIVA,INCONCLUSIVO,INCONCLUSIVO,SEM_EVIDENCIA_DE_DEMANDA,,,,,,,8.279935224,estimated,FALSE,EVIDENCIA_IDENTIDADE_INCOMPLETA; INCONCLUSIVO,APRESENTACAO_NAO_EXPLICITA,,Completar fontes e vínculos,,2026-09-05T15:16:37.457Z
VTK012628,Palheta Guitarra Dur Prec 6dbu5 D Addario 1.00mm 10un,BKR 1 Comercio e Importação Ltda,26.77,4,FALSE,NAO_CONCLUSIVO,INCONCLUSIVOS,INCONCLUSIVO,IDENTIDADE_INCONCLUSIVA,INCONCLUSIVO,INCONCLUSIVO,SEM_EVIDENCIA_DE_DEMANDA,,,,,,,8.279935224,estimated,FALSE,EVIDENCIA_IDENTIDADE_INCOMPLETA; COMPOSICAO_KIT_NAO_COMPROVADA; INCONCLUSIVO,,,Completar fontes e vínculos,,2026-09-05T15:16:37.457Z
VTK012896,"Caixa Ativa 12"" 200w Rms Mk1225a Bt Mark Audio",BKR 1 Comercio e Importação Ltda,1673.69,4,FALSE,NAO_CONCLUSIVO,INCONCLUSIVOS,INCONCLUSIVO,IDENTIDADE_INCONCLUSIVA,INCONCLUSIVO,INCONCLUSIVO,SEM_EVIDENCIA_DE_DEMANDA,,,,,,,8.279935224,estimated,FALSE,EVIDENCIA_IDENTIDADE_INCOMPLETA; INCONCLUSIVO,APRESENTACAO_NAO_EXPLICITA,,Completar fontes e vínculos,,2026-09-05T15:16:37.457Z
VTK017794,Ferro De Solda Western 60w 127v,Evolusom Comercial Ltda,21.5,4,FALSE,NAO_CONCLUSIVO,INCONCLUSIVOS,INCONCLUSIVO,IDENTIDADE_INCONCLUSIVA,INCONCLUSIVO,INCONCLUSIVO,SEM_EVIDENCIA_DE_DEMANDA,25.21,,,,,,8.279935224,estimated,FALSE,EVIDENCIA_IDENTIDADE_INCOMPLETA; INCONCLUSIVO,APRESENTACAO_NAO_EXPLICITA,,Completar fontes e vínculos,mercado/VTK017794.json,2026-09-05T15:16:37.457Z
VTK017952,Refil De Tinta Epson T504322 Ecotank Magenta,Evolusom Comercial Ltda,46.1,4,FALSE,NAO_CONCLUSIVO,INCONCLUSIVOS,INCONCLUSIVO,IDENTIDADE_INCONCLUSIVA,INCONCLUSIVO,INCONCLUSIVO,SEM_EVIDENCIA_DE_DEMANDA,,,,,,,8.279935224,estimated,FALSE,EVIDENCIA_IDENTIDADE_INCOMPLETA; COMPOSICAO_KIT_NAO_COMPROVADA; INCONCLUSIVO,,,Completar fontes e vínculos,,2026-09-05T15:16:37.457Z
VTK018061,Percloreto Liquido Implastec 500ml,Evolusom Comercial Ltda,11.99,4,FALSE,NAO_CONCLUSIVO,INCONCLUSIVOS,INCONCLUSIVO,IDENTIDADE_INCONCLUSIVA,INCONCLUSIVO,INCONCLUSIVO,SEM_EVIDENCIA_DE_DEMANDA,,,,,,,8.279935224,estimated,FALSE,EVIDENCIA_IDENTIDADE_INCOMPLETA; INCONCLUSIVO,APRESENTACAO_NAO_EXPLICITA,,Completar fontes e vínculos,,2026-09-05T15:16:37.457Z
VTK018111,Combo Teclado + Mouse Wireless Logitech Mk295,Evolusom Comercial Ltda,189.9,4,FALSE,NAO_CONCLUSIVO,INCONCLUSIVOS,INCONCLUSIVO,IDENTIDADE_INCONCLUSIVA,INCONCLUSIVO,INCONCLUSIVO,SEM_EVIDENCIA_DE_DEMANDA,,,,,,,8.279935224,estimated,FALSE,EVIDENCIA_IDENTIDADE_INCOMPLETA; INCONCLUSIVO,APRESENTACAO_NAO_EXPLICITA,,Completar fontes e vínculos,,2026-09-05T15:16:37.457Z
VTK018265,"Extensão Pop Spin Daneva Dn 1496 Pl 3 Metros 2x0,75 Mm",Evolusom Comercial Ltda,17.1,4,FALSE,NAO_CONCLUSIVO,INCONCLUSIVOS,INCONCLUSIVO,IDENTIDADE_INCONCLUSIVA,INCONCLUSIVO,INCONCLUSIVO,SEM_EVIDENCIA_DE_DEMANDA,27.64,,,,,,8.279935224,estimated,FALSE,EVIDENCIA_IDENTIDADE_INCOMPLETA; INCONCLUSIVO,APRESENTACAO_NAO_EXPLICITA,,Completar fontes e vínculos,mercado/VTK018265.json,2026-09-05T15:16:37.457Z
VTK018315,Protetor Eletrônico Intelbras Epe204 4 Tomadas 2 Usb Branco,Evolusom Comercial Ltda,53.9,4,FALSE,NAO_CONCLUSIVO,INCONCLUSIVOS,INCONCLUSIVO,IDENTIDADE_COHERENTE,INCONCLUSIVO,INCONCLUSIVO,SEM_EVIDENCIA_DE_DEMANDA,84.53,,,,,,8.279935224,estimated,FALSE,INCONCLUSIVO,APRESENTACAO_NAO_EXPLICITA,,Completar fontes e vínculos,mercado/VTK018315.json,2026-09-05T15:16:37.457Z
VTK018361,Calota Grid Aro 14p 290ca-pta Fiat Modelo Palio Weekend / Strada 2014/ 15 Cubo Alto - PC / 4,Evolusom Comercial Ltda,47.8,4,FALSE,NAO_CONCLUSIVO,INCONCLUSIVOS,INCONCLUSIVO,IDENTIDADE_INCONCLUSIVA,INCONCLUSIVO,INCONCLUSIVO,SEM_EVIDENCIA_DE_DEMANDA,,,,,,,8.279935224,estimated,FALSE,EVIDENCIA_IDENTIDADE_INCOMPLETA; INCONCLUSIVO,APRESENTACAO_NAO_EXPLICITA,,Completar fontes e vínculos,,2026-09-05T15:16:37.457Z
VTK018425,Grampo Permak Para Porta Do Corsa 237/h,Evolusom Comercial Ltda,24.5,4,FALSE,NAO_CONCLUSIVO,INCONCLUSIVOS,INCONCLUSIVO,IDENTIDADE_INCONCLUSIVA,INCONCLUSIVO,INCONCLUSIVO,SEM_EVIDENCIA_DE_DEMANDA,29.87,,,,,,8.279935224,estimated,FALSE,EVIDENCIA_IDENTIDADE_INCOMPLETA; COMPOSICAO_KIT_NAO_COMPROVADA; INCONCLUSIVO,,,Completar fontes e vínculos,mercado/VTK018425.json,2026-09-05T15:16:37.457Z
VTK018439,Calota Grid Aro 15p 018cp-pta Volkswageen Modelo Gol G5/ Voyage Confortline 2011/ 12 Cubo Padrão - PC / 4,Evolusom Comercial Ltda,66.6,4,FALSE,NAO_CONCLUSIVO,INCONCLUSIVOS,INCONCLUSIVO,IDENTIDADE_INCONCLUSIVA,INCONCLUSIVO,INCONCLUSIVO,SEM_EVIDENCIA_DE_DEMANDA,,,,,,,8.279935224,estimated,FALSE,EVIDENCIA_IDENTIDADE_INCOMPLETA; INCONCLUSIVO,APRESENTACAO_NAO_EXPLICITA,,Completar fontes e vínculos,,2026-09-05T15:16:37.457Z
VTK018472,Fusível Mega Permak 150a - PC / 5,Evolusom Comercial Ltda,67.5,4,FALSE,NAO_CONCLUSIVO,INCONCLUSIVOS,INCONCLUSIVO,IDENTIDADE_INCONCLUSIVA,INCONCLUSIVO,INCONCLUSIVO,SEM_EVIDENCIA_DE_DEMANDA,,,,,,,8.279935224,estimated,FALSE,EVIDENCIA_IDENTIDADE_INCOMPLETA; INCONCLUSIVO,APRESENTACAO_NAO_EXPLICITA,,Completar fontes e vínculos,,2026-09-05T15:16:37.457Z
VTK018511,Trava Elétrica Soft Aa420003 Fox / Gol / Parati 4 Portas Mono,Evolusom Comercial Ltda,124.9,4,FALSE,NAO_CONCLUSIVO,INCONCLUSIVOS,INCONCLUSIVO,IDENTIDADE_INCONCLUSIVA,INCONCLUSIVO,INCONCLUSIVO,SEM_EVIDENCIA_DE_DEMANDA,,,,,,,8.279935224,estimated,FALSE,EVIDENCIA_IDENTIDADE_INCOMPLETA; INCONCLUSIVO,APRESENTACAO_NAO_EXPLICITA,,Completar fontes e vínculos,,2026-09-05T15:16:37.457Z
VTK018541,Testador Cabo De Rede Hikari Rj11/ Rj45/ Usb/ Bnc Htc-41 21i536,Evolusom Comercial Ltda,126.1,4,FALSE,NAO_CONCLUSIVO,INCONCLUSIVOS,INCONCLUSIVO,IDENTIDADE_COHERENTE,INCONCLUSIVO,INCONCLUSIVO,SEM_EVIDENCIA_DE_DEMANDA,146.86,,,,,,8.279935224,estimated,FALSE,INCONCLUSIVO,APRESENTACAO_NAO_EXPLICITA,,Completar fontes e vínculos,mercado/VTK018541.json,2026-09-05T15:16:37.457Z
VTK018543,Calota Grid Aro 15p 147cp-pta Volkswagen Fox 2015 Cubo Padrão - PC / 4,Evolusom Comercial Ltda,66.6,4,FALSE,NAO_CONCLUSIVO,INCONCLUSIVOS,INCONCLUSIVO,IDENTIDADE_INCONCLUSIVA,INCONCLUSIVO,INCONCLUSIVO,SEM_EVIDENCIA_DE_DEMANDA,,,,,,,8.279935224,estimated,FALSE,EVIDENCIA_IDENTIDADE_INCOMPLETA; INCONCLUSIVO,APRESENTACAO_NAO_EXPLICITA,,Completar fontes e vínculos,,2026-09-05T15:16:37.457Z
VTK018553,Rodo Nwt Com Cabo Metálico Para Insulfilm - Insf0012,Evolusom Comercial Ltda,30.9,4,FALSE,NAO_CONCLUSIVO,INCONCLUSIVOS,INCONCLUSIVO,IDENTIDADE_INCONCLUSIVA,INCONCLUSIVO,INCONCLUSIVO,SEM_EVIDENCIA_DE_DEMANDA,,,,,,,8.279935224,estimated,FALSE,EQUIVALENCIA_MARCA_NAO_COMPROVADA; COR_DO_MODELO_NAO_COMPROVADA; EVIDENCIA_IDENTIDADE_INCOMPLETA; INCONCLUSIVO,APRESENTACAO_NAO_EXPLICITA,,Completar fontes e vínculos,mercado/VTK018553.json,2026-09-05T15:16:37.457Z
VTK018580,Alto Falante Woofer 6'' Bravox Loc60t 40w Rms 4r Caixa Com 13 Pares,Evolusom Comercial Ltda,789.9,4,FALSE,NAO_CONCLUSIVO,INCONCLUSIVOS,INCONCLUSIVO,IDENTIDADE_INCONCLUSIVA,INCONCLUSIVO,INCONCLUSIVO,SEM_EVIDENCIA_DE_DEMANDA,,,,,,,8.279935224,estimated,FALSE,EVIDENCIA_IDENTIDADE_INCOMPLETA; COMPOSICAO_KIT_NAO_COMPROVADA; INCONCLUSIVO,,,Completar fontes e vínculos,,2026-09-05T15:16:37.457Z
VTK018638,Sensor Pir Interno Pyronix Kx10dp 10 Mts Duplo Digital,Evolusom Comercial Ltda,64.9,4,FALSE,NAO_CONCLUSIVO,INCONCLUSIVOS,INCONCLUSIVO,IDENTIDADE_INCONCLUSIVA,INCONCLUSIVO,INCONCLUSIVO,SEM_EVIDENCIA_DE_DEMANDA,,,,,,,8.279935224,estimated,FALSE,EVIDENCIA_IDENTIDADE_INCOMPLETA; INCONCLUSIVO,APRESENTACAO_NAO_EXPLICITA,,Completar fontes e vínculos,mercado/VTK018638.json,2026-09-05T15:16:37.457Z
VTK018662,Smartphone Motorola G9 Play Xt2083 64gb - Rosa,Evolusom Comercial Ltda,959.9,4,FALSE,NAO_CONCLUSIVO,INCONCLUSIVOS,INCONCLUSIVO,IDENTIDADE_INCONCLUSIVA,INCONCLUSIVO,INCONCLUSIVO,SEM_EVIDENCIA_DE_DEMANDA,1176,,,,,,8.279935224,estimated,FALSE,EVIDENCIA_IDENTIDADE_INCOMPLETA; INCONCLUSIVO,APRESENTACAO_NAO_EXPLICITA,,Completar fontes e vínculos,mercado/VTK018662.json,2026-09-05T15:16:37.457Z
VTK018688,Cabo De Bateria Crk 6.00mm 100m Vermelho,Evolusom Comercial Ltda,445.9,4,FALSE,NAO_CONCLUSIVO,INCONCLUSIVOS,INCONCLUSIVO,IDENTIDADE_INCONCLUSIVA,INCONCLUSIVO,INCONCLUSIVO,SEM_EVIDENCIA_DE_DEMANDA,465,,,,,,8.279935224,estimated,FALSE,EVIDENCIA_IDENTIDADE_INCOMPLETA; INCONCLUSIVO,APRESENTACAO_NAO_EXPLICITA,,Completar fontes e vínculos,mercado/VTK018688.json,2026-09-05T15:16:37.457Z
VTK018715,Grampo Permak Para Forração Lateral Gol G5 237/ P3,Evolusom Comercial Ltda,29.9,4,FALSE,NAO_CONCLUSIVO,INCONCLUSIVOS,INCONCLUSIVO,IDENTIDADE_INCONCLUSIVA,INCONCLUSIVO,INCONCLUSIVO,SEM_EVIDENCIA_DE_DEMANDA,,,,,,,8.279935224,estimated,FALSE,EVIDENCIA_IDENTIDADE_INCOMPLETA; INCONCLUSIVO,APRESENTACAO_NAO_EXPLICITA,,Completar fontes e vínculos,,2026-09-05T15:16:37.457Z
VTK018733,Chicote Conector Permak Antena New Civic / Fit,Evolusom Comercial Ltda,22.3,4,FALSE,NAO_CONCLUSIVO,INCONCLUSIVOS,INCONCLUSIVO,IDENTIDADE_INCONCLUSIVA,INCONCLUSIVO,INCONCLUSIVO,SEM_EVIDENCIA_DE_DEMANDA,39.74,,,,,,8.279935224,estimated,FALSE,EVIDENCIA_IDENTIDADE_INCOMPLETA; INCONCLUSIVO,APRESENTACAO_NAO_EXPLICITA,,Completar fontes e vínculos,mercado/VTK018733.json,2026-09-05T15:16:37.457Z
VTK018736,Calota Grid Aro 14p 342cb-pta Ford Modelo Ka/ Ka+ 2015/16 - PC / 4,Evolusom Comercial Ltda,47.8,4,FALSE,NAO_CONCLUSIVO,INCONCLUSIVOS,INCONCLUSIVO,IDENTIDADE_INCONCLUSIVA,INCONCLUSIVO,INCONCLUSIVO,SEM_EVIDENCIA_DE_DEMANDA,,,,,,,8.279935224,estimated,FALSE,EVIDENCIA_IDENTIDADE_INCOMPLETA; INCONCLUSIVO,APRESENTACAO_NAO_EXPLICITA,,Completar fontes e vínculos,,2026-09-05T15:16:37.457Z
VTK018742,Calota Grid Aro 13p 062cb-pta Modelo Celta / Prisma 2006/ 12 Cubo Baixo - PC / 4,Evolusom Comercial Ltda,43.4,4,FALSE,NAO_CONCLUSIVO,INCONCLUSIVOS,INCONCLUSIVO,IDENTIDADE_INCONCLUSIVA,INCONCLUSIVO,INCONCLUSIVO,SEM_EVIDENCIA_DE_DEMANDA,,,,,,,8.279935224,estimated,FALSE,EVIDENCIA_IDENTIDADE_INCOMPLETA; INCONCLUSIVO,APRESENTACAO_NAO_EXPLICITA,,Completar fontes e vínculos,,2026-09-05T15:16:37.457Z
VTK018762,"Caixa R.l.p. Vazia 2 A.f 12"" + 2 Dr + 2 Tw + Duto",Evolusom Comercial Ltda,139.9,4,FALSE,NAO_CONCLUSIVO,INCONCLUSIVOS,INCONCLUSIVO,IDENTIDADE_INCONCLUSIVA,INCONCLUSIVO,INCONCLUSIVO,SEM_EVIDENCIA_DE_DEMANDA,,,,,,,8.279935224,estimated,FALSE,EVIDENCIA_IDENTIDADE_INCOMPLETA; INCONCLUSIVO,APRESENTACAO_NAO_EXPLICITA,,Completar fontes e vínculos,,2026-09-05T15:16:37.457Z
VTK018775,Calota Aro 14p 376cb-pof Mod Onix 2020 - PC / 4,Evolusom Comercial Ltda,74.4,4,FALSE,NAO_CONCLUSIVO,INCONCLUSIVOS,INCONCLUSIVO,IDENTIDADE_INCONCLUSIVA,INCONCLUSIVO,INCONCLUSIVO,SEM_EVIDENCIA_DE_DEMANDA,,,,,,,8.279935224,estimated,FALSE,EVIDENCIA_IDENTIDADE_INCOMPLETA; INCONCLUSIVO,APRESENTACAO_NAO_EXPLICITA,,Completar fontes e vínculos,,2026-09-05T15:16:37.457Z
VTK018785,Chicote Permak Para Cd Renault Sandero / Logan - Ref. 35-d4,Evolusom Comercial Ltda,28.9,4,FALSE,NAO_CONCLUSIVO,INCONCLUSIVOS,INCONCLUSIVO,IDENTIDADE_INCONCLUSIVA,INCONCLUSIVO,INCONCLUSIVO,SEM_EVIDENCIA_DE_DEMANDA,37.02,,,,,,8.279935224,estimated,FALSE,EVIDENCIA_IDENTIDADE_INCOMPLETA; INCONCLUSIVO,APRESENTACAO_NAO_EXPLICITA,,Completar fontes e vínculos,mercado/VTK018785.json,2026-09-05T15:16:37.457Z
VTK018791,"Ponta Cônica Hikari 0,4mm Mtlb Para Estação De Solda 933,936, 938 - PC / 10",Evolusom Comercial Ltda,129,4,FALSE,NAO_CONCLUSIVO,INCONCLUSIVOS,INCONCLUSIVO,IDENTIDADE_INCONCLUSIVA,INCONCLUSIVO,INCONCLUSIVO,SEM_EVIDENCIA_DE_DEMANDA,,,,,,,8.279935224,estimated,FALSE,EVIDENCIA_IDENTIDADE_INCOMPLETA; INCONCLUSIVO,APRESENTACAO_NAO_EXPLICITA,,Completar fontes e vínculos,,2026-09-05T15:16:37.457Z
VTK018801,"Tubo Termo Retrátil Technoise 9,5mm Pacote Com 100 Unidades Preto/vermelho",Evolusom Comercial Ltda,47.9,4,FALSE,NAO_CONCLUSIVO,INCONCLUSIVOS,INCONCLUSIVO,IDENTIDADE_INCONCLUSIVA,INCONCLUSIVO,INCONCLUSIVO,SEM_EVIDENCIA_DE_DEMANDA,,,,,,,8.279935224,estimated,FALSE,EVIDENCIA_IDENTIDADE_INCOMPLETA; COMPOSICAO_KIT_NAO_COMPROVADA; INCONCLUSIVO,,,Completar fontes e vínculos,,2026-09-05T15:16:37.457Z
VTK018803,Antena Shark Permak 100/m5 - Cinza Escuro,Evolusom Comercial Ltda,39.9,4,FALSE,NAO_CONCLUSIVO,INCONCLUSIVOS,INCONCLUSIVO,IDENTIDADE_INCONCLUSIVA,INCONCLUSIVO,INCONCLUSIVO,SEM_EVIDENCIA_DE_DEMANDA,,,,,,,8.279935224,estimated,FALSE,EVIDENCIA_IDENTIDADE_INCOMPLETA; INCONCLUSIVO,APRESENTACAO_NAO_EXPLICITA,,Completar fontes e vínculos,,2026-09-05T15:16:37.457Z
VTK018811,Lâmpada Ultraled Tarponnn Hb3 12v 40w 4000l 6000k,Evolusom Comercial Ltda,59.9,4,FALSE,NAO_CONCLUSIVO,INCONCLUSIVOS,INCONCLUSIVO,IDENTIDADE_INCONCLUSIVA,INCONCLUSIVO,INCONCLUSIVO,SEM_EVIDENCIA_DE_DEMANDA,,,,,,,8.279935224,estimated,FALSE,EVIDENCIA_IDENTIDADE_INCOMPLETA; INCONCLUSIVO,APRESENTACAO_NAO_EXPLICITA,,Completar fontes e vínculos,,2026-09-05T15:16:37.457Z
VTK018814,Maçarico Western Multiuso A Gás Butano,Evolusom Comercial Ltda,23.2,4,FALSE,NAO_CONCLUSIVO,INCONCLUSIVOS,INCONCLUSIVO,IDENTIDADE_INCONCLUSIVA,INCONCLUSIVO,INCONCLUSIVO,SEM_EVIDENCIA_DE_DEMANDA,36.7,,,,,,8.279935224,estimated,FALSE,EVIDENCIA_IDENTIDADE_INCOMPLETA; INCONCLUSIVO,APRESENTACAO_NAO_EXPLICITA,,Completar fontes e vínculos,mercado/VTK018814.json,2026-09-05T15:16:37.457Z
VTK018818,Serra Tico Tico Multilaser Fe046 Com Lâmina Para Madeira E Base Ajustável 500w 127v,Evolusom Comercial Ltda,139.9,4,FALSE,NAO_CONCLUSIVO,INCONCLUSIVOS,INCONCLUSIVO,IDENTIDADE_INCONCLUSIVA,INCONCLUSIVO,INCONCLUSIVO,SEM_EVIDENCIA_DE_DEMANDA,275.12,,,,,,8.279935224,estimated,FALSE,EVIDENCIA_IDENTIDADE_INCOMPLETA; INCONCLUSIVO,APRESENTACAO_NAO_EXPLICITA,Fornecedor identifica FE046; atributo MODEL do catálogo identifica FE047. Correspondência rejeitada.,Completar fontes e vínculos,mercado/VTK018818.json,2026-09-05T15:16:37.457Z
VTK018822,Caixa Amplificada Multiuso Frahm Tf 370 Tws,Evolusom Comercial Ltda,414.9,4,FALSE,NAO_CONCLUSIVO,INCONCLUSIVOS,INCONCLUSIVO,IDENTIDADE_INCONCLUSIVA,INCONCLUSIVO,INCONCLUSIVO,SEM_EVIDENCIA_DE_DEMANDA,,,,,,,8.279935224,estimated,FALSE,EVIDENCIA_IDENTIDADE_INCOMPLETA; INCONCLUSIVO,APRESENTACAO_NAO_EXPLICITA,,Completar fontes e vínculos,,2026-09-05T15:16:37.457Z
VTK018832,Lâmpada Led Roadstar Nano Technology Rs-hb4 11br - Par,Evolusom Comercial Ltda,54.9,4,FALSE,NAO_CONCLUSIVO,INCONCLUSIVOS,INCONCLUSIVO,IDENTIDADE_INCONCLUSIVA,INCONCLUSIVO,INCONCLUSIVO,SEM_EVIDENCIA_DE_DEMANDA,,,,,,,8.279935224,estimated,FALSE,EVIDENCIA_IDENTIDADE_INCOMPLETA; COMPOSICAO_KIT_NAO_COMPROVADA; INCONCLUSIVO,,,Completar fontes e vínculos,,2026-09-05T15:16:37.457Z
VTK018834,Tapete Tipo Bandeja Grid Fiat Strada 2020+ 4 Portas Preto 05 Peças,Evolusom Comercial Ltda,219.9,4,FALSE,NAO_CONCLUSIVO,INCONCLUSIVOS,INCONCLUSIVO,IDENTIDADE_INCONCLUSIVA,INCONCLUSIVO,INCONCLUSIVO,SEM_EVIDENCIA_DE_DEMANDA,,,,,,,8.279935224,estimated,FALSE,EVIDENCIA_IDENTIDADE_INCOMPLETA; COMPOSICAO_KIT_NAO_COMPROVADA; INCONCLUSIVO,,,Completar fontes e vínculos,,2026-09-05T15:16:37.457Z
VTK018844,Rastreador Positron Rt-120 Para Auto Gps Nova Geração,Evolusom Comercial Ltda,741.99,4,FALSE,NAO_CONCLUSIVO,INCONCLUSIVOS,INCONCLUSIVO,IDENTIDADE_INCONCLUSIVA,INCONCLUSIVO,INCONCLUSIVO,SEM_EVIDENCIA_DE_DEMANDA,,,,,,,8.279935224,estimated,FALSE,EVIDENCIA_IDENTIDADE_INCOMPLETA; INCONCLUSIVO,APRESENTACAO_NAO_EXPLICITA,,Completar fontes e vínculos,mercado/VTK018844.json,2026-09-05T15:16:37.457Z
VTK018846,Aparelho Stetsom Vulcan V1k4d 2 Ohms Digital 1 Canal 1400w,Evolusom Comercial Ltda,951.99,4,FALSE,NAO_CONCLUSIVO,INCONCLUSIVOS,INCONCLUSIVO,IDENTIDADE_COHERENTE,INCONCLUSIVO,INCONCLUSIVO,SEM_EVIDENCIA_DE_DEMANDA,,,,,,,8.279935224,estimated,FALSE,INCONCLUSIVO,APRESENTACAO_NAO_EXPLICITA,,Completar fontes e vínculos,mercado/VTK018846.json,2026-09-05T15:16:37.457Z
VTK018847,Protetor De Carter Dhf-450 Fiesta Zetecom Street/ Courier 16v,Evolusom Comercial Ltda,48.21,4,FALSE,NAO_CONCLUSIVO,INCONCLUSIVOS,INCONCLUSIVO,IDENTIDADE_INCONCLUSIVA,INCONCLUSIVO,INCONCLUSIVO,SEM_EVIDENCIA_DE_DEMANDA,,,,,,,8.279935224,estimated,FALSE,EVIDENCIA_IDENTIDADE_INCOMPLETA; INCONCLUSIVO,APRESENTACAO_NAO_EXPLICITA,,Completar fontes e vínculos,,2026-09-05T15:16:37.457Z
VTK018850,Multitoc Mini Camera Dome Ccd P&b,Evolusom Comercial Ltda,78.9,4,FALSE,NAO_CONCLUSIVO,INCONCLUSIVOS,INCONCLUSIVO,IDENTIDADE_INCONCLUSIVA,INCONCLUSIVO,INCONCLUSIVO,SEM_EVIDENCIA_DE_DEMANDA,,,,,,,8.279935224,estimated,FALSE,EVIDENCIA_IDENTIDADE_INCOMPLETA; INCONCLUSIVO,APRESENTACAO_NAO_EXPLICITA,,Completar fontes e vínculos,,2026-09-05T15:16:37.457Z
VTK018853,"Cabo Stéreo Philips Tiaflex 100 Metros 3x0,14 Mm 731410",Evolusom Comercial Ltda,399.9,4,FALSE,NAO_CONCLUSIVO,INCONCLUSIVOS,INCONCLUSIVO,IDENTIDADE_INCONCLUSIVA,INCONCLUSIVO,INCONCLUSIVO,SEM_EVIDENCIA_DE_DEMANDA,,,,,,,8.279935224,estimated,FALSE,EVIDENCIA_IDENTIDADE_INCOMPLETA; INCONCLUSIVO,APRESENTACAO_NAO_EXPLICITA,,Completar fontes e vínculos,mercado/VTK018853.json,2026-09-05T15:16:37.457Z
VTK018855,Grampo Permak Para Porta Do Palio 237/f,Evolusom Comercial Ltda,20.9,4,FALSE,NAO_CONCLUSIVO,INCONCLUSIVOS,INCONCLUSIVO,IDENTIDADE_INCONCLUSIVA,INCONCLUSIVO,INCONCLUSIVO,SEM_EVIDENCIA_DE_DEMANDA,,,,,,,8.279935224,estimated,FALSE,EVIDENCIA_IDENTIDADE_INCOMPLETA; INCONCLUSIVO,APRESENTACAO_NAO_EXPLICITA,,Completar fontes e vínculos,,2026-09-05T15:16:37.457Z
VTK018858,Cabo Teclado Sparflex Nitro 100 10 Metros Preto 538196010f,Evolusom Comercial Ltda,68.4,4,FALSE,NAO_CONCLUSIVO,INCONCLUSIVOS,INCONCLUSIVO,IDENTIDADE_INCONCLUSIVA,INCONCLUSIVO,INCONCLUSIVO,SEM_EVIDENCIA_DE_DEMANDA,,,,,,,8.279935224,estimated,FALSE,EVIDENCIA_IDENTIDADE_INCOMPLETA; INCONCLUSIVO,APRESENTACAO_NAO_EXPLICITA,,Completar fontes e vínculos,,2026-09-05T15:16:37.457Z
VTK018859,Contra Frente Plástica Permak Gol Gv 2 Din Preta,Evolusom Comercial Ltda,42.19,4,FALSE,NAO_CONCLUSIVO,INCONCLUSIVOS,INCONCLUSIVO,IDENTIDADE_INCONCLUSIVA,INCONCLUSIVO,INCONCLUSIVO,SEM_EVIDENCIA_DE_DEMANDA,44.99,,,,,,8.279935224,estimated,FALSE,EVIDENCIA_IDENTIDADE_INCOMPLETA; INCONCLUSIVO,APRESENTACAO_NAO_EXPLICITA,,Completar fontes e vínculos,mercado/VTK018859.json,2026-09-05T15:16:37.457Z
VTK018864,Cabo Coaxial Cabletech Std-40+tp3 Branco Bobina 305 Metros 801214000p01cb22,Evolusom Comercial Ltda,456.9,4,FALSE,NAO_CONCLUSIVO,INCONCLUSIVOS,INCONCLUSIVO,IDENTIDADE_INCONCLUSIVA,INCONCLUSIVO,INCONCLUSIVO,SEM_EVIDENCIA_DE_DEMANDA,,,,,,,8.279935224,estimated,FALSE,EVIDENCIA_IDENTIDADE_INCOMPLETA; INCONCLUSIVO,APRESENTACAO_NAO_EXPLICITA,,Completar fontes e vínculos,,2026-09-05T15:16:37.457Z
VTK018868,Contra Frente Plástica Permak Toyota Etios 2 Din Preta,Evolusom Comercial Ltda,64.9,4,FALSE,NAO_CONCLUSIVO,INCONCLUSIVOS,INCONCLUSIVO,IDENTIDADE_INCONCLUSIVA,INCONCLUSIVO,INCONCLUSIVO,SEM_EVIDENCIA_DE_DEMANDA,70.74,,,,,,8.279935224,estimated,FALSE,EVIDENCIA_IDENTIDADE_INCOMPLETA; INCONCLUSIVO,APRESENTACAO_NAO_EXPLICITA,,Completar fontes e vínculos,mercado/VTK018868.json,2026-09-05T15:16:37.457Z
VTK018869,Contra Frente Plástica Permak Honda New Civic 2012 2 Din,Evolusom Comercial Ltda,85.9,4,FALSE,NAO_CONCLUSIVO,INCONCLUSIVOS,INCONCLUSIVO,IDENTIDADE_INCONCLUSIVA,INCONCLUSIVO,INCONCLUSIVO,SEM_EVIDENCIA_DE_DEMANDA,132.05,,,,,,8.279935224,estimated,FALSE,EVIDENCIA_IDENTIDADE_INCOMPLETA; INCONCLUSIVO,APRESENTACAO_NAO_EXPLICITA,,Completar fontes e vínculos,mercado/VTK018869.json,2026-09-05T15:16:37.457Z
VTK018870,Contra Frente Plástica Permak Fiat Stilo 2 Din Preta,Evolusom Comercial Ltda,37.9,4,FALSE,NAO_CONCLUSIVO,INCONCLUSIVOS,INCONCLUSIVO,IDENTIDADE_INCONCLUSIVA,INCONCLUSIVO,INCONCLUSIVO,SEM_EVIDENCIA_DE_DEMANDA,55.71,,,,,,8.279935224,estimated,FALSE,EVIDENCIA_IDENTIDADE_INCOMPLETA; INCONCLUSIVO,APRESENTACAO_NAO_EXPLICITA,,Completar fontes e vínculos,mercado/VTK018870.json,2026-09-05T15:16:37.457Z
VTK018882,Sensor Ultrassom Fks Sus200sn Universal Para Chave Original,Evolusom Comercial Ltda,71.9,4,FALSE,NAO_CONCLUSIVO,INCONCLUSIVOS,INCONCLUSIVO,IDENTIDADE_COHERENTE,INCONCLUSIVO,INCONCLUSIVO,SEM_EVIDENCIA_DE_DEMANDA,75.5,,,,,,8.279935224,estimated,FALSE,INCONCLUSIVO,APRESENTACAO_NAO_EXPLICITA,,Completar fontes e vínculos,mercado/VTK018882.json,2026-09-05T15:16:37.457Z
VTK018883,"Alça Pré Formada Para Cabo 10,00/ 10,80mm Apco6108 Cinza - PC / 10",Evolusom Comercial Ltda,198.8,4,FALSE,NAO_CONCLUSIVO,INCONCLUSIVOS,INCONCLUSIVO,IDENTIDADE_INCONCLUSIVA,INCONCLUSIVO,INCONCLUSIVO,SEM_EVIDENCIA_DE_DEMANDA,,,,,,,8.279935224,estimated,FALSE,EVIDENCIA_IDENTIDADE_INCOMPLETA; INCONCLUSIVO,APRESENTACAO_NAO_EXPLICITA,,Completar fontes e vínculos,,2026-09-05T15:16:37.457Z
VTK018885,Calota Grid Aro 13p 076cb-pta Modelo Uno Vivace 1.0 2011/ 13 - PC / 4,Evolusom Comercial Ltda,43.4,4,FALSE,NAO_CONCLUSIVO,INCONCLUSIVOS,INCONCLUSIVO,IDENTIDADE_INCONCLUSIVA,INCONCLUSIVO,INCONCLUSIVO,SEM_EVIDENCIA_DE_DEMANDA,,,,,,,8.279935224,estimated,FALSE,EVIDENCIA_IDENTIDADE_INCOMPLETA; INCONCLUSIVO,APRESENTACAO_NAO_EXPLICITA,,Completar fontes e vínculos,,2026-09-05T15:16:37.457Z
VTK018891,Calota Grid Aro 13p 020ca-pta Modelo Volkswaggen Gol Ecomotion 11/ 12 Cubo Alto - PC / 4,Evolusom Comercial Ltda,43.4,4,FALSE,NAO_CONCLUSIVO,INCONCLUSIVOS,INCONCLUSIVO,IDENTIDADE_INCONCLUSIVA,INCONCLUSIVO,INCONCLUSIVO,SEM_EVIDENCIA_DE_DEMANDA,,,,,,,8.279935224,estimated,FALSE,EVIDENCIA_IDENTIDADE_INCOMPLETA; INCONCLUSIVO,APRESENTACAO_NAO_EXPLICITA,,Completar fontes e vínculos,,2026-09-05T15:16:37.457Z
VTK018893,Caixa De Som Bluetooth Tp-link Groovi Ripple,Evolusom Comercial Ltda,151.7,4,FALSE,NAO_CONCLUSIVO,INCONCLUSIVOS,INCONCLUSIVO,IDENTIDADE_COHERENTE,INCONCLUSIVO,INCONCLUSIVO,SEM_EVIDENCIA_DE_DEMANDA,179,,,,,,8.279935224,estimated,FALSE,INCONCLUSIVO,APRESENTACAO_NAO_EXPLICITA,,Completar fontes e vínculos,mercado/VTK018893.json,2026-09-05T15:16:37.457Z
VTK018894,Sensor Presença Techna 4x2 Sem Fotocelula Sp-003,Evolusom Comercial Ltda,28.4,4,FALSE,NAO_CONCLUSIVO,INCONCLUSIVOS,INCONCLUSIVO,IDENTIDADE_INCONCLUSIVA,INCONCLUSIVO,INCONCLUSIVO,SEM_EVIDENCIA_DE_DEMANDA,,,,,,,8.279935224,estimated,FALSE,EVIDENCIA_IDENTIDADE_INCOMPLETA; INCONCLUSIVO,APRESENTACAO_NAO_EXPLICITA,,Completar fontes e vínculos,,2026-09-05T15:16:37.457Z
VTK018897,Calota Grid Aro 13p 200cb-pta Prata Fiat Palio Fire Cubo Baixo - PC / 4,Evolusom Comercial Ltda,43.4,4,FALSE,NAO_CONCLUSIVO,INCONCLUSIVOS,INCONCLUSIVO,IDENTIDADE_INCONCLUSIVA,INCONCLUSIVO,INCONCLUSIVO,SEM_EVIDENCIA_DE_DEMANDA,,,,,,,8.279935224,estimated,FALSE,EVIDENCIA_IDENTIDADE_INCOMPLETA; INCONCLUSIVO,APRESENTACAO_NAO_EXPLICITA,,Completar fontes e vínculos,,2026-09-05T15:16:37.457Z
VTK018898,Calota Grid Aro 14a 066ar-pta Prata Volkswagen Fox City - PC / 4,Evolusom Comercial Ltda,47.8,4,FALSE,NAO_CONCLUSIVO,INCONCLUSIVOS,INCONCLUSIVO,IDENTIDADE_INCONCLUSIVA,INCONCLUSIVO,INCONCLUSIVO,SEM_EVIDENCIA_DE_DEMANDA,,,,,,,8.279935224,estimated,FALSE,EVIDENCIA_IDENTIDADE_INCOMPLETA; INCONCLUSIVO,APRESENTACAO_NAO_EXPLICITA,,Completar fontes e vínculos,,2026-09-05T15:16:37.457Z
VTK018900,Calota Grid Aro 14p 209ca-pta Fiat Doblo 2015 Cubo Alto - PC / 4,Evolusom Comercial Ltda,47.8,4,FALSE,NAO_CONCLUSIVO,INCONCLUSIVOS,INCONCLUSIVO,IDENTIDADE_INCONCLUSIVA,INCONCLUSIVO,INCONCLUSIVO,SEM_EVIDENCIA_DE_DEMANDA,,,,,,,8.279935224,estimated,FALSE,EVIDENCIA_IDENTIDADE_INCOMPLETA; INCONCLUSIVO,APRESENTACAO_NAO_EXPLICITA,,Completar fontes e vínculos,,2026-09-05T15:16:37.457Z
VTK018901,Calota Grid Aro 14p 561cb-pta Fiat Palio Weekend 2002 Cubo Baixo - PC / 4,Evolusom Comercial Ltda,47.8,4,FALSE,NAO_CONCLUSIVO,INCONCLUSIVOS,INCONCLUSIVO,IDENTIDADE_INCONCLUSIVA,INCONCLUSIVO,INCONCLUSIVO,SEM_EVIDENCIA_DE_DEMANDA,,,,,,,8.279935224,estimated,FALSE,EVIDENCIA_IDENTIDADE_INCOMPLETA; INCONCLUSIVO,APRESENTACAO_NAO_EXPLICITA,,Completar fontes e vínculos,,2026-09-05T15:16:37.457Z
VTK018903,Calota Grid Aro 15p 045cp-pta Fiat Idea Attractive 2011/ 13 Cubo Padrão - PC / 4,Evolusom Comercial Ltda,66.6,4,FALSE,NAO_CONCLUSIVO,INCONCLUSIVOS,INCONCLUSIVO,IDENTIDADE_INCONCLUSIVA,INCONCLUSIVO,INCONCLUSIVO,SEM_EVIDENCIA_DE_DEMANDA,,,,,,,8.279935224,estimated,FALSE,EVIDENCIA_IDENTIDADE_INCOMPLETA; INCONCLUSIVO,APRESENTACAO_NAO_EXPLICITA,,Completar fontes e vínculos,,2026-09-05T15:16:37.457Z
VTK018904,Modulo De Potencia Jbl Club 5501 1 Canal 550wrms,Evolusom Comercial Ltda,899.9,4,FALSE,NAO_CONCLUSIVO,INCONCLUSIVOS,INCONCLUSIVO,IDENTIDADE_COHERENTE,INCONCLUSIVO,INCONCLUSIVO,SEM_EVIDENCIA_DE_DEMANDA,,,,,,,8.279935224,estimated,FALSE,INCONCLUSIVO,APRESENTACAO_NAO_EXPLICITA,,Completar fontes e vínculos,mercado/VTK018904.json,2026-09-05T15:16:37.457Z
VTK018905,"Cabinho Auto Tiaflex 0,50 Mm Vermelho 100 Metros 105006",Evolusom Comercial Ltda,149.9,4,FALSE,NAO_CONCLUSIVO,INCONCLUSIVOS,INCONCLUSIVO,IDENTIDADE_INCONCLUSIVA,INCONCLUSIVO,INCONCLUSIVO,SEM_EVIDENCIA_DE_DEMANDA,,,,,,,8.279935224,estimated,FALSE,EVIDENCIA_IDENTIDADE_INCOMPLETA; INCONCLUSIVO,APRESENTACAO_NAO_EXPLICITA,,Completar fontes e vínculos,,2026-09-05T15:16:37.457Z
VTK018907,Módulo De Vidro Tury Ae Pro 4.40 Universal 4 Vidros,Evolusom Comercial Ltda,221.9,4,FALSE,NAO_CONCLUSIVO,INCONCLUSIVOS,INCONCLUSIVO,IDENTIDADE_COHERENTE,INCONCLUSIVO,INCONCLUSIVO,SEM_EVIDENCIA_DE_DEMANDA,,,,,,,8.279935224,estimated,FALSE,INCONCLUSIVO,APRESENTACAO_NAO_EXPLICITA,,Completar fontes e vínculos,mercado/VTK018907.json,2026-09-05T15:16:37.457Z
VTK018909,Sub Conjunto Almapy Novo Palio 12+ Dnt Sensorizado,Evolusom Comercial Ltda,164.45,4,FALSE,NAO_CONCLUSIVO,INCONCLUSIVOS,INCONCLUSIVO,IDENTIDADE_INCONCLUSIVA,INCONCLUSIVO,INCONCLUSIVO,SEM_EVIDENCIA_DE_DEMANDA,,,,,,,8.279935224,estimated,FALSE,EVIDENCIA_IDENTIDADE_INCOMPLETA; COMPOSICAO_KIT_NAO_COMPROVADA; INCONCLUSIVO,,,Completar fontes e vínculos,,2026-09-05T15:16:37.457Z
VTK018911,Capota Marítima Flash Cover Ff123 Nissan Frontier Sel D40 Cabine Dupla 2009/2015 Force,Evolusom Comercial Ltda,539.9,4,FALSE,NAO_CONCLUSIVO,INCONCLUSIVOS,INCONCLUSIVO,IDENTIDADE_INCONCLUSIVA,INCONCLUSIVO,INCONCLUSIVO,SEM_EVIDENCIA_DE_DEMANDA,,,,,,,8.279935224,estimated,FALSE,EVIDENCIA_IDENTIDADE_INCOMPLETA; INCONCLUSIVO,APRESENTACAO_NAO_EXPLICITA,,Completar fontes e vínculos,,2026-09-05T15:16:37.457Z
VTK018912,Haste Curta Olimpus Da Antena Para Onix,Evolusom Comercial Ltda,98.9,4,FALSE,NAO_CONCLUSIVO,INCONCLUSIVOS,INCONCLUSIVO,IDENTIDADE_INCONCLUSIVA,INCONCLUSIVO,INCONCLUSIVO,SEM_EVIDENCIA_DE_DEMANDA,,,,,,,8.279935224,estimated,FALSE,EVIDENCIA_IDENTIDADE_INCOMPLETA; INCONCLUSIVO,APRESENTACAO_NAO_EXPLICITA,,Completar fontes e vínculos,,2026-09-05T15:16:37.457Z
VTK018920,Power Coaxial Onix Hd 3000 16ch Com Fonte,Evolusom Comercial Ltda,727.8,4,FALSE,NAO_CONCLUSIVO,INCONCLUSIVOS,INCONCLUSIVO,IDENTIDADE_INCONCLUSIVA,INCONCLUSIVO,INCONCLUSIVO,SEM_EVIDENCIA_DE_DEMANDA,,,,,,,8.279935224,estimated,FALSE,EVIDENCIA_IDENTIDADE_INCOMPLETA; INCONCLUSIVO,APRESENTACAO_NAO_EXPLICITA,,Completar fontes e vínculos,,2026-09-05T15:16:37.457Z
VTK018923,Haste New Shark Olimpus Teto Traseira Prata,Evolusom Comercial Ltda,55.9,4,FALSE,NAO_CONCLUSIVO,INCONCLUSIVOS,INCONCLUSIVO,IDENTIDADE_INCONCLUSIVA,INCONCLUSIVO,INCONCLUSIVO,SEM_EVIDENCIA_DE_DEMANDA,,,,,,,8.279935224,estimated,FALSE,EVIDENCIA_IDENTIDADE_INCOMPLETA; INCONCLUSIVO,APRESENTACAO_NAO_EXPLICITA,,Completar fontes e vínculos,,2026-09-05T15:16:37.457Z
VTK018932,Calota Aro 15a 869ar-pof Mod Sandero 2014/ 18 Ar - PC / 4,Evolusom Comercial Ltda,74.4,4,FALSE,NAO_CONCLUSIVO,INCONCLUSIVOS,INCONCLUSIVO,IDENTIDADE_INCONCLUSIVA,INCONCLUSIVO,INCONCLUSIVO,SEM_EVIDENCIA_DE_DEMANDA,,,,,,,8.279935224,estimated,FALSE,EVIDENCIA_IDENTIDADE_INCOMPLETA; INCONCLUSIVO,APRESENTACAO_NAO_EXPLICITA,,Completar fontes e vínculos,,2026-09-05T15:16:37.457Z
VTK018936,Antena Permak Shark Prata 100/m2,Evolusom Comercial Ltda,39.9,4,FALSE,NAO_CONCLUSIVO,INCONCLUSIVOS,INCONCLUSIVO,IDENTIDADE_INCONCLUSIVA,INCONCLUSIVO,INCONCLUSIVO,SEM_EVIDENCIA_DE_DEMANDA,,,,,,,8.279935224,estimated,FALSE,EVIDENCIA_IDENTIDADE_INCOMPLETA; INCONCLUSIVO,APRESENTACAO_NAO_EXPLICITA,,Completar fontes e vínculos,,2026-09-05T15:16:37.457Z
VTK018943,Controlador Acesso Ip Wide Cx-7006,Evolusom Comercial Ltda,515.9,4,FALSE,NAO_CONCLUSIVO,INCONCLUSIVOS,INCONCLUSIVO,IDENTIDADE_INCONCLUSIVA,INCONCLUSIVO,INCONCLUSIVO,SEM_EVIDENCIA_DE_DEMANDA,433.45,,,,,,8.279935224,estimated,FALSE,EVIDENCIA_IDENTIDADE_INCOMPLETA; COMPOSICAO_KIT_NAO_COMPROVADA; INCONCLUSIVO,,,Completar fontes e vínculos,mercado/VTK018943.json,2026-09-05T15:16:37.457Z
VTK018944,Central Laço Indutivo Citrox 2 Pontos Cx-7602,Evolusom Comercial Ltda,684.9,4,FALSE,NAO_CONCLUSIVO,INCONCLUSIVOS,INCONCLUSIVO,IDENTIDADE_INCONCLUSIVA,INCONCLUSIVO,INCONCLUSIVO,SEM_EVIDENCIA_DE_DEMANDA,417.58,,,,,,8.279935224,estimated,FALSE,EVIDENCIA_IDENTIDADE_INCOMPLETA; INCONCLUSIVO,APRESENTACAO_NAO_EXPLICITA,,Completar fontes e vínculos,mercado/VTK018944.json,2026-09-05T15:16:37.457Z
VTK018946,"Antena Movel Com Prolongador Pl-2004 Aquario 2,7mts",Evolusom Comercial Ltda,140.5,4,FALSE,NAO_CONCLUSIVO,INCONCLUSIVOS,INCONCLUSIVO,IDENTIDADE_INCONCLUSIVA,INCONCLUSIVO,INCONCLUSIVO,SEM_EVIDENCIA_DE_DEMANDA,,,,,,,8.279935224,estimated,FALSE,EVIDENCIA_IDENTIDADE_INCOMPLETA; INCONCLUSIVO,APRESENTACAO_NAO_EXPLICITA,,Completar fontes e vínculos,,2026-09-05T15:16:37.457Z
VTK018947,"Frente Falsa Evus Ev-bp4u Para Rack 4u X 19"" Preto",Evolusom Comercial Ltda,31.9,4,FALSE,NAO_CONCLUSIVO,INCONCLUSIVOS,INCONCLUSIVO,IDENTIDADE_INCONCLUSIVA,INCONCLUSIVO,INCONCLUSIVO,SEM_EVIDENCIA_DE_DEMANDA,,,,,,,8.279935224,estimated,FALSE,EVIDENCIA_IDENTIDADE_INCOMPLETA; INCONCLUSIVO,APRESENTACAO_NAO_EXPLICITA,,Completar fontes e vínculos,,2026-09-05T15:16:37.457Z
VTK018948,Modulo Expansao Sohoplus Teecom 8 Portas - Cdm,Evolusom Comercial Ltda,95.9,4,FALSE,NAO_CONCLUSIVO,INCONCLUSIVOS,INCONCLUSIVO,IDENTIDADE_INCONCLUSIVA,INCONCLUSIVO,INCONCLUSIVO,SEM_EVIDENCIA_DE_DEMANDA,,,,,,,8.279935224,estimated,FALSE,EVIDENCIA_IDENTIDADE_INCOMPLETA; INCONCLUSIVO,APRESENTACAO_NAO_EXPLICITA,,Completar fontes e vínculos,,2026-09-05T15:16:37.457Z
VTK018949,Modulo Para Distribuiçao De Video Sohoplus Para 8 Ambientes - Catv 2ghz - Cdm,Evolusom Comercial Ltda,134.9,4,FALSE,NAO_CONCLUSIVO,INCONCLUSIVOS,INCONCLUSIVO,IDENTIDADE_INCONCLUSIVA,INCONCLUSIVO,INCONCLUSIVO,SEM_EVIDENCIA_DE_DEMANDA,,,,,,,8.279935224,estimated,FALSE,EVIDENCIA_IDENTIDADE_INCOMPLETA; INCONCLUSIVO,APRESENTACAO_NAO_EXPLICITA,,Completar fontes e vínculos,,2026-09-05T15:16:37.457Z
VTK018957,Shock Reparo Driver Titanium D-450-ti Trio Selenium,Evolusom Comercial Ltda,173.9,4,FALSE,NAO_CONCLUSIVO,INCONCLUSIVOS,INCONCLUSIVO,IDENTIDADE_INCONCLUSIVA,INCONCLUSIVO,INCONCLUSIVO,SEM_EVIDENCIA_DE_DEMANDA,,,,,,,8.279935224,estimated,FALSE,EVIDENCIA_IDENTIDADE_INCOMPLETA; INCONCLUSIVO,APRESENTACAO_NAO_EXPLICITA,,Completar fontes e vínculos,,2026-09-05T15:16:37.457Z
VTK018958,Apoio De Pulso Multilaser Para Teclado Preto Multi - Ac366,Evolusom Comercial Ltda,39.2,4,FALSE,NAO_CONCLUSIVO,INCONCLUSIVOS,INCONCLUSIVO,IDENTIDADE_INCONCLUSIVA,INCONCLUSIVO,INCONCLUSIVO,SEM_EVIDENCIA_DE_DEMANDA,,,,,,,8.279935224,estimated,FALSE,EVIDENCIA_IDENTIDADE_INCOMPLETA; INCONCLUSIVO,APRESENTACAO_NAO_EXPLICITA,,Completar fontes e vínculos,,2026-09-05T15:16:37.457Z
VTK018960,Bateria Unipower 12v 40ah Up12400 M6 V0,Evolusom Comercial Ltda,585.9,4,FALSE,NAO_CONCLUSIVO,INCONCLUSIVOS,INCONCLUSIVO,IDENTIDADE_COHERENTE,INCONCLUSIVO,INCONCLUSIVO,SEM_EVIDENCIA_DE_DEMANDA,729.9,,,,,,8.279935224,estimated,FALSE,INCONCLUSIVO,APRESENTACAO_NAO_EXPLICITA,,Completar fontes e vínculos,mercado/VTK018960.json,2026-09-05T15:16:37.457Z
VTK018961,Módulo Expansor Pgm 8 Saídas Genno,Evolusom Comercial Ltda,45.9,4,FALSE,NAO_CONCLUSIVO,INCONCLUSIVOS,INCONCLUSIVO,IDENTIDADE_INCONCLUSIVA,INCONCLUSIVO,INCONCLUSIVO,SEM_EVIDENCIA_DE_DEMANDA,245.31,,,,,,8.279935224,estimated,FALSE,EVIDENCIA_IDENTIDADE_INCOMPLETA; INCONCLUSIVO,APRESENTACAO_NAO_EXPLICITA,Módulo expansor PGM para alarmes comparado com central de cerca elétrica; correspondência rejeitada.,Completar fontes e vínculos,mercado/VTK018961.json,2026-09-05T15:16:37.457Z
VTK018962,Kit Cabo Cc-03 Para Usar Divisor Dv-02 Aquário,Evolusom Comercial Ltda,121.9,4,FALSE,NAO_CONCLUSIVO,INCONCLUSIVOS,INCONCLUSIVO,IDENTIDADE_INCONCLUSIVA,INCONCLUSIVO,INCONCLUSIVO,SEM_EVIDENCIA_DE_DEMANDA,,,,,,,8.279935224,estimated,FALSE,EVIDENCIA_IDENTIDADE_INCOMPLETA; COMPOSICAO_KIT_NAO_COMPROVADA; INCONCLUSIVO,,,Completar fontes e vínculos,,2026-09-05T15:16:37.457Z
VTK018964,Lâmpada Multilaser Super Led H3 30w 6200k Par Au833,Evolusom Comercial Ltda,51.7,4,FALSE,NAO_CONCLUSIVO,INCONCLUSIVOS,INCONCLUSIVO,IDENTIDADE_INCONCLUSIVA,INCONCLUSIVO,INCONCLUSIVO,SEM_EVIDENCIA_DE_DEMANDA,,,,,,,8.279935224,estimated,FALSE,EVIDENCIA_IDENTIDADE_INCOMPLETA; COMPOSICAO_KIT_NAO_COMPROVADA; INCONCLUSIVO,,,Completar fontes e vínculos,,2026-09-05T15:16:37.457Z
VTK018965,Haste Permak Fiat Toro Argus Cronos Jeep Compas,Evolusom Comercial Ltda,16.9,4,FALSE,NAO_CONCLUSIVO,INCONCLUSIVOS,INCONCLUSIVO,IDENTIDADE_INCONCLUSIVA,INCONCLUSIVO,INCONCLUSIVO,SEM_EVIDENCIA_DE_DEMANDA,,,,,,,8.279935224,estimated,FALSE,EVIDENCIA_IDENTIDADE_INCOMPLETA; INCONCLUSIVO,APRESENTACAO_NAO_EXPLICITA,,Completar fontes e vínculos,,2026-09-05T15:16:37.457Z
VTK018966,Câmera Intelbras Bullet Ip 2mp Vip 3260 Z G2,Evolusom Comercial Ltda,1007.1,4,FALSE,NAO_CONCLUSIVO,INCONCLUSIVOS,INCONCLUSIVO,IDENTIDADE_COHERENTE,INCONCLUSIVO,INCONCLUSIVO,SEM_EVIDENCIA_DE_DEMANDA,939.9,,,,,,8.279935224,estimated,FALSE,INCONCLUSIVO,APRESENTACAO_NAO_EXPLICITA,,Completar fontes e vínculos,mercado/VTK018966.json,2026-09-05T15:16:37.457Z
VTK018967,Antena Permak Fiesta/ Ka/ Escort/ Focus/ Courier - Ref. 100/e,Evolusom Comercial Ltda,59.9,4,FALSE,NAO_CONCLUSIVO,INCONCLUSIVOS,INCONCLUSIVO,IDENTIDADE_INCONCLUSIVA,INCONCLUSIVO,INCONCLUSIVO,SEM_EVIDENCIA_DE_DEMANDA,,,,,,,8.279935224,estimated,FALSE,EVIDENCIA_IDENTIDADE_INCOMPLETA; INCONCLUSIVO,APRESENTACAO_NAO_EXPLICITA,,Completar fontes e vínculos,,2026-09-05T15:16:37.457Z
VTK018975,"Alto Falante Hinor New City 5"" 1/2 Par",Evolusom Comercial Ltda,96.99,4,FALSE,NAO_CONCLUSIVO,INCONCLUSIVOS,INCONCLUSIVO,IDENTIDADE_INCONCLUSIVA,INCONCLUSIVO,INCONCLUSIVO,SEM_EVIDENCIA_DE_DEMANDA,209.07,,,,,,8.279935224,estimated,FALSE,EVIDENCIA_IDENTIDADE_INCOMPLETA; INCONCLUSIVO,,Validar diâmetro exato e interpretação de meia polegada/par no título do Hinor antes da associação.,Completar fontes e vínculos,mercado/VTK018975.json,2026-09-05T15:16:37.457Z
VTK018976,"Moldura Fiamon 9"" Fiat Mobi - Preta",Evolusom Comercial Ltda,153.9,4,FALSE,NAO_CONCLUSIVO,INCONCLUSIVOS,INCONCLUSIVO,IDENTIDADE_INCONCLUSIVA,INCONCLUSIVO,INCONCLUSIVO,SEM_EVIDENCIA_DE_DEMANDA,,,,,,,8.279935224,estimated,FALSE,EVIDENCIA_IDENTIDADE_INCOMPLETA; INCONCLUSIVO,APRESENTACAO_NAO_EXPLICITA,,Completar fontes e vínculos,,2026-09-05T15:16:37.457Z
VTK018983,Reparo Driver Eros E405 Trio,Evolusom Comercial Ltda,124.9,4,FALSE,NAO_CONCLUSIVO,INCONCLUSIVOS,INCONCLUSIVO,IDENTIDADE_COHERENTE,INCONCLUSIVO,INCONCLUSIVO,SEM_EVIDENCIA_DE_DEMANDA,172.28,,,,,,8.279935224,estimated,FALSE,INCONCLUSIVO,APRESENTACAO_NAO_EXPLICITA,,Completar fontes e vínculos,mercado/VTK018983.json,2026-09-05T15:16:37.457Z
VTK018986,Kit Lâmpada Led Tarponn Tp-6136 Force 6000 Premium Hb3/h Par,Evolusom Comercial Ltda,95.99,4,FALSE,NAO_CONCLUSIVO,INCONCLUSIVOS,INCONCLUSIVO,IDENTIDADE_INCONCLUSIVA,INCONCLUSIVO,INCONCLUSIVO,SEM_EVIDENCIA_DE_DEMANDA,,,,,,,8.279935224,estimated,FALSE,EVIDENCIA_IDENTIDADE_INCOMPLETA; COMPOSICAO_KIT_NAO_COMPROVADA; INCONCLUSIVO,,,Completar fontes e vínculos,,2026-09-05T15:16:37.457Z
VTK018987,Lanterna Recarregável Western Curta 15 Leds Bivolt,Evolusom Comercial Ltda,64.9,4,FALSE,NAO_CONCLUSIVO,INCONCLUSIVOS,INCONCLUSIVO,IDENTIDADE_INCONCLUSIVA,INCONCLUSIVO,INCONCLUSIVO,SEM_EVIDENCIA_DE_DEMANDA,78.99,,,,,,8.279935224,estimated,FALSE,EVIDENCIA_IDENTIDADE_INCOMPLETA; INCONCLUSIVO,APRESENTACAO_NAO_EXPLICITA,,Completar fontes e vínculos,mercado/VTK018987.json,2026-09-05T15:16:37.457Z
VTK018989,Modulo Automação Tury Teto Solar Sky1.0 Universal,Evolusom Comercial Ltda,83.9,4,FALSE,NAO_CONCLUSIVO,INCONCLUSIVOS,INCONCLUSIVO,IDENTIDADE_INCONCLUSIVA,INCONCLUSIVO,INCONCLUSIVO,SEM_EVIDENCIA_DE_DEMANDA,,,,,,,8.279935224,estimated,FALSE,EVIDENCIA_IDENTIDADE_INCOMPLETA; INCONCLUSIVO,APRESENTACAO_NAO_EXPLICITA,,Completar fontes e vínculos,mercado/VTK018989.json,2026-09-05T15:16:37.457Z
VTK019010,Módulo Para Reboque Fks Mr200 Plus Pp 5 Saídas,Evolusom Comercial Ltda,82.9,4,FALSE,NAO_CONCLUSIVO,INCONCLUSIVOS,INCONCLUSIVO,IDENTIDADE_INCONCLUSIVA,INCONCLUSIVO,INCONCLUSIVO,SEM_EVIDENCIA_DE_DEMANDA,,,,,,,8.279935224,estimated,FALSE,EVIDENCIA_IDENTIDADE_INCOMPLETA; INCONCLUSIVO,APRESENTACAO_NAO_EXPLICITA,,Completar fontes e vínculos,,2026-09-05T15:16:37.457Z
VTK019011,Controle Canivete Fks Cr750 Linha Toyota,Evolusom Comercial Ltda,49.9,4,FALSE,NAO_CONCLUSIVO,INCONCLUSIVOS,INCONCLUSIVO,IDENTIDADE_INCONCLUSIVA,INCONCLUSIVO,INCONCLUSIVO,SEM_EVIDENCIA_DE_DEMANDA,,,,,,,8.279935224,estimated,FALSE,EVIDENCIA_IDENTIDADE_INCOMPLETA; INCONCLUSIVO,APRESENTACAO_NAO_EXPLICITA,,Completar fontes e vínculos,,2026-09-05T15:16:37.457Z
VTK019012,Controle Canivete Fks Cr965 Linha Hyundai,Evolusom Comercial Ltda,49.9,4,FALSE,NAO_CONCLUSIVO,INCONCLUSIVOS,INCONCLUSIVO,IDENTIDADE_INCONCLUSIVA,INCONCLUSIVO,INCONCLUSIVO,SEM_EVIDENCIA_DE_DEMANDA,,,,,,,8.279935224,estimated,FALSE,EVIDENCIA_IDENTIDADE_INCOMPLETA; INCONCLUSIVO,APRESENTACAO_NAO_EXPLICITA,,Completar fontes e vínculos,,2026-09-05T15:16:37.457Z
VTK019013,"Alto Falante 8"" Roadstar Marine Rs851br Coaxial Cinza - Par",Evolusom Comercial Ltda,642.9,4,FALSE,NAO_CONCLUSIVO,INCONCLUSIVOS,INCONCLUSIVO,IDENTIDADE_INCONCLUSIVA,INCONCLUSIVO,INCONCLUSIVO,SEM_EVIDENCIA_DE_DEMANDA,,,,,,,8.279935224,estimated,FALSE,EVIDENCIA_IDENTIDADE_INCOMPLETA; COMPOSICAO_KIT_NAO_COMPROVADA; INCONCLUSIVO,,,Completar fontes e vínculos,,2026-09-05T15:16:37.457Z
VTK019015,"Tela Permak 10"" Para Alto Falante Profissional Tipo Pioneer 114/h - PC / 2",Evolusom Comercial Ltda,31.8,4,FALSE,NAO_CONCLUSIVO,INCONCLUSIVOS,INCONCLUSIVO,IDENTIDADE_INCONCLUSIVA,INCONCLUSIVO,INCONCLUSIVO,SEM_EVIDENCIA_DE_DEMANDA,,,,,,,8.279935224,estimated,FALSE,EVIDENCIA_IDENTIDADE_INCOMPLETA; INCONCLUSIVO,APRESENTACAO_NAO_EXPLICITA,,Completar fontes e vínculos,,2026-09-05T15:16:37.457Z
VTK019055,Moldura 2 Din Fiamon Grand Siena - Champagne,Evolusom Comercial Ltda,171.9,4,FALSE,NAO_CONCLUSIVO,INCONCLUSIVOS,INCONCLUSIVO,IDENTIDADE_INCONCLUSIVA,INCONCLUSIVO,INCONCLUSIVO,SEM_EVIDENCIA_DE_DEMANDA,209,,,,,,8.279935224,estimated,FALSE,EVIDENCIA_IDENTIDADE_INCOMPLETA; INCONCLUSIVO,APRESENTACAO_NAO_EXPLICITA,,Completar fontes e vínculos,mercado/VTK019055.json,2026-09-05T15:16:37.457Z
VTK019080,"Alca Pre Formada Para Cabo 10,00/ 10,80mm Apco6108 - PC / 10",Evolusom Comercial Ltda,124.6,4,FALSE,NAO_CONCLUSIVO,INCONCLUSIVOS,INCONCLUSIVO,IDENTIDADE_INCONCLUSIVA,INCONCLUSIVO,INCONCLUSIVO,SEM_EVIDENCIA_DE_DEMANDA,,,,,,,8.279935224,estimated,FALSE,EVIDENCIA_IDENTIDADE_INCOMPLETA; INCONCLUSIVO,APRESENTACAO_NAO_EXPLICITA,,Completar fontes e vínculos,,2026-09-05T15:16:37.457Z
VTK020489,Alto-falante Subwoofer 18” Jbl Selenium Vulcano Swv3.8 4r1900w,Evolusom Comercial Ltda,1129.9,4,FALSE,NAO_CONCLUSIVO,INCONCLUSIVOS,INCONCLUSIVO,IDENTIDADE_INCONCLUSIVA,INCONCLUSIVO,INCONCLUSIVO,SEM_EVIDENCIA_DE_DEMANDA,1284.9,,,,,,8.279935224,estimated,FALSE,EVIDENCIA_IDENTIDADE_INCOMPLETA; INCONCLUSIVO,APRESENTACAO_NAO_EXPLICITA,,Completar fontes e vínculos,mercado/VTK020489.json,2026-09-05T15:16:37.457Z
VTK020640,Capota Marítima Flash Cover Ff045 Fiat Strada Cabine Simples Com Grade Sem Gancho Sem Step 1998/2013 Force,Evolusom Comercial Ltda,534.9,4,FALSE,NAO_CONCLUSIVO,INCONCLUSIVOS,INCONCLUSIVO,IDENTIDADE_INCONCLUSIVA,INCONCLUSIVO,INCONCLUSIVO,SEM_EVIDENCIA_DE_DEMANDA,,,,,,,8.279935224,estimated,FALSE,EVIDENCIA_IDENTIDADE_INCOMPLETA; INCONCLUSIVO,APRESENTACAO_NAO_EXPLICITA,,Completar fontes e vínculos,,2026-09-05T15:16:37.457Z
VTK020975,Capota Marítima Flash Cover Ff196 Fiat Toro 2016+ Force,Evolusom Comercial Ltda,539.9,4,FALSE,NAO_CONCLUSIVO,INCONCLUSIVOS,INCONCLUSIVO,IDENTIDADE_INCONCLUSIVA,INCONCLUSIVO,INCONCLUSIVO,SEM_EVIDENCIA_DE_DEMANDA,,,,,,,8.279935224,estimated,FALSE,EVIDENCIA_IDENTIDADE_INCOMPLETA; INCONCLUSIVO,APRESENTACAO_NAO_EXPLICITA,,Completar fontes e vínculos,,2026-09-05T15:16:37.457Z
VTK021723,"Parafuso 4,2 X 22 Flangeado Cento - CT / 5",Evolusom Comercial Ltda,104.85,4,FALSE,NAO_CONCLUSIVO,INCONCLUSIVOS,INCONCLUSIVO,IDENTIDADE_INCONCLUSIVA,INCONCLUSIVO,INCONCLUSIVO,SEM_EVIDENCIA_DE_DEMANDA,,,,,,,8.279935224,estimated,FALSE,EVIDENCIA_IDENTIDADE_INCOMPLETA; INCONCLUSIVO,APRESENTACAO_NAO_EXPLICITA,,Completar fontes e vínculos,,2026-09-05T15:16:37.457Z
VTK023277,Microfone Sem Fio Mxt Headset/lapela Uhf517bdp,Evolusom Comercial Ltda,320.9,4,FALSE,NAO_CONCLUSIVO,INCONCLUSIVOS,INCONCLUSIVO,IDENTIDADE_COHERENTE,INCONCLUSIVO,INCONCLUSIVO,SEM_EVIDENCIA_DE_DEMANDA,362.9,,,,,,8.279935224,estimated,FALSE,INCONCLUSIVO,APRESENTACAO_NAO_EXPLICITA,,Completar fontes e vínculos,mercado/VTK023277.json,2026-09-05T15:16:37.457Z
VTK023452,"Suporte Pedestal Rack Para Tv Até 70"" Aquário Rack- 100",Evolusom Comercial Ltda,349.9,4,FALSE,NAO_CONCLUSIVO,INCONCLUSIVOS,INCONCLUSIVO,IDENTIDADE_COHERENTE,INCONCLUSIVO,INCONCLUSIVO,SEM_EVIDENCIA_DE_DEMANDA,446,,,,,,8.279935224,estimated,FALSE,INCONCLUSIVO,APRESENTACAO_NAO_EXPLICITA,,Completar fontes e vínculos,mercado/VTK023452.json,2026-09-05T15:16:37.457Z
VTK023770,Leson Globo Gb-58 Bk Metalico Preto P/linha Microf.sm 58,Evolusom Comercial Ltda,29.9,4,FALSE,NAO_CONCLUSIVO,INCONCLUSIVOS,INCONCLUSIVO,IDENTIDADE_INCONCLUSIVA,INCONCLUSIVO,INCONCLUSIVO,SEM_EVIDENCIA_DE_DEMANDA,,,,,,,8.279935224,estimated,FALSE,EVIDENCIA_IDENTIDADE_INCOMPLETA; INCONCLUSIVO,APRESENTACAO_NAO_EXPLICITA,,Completar fontes e vínculos,,2026-09-05T15:16:37.457Z
VTK026154,Isolador Roldana De Louça Storm,BKR 1 Comercio e Importação Ltda,4.85,4,FALSE,NAO_CONCLUSIVO,INCONCLUSIVOS,INCONCLUSIVO,IDENTIDADE_INCONCLUSIVA,INCONCLUSIVO,INCONCLUSIVO,SEM_EVIDENCIA_DE_DEMANDA,,,,,,,8.279935224,estimated,FALSE,EVIDENCIA_IDENTIDADE_INCOMPLETA; INCONCLUSIVO,APRESENTACAO_NAO_EXPLICITA,,Completar fontes e vínculos,,2026-09-05T15:16:37.457Z
VTK026183,Cabo P10 Mono Para Instrumentos Serie Titan 07 Metros Storm,BKR 1 Comercio e Importação Ltda,37.17,4,FALSE,NAO_CONCLUSIVO,INCONCLUSIVOS,INCONCLUSIVO,IDENTIDADE_INCONCLUSIVA,INCONCLUSIVO,INCONCLUSIVO,SEM_EVIDENCIA_DE_DEMANDA,,,,,,,8.279935224,estimated,FALSE,EVIDENCIA_IDENTIDADE_INCOMPLETA; INCONCLUSIVO,APRESENTACAO_NAO_EXPLICITA,,Completar fontes e vínculos,mercado/VTK026183.json,2026-09-05T15:16:37.457Z
VTK026186,Adaptador Rca Para 2 Rca Gold Storm 5 Un,BKR 1 Comercio e Importação Ltda,10.92,4,FALSE,NAO_CONCLUSIVO,INCONCLUSIVOS,INCONCLUSIVO,IDENTIDADE_INCONCLUSIVA,INCONCLUSIVO,INCONCLUSIVO,SEM_EVIDENCIA_DE_DEMANDA,24.65,,,,,,8.279935224,estimated,FALSE,EVIDENCIA_IDENTIDADE_INCOMPLETA; INCONCLUSIVO,,,Completar fontes e vínculos,mercado/VTK026186.json,2026-09-05T15:16:37.457Z
VTK026188,Adaptador Rca Femea Para P10 Stereo Metal Storm 10 Unidades,BKR 1 Comercio e Importação Ltda,24.49,4,FALSE,NAO_CONCLUSIVO,INCONCLUSIVOS,INCONCLUSIVO,IDENTIDADE_INCONCLUSIVA,INCONCLUSIVO,INCONCLUSIVO,SEM_EVIDENCIA_DE_DEMANDA,,,,,,,8.279935224,estimated,FALSE,EVIDENCIA_IDENTIDADE_INCOMPLETA; COMPOSICAO_KIT_NAO_COMPROVADA; INCONCLUSIVO,,,Completar fontes e vínculos,,2026-09-05T15:16:37.457Z
VTK026189,Capacitor Polipropileno Cbb 60 - 12ufx250v - 40/85/21 Storm,BKR 1 Comercio e Importação Ltda,5.64,4,FALSE,NAO_CONCLUSIVO,INCONCLUSIVOS,INCONCLUSIVO,IDENTIDADE_INCONCLUSIVA,INCONCLUSIVO,INCONCLUSIVO,SEM_EVIDENCIA_DE_DEMANDA,,,,,,,8.279935224,estimated,FALSE,EVIDENCIA_IDENTIDADE_INCOMPLETA; INCONCLUSIVO,APRESENTACAO_NAO_EXPLICITA,,Completar fontes e vínculos,,2026-09-05T15:16:37.457Z
VTK026190,Chave Para Controle De Acesso Sobrepor 80x30x25mm Storm,BKR 1 Comercio e Importação Ltda,30.61,4,FALSE,NAO_CONCLUSIVO,INCONCLUSIVOS,INCONCLUSIVO,IDENTIDADE_INCONCLUSIVA,INCONCLUSIVO,INCONCLUSIVO,SEM_EVIDENCIA_DE_DEMANDA,46.89,,,,,,8.279935224,estimated,FALSE,EQUIVALENCIA_MARCA_NAO_COMPROVADA; EVIDENCIA_IDENTIDADE_INCOMPLETA; INCONCLUSIVO,APRESENTACAO_NAO_EXPLICITA,,Completar fontes e vínculos,mercado/VTK026190.json,2026-09-05T15:16:37.457Z
VTK026191,Chave Para Controle De Acesso Aproximacao 115x70x16mm Storm,BKR 1 Comercio e Importação Ltda,47.85,4,FALSE,NAO_CONCLUSIVO,INCONCLUSIVOS,INCONCLUSIVO,IDENTIDADE_INCONCLUSIVA,INCONCLUSIVO,INCONCLUSIVO,SEM_EVIDENCIA_DE_DEMANDA,,,,,,,8.279935224,estimated,FALSE,EQUIVALENCIA_MARCA_NAO_COMPROVADA; EVIDENCIA_IDENTIDADE_INCOMPLETA; INCONCLUSIVO,APRESENTACAO_NAO_EXPLICITA,,Completar fontes e vínculos,mercado/VTK026191.json,2026-09-05T15:16:37.457Z
VTK026222,Plug Spk 4 Polos Azul 05 Unidades Storm,BKR 1 Comercio e Importação Ltda,20.28,4,FALSE,NAO_CONCLUSIVO,INCONCLUSIVOS,INCONCLUSIVO,IDENTIDADE_INCONCLUSIVA,INCONCLUSIVO,INCONCLUSIVO,SEM_EVIDENCIA_DE_DEMANDA,,,,,,,8.279935224,estimated,FALSE,EVIDENCIA_IDENTIDADE_INCOMPLETA; COMPOSICAO_KIT_NAO_COMPROVADA; INCONCLUSIVO,,,Completar fontes e vínculos,,2026-09-05T15:16:37.457Z
VTK003167,Termômetro Infravermelho Minipa MT-320B Preto,Evolusom Comercial Ltda,208.9,3,FALSE,NAO_CONCLUSIVO,INCONCLUSIVOS,INCONCLUSIVO,IDENTIDADE_COHERENTE,INCONCLUSIVO,INCONCLUSIVO,SEM_EVIDENCIA_DE_DEMANDA,226,,,,,,8.279935224,estimated,FALSE,INCONCLUSIVO,APRESENTACAO_NAO_EXPLICITA,,Completar fontes e vínculos,mercado/VTK003167.json,2026-09-05T15:16:37.457Z
VTK003511,"Extensão Tripla 2 X 0,75 x 3,0M Preta Megatron",Evolusom Comercial Ltda,11.5,3,FALSE,NAO_CONCLUSIVO,INCONCLUSIVOS,INCONCLUSIVO,IDENTIDADE_INCONCLUSIVA,INCONCLUSIVO,INCONCLUSIVO,SEM_EVIDENCIA_DE_DEMANDA,21.86,,,,,,8.279935224,estimated,FALSE,EVIDENCIA_IDENTIDADE_INCOMPLETA; INCONCLUSIVO,APRESENTACAO_NAO_EXPLICITA,,Completar fontes e vínculos,mercado/VTK003511.json,2026-09-05T15:16:37.457Z
VTK004961,"Suporte Para Monitor Triplo 13-27"" Multivisão MT3ERGO",Evolusom Comercial Ltda,460.9,3,FALSE,NAO_CONCLUSIVO,INCONCLUSIVOS,INCONCLUSIVO,IDENTIDADE_INCONCLUSIVA,INCONCLUSIVO,INCONCLUSIVO,SEM_EVIDENCIA_DE_DEMANDA,380,,,,,,8.279935224,estimated,FALSE,EVIDENCIA_IDENTIDADE_INCOMPLETA; COMPOSICAO_KIT_NAO_COMPROVADA; INCONCLUSIVO,,,Completar fontes e vínculos,mercado/VTK004961.json,2026-09-05T15:16:37.457Z
VTK005837,Amplificador Frahm Slim 3200 Optical G5 200w Rms,Evolusom Comercial Ltda,867.9,3,FALSE,NAO_CONCLUSIVO,INCONCLUSIVOS,INCONCLUSIVO,IDENTIDADE_INCONCLUSIVA,INCONCLUSIVO,INCONCLUSIVO,SEM_EVIDENCIA_DE_DEMANDA,969,,,,,,8.279935224,estimated,FALSE,EVIDENCIA_IDENTIDADE_INCOMPLETA; INCONCLUSIVO,APRESENTACAO_NAO_EXPLICITA,,Completar fontes e vínculos,mercado/VTK005837.json,2026-09-05T15:16:37.457Z
VTK005861,"Fio Cabinho Flexível 0,10mm Vermelho Tiaflex - RL / 100",Evolusom Comercial Ltda,43.9,3,FALSE,NAO_CONCLUSIVO,INCONCLUSIVOS,INCONCLUSIVO,IDENTIDADE_INCONCLUSIVA,INCONCLUSIVO,INCONCLUSIVO,SEM_EVIDENCIA_DE_DEMANDA,,,,,,,8.279935224,estimated,FALSE,EVIDENCIA_IDENTIDADE_INCOMPLETA; INCONCLUSIVO,APRESENTACAO_NAO_EXPLICITA,,Completar fontes e vínculos,,2026-09-05T15:16:37.457Z
VTK006262,Amplificador de Parede Frahm Hs Wall 30w Bluetooth Preto,Evolusom Comercial Ltda,737.9,3,FALSE,NAO_CONCLUSIVO,INCONCLUSIVOS,INCONCLUSIVO,IDENTIDADE_INCONCLUSIVA,INCONCLUSIVO,INCONCLUSIVO,SEM_EVIDENCIA_DE_DEMANDA,812.32,,,,,,8.279935224,estimated,FALSE,EVIDENCIA_IDENTIDADE_INCOMPLETA; INCONCLUSIVO,APRESENTACAO_NAO_EXPLICITA,,Completar fontes e vínculos,mercado/VTK006262.json,2026-09-05T15:16:37.457Z
VTK006279,Amplificador Frahm GR 3800 G5 Bluetooth 300w,Evolusom Comercial Ltda,879.9,3,FALSE,NAO_CONCLUSIVO,INCONCLUSIVOS,INCONCLUSIVO,IDENTIDADE_COHERENTE,INCONCLUSIVO,INCONCLUSIVO,SEM_EVIDENCIA_DE_DEMANDA,1112,,,,,,8.279935224,estimated,FALSE,INCONCLUSIVO,APRESENTACAO_NAO_EXPLICITA,,Completar fontes e vínculos,mercado/VTK006279.json,2026-09-05T15:16:37.457Z
VTK011977,Amplificador Frahm Slim IoT 2700 160W RMS Wi-Fi Compatível com Alexa,Evolusom Comercial Ltda,949.9,3,FALSE,NAO_CONCLUSIVO,INCONCLUSIVOS,INCONCLUSIVO,IDENTIDADE_COHERENTE,INCONCLUSIVO,INCONCLUSIVO,SEM_EVIDENCIA_DE_DEMANDA,1709.82,,,,,,8.279935224,estimated,FALSE,INCONCLUSIVO,APRESENTACAO_NAO_EXPLICITA,Fornecedor informa 160 W RMS; atributo do catálogo informa 60 W. Ficha de potência inconsistente.,Completar fontes e vínculos,mercado/VTK011977.json,2026-09-05T15:16:37.457Z
VTK011978,Amplificador Frahm Slim IoT 3700 240W RMS Wi-Fi Compatível com Alexa,Evolusom Comercial Ltda,1299.9,3,FALSE,NAO_CONCLUSIVO,INCONCLUSIVOS,INCONCLUSIVO,IDENTIDADE_INCONCLUSIVA,INCONCLUSIVO,INCONCLUSIVO,SEM_EVIDENCIA_DE_DEMANDA,1612.62,,,,,,8.279935224,estimated,FALSE,EVIDENCIA_IDENTIDADE_INCOMPLETA; INCONCLUSIVO,APRESENTACAO_NAO_EXPLICITA,,Completar fontes e vínculos,mercado/VTK011978.json,2026-09-05T15:16:37.457Z
VTK012522,Bateria 2CR5 6V Panasonic - 1 Unidade,BKR 1 Comercio e Importação Ltda,46.9,3,FALSE,NAO_CONCLUSIVO,INCONCLUSIVOS,INCONCLUSIVO,IDENTIDADE_INCONCLUSIVA,INCONCLUSIVO,INCONCLUSIVO,SEM_EVIDENCIA_DE_DEMANDA,,,,,,,8.279935224,estimated,FALSE,EVIDENCIA_IDENTIDADE_INCOMPLETA; INCONCLUSIVO,APRESENTACAO_NAO_EXPLICITA,,Completar fontes e vínculos,,2026-09-05T15:16:37.457Z
VTK012669,Palheta Guitarra Dur Prec 6dbk7 D Addario 1.50mm 10un,BKR 1 Comercio e Importação Ltda,30.08,3,FALSE,NAO_CONCLUSIVO,INCONCLUSIVOS,INCONCLUSIVO,IDENTIDADE_INCONCLUSIVA,INCONCLUSIVO,INCONCLUSIVO,SEM_EVIDENCIA_DE_DEMANDA,,,,,,,8.279935224,estimated,FALSE,EVIDENCIA_IDENTIDADE_INCOMPLETA; COMPOSICAO_KIT_NAO_COMPROVADA; INCONCLUSIVO,,,Completar fontes e vínculos,,2026-09-05T15:16:37.457Z
VTK012687,"Cabo De Microfone Pro Balanceado Emborrachado Xlr Xlr 0,40 Cm Mpbe-0,40 Wireconex",BKR 1 Comercio e Importação Ltda,20,3,FALSE,NAO_CONCLUSIVO,INCONCLUSIVOS,INCONCLUSIVO,IDENTIDADE_INCONCLUSIVA,INCONCLUSIVO,INCONCLUSIVO,SEM_EVIDENCIA_DE_DEMANDA,,,,,,,8.279935224,estimated,FALSE,EVIDENCIA_IDENTIDADE_INCOMPLETA; INCONCLUSIVO,APRESENTACAO_NAO_EXPLICITA,,Completar fontes e vínculos,,2026-09-05T15:16:37.457Z
VTK012699,Painel Medusa 28 Furos Xlr Com Conectores Wireconex,BKR 1 Comercio e Importação Ltda,366.01,3,FALSE,NAO_CONCLUSIVO,INCONCLUSIVOS,INCONCLUSIVO,IDENTIDADE_INCONCLUSIVA,INCONCLUSIVO,INCONCLUSIVO,SEM_EVIDENCIA_DE_DEMANDA,,,,,,,8.279935224,estimated,FALSE,EVIDENCIA_IDENTIDADE_INCOMPLETA; INCONCLUSIVO,APRESENTACAO_NAO_EXPLICITA,,Completar fontes e vínculos,,2026-09-05T15:16:37.457Z
VTK012729,"Cabo P10 Prowire Em L Tweed Lilás/prata 6,10m Wireconex",BKR 1 Comercio e Importação Ltda,60.51,3,FALSE,NAO_CONCLUSIVO,INCONCLUSIVOS,INCONCLUSIVO,IDENTIDADE_INCONCLUSIVA,INCONCLUSIVO,INCONCLUSIVO,SEM_EVIDENCIA_DE_DEMANDA,,,,,,,8.279935224,estimated,FALSE,EVIDENCIA_IDENTIDADE_INCOMPLETA; INCONCLUSIVO,APRESENTACAO_NAO_EXPLICITA,,Completar fontes e vínculos,,2026-09-05T15:16:37.457Z
VTK017361,Nobreak Nhs Mini 4 600va Com 1 Bateria Selada 7 Ah/ Entrada Bivolt E Saída 120v,Evolusom Comercial Ltda,374.9,3,FALSE,NAO_CONCLUSIVO,INCONCLUSIVOS,INCONCLUSIVO,IDENTIDADE_COHERENTE,INCONCLUSIVO,INCONCLUSIVO,SEM_EVIDENCIA_DE_DEMANDA,499.9,,,,,,8.279935224,estimated,FALSE,INCONCLUSIVO,APRESENTACAO_NAO_EXPLICITA,,Completar fontes e vínculos,mercado/VTK017361.json,2026-09-05T15:16:37.457Z
VTK018032,Calota Grid Aro 16p 301cp Prata Fiat Toro 2017/2020,Evolusom Comercial Ltda,99.96,3,FALSE,NAO_CONCLUSIVO,INCONCLUSIVOS,INCONCLUSIVO,IDENTIDADE_INCONCLUSIVA,INCONCLUSIVO,INCONCLUSIVO,SEM_EVIDENCIA_DE_DEMANDA,,,,,,,8.279935224,estimated,FALSE,EVIDENCIA_IDENTIDADE_INCOMPLETA; INCONCLUSIVO,APRESENTACAO_NAO_EXPLICITA,,Completar fontes e vínculos,,2026-09-05T15:16:37.457Z
VTK018052,Chaveiro Positron Px-80 Canivete,Evolusom Comercial Ltda,72.9,3,FALSE,NAO_CONCLUSIVO,INCONCLUSIVOS,INCONCLUSIVO,IDENTIDADE_COHERENTE,INCONCLUSIVO,INCONCLUSIVO,SEM_EVIDENCIA_DE_DEMANDA,76.57,,,,,,8.279935224,estimated,FALSE,INCONCLUSIVO,APRESENTACAO_NAO_EXPLICITA,,Completar fontes e vínculos,mercado/VTK018052.json,2026-09-05T15:16:37.457Z
VTK018327,Lâmpada Led Roadstar Xtrem Light Rs-h1 19 Br - Par,Evolusom Comercial Ltda,154.9,3,FALSE,NAO_CONCLUSIVO,INCONCLUSIVOS,INCONCLUSIVO,IDENTIDADE_INCONCLUSIVA,INCONCLUSIVO,INCONCLUSIVO,SEM_EVIDENCIA_DE_DEMANDA,,,,,,,8.279935224,estimated,FALSE,EVIDENCIA_IDENTIDADE_INCOMPLETA; COMPOSICAO_KIT_NAO_COMPROVADA; INCONCLUSIVO,,,Completar fontes e vínculos,,2026-09-05T15:16:37.457Z
VTK018422,Haste Permak Para Antena De Teto Gti 095,Evolusom Comercial Ltda,15.4,3,FALSE,NAO_CONCLUSIVO,INCONCLUSIVOS,INCONCLUSIVO,IDENTIDADE_INCONCLUSIVA,INCONCLUSIVO,INCONCLUSIVO,SEM_EVIDENCIA_DE_DEMANDA,,,,,,,8.279935224,estimated,FALSE,EVIDENCIA_IDENTIDADE_INCOMPLETA; INCONCLUSIVO,APRESENTACAO_NAO_EXPLICITA,,Completar fontes e vínculos,mercado/VTK018422.json,2026-09-05T15:16:37.457Z
VTK018528,Microfone Dinâmico Com Fio M-235 Profissional - Cabo 3 Metros - O.d.5.0 Mm,Evolusom Comercial Ltda,74.99,3,FALSE,NAO_CONCLUSIVO,INCONCLUSIVOS,INCONCLUSIVO,IDENTIDADE_COHERENTE,INCONCLUSIVO,INCONCLUSIVO,SEM_EVIDENCIA_DE_DEMANDA,77.2,,,,,,8.279935224,estimated,FALSE,INCONCLUSIVO,APRESENTACAO_NAO_EXPLICITA,,Completar fontes e vínculos,mercado/VTK018528.json,2026-09-05T15:16:37.457Z
VTK018632,Calota Grid Aro 14p 160cb-pta Prata Fiat Siena El 1.4 2014 Cubo Baixo - PC / 4,Evolusom Comercial Ltda,47.8,3,FALSE,NAO_CONCLUSIVO,INCONCLUSIVOS,INCONCLUSIVO,IDENTIDADE_INCONCLUSIVA,INCONCLUSIVO,INCONCLUSIVO,SEM_EVIDENCIA_DE_DEMANDA,,,,,,,8.279935224,estimated,FALSE,EVIDENCIA_IDENTIDADE_INCOMPLETA; INCONCLUSIVO,APRESENTACAO_NAO_EXPLICITA,,Completar fontes e vínculos,,2026-09-05T15:16:37.457Z
VTK018705,Pé Pequeno Permak Para Caixa Acústica,Evolusom Comercial Ltda,20.9,3,FALSE,NAO_CONCLUSIVO,INCONCLUSIVOS,INCONCLUSIVO,IDENTIDADE_INCONCLUSIVA,INCONCLUSIVO,INCONCLUSIVO,SEM_EVIDENCIA_DE_DEMANDA,14.99,,,,,,8.279935224,estimated,FALSE,COMPOSICAO_KIT_NAO_COMPROVADA; INCONCLUSIVO,,,Completar fontes e vínculos,mercado/VTK018705.json,2026-09-05T15:16:37.457Z
VTK018714,Contra Frente Plástica Permak Toyota Hilux Sw4 2 Din 89/z3,Evolusom Comercial Ltda,14.9,3,FALSE,NAO_CONCLUSIVO,INCONCLUSIVOS,INCONCLUSIVO,IDENTIDADE_COHERENTE,INCONCLUSIVO,INCONCLUSIVO,SEM_EVIDENCIA_DE_DEMANDA,39.9,,,,,,8.279935224,estimated,FALSE,INCONCLUSIVO,APRESENTACAO_NAO_EXPLICITA,"Fornecedor informa moldura Hilux/SW4 89/Z3, sem comprovação da faixa de anos anunciada no catálogo.",Completar fontes e vínculos,mercado/VTK018714.json,2026-09-05T15:16:37.457Z
VTK018720,Cabo Para Microfone Santo Angelo Sc-30 Balanceado Vermelho 100 Metros,Evolusom Comercial Ltda,534.9,3,FALSE,NAO_CONCLUSIVO,INCONCLUSIVOS,INCONCLUSIVO,IDENTIDADE_INCONCLUSIVA,INCONCLUSIVO,INCONCLUSIVO,SEM_EVIDENCIA_DE_DEMANDA,,,,,,,8.279935224,estimated,FALSE,EVIDENCIA_IDENTIDADE_INCOMPLETA; INCONCLUSIVO,APRESENTACAO_NAO_EXPLICITA,,Completar fontes e vínculos,,2026-09-05T15:16:37.457Z
VTK018726,Cabo Rg58 Aquário M-805k Cabo De 5.5 Metos Conector Mini Uhf Macho Mini,Evolusom Comercial Ltda,83.95,3,FALSE,NAO_CONCLUSIVO,INCONCLUSIVOS,INCONCLUSIVO,IDENTIDADE_INCONCLUSIVA,INCONCLUSIVO,INCONCLUSIVO,SEM_EVIDENCIA_DE_DEMANDA,,,,,,,8.279935224,estimated,FALSE,EVIDENCIA_IDENTIDADE_INCOMPLETA; INCONCLUSIVO,APRESENTACAO_NAO_EXPLICITA,,Completar fontes e vínculos,,2026-09-05T15:16:37.457Z
VTK018728,Resistência Para Ferro De Solda Hikari Power 60 - 220v,Evolusom Comercial Ltda,23.9,3,FALSE,NAO_CONCLUSIVO,INCONCLUSIVOS,INCONCLUSIVO,IDENTIDADE_INCONCLUSIVA,INCONCLUSIVO,INCONCLUSIVO,SEM_EVIDENCIA_DE_DEMANDA,,,,,,,8.279935224,estimated,FALSE,EVIDENCIA_IDENTIDADE_INCOMPLETA; INCONCLUSIVO,APRESENTACAO_NAO_EXPLICITA,,Completar fontes e vínculos,,2026-09-05T15:16:37.457Z
VTK018732,Conector Permak Para Cd Gm Onix/ Cobalt/ Prisma/ Spin 2012,Evolusom Comercial Ltda,26.9,3,FALSE,NAO_CONCLUSIVO,INCONCLUSIVOS,INCONCLUSIVO,IDENTIDADE_INCONCLUSIVA,INCONCLUSIVO,INCONCLUSIVO,SEM_EVIDENCIA_DE_DEMANDA,43.32,,,,,,8.279935224,estimated,FALSE,EVIDENCIA_IDENTIDADE_INCOMPLETA; INCONCLUSIVO,APRESENTACAO_NAO_EXPLICITA,,Completar fontes e vínculos,mercado/VTK018732.json,2026-09-05T15:16:37.457Z
VTK018743,Calota Grid Aro 13a 141ca-pta Modelo Volkswaggen Gol G4 Cubo Alto - PC / 4,Evolusom Comercial Ltda,43.4,3,FALSE,NAO_CONCLUSIVO,INCONCLUSIVOS,INCONCLUSIVO,IDENTIDADE_INCONCLUSIVA,INCONCLUSIVO,INCONCLUSIVO,SEM_EVIDENCIA_DE_DEMANDA,,,,,,,8.279935224,estimated,FALSE,EVIDENCIA_IDENTIDADE_INCOMPLETA; INCONCLUSIVO,APRESENTACAO_NAO_EXPLICITA,,Completar fontes e vínculos,,2026-09-05T15:16:37.457Z
VTK018744,Calota Grid Aro 13p 097cb-pta Prata Modelo Fiat Attractive 10/11 Cubo Baixo - PC / 4,Evolusom Comercial Ltda,43.4,3,FALSE,NAO_CONCLUSIVO,INCONCLUSIVOS,INCONCLUSIVO,IDENTIDADE_INCONCLUSIVA,INCONCLUSIVO,INCONCLUSIVO,SEM_EVIDENCIA_DE_DEMANDA,,,,,,,8.279935224,estimated,FALSE,EVIDENCIA_IDENTIDADE_INCOMPLETA; INCONCLUSIVO,APRESENTACAO_NAO_EXPLICITA,,Completar fontes e vínculos,,2026-09-05T15:16:37.457Z
VTK018767,"Kit Ventilador 2 Coolers Para Rack Padrão 19"" X 1u Bivolt",Evolusom Comercial Ltda,192.9,3,FALSE,NAO_CONCLUSIVO,INCONCLUSIVOS,INCONCLUSIVO,IDENTIDADE_INCONCLUSIVA,INCONCLUSIVO,INCONCLUSIVO,SEM_EVIDENCIA_DE_DEMANDA,,,,,,,8.279935224,estimated,FALSE,EVIDENCIA_IDENTIDADE_INCOMPLETA; COMPOSICAO_KIT_NAO_COMPROVADA; INCONCLUSIVO,,,Completar fontes e vínculos,,2026-09-05T15:16:37.457Z
VTK018784,Conversor De Audio Rca Bee Link 2ch,Evolusom Comercial Ltda,64.9,3,FALSE,NAO_CONCLUSIVO,INCONCLUSIVOS,INCONCLUSIVO,IDENTIDADE_INCONCLUSIVA,INCONCLUSIVO,INCONCLUSIVO,SEM_EVIDENCIA_DE_DEMANDA,,,,,,,8.279935224,estimated,FALSE,EVIDENCIA_IDENTIDADE_INCOMPLETA; INCONCLUSIVO,APRESENTACAO_NAO_EXPLICITA,,Completar fontes e vínculos,,2026-09-05T15:16:37.457Z
VTK018821,Nobreak Nhs Mini 4 600va Bivolt 220v,Evolusom Comercial Ltda,374.9,3,FALSE,NAO_CONCLUSIVO,INCONCLUSIVOS,INCONCLUSIVO,IDENTIDADE_COHERENTE,INCONCLUSIVO,INCONCLUSIVO,SEM_EVIDENCIA_DE_DEMANDA,525.59,,,,,,8.279935224,estimated,FALSE,INCONCLUSIVO,APRESENTACAO_NAO_EXPLICITA,,Completar fontes e vínculos,mercado/VTK018821.json,2026-09-05T15:16:37.457Z
VTK018838,Calculadora De Mesa Procalc Pc108-bl 12 Dígitos Azul,Evolusom Comercial Ltda,21.6,3,FALSE,NAO_CONCLUSIVO,INCONCLUSIVOS,INCONCLUSIVO,IDENTIDADE_INCONCLUSIVA,INCONCLUSIVO,INCONCLUSIVO,SEM_EVIDENCIA_DE_DEMANDA,,,,,,,8.279935224,estimated,FALSE,EVIDENCIA_IDENTIDADE_INCOMPLETA; INCONCLUSIVO,APRESENTACAO_NAO_EXPLICITA,,Completar fontes e vínculos,,2026-09-05T15:16:37.457Z
VTK018843,"Tela Permak 15"" Para Alto Falante Profissional Tipo Pioneer - PC / 2",Evolusom Comercial Ltda,49.8,3,FALSE,NAO_CONCLUSIVO,INCONCLUSIVOS,INCONCLUSIVO,IDENTIDADE_INCONCLUSIVA,INCONCLUSIVO,INCONCLUSIVO,SEM_EVIDENCIA_DE_DEMANDA,,,,,,,8.279935224,estimated,FALSE,EVIDENCIA_IDENTIDADE_INCOMPLETA; INCONCLUSIVO,APRESENTACAO_NAO_EXPLICITA,,Completar fontes e vínculos,,2026-09-05T15:16:37.457Z
VTK018849,Chave Cs 301-d Liga Desliga Permak Com Haste Metálica 148/a - PC / 5,Evolusom Comercial Ltda,119.5,3,FALSE,NAO_CONCLUSIVO,INCONCLUSIVOS,INCONCLUSIVO,IDENTIDADE_INCONCLUSIVA,INCONCLUSIVO,INCONCLUSIVO,SEM_EVIDENCIA_DE_DEMANDA,,,,,,,8.279935224,estimated,FALSE,EVIDENCIA_IDENTIDADE_INCOMPLETA; INCONCLUSIVO,APRESENTACAO_NAO_EXPLICITA,,Completar fontes e vínculos,,2026-09-05T15:16:37.457Z
VTK018862,Terminal De Fio Aberto Forquilha Permak Para Módulo Pré-isolado Azul,Evolusom Comercial Ltda,41.5,3,FALSE,NAO_CONCLUSIVO,INCONCLUSIVOS,INCONCLUSIVO,IDENTIDADE_INCONCLUSIVA,INCONCLUSIVO,INCONCLUSIVO,SEM_EVIDENCIA_DE_DEMANDA,,,,,,,8.279935224,estimated,FALSE,EVIDENCIA_IDENTIDADE_INCOMPLETA; INCONCLUSIVO,APRESENTACAO_NAO_EXPLICITA,,Completar fontes e vínculos,,2026-09-05T15:16:37.457Z
VTK018872,Cabo Flexível Remoto Technoise 100% Cobre Vermelho 1.50 Mm Rolo 100 Metros,Evolusom Comercial Ltda,161.9,3,FALSE,NAO_CONCLUSIVO,INCONCLUSIVOS,INCONCLUSIVO,IDENTIDADE_INCONCLUSIVA,INCONCLUSIVO,INCONCLUSIVO,SEM_EVIDENCIA_DE_DEMANDA,,,,,,,8.279935224,estimated,FALSE,EVIDENCIA_IDENTIDADE_INCOMPLETA; INCONCLUSIVO,APRESENTACAO_NAO_EXPLICITA,,Completar fontes e vínculos,,2026-09-05T15:16:37.457Z
VTK018889,Calota Grid Aro 13p 132cb-pta Gm Modelo Onix P/ Corsa/ Corsa Classic Cubo Baixo - PC / 4,Evolusom Comercial Ltda,43.4,3,FALSE,NAO_CONCLUSIVO,INCONCLUSIVOS,INCONCLUSIVO,IDENTIDADE_INCONCLUSIVA,INCONCLUSIVO,INCONCLUSIVO,SEM_EVIDENCIA_DE_DEMANDA,,,,,,,8.279935224,estimated,FALSE,EVIDENCIA_IDENTIDADE_INCOMPLETA; INCONCLUSIVO,APRESENTACAO_NAO_EXPLICITA,,Completar fontes e vínculos,,2026-09-05T15:16:37.457Z
VTK018896,Calota Grid Aro 14p 212cb-pta Modelo Grand Siena 2014/ 15 Cubo Baixo - PC / 4,Evolusom Comercial Ltda,47.8,3,FALSE,NAO_CONCLUSIVO,INCONCLUSIVOS,INCONCLUSIVO,IDENTIDADE_INCONCLUSIVA,INCONCLUSIVO,INCONCLUSIVO,SEM_EVIDENCIA_DE_DEMANDA,,,,,,,8.279935224,estimated,FALSE,EVIDENCIA_IDENTIDADE_INCOMPLETA; INCONCLUSIVO,APRESENTACAO_NAO_EXPLICITA,,Completar fontes e vínculos,,2026-09-05T15:16:37.457Z
VTK018902,Calota Grid Aro 15a 875ar-pta Renault Sandero/ Logan 2015/ 16 - PC / 4,Evolusom Comercial Ltda,66.6,3,FALSE,NAO_CONCLUSIVO,INCONCLUSIVOS,INCONCLUSIVO,IDENTIDADE_INCONCLUSIVA,INCONCLUSIVO,INCONCLUSIVO,SEM_EVIDENCIA_DE_DEMANDA,,,,,,,8.279935224,estimated,FALSE,EVIDENCIA_IDENTIDADE_INCOMPLETA; INCONCLUSIVO,APRESENTACAO_NAO_EXPLICITA,,Completar fontes e vínculos,,2026-09-05T15:16:37.457Z
VTK018937,Espátula Para Insulfilm 22 X 12cm,Evolusom Comercial Ltda,12.66,3,FALSE,NAO_CONCLUSIVO,INCONCLUSIVOS,INCONCLUSIVO,IDENTIDADE_INCONCLUSIVA,INCONCLUSIVO,INCONCLUSIVO,SEM_EVIDENCIA_DE_DEMANDA,21.75,,,,,,8.279935224,estimated,FALSE,EQUIVALENCIA_MARCA_NAO_COMPROVADA; EVIDENCIA_IDENTIDADE_INCOMPLETA; INCONCLUSIVO,APRESENTACAO_NAO_EXPLICITA,,Completar fontes e vínculos,mercado/VTK018937.json,2026-09-05T15:16:37.457Z
VTK018959,Papel Polimento 3m Auto 10 Folhas,Evolusom Comercial Ltda,15.2,3,FALSE,NAO_CONCLUSIVO,INCONCLUSIVOS,INCONCLUSIVO,IDENTIDADE_INCONCLUSIVA,INCONCLUSIVO,INCONCLUSIVO,SEM_EVIDENCIA_DE_DEMANDA,,,,,,,8.279935224,estimated,FALSE,EVIDENCIA_IDENTIDADE_INCOMPLETA; INCONCLUSIVO,APRESENTACAO_NAO_EXPLICITA,,Completar fontes e vínculos,,2026-09-05T15:16:37.457Z
VTK018968,Antena Olimpus New Flex Fiat Traseira 12+,Evolusom Comercial Ltda,122.9,3,FALSE,NAO_CONCLUSIVO,INCONCLUSIVOS,INCONCLUSIVO,IDENTIDADE_INCONCLUSIVA,INCONCLUSIVO,INCONCLUSIVO,SEM_EVIDENCIA_DE_DEMANDA,,,,,,,8.279935224,estimated,FALSE,EVIDENCIA_IDENTIDADE_INCOMPLETA; INCONCLUSIVO,APRESENTACAO_NAO_EXPLICITA,,Completar fontes e vínculos,,2026-09-05T15:16:37.457Z
VTK018970,Gabinete Slim K-mex Gi-9d89 01 Baia Com Fonte 200w,Evolusom Comercial Ltda,214.9,3,FALSE,NAO_CONCLUSIVO,INCONCLUSIVOS,INCONCLUSIVO,IDENTIDADE_COHERENTE,INCONCLUSIVO,INCONCLUSIVO,SEM_EVIDENCIA_DE_DEMANDA,349,,,,,,8.279935224,estimated,FALSE,INCONCLUSIVO,APRESENTACAO_NAO_EXPLICITA,Gabinete K-Mex local com fonte de 200 W comparado com catálogo com fonte de 180 W. Variante não validada.,Completar fontes e vínculos,mercado/VTK018970.json,2026-09-05T15:16:37.457Z
VTK018984,Controle Remoto Mxt 01393 Ar Condicionado Gree Y502 Y512,Evolusom Comercial Ltda,18.5,3,FALSE,NAO_CONCLUSIVO,INCONCLUSIVOS,INCONCLUSIVO,IDENTIDADE_INCONCLUSIVA,INCONCLUSIVO,INCONCLUSIVO,SEM_EVIDENCIA_DE_DEMANDA,26.11,,,,,,8.279935224,estimated,FALSE,EVIDENCIA_IDENTIDADE_INCOMPLETA; INCONCLUSIVO,APRESENTACAO_NAO_EXPLICITA,,Completar fontes e vínculos,mercado/VTK018984.json,2026-09-05T15:16:37.457Z
VTK018995,Fusível Permak Mega 250a - PC / 5,Evolusom Comercial Ltda,84.5,3,FALSE,NAO_CONCLUSIVO,INCONCLUSIVOS,INCONCLUSIVO,IDENTIDADE_INCONCLUSIVA,INCONCLUSIVO,INCONCLUSIVO,SEM_EVIDENCIA_DE_DEMANDA,,,,,,,8.279935224,estimated,FALSE,EVIDENCIA_IDENTIDADE_INCOMPLETA; INCONCLUSIVO,APRESENTACAO_NAO_EXPLICITA,,Completar fontes e vínculos,,2026-09-05T15:16:37.457Z
VTK019009,Amplificador Frahm Slim Iot 2200 1x120w Rms,Evolusom Comercial Ltda,849.9,3,FALSE,NAO_CONCLUSIVO,INCONCLUSIVOS,INCONCLUSIVO,IDENTIDADE_COHERENTE,INCONCLUSIVO,INCONCLUSIVO,SEM_EVIDENCIA_DE_DEMANDA,1098.64,,,,,,8.279935224,estimated,FALSE,INCONCLUSIVO,APRESENTACAO_NAO_EXPLICITA,,Completar fontes e vínculos,mercado/VTK019009.json,2026-09-05T15:16:37.457Z
VTK019020,"ANTENA Parabólica DE GRADE PARA Internet Aquário Mm-2420f10 2.4GHZ 20 DBI Polarização Vertical E Horizontal COM Dipolo, KIT PARA Instalação E CABO 10M",Evolusom Comercial Ltda,419.4,3,FALSE,NAO_CONCLUSIVO,INCONCLUSIVOS,INCONCLUSIVO,IDENTIDADE_INCONCLUSIVA,INCONCLUSIVO,INCONCLUSIVO,SEM_EVIDENCIA_DE_DEMANDA,,,,,,,8.279935224,estimated,FALSE,EVIDENCIA_IDENTIDADE_INCOMPLETA; COMPOSICAO_KIT_NAO_COMPROVADA; INCONCLUSIVO,,,Completar fontes e vínculos,,2026-09-05T15:16:37.457Z
VTK019021,Kit Adaptador Aquário Cf-400 Para Modens Huawei,Evolusom Comercial Ltda,22.95,3,FALSE,NAO_CONCLUSIVO,INCONCLUSIVOS,INCONCLUSIVO,IDENTIDADE_INCONCLUSIVA,INCONCLUSIVO,INCONCLUSIVO,SEM_EVIDENCIA_DE_DEMANDA,,,,,,,8.279935224,estimated,FALSE,EVIDENCIA_IDENTIDADE_INCOMPLETA; COMPOSICAO_KIT_NAO_COMPROVADA; INCONCLUSIVO,,,Completar fontes e vínculos,,2026-09-05T15:16:37.457Z
VTK019023,Capa Espelho 4783 Stillo 2008 L.e C/furo,Evolusom Comercial Ltda,39.4,3,FALSE,NAO_CONCLUSIVO,INCONCLUSIVOS,INCONCLUSIVO,IDENTIDADE_INCONCLUSIVA,INCONCLUSIVO,INCONCLUSIVO,SEM_EVIDENCIA_DE_DEMANDA,,,,,,,8.279935224,estimated,FALSE,EVIDENCIA_IDENTIDADE_INCOMPLETA; INCONCLUSIVO,APRESENTACAO_NAO_EXPLICITA,,Completar fontes e vínculos,,2026-09-05T15:16:37.457Z
VTK019024,Driver Csr-450 Titanium 8r 40 W,Evolusom Comercial Ltda,169.3,3,FALSE,NAO_CONCLUSIVO,INCONCLUSIVOS,INCONCLUSIVO,IDENTIDADE_INCONCLUSIVA,INCONCLUSIVO,INCONCLUSIVO,SEM_EVIDENCIA_DE_DEMANDA,,,,,,,8.279935224,estimated,FALSE,EVIDENCIA_IDENTIDADE_INCOMPLETA; INCONCLUSIVO,APRESENTACAO_NAO_EXPLICITA,,Completar fontes e vínculos,,2026-09-05T15:16:37.457Z
VTK019029,Corneta De Som Permak Lc 1425 Cromada,Evolusom Comercial Ltda,27.3,3,FALSE,NAO_CONCLUSIVO,INCONCLUSIVOS,INCONCLUSIVO,IDENTIDADE_INCONCLUSIVA,INCONCLUSIVO,INCONCLUSIVO,SEM_EVIDENCIA_DE_DEMANDA,,,,,,,8.279935224,estimated,FALSE,EVIDENCIA_IDENTIDADE_INCOMPLETA; INCONCLUSIVO,APRESENTACAO_NAO_EXPLICITA,,Completar fontes e vínculos,,2026-09-05T15:16:37.457Z
VTK019032,"Reparo Para Alto Falante Eros E-hammer 12"" 4.7k 8r 980010084",Evolusom Comercial Ltda,173.99,3,FALSE,NAO_CONCLUSIVO,INCONCLUSIVOS,INCONCLUSIVO,IDENTIDADE_INCONCLUSIVA,INCONCLUSIVO,INCONCLUSIVO,SEM_EVIDENCIA_DE_DEMANDA,,,,,,,8.279935224,estimated,FALSE,EVIDENCIA_IDENTIDADE_INCOMPLETA; INCONCLUSIVO,APRESENTACAO_NAO_EXPLICITA,,Completar fontes e vínculos,,2026-09-05T15:16:37.457Z
VTK019034,Lv9fc92-sl-ss Mod Vidro Eletrico S10 4p,Evolusom Comercial Ltda,212.9,3,FALSE,NAO_CONCLUSIVO,INCONCLUSIVOS,INCONCLUSIVO,IDENTIDADE_INCONCLUSIVA,INCONCLUSIVO,INCONCLUSIVO,SEM_EVIDENCIA_DE_DEMANDA,,,,,,,8.279935224,estimated,FALSE,EVIDENCIA_IDENTIDADE_INCOMPLETA; INCONCLUSIVO,APRESENTACAO_NAO_EXPLICITA,,Completar fontes e vínculos,,2026-09-05T15:16:37.457Z
VTK019036,Cabo Multicabo Santo Angelo Sas 28 Vias Cobre Ofhc Metro - PC / 10,Evolusom Comercial Ltda,599,3,FALSE,NAO_CONCLUSIVO,INCONCLUSIVOS,INCONCLUSIVO,IDENTIDADE_INCONCLUSIVA,INCONCLUSIVO,INCONCLUSIVO,SEM_EVIDENCIA_DE_DEMANDA,,,,,,,8.279935224,estimated,FALSE,EVIDENCIA_IDENTIDADE_INCOMPLETA; INCONCLUSIVO,APRESENTACAO_NAO_EXPLICITA,,Completar fontes e vínculos,,2026-09-05T15:16:37.457Z
VTK019041,Antena Parabólica De Grade Para Internet Aquário Mm-2420 Com 2.4 Ghz E Ganho De 20 Dbi - PC / 6,Evolusom Comercial Ltda,356.7,3,FALSE,NAO_CONCLUSIVO,INCONCLUSIVOS,INCONCLUSIVO,IDENTIDADE_INCONCLUSIVA,INCONCLUSIVO,INCONCLUSIVO,SEM_EVIDENCIA_DE_DEMANDA,,,,,,,8.279935224,estimated,FALSE,EVIDENCIA_IDENTIDADE_INCOMPLETA; INCONCLUSIVO,APRESENTACAO_NAO_EXPLICITA,,Completar fontes e vínculos,,2026-09-05T15:16:37.457Z
VTK019051,Modulo De Vidro Tury Ae Pro 2.10 Cq,Evolusom Comercial Ltda,164.9,3,FALSE,NAO_CONCLUSIVO,INCONCLUSIVOS,INCONCLUSIVO,IDENTIDADE_INCONCLUSIVA,INCONCLUSIVO,INCONCLUSIVO,SEM_EVIDENCIA_DE_DEMANDA,,,,,,,8.279935224,estimated,FALSE,EVIDENCIA_IDENTIDADE_INCOMPLETA; INCONCLUSIVO,APRESENTACAO_NAO_EXPLICITA,,Completar fontes e vínculos,,2026-09-05T15:16:37.457Z
VTK019054,Divisor De Linha Para Celular Aquario Dv-02,Evolusom Comercial Ltda,87.9,3,FALSE,NAO_CONCLUSIVO,INCONCLUSIVOS,INCONCLUSIVO,IDENTIDADE_COHERENTE,INCONCLUSIVO,INCONCLUSIVO,SEM_EVIDENCIA_DE_DEMANDA,135.9,,,,,,8.279935224,estimated,FALSE,INCONCLUSIVO,APRESENTACAO_NAO_EXPLICITA,,Completar fontes e vínculos,mercado/VTK019054.json,2026-09-05T15:16:37.457Z
VTK019058,Moldura Fiamon 2 Din Fiat Strada/strada Adventure/palio Weekend/palio Weekend Adventure 2013 Preta,Evolusom Comercial Ltda,78.9,3,FALSE,NAO_CONCLUSIVO,INCONCLUSIVOS,INCONCLUSIVO,IDENTIDADE_INCONCLUSIVA,INCONCLUSIVO,INCONCLUSIVO,SEM_EVIDENCIA_DE_DEMANDA,,,,,,,8.279935224,estimated,FALSE,EVIDENCIA_IDENTIDADE_INCOMPLETA; INCONCLUSIVO,APRESENTACAO_NAO_EXPLICITA,,Completar fontes e vínculos,,2026-09-05T15:16:37.457Z
VTK019062,Moldura Fiamon 2 Din Vw Gol G5/saveiro/voyage Preta,Evolusom Comercial Ltda,48.9,3,FALSE,NAO_CONCLUSIVO,INCONCLUSIVOS,INCONCLUSIVO,IDENTIDADE_INCONCLUSIVA,INCONCLUSIVO,INCONCLUSIVO,SEM_EVIDENCIA_DE_DEMANDA,,,,,,,8.279935224,estimated,FALSE,EVIDENCIA_IDENTIDADE_INCOMPLETA; INCONCLUSIVO,APRESENTACAO_NAO_EXPLICITA,,Completar fontes e vínculos,,2026-09-05T15:16:37.457Z
VTK019063,"Arandela Redonda Fiamon 6"" Difusor 30rms 8r Preta",Evolusom Comercial Ltda,68.9,3,FALSE,NAO_CONCLUSIVO,INCONCLUSIVOS,INCONCLUSIVO,IDENTIDADE_INCONCLUSIVA,INCONCLUSIVO,INCONCLUSIVO,SEM_EVIDENCIA_DE_DEMANDA,,,,,,,8.279935224,estimated,FALSE,EVIDENCIA_IDENTIDADE_INCOMPLETA; INCONCLUSIVO,APRESENTACAO_NAO_EXPLICITA,,Completar fontes e vínculos,,2026-09-05T15:16:37.457Z
VTK019065,Camera Dome Fbr Metal Ir25 2 Megapixels 2.8mm Cvi Tvi Ahd Cvbs Ip66,Evolusom Comercial Ltda,149.9,3,FALSE,NAO_CONCLUSIVO,INCONCLUSIVOS,INCONCLUSIVO,IDENTIDADE_INCONCLUSIVA,INCONCLUSIVO,INCONCLUSIVO,SEM_EVIDENCIA_DE_DEMANDA,270.65,,,,,,8.279935224,estimated,FALSE,EVIDENCIA_IDENTIDADE_INCOMPLETA; INCONCLUSIVO,APRESENTACAO_NAO_EXPLICITA,"Confirmar variante de câmera, lente de 2,8 mm e alcance IR de 25 m; catálogo genérico não basta.",Completar fontes e vínculos,mercado/VTK019065.json,2026-09-05T15:16:37.457Z
VTK019066,Calota Grid Aro 14a 083ar-pta Citroen Modelo C3 2007/ 13 - PC / 4,Evolusom Comercial Ltda,47.8,3,FALSE,NAO_CONCLUSIVO,INCONCLUSIVOS,INCONCLUSIVO,IDENTIDADE_INCONCLUSIVA,INCONCLUSIVO,INCONCLUSIVO,SEM_EVIDENCIA_DE_DEMANDA,,,,,,,8.279935224,estimated,FALSE,EVIDENCIA_IDENTIDADE_INCOMPLETA; INCONCLUSIVO,APRESENTACAO_NAO_EXPLICITA,,Completar fontes e vínculos,,2026-09-05T15:16:37.457Z
VTK019067,Calota Grid Aro 14p 156cb-pta Fiat Modelo Uno Way 2014 - PC / 4,Evolusom Comercial Ltda,47.8,3,FALSE,NAO_CONCLUSIVO,INCONCLUSIVOS,INCONCLUSIVO,IDENTIDADE_INCONCLUSIVA,INCONCLUSIVO,INCONCLUSIVO,SEM_EVIDENCIA_DE_DEMANDA,,,,,,,8.279935224,estimated,FALSE,EVIDENCIA_IDENTIDADE_INCOMPLETA; INCONCLUSIVO,APRESENTACAO_NAO_EXPLICITA,,Completar fontes e vínculos,,2026-09-05T15:16:37.457Z
VTK019072,Calha De Chuva Marçon Uno/ Premio/ Elba/ Fire 02 Portas 85/ 09,Evolusom Comercial Ltda,62.45,3,FALSE,NAO_CONCLUSIVO,INCONCLUSIVOS,INCONCLUSIVO,IDENTIDADE_INCONCLUSIVA,INCONCLUSIVO,INCONCLUSIVO,SEM_EVIDENCIA_DE_DEMANDA,,,,,,,8.279935224,estimated,FALSE,EVIDENCIA_IDENTIDADE_INCOMPLETA; INCONCLUSIVO,APRESENTACAO_NAO_EXPLICITA,,Completar fontes e vínculos,,2026-09-05T15:16:37.457Z
VTK019073,Calha De Chuva Marçon Novo Ka Hatch/ Sedan 04 Portas,Evolusom Comercial Ltda,125.9,3,FALSE,NAO_CONCLUSIVO,INCONCLUSIVOS,INCONCLUSIVO,IDENTIDADE_INCONCLUSIVA,INCONCLUSIVO,INCONCLUSIVO,SEM_EVIDENCIA_DE_DEMANDA,,,,,,,8.279935224,estimated,FALSE,EVIDENCIA_IDENTIDADE_INCOMPLETA; INCONCLUSIVO,APRESENTACAO_NAO_EXPLICITA,,Completar fontes e vínculos,,2026-09-05T15:16:37.457Z
VTK019074,Calha De Chuva Marçon Novo Golf 04 Portas 2013 Fume Claro,Evolusom Comercial Ltda,129.8,3,FALSE,NAO_CONCLUSIVO,INCONCLUSIVOS,INCONCLUSIVO,IDENTIDADE_INCONCLUSIVA,INCONCLUSIVO,INCONCLUSIVO,SEM_EVIDENCIA_DE_DEMANDA,,,,,,,8.279935224,estimated,FALSE,EVIDENCIA_IDENTIDADE_INCOMPLETA; INCONCLUSIVO,APRESENTACAO_NAO_EXPLICITA,,Completar fontes e vínculos,,2026-09-05T15:16:37.457Z
VTK019075,Máquina Vidro Elétrico Almapy Sem Motor Ford Ka 1997 Direita,Evolusom Comercial Ltda,36.15,3,FALSE,NAO_CONCLUSIVO,INCONCLUSIVOS,INCONCLUSIVO,IDENTIDADE_INCONCLUSIVA,INCONCLUSIVO,INCONCLUSIVO,SEM_EVIDENCIA_DE_DEMANDA,,,,,,,8.279935224,estimated,FALSE,EVIDENCIA_IDENTIDADE_INCOMPLETA; INCONCLUSIVO,APRESENTACAO_NAO_EXPLICITA,,Completar fontes e vínculos,,2026-09-05T15:16:37.457Z
VTK019076,Modulo De Vidro Tury Pro 4.28 L Toyota Hilux/ Sw4 2009 A 2015 4v Com Anti Esmagamento,Evolusom Comercial Ltda,335.9,3,FALSE,NAO_CONCLUSIVO,INCONCLUSIVOS,INCONCLUSIVO,IDENTIDADE_COHERENTE,INCONCLUSIVO,INCONCLUSIVO,SEM_EVIDENCIA_DE_DEMANDA,,,,,,,8.279935224,estimated,FALSE,INCONCLUSIVO,APRESENTACAO_NAO_EXPLICITA,,Completar fontes e vínculos,mercado/VTK019076.json,2026-09-05T15:16:37.457Z
VTK019077,Lâmpada Super Led 3d Shocklight H7 12/24v 50w 6000k 4500lm Sll-20007 (par),Evolusom Comercial Ltda,93.45,3,FALSE,NAO_CONCLUSIVO,INCONCLUSIVOS,INCONCLUSIVO,IDENTIDADE_INCONCLUSIVA,INCONCLUSIVO,INCONCLUSIVO,SEM_EVIDENCIA_DE_DEMANDA,,,,,,,8.279935224,estimated,FALSE,EVIDENCIA_IDENTIDADE_INCOMPLETA; COMPOSICAO_KIT_NAO_COMPROVADA; INCONCLUSIVO,,,Completar fontes e vínculos,,2026-09-05T15:16:37.457Z
VTK019079,Modulo De Vidro Tury Ae Pro 2.0 Bq Novo Uno 11 A 16/ Fiorino 14+,Evolusom Comercial Ltda,259.9,3,FALSE,NAO_CONCLUSIVO,INCONCLUSIVOS,INCONCLUSIVO,IDENTIDADE_INCONCLUSIVA,INCONCLUSIVO,INCONCLUSIVO,SEM_EVIDENCIA_DE_DEMANDA,,,,,,,8.279935224,estimated,FALSE,EVIDENCIA_IDENTIDADE_INCOMPLETA; INCONCLUSIVO,APRESENTACAO_NAO_EXPLICITA,,Completar fontes e vínculos,,2026-09-05T15:16:37.457Z
VTK019081,Calota Grid Aro 13p 032cb-pta Prata Modelo Chevrolet Corsa Classic 2002/ 03 Cubo Baixo - PC / 4,Evolusom Comercial Ltda,43.4,3,FALSE,NAO_CONCLUSIVO,INCONCLUSIVOS,INCONCLUSIVO,IDENTIDADE_INCONCLUSIVA,INCONCLUSIVO,INCONCLUSIVO,SEM_EVIDENCIA_DE_DEMANDA,,,,,,,8.279935224,estimated,FALSE,EVIDENCIA_IDENTIDADE_INCOMPLETA; INCONCLUSIVO,APRESENTACAO_NAO_EXPLICITA,,Completar fontes e vínculos,,2026-09-05T15:16:37.457Z
VTK019082,Calota Grid Aro 13p 046cb-pta Prata Modelo Ford Fiesta Street 2003 Cubo Baixo - PC / 4,Evolusom Comercial Ltda,43.4,3,FALSE,NAO_CONCLUSIVO,INCONCLUSIVOS,INCONCLUSIVO,IDENTIDADE_INCONCLUSIVA,INCONCLUSIVO,INCONCLUSIVO,SEM_EVIDENCIA_DE_DEMANDA,,,,,,,8.279935224,estimated,FALSE,EVIDENCIA_IDENTIDADE_INCOMPLETA; INCONCLUSIVO,APRESENTACAO_NAO_EXPLICITA,,Completar fontes e vínculos,,2026-09-05T15:16:37.457Z
VTK019084,Calota Grid Aro 13p 182cb-pta Prata Chevrolet Meriva Cubo Baixo - PC / 4,Evolusom Comercial Ltda,43.4,3,FALSE,NAO_CONCLUSIVO,INCONCLUSIVOS,INCONCLUSIVO,IDENTIDADE_INCONCLUSIVA,INCONCLUSIVO,INCONCLUSIVO,SEM_EVIDENCIA_DE_DEMANDA,,,,,,,8.279935224,estimated,FALSE,EVIDENCIA_IDENTIDADE_INCOMPLETA; INCONCLUSIVO,APRESENTACAO_NAO_EXPLICITA,,Completar fontes e vínculos,,2026-09-05T15:16:37.457Z
VTK019086,Calota Grid Aro 14a 451ar-pta Prata Nissan New March 2015/ 16 - PC / 4,Evolusom Comercial Ltda,47.8,3,FALSE,NAO_CONCLUSIVO,INCONCLUSIVOS,INCONCLUSIVO,IDENTIDADE_INCONCLUSIVA,INCONCLUSIVO,INCONCLUSIVO,SEM_EVIDENCIA_DE_DEMANDA,,,,,,,8.279935224,estimated,FALSE,EVIDENCIA_IDENTIDADE_INCOMPLETA; INCONCLUSIVO,APRESENTACAO_NAO_EXPLICITA,,Completar fontes e vínculos,,2026-09-05T15:16:37.457Z
VTK019087,Calha De Chuva Marçon Polo Sedan à Partir De 2003 04 Portas Todos Vw-046,Evolusom Comercial Ltda,175.9,3,FALSE,NAO_CONCLUSIVO,INCONCLUSIVOS,INCONCLUSIVO,IDENTIDADE_INCONCLUSIVA,INCONCLUSIVO,INCONCLUSIVO,SEM_EVIDENCIA_DE_DEMANDA,,,,,,,8.279935224,estimated,FALSE,EVIDENCIA_IDENTIDADE_INCOMPLETA; INCONCLUSIVO,APRESENTACAO_NAO_EXPLICITA,,Completar fontes e vínculos,,2026-09-05T15:16:37.457Z
VTK019088,Calha De Chuva Marçon L-200 Sport 2007/ Gls Outdoor A Partir De 2008 04 Portas Mi-088,Evolusom Comercial Ltda,131.95,3,FALSE,NAO_CONCLUSIVO,INCONCLUSIVOS,INCONCLUSIVO,IDENTIDADE_INCONCLUSIVA,INCONCLUSIVO,INCONCLUSIVO,SEM_EVIDENCIA_DE_DEMANDA,,,,,,,8.279935224,estimated,FALSE,EVIDENCIA_IDENTIDADE_INCOMPLETA; INCONCLUSIVO,APRESENTACAO_NAO_EXPLICITA,,Completar fontes e vínculos,,2026-09-05T15:16:37.457Z
VTK019089,Capota Marítima Concórdia Flash Cover Ba130l Mitsubishi L200 Triton 2009/2017 Baguete,Evolusom Comercial Ltda,364.5,3,FALSE,NAO_CONCLUSIVO,INCONCLUSIVOS,INCONCLUSIVO,IDENTIDADE_INCONCLUSIVA,INCONCLUSIVO,INCONCLUSIVO,SEM_EVIDENCIA_DE_DEMANDA,,,,,,,8.279935224,estimated,FALSE,EVIDENCIA_IDENTIDADE_INCOMPLETA; INCONCLUSIVO,APRESENTACAO_NAO_EXPLICITA,,Completar fontes e vínculos,,2026-09-05T15:16:37.457Z
VTK019090,Capota Marítima Concórdia Flash Cover Ba093l Volkswagen Saveiro Sem Grade 1982/1997 Baguete,Evolusom Comercial Ltda,347.9,3,FALSE,NAO_CONCLUSIVO,INCONCLUSIVOS,INCONCLUSIVO,IDENTIDADE_INCONCLUSIVA,INCONCLUSIVO,INCONCLUSIVO,SEM_EVIDENCIA_DE_DEMANDA,,,,,,,8.279935224,estimated,FALSE,EVIDENCIA_IDENTIDADE_INCOMPLETA; INCONCLUSIVO,APRESENTACAO_NAO_EXPLICITA,,Completar fontes e vínculos,,2026-09-05T15:16:37.457Z
VTK019095,Capota Marítima Flash Cover Ff126 Fiat Strada Cabine Estendida Com Gancho Com Step 1998/2013 Force,Evolusom Comercial Ltda,449.9,3,FALSE,NAO_CONCLUSIVO,INCONCLUSIVOS,INCONCLUSIVO,IDENTIDADE_INCONCLUSIVA,INCONCLUSIVO,INCONCLUSIVO,SEM_EVIDENCIA_DE_DEMANDA,,,,,,,8.279935224,estimated,FALSE,EVIDENCIA_IDENTIDADE_INCOMPLETA; INCONCLUSIVO,APRESENTACAO_NAO_EXPLICITA,,Completar fontes e vínculos,,2026-09-05T15:16:37.457Z
VTK019096,Ultra Led Shocklight (par) H27 12v 50w 6000k 4000lm,Evolusom Comercial Ltda,128.25,3,FALSE,NAO_CONCLUSIVO,INCONCLUSIVOS,INCONCLUSIVO,IDENTIDADE_INCONCLUSIVA,INCONCLUSIVO,INCONCLUSIVO,SEM_EVIDENCIA_DE_DEMANDA,,,,,,,8.279935224,estimated,FALSE,EVIDENCIA_IDENTIDADE_INCOMPLETA; COMPOSICAO_KIT_NAO_COMPROVADA; INCONCLUSIVO,,,Completar fontes e vínculos,,2026-09-05T15:16:37.457Z
VTK019100,Camera Dome Hikvision 3.0 Ds-2ce16c2t-vfir 2.8-12mm 960p,Evolusom Comercial Ltda,229.5,3,FALSE,NAO_CONCLUSIVO,INCONCLUSIVOS,INCONCLUSIVO,IDENTIDADE_INCONCLUSIVA,INCONCLUSIVO,INCONCLUSIVO,SEM_EVIDENCIA_DE_DEMANDA,,,,,,,8.279935224,estimated,FALSE,EVIDENCIA_IDENTIDADE_INCOMPLETA; INCONCLUSIVO,APRESENTACAO_NAO_EXPLICITA,,Completar fontes e vínculos,mercado/VTK019100.json,2026-09-05T15:16:37.457Z
VTK019102,Kit Onix Power Coaxial Hd 3000 16ch + Mini Rack 05u Com Fonte,Evolusom Comercial Ltda,816.2,3,FALSE,NAO_CONCLUSIVO,INCONCLUSIVOS,INCONCLUSIVO,IDENTIDADE_INCONCLUSIVA,INCONCLUSIVO,INCONCLUSIVO,SEM_EVIDENCIA_DE_DEMANDA,,,,,,,8.279935224,estimated,FALSE,EVIDENCIA_IDENTIDADE_INCOMPLETA; COMPOSICAO_KIT_NAO_COMPROVADA; INCONCLUSIVO,,,Completar fontes e vínculos,,2026-09-05T15:16:37.457Z
VTK019106,"Alto Falante Jbl-selenium 15wp550 15"" 550wrms 8r Woofer Profissional",Evolusom Comercial Ltda,809.9,3,FALSE,NAO_CONCLUSIVO,INCONCLUSIVOS,INCONCLUSIVO,IDENTIDADE_INCONCLUSIVA,INCONCLUSIVO,INCONCLUSIVO,SEM_EVIDENCIA_DE_DEMANDA,955.25,,,,,,8.279935224,estimated,FALSE,EVIDENCIA_IDENTIDADE_INCOMPLETA; INCONCLUSIVO,APRESENTACAO_NAO_EXPLICITA,,Completar fontes e vínculos,mercado/VTK019106.json,2026-09-05T15:16:37.457Z
VTK019107,Módulo Viaweb Ip 2.3,Evolusom Comercial Ltda,284.9,3,FALSE,NAO_CONCLUSIVO,INCONCLUSIVOS,INCONCLUSIVO,IDENTIDADE_INCONCLUSIVA,INCONCLUSIVO,INCONCLUSIVO,SEM_EVIDENCIA_DE_DEMANDA,,,,,,,8.279935224,estimated,FALSE,EVIDENCIA_IDENTIDADE_INCOMPLETA; INCONCLUSIVO,APRESENTACAO_NAO_EXPLICITA,,Completar fontes e vínculos,,2026-09-05T15:16:37.457Z
VTK019111,Alarme Ipec Porta Aberta,Evolusom Comercial Ltda,86.7,3,FALSE,NAO_CONCLUSIVO,INCONCLUSIVOS,INCONCLUSIVO,IDENTIDADE_INCONCLUSIVA,INCONCLUSIVO,INCONCLUSIVO,SEM_EVIDENCIA_DE_DEMANDA,,,,,,,8.279935224,estimated,FALSE,EVIDENCIA_IDENTIDADE_INCOMPLETA; INCONCLUSIVO,APRESENTACAO_NAO_EXPLICITA,,Completar fontes e vínculos,,2026-09-05T15:16:37.457Z
VTK019113,Câmera Dome Hikvision Ds-2ce71d8t-pirl 2.8 1080p Ip67,Evolusom Comercial Ltda,236.5,3,FALSE,NAO_CONCLUSIVO,INCONCLUSIVOS,INCONCLUSIVO,IDENTIDADE_COHERENTE,INCONCLUSIVO,INCONCLUSIVO,SEM_EVIDENCIA_DE_DEMANDA,330,,,,,,8.279935224,estimated,FALSE,INCONCLUSIVO,APRESENTACAO_NAO_EXPLICITA,,Completar fontes e vínculos,mercado/VTK019113.json,2026-09-05T15:16:37.457Z
VTK019117,Expansor Corneta Fiamon 1450 Red. Curta Bicolor Amarelo Fluorescente,Evolusom Comercial Ltda,21.9,3,FALSE,NAO_CONCLUSIVO,INCONCLUSIVOS,INCONCLUSIVO,IDENTIDADE_INCONCLUSIVA,INCONCLUSIVO,INCONCLUSIVO,SEM_EVIDENCIA_DE_DEMANDA,,,,,,,8.279935224,estimated,FALSE,EVIDENCIA_IDENTIDADE_INCOMPLETA; INCONCLUSIVO,APRESENTACAO_NAO_EXPLICITA,,Completar fontes e vínculos,,2026-09-05T15:16:37.457Z
VTK019118,Módulo De Vidro Elétrico Tury Ae Pro 4.78br,Evolusom Comercial Ltda,309.9,3,FALSE,NAO_CONCLUSIVO,INCONCLUSIVOS,INCONCLUSIVO,IDENTIDADE_INCONCLUSIVA,INCONCLUSIVO,INCONCLUSIVO,SEM_EVIDENCIA_DE_DEMANDA,,,,,,,8.279935224,estimated,FALSE,EVIDENCIA_IDENTIDADE_INCOMPLETA; INCONCLUSIVO,APRESENTACAO_NAO_EXPLICITA,,Completar fontes e vínculos,,2026-09-05T15:16:37.457Z
VTK019119,Calota Aro 13p 072cb-pof Mod Uno Way Economy 2008/ 09 Cb - PC / 4,Evolusom Comercial Ltda,74.4,3,FALSE,NAO_CONCLUSIVO,INCONCLUSIVOS,INCONCLUSIVO,IDENTIDADE_INCONCLUSIVA,INCONCLUSIVO,INCONCLUSIVO,SEM_EVIDENCIA_DE_DEMANDA,,,,,,,8.279935224,estimated,FALSE,EVIDENCIA_IDENTIDADE_INCOMPLETA; INCONCLUSIVO,APRESENTACAO_NAO_EXPLICITA,,Completar fontes e vínculos,,2026-09-05T15:16:37.457Z
VTK019120,Calota Aro 14p 343cb-pof Mod Ka 2019 Cb - PC / 4,Evolusom Comercial Ltda,74.4,3,FALSE,NAO_CONCLUSIVO,INCONCLUSIVOS,INCONCLUSIVO,IDENTIDADE_INCONCLUSIVA,INCONCLUSIVO,INCONCLUSIVO,SEM_EVIDENCIA_DE_DEMANDA,,,,,,,8.279935224,estimated,FALSE,EVIDENCIA_IDENTIDADE_INCOMPLETA; INCONCLUSIVO,APRESENTACAO_NAO_EXPLICITA,,Completar fontes e vínculos,,2026-09-05T15:16:37.457Z
VTK019121,Calota Aro 14a 461ar-pof Mod Etios 2014/ 15 Ar - PC / 4,Evolusom Comercial Ltda,74.4,3,FALSE,NAO_CONCLUSIVO,INCONCLUSIVOS,INCONCLUSIVO,IDENTIDADE_INCONCLUSIVA,INCONCLUSIVO,INCONCLUSIVO,SEM_EVIDENCIA_DE_DEMANDA,,,,,,,8.279935224,estimated,FALSE,EVIDENCIA_IDENTIDADE_INCOMPLETA; INCONCLUSIVO,APRESENTACAO_NAO_EXPLICITA,,Completar fontes e vínculos,,2026-09-05T15:16:37.457Z
VTK019123,Plug P10 Duplo Z Mono Pedais,Evolusom Comercial Ltda,18.9,3,FALSE,NAO_CONCLUSIVO,INCONCLUSIVOS,INCONCLUSIVO,IDENTIDADE_INCONCLUSIVA,INCONCLUSIVO,INCONCLUSIVO,SEM_EVIDENCIA_DE_DEMANDA,,,,,,,8.279935224,estimated,FALSE,EVIDENCIA_IDENTIDADE_INCOMPLETA; INCONCLUSIVO,APRESENTACAO_NAO_EXPLICITA,,Completar fontes e vínculos,,2026-09-05T15:16:37.457Z
VTK019125,"Arandela Sem Borda Frahm 6"" 40w Full Ranger Com Trafo Quadrado",Evolusom Comercial Ltda,144.9,3,FALSE,NAO_CONCLUSIVO,INCONCLUSIVOS,INCONCLUSIVO,IDENTIDADE_COHERENTE,INCONCLUSIVO,INCONCLUSIVO,SEM_EVIDENCIA_DE_DEMANDA,,,,,,,8.279935224,estimated,FALSE,INCONCLUSIVO,APRESENTACAO_NAO_EXPLICITA,,Completar fontes e vínculos,mercado/VTK019125.json,2026-09-05T15:16:37.457Z
VTK019127,Aw44 Soft Cn Original 4v Sportage 1vi 4v 17+,Evolusom Comercial Ltda,148.9,3,FALSE,NAO_CONCLUSIVO,INCONCLUSIVOS,INCONCLUSIVO,IDENTIDADE_INCONCLUSIVA,INCONCLUSIVO,INCONCLUSIVO,SEM_EVIDENCIA_DE_DEMANDA,,,,,,,8.279935224,estimated,FALSE,EVIDENCIA_IDENTIDADE_INCOMPLETA; INCONCLUSIVO,APRESENTACAO_NAO_EXPLICITA,,Completar fontes e vínculos,,2026-09-05T15:16:37.457Z
VTK019131,"Laço Indutivo Citrox 1,90x0,80 Cx-4001",Evolusom Comercial Ltda,102.95,3,FALSE,NAO_CONCLUSIVO,INCONCLUSIVOS,INCONCLUSIVO,IDENTIDADE_COHERENTE,INCONCLUSIVO,INCONCLUSIVO,SEM_EVIDENCIA_DE_DEMANDA,430,,,,,,8.279935224,estimated,FALSE,INCONCLUSIVO,APRESENTACAO_NAO_EXPLICITA,Laço indutivo unitário comparado com título de duas unidades e detector; conteúdo divergente.,Completar fontes e vínculos,mercado/VTK019131.json,2026-09-05T15:16:37.457Z
VTK019137,Moldura Fiamon 2 Din Ka/ Ka+ 18/ 19 Preto,Evolusom Comercial Ltda,112.9,3,FALSE,NAO_CONCLUSIVO,INCONCLUSIVOS,INCONCLUSIVO,IDENTIDADE_INCONCLUSIVA,INCONCLUSIVO,INCONCLUSIVO,SEM_EVIDENCIA_DE_DEMANDA,,,,,,,8.279935224,estimated,FALSE,EVIDENCIA_IDENTIDADE_INCOMPLETA; INCONCLUSIVO,APRESENTACAO_NAO_EXPLICITA,,Completar fontes e vínculos,mercado/VTK019137.json,2026-09-05T15:16:37.457Z
VTK019138,Smartwatch Multilaser Relógio Atrio Sw2 Plus Ios/ Android - P9080,Evolusom Comercial Ltda,441.9,3,FALSE,NAO_CONCLUSIVO,INCONCLUSIVOS,INCONCLUSIVO,IDENTIDADE_INCONCLUSIVA,INCONCLUSIVO,INCONCLUSIVO,SEM_EVIDENCIA_DE_DEMANDA,388.08,,,,,,8.279935224,estimated,FALSE,EVIDENCIA_IDENTIDADE_INCOMPLETA; INCONCLUSIVO,APRESENTACAO_NAO_EXPLICITA,,Completar fontes e vínculos,mercado/VTK019138.json,2026-09-05T15:16:37.457Z
VTK019141,Módulo De Rebatimento Para Retrovisores Elétricos Tury Park 2,Evolusom Comercial Ltda,75.9,3,FALSE,NAO_CONCLUSIVO,INCONCLUSIVOS,INCONCLUSIVO,IDENTIDADE_INCONCLUSIVA,INCONCLUSIVO,INCONCLUSIVO,SEM_EVIDENCIA_DE_DEMANDA,,,,,,,8.279935224,estimated,FALSE,EVIDENCIA_IDENTIDADE_INCOMPLETA; INCONCLUSIVO,APRESENTACAO_NAO_EXPLICITA,,Completar fontes e vínculos,,2026-09-05T15:16:37.457Z
VTK019145,Modulo Sohoplus Telecom 8 Portas - Cdm,Evolusom Comercial Ltda,91.9,3,FALSE,NAO_CONCLUSIVO,INCONCLUSIVOS,INCONCLUSIVO,IDENTIDADE_INCONCLUSIVA,INCONCLUSIVO,INCONCLUSIVO,SEM_EVIDENCIA_DE_DEMANDA,,,,,,,8.279935224,estimated,FALSE,EVIDENCIA_IDENTIDADE_INCOMPLETA; INCONCLUSIVO,APRESENTACAO_NAO_EXPLICITA,,Completar fontes e vínculos,,2026-09-05T15:16:37.457Z
VTK019152,Calha Fiat Strada 2021 4p,Evolusom Comercial Ltda,95.9,3,FALSE,NAO_CONCLUSIVO,INCONCLUSIVOS,INCONCLUSIVO,IDENTIDADE_INCONCLUSIVA,INCONCLUSIVO,INCONCLUSIVO,SEM_EVIDENCIA_DE_DEMANDA,,,,,,,8.279935224,estimated,FALSE,EVIDENCIA_IDENTIDADE_INCOMPLETA; INCONCLUSIVO,APRESENTACAO_NAO_EXPLICITA,,Completar fontes e vínculos,,2026-09-05T15:16:37.457Z
VTK019159,Panela De Arroz Gourmet 220v 700w Aço Inox Capacidade De 10 Xícaras Multilaser - Ce06,Evolusom Comercial Ltda,148.9,3,FALSE,NAO_CONCLUSIVO,INCONCLUSIVOS,INCONCLUSIVO,IDENTIDADE_COHERENTE,INCONCLUSIVO,INCONCLUSIVO,SEM_EVIDENCIA_DE_DEMANDA,215.9,,,,,,8.279935224,estimated,FALSE,INCONCLUSIVO,APRESENTACAO_NAO_EXPLICITA,,Completar fontes e vínculos,mercado/VTK019159.json,2026-09-05T15:16:37.457Z
VTK019162,Grampo Permak De Porta Do Stilo - Cento,Evolusom Comercial Ltda,42.9,3,FALSE,NAO_CONCLUSIVO,INCONCLUSIVOS,INCONCLUSIVO,IDENTIDADE_INCONCLUSIVA,INCONCLUSIVO,INCONCLUSIVO,SEM_EVIDENCIA_DE_DEMANDA,,,,,,,8.279935224,estimated,FALSE,EVIDENCIA_IDENTIDADE_INCOMPLETA; INCONCLUSIVO,APRESENTACAO_NAO_EXPLICITA,,Completar fontes e vínculos,,2026-09-05T15:16:37.457Z
VTK019165,Nobreak Intelbras Gnb 1000va 220v Para Portão - Preto,Evolusom Comercial Ltda,599.9,3,FALSE,NAO_CONCLUSIVO,INCONCLUSIVOS,INCONCLUSIVO,IDENTIDADE_COHERENTE,INCONCLUSIVO,INCONCLUSIVO,SEM_EVIDENCIA_DE_DEMANDA,699,,,,,,8.279935224,estimated,FALSE,INCONCLUSIVO,APRESENTACAO_NAO_EXPLICITA,,Completar fontes e vínculos,mercado/VTK019165.json,2026-09-05T15:16:37.457Z
VTK019166,"Moldura Fiamon 9"" Fiat Mobi - Black Piano",Evolusom Comercial Ltda,166.9,3,FALSE,NAO_CONCLUSIVO,INCONCLUSIVOS,INCONCLUSIVO,IDENTIDADE_INCONCLUSIVA,INCONCLUSIVO,INCONCLUSIVO,SEM_EVIDENCIA_DE_DEMANDA,214.9,,,,,,8.279935224,estimated,FALSE,EVIDENCIA_IDENTIDADE_INCOMPLETA; INCONCLUSIVO,APRESENTACAO_NAO_EXPLICITA,,Completar fontes e vínculos,mercado/VTK019166.json,2026-09-05T15:16:37.457Z
VTK019171,Dvr Citrox 8 Canais Xvr Gp3 5mp Multi Hd - Cx3208,Evolusom Comercial Ltda,439.9,3,FALSE,NAO_CONCLUSIVO,INCONCLUSIVOS,INCONCLUSIVO,IDENTIDADE_INCONCLUSIVA,INCONCLUSIVO,INCONCLUSIVO,SEM_EVIDENCIA_DE_DEMANDA,,,,,,,8.279935224,estimated,FALSE,EVIDENCIA_IDENTIDADE_INCOMPLETA; INCONCLUSIVO,APRESENTACAO_NAO_EXPLICITA,,Completar fontes e vínculos,,2026-09-05T15:16:37.457Z
VTK019177,Calota Grid Aro 16p 300cp Prata Fiat Toro 2021 - PC / 4,Evolusom Comercial Ltda,99.96,3,FALSE,NAO_CONCLUSIVO,INCONCLUSIVOS,INCONCLUSIVO,IDENTIDADE_INCONCLUSIVA,INCONCLUSIVO,INCONCLUSIVO,SEM_EVIDENCIA_DE_DEMANDA,,,,,,,8.279935224,estimated,FALSE,EVIDENCIA_IDENTIDADE_INCOMPLETA; INCONCLUSIVO,APRESENTACAO_NAO_EXPLICITA,,Completar fontes e vínculos,,2026-09-05T15:16:37.457Z
VTK019178,"Moldura Fiamon 9"" Honda Wr-v 2017/2022 Black Piano",Evolusom Comercial Ltda,177.9,3,FALSE,NAO_CONCLUSIVO,INCONCLUSIVOS,INCONCLUSIVO,IDENTIDADE_INCONCLUSIVA,INCONCLUSIVO,INCONCLUSIVO,SEM_EVIDENCIA_DE_DEMANDA,,,,,,,8.279935224,estimated,FALSE,EVIDENCIA_IDENTIDADE_INCOMPLETA; INCONCLUSIVO,APRESENTACAO_NAO_EXPLICITA,,Completar fontes e vínculos,mercado/VTK019178.json,2026-09-05T15:16:37.457Z
VTK019185,"Micro Inversor Solar Deye Sun-m225g4 2,25kw",Evolusom Comercial Ltda,1426.64,3,FALSE,NAO_CONCLUSIVO,INCONCLUSIVOS,INCONCLUSIVO,IDENTIDADE_INCONCLUSIVA,INCONCLUSIVO,INCONCLUSIVO,SEM_EVIDENCIA_DE_DEMANDA,,,,,,,8.279935224,estimated,FALSE,EVIDENCIA_IDENTIDADE_INCOMPLETA; INCONCLUSIVO,APRESENTACAO_NAO_EXPLICITA,,Completar fontes e vínculos,,2026-09-05T15:16:37.457Z
VTK019188,Kit Lâmpada Ultraled Tarponn Tp-6102 H3 12v 40w 4000lm 6000k Par,Evolusom Comercial Ltda,59.9,3,FALSE,NAO_CONCLUSIVO,INCONCLUSIVOS,INCONCLUSIVO,IDENTIDADE_INCONCLUSIVA,INCONCLUSIVO,INCONCLUSIVO,SEM_EVIDENCIA_DE_DEMANDA,,,,,,,8.279935224,estimated,FALSE,EVIDENCIA_IDENTIDADE_INCOMPLETA; COMPOSICAO_KIT_NAO_COMPROVADA; INCONCLUSIVO,,,Completar fontes e vínculos,,2026-09-05T15:16:37.457Z
VTK019189,Soprador Térmico Hikari Hk-510 1300w/2000w 220v,Evolusom Comercial Ltda,119.95,3,FALSE,NAO_CONCLUSIVO,INCONCLUSIVOS,INCONCLUSIVO,IDENTIDADE_COHERENTE,INCONCLUSIVO,INCONCLUSIVO,SEM_EVIDENCIA_DE_DEMANDA,139.9,,,,,,8.279935224,estimated,FALSE,INCONCLUSIVO,APRESENTACAO_NAO_EXPLICITA,,Completar fontes e vínculos,mercado/VTK019189.json,2026-09-05T15:16:37.457Z
VTK019190,Capota Marítima Flash Cover Ff227 Ram Rampage Cabine Dupla Com Santo Antônio 2023+ Force,Evolusom Comercial Ltda,555.5,3,FALSE,NAO_CONCLUSIVO,INCONCLUSIVOS,INCONCLUSIVO,IDENTIDADE_INCONCLUSIVA,INCONCLUSIVO,INCONCLUSIVO,SEM_EVIDENCIA_DE_DEMANDA,,,,,,,8.279935224,estimated,FALSE,EVIDENCIA_IDENTIDADE_INCOMPLETA; INCONCLUSIVO,APRESENTACAO_NAO_EXPLICITA,,Completar fontes e vínculos,,2026-09-05T15:16:37.457Z
VTK019193,Calculadora Financeira Truly Tr12c Platinum Rpn Algébrica,Evolusom Comercial Ltda,165.5,3,FALSE,NAO_CONCLUSIVO,INCONCLUSIVOS,INCONCLUSIVO,IDENTIDADE_COHERENTE,INCONCLUSIVO,INCONCLUSIVO,SEM_EVIDENCIA_DE_DEMANDA,229,,,,,,8.279935224,estimated,FALSE,INCONCLUSIVO,APRESENTACAO_NAO_EXPLICITA,,Completar fontes e vínculos,mercado/VTK019193.json,2026-09-05T15:16:37.457Z
VTK019194,Kit Lâmpada Led Tarponn Sky Hb4 Tp-6176 8k Premium,Evolusom Comercial Ltda,69.99,3,FALSE,NAO_CONCLUSIVO,INCONCLUSIVOS,INCONCLUSIVO,IDENTIDADE_INCONCLUSIVA,INCONCLUSIVO,INCONCLUSIVO,SEM_EVIDENCIA_DE_DEMANDA,,,,,,,8.279935224,estimated,FALSE,EVIDENCIA_IDENTIDADE_INCOMPLETA; COMPOSICAO_KIT_NAO_COMPROVADA; INCONCLUSIVO,,,Completar fontes e vínculos,,2026-09-05T15:16:37.457Z
VTK019195,Smartwatch Multilaser Wr204 M2 Amoled Preto,Evolusom Comercial Ltda,299.9,3,FALSE,NAO_CONCLUSIVO,INCONCLUSIVOS,INCONCLUSIVO,IDENTIDADE_COHERENTE,INCONCLUSIVO,INCONCLUSIVO,SEM_EVIDENCIA_DE_DEMANDA,236.25,,,,,,8.279935224,estimated,FALSE,INCONCLUSIVO,APRESENTACAO_NAO_EXPLICITA,,Completar fontes e vínculos,mercado/VTK019195.json,2026-09-05T15:16:37.457Z
VTK019196,Lona De Carreteiro Western 6x5 100g P/m2,Evolusom Comercial Ltda,145.7,3,FALSE,NAO_CONCLUSIVO,INCONCLUSIVOS,INCONCLUSIVO,IDENTIDADE_INCONCLUSIVA,INCONCLUSIVO,INCONCLUSIVO,SEM_EVIDENCIA_DE_DEMANDA,,,,,,,8.279935224,estimated,FALSE,EVIDENCIA_IDENTIDADE_INCOMPLETA; INCONCLUSIVO,APRESENTACAO_NAO_EXPLICITA,,Completar fontes e vínculos,mercado/VTK019196.json,2026-09-05T15:16:37.457Z
VTK019197,Cabo Hdmi Fibra óptica Nwt 2.0 - 70m,Evolusom Comercial Ltda,447.9,3,FALSE,NAO_CONCLUSIVO,INCONCLUSIVOS,INCONCLUSIVO,IDENTIDADE_INCONCLUSIVA,INCONCLUSIVO,INCONCLUSIVO,SEM_EVIDENCIA_DE_DEMANDA,,,,,,,8.279935224,estimated,FALSE,EQUIVALENCIA_MARCA_NAO_COMPROVADA; EVIDENCIA_IDENTIDADE_INCOMPLETA; INCONCLUSIVO,APRESENTACAO_NAO_EXPLICITA,,Completar fontes e vínculos,mercado/VTK019197.json,2026-09-05T15:16:37.457Z
VTK019202,Motor De Janela Roadstar Rs36br Es Lado Esquerdo 24v,Evolusom Comercial Ltda,52.9,3,FALSE,NAO_CONCLUSIVO,INCONCLUSIVOS,INCONCLUSIVO,IDENTIDADE_INCONCLUSIVA,INCONCLUSIVO,INCONCLUSIVO,SEM_EVIDENCIA_DE_DEMANDA,,,,,,,8.279935224,estimated,FALSE,EVIDENCIA_IDENTIDADE_INCOMPLETA; INCONCLUSIVO,APRESENTACAO_NAO_EXPLICITA,,Completar fontes e vínculos,mercado/VTK019202.json,2026-09-05T15:16:37.457Z
VTK019214,Módulo De Vidro Elétrico Fks Mlv45 Tc21 Toyota Corolla 2020/2025,Evolusom Comercial Ltda,223.9,3,FALSE,NAO_CONCLUSIVO,INCONCLUSIVOS,INCONCLUSIVO,IDENTIDADE_INCONCLUSIVA,INCONCLUSIVO,INCONCLUSIVO,SEM_EVIDENCIA_DE_DEMANDA,,,,,,,8.279935224,estimated,FALSE,EVIDENCIA_IDENTIDADE_INCOMPLETA; INCONCLUSIVO,APRESENTACAO_NAO_EXPLICITA,,Completar fontes e vínculos,,2026-09-05T15:16:37.457Z
VTK019215,Controle Canivete Fks Cr710 Linha Gm,Evolusom Comercial Ltda,49.9,3,FALSE,NAO_CONCLUSIVO,INCONCLUSIVOS,INCONCLUSIVO,IDENTIDADE_INCONCLUSIVA,INCONCLUSIVO,INCONCLUSIVO,SEM_EVIDENCIA_DE_DEMANDA,,,,,,,8.279935224,estimated,FALSE,EVIDENCIA_IDENTIDADE_INCOMPLETA; INCONCLUSIVO,APRESENTACAO_NAO_EXPLICITA,,Completar fontes e vínculos,mercado/VTK019215.json,2026-09-05T15:16:37.457Z
VTK019216,Controle Canivete Fks Cr740 Linha Honda,Evolusom Comercial Ltda,49.9,3,FALSE,NAO_CONCLUSIVO,INCONCLUSIVOS,INCONCLUSIVO,IDENTIDADE_INCONCLUSIVA,INCONCLUSIVO,INCONCLUSIVO,SEM_EVIDENCIA_DE_DEMANDA,,,,,,,8.279935224,estimated,FALSE,EVIDENCIA_IDENTIDADE_INCOMPLETA; INCONCLUSIVO,APRESENTACAO_NAO_EXPLICITA,,Completar fontes e vínculos,,2026-09-05T15:16:37.457Z
VTK019225,Tapete Tipo Bandeja Grid Vw Tera 2025+ Preto 05 Peças,Evolusom Comercial Ltda,219.9,3,FALSE,NAO_CONCLUSIVO,INCONCLUSIVOS,INCONCLUSIVO,IDENTIDADE_INCONCLUSIVA,INCONCLUSIVO,INCONCLUSIVO,SEM_EVIDENCIA_DE_DEMANDA,,,,,,,8.279935224,estimated,FALSE,EVIDENCIA_IDENTIDADE_INCOMPLETA; COMPOSICAO_KIT_NAO_COMPROVADA; INCONCLUSIVO,,,Completar fontes e vínculos,,2026-09-05T15:16:37.457Z
VTK019226,Pé Grande Permak Para Caixa Acústica,Evolusom Comercial Ltda,41.5,3,FALSE,NAO_CONCLUSIVO,INCONCLUSIVOS,INCONCLUSIVO,IDENTIDADE_INCONCLUSIVA,INCONCLUSIVO,INCONCLUSIVO,SEM_EVIDENCIA_DE_DEMANDA,,,,,,,8.279935224,estimated,FALSE,EVIDENCIA_IDENTIDADE_INCOMPLETA; INCONCLUSIVO,APRESENTACAO_NAO_EXPLICITA,,Completar fontes e vínculos,,2026-09-05T15:16:37.457Z
VTK019227,"Tela Plástica Permak 15"" Para Alto Falante Tipo Arlem 121/a - PC / 2",Evolusom Comercial Ltda,47.8,3,FALSE,NAO_CONCLUSIVO,INCONCLUSIVOS,INCONCLUSIVO,IDENTIDADE_INCONCLUSIVA,INCONCLUSIVO,INCONCLUSIVO,SEM_EVIDENCIA_DE_DEMANDA,,,,,,,8.279935224,estimated,FALSE,EVIDENCIA_IDENTIDADE_INCOMPLETA; INCONCLUSIVO,APRESENTACAO_NAO_EXPLICITA,,Completar fontes e vínculos,,2026-09-05T15:16:37.457Z
VTK019228,Suporte Para Trava Elétrica Focus 4 Portas,Evolusom Comercial Ltda,14.55,3,FALSE,NAO_CONCLUSIVO,INCONCLUSIVOS,INCONCLUSIVO,IDENTIDADE_INCONCLUSIVA,INCONCLUSIVO,INCONCLUSIVO,SEM_EVIDENCIA_DE_DEMANDA,,,,,,,8.279935224,estimated,FALSE,EVIDENCIA_IDENTIDADE_INCOMPLETA; INCONCLUSIVO,APRESENTACAO_NAO_EXPLICITA,,Completar fontes e vínculos,,2026-09-05T15:16:37.457Z
VTK019851,Cabo Flexível Remoto Technoise 100% Cobre Azul 0.75 Mm Rolo 100 Metros,Evolusom Comercial Ltda,99.9,3,FALSE,NAO_CONCLUSIVO,INCONCLUSIVOS,INCONCLUSIVO,IDENTIDADE_INCONCLUSIVA,INCONCLUSIVO,INCONCLUSIVO,SEM_EVIDENCIA_DE_DEMANDA,126.8,,,,,,8.279935224,estimated,FALSE,EVIDENCIA_IDENTIDADE_INCOMPLETA; INCONCLUSIVO,APRESENTACAO_NAO_EXPLICITA,,Completar fontes e vínculos,mercado/VTK019851.json,2026-09-05T15:16:37.457Z
VTK020634,Capota Marítima Flash Cover Ff001 Chevrolet S10 Cabine Dupla 1995/2011 Force,Evolusom Comercial Ltda,514.9,3,FALSE,NAO_CONCLUSIVO,INCONCLUSIVOS,INCONCLUSIVO,IDENTIDADE_INCONCLUSIVA,INCONCLUSIVO,INCONCLUSIVO,SEM_EVIDENCIA_DE_DEMANDA,,,,,,,8.279935224,estimated,FALSE,EVIDENCIA_IDENTIDADE_INCOMPLETA; INCONCLUSIVO,APRESENTACAO_NAO_EXPLICITA,,Completar fontes e vínculos,,2026-09-05T15:16:37.457Z
VTK020643,Capota Marítima Flash Cover Ff101 Toyota Hilux Cabine Dupla 05/15 Force,Evolusom Comercial Ltda,534.9,3,FALSE,NAO_CONCLUSIVO,INCONCLUSIVOS,INCONCLUSIVO,IDENTIDADE_INCONCLUSIVA,INCONCLUSIVO,INCONCLUSIVO,SEM_EVIDENCIA_DE_DEMANDA,,,,,,,8.279935224,estimated,FALSE,EVIDENCIA_IDENTIDADE_INCOMPLETA; INCONCLUSIVO,APRESENTACAO_NAO_EXPLICITA,,Completar fontes e vínculos,,2026-09-05T15:16:37.457Z
VTK020645,Capota Marítima Flash Cover Ff130 Mitsubishi L200 Triton 2009/2017 Force,Evolusom Comercial Ltda,539.9,3,FALSE,NAO_CONCLUSIVO,INCONCLUSIVOS,INCONCLUSIVO,IDENTIDADE_INCONCLUSIVA,INCONCLUSIVO,INCONCLUSIVO,SEM_EVIDENCIA_DE_DEMANDA,,,,,,,8.279935224,estimated,FALSE,EVIDENCIA_IDENTIDADE_INCOMPLETA; INCONCLUSIVO,APRESENTACAO_NAO_EXPLICITA,,Completar fontes e vínculos,,2026-09-05T15:16:37.457Z
VTK020652,Capota Marítima Flash Cover Ff153 Volkswagen Saveiro Ce Com Gancho 2010/2020 Force,Evolusom Comercial Ltda,509.9,3,FALSE,NAO_CONCLUSIVO,INCONCLUSIVOS,INCONCLUSIVO,IDENTIDADE_INCONCLUSIVA,INCONCLUSIVO,INCONCLUSIVO,SEM_EVIDENCIA_DE_DEMANDA,,,,,,,8.279935224,estimated,FALSE,EVIDENCIA_IDENTIDADE_INCOMPLETA; INCONCLUSIVO,APRESENTACAO_NAO_EXPLICITA,,Completar fontes e vínculos,,2026-09-05T15:16:37.457Z
VTK020660,Capota Marítima Flash Cover Ff042 Fiat Strada Cabine Estendida Sem Gancho Com Step 1998/2013 Force,Evolusom Comercial Ltda,509.9,3,FALSE,NAO_CONCLUSIVO,INCONCLUSIVOS,INCONCLUSIVO,IDENTIDADE_INCONCLUSIVA,INCONCLUSIVO,INCONCLUSIVO,SEM_EVIDENCIA_DE_DEMANDA,,,,,,,8.279935224,estimated,FALSE,EVIDENCIA_IDENTIDADE_INCOMPLETA; INCONCLUSIVO,APRESENTACAO_NAO_EXPLICITA,,Completar fontes e vínculos,,2026-09-05T15:16:37.457Z
VTK020702,Capota Marítima Flash Cover Ff129 Fiat Strada Cs Com Grade Com Gancho Sem Step 1998/2013 Force,Evolusom Comercial Ltda,509.9,3,FALSE,NAO_CONCLUSIVO,INCONCLUSIVOS,INCONCLUSIVO,IDENTIDADE_INCONCLUSIVA,INCONCLUSIVO,INCONCLUSIVO,SEM_EVIDENCIA_DE_DEMANDA,,,,,,,8.279935224,estimated,FALSE,EVIDENCIA_IDENTIDADE_INCOMPLETA; INCONCLUSIVO,APRESENTACAO_NAO_EXPLICITA,,Completar fontes e vínculos,,2026-09-05T15:16:37.457Z
VTK021326,Amplificador Profissional Frahm Gr 5000 Bt G5 600w,Evolusom Comercial Ltda,1699.9,3,FALSE,NAO_CONCLUSIVO,INCONCLUSIVOS,INCONCLUSIVO,IDENTIDADE_INCONCLUSIVA,INCONCLUSIVO,INCONCLUSIVO,SEM_EVIDENCIA_DE_DEMANDA,,,,,,,8.279935224,estimated,FALSE,EVIDENCIA_IDENTIDADE_INCOMPLETA; INCONCLUSIVO,APRESENTACAO_NAO_EXPLICITA,,Completar fontes e vínculos,,2026-09-05T15:16:37.457Z
VTK021327,Amplificador Profissional Frahm Gr 5500 App 2x300rms Bt/ Usb/ Sd/ Fm/ Aux Bivolt,Evolusom Comercial Ltda,1899.9,3,FALSE,NAO_CONCLUSIVO,INCONCLUSIVOS,INCONCLUSIVO,IDENTIDADE_INCONCLUSIVA,INCONCLUSIVO,INCONCLUSIVO,SEM_EVIDENCIA_DE_DEMANDA,2299.9,,,,,,8.279935224,estimated,FALSE,EVIDENCIA_IDENTIDADE_INCOMPLETA; INCONCLUSIVO,APRESENTACAO_NAO_EXPLICITA,,Completar fontes e vínculos,mercado/VTK021327.json,2026-09-05T15:16:37.457Z
VTK023153,"Caixa Vazia 02 Alto Falantes 12"" + 04 Cornetas + 02 Tweeters Turbo",Evolusom Comercial Ltda,195,3,FALSE,NAO_CONCLUSIVO,INCONCLUSIVOS,INCONCLUSIVO,IDENTIDADE_INCONCLUSIVA,INCONCLUSIVO,INCONCLUSIVO,SEM_EVIDENCIA_DE_DEMANDA,,,,,,,8.279935224,estimated,FALSE,EVIDENCIA_IDENTIDADE_INCOMPLETA; INCONCLUSIVO,APRESENTACAO_NAO_EXPLICITA,,Completar fontes e vínculos,,2026-09-05T15:16:37.457Z
VTK023526,Módulo De Vidro Elétrico Fks Mlv45 Th10 Toyota Hilux/sw4 2016/2026,Evolusom Comercial Ltda,309.9,3,FALSE,NAO_CONCLUSIVO,INCONCLUSIVOS,INCONCLUSIVO,IDENTIDADE_INCONCLUSIVA,INCONCLUSIVO,INCONCLUSIVO,SEM_EVIDENCIA_DE_DEMANDA,,,,,,,8.279935224,estimated,FALSE,EVIDENCIA_IDENTIDADE_INCOMPLETA; INCONCLUSIVO,APRESENTACAO_NAO_EXPLICITA,,Completar fontes e vínculos,,2026-09-05T15:16:37.457Z
VTK026051,Amplificador Frahm Sensus Lite 260bt 2x30w,Evolusom Comercial Ltda,379.9,3,FALSE,NAO_CONCLUSIVO,INCONCLUSIVOS,INCONCLUSIVO,IDENTIDADE_COHERENTE,INCONCLUSIVO,INCONCLUSIVO,SEM_EVIDENCIA_DE_DEMANDA,402.3,,,,,,8.279935224,estimated,FALSE,INCONCLUSIVO,APRESENTACAO_NAO_EXPLICITA,,Completar fontes e vínculos,mercado/VTK026051.json,2026-09-05T15:16:37.457Z
VTK026194,Adaptador P4 2.1 5.5mm Femea P/ 1.7 4mm Macho Storm 10 Un.,BKR 1 Comercio e Importação Ltda,16.17,3,FALSE,NAO_CONCLUSIVO,INCONCLUSIVOS,INCONCLUSIVO,IDENTIDADE_INCONCLUSIVA,INCONCLUSIVO,INCONCLUSIVO,SEM_EVIDENCIA_DE_DEMANDA,,,,,,,8.279935224,estimated,FALSE,EVIDENCIA_IDENTIDADE_INCOMPLETA; COMPOSICAO_KIT_NAO_COMPROVADA; INCONCLUSIVO,,,Completar fontes e vínculos,,2026-09-05T15:16:37.457Z
VTK012668,Palheta Guitarra Med 1ccf4 D Addario .70mm 10un,BKR 1 Comercio e Importação Ltda,34.53,2,FALSE,NAO_CONCLUSIVO,INCONCLUSIVOS,INCONCLUSIVO,IDENTIDADE_INCONCLUSIVA,INCONCLUSIVO,INCONCLUSIVO,SEM_EVIDENCIA_DE_DEMANDA,,,,,,,8.279935224,estimated,FALSE,EVIDENCIA_IDENTIDADE_INCOMPLETA; COMPOSICAO_KIT_NAO_COMPROVADA; INCONCLUSIVO,,,Completar fontes e vínculos,,2026-09-05T15:16:37.457Z
VTK012670,Palheta Guitarra Color 1cap7 D Addario 1.25mm 10un,BKR 1 Comercio e Importação Ltda,32.27,2,FALSE,NAO_CONCLUSIVO,INCONCLUSIVOS,INCONCLUSIVO,IDENTIDADE_INCONCLUSIVA,INCONCLUSIVO,INCONCLUSIVO,SEM_EVIDENCIA_DE_DEMANDA,,,,,,,8.279935224,estimated,FALSE,EVIDENCIA_IDENTIDADE_INCOMPLETA; COMPOSICAO_KIT_NAO_COMPROVADA; INCONCLUSIVO,,,Completar fontes e vínculos,,2026-09-05T15:16:37.457Z
VTK012764,Palheta Guitarra Dur Prec 6dpr6 D Addario 1.20mm 10un,BKR 1 Comercio e Importação Ltda,26.77,2,FALSE,NAO_CONCLUSIVO,INCONCLUSIVOS,INCONCLUSIVO,IDENTIDADE_INCONCLUSIVA,INCONCLUSIVO,INCONCLUSIVO,SEM_EVIDENCIA_DE_DEMANDA,,,,,,,8.279935224,estimated,FALSE,EVIDENCIA_IDENTIDADE_INCOMPLETA; COMPOSICAO_KIT_NAO_COMPROVADA; INCONCLUSIVO,,,Completar fontes e vínculos,,2026-09-05T15:16:37.457Z
VTK012765,Adaptador Rca Macho P/xlr 3p Macho Niq. Wc 243 Ad 02 Unidades Wireconex,BKR 1 Comercio e Importação Ltda,21,2,FALSE,NAO_CONCLUSIVO,INCONCLUSIVOS,INCONCLUSIVO,IDENTIDADE_INCONCLUSIVA,INCONCLUSIVO,INCONCLUSIVO,SEM_EVIDENCIA_DE_DEMANDA,,,,,,,8.279935224,estimated,FALSE,EVIDENCIA_IDENTIDADE_INCOMPLETA; COMPOSICAO_KIT_NAO_COMPROVADA; INCONCLUSIVO,,,Completar fontes e vínculos,,2026-09-05T15:16:37.457Z
VTK012772,Caixa De Som Passiva 8 Polegadas 100 W Rms - Attack Vrf810,BKR 1 Comercio e Importação Ltda,1006.98,2,FALSE,NAO_CONCLUSIVO,INCONCLUSIVOS,INCONCLUSIVO,IDENTIDADE_INCONCLUSIVA,INCONCLUSIVO,INCONCLUSIVO,SEM_EVIDENCIA_DE_DEMANDA,,,,,,,8.279935224,estimated,FALSE,EVIDENCIA_IDENTIDADE_INCOMPLETA; INCONCLUSIVO,APRESENTACAO_NAO_EXPLICITA,,Completar fontes e vínculos,,2026-09-05T15:16:37.457Z
VTK012861,Alto-falante 18 Pol 800w Rms 8 Ohms 18lf1610b8 Atk,BKR 1 Comercio e Importação Ltda,1219.9,2,FALSE,NAO_CONCLUSIVO,INCONCLUSIVOS,INCONCLUSIVO,IDENTIDADE_INCONCLUSIVA,INCONCLUSIVO,INCONCLUSIVO,SEM_EVIDENCIA_DE_DEMANDA,1660,,,,,,8.279935224,estimated,FALSE,EVIDENCIA_IDENTIDADE_INCOMPLETA; INCONCLUSIVO,APRESENTACAO_NAO_EXPLICITA,,Completar fontes e vínculos,mercado/VTK012861.json,2026-09-05T15:16:37.457Z
VTK012864,Alto-falante 18 Pol 1500w Rms 8 Ohms 18lf3000b8 Atk,BKR 1 Comercio e Importação Ltda,1396.9,2,FALSE,NAO_CONCLUSIVO,INCONCLUSIVOS,INCONCLUSIVO,IDENTIDADE_COHERENTE,INCONCLUSIVO,INCONCLUSIVO,SEM_EVIDENCIA_DE_DEMANDA,,,,,,,8.279935224,estimated,FALSE,INCONCLUSIVO,APRESENTACAO_NAO_EXPLICITA,,Completar fontes e vínculos,mercado/VTK012864.json,2026-09-05T15:16:37.457Z
VTK012865,Alto-falante Profissional 400w 18 Pol 8 Ohms 18wf810b8 Atk,BKR 1 Comercio e Importação Ltda,665,2,FALSE,NAO_CONCLUSIVO,INCONCLUSIVOS,INCONCLUSIVO,IDENTIDADE_INCONCLUSIVA,INCONCLUSIVO,INCONCLUSIVO,SEM_EVIDENCIA_DE_DEMANDA,,,,,,,8.279935224,estimated,FALSE,EVIDENCIA_IDENTIDADE_INCOMPLETA; INCONCLUSIVO,APRESENTACAO_NAO_EXPLICITA,,Completar fontes e vínculos,mercado/VTK012865.json,2026-09-05T15:16:37.457Z
VTK012866,Alto-falante 12 Pol 1300w Rms 4 Ohms Wf3004600b4/a Atk,BKR 1 Comercio e Importação Ltda,1194.9,2,FALSE,NAO_CONCLUSIVO,INCONCLUSIVOS,INCONCLUSIVO,IDENTIDADE_INCONCLUSIVA,INCONCLUSIVO,INCONCLUSIVO,SEM_EVIDENCIA_DE_DEMANDA,1429.5,,,,,,8.279935224,estimated,FALSE,EVIDENCIA_IDENTIDADE_INCOMPLETA; INCONCLUSIVO,APRESENTACAO_NAO_EXPLICITA,,Completar fontes e vínculos,mercado/VTK012866.json,2026-09-05T15:16:37.457Z
VTK026198,Adaptador P2 Stereo Para J2 Mono áudio Storm 10 Un,BKR 1 Comercio e Importação Ltda,8.7,2,FALSE,NAO_CONCLUSIVO,INCONCLUSIVOS,INCONCLUSIVO,IDENTIDADE_INCONCLUSIVA,INCONCLUSIVO,INCONCLUSIVO,SEM_EVIDENCIA_DE_DEMANDA,,,,,,,8.279935224,estimated,FALSE,EVIDENCIA_IDENTIDADE_INCOMPLETA; COMPOSICAO_KIT_NAO_COMPROVADA; INCONCLUSIVO,,,Completar fontes e vínculos,,2026-09-05T15:16:37.457Z
VTK001507,Violão Yamaha C70II Acústico Nylon Natural,Vanral Comercial Ltda,847.37,1,FALSE,NAO_CONCLUSIVO,INCONCLUSIVOS,INCONCLUSIVO,IDENTIDADE_COHERENTE,INCONCLUSIVO,INCONCLUSIVO,SEM_EVIDENCIA_DE_DEMANDA,1019,,,,,,8.279935224,estimated,FALSE,INCONCLUSIVO,APRESENTACAO_NAO_EXPLICITA,,Completar fontes e vínculos,mercado/VTK001507.json,2026-09-05T15:16:37.457Z
VTK001803,Contrabaixo Yamaha TRBX174 Passivo 4 Cordas Vermelho Metálico,Vanral Comercial Ltda,1512.74,1,FALSE,NAO_CONCLUSIVO,INCONCLUSIVOS,INCONCLUSIVO,IDENTIDADE_INCONCLUSIVA,INCONCLUSIVO,INCONCLUSIVO,SEM_EVIDENCIA_DE_DEMANDA,1600,,,,,,8.279935224,estimated,FALSE,EVIDENCIA_IDENTIDADE_INCOMPLETA; INCONCLUSIVO,APRESENTACAO_NAO_EXPLICITA,,Completar fontes e vínculos,mercado/VTK001803.json,2026-09-05T15:16:37.457Z
VTK001861,Contrabaixo Yamaha TRBX174 Passivo 4 Cordas Preto,Vanral Comercial Ltda,1512.74,1,FALSE,NAO_CONCLUSIVO,INCONCLUSIVOS,INCONCLUSIVO,IDENTIDADE_INCONCLUSIVA,INCONCLUSIVO,INCONCLUSIVO,SEM_EVIDENCIA_DE_DEMANDA,,,,,,,8.279935224,estimated,FALSE,EVIDENCIA_IDENTIDADE_INCOMPLETA; INCONCLUSIVO,APRESENTACAO_NAO_EXPLICITA,,Completar fontes e vínculos,,2026-09-05T15:16:37.457Z
VTK002136,Guitalele Baritono Yamaha GL1 Nylon Natural,Vanral Comercial Ltda,652.74,1,FALSE,NAO_CONCLUSIVO,INCONCLUSIVOS,INCONCLUSIVO,IDENTIDADE_COHERENTE,INCONCLUSIVO,INCONCLUSIVO,SEM_EVIDENCIA_DE_DEMANDA,889.76,,,,,,8.279935224,estimated,FALSE,INCONCLUSIVO,APRESENTACAO_NAO_EXPLICITA,,Completar fontes e vínculos,mercado/VTK002136.json,2026-09-05T15:16:37.457Z
VTK003220,Mini Teclado Yamaha PSS-E30 Remie Branco,Vanral Comercial Ltda,411.94,1,FALSE,NAO_CONCLUSIVO,INCONCLUSIVOS,INCONCLUSIVO,IDENTIDADE_INCONCLUSIVA,INCONCLUSIVO,INCONCLUSIVO,SEM_EVIDENCIA_DE_DEMANDA,528,,,,,,8.279935224,estimated,FALSE,EVIDENCIA_IDENTIDADE_INCOMPLETA; INCONCLUSIVO,APRESENTACAO_NAO_EXPLICITA,,Completar fontes e vínculos,mercado/VTK003220.json,2026-09-05T15:16:37.457Z
VTK009773,Guitarra Pacifica 012 Rm Vermelha Yamaha,Vanral Comercial Ltda,1280.54,1,FALSE,NAO_CONCLUSIVO,INCONCLUSIVOS,INCONCLUSIVO,IDENTIDADE_COHERENTE,INCONCLUSIVO,INCONCLUSIVO,SEM_EVIDENCIA_DE_DEMANDA,1712,,,,,,8.279935224,estimated,FALSE,INCONCLUSIVO,APRESENTACAO_NAO_EXPLICITA,,Completar fontes e vínculos,mercado/VTK009773.json,2026-09-05T15:16:37.457Z
VTK009776,Banco De Piano Com Regulagem Ba 3 Preto Alan,Vanral Comercial Ltda,556.62,1,FALSE,NAO_CONCLUSIVO,INCONCLUSIVOS,INCONCLUSIVO,IDENTIDADE_COHERENTE,INCONCLUSIVO,INCONCLUSIVO,SEM_EVIDENCIA_DE_DEMANDA,709,,,,,,8.279935224,estimated,FALSE,INCONCLUSIVO,APRESENTACAO_NAO_EXPLICITA,,Completar fontes e vínculos,mercado/VTK009776.json,2026-09-05T15:16:37.457Z
VTK009831,Violão Eletroacústico Apxt2 Bl Black Com Bag Yamaha,Vanral Comercial Ltda,1564.34,1,FALSE,NAO_CONCLUSIVO,INCONCLUSIVOS,INCONCLUSIVO,IDENTIDADE_COHERENTE,INCONCLUSIVO,INCONCLUSIVO,SEM_EVIDENCIA_DE_DEMANDA,1999.99,,,,,,8.279935224,estimated,FALSE,INCONCLUSIVO,APRESENTACAO_NAO_EXPLICITA,,Completar fontes e vínculos,mercado/VTK009831.json,2026-09-05T15:16:37.457Z
VTK000471,Mouse Sem Fio C3Tech M-W012BK Preto,Evolusom Comercial Ltda,21.9,50,FALSE,NAO_CONCLUSIVO,CONFLITOS,CONFLITO_CONFIRMADO,IDENTIDADE_DIVERGENTE,CONFLITO_CONFIRMADO,INCONCLUSIVO,RANKING_ML,29.9,,,,,,8.279935224,estimated,FALSE,DIVERGENCIA_BRAND; EVIDENCIA_IDENTIDADE_INCOMPLETA; INCONCLUSIVO,APRESENTACAO_NAO_EXPLICITA,,Resolver divergência material,mercado/VTK000471.json,2026-09-05T15:16:37.457Z
VTK017205,Mouse Sem Fio C3tech Wireless M-w20bk Usb Preto 2.4ghz,Evolusom Comercial Ltda,17.9,50,FALSE,NAO_CONCLUSIVO,CONFLITOS,CONFLITO_CONFIRMADO,IDENTIDADE_DIVERGENTE,CONFLITO_CONFIRMADO,INCONCLUSIVO,RANKING_ML,27.99,,,,,,8.279935224,estimated,FALSE,DIVERGENCIA_BRAND; EVIDENCIA_IDENTIDADE_INCOMPLETA; INCONCLUSIVO,APRESENTACAO_NAO_EXPLICITA,,Resolver divergência material,mercado/VTK017205.json,2026-09-05T15:16:37.457Z
VTK017245,Fonte Atx C3tech Ps-200v3 200w Sem Cabo,Evolusom Comercial Ltda,37.9,50,FALSE,NAO_CONCLUSIVO,CONFLITOS,CONFLITO_CONFIRMADO,IDENTIDADE_DIVERGENTE,CONFLITO_CONFIRMADO,INCONCLUSIVO,RANKING_ML,11.99,,,,,,8.279935224,estimated,FALSE,DIVERGENCIA_BRAND; EVIDENCIA_IDENTIDADE_INCOMPLETA; INCONCLUSIVO,APRESENTACAO_NAO_EXPLICITA,,Resolver divergência material,mercado/VTK017245.json,2026-09-05T15:16:37.457Z
VTK017499,Fonte Atx C3tech Ps-600bk 600w Sem Cabo,Evolusom Comercial Ltda,162.9,50,FALSE,NAO_CONCLUSIVO,CONFLITOS,CONFLITO_CONFIRMADO,IDENTIDADE_DIVERGENTE,CONFLITO_CONFIRMADO,INCONCLUSIVO,RANKING_ML,193,,,,,,8.279935224,estimated,FALSE,DIVERGENCIA_BRAND; EVIDENCIA_IDENTIDADE_INCOMPLETA; INCONCLUSIVO,APRESENTACAO_NAO_EXPLICITA,,Resolver divergência material,mercado/VTK017499.json,2026-09-05T15:16:37.457Z
VTK017530,Solda Cobix Sn60pb40 250 Gramas Azul,Evolusom Comercial Ltda,76.9,50,FALSE,NAO_CONCLUSIVO,CONFLITOS,CONFLITO_CONFIRMADO,IDENTIDADE_DIVERGENTE,CONFLITO_CONFIRMADO,INCONCLUSIVO,RANKING_ML,88.42,,,,,,8.279935224,estimated,FALSE,DIVERGENCIA_BRAND; DIVERGENCIA_VARIATION; EVIDENCIA_IDENTIDADE_INCOMPLETA; INCONCLUSIVO,APRESENTACAO_NAO_EXPLICITA,,Resolver divergência material,mercado/VTK017530.json,2026-09-05T15:16:37.457Z
VTK023645,Leitor De Código De Barras C3tech Lb-110bk 1d/2d Usb,Evolusom Comercial Ltda,93.9,50,FALSE,NAO_CONCLUSIVO,CONFLITOS,CONFLITO_CONFIRMADO,IDENTIDADE_DIVERGENTE,CONFLITO_CONFIRMADO,INCONCLUSIVO,RANKING_ML,89.9,,,,,,8.279935224,estimated,FALSE,DIVERGENCIA_BRAND; EVIDENCIA_IDENTIDADE_INCOMPLETA; INCONCLUSIVO,APRESENTACAO_NAO_EXPLICITA,,Resolver divergência material,mercado/VTK023645.json,2026-09-05T15:16:37.457Z
VTK017553,Suporte Para Trava Elétrica Luferma Ecosport 5 Portas,Evolusom Comercial Ltda,13.97,48,FALSE,NAO_CONCLUSIVO,CONFLITOS,CONFLITO_CONFIRMADO,IDENTIDADE_DIVERGENTE,CONFLITO_CONFIRMADO,INCONCLUSIVO,RANKING_ML,22.9,,,,,,8.279935224,estimated,FALSE,DIVERGENCIA_BRAND; EVIDENCIA_IDENTIDADE_INCOMPLETA; INCONCLUSIVO,APRESENTACAO_NAO_EXPLICITA,,Resolver divergência material,mercado/VTK017553.json,2026-09-05T15:16:37.457Z
VTK017574,Resistencia Para Ducha Corona Duchass 3 Temperaturas 5400w 127v,Evolusom Comercial Ltda,11.48,44,FALSE,NAO_CONCLUSIVO,CONFLITOS,CONFLITO_CONFIRMADO,IDENTIDADE_DIVERGENTE,CONFLITO_CONFIRMADO,INCONCLUSIVO,RANKING_ML,18.78,,,,,,8.279935224,estimated,FALSE,DIVERGENCIA_BRAND; EVIDENCIA_IDENTIDADE_INCOMPLETA; INCONCLUSIVO,APRESENTACAO_NAO_EXPLICITA,,Resolver divergência material,mercado/VTK017574.json,2026-09-05T15:16:37.457Z
VTK002118,Suporte Para Violão/Guitarra/Contrabaixo G3S1 ASK,Evolusom Comercial Ltda,42.9,19,FALSE,NAO_CONCLUSIVO,CONFLITOS,CONFLITO_CONFIRMADO,IDENTIDADE_DIVERGENTE,CONFLITO_CONFIRMADO,INCONCLUSIVO,RANKING_ML,51.8,,,,,,8.279935224,estimated,FALSE,DIVERGENCIA_BRAND; EVIDENCIA_IDENTIDADE_INCOMPLETA; INCONCLUSIVO,APRESENTACAO_NAO_EXPLICITA,,Resolver divergência material,mercado/VTK002118.json,2026-09-05T15:16:37.457Z
VTK023200,Leitor De Código De Barras C3 Tech Lb-w350bk 1d/2d Sem Fio + Bluetooth,Evolusom Comercial Ltda,359.9,16,FALSE,NAO_CONCLUSIVO,CONFLITOS,CONFLITO_CONFIRMADO,IDENTIDADE_DIVERGENTE,CONFLITO_CONFIRMADO,INCONCLUSIVO,RANKING_ML,468.58,,,,,,8.279935224,estimated,FALSE,DIVERGENCIA_BRAND; EVIDENCIA_IDENTIDADE_INCOMPLETA; INCONCLUSIVO,APRESENTACAO_NAO_EXPLICITA,,Resolver divergência material,mercado/VTK023200.json,2026-09-05T15:16:37.457Z
VTK017979,"Alto-falante 5"" Leson Diamond Ld5-tx Triaxial 140w Rms 4 Ohms Par",Evolusom Comercial Ltda,79.5,13,FALSE,NAO_CONCLUSIVO,CONFLITOS,CONFLITO_CONFIRMADO,IDENTIDADE_DIVERGENTE,CONFLITO_CONFIRMADO,INCONCLUSIVO,RANKING_ML,99.98,,,,,,8.279935224,estimated,FALSE,DIVERGENCIA_BRAND; EVIDENCIA_IDENTIDADE_INCOMPLETA; INCONCLUSIVO,,,Resolver divergência material,mercado/VTK017979.json,2026-09-05T15:16:37.457Z
VTK026144,Cola Branca Cascorez Universal 1kg Cascola,BKR 1 Comercio e Importação Ltda,26.45,12,FALSE,NAO_CONCLUSIVO,CONFLITOS,CONFLITO_CONFIRMADO,IDENTIDADE_DIVERGENTE,CONFLITO_CONFIRMADO,INCONCLUSIVO,RANKING_ML,33.99,,,,,,8.279935224,estimated,FALSE,DIVERGENCIA_BRAND; EVIDENCIA_IDENTIDADE_INCOMPLETA; INCONCLUSIVO,APRESENTACAO_NAO_EXPLICITA,,Resolver divergência material,mercado/VTK026144.json,2026-09-05T15:16:37.457Z
VTK026147,Cola Branca Líquida Cascorez Extra 500g Cascola,BKR 1 Comercio e Importação Ltda,17.15,12,FALSE,NAO_CONCLUSIVO,CONFLITOS,CONFLITO_CONFIRMADO,IDENTIDADE_DIVERGENTE,CONFLITO_CONFIRMADO,INCONCLUSIVO,RANKING_ML,23.9,,,,,,8.279935224,estimated,FALSE,DIVERGENCIA_BRAND; EVIDENCIA_IDENTIDADE_INCOMPLETA; INCONCLUSIVO,APRESENTACAO_NAO_EXPLICITA,,Resolver divergência material,mercado/VTK026147.json,2026-09-05T15:16:37.457Z
VTK026151,Cola Branca Extra Forte 1kg Cascorez Cascola,BKR 1 Comercio e Importação Ltda,31.72,11,FALSE,NAO_CONCLUSIVO,CONFLITOS,CONFLITO_CONFIRMADO,IDENTIDADE_DIVERGENTE,CONFLITO_CONFIRMADO,INCONCLUSIVO,RANKING_ML,39.9,,,,,,8.279935224,estimated,FALSE,DIVERGENCIA_BRAND; EVIDENCIA_IDENTIDADE_INCOMPLETA; INCONCLUSIVO,APRESENTACAO_NAO_EXPLICITA,,Resolver divergência material,mercado/VTK026151.json,2026-09-05T15:16:37.457Z
VTK018339,Espuma Para Chicote Com Cola 20 Metros (caixa Com 10 Peças),Evolusom Comercial Ltda,26.3,10,FALSE,NAO_CONCLUSIVO,CONFLITOS,CONFLITO_CONFIRMADO,IDENTIDADE_DIVERGENTE,CONFLITO_CONFIRMADO,INCONCLUSIVO,RANKING_ML,28.75,,,,,,8.279935224,estimated,FALSE,CONFLITO_EMBALAGEM_QUANTIDADE; EVIDENCIA_IDENTIDADE_INCOMPLETA; INCONCLUSIVO,,,Resolver divergência material,mercado/VTK018339.json,2026-09-05T15:16:37.457Z
VTK026157,Cola Branca Cascorez Universal 500g Cascola,BKR 1 Comercio e Importação Ltda,14.53,10,FALSE,NAO_CONCLUSIVO,CONFLITOS,CONFLITO_CONFIRMADO,IDENTIDADE_DIVERGENTE,CONFLITO_CONFIRMADO,INCONCLUSIVO,RANKING_ML,25.9,,,,,,8.279935224,estimated,FALSE,DIVERGENCIA_BRAND; EVIDENCIA_IDENTIDADE_INCOMPLETA; INCONCLUSIVO,APRESENTACAO_NAO_EXPLICITA,,Resolver divergência material,mercado/VTK026157.json,2026-09-05T15:16:37.457Z
VTK002657,Microfone de Mão Leson LS58 Dinâmico Champanhe,Evolusom Comercial Ltda,99.9,9,FALSE,NAO_CONCLUSIVO,CONFLITOS,CONFLITO_CONFIRMADO,IDENTIDADE_DIVERGENTE,CONFLITO_CONFIRMADO,INCONCLUSIVO,RANKING_ML,128.09,,,,,,8.279935224,estimated,FALSE,DIVERGENCIA_BRAND; EVIDENCIA_IDENTIDADE_INCOMPLETA; INCONCLUSIVO,APRESENTACAO_NAO_EXPLICITA,,Resolver divergência material,mercado/VTK002657.json,2026-09-05T15:16:37.457Z
VTK018615,Pasta Térmica Implastec Thermal Silver Pote 100g,Evolusom Comercial Ltda,64.5,4,FALSE,NAO_CONCLUSIVO,CONFLITOS,CONFLITO_CONFIRMADO,IDENTIDADE_DIVERGENTE,CONFLITO_CONFIRMADO,INCONCLUSIVO,RANKING_ML,89.9,,,,,,8.279935224,estimated,FALSE,DIVERGENCIA_VARIATION; INCONCLUSIVO,APRESENTACAO_NAO_EXPLICITA,,Resolver divergência material,mercado/VTK018615.json,2026-09-05T15:16:37.457Z
VTK017634,Microfone Sem Fio Leson Party Voice Recarregável 02 Bastões,Evolusom Comercial Ltda,109.9,3,FALSE,NAO_CONCLUSIVO,CONFLITOS,CONFLITO_CONFIRMADO,IDENTIDADE_DIVERGENTE,CONFLITO_CONFIRMADO,INCONCLUSIVO,RANKING_ML,105,,,,,,8.279935224,estimated,FALSE,DIVERGENCIA_BRAND; EVIDENCIA_IDENTIDADE_INCOMPLETA; INCONCLUSIVO,APRESENTACAO_NAO_EXPLICITA,,Resolver divergência material,mercado/VTK017634.json,2026-09-05T15:16:37.457Z
VTK018825,Microfone Leson Ls58 Chumbo Cabo De 3 Metros,Evolusom Comercial Ltda,99.9,3,FALSE,NAO_CONCLUSIVO,CONFLITOS,CONFLITO_CONFIRMADO,IDENTIDADE_DIVERGENTE,CONFLITO_CONFIRMADO,INCONCLUSIVO,RANKING_ML,129.16,,,,,,8.279935224,estimated,FALSE,DIVERGENCIA_BRAND; EVIDENCIA_IDENTIDADE_INCOMPLETA; INCONCLUSIVO,APRESENTACAO_NAO_EXPLICITA,,Resolver divergência material,mercado/VTK018825.json,2026-09-05T15:16:37.457Z
VTK012186,Bateria Cr1616 Cartela Com 05 Unidades Panasonic,BKR 1 Comercio e Importação Ltda,23.85,77,FALSE,NAO_CONCLUSIVO,CONFLITOS,CONFLITO_CONFIRMADO,IDENTIDADE_DIVERGENTE,CONFLITO_CONFIRMADO,INCONCLUSIVO,SINAL_INDIRETO,49.65,,,,,,8.279935224,estimated,FALSE,DIVERGENCIA_BRAND; EVIDENCIA_IDENTIDADE_INCOMPLETA; INCONCLUSIVO,,,Resolver divergência material,mercado/VTK012186.json,2026-09-05T15:16:37.457Z
VTK013045,"Palheta Tradicional Celuloide Perolada Extra Fina 0,50mm Pct C/12 Sg",BKR 1 Comercio e Importação Ltda,9,58,FALSE,NAO_CONCLUSIVO,CONFLITOS,CONFLITO_CONFIRMADO,IDENTIDADE_DIVERGENTE,CONFLITO_CONFIRMADO,INCONCLUSIVO,SINAL_INDIRETO,23.21,,,,,,8.279935224,estimated,FALSE,CONFLITO_EMBALAGEM_QUANTIDADE; EVIDENCIA_IDENTIDADE_INCOMPLETA; INCONCLUSIVO,,,Resolver divergência material,mercado/VTK013045.json,2026-09-05T15:16:37.457Z
VTK000219,Antena Digital Com Cabo 5m VHF/UHF/FM/HDTV DTV-150 Aquário,Evolusom Comercial Ltda,25.3,50,FALSE,NAO_CONCLUSIVO,CONFLITOS,CONFLITO_CONFIRMADO,IDENTIDADE_DIVERGENTE,CONFLITO_CONFIRMADO,INCONCLUSIVO,SINAL_INDIRETO,33.92,,,,,,8.279935224,estimated,FALSE,DIVERGENCIA_BRAND; EVIDENCIA_IDENTIDADE_INCOMPLETA; INCONCLUSIVO,APRESENTACAO_NAO_EXPLICITA,,Resolver divergência material,mercado/VTK000219.json,2026-09-05T15:16:37.457Z
VTK017698,Fonte Chaveada Mxt Para Cftv Com Led 12v 2a,Evolusom Comercial Ltda,21.3,50,FALSE,NAO_CONCLUSIVO,CONFLITOS,CONFLITO_CONFIRMADO,IDENTIDADE_DIVERGENTE,CONFLITO_CONFIRMADO,INCONCLUSIVO,SINAL_INDIRETO,39.27,,,,,,8.279935224,estimated,FALSE,DIVERGENCIA_BRAND; EVIDENCIA_IDENTIDADE_INCOMPLETA; INCONCLUSIVO,APRESENTACAO_NAO_EXPLICITA,,Resolver divergência material,mercado/VTK017698.json,2026-09-05T15:16:37.457Z
VTK012826,Panela De Pressão Eletrônica Ped01 127v Agratto,Evolusom Comercial Ltda,299.9,21,FALSE,NAO_CONCLUSIVO,CONFLITOS,CONFLITO_CONFIRMADO,IDENTIDADE_DIVERGENTE,CONFLITO_CONFIRMADO,INCONCLUSIVO,SINAL_INDIRETO,249,,,,,,8.279935224,estimated,FALSE,DIVERGENCIA_BRAND; EVIDENCIA_IDENTIDADE_INCOMPLETA; REATIVACAO_CANDIDATA; INCONCLUSIVO,APRESENTACAO_NAO_EXPLICITA,,Resolver divergência material,mercado/VTK012826.json,2026-09-05T15:16:37.457Z
VTK020500,Sugador Solda Hikari Anti-estatico Hk-190 Esd 21j638,Evolusom Comercial Ltda,16.9,19,FALSE,NAO_CONCLUSIVO,CONFLITOS,CONFLITO_CONFIRMADO,IDENTIDADE_DIVERGENTE,CONFLITO_CONFIRMADO,INCONCLUSIVO,SINAL_INDIRETO,30.64,,,,,,8.279935224,estimated,FALSE,DIVERGENCIA_BRAND; EVIDENCIA_IDENTIDADE_INCOMPLETA; INCONCLUSIVO,APRESENTACAO_NAO_EXPLICITA,,Resolver divergência material,mercado/VTK020500.json,2026-09-05T15:16:37.457Z
VTK018028,Fonte Chaveada Mxt Colmeia 24v 5a 120w,Evolusom Comercial Ltda,73.8,15,FALSE,NAO_CONCLUSIVO,CONFLITOS,CONFLITO_CONFIRMADO,IDENTIDADE_DIVERGENTE,CONFLITO_CONFIRMADO,INCONCLUSIVO,SINAL_INDIRETO,77,,,,,,8.279935224,estimated,FALSE,DIVERGENCIA_BRAND; EVIDENCIA_IDENTIDADE_INCOMPLETA; INCONCLUSIVO,APRESENTACAO_NAO_EXPLICITA,,Resolver divergência material,mercado/VTK018028.json,2026-09-05T15:16:37.457Z
VTK018556,Fonte Chaveada Mxt Colmeia 24v 15a 360w,Evolusom Comercial Ltda,109.9,11,FALSE,NAO_CONCLUSIVO,CONFLITOS,CONFLITO_CONFIRMADO,IDENTIDADE_DIVERGENTE,CONFLITO_CONFIRMADO,INCONCLUSIVO,SINAL_INDIRETO,149.99,,,,,,8.279935224,estimated,FALSE,DIVERGENCIA_BRAND; EVIDENCIA_IDENTIDADE_INCOMPLETA; INCONCLUSIVO,APRESENTACAO_NAO_EXPLICITA,,Resolver divergência material,mercado/VTK018556.json,2026-09-05T15:16:37.457Z
VTK013068,Correia Ny 01 Sint Cristo Salva Basso,BKR 1 Comercio e Importação Ltda,27.94,10,FALSE,NAO_CONCLUSIVO,CONFLITOS,CONFLITO_CONFIRMADO,IDENTIDADE_DIVERGENTE,CONFLITO_CONFIRMADO,INCONCLUSIVO,SINAL_INDIRETO,48.9,,,,,,8.279935224,estimated,FALSE,DIVERGENCIA_BRAND; EVIDENCIA_IDENTIDADE_INCOMPLETA; INCONCLUSIVO,APRESENTACAO_NAO_EXPLICITA,,Resolver divergência material,mercado/VTK013068.json,2026-09-05T15:16:37.457Z
VTK018436,Gaveta Universal Fiamon Para Molduras,Evolusom Comercial Ltda,14.9,8,FALSE,NAO_CONCLUSIVO,CONFLITOS,CONFLITO_CONFIRMADO,IDENTIDADE_DIVERGENTE,CONFLITO_CONFIRMADO,INCONCLUSIVO,SINAL_INDIRETO,22.9,,,,,,8.279935224,estimated,FALSE,DIVERGENCIA_BRAND; EVIDENCIA_IDENTIDADE_INCOMPLETA; INCONCLUSIVO,APRESENTACAO_NAO_EXPLICITA,,Resolver divergência material,mercado/VTK018436.json,2026-09-05T15:16:37.457Z
VTK018570,"Alto Falante Eros E-520 Hq 4r 10"" 520w Rms",Evolusom Comercial Ltda,579.9,7,FALSE,NAO_CONCLUSIVO,CONFLITOS,CONFLITO_CONFIRMADO,IDENTIDADE_DIVERGENTE,CONFLITO_CONFIRMADO,INCONCLUSIVO,SINAL_INDIRETO,738.37,,,,,,8.279935224,estimated,FALSE,DIVERGENCIA_BRAND; EVIDENCIA_IDENTIDADE_INCOMPLETA; INCONCLUSIVO,APRESENTACAO_NAO_EXPLICITA,,Resolver divergência material,mercado/VTK018570.json,2026-09-05T15:16:37.457Z
VTK018686,Microfone Sem Fio Leson Ls Vks2 Com Bluetooth,Evolusom Comercial Ltda,936.9,6,FALSE,NAO_CONCLUSIVO,CONFLITOS,CONFLITO_CONFIRMADO,IDENTIDADE_DIVERGENTE,CONFLITO_CONFIRMADO,INCONCLUSIVO,SINAL_INDIRETO,911.95,,,,,,8.279935224,estimated,FALSE,DIVERGENCIA_BRAND; EVIDENCIA_IDENTIDADE_INCOMPLETA; COMPOSICAO_KIT_NAO_COMPROVADA; INCONCLUSIVO,,,Resolver divergência material,mercado/VTK018686.json,2026-09-05T15:16:37.457Z
VTK018763,Moldura Fiamon 2 Din Novo Polo/ Virtus 18 Preto,Evolusom Comercial Ltda,74.9,5,FALSE,NAO_CONCLUSIVO,CONFLITOS,CONFLITO_CONFIRMADO,IDENTIDADE_DIVERGENTE,CONFLITO_CONFIRMADO,INCONCLUSIVO,SINAL_INDIRETO,74.1,,,,,,8.279935224,estimated,FALSE,DIVERGENCIA_BRAND; EVIDENCIA_IDENTIDADE_INCOMPLETA; INCONCLUSIVO,APRESENTACAO_NAO_EXPLICITA,,Resolver divergência material,mercado/VTK018763.json,2026-09-05T15:16:37.457Z
VTK026037,"Caixa Ativa 15"" Dsp Dmk15a Mark Audio",BKR 1 Comercio e Importação Ltda,1939,4,FALSE,NAO_CONCLUSIVO,CONFLITOS,CONFLITO_CONFIRMADO,IDENTIDADE_DIVERGENTE,CONFLITO_CONFIRMADO,INCONCLUSIVO,SINAL_INDIRETO,2486.46,,,,,,8.279935224,estimated,FALSE,DIVERGENCIA_BRAND; EVIDENCIA_IDENTIDADE_INCOMPLETA; INCONCLUSIVO,APRESENTACAO_NAO_EXPLICITA,,Resolver divergência material,mercado/VTK026037.json,2026-09-05T15:16:37.457Z
VTK001711,Encordoamento Violão Aço .010-.047 80/20 Bronze EJ10-B D Addario Com Corda Extra PL010,BKR 1 Comercio e Importação Ltda,49.72,100,FALSE,NAO_CONCLUSIVO,CONFLITOS,CONFLITO_CONFIRMADO,IDENTIDADE_DIVERGENTE,CONFLITO_CONFIRMADO,INCONCLUSIVO,SEM_EVIDENCIA_DE_DEMANDA,,,,,,,8.279935224,estimated,FALSE,DIVERGENCIA_BRAND; EVIDENCIA_IDENTIDADE_INCOMPLETA; INCONCLUSIVO,APRESENTACAO_NAO_EXPLICITA,,Resolver divergência material,mercado/VTK001711.json,2026-09-05T15:16:37.457Z
VTK012091,Pilha Aaa Alcalina Cartela Com 4 Unidades Flex,BKR 1 Comercio e Importação Ltda,6.5,100,FALSE,NAO_CONCLUSIVO,CONFLITOS,CONFLITO_CONFIRMADO,IDENTIDADE_DIVERGENTE,CONFLITO_CONFIRMADO,INCONCLUSIVO,SEM_EVIDENCIA_DE_DEMANDA,16.43,,,,,,8.279935224,estimated,FALSE,DIVERGENCIA_BRAND; EVIDENCIA_IDENTIDADE_INCOMPLETA; INCONCLUSIVO,,,Resolver divergência material,mercado/VTK012091.json,2026-09-05T15:16:37.457Z
VTK012143,Pilha Alcalina Aa6 Rayovac Cartela Com 06 Unidades,BKR 1 Comercio e Importação Ltda,15.5,100,FALSE,NAO_CONCLUSIVO,CONFLITOS,CONFLITO_CONFIRMADO,IDENTIDADE_DIVERGENTE,CONFLITO_CONFIRMADO,INCONCLUSIVO,SEM_EVIDENCIA_DE_DEMANDA,29.44,,,,,,8.279935224,estimated,FALSE,CONFLITO_EMBALAGEM_QUANTIDADE; EVIDENCIA_IDENTIDADE_INCOMPLETA; INCONCLUSIVO,,,Resolver divergência material,mercado/VTK012143.json,2026-09-05T15:16:37.457Z
VTK026111,Pilha Alcalina Aa 04 Unidades Taschibra,BKR 1 Comercio e Importação Ltda,6.8,100,FALSE,NAO_CONCLUSIVO,CONFLITOS,CONFLITO_CONFIRMADO,IDENTIDADE_DIVERGENTE,CONFLITO_CONFIRMADO,INCONCLUSIVO,SEM_EVIDENCIA_DE_DEMANDA,,,,,,,8.279935224,estimated,FALSE,CONFLITO_EMBALAGEM_QUANTIDADE; INCONCLUSIVO,,,Resolver divergência material,mercado/VTK026111.json,2026-09-05T15:16:37.457Z
VTK012164,Bateria Botão Lr1130 Cartela Com 14 Unidades Flex,BKR 1 Comercio e Importação Ltda,6,70,FALSE,NAO_CONCLUSIVO,CONFLITOS,CONFLITO_CONFIRMADO,IDENTIDADE_DIVERGENTE,CONFLITO_CONFIRMADO,INCONCLUSIVO,SEM_EVIDENCIA_DE_DEMANDA,21.9,,,,,,8.279935224,estimated,FALSE,DIVERGENCIA_BRAND; CONFLITO_EMBALAGEM_QUANTIDADE; EVIDENCIA_IDENTIDADE_INCOMPLETA; INCONCLUSIVO,,,Resolver divergência material,mercado/VTK012164.json,2026-09-05T15:16:37.457Z
VTK026116,Adesivo Instantâneo 3g Super Bonder Original Loctite,BKR 1 Comercio e Importação Ltda,4.73,60,FALSE,NAO_CONCLUSIVO,CONFLITOS,CONFLITO_CONFIRMADO,IDENTIDADE_DIVERGENTE,CONFLITO_CONFIRMADO,INCONCLUSIVO,SEM_EVIDENCIA_DE_DEMANDA,24.5,,,,,,8.279935224,estimated,FALSE,DIVERGENCIA_BRAND; EVIDENCIA_IDENTIDADE_INCOMPLETA; INCONCLUSIVO,APRESENTACAO_NAO_EXPLICITA,,Resolver divergência material,mercado/VTK026116.json,2026-09-05T15:16:37.457Z
VTK012185,Kit 02 Bornes Preto Para Alto Falante Wc 1159 Wireconex,BKR 1 Comercio e Importação Ltda,14,55,FALSE,NAO_CONCLUSIVO,CONFLITOS,CONFLITO_CONFIRMADO,IDENTIDADE_DIVERGENTE,CONFLITO_CONFIRMADO,INCONCLUSIVO,SEM_EVIDENCIA_DE_DEMANDA,29.82,,,,,,8.279935224,estimated,FALSE,DIVERGENCIA_VARIATION; EVIDENCIA_IDENTIDADE_INCOMPLETA; INCONCLUSIVO,,,Resolver divergência material,mercado/VTK012185.json,2026-09-05T15:16:37.457Z
VTK000063,Limpa Telas Com Flanela Clean Incolor Implastec,Evolusom Comercial Ltda,10.99,50,FALSE,NAO_CONCLUSIVO,CONFLITOS,CONFLITO_CONFIRMADO,IDENTIDADE_DIVERGENTE,CONFLITO_CONFIRMADO,INCONCLUSIVO,SEM_EVIDENCIA_DE_DEMANDA,299,,,,,,8.279935224,estimated,FALSE,DIVERGENCIA_BRAND; EVIDENCIA_IDENTIDADE_INCOMPLETA; INCONCLUSIVO,APRESENTACAO_NAO_EXPLICITA,,Resolver divergência material,mercado/VTK000063.json,2026-09-05T15:16:37.457Z
VTK004912,Patch Cord CAT6 5m Azul PlusCable,Evolusom Comercial Ltda,11.95,50,FALSE,NAO_CONCLUSIVO,CONFLITOS,CONFLITO_CONFIRMADO,IDENTIDADE_DIVERGENTE,CONFLITO_CONFIRMADO,INCONCLUSIVO,SEM_EVIDENCIA_DE_DEMANDA,14.67,,,,,,8.279935224,estimated,FALSE,DIVERGENCIA_BRAND; EVIDENCIA_IDENTIDADE_INCOMPLETA; INCONCLUSIVO,APRESENTACAO_NAO_EXPLICITA,,Resolver divergência material,mercado/VTK004912.json,2026-09-05T15:16:37.457Z
VTK005015,Cabo Blindado 2RCA X 2RCA 1m Azul Storm,Evolusom Comercial Ltda,15.9,50,FALSE,NAO_CONCLUSIVO,CONFLITOS,CONFLITO_CONFIRMADO,IDENTIDADE_DIVERGENTE,CONFLITO_CONFIRMADO,INCONCLUSIVO,SEM_EVIDENCIA_DE_DEMANDA,,,,,,,8.279935224,estimated,FALSE,DIVERGENCIA_BRAND; EVIDENCIA_IDENTIDADE_INCOMPLETA; INCONCLUSIVO,APRESENTACAO_NAO_EXPLICITA,,Resolver divergência material,mercado/VTK005015.json,2026-09-05T15:16:37.457Z
VTK006050,Patch Cord Cat6 10m Preto PlusCable,Evolusom Comercial Ltda,19.9,50,FALSE,NAO_CONCLUSIVO,CONFLITOS,CONFLITO_CONFIRMADO,IDENTIDADE_DIVERGENTE,CONFLITO_CONFIRMADO,INCONCLUSIVO,SEM_EVIDENCIA_DE_DEMANDA,29.99,,,,,,8.279935224,estimated,FALSE,DIVERGENCIA_BRAND; EVIDENCIA_IDENTIDADE_INCOMPLETA; INCONCLUSIVO,APRESENTACAO_NAO_EXPLICITA,,Resolver divergência material,mercado/VTK006050.json,2026-09-05T15:16:37.457Z
VTK006171,Patch Cord Cat6 5m Vermelho PlusCable,Evolusom Comercial Ltda,11.95,50,FALSE,NAO_CONCLUSIVO,CONFLITOS,CONFLITO_CONFIRMADO,IDENTIDADE_DIVERGENTE,CONFLITO_CONFIRMADO,INCONCLUSIVO,SEM_EVIDENCIA_DE_DEMANDA,15.17,,,,,,8.279935224,estimated,FALSE,DIVERGENCIA_BRAND; EVIDENCIA_IDENTIDADE_INCOMPLETA; INCONCLUSIVO,APRESENTACAO_NAO_EXPLICITA,,Resolver divergência material,mercado/VTK006171.json,2026-09-05T15:16:37.457Z
VTK006353,Microventilador Storm MVAC0001A 120X120X38mm 110/220Vac Preto,BKR 1 Comercio e Importação Ltda,41.85,50,FALSE,NAO_CONCLUSIVO,CONFLITOS,CONFLITO_CONFIRMADO,IDENTIDADE_DIVERGENTE,CONFLITO_CONFIRMADO,INCONCLUSIVO,SEM_EVIDENCIA_DE_DEMANDA,,,,,,,8.279935224,estimated,FALSE,DIVERGENCIA_BRAND; EVIDENCIA_IDENTIDADE_INCOMPLETA; INCONCLUSIVO,APRESENTACAO_NAO_EXPLICITA,,Resolver divergência material,mercado/VTK006353.json,2026-09-05T15:16:37.457Z
VTK013048,Super Tweeter 120w 8r Lsl20t Leson,Evolusom Comercial Ltda,36.3,50,FALSE,NAO_CONCLUSIVO,CONFLITOS,CONFLITO_CONFIRMADO,IDENTIDADE_DIVERGENTE,CONFLITO_CONFIRMADO,INCONCLUSIVO,SEM_EVIDENCIA_DE_DEMANDA,40.57,,,,,,8.279935224,estimated,FALSE,DIVERGENCIA_BRAND; EVIDENCIA_IDENTIDADE_INCOMPLETA; INCONCLUSIVO,APRESENTACAO_NAO_EXPLICITA,,Resolver divergência material,mercado/VTK013048.json,2026-09-05T15:16:37.457Z
VTK013088,Divisor De Antena 1x3 5-900mhz Storm 10 Unidades,BKR 1 Comercio e Importação Ltda,28.18,50,FALSE,NAO_CONCLUSIVO,CONFLITOS,CONFLITO_CONFIRMADO,IDENTIDADE_DIVERGENTE,CONFLITO_CONFIRMADO,INCONCLUSIVO,SEM_EVIDENCIA_DE_DEMANDA,,,,,,,8.279935224,estimated,FALSE,CONFLITO_EMBALAGEM_QUANTIDADE; EVIDENCIA_IDENTIDADE_INCOMPLETA; INCONCLUSIVO,,,Resolver divergência material,mercado/VTK013088.json,2026-09-05T15:16:37.457Z
VTK017175,Plug Xlr Santo Angelo Canon Painel Fêmea Níquel,Evolusom Comercial Ltda,16.9,50,FALSE,NAO_CONCLUSIVO,CONFLITOS,CONFLITO_CONFIRMADO,IDENTIDADE_DIVERGENTE,CONFLITO_CONFIRMADO,INCONCLUSIVO,SEM_EVIDENCIA_DE_DEMANDA,16.25,,,,,,8.279935224,estimated,FALSE,DIVERGENCIA_BRAND; EVIDENCIA_IDENTIDADE_INCOMPLETA; INCONCLUSIVO,APRESENTACAO_NAO_EXPLICITA,,Resolver divergência material,mercado/VTK017175.json,2026-09-05T15:16:37.457Z
VTK017195,Resistencia Para Ducha Corona Gorducha/ Banhao 5400w 220v,Evolusom Comercial Ltda,11.65,50,FALSE,NAO_CONCLUSIVO,CONFLITOS,CONFLITO_CONFIRMADO,IDENTIDADE_DIVERGENTE,CONFLITO_CONFIRMADO,INCONCLUSIVO,SEM_EVIDENCIA_DE_DEMANDA,15.95,,,,,,8.279935224,estimated,FALSE,DIVERGENCIA_BRAND; EVIDENCIA_IDENTIDADE_INCOMPLETA; INCONCLUSIVO,APRESENTACAO_NAO_EXPLICITA,,Resolver divergência material,mercado/VTK017195.json,2026-09-05T15:16:37.457Z
VTK017200,Camera Dome Fbr Pp Ir15 720 Pixels 2.8mm Cvi Tvi Ahd Cvbs Ip65,Evolusom Comercial Ltda,94.95,50,FALSE,NAO_CONCLUSIVO,CONFLITOS,CONFLITO_CONFIRMADO,IDENTIDADE_DIVERGENTE,CONFLITO_CONFIRMADO,INCONCLUSIVO,SEM_EVIDENCIA_DE_DEMANDA,,,,,,,8.279935224,estimated,FALSE,DIVERGENCIA_BRAND; DIVERGENCIA_MODEL; EVIDENCIA_IDENTIDADE_INCOMPLETA; INCONCLUSIVO,APRESENTACAO_NAO_EXPLICITA,,Resolver divergência material,mercado/VTK017200.json,2026-09-05T15:16:37.457Z
VTK017215,"Arandela Fiamon Sem Falante Redonda Branca 6""",Evolusom Comercial Ltda,27.9,50,FALSE,NAO_CONCLUSIVO,CONFLITOS,CONFLITO_CONFIRMADO,IDENTIDADE_DIVERGENTE,CONFLITO_CONFIRMADO,INCONCLUSIVO,SEM_EVIDENCIA_DE_DEMANDA,,,,,,,8.279935224,estimated,FALSE,DIVERGENCIA_BRAND; EVIDENCIA_IDENTIDADE_INCOMPLETA; INCONCLUSIVO,APRESENTACAO_NAO_EXPLICITA,,Resolver divergência material,mercado/VTK017215.json,2026-09-05T15:16:37.457Z
VTK017276,Caneta Para Limpeza De Conectores Opticos Evus Ev-125 Lc 1.25mm,Evolusom Comercial Ltda,74.9,50,FALSE,NAO_CONCLUSIVO,CONFLITOS,CONFLITO_CONFIRMADO,IDENTIDADE_DIVERGENTE,CONFLITO_CONFIRMADO,INCONCLUSIVO,SEM_EVIDENCIA_DE_DEMANDA,,,,,,,8.279935224,estimated,FALSE,DIVERGENCIA_BRAND; EVIDENCIA_IDENTIDADE_INCOMPLETA; INCONCLUSIVO,APRESENTACAO_NAO_EXPLICITA,,Resolver divergência material,mercado/VTK017276.json,2026-09-05T15:16:37.457Z
VTK017299,Centralina Soft Aw52 Ae Tds Botões 2 Portas,Evolusom Comercial Ltda,67.9,50,FALSE,NAO_CONCLUSIVO,CONFLITOS,CONFLITO_CONFIRMADO,IDENTIDADE_DIVERGENTE,CONFLITO_CONFIRMADO,INCONCLUSIVO,SEM_EVIDENCIA_DE_DEMANDA,90.46,,,,,,8.279935224,estimated,FALSE,DIVERGENCIA_BRAND; EVIDENCIA_IDENTIDADE_INCOMPLETA; INCONCLUSIVO,APRESENTACAO_NAO_EXPLICITA,,Resolver divergência material,mercado/VTK017299.json,2026-09-05T15:16:37.457Z
VTK017324,Cabo Proeletronic Para Aplicação Cftv 4 Pares - Azul 305m,Evolusom Comercial Ltda,179.9,50,FALSE,NAO_CONCLUSIVO,CONFLITOS,CONFLITO_CONFIRMADO,IDENTIDADE_DIVERGENTE,CONFLITO_CONFIRMADO,INCONCLUSIVO,SEM_EVIDENCIA_DE_DEMANDA,268,,,,,,8.279935224,estimated,FALSE,CONFLITO_EMBALAGEM_QUANTIDADE; EVIDENCIA_IDENTIDADE_INCOMPLETA; INCONCLUSIVO,,,Resolver divergência material,mercado/VTK017324.json,2026-09-05T15:16:37.457Z
VTK017355,Fonte Colmeia Evus Psu-5b 12v 5a 60w Bivolt Pq,Evolusom Comercial Ltda,32.9,50,FALSE,NAO_CONCLUSIVO,CONFLITOS,CONFLITO_CONFIRMADO,IDENTIDADE_DIVERGENTE,CONFLITO_CONFIRMADO,INCONCLUSIVO,SEM_EVIDENCIA_DE_DEMANDA,49.17,,,,,,8.279935224,estimated,FALSE,DIVERGENCIA_BRAND; EVIDENCIA_IDENTIDADE_INCOMPLETA; INCONCLUSIVO,APRESENTACAO_NAO_EXPLICITA,,Resolver divergência material,mercado/VTK017355.json,2026-09-05T15:16:37.457Z
VTK017383,Fone C3 Tech Com Microfone Usb Ph-340bk - Preto,Evolusom Comercial Ltda,52.9,50,FALSE,NAO_CONCLUSIVO,CONFLITOS,CONFLITO_CONFIRMADO,IDENTIDADE_DIVERGENTE,CONFLITO_CONFIRMADO,INCONCLUSIVO,SEM_EVIDENCIA_DE_DEMANDA,73,,,,,,8.279935224,estimated,FALSE,DIVERGENCIA_BRAND; EVIDENCIA_IDENTIDADE_INCOMPLETA; INCONCLUSIVO,APRESENTACAO_NAO_EXPLICITA,,Resolver divergência material,mercado/VTK017383.json,2026-09-05T15:16:37.457Z
VTK017399,Conector Rj-45 Macho Evus C-103 Cat6 Blindado 100un.,Evolusom Comercial Ltda,36.9,50,FALSE,NAO_CONCLUSIVO,CONFLITOS,CONFLITO_CONFIRMADO,IDENTIDADE_DIVERGENTE,CONFLITO_CONFIRMADO,INCONCLUSIVO,SEM_EVIDENCIA_DE_DEMANDA,,,,,,,8.279935224,estimated,FALSE,DIVERGENCIA_BRAND; EVIDENCIA_IDENTIDADE_INCOMPLETA; INCONCLUSIVO,,,Resolver divergência material,mercado/VTK017399.json,2026-09-05T15:16:37.457Z
VTK017406,Tubo 60 Pilhas Proeletronic Pqpc-aaa4 Zinco - 15 Packs Com 4 Unidades,Evolusom Comercial Ltda,25.9,50,FALSE,NAO_CONCLUSIVO,CONFLITOS,CONFLITO_CONFIRMADO,IDENTIDADE_DIVERGENTE,CONFLITO_CONFIRMADO,INCONCLUSIVO,SEM_EVIDENCIA_DE_DEMANDA,23,,,,,,8.279935224,estimated,FALSE,CONFLITO_EMBALAGEM_QUANTIDADE; INCONCLUSIVO,,,Resolver divergência material,mercado/VTK017406.json,2026-09-05T15:16:37.457Z
VTK017413,Mouse Pad Com Apoio Ergonômico C3tech Mp-50,Evolusom Comercial Ltda,18.9,50,FALSE,NAO_CONCLUSIVO,CONFLITOS,CONFLITO_CONFIRMADO,IDENTIDADE_DIVERGENTE,CONFLITO_CONFIRMADO,INCONCLUSIVO,SEM_EVIDENCIA_DE_DEMANDA,24.51,,,,,,8.279935224,estimated,FALSE,DIVERGENCIA_BRAND; EVIDENCIA_IDENTIDADE_INCOMPLETA; INCONCLUSIVO,APRESENTACAO_NAO_EXPLICITA,,Resolver divergência material,mercado/VTK017413.json,2026-09-05T15:16:37.457Z
VTK017443,"Monitor Evolve Ev215 Led 21,5"" Full Hd",Evolusom Comercial Ltda,289.9,50,FALSE,NAO_CONCLUSIVO,CONFLITOS,CONFLITO_CONFIRMADO,IDENTIDADE_DIVERGENTE,CONFLITO_CONFIRMADO,INCONCLUSIVO,SEM_EVIDENCIA_DE_DEMANDA,399,,,,,,8.279935224,estimated,FALSE,DIVERGENCIA_BRAND; EVIDENCIA_IDENTIDADE_INCOMPLETA; INCONCLUSIVO,APRESENTACAO_NAO_EXPLICITA,,Resolver divergência material,mercado/VTK017443.json,2026-09-05T15:16:37.457Z
VTK017467,Headset Com Microfone Usb C3tech Ph-300bk,Evolusom Comercial Ltda,42.9,50,FALSE,NAO_CONCLUSIVO,CONFLITOS,CONFLITO_CONFIRMADO,IDENTIDADE_DIVERGENTE,CONFLITO_CONFIRMADO,INCONCLUSIVO,SEM_EVIDENCIA_DE_DEMANDA,64.8,,,,,,8.279935224,estimated,FALSE,DIVERGENCIA_BRAND; EVIDENCIA_IDENTIDADE_INCOMPLETA; INCONCLUSIVO,APRESENTACAO_NAO_EXPLICITA,,Resolver divergência material,mercado/VTK017467.json,2026-09-05T15:16:37.457Z
VTK017469,Mouse Pad C3tech Mp-500rd Com Apoio Ergonômico,Evolusom Comercial Ltda,30.2,50,FALSE,NAO_CONCLUSIVO,CONFLITOS,CONFLITO_CONFIRMADO,IDENTIDADE_DIVERGENTE,CONFLITO_CONFIRMADO,INCONCLUSIVO,SEM_EVIDENCIA_DE_DEMANDA,48.95,,,,,,8.279935224,estimated,FALSE,DIVERGENCIA_BRAND; EVIDENCIA_IDENTIDADE_INCOMPLETA; INCONCLUSIVO,APRESENTACAO_NAO_EXPLICITA,,Resolver divergência material,mercado/VTK017469.json,2026-09-05T15:16:37.457Z
VTK017472,"Central Multimídia Adak Play-7mp5 7"" Carplay Android Auto Sem Fio",Evolusom Comercial Ltda,314.9,50,FALSE,NAO_CONCLUSIVO,CONFLITOS,CONFLITO_CONFIRMADO,IDENTIDADE_DIVERGENTE,CONFLITO_CONFIRMADO,INCONCLUSIVO,SEM_EVIDENCIA_DE_DEMANDA,498.48,,,,,,8.279935224,estimated,FALSE,DIVERGENCIA_BRAND; EVIDENCIA_IDENTIDADE_INCOMPLETA; INCONCLUSIVO,APRESENTACAO_NAO_EXPLICITA,"Catálogo especifica PLAY-7MP5/G2, mas fornecedor não comprova a geração G2. Confirmar variante antes de associar.",Resolver divergência material,mercado/VTK017472.json,2026-09-05T15:16:37.457Z
VTK017473,Cabo Rca Injetado Technoise Series 200 Pro 4mm - 5m,Evolusom Comercial Ltda,11.45,50,FALSE,NAO_CONCLUSIVO,CONFLITOS,CONFLITO_CONFIRMADO,IDENTIDADE_DIVERGENTE,CONFLITO_CONFIRMADO,INCONCLUSIVO,SEM_EVIDENCIA_DE_DEMANDA,,,,,,,8.279935224,estimated,FALSE,DIVERGENCIA_BRAND; EVIDENCIA_IDENTIDADE_INCOMPLETA; INCONCLUSIVO,APRESENTACAO_NAO_EXPLICITA,,Resolver divergência material,mercado/VTK017473.json,2026-09-05T15:16:37.457Z
VTK017478,Cabo Lan Mpt Cat.5e U/utp 24awgx4p 305 Metros Cmx Vermelho 53010541,Evolusom Comercial Ltda,669.9,50,FALSE,NAO_CONCLUSIVO,CONFLITOS,CONFLITO_CONFIRMADO,IDENTIDADE_DIVERGENTE,CONFLITO_CONFIRMADO,INCONCLUSIVO,SEM_EVIDENCIA_DE_DEMANDA,923.9,,,,,,8.279935224,estimated,FALSE,DIVERGENCIA_BRAND; DIVERGENCIA_VARIATION; EVIDENCIA_IDENTIDADE_INCOMPLETA; INCONCLUSIVO,APRESENTACAO_NAO_EXPLICITA,,Resolver divergência material,mercado/VTK017478.json,2026-09-05T15:16:37.457Z
VTK017501,Gabinete Micro Atx C3tech Mt-36bk Com Fonte 200w,Evolusom Comercial Ltda,84.9,50,FALSE,NAO_CONCLUSIVO,CONFLITOS,CONFLITO_CONFIRMADO,IDENTIDADE_DIVERGENTE,CONFLITO_CONFIRMADO,INCONCLUSIVO,SEM_EVIDENCIA_DE_DEMANDA,139,,,,,,8.279935224,estimated,FALSE,DIVERGENCIA_BRAND; EVIDENCIA_IDENTIDADE_INCOMPLETA; INCONCLUSIVO,APRESENTACAO_NAO_EXPLICITA,,Resolver divergência material,mercado/VTK017501.json,2026-09-05T15:16:37.457Z
VTK017503,Leitor De Código De Barras C3tech Lb-40bk 1d Usb,Evolusom Comercial Ltda,79.9,50,FALSE,NAO_CONCLUSIVO,CONFLITOS,CONFLITO_CONFIRMADO,IDENTIDADE_DIVERGENTE,CONFLITO_CONFIRMADO,INCONCLUSIVO,SEM_EVIDENCIA_DE_DEMANDA,111,,,,,,8.279935224,estimated,FALSE,DIVERGENCIA_BRAND; EVIDENCIA_IDENTIDADE_INCOMPLETA; INCONCLUSIVO,APRESENTACAO_NAO_EXPLICITA,,Resolver divergência material,mercado/VTK017503.json,2026-09-05T15:16:37.457Z
VTK017509,"Cabo Extensor Usb 3.0 Pluscable Usbaf3015 Am/af - 1,5m",Evolusom Comercial Ltda,14.75,50,FALSE,NAO_CONCLUSIVO,CONFLITOS,CONFLITO_CONFIRMADO,IDENTIDADE_DIVERGENTE,CONFLITO_CONFIRMADO,INCONCLUSIVO,SEM_EVIDENCIA_DE_DEMANDA,28.36,,,,,,8.279935224,estimated,FALSE,DIVERGENCIA_BRAND; EVIDENCIA_IDENTIDADE_INCOMPLETA; INCONCLUSIVO,APRESENTACAO_NAO_EXPLICITA,,Resolver divergência material,mercado/VTK017509.json,2026-09-05T15:16:37.457Z
VTK017510,"Cabo Extensor Usb 3.0 Pluscable Usbaf3030 Am/af - 3,0m",Evolusom Comercial Ltda,22.9,50,FALSE,NAO_CONCLUSIVO,CONFLITOS,CONFLITO_CONFIRMADO,IDENTIDADE_DIVERGENTE,CONFLITO_CONFIRMADO,INCONCLUSIVO,SEM_EVIDENCIA_DE_DEMANDA,37.78,,,,,,8.279935224,estimated,FALSE,DIVERGENCIA_BRAND; EVIDENCIA_IDENTIDADE_INCOMPLETA; INCONCLUSIVO,APRESENTACAO_NAO_EXPLICITA,,Resolver divergência material,mercado/VTK017510.json,2026-09-05T15:16:37.457Z
VTK017511,Cabo Hdmi Pluscable Hdmi20 V2.0 Basic - 2m,Evolusom Comercial Ltda,10.8,50,FALSE,NAO_CONCLUSIVO,CONFLITOS,CONFLITO_CONFIRMADO,IDENTIDADE_DIVERGENTE,CONFLITO_CONFIRMADO,INCONCLUSIVO,SEM_EVIDENCIA_DE_DEMANDA,16.71,,,,,,8.279935224,estimated,FALSE,DIVERGENCIA_BRAND; EVIDENCIA_IDENTIDADE_INCOMPLETA; INCONCLUSIVO,APRESENTACAO_NAO_EXPLICITA,,Resolver divergência material,mercado/VTK017511.json,2026-09-05T15:16:37.457Z
VTK017512,Cabo Hdmi Pluscable Pc-hdmi20 V2.0 Basic - 2m,Evolusom Comercial Ltda,13.95,50,FALSE,NAO_CONCLUSIVO,CONFLITOS,CONFLITO_CONFIRMADO,IDENTIDADE_DIVERGENTE,CONFLITO_CONFIRMADO,INCONCLUSIVO,SEM_EVIDENCIA_DE_DEMANDA,19.29,,,,,,8.279935224,estimated,FALSE,DIVERGENCIA_BRAND; EVIDENCIA_IDENTIDADE_INCOMPLETA; INCONCLUSIVO,APRESENTACAO_NAO_EXPLICITA,,Resolver divergência material,mercado/VTK017512.json,2026-09-05T15:16:37.457Z
VTK017529,Solda Tubinho Cobix Azul 22 Gramas,Evolusom Comercial Ltda,11.7,50,FALSE,NAO_CONCLUSIVO,CONFLITOS,CONFLITO_CONFIRMADO,IDENTIDADE_DIVERGENTE,CONFLITO_CONFIRMADO,INCONCLUSIVO,SEM_EVIDENCIA_DE_DEMANDA,31.8,,,,,,8.279935224,estimated,FALSE,DIVERGENCIA_BRAND; DIVERGENCIA_VARIATION; EVIDENCIA_IDENTIDADE_INCOMPLETA; COMPOSICAO_KIT_NAO_COMPROVADA; INCONCLUSIVO,,,Resolver divergência material,mercado/VTK017529.json,2026-09-05T15:16:37.457Z
VTK017653,Mouse Pad C3tech Mp-100 Com Apoio Ergonômico,Evolusom Comercial Ltda,19.9,50,FALSE,NAO_CONCLUSIVO,CONFLITOS,CONFLITO_CONFIRMADO,IDENTIDADE_DIVERGENTE,CONFLITO_CONFIRMADO,INCONCLUSIVO,SEM_EVIDENCIA_DE_DEMANDA,33.89,,,,,,8.279935224,estimated,FALSE,DIVERGENCIA_BRAND; EVIDENCIA_IDENTIDADE_INCOMPLETA; INCONCLUSIVO,APRESENTACAO_NAO_EXPLICITA,,Resolver divergência material,mercado/VTK017653.json,2026-09-05T15:16:37.457Z
VTK019222,Hub Usb 2.0 C3 Tech Hu-230bk 4 Portas,Evolusom Comercial Ltda,12.9,50,FALSE,NAO_CONCLUSIVO,CONFLITOS,CONFLITO_CONFIRMADO,IDENTIDADE_DIVERGENTE,CONFLITO_CONFIRMADO,INCONCLUSIVO,SEM_EVIDENCIA_DE_DEMANDA,24.9,,,,,,8.279935224,estimated,FALSE,DIVERGENCIA_BRAND; EVIDENCIA_IDENTIDADE_INCOMPLETA; INCONCLUSIVO,APRESENTACAO_NAO_EXPLICITA,,Resolver divergência material,mercado/VTK019222.json,2026-09-05T15:16:37.457Z
VTK022001,Teclado Game Usb C3tech Kg-10v2bk,Evolusom Comercial Ltda,23.99,50,FALSE,NAO_CONCLUSIVO,CONFLITOS,CONFLITO_CONFIRMADO,IDENTIDADE_DIVERGENTE,CONFLITO_CONFIRMADO,INCONCLUSIVO,SEM_EVIDENCIA_DE_DEMANDA,46.99,,,,,,8.279935224,estimated,FALSE,DIVERGENCIA_BRAND; EVIDENCIA_IDENTIDADE_INCOMPLETA; INCONCLUSIVO,APRESENTACAO_NAO_EXPLICITA,,Resolver divergência material,mercado/VTK022001.json,2026-09-05T15:16:37.457Z
VTK022558,Fone De Ouvido C3 Tech Intra Ep-07bk,Evolusom Comercial Ltda,12.99,50,FALSE,NAO_CONCLUSIVO,CONFLITOS,CONFLITO_CONFIRMADO,IDENTIDADE_DIVERGENTE,CONFLITO_CONFIRMADO,INCONCLUSIVO,SEM_EVIDENCIA_DE_DEMANDA,19.9,,,,,,8.279935224,estimated,FALSE,DIVERGENCIA_BRAND; EVIDENCIA_IDENTIDADE_INCOMPLETA; INCONCLUSIVO,APRESENTACAO_NAO_EXPLICITA,,Resolver divergência material,mercado/VTK022558.json,2026-09-05T15:16:37.457Z
VTK023048,Cabo Hdmi Aquário 8k3 8k Macho X Macho 2.1 3m,Evolusom Comercial Ltda,35.6,50,FALSE,NAO_CONCLUSIVO,CONFLITOS,CONFLITO_CONFIRMADO,IDENTIDADE_DIVERGENTE,CONFLITO_CONFIRMADO,INCONCLUSIVO,SEM_EVIDENCIA_DE_DEMANDA,37.79,,,,,,8.279935224,estimated,FALSE,DIVERGENCIA_BRAND; EVIDENCIA_IDENTIDADE_INCOMPLETA; INCONCLUSIVO,APRESENTACAO_NAO_EXPLICITA,,Resolver divergência material,mercado/VTK023048.json,2026-09-05T15:16:37.457Z
VTK026053,Fonte Atx C3tech Ps-g700b 700w 80 Plus Bronze,Evolusom Comercial Ltda,236.9,50,FALSE,NAO_CONCLUSIVO,CONFLITOS,CONFLITO_CONFIRMADO,IDENTIDADE_DIVERGENTE,CONFLITO_CONFIRMADO,INCONCLUSIVO,SEM_EVIDENCIA_DE_DEMANDA,300.69,,,,,,8.279935224,estimated,FALSE,DIVERGENCIA_BRAND; EVIDENCIA_IDENTIDADE_INCOMPLETA; INCONCLUSIVO,APRESENTACAO_NAO_EXPLICITA,,Resolver divergência material,mercado/VTK026053.json,2026-09-05T15:16:37.457Z
VTK017194,Resistencia Para Ducha Corona Ballerina 5400w 127v,Evolusom Comercial Ltda,11.48,49,FALSE,NAO_CONCLUSIVO,CONFLITOS,CONFLITO_CONFIRMADO,IDENTIDADE_DIVERGENTE,CONFLITO_CONFIRMADO,INCONCLUSIVO,SEM_EVIDENCIA_DE_DEMANDA,17.99,,,,,,8.279935224,estimated,FALSE,DIVERGENCIA_BRAND; EVIDENCIA_IDENTIDADE_INCOMPLETA; INCONCLUSIVO,APRESENTACAO_NAO_EXPLICITA,,Resolver divergência material,mercado/VTK017194.json,2026-09-05T15:16:37.457Z
VTK018390,Controle Remoto Mxt C1344 Para Ar Condicionado Electrolux Ti/ Vi/ Bi,Evolusom Comercial Ltda,20.7,49,FALSE,NAO_CONCLUSIVO,CONFLITOS,CONFLITO_CONFIRMADO,IDENTIDADE_DIVERGENTE,CONFLITO_CONFIRMADO,INCONCLUSIVO,SEM_EVIDENCIA_DE_DEMANDA,44.11,,,,,,8.279935224,estimated,FALSE,DIVERGENCIA_BRAND; EVIDENCIA_IDENTIDADE_INCOMPLETA; INCONCLUSIVO,APRESENTACAO_NAO_EXPLICITA,,Resolver divergência material,mercado/VTK018390.json,2026-09-05T15:16:37.457Z
VTK006043,Patch Cord Cat5E 10m Preto PlusCable,Evolusom Comercial Ltda,14.99,48,FALSE,NAO_CONCLUSIVO,CONFLITOS,CONFLITO_CONFIRMADO,IDENTIDADE_DIVERGENTE,CONFLITO_CONFIRMADO,INCONCLUSIVO,SEM_EVIDENCIA_DE_DEMANDA,,,,,,,8.279935224,estimated,FALSE,DIVERGENCIA_BRAND; EVIDENCIA_IDENTIDADE_INCOMPLETA; INCONCLUSIVO,APRESENTACAO_NAO_EXPLICITA,,Resolver divergência material,mercado/VTK006043.json,2026-09-05T15:16:37.457Z
VTK017532,Conector Permak 8 Vias Com Terminais Kit 4 Peças (embalagem Com 10 Kits),Evolusom Comercial Ltda,48.9,47,FALSE,NAO_CONCLUSIVO,CONFLITOS,CONFLITO_CONFIRMADO,IDENTIDADE_DIVERGENTE,CONFLITO_CONFIRMADO,INCONCLUSIVO,SEM_EVIDENCIA_DE_DEMANDA,,,,,,,8.279935224,estimated,FALSE,CONFLITO_EMBALAGEM_QUANTIDADE; EVIDENCIA_IDENTIDADE_INCOMPLETA; INCONCLUSIVO,,,Resolver divergência material,mercado/VTK017532.json,2026-09-05T15:16:37.457Z
VTK020759,Controle Remoto Mxt 01338 Ar Condicionado Zh/jt03 York Komeco Rheem,Evolusom Comercial Ltda,11.9,47,FALSE,NAO_CONCLUSIVO,CONFLITOS,CONFLITO_CONFIRMADO,IDENTIDADE_DIVERGENTE,CONFLITO_CONFIRMADO,INCONCLUSIVO,SEM_EVIDENCIA_DE_DEMANDA,,,,,,,8.279935224,estimated,FALSE,DIVERGENCIA_BRAND; EVIDENCIA_IDENTIDADE_INCOMPLETA; INCONCLUSIVO,APRESENTACAO_NAO_EXPLICITA,,Resolver divergência material,mercado/VTK020759.json,2026-09-05T15:16:37.457Z
VTK006187,Patch Cord Cat6 10m Vermelho PlusCable,Evolusom Comercial Ltda,19.9,46,FALSE,NAO_CONCLUSIVO,CONFLITOS,CONFLITO_CONFIRMADO,IDENTIDADE_DIVERGENTE,CONFLITO_CONFIRMADO,INCONCLUSIVO,SEM_EVIDENCIA_DE_DEMANDA,22.86,,,,,,8.279935224,estimated,FALSE,DIVERGENCIA_BRAND; EVIDENCIA_IDENTIDADE_INCOMPLETA; INCONCLUSIVO,APRESENTACAO_NAO_EXPLICITA,,Resolver divergência material,mercado/VTK006187.json,2026-09-05T15:16:37.457Z
VTK001842,Ponta de Prova Grossa Silicone HK7 CAT II Hikari,Evolusom Comercial Ltda,28.45,45,FALSE,NAO_CONCLUSIVO,CONFLITOS,CONFLITO_CONFIRMADO,IDENTIDADE_DIVERGENTE,CONFLITO_CONFIRMADO,INCONCLUSIVO,SEM_EVIDENCIA_DE_DEMANDA,57.95,,,,,,8.279935224,estimated,FALSE,DIVERGENCIA_BRAND; DIVERGENCIA_MODEL; EVIDENCIA_IDENTIDADE_INCOMPLETA; INCONCLUSIVO,APRESENTACAO_NAO_EXPLICITA,,Resolver divergência material,mercado/VTK001842.json,2026-09-05T15:16:37.457Z
VTK017466,Cabo Adaptador Hdmi Pluscable Adp-hdmivga10bk Macho Para Vga Fêmea,Evolusom Comercial Ltda,15.95,44,FALSE,NAO_CONCLUSIVO,CONFLITOS,CONFLITO_CONFIRMADO,IDENTIDADE_DIVERGENTE,CONFLITO_CONFIRMADO,INCONCLUSIVO,SEM_EVIDENCIA_DE_DEMANDA,23.8,,,,,,8.279935224,estimated,FALSE,DIVERGENCIA_BRAND; EVIDENCIA_IDENTIDADE_INCOMPLETA; INCONCLUSIVO,APRESENTACAO_NAO_EXPLICITA,,Resolver divergência material,mercado/VTK017466.json,2026-09-05T15:16:37.457Z
VTK017566,Tapete Carpete Ecotap Multi Aplicação Toyota,Evolusom Comercial Ltda,59.9,44,FALSE,NAO_CONCLUSIVO,CONFLITOS,CONFLITO_CONFIRMADO,IDENTIDADE_DIVERGENTE,CONFLITO_CONFIRMADO,INCONCLUSIVO,SEM_EVIDENCIA_DE_DEMANDA,1355.4,,,,,,8.279935224,estimated,FALSE,DIVERGENCIA_BRAND; EVIDENCIA_IDENTIDADE_INCOMPLETA; INCONCLUSIVO,APRESENTACAO_NAO_EXPLICITA,,Resolver divergência material,mercado/VTK017566.json,2026-09-05T15:16:37.457Z
VTK017569,Multímetro Digital Western De Bolso,Evolusom Comercial Ltda,95.9,44,FALSE,NAO_CONCLUSIVO,CONFLITOS,CONFLITO_CONFIRMADO,IDENTIDADE_DIVERGENTE,CONFLITO_CONFIRMADO,INCONCLUSIVO,SEM_EVIDENCIA_DE_DEMANDA,113.01,,,,,,8.279935224,estimated,FALSE,DIVERGENCIA_BRAND; EVIDENCIA_IDENTIDADE_INCOMPLETA; INCONCLUSIVO,APRESENTACAO_NAO_EXPLICITA,,Resolver divergência material,mercado/VTK017569.json,2026-09-05T15:16:37.457Z
VTK017581,Resistencia Para Ducha Corona Duchass 3 Temperaturas 5200w 220v,Evolusom Comercial Ltda,11.48,43,FALSE,NAO_CONCLUSIVO,CONFLITOS,CONFLITO_CONFIRMADO,IDENTIDADE_DIVERGENTE,CONFLITO_CONFIRMADO,INCONCLUSIVO,SEM_EVIDENCIA_DE_DEMANDA,14.55,,,,,,8.279935224,estimated,FALSE,DIVERGENCIA_BRAND; EVIDENCIA_IDENTIDADE_INCOMPLETA; INCONCLUSIVO,APRESENTACAO_NAO_EXPLICITA,,Resolver divergência material,mercado/VTK017581.json,2026-09-05T15:16:37.457Z
VTK017417,Fita Isolante Western Anti-chamas 5m X 19mm Com 10 Unidades,Evolusom Comercial Ltda,15.28,42,FALSE,NAO_CONCLUSIVO,CONFLITOS,CONFLITO_CONFIRMADO,IDENTIDADE_DIVERGENTE,CONFLITO_CONFIRMADO,INCONCLUSIVO,SEM_EVIDENCIA_DE_DEMANDA,25.4,,,,,,8.279935224,estimated,FALSE,DIVERGENCIA_BRAND; EVIDENCIA_IDENTIDADE_INCOMPLETA; INCONCLUSIVO,,,Resolver divergência material,mercado/VTK017417.json,2026-09-05T15:16:37.457Z
VTK017593,Modulo Wi-fi Gcp Para Cerca Eletrica Cx-8123,Evolusom Comercial Ltda,99.9,42,FALSE,NAO_CONCLUSIVO,CONFLITOS,CONFLITO_CONFIRMADO,IDENTIDADE_DIVERGENTE,CONFLITO_CONFIRMADO,INCONCLUSIVO,SEM_EVIDENCIA_DE_DEMANDA,,,,,,,8.279935224,estimated,FALSE,DIVERGENCIA_BRAND; EVIDENCIA_IDENTIDADE_INCOMPLETA; INCONCLUSIVO,APRESENTACAO_NAO_EXPLICITA,,Resolver divergência material,mercado/VTK017593.json,2026-09-05T15:16:37.457Z
VTK017671,"Case Gaveta Para Hd Externo C3 Tech Ch-200bk 2,5"" Usb 2.0 - Preta",Evolusom Comercial Ltda,19.99,42,FALSE,NAO_CONCLUSIVO,CONFLITOS,CONFLITO_CONFIRMADO,IDENTIDADE_DIVERGENTE,CONFLITO_CONFIRMADO,INCONCLUSIVO,SEM_EVIDENCIA_DE_DEMANDA,35.9,,,,,,8.279935224,estimated,FALSE,DIVERGENCIA_BRAND; EVIDENCIA_IDENTIDADE_INCOMPLETA; INCONCLUSIVO,APRESENTACAO_NAO_EXPLICITA,,Resolver divergência material,mercado/VTK017671.json,2026-09-05T15:16:37.457Z
VTK001698,Conector Cannon Macho Corpo Metálico YS1058A Vermelho Genérico - PCT / 5,BKR 1 Comercio e Importação Ltda,17.33,41,FALSE,NAO_CONCLUSIVO,CONFLITOS,CONFLITO_CONFIRMADO,IDENTIDADE_DIVERGENTE,CONFLITO_CONFIRMADO,INCONCLUSIVO,SEM_EVIDENCIA_DE_DEMANDA,28.67,,,,,,8.279935224,estimated,FALSE,DIVERGENCIA_VARIATION; EVIDENCIA_IDENTIDADE_INCOMPLETA; INCONCLUSIVO,,,Resolver divergência material,mercado/VTK001698.json,2026-09-05T15:16:37.457Z
VTK003336,Cabo HDMI 2.0 4K 3D 3m PC-HDMI30 Preto Plus Cable,Evolusom Comercial Ltda,15.99,41,FALSE,NAO_CONCLUSIVO,CONFLITOS,CONFLITO_CONFIRMADO,IDENTIDADE_DIVERGENTE,CONFLITO_CONFIRMADO,INCONCLUSIVO,SEM_EVIDENCIA_DE_DEMANDA,24.85,,,,,,8.279935224,estimated,FALSE,DIVERGENCIA_BRAND; EVIDENCIA_IDENTIDADE_INCOMPLETA; INCONCLUSIVO,APRESENTACAO_NAO_EXPLICITA,,Resolver divergência material,mercado/VTK003336.json,2026-09-05T15:16:37.457Z
VTK017582,"Trava Para Notebook C3tech Cs-30 Com Chave 1,8 Metros Preto",Evolusom Comercial Ltda,22.9,41,FALSE,NAO_CONCLUSIVO,CONFLITOS,CONFLITO_CONFIRMADO,IDENTIDADE_DIVERGENTE,CONFLITO_CONFIRMADO,INCONCLUSIVO,SEM_EVIDENCIA_DE_DEMANDA,30,,,,,,8.279935224,estimated,FALSE,DIVERGENCIA_BRAND; EVIDENCIA_IDENTIDADE_INCOMPLETA; INCONCLUSIVO,APRESENTACAO_NAO_EXPLICITA,,Resolver divergência material,mercado/VTK017582.json,2026-09-05T15:16:37.457Z
VTK017428,Headset Gamer Viper Pro Python Led,Evolusom Comercial Ltda,52.9,38,FALSE,NAO_CONCLUSIVO,CONFLITOS,CONFLITO_CONFIRMADO,IDENTIDADE_DIVERGENTE,CONFLITO_CONFIRMADO,INCONCLUSIVO,SEM_EVIDENCIA_DE_DEMANDA,18.06,,,,,,8.279935224,estimated,FALSE,DIVERGENCIA_BRAND; COR_DO_MODELO_NAO_COMPROVADA; EVIDENCIA_IDENTIDADE_INCOMPLETA; INCONCLUSIVO,APRESENTACAO_NAO_EXPLICITA,,Resolver divergência material,mercado/VTK017428.json,2026-09-05T15:16:37.457Z
VTK017236,"Alto Falante 5"" Pioneer Ts-1360br 100rms/ Par",Evolusom Comercial Ltda,113.9,37,FALSE,NAO_CONCLUSIVO,CONFLITOS,CONFLITO_CONFIRMADO,IDENTIDADE_DIVERGENTE,CONFLITO_CONFIRMADO,INCONCLUSIVO,SEM_EVIDENCIA_DE_DEMANDA,,,,,,,8.279935224,estimated,FALSE,CONFLITO_EMBALAGEM_QUANTIDADE; EVIDENCIA_IDENTIDADE_INCOMPLETA; INCONCLUSIVO,,,Resolver divergência material,mercado/VTK017236.json,2026-09-05T15:16:37.457Z
VTK017630,Sensor Externo Sulton Spw 700 Pet 30 Kg,Evolusom Comercial Ltda,161.9,36,FALSE,NAO_CONCLUSIVO,CONFLITOS,CONFLITO_CONFIRMADO,IDENTIDADE_DIVERGENTE,CONFLITO_CONFIRMADO,INCONCLUSIVO,SEM_EVIDENCIA_DE_DEMANDA,599,,,,,,8.279935224,estimated,FALSE,DIVERGENCIA_BRAND; EVIDENCIA_IDENTIDADE_INCOMPLETA; COMPOSICAO_KIT_NAO_COMPROVADA; INCONCLUSIVO,,,Resolver divergência material,mercado/VTK017630.json,2026-09-05T15:16:37.457Z
VTK003526,Alicate de Inserção Punch Down LT-P50 Plus Cable,Evolusom Comercial Ltda,19.99,34,FALSE,NAO_CONCLUSIVO,CONFLITOS,CONFLITO_CONFIRMADO,IDENTIDADE_DIVERGENTE,CONFLITO_CONFIRMADO,INCONCLUSIVO,SEM_EVIDENCIA_DE_DEMANDA,26.9,,,,,,8.279935224,estimated,FALSE,DIVERGENCIA_BRAND; EVIDENCIA_IDENTIDADE_INCOMPLETA; INCONCLUSIVO,APRESENTACAO_NAO_EXPLICITA,,Resolver divergência material,mercado/VTK003526.json,2026-09-05T15:16:37.457Z
VTK017667,Contra Frente Plástica Permak Toyota Corolla 89/z,Evolusom Comercial Ltda,10.9,34,FALSE,NAO_CONCLUSIVO,CONFLITOS,CONFLITO_CONFIRMADO,IDENTIDADE_DIVERGENTE,CONFLITO_CONFIRMADO,INCONCLUSIVO,SEM_EVIDENCIA_DE_DEMANDA,29.09,,,,,,8.279935224,estimated,FALSE,DIVERGENCIA_BRAND; COR_DO_MODELO_NAO_COMPROVADA; EVIDENCIA_IDENTIDADE_INCOMPLETA; INCONCLUSIVO,APRESENTACAO_NAO_EXPLICITA,,Resolver divergência material,mercado/VTK017667.json,2026-09-05T15:16:37.457Z
VTK017669,Sensor De Violação Positron Va010tx,Evolusom Comercial Ltda,24.99,34,FALSE,NAO_CONCLUSIVO,CONFLITOS,CONFLITO_CONFIRMADO,IDENTIDADE_DIVERGENTE,CONFLITO_CONFIRMADO,INCONCLUSIVO,SEM_EVIDENCIA_DE_DEMANDA,,,,,,,8.279935224,estimated,FALSE,DIVERGENCIA_BRAND; EVIDENCIA_IDENTIDADE_INCOMPLETA; INCONCLUSIVO,APRESENTACAO_NAO_EXPLICITA,,Resolver divergência material,mercado/VTK017669.json,2026-09-05T15:16:37.457Z
VTK019223,Hub Usb 3.0 C3 Tech Hu-340gy 4 Portas,Evolusom Comercial Ltda,37.9,34,FALSE,NAO_CONCLUSIVO,CONFLITOS,CONFLITO_CONFIRMADO,IDENTIDADE_DIVERGENTE,CONFLITO_CONFIRMADO,INCONCLUSIVO,SEM_EVIDENCIA_DE_DEMANDA,58.71,,,,,,8.279935224,estimated,FALSE,DIVERGENCIA_BRAND; EVIDENCIA_IDENTIDADE_INCOMPLETA; INCONCLUSIVO,APRESENTACAO_NAO_EXPLICITA,,Resolver divergência material,mercado/VTK019223.json,2026-09-05T15:16:37.457Z
VTK017657,Trava Portão Ipec Lock Plus 127v Com Temporizador,Evolusom Comercial Ltda,92.24,33,FALSE,NAO_CONCLUSIVO,CONFLITOS,CONFLITO_CONFIRMADO,IDENTIDADE_DIVERGENTE,CONFLITO_CONFIRMADO,INCONCLUSIVO,SEM_EVIDENCIA_DE_DEMANDA,130,,,,,,8.279935224,estimated,FALSE,DIVERGENCIA_BRAND; EVIDENCIA_IDENTIDADE_INCOMPLETA; INCONCLUSIVO,APRESENTACAO_NAO_EXPLICITA,,Resolver divergência material,mercado/VTK017657.json,2026-09-05T15:16:37.457Z
VTK017694,Cadeira Gamer Brx Impact Silver,Evolusom Comercial Ltda,499.9,33,FALSE,NAO_CONCLUSIVO,CONFLITOS,CONFLITO_CONFIRMADO,IDENTIDADE_DIVERGENTE,CONFLITO_CONFIRMADO,INCONCLUSIVO,SEM_EVIDENCIA_DE_DEMANDA,517.63,,,,,,8.279935224,estimated,FALSE,DIVERGENCIA_VARIATION; INCONCLUSIVO,APRESENTACAO_NAO_EXPLICITA,,Resolver divergência material,mercado/VTK017694.json,2026-09-05T15:16:37.457Z
VTK017700,Resistencia Para Ducha Corona Gorducha/ Banhão 5400w 127v,Evolusom Comercial Ltda,11.29,32,FALSE,NAO_CONCLUSIVO,CONFLITOS,CONFLITO_CONFIRMADO,IDENTIDADE_DIVERGENTE,CONFLITO_CONFIRMADO,INCONCLUSIVO,SEM_EVIDENCIA_DE_DEMANDA,13.65,,,,,,8.279935224,estimated,FALSE,DIVERGENCIA_BRAND; EVIDENCIA_IDENTIDADE_INCOMPLETA; INCONCLUSIVO,APRESENTACAO_NAO_EXPLICITA,,Resolver divergência material,mercado/VTK017700.json,2026-09-05T15:16:37.457Z
VTK017699,"Tela Permak 8"" Para Alto Falante Profissional Tipo Pioneer 114/g - PC / 2",Evolusom Comercial Ltda,21.8,31,FALSE,NAO_CONCLUSIVO,CONFLITOS,CONFLITO_CONFIRMADO,IDENTIDADE_DIVERGENTE,CONFLITO_CONFIRMADO,INCONCLUSIVO,SEM_EVIDENCIA_DE_DEMANDA,,,,,,,8.279935224,estimated,FALSE,DIVERGENCIA_BRAND; EVIDENCIA_IDENTIDADE_INCOMPLETA; INCONCLUSIVO,APRESENTACAO_NAO_EXPLICITA,,Resolver divergência material,mercado/VTK017699.json,2026-09-05T15:16:37.457Z
VTK017203,Controle Remoto Mxt 01307 De Ar Condicionado Split Consul Estar,Evolusom Comercial Ltda,18.99,29,FALSE,NAO_CONCLUSIVO,CONFLITOS,CONFLITO_CONFIRMADO,IDENTIDADE_DIVERGENTE,CONFLITO_CONFIRMADO,INCONCLUSIVO,SEM_EVIDENCIA_DE_DEMANDA,21.72,,,,,,8.279935224,estimated,FALSE,DIVERGENCIA_BRAND; EVIDENCIA_IDENTIDADE_INCOMPLETA; INCONCLUSIVO,APRESENTACAO_NAO_EXPLICITA,,Resolver divergência material,mercado/VTK017203.json,2026-09-05T15:16:37.457Z
VTK017741,Patch Cord Furukawa Cat6 Cmx 20m Vermelho 35123012,Evolusom Comercial Ltda,149.9,29,FALSE,NAO_CONCLUSIVO,CONFLITOS,CONFLITO_CONFIRMADO,IDENTIDADE_DIVERGENTE,CONFLITO_CONFIRMADO,INCONCLUSIVO,SEM_EVIDENCIA_DE_DEMANDA,,,,,,,8.279935224,estimated,FALSE,DIVERGENCIA_VARIATION; EVIDENCIA_IDENTIDADE_INCOMPLETA; INCONCLUSIVO,APRESENTACAO_NAO_EXPLICITA,,Resolver divergência material,mercado/VTK017741.json,2026-09-05T15:16:37.457Z
VTK017726,Compressor De Ar Western Mini 12v,Evolusom Comercial Ltda,70.3,28,FALSE,NAO_CONCLUSIVO,CONFLITOS,CONFLITO_CONFIRMADO,IDENTIDADE_DIVERGENTE,CONFLITO_CONFIRMADO,INCONCLUSIVO,SEM_EVIDENCIA_DE_DEMANDA,149.69,,,,,,8.279935224,estimated,FALSE,DIVERGENCIA_BRAND; EVIDENCIA_IDENTIDADE_INCOMPLETA; INCONCLUSIVO,APRESENTACAO_NAO_EXPLICITA,,Resolver divergência material,mercado/VTK017726.json,2026-09-05T15:16:37.457Z
VTK012684,Palheta Nylon Jazz Iii Vermelha Pct C/4 Un 47r3n Dunlop (1827),BKR 1 Comercio e Importação Ltda,26.21,27,FALSE,NAO_CONCLUSIVO,CONFLITOS,CONFLITO_CONFIRMADO,IDENTIDADE_DIVERGENTE,CONFLITO_CONFIRMADO,INCONCLUSIVO,SEM_EVIDENCIA_DE_DEMANDA,27,,,,,,8.279935224,estimated,FALSE,CONFLITO_EMBALAGEM_QUANTIDADE; EVIDENCIA_IDENTIDADE_INCOMPLETA; INCONCLUSIVO,,,Resolver divergência material,mercado/VTK012684.json,2026-09-05T15:16:37.457Z
VTK017764,Camera Bullet Fbr Metal Ir25 2 Megapixels 3.6mm Cvi Tvi Ahd Cvbs Ip66,Evolusom Comercial Ltda,149.95,27,FALSE,NAO_CONCLUSIVO,CONFLITOS,CONFLITO_CONFIRMADO,IDENTIDADE_DIVERGENTE,CONFLITO_CONFIRMADO,INCONCLUSIVO,SEM_EVIDENCIA_DE_DEMANDA,275.4,,,,,,8.279935224,estimated,FALSE,DIVERGENCIA_BRAND; EVIDENCIA_IDENTIDADE_INCOMPLETA; INCONCLUSIVO,APRESENTACAO_NAO_EXPLICITA,,Resolver divergência material,mercado/VTK017764.json,2026-09-05T15:16:37.457Z
VTK026048,Controle Longa Distância Stetsom Alcance Control Sx Wr Com Infravermelho - Preto,Evolusom Comercial Ltda,73.9,27,FALSE,NAO_CONCLUSIVO,CONFLITOS,CONFLITO_CONFIRMADO,IDENTIDADE_DIVERGENTE,CONFLITO_CONFIRMADO,INCONCLUSIVO,SEM_EVIDENCIA_DE_DEMANDA,,,,,,,8.279935224,estimated,FALSE,DIVERGENCIA_BRAND; EVIDENCIA_IDENTIDADE_INCOMPLETA; INCONCLUSIVO,APRESENTACAO_NAO_EXPLICITA,,Resolver divergência material,mercado/VTK026048.json,2026-09-05T15:16:37.457Z
VTK017768,Tablet Multilaser U10 Prata + Kids Space - Nb386,Evolusom Comercial Ltda,1149.9,26,FALSE,NAO_CONCLUSIVO,CONFLITOS,CONFLITO_CONFIRMADO,IDENTIDADE_DIVERGENTE,CONFLITO_CONFIRMADO,INCONCLUSIVO,SEM_EVIDENCIA_DE_DEMANDA,1099,,,,,,8.279935224,estimated,FALSE,DIVERGENCIA_VARIATION; INCONCLUSIVO,APRESENTACAO_NAO_EXPLICITA,,Resolver divergência material,mercado/VTK017768.json,2026-09-05T15:16:37.457Z
VTK017780,Lona De Carreteiro Western 2x2m 100g P/m2,Evolusom Comercial Ltda,17.8,26,FALSE,NAO_CONCLUSIVO,CONFLITOS,CONFLITO_CONFIRMADO,IDENTIDADE_DIVERGENTE,CONFLITO_CONFIRMADO,INCONCLUSIVO,SEM_EVIDENCIA_DE_DEMANDA,19.9,,,,,,8.279935224,estimated,FALSE,DIVERGENCIA_BRAND; EVIDENCIA_IDENTIDADE_INCOMPLETA; INCONCLUSIVO,APRESENTACAO_NAO_EXPLICITA,,Resolver divergência material,mercado/VTK017780.json,2026-09-05T15:16:37.457Z
VTK018109,Cabo Lan Mpt Cat.5e Interno/externo U/utp 24awgx4p 305 Metros Cmx Preto 5301655,Evolusom Comercial Ltda,669.9,25,FALSE,NAO_CONCLUSIVO,CONFLITOS,CONFLITO_CONFIRMADO,IDENTIDADE_DIVERGENTE,CONFLITO_CONFIRMADO,INCONCLUSIVO,SEM_EVIDENCIA_DE_DEMANDA,755,,,,,,8.279935224,estimated,FALSE,DIVERGENCIA_BRAND; DIVERGENCIA_VARIATION; EVIDENCIA_IDENTIDADE_INCOMPLETA; INCONCLUSIVO,APRESENTACAO_NAO_EXPLICITA,,Resolver divergência material,mercado/VTK018109.json,2026-09-05T15:16:37.457Z
VTK019221,Kit Teclado E Mouse Usb C3tech Kt-150bk,Evolusom Comercial Ltda,44.9,23,FALSE,NAO_CONCLUSIVO,CONFLITOS,CONFLITO_CONFIRMADO,IDENTIDADE_DIVERGENTE,CONFLITO_CONFIRMADO,INCONCLUSIVO,SEM_EVIDENCIA_DE_DEMANDA,80.18,,,,,,8.279935224,estimated,FALSE,DIVERGENCIA_BRAND; EVIDENCIA_IDENTIDADE_INCOMPLETA; COMPOSICAO_KIT_NAO_COMPROVADA; INCONCLUSIVO,,,Resolver divergência material,mercado/VTK019221.json,2026-09-05T15:16:37.457Z
VTK012313,Palheta Plasticover Cla Rrpbcl200 Un,BKR 1 Comercio e Importação Ltda,38.43,22,FALSE,NAO_CONCLUSIVO,CONFLITOS,CONFLITO_CONFIRMADO,IDENTIDADE_DIVERGENTE,CONFLITO_CONFIRMADO,INCONCLUSIVO,SEM_EVIDENCIA_DE_DEMANDA,49.08,,,,,,8.279935224,estimated,FALSE,DIVERGENCIA_BRAND; EVIDENCIA_IDENTIDADE_INCOMPLETA; INCONCLUSIVO,APRESENTACAO_NAO_EXPLICITA,,Resolver divergência material,mercado/VTK012313.json,2026-09-05T15:16:37.457Z
VTK017773,Monitor Led C3tech Mr-19 19 Polegadas Hd,Evolusom Comercial Ltda,209.9,22,FALSE,NAO_CONCLUSIVO,CONFLITOS,CONFLITO_CONFIRMADO,IDENTIDADE_DIVERGENTE,CONFLITO_CONFIRMADO,INCONCLUSIVO,SEM_EVIDENCIA_DE_DEMANDA,253,,,,,,8.279935224,estimated,FALSE,DIVERGENCIA_BRAND; EVIDENCIA_IDENTIDADE_INCOMPLETA; COMPOSICAO_KIT_NAO_COMPROVADA; INCONCLUSIVO,,,Resolver divergência material,mercado/VTK017773.json,2026-09-05T15:16:37.457Z
VTK018019,Cabo Paralelo Technoise 100% Cobre Cristal 2x1.00 Mm Rolo 100 Metros,Evolusom Comercial Ltda,209.9,21,FALSE,NAO_CONCLUSIVO,CONFLITOS,CONFLITO_CONFIRMADO,IDENTIDADE_DIVERGENTE,CONFLITO_CONFIRMADO,INCONCLUSIVO,SEM_EVIDENCIA_DE_DEMANDA,195,,,,,,8.279935224,estimated,FALSE,DIVERGENCIA_BRAND; EVIDENCIA_IDENTIDADE_INCOMPLETA; INCONCLUSIVO,APRESENTACAO_NAO_EXPLICITA,,Resolver divergência material,mercado/VTK018019.json,2026-09-05T15:16:37.457Z
VTK018226,Cabo Coaxial Cabletech Rg-58 95% 100 Metros Preto,Evolusom Comercial Ltda,540.9,21,FALSE,NAO_CONCLUSIVO,CONFLITOS,CONFLITO_CONFIRMADO,IDENTIDADE_DIVERGENTE,CONFLITO_CONFIRMADO,INCONCLUSIVO,SEM_EVIDENCIA_DE_DEMANDA,,,,,,,8.279935224,estimated,FALSE,DIVERGENCIA_BRAND; EVIDENCIA_IDENTIDADE_INCOMPLETA; INCONCLUSIVO,APRESENTACAO_NAO_EXPLICITA,,Resolver divergência material,mercado/VTK018226.json,2026-09-05T15:16:37.457Z
VTK017912,Cabo Vga Svga Pluscable Pc-mon15001 - 15m,Evolusom Comercial Ltda,57.95,20,FALSE,NAO_CONCLUSIVO,CONFLITOS,CONFLITO_CONFIRMADO,IDENTIDADE_DIVERGENTE,CONFLITO_CONFIRMADO,INCONCLUSIVO,SEM_EVIDENCIA_DE_DEMANDA,64.9,,,,,,8.279935224,estimated,FALSE,DIVERGENCIA_BRAND; EVIDENCIA_IDENTIDADE_INCOMPLETA; INCONCLUSIVO,APRESENTACAO_NAO_EXPLICITA,,Resolver divergência material,mercado/VTK017912.json,2026-09-05T15:16:37.457Z
VTK026227,Divisor Hdmi Mxt Splitter 1x2 Full Hd 1.4 3d 4kx2k,Evolusom Comercial Ltda,47.5,20,FALSE,NAO_CONCLUSIVO,CONFLITOS,CONFLITO_CONFIRMADO,IDENTIDADE_DIVERGENTE,CONFLITO_CONFIRMADO,INCONCLUSIVO,SEM_EVIDENCIA_DE_DEMANDA,,,,,,,8.279935224,estimated,FALSE,DIVERGENCIA_BRAND; EVIDENCIA_IDENTIDADE_INCOMPLETA; INCONCLUSIVO,APRESENTACAO_NAO_EXPLICITA,,Resolver divergência material,mercado/VTK026227.json,2026-09-05T15:16:37.457Z
VTK023601,Impressora Térmica C3tech It-110 Para Recibo E Cupom,Evolusom Comercial Ltda,299.9,19,FALSE,NAO_CONCLUSIVO,CONFLITOS,CONFLITO_CONFIRMADO,IDENTIDADE_DIVERGENTE,CONFLITO_CONFIRMADO,INCONCLUSIVO,SEM_EVIDENCIA_DE_DEMANDA,495.77,,,,,,8.279935224,estimated,FALSE,DIVERGENCIA_BRAND; EVIDENCIA_IDENTIDADE_INCOMPLETA; INCONCLUSIVO,APRESENTACAO_NAO_EXPLICITA,,Resolver divergência material,mercado/VTK023601.json,2026-09-05T15:16:37.457Z
VTK012911,Capa P/ Violão Folk Extra Bolso Cargo - Nylon 600 - Marrom Bkr 1,BKR 1 Comercio e Importação Ltda,112,18,FALSE,NAO_CONCLUSIVO,CONFLITOS,CONFLITO_CONFIRMADO,IDENTIDADE_DIVERGENTE,CONFLITO_CONFIRMADO,INCONCLUSIVO,SEM_EVIDENCIA_DE_DEMANDA,184,,,,,,8.279935224,estimated,FALSE,DIVERGENCIA_BRAND; EVIDENCIA_IDENTIDADE_INCOMPLETA; INCONCLUSIVO,APRESENTACAO_NAO_EXPLICITA,,Resolver divergência material,mercado/VTK012911.json,2026-09-05T15:16:37.457Z
VTK017432,Teclado C3tech Kb-m11bk Usb Multimídia Preto,Evolusom Comercial Ltda,19.95,18,FALSE,NAO_CONCLUSIVO,CONFLITOS,CONFLITO_CONFIRMADO,IDENTIDADE_DIVERGENTE,CONFLITO_CONFIRMADO,INCONCLUSIVO,SEM_EVIDENCIA_DE_DEMANDA,25.92,,,,,,8.279935224,estimated,FALSE,DIVERGENCIA_BRAND; EVIDENCIA_IDENTIDADE_INCOMPLETA; INCONCLUSIVO,APRESENTACAO_NAO_EXPLICITA,,Resolver divergência material,mercado/VTK017432.json,2026-09-05T15:16:37.457Z
VTK017615,Quimica Foam Orbi Espuma Expansiva 500ml 340g,Evolusom Comercial Ltda,16.3,18,FALSE,NAO_CONCLUSIVO,CONFLITOS,CONFLITO_CONFIRMADO,IDENTIDADE_DIVERGENTE,CONFLITO_CONFIRMADO,INCONCLUSIVO,SEM_EVIDENCIA_DE_DEMANDA,22.7,,,,,,8.279935224,estimated,FALSE,DIVERGENCIA_BRAND; EVIDENCIA_IDENTIDADE_INCOMPLETA; INCONCLUSIVO,APRESENTACAO_NAO_EXPLICITA,,Resolver divergência material,mercado/VTK017615.json,2026-09-05T15:16:37.457Z
VTK017627,Jogo De Chaves De Fenda E Philips Western Com 6 Peças,Evolusom Comercial Ltda,19.5,18,FALSE,NAO_CONCLUSIVO,CONFLITOS,CONFLITO_CONFIRMADO,IDENTIDADE_DIVERGENTE,CONFLITO_CONFIRMADO,INCONCLUSIVO,SEM_EVIDENCIA_DE_DEMANDA,,,,,,,8.279935224,estimated,FALSE,DIVERGENCIA_BRAND; EVIDENCIA_IDENTIDADE_INCOMPLETA; INCONCLUSIVO,,,Resolver divergência material,mercado/VTK017627.json,2026-09-05T15:16:37.457Z
VTK017678,Câmera De Ré Ou Frontal Rs-280br Ct Pro Line Mod. Tartaruga,Evolusom Comercial Ltda,55.9,18,FALSE,NAO_CONCLUSIVO,CONFLITOS,CONFLITO_CONFIRMADO,IDENTIDADE_DIVERGENTE,CONFLITO_CONFIRMADO,INCONCLUSIVO,SEM_EVIDENCIA_DE_DEMANDA,77.9,,,,,,8.279935224,estimated,FALSE,DIVERGENCIA_BRAND; EVIDENCIA_IDENTIDADE_INCOMPLETA; INCONCLUSIVO,APRESENTACAO_NAO_EXPLICITA,,Resolver divergência material,mercado/VTK017678.json,2026-09-05T15:16:37.457Z
VTK017961,Cabo Coaxial Cabletech Rge-06 Tsnet Preto 305 Metros 802216000t00cb21,Evolusom Comercial Ltda,416.9,18,FALSE,NAO_CONCLUSIVO,CONFLITOS,CONFLITO_CONFIRMADO,IDENTIDADE_DIVERGENTE,CONFLITO_CONFIRMADO,INCONCLUSIVO,SEM_EVIDENCIA_DE_DEMANDA,,,,,,,8.279935224,estimated,FALSE,DIVERGENCIA_BRAND; DIVERGENCIA_VARIATION; EVIDENCIA_IDENTIDADE_INCOMPLETA; COMPOSICAO_KIT_NAO_COMPROVADA; INCONCLUSIVO,,,Resolver divergência material,mercado/VTK017961.json,2026-09-05T15:16:37.457Z
VTK018666,Moldura Fiamon Polo/ Golf/ Fox/ Fiesta/ Bora - Preto,Evolusom Comercial Ltda,16.9,18,FALSE,NAO_CONCLUSIVO,CONFLITOS,CONFLITO_CONFIRMADO,IDENTIDADE_DIVERGENTE,CONFLITO_CONFIRMADO,INCONCLUSIVO,SEM_EVIDENCIA_DE_DEMANDA,,,,,,,8.279935224,estimated,FALSE,DIVERGENCIA_BRAND; EVIDENCIA_IDENTIDADE_INCOMPLETA; INCONCLUSIVO,APRESENTACAO_NAO_EXPLICITA,,Resolver divergência material,mercado/VTK018666.json,2026-09-05T15:16:37.457Z
VTK018006,Lona De Carreteiro Western 3x2 100g P/m2,Evolusom Comercial Ltda,28.9,17,FALSE,NAO_CONCLUSIVO,CONFLITOS,CONFLITO_CONFIRMADO,IDENTIDADE_DIVERGENTE,CONFLITO_CONFIRMADO,INCONCLUSIVO,SEM_EVIDENCIA_DE_DEMANDA,22.9,,,,,,8.279935224,estimated,FALSE,DIVERGENCIA_BRAND; EVIDENCIA_IDENTIDADE_INCOMPLETA; INCONCLUSIVO,APRESENTACAO_NAO_EXPLICITA,,Resolver divergência material,mercado/VTK018006.json,2026-09-05T15:16:37.457Z
VTK022737,"Cabo Usb A X Lightning C3tech Cb-210gd 2,0a 2m Dourado",Evolusom Comercial Ltda,15.99,17,FALSE,NAO_CONCLUSIVO,CONFLITOS,CONFLITO_CONFIRMADO,IDENTIDADE_DIVERGENTE,CONFLITO_CONFIRMADO,INCONCLUSIVO,SEM_EVIDENCIA_DE_DEMANDA,30.39,,,,,,8.279935224,estimated,FALSE,DIVERGENCIA_BRAND; EVIDENCIA_IDENTIDADE_INCOMPLETA; INCONCLUSIVO,APRESENTACAO_NAO_EXPLICITA,,Resolver divergência material,mercado/VTK022737.json,2026-09-05T15:16:37.457Z
VTK018038,Fone De Ouvido Headphone Bluetooth Multilaser Pulse Hb200 Ph431 - Branco,Evolusom Comercial Ltda,129.9,16,FALSE,NAO_CONCLUSIVO,CONFLITOS,CONFLITO_CONFIRMADO,IDENTIDADE_DIVERGENTE,CONFLITO_CONFIRMADO,INCONCLUSIVO,SEM_EVIDENCIA_DE_DEMANDA,139.9,,,,,,8.279935224,estimated,FALSE,DIVERGENCIA_BRAND; EVIDENCIA_IDENTIDADE_INCOMPLETA; INCONCLUSIVO,APRESENTACAO_NAO_EXPLICITA,,Resolver divergência material,mercado/VTK018038.json,2026-09-05T15:16:37.457Z
VTK026139,Conector P10 Mono Metal Prata Gold Storm 5 Unidades,BKR 1 Comercio e Importação Ltda,35.91,16,FALSE,NAO_CONCLUSIVO,CONFLITOS,CONFLITO_CONFIRMADO,IDENTIDADE_DIVERGENTE,CONFLITO_CONFIRMADO,INCONCLUSIVO,SEM_EVIDENCIA_DE_DEMANDA,110.48,,,,,,8.279935224,estimated,FALSE,CONFLITO_EMBALAGEM_QUANTIDADE; DIVERGENCIA_VARIATION; EVIDENCIA_IDENTIDADE_INCOMPLETA; INCONCLUSIVO,,,Resolver divergência material,mercado/VTK026139.json,2026-09-05T15:16:37.457Z
VTK006094,Patch Cord Cat6 5m Preto PlusCable,Evolusom Comercial Ltda,11.95,15,FALSE,NAO_CONCLUSIVO,CONFLITOS,CONFLITO_CONFIRMADO,IDENTIDADE_DIVERGENTE,CONFLITO_CONFIRMADO,INCONCLUSIVO,SEM_EVIDENCIA_DE_DEMANDA,20.05,,,,,,8.279935224,estimated,FALSE,DIVERGENCIA_BRAND; EVIDENCIA_IDENTIDADE_INCOMPLETA; INCONCLUSIVO,APRESENTACAO_NAO_EXPLICITA,,Resolver divergência material,mercado/VTK006094.json,2026-09-05T15:16:37.457Z
VTK018040,Fita De Led Inteligente Wi-fi Tp-link Tapo L920-5 Multicolorida 5m,Evolusom Comercial Ltda,272.29,15,FALSE,NAO_CONCLUSIVO,CONFLITOS,CONFLITO_CONFIRMADO,IDENTIDADE_DIVERGENTE,CONFLITO_CONFIRMADO,INCONCLUSIVO,SEM_EVIDENCIA_DE_DEMANDA,246.4,,,,,,8.279935224,estimated,FALSE,DIVERGENCIA_BRAND; DIVERGENCIA_MODEL; EVIDENCIA_IDENTIDADE_INCOMPLETA; INCONCLUSIVO,APRESENTACAO_NAO_EXPLICITA,,Resolver divergência material,mercado/VTK018040.json,2026-09-05T15:16:37.457Z
VTK018262,Patch Panel Pluscable La-p624 Cat6 24 Portas Sem Guia,Evolusom Comercial Ltda,189.9,15,FALSE,NAO_CONCLUSIVO,CONFLITOS,CONFLITO_CONFIRMADO,IDENTIDADE_DIVERGENTE,CONFLITO_CONFIRMADO,INCONCLUSIVO,SEM_EVIDENCIA_DE_DEMANDA,289,,,,,,8.279935224,estimated,FALSE,DIVERGENCIA_BRAND; EVIDENCIA_IDENTIDADE_INCOMPLETA; INCONCLUSIVO,APRESENTACAO_NAO_EXPLICITA,,Resolver divergência material,mercado/VTK018262.json,2026-09-05T15:16:37.457Z
VTK018389,"Guia Organizador De Cabos Max Eletron 1u X 19"" Alta",Evolusom Comercial Ltda,36.9,15,FALSE,NAO_CONCLUSIVO,CONFLITOS,CONFLITO_CONFIRMADO,IDENTIDADE_DIVERGENTE,CONFLITO_CONFIRMADO,INCONCLUSIVO,SEM_EVIDENCIA_DE_DEMANDA,,,,,,,8.279935224,estimated,FALSE,DIVERGENCIA_BRAND; EVIDENCIA_IDENTIDADE_INCOMPLETA; INCONCLUSIVO,APRESENTACAO_NAO_EXPLICITA,,Resolver divergência material,mercado/VTK018389.json,2026-09-05T15:16:37.457Z
VTK018516,Microfone Mxt M-996 Plástico Prata Com Fio 3 Metros 541023,Evolusom Comercial Ltda,28.9,15,FALSE,NAO_CONCLUSIVO,CONFLITOS,CONFLITO_CONFIRMADO,IDENTIDADE_DIVERGENTE,CONFLITO_CONFIRMADO,INCONCLUSIVO,SEM_EVIDENCIA_DE_DEMANDA,38.55,,,,,,8.279935224,estimated,FALSE,DIVERGENCIA_VARIATION; INCONCLUSIVO,APRESENTACAO_NAO_EXPLICITA,,Resolver divergência material,mercado/VTK018516.json,2026-09-05T15:16:37.457Z
VTK020915,"Bandeja Fixa Max Eletron 19"" 1ux250mm Frontal",Evolusom Comercial Ltda,45.9,15,FALSE,NAO_CONCLUSIVO,CONFLITOS,CONFLITO_CONFIRMADO,IDENTIDADE_DIVERGENTE,CONFLITO_CONFIRMADO,INCONCLUSIVO,SEM_EVIDENCIA_DE_DEMANDA,46.54,,,,,,8.279935224,estimated,FALSE,DIVERGENCIA_BRAND; EVIDENCIA_IDENTIDADE_INCOMPLETA; INCONCLUSIVO,APRESENTACAO_NAO_EXPLICITA,,Resolver divergência material,mercado/VTK020915.json,2026-09-05T15:16:37.457Z
VTK021164,"Alto Falante Subwoofer 12"" Pioneer Ts-w3060br 350w Rms 4 Ohms Bobina Simples",Evolusom Comercial Ltda,282.9,15,FALSE,NAO_CONCLUSIVO,CONFLITOS,CONFLITO_CONFIRMADO,IDENTIDADE_DIVERGENTE,CONFLITO_CONFIRMADO,INCONCLUSIVO,SEM_EVIDENCIA_DE_DEMANDA,398,,,,,,8.279935224,estimated,FALSE,DIVERGENCIA_BRAND; EVIDENCIA_IDENTIDADE_INCOMPLETA; INCONCLUSIVO,APRESENTACAO_NAO_EXPLICITA,,Resolver divergência material,mercado/VTK021164.json,2026-09-05T15:16:37.457Z
VTK023641,Cabo Lan Mpt Cat.5e Dupla Capa F/utp 24awgx4p 500 Metros Cm Preto 53030152,Evolusom Comercial Ltda,1799.9,15,FALSE,NAO_CONCLUSIVO,CONFLITOS,CONFLITO_CONFIRMADO,IDENTIDADE_DIVERGENTE,CONFLITO_CONFIRMADO,INCONCLUSIVO,SEM_EVIDENCIA_DE_DEMANDA,,,,,,,8.279935224,estimated,FALSE,DIVERGENCIA_BRAND; EVIDENCIA_IDENTIDADE_INCOMPLETA; COMPOSICAO_KIT_NAO_COMPROVADA; INCONCLUSIVO,,,Resolver divergência material,mercado/VTK023641.json,2026-09-05T15:16:37.457Z
VTK017750,Fonte Chaveada 5v 1a P4 Centro + 2.1 X 5.5 Mm,Evolusom Comercial Ltda,13.3,14,FALSE,NAO_CONCLUSIVO,CONFLITOS,CONFLITO_CONFIRMADO,IDENTIDADE_DIVERGENTE,CONFLITO_CONFIRMADO,INCONCLUSIVO,SEM_EVIDENCIA_DE_DEMANDA,,,,,,,8.279935224,estimated,FALSE,DIVERGENCIA_BRAND; EVIDENCIA_IDENTIDADE_INCOMPLETA; INCONCLUSIVO,APRESENTACAO_NAO_EXPLICITA,,Resolver divergência material,mercado/VTK017750.json,2026-09-05T15:16:37.457Z
VTK017975,Cadeira Gamer Brx Impact Red,Evolusom Comercial Ltda,499.9,14,FALSE,NAO_CONCLUSIVO,CONFLITOS,CONFLITO_CONFIRMADO,IDENTIDADE_DIVERGENTE,CONFLITO_CONFIRMADO,INCONCLUSIVO,SEM_EVIDENCIA_DE_DEMANDA,538.62,,,,,,8.279935224,estimated,FALSE,DIVERGENCIA_VARIATION; INCONCLUSIVO,APRESENTACAO_NAO_EXPLICITA,,Resolver divergência material,mercado/VTK017975.json,2026-09-05T15:16:37.457Z
VTK018096,"Cabo Adaptador Mini Display Port Para Vga, 15cm",Evolusom Comercial Ltda,17.9,14,FALSE,NAO_CONCLUSIVO,CONFLITOS,CONFLITO_CONFIRMADO,IDENTIDADE_DIVERGENTE,CONFLITO_CONFIRMADO,INCONCLUSIVO,SEM_EVIDENCIA_DE_DEMANDA,,,,,,,8.279935224,estimated,FALSE,DIVERGENCIA_BRAND; EVIDENCIA_IDENTIDADE_INCOMPLETA; INCONCLUSIVO,APRESENTACAO_NAO_EXPLICITA,,Resolver divergência material,mercado/VTK018096.json,2026-09-05T15:16:37.457Z
VTK018115,Trena Longa De Fibra De Vidro Western 30m,Evolusom Comercial Ltda,25.3,14,FALSE,NAO_CONCLUSIVO,CONFLITOS,CONFLITO_CONFIRMADO,IDENTIDADE_DIVERGENTE,CONFLITO_CONFIRMADO,INCONCLUSIVO,SEM_EVIDENCIA_DE_DEMANDA,32.04,,,,,,8.279935224,estimated,FALSE,DIVERGENCIA_BRAND; EVIDENCIA_IDENTIDADE_INCOMPLETA; INCONCLUSIVO,APRESENTACAO_NAO_EXPLICITA,,Resolver divergência material,mercado/VTK018115.json,2026-09-05T15:16:37.457Z
VTK018316,Cabo Paralelo Crk 2x1.50mm 100metros Cristal,Evolusom Comercial Ltda,229.9,14,FALSE,NAO_CONCLUSIVO,CONFLITOS,CONFLITO_CONFIRMADO,IDENTIDADE_DIVERGENTE,CONFLITO_CONFIRMADO,INCONCLUSIVO,SEM_EVIDENCIA_DE_DEMANDA,279,,,,,,8.279935224,estimated,FALSE,DIVERGENCIA_BRAND; EVIDENCIA_IDENTIDADE_INCOMPLETA; INCONCLUSIVO,APRESENTACAO_NAO_EXPLICITA,,Resolver divergência material,mercado/VTK018316.json,2026-09-05T15:16:37.457Z
VTK017956,Patch Panel Pluscable La-p524 Cat5e 24 Portas Sem Guia,Evolusom Comercial Ltda,89.95,13,FALSE,NAO_CONCLUSIVO,CONFLITOS,CONFLITO_CONFIRMADO,IDENTIDADE_DIVERGENTE,CONFLITO_CONFIRMADO,INCONCLUSIVO,SEM_EVIDENCIA_DE_DEMANDA,157.9,,,,,,8.279935224,estimated,FALSE,DIVERGENCIA_BRAND; EVIDENCIA_IDENTIDADE_INCOMPLETA; INCONCLUSIVO,APRESENTACAO_NAO_EXPLICITA,,Resolver divergência material,mercado/VTK017956.json,2026-09-05T15:16:37.457Z
VTK018126,Monitor Lcd Touch Screen 15'' Elgin Cm-15n,Evolusom Comercial Ltda,1699.9,13,FALSE,NAO_CONCLUSIVO,CONFLITOS,CONFLITO_CONFIRMADO,IDENTIDADE_DIVERGENTE,CONFLITO_CONFIRMADO,INCONCLUSIVO,SEM_EVIDENCIA_DE_DEMANDA,1743.77,,,,,,8.279935224,estimated,FALSE,DIVERGENCIA_BRAND; EVIDENCIA_IDENTIDADE_INCOMPLETA; INCONCLUSIVO,APRESENTACAO_NAO_EXPLICITA,,Resolver divergência material,mercado/VTK018126.json,2026-09-05T15:16:37.457Z
VTK018134,Cabo Coaxial Cabletech Master 40 40% Rgc 06 Preto 100 Metros,Evolusom Comercial Ltda,101.9,13,FALSE,NAO_CONCLUSIVO,CONFLITOS,CONFLITO_CONFIRMADO,IDENTIDADE_DIVERGENTE,CONFLITO_CONFIRMADO,INCONCLUSIVO,SEM_EVIDENCIA_DE_DEMANDA,,,,,,,8.279935224,estimated,FALSE,DIVERGENCIA_VARIATION; EVIDENCIA_IDENTIDADE_INCOMPLETA; INCONCLUSIVO,APRESENTACAO_NAO_EXPLICITA,,Resolver divergência material,mercado/VTK018134.json,2026-09-05T15:16:37.457Z
VTK018162,Lona De Carreteiro Western 3x2m 100g P/m2,Evolusom Comercial Ltda,42.9,13,FALSE,NAO_CONCLUSIVO,CONFLITOS,CONFLITO_CONFIRMADO,IDENTIDADE_DIVERGENTE,CONFLITO_CONFIRMADO,INCONCLUSIVO,SEM_EVIDENCIA_DE_DEMANDA,65.04,,,,,,8.279935224,estimated,FALSE,DIVERGENCIA_BRAND; EVIDENCIA_IDENTIDADE_INCOMPLETA; INCONCLUSIVO,APRESENTACAO_NAO_EXPLICITA,,Resolver divergência material,mercado/VTK018162.json,2026-09-05T15:16:37.457Z
VTK018166,Cadeira Gamer Viper Pro Python Racer Vp001,Evolusom Comercial Ltda,679.9,13,FALSE,NAO_CONCLUSIVO,CONFLITOS,CONFLITO_CONFIRMADO,IDENTIDADE_DIVERGENTE,CONFLITO_CONFIRMADO,INCONCLUSIVO,SEM_EVIDENCIA_DE_DEMANDA,699.9,,,,,,8.279935224,estimated,FALSE,DIVERGENCIA_BRAND; EVIDENCIA_IDENTIDADE_INCOMPLETA; INCONCLUSIVO,APRESENTACAO_NAO_EXPLICITA,,Resolver divergência material,mercado/VTK018166.json,2026-09-05T15:16:37.457Z
VTK018879,"Arandela Redonda Fiamon 6"" Coaxial 50rms 8r Branca",Evolusom Comercial Ltda,81.9,13,FALSE,NAO_CONCLUSIVO,CONFLITOS,CONFLITO_CONFIRMADO,IDENTIDADE_DIVERGENTE,CONFLITO_CONFIRMADO,INCONCLUSIVO,SEM_EVIDENCIA_DE_DEMANDA,105.95,,,,,,8.279935224,estimated,FALSE,DIVERGENCIA_VARIATION; INCONCLUSIVO,APRESENTACAO_NAO_EXPLICITA,,Resolver divergência material,mercado/VTK018879.json,2026-09-05T15:16:37.457Z
VTK006063,Patch Cord Cat5E 10m Branco PlusCable,Evolusom Comercial Ltda,14.99,12,FALSE,NAO_CONCLUSIVO,CONFLITOS,CONFLITO_CONFIRMADO,IDENTIDADE_DIVERGENTE,CONFLITO_CONFIRMADO,INCONCLUSIVO,SEM_EVIDENCIA_DE_DEMANDA,28.64,,,,,,8.279935224,estimated,FALSE,DIVERGENCIA_BRAND; EVIDENCIA_IDENTIDADE_INCOMPLETA; INCONCLUSIVO,APRESENTACAO_NAO_EXPLICITA,,Resolver divergência material,mercado/VTK006063.json,2026-09-05T15:16:37.457Z
VTK017859,Webcam C3tech Wb-200bk Qhd 2k,Evolusom Comercial Ltda,114.9,12,FALSE,NAO_CONCLUSIVO,CONFLITOS,CONFLITO_CONFIRMADO,IDENTIDADE_DIVERGENTE,CONFLITO_CONFIRMADO,INCONCLUSIVO,SEM_EVIDENCIA_DE_DEMANDA,168.74,,,,,,8.279935224,estimated,FALSE,DIVERGENCIA_BRAND; EVIDENCIA_IDENTIDADE_INCOMPLETA; INCONCLUSIVO,APRESENTACAO_NAO_EXPLICITA,,Resolver divergência material,mercado/VTK017859.json,2026-09-05T15:16:37.457Z
VTK017913,Kit Teclado E Mouse Usb C3tech Kt-200bk,Evolusom Comercial Ltda,55.9,12,FALSE,NAO_CONCLUSIVO,CONFLITOS,CONFLITO_CONFIRMADO,IDENTIDADE_DIVERGENTE,CONFLITO_CONFIRMADO,INCONCLUSIVO,SEM_EVIDENCIA_DE_DEMANDA,61.59,,,,,,8.279935224,estimated,FALSE,DIVERGENCIA_BRAND; EVIDENCIA_IDENTIDADE_INCOMPLETA; COMPOSICAO_KIT_NAO_COMPROVADA; INCONCLUSIVO,,,Resolver divergência material,mercado/VTK017913.json,2026-09-05T15:16:37.457Z
VTK018172,Contra Frente Plástica Permak Fiat Palio 2ª Geração 89/e1,Evolusom Comercial Ltda,10.59,12,FALSE,NAO_CONCLUSIVO,CONFLITOS,CONFLITO_CONFIRMADO,IDENTIDADE_DIVERGENTE,CONFLITO_CONFIRMADO,INCONCLUSIVO,SEM_EVIDENCIA_DE_DEMANDA,35,,,,,,8.279935224,estimated,FALSE,DIVERGENCIA_BRAND; EVIDENCIA_IDENTIDADE_INCOMPLETA; INCONCLUSIVO,APRESENTACAO_NAO_EXPLICITA,,Resolver divergência material,mercado/VTK018172.json,2026-09-05T15:16:37.457Z
VTK018199,Sensor Ultrasom Locktronic,Evolusom Comercial Ltda,57.9,12,FALSE,NAO_CONCLUSIVO,CONFLITOS,CONFLITO_CONFIRMADO,IDENTIDADE_DIVERGENTE,CONFLITO_CONFIRMADO,INCONCLUSIVO,SEM_EVIDENCIA_DE_DEMANDA,89.9,,,,,,8.279935224,estimated,FALSE,DIVERGENCIA_BRAND; EVIDENCIA_IDENTIDADE_INCOMPLETA; INCONCLUSIVO,APRESENTACAO_NAO_EXPLICITA,,Resolver divergência material,mercado/VTK018199.json,2026-09-05T15:16:37.457Z
VTK018036,Detector De Tensão Western,Evolusom Comercial Ltda,15.2,11,FALSE,NAO_CONCLUSIVO,CONFLITOS,CONFLITO_CONFIRMADO,IDENTIDADE_DIVERGENTE,CONFLITO_CONFIRMADO,INCONCLUSIVO,SEM_EVIDENCIA_DE_DEMANDA,18.02,,,,,,8.279935224,estimated,FALSE,DIVERGENCIA_BRAND; EVIDENCIA_IDENTIDADE_INCOMPLETA; INCONCLUSIVO,APRESENTACAO_NAO_EXPLICITA,,Resolver divergência material,mercado/VTK018036.json,2026-09-05T15:16:37.457Z
VTK018507,Monitor Led C3tech Mr-240bk 24 Polegadas Full Hd Preto,Evolusom Comercial Ltda,449.9,11,FALSE,NAO_CONCLUSIVO,CONFLITOS,CONFLITO_CONFIRMADO,IDENTIDADE_DIVERGENTE,CONFLITO_CONFIRMADO,INCONCLUSIVO,SEM_EVIDENCIA_DE_DEMANDA,512.4,,,,,,8.279935224,estimated,FALSE,DIVERGENCIA_BRAND; EVIDENCIA_IDENTIDADE_INCOMPLETA; INCONCLUSIVO,APRESENTACAO_NAO_EXPLICITA,,Resolver divergência material,mercado/VTK018507.json,2026-09-05T15:16:37.457Z
VTK026210,Jack J10 Mono Aberto Para Placa Storm 10 Unidades,BKR 1 Comercio e Importação Ltda,9.55,11,FALSE,NAO_CONCLUSIVO,CONFLITOS,CONFLITO_CONFIRMADO,IDENTIDADE_DIVERGENTE,CONFLITO_CONFIRMADO,INCONCLUSIVO,SEM_EVIDENCIA_DE_DEMANDA,10,,,,,,8.279935224,estimated,FALSE,CONFLITO_EMBALAGEM_QUANTIDADE; INCONCLUSIVO,,,Resolver divergência material,mercado/VTK026210.json,2026-09-05T15:16:37.457Z
VTK017587,Cabo Vga Svga Pluscable Pc-mon3002 - 3m,Evolusom Comercial Ltda,24.9,10,FALSE,NAO_CONCLUSIVO,CONFLITOS,CONFLITO_CONFIRMADO,IDENTIDADE_DIVERGENTE,CONFLITO_CONFIRMADO,INCONCLUSIVO,SEM_EVIDENCIA_DE_DEMANDA,28.04,,,,,,8.279935224,estimated,FALSE,DIVERGENCIA_BRAND; EVIDENCIA_IDENTIDADE_INCOMPLETA; INCONCLUSIVO,APRESENTACAO_NAO_EXPLICITA,,Resolver divergência material,mercado/VTK017587.json,2026-09-05T15:16:37.457Z
VTK018196,Cabo Adaptador Usb C Macho 1 X Usb C + Usb 3.0 E 2.0 Fêmea,Evolusom Comercial Ltda,85.9,10,FALSE,NAO_CONCLUSIVO,CONFLITOS,CONFLITO_CONFIRMADO,IDENTIDADE_DIVERGENTE,CONFLITO_CONFIRMADO,INCONCLUSIVO,SEM_EVIDENCIA_DE_DEMANDA,,,,,,,8.279935224,estimated,FALSE,DIVERGENCIA_BRAND; EVIDENCIA_IDENTIDADE_INCOMPLETA; INCONCLUSIVO,APRESENTACAO_NAO_EXPLICITA,,Resolver divergência material,mercado/VTK018196.json,2026-09-05T15:16:37.457Z
VTK018283,Calota Grid Aro 14p 043cb-pta Fiat Modelo Palio Attractive 2010/ 11 Cubo Baixo - PC / 4,Evolusom Comercial Ltda,47.8,10,FALSE,NAO_CONCLUSIVO,CONFLITOS,CONFLITO_CONFIRMADO,IDENTIDADE_DIVERGENTE,CONFLITO_CONFIRMADO,INCONCLUSIVO,SEM_EVIDENCIA_DE_DEMANDA,,,,,,,8.279935224,estimated,FALSE,DIVERGENCIA_BRAND; EVIDENCIA_IDENTIDADE_INCOMPLETA; INCONCLUSIVO,APRESENTACAO_NAO_EXPLICITA,,Resolver divergência material,mercado/VTK018283.json,2026-09-05T15:16:37.457Z
VTK018308,Central Alarme Monitorado Prime Genno 16 Ip,Evolusom Comercial Ltda,279.9,10,FALSE,NAO_CONCLUSIVO,CONFLITOS,CONFLITO_CONFIRMADO,IDENTIDADE_DIVERGENTE,CONFLITO_CONFIRMADO,INCONCLUSIVO,SEM_EVIDENCIA_DE_DEMANDA,359.9,,,,,,8.279935224,estimated,FALSE,DIVERGENCIA_BRAND; EVIDENCIA_IDENTIDADE_INCOMPLETA; INCONCLUSIVO,APRESENTACAO_NAO_EXPLICITA,,Resolver divergência material,mercado/VTK018308.json,2026-09-05T15:16:37.457Z
VTK018309,Sensor Alarme Genno Ivp At-3003p,Evolusom Comercial Ltda,189.9,10,FALSE,NAO_CONCLUSIVO,CONFLITOS,CONFLITO_CONFIRMADO,IDENTIDADE_DIVERGENTE,CONFLITO_CONFIRMADO,INCONCLUSIVO,SEM_EVIDENCIA_DE_DEMANDA,303.6,,,,,,8.279935224,estimated,FALSE,DIVERGENCIA_BRAND; EVIDENCIA_IDENTIDADE_INCOMPLETA; INCONCLUSIVO,APRESENTACAO_NAO_EXPLICITA,,Resolver divergência material,mercado/VTK018309.json,2026-09-05T15:16:37.457Z
VTK020719,Cabo Nwt P2 Stereo X P2 Stereo Metal 3 Metros,BKR 1 Comercio e Importação Ltda,6.45,10,FALSE,NAO_CONCLUSIVO,CONFLITOS,CONFLITO_CONFIRMADO,IDENTIDADE_DIVERGENTE,CONFLITO_CONFIRMADO,INCONCLUSIVO,SEM_EVIDENCIA_DE_DEMANDA,,,,,,,8.279935224,estimated,FALSE,DIVERGENCIA_BRAND; EVIDENCIA_IDENTIDADE_INCOMPLETA; INCONCLUSIVO,APRESENTACAO_NAO_EXPLICITA,,Resolver divergência material,mercado/VTK020719.json,2026-09-05T15:16:37.457Z
VTK026152,Cabo Adaptador Lightning Para P2 áudio Storm,BKR 1 Comercio e Importação Ltda,9,10,FALSE,NAO_CONCLUSIVO,CONFLITOS,CONFLITO_CONFIRMADO,IDENTIDADE_DIVERGENTE,CONFLITO_CONFIRMADO,INCONCLUSIVO,SEM_EVIDENCIA_DE_DEMANDA,,,,,,,8.279935224,estimated,FALSE,DIVERGENCIA_BRAND; EVIDENCIA_IDENTIDADE_INCOMPLETA; INCONCLUSIVO,APRESENTACAO_NAO_EXPLICITA,,Resolver divergência material,mercado/VTK026152.json,2026-09-05T15:16:37.457Z
VTK003177,Plug RCA Metal Com Parte Inferior Vermelha PGRC0022 Storm - PCT / 10,BKR 1 Comercio e Importação Ltda,61.39,9,FALSE,NAO_CONCLUSIVO,CONFLITOS,CONFLITO_CONFIRMADO,IDENTIDADE_DIVERGENTE,CONFLITO_CONFIRMADO,INCONCLUSIVO,SEM_EVIDENCIA_DE_DEMANDA,105.56,,,,,,8.279935224,estimated,FALSE,CONFLITO_EMBALAGEM_QUANTIDADE; EVIDENCIA_IDENTIDADE_INCOMPLETA; INCONCLUSIVO,,,Resolver divergência material,mercado/VTK003177.json,2026-09-05T15:16:37.457Z
VTK018391,Placa De Rele Viaweb Pgm,Evolusom Comercial Ltda,203.9,9,FALSE,NAO_CONCLUSIVO,CONFLITOS,CONFLITO_CONFIRMADO,IDENTIDADE_DIVERGENTE,CONFLITO_CONFIRMADO,INCONCLUSIVO,SEM_EVIDENCIA_DE_DEMANDA,,,,,,,8.279935224,estimated,FALSE,DIVERGENCIA_BRAND; EVIDENCIA_IDENTIDADE_INCOMPLETA; INCONCLUSIVO,APRESENTACAO_NAO_EXPLICITA,,Resolver divergência material,mercado/VTK018391.json,2026-09-05T15:16:37.457Z
VTK018418,Monitor Led C3tech Mr-240wh 24 Polegadas Full Hd Branco,Evolusom Comercial Ltda,459.9,9,FALSE,NAO_CONCLUSIVO,CONFLITOS,CONFLITO_CONFIRMADO,IDENTIDADE_DIVERGENTE,CONFLITO_CONFIRMADO,INCONCLUSIVO,SEM_EVIDENCIA_DE_DEMANDA,599,,,,,,8.279935224,estimated,FALSE,DIVERGENCIA_BRAND; EVIDENCIA_IDENTIDADE_INCOMPLETA; INCONCLUSIVO,APRESENTACAO_NAO_EXPLICITA,,Resolver divergência material,mercado/VTK018418.json,2026-09-05T15:16:37.457Z
VTK019448,"Cabo Stéreo Philips Tiaflex 100 Metros 2x0,14 Mm 701400",Evolusom Comercial Ltda,369.9,9,FALSE,NAO_CONCLUSIVO,CONFLITOS,CONFLITO_CONFIRMADO,IDENTIDADE_DIVERGENTE,CONFLITO_CONFIRMADO,INCONCLUSIVO,SEM_EVIDENCIA_DE_DEMANDA,,,,,,,8.279935224,estimated,FALSE,DIVERGENCIA_BRAND; EVIDENCIA_IDENTIDADE_INCOMPLETA; INCONCLUSIVO,APRESENTACAO_NAO_EXPLICITA,,Resolver divergência material,mercado/VTK019448.json,2026-09-05T15:16:37.457Z
VTK026175,Conector Xlr Macho Painel Metal Storm 10 Unidades,BKR 1 Comercio e Importação Ltda,48.99,9,FALSE,NAO_CONCLUSIVO,CONFLITOS,CONFLITO_CONFIRMADO,IDENTIDADE_DIVERGENTE,CONFLITO_CONFIRMADO,INCONCLUSIVO,SEM_EVIDENCIA_DE_DEMANDA,,,,,,,8.279935224,estimated,FALSE,CONFLITO_EMBALAGEM_QUANTIDADE; INCONCLUSIVO,,,Resolver divergência material,mercado/VTK026175.json,2026-09-05T15:16:37.457Z
VTK002531,"Suporte Articulado Para TV 14""-56"" Preto STPA600 Multivisão",Evolusom Comercial Ltda,48.5,8,FALSE,NAO_CONCLUSIVO,CONFLITOS,CONFLITO_CONFIRMADO,IDENTIDADE_DIVERGENTE,CONFLITO_CONFIRMADO,INCONCLUSIVO,SEM_EVIDENCIA_DE_DEMANDA,40.01,,,,,,8.279935224,estimated,FALSE,DIVERGENCIA_BRAND; EVIDENCIA_IDENTIDADE_INCOMPLETA; INCONCLUSIVO,APRESENTACAO_NAO_EXPLICITA,,Resolver divergência material,mercado/VTK002531.json,2026-09-05T15:16:37.457Z
VTK003633,Chave Gangorra 6A 3 Terminais Vermelho CHVS0026 Storm - PCT / 10,BKR 1 Comercio e Importação Ltda,19.8,8,FALSE,NAO_CONCLUSIVO,CONFLITOS,CONFLITO_CONFIRMADO,IDENTIDADE_DIVERGENTE,CONFLITO_CONFIRMADO,INCONCLUSIVO,SEM_EVIDENCIA_DE_DEMANDA,,,,,,,8.279935224,estimated,FALSE,DIVERGENCIA_BRAND; EVIDENCIA_IDENTIDADE_INCOMPLETA; COMPOSICAO_KIT_NAO_COMPROVADA; INCONCLUSIVO,,,Resolver divergência material,mercado/VTK003633.json,2026-09-05T15:16:37.457Z
VTK012527,"Palheta 1,5 P/sax Alto Jsr6115 Juno",BKR 1 Comercio e Importação Ltda,23.5,8,FALSE,NAO_CONCLUSIVO,CONFLITOS,CONFLITO_CONFIRMADO,IDENTIDADE_DIVERGENTE,CONFLITO_CONFIRMADO,INCONCLUSIVO,SEM_EVIDENCIA_DE_DEMANDA,36.77,,,,,,8.279935224,estimated,FALSE,DIVERGENCIA_BRAND; EVIDENCIA_IDENTIDADE_INCOMPLETA; INCONCLUSIVO,APRESENTACAO_NAO_EXPLICITA,,Resolver divergência material,mercado/VTK012527.json,2026-09-05T15:16:37.457Z
VTK017950,Cabo Paralelo Crk 2x0.75mm 100mt Cristal,Evolusom Comercial Ltda,134.9,8,FALSE,NAO_CONCLUSIVO,CONFLITOS,CONFLITO_CONFIRMADO,IDENTIDADE_DIVERGENTE,CONFLITO_CONFIRMADO,INCONCLUSIVO,SEM_EVIDENCIA_DE_DEMANDA,199,,,,,,8.279935224,estimated,FALSE,DIVERGENCIA_BRAND; EVIDENCIA_IDENTIDADE_INCOMPLETA; INCONCLUSIVO,APRESENTACAO_NAO_EXPLICITA,,Resolver divergência material,mercado/VTK017950.json,2026-09-05T15:16:37.457Z
VTK018022,"Arandela Quadrada Fiamon 6"" Coaxial 50rms 8r Branca",Evolusom Comercial Ltda,86.9,8,FALSE,NAO_CONCLUSIVO,CONFLITOS,CONFLITO_CONFIRMADO,IDENTIDADE_DIVERGENTE,CONFLITO_CONFIRMADO,INCONCLUSIVO,SEM_EVIDENCIA_DE_DEMANDA,107.47,,,,,,8.279935224,estimated,FALSE,DIVERGENCIA_VARIATION; INCONCLUSIVO,APRESENTACAO_NAO_EXPLICITA,,Resolver divergência material,mercado/VTK018022.json,2026-09-05T15:16:37.457Z
VTK018246,Gabinete Gamer C3 Tech Mt-g80bk Sem Fonte,Evolusom Comercial Ltda,99.9,8,FALSE,NAO_CONCLUSIVO,CONFLITOS,CONFLITO_CONFIRMADO,IDENTIDADE_DIVERGENTE,CONFLITO_CONFIRMADO,INCONCLUSIVO,SEM_EVIDENCIA_DE_DEMANDA,157,,,,,,8.279935224,estimated,FALSE,DIVERGENCIA_BRAND; EVIDENCIA_IDENTIDADE_INCOMPLETA; INCONCLUSIVO,APRESENTACAO_NAO_EXPLICITA,,Resolver divergência material,mercado/VTK018246.json,2026-09-05T15:16:37.457Z
VTK018280,Microfone Dinâmico Pro Btm-57a Metal - Profissional Com Cabo 3 Metros O.d.5.0 Mm,Evolusom Comercial Ltda,71.9,8,FALSE,NAO_CONCLUSIVO,CONFLITOS,CONFLITO_CONFIRMADO,IDENTIDADE_DIVERGENTE,CONFLITO_CONFIRMADO,INCONCLUSIVO,SEM_EVIDENCIA_DE_DEMANDA,119.99,,,,,,8.279935224,estimated,FALSE,DIVERGENCIA_BRAND; EVIDENCIA_IDENTIDADE_INCOMPLETA; INCONCLUSIVO,APRESENTACAO_NAO_EXPLICITA,,Resolver divergência material,mercado/VTK018280.json,2026-09-05T15:16:37.457Z
VTK018302,Bandeja Fixa Max Eletron 19 1u X 600 Mm Ventilada 4 Pontos,Evolusom Comercial Ltda,88.9,8,FALSE,NAO_CONCLUSIVO,CONFLITOS,CONFLITO_CONFIRMADO,IDENTIDADE_DIVERGENTE,CONFLITO_CONFIRMADO,INCONCLUSIVO,SEM_EVIDENCIA_DE_DEMANDA,,,,,,,8.279935224,estimated,FALSE,DIVERGENCIA_BRAND; EVIDENCIA_IDENTIDADE_INCOMPLETA; INCONCLUSIVO,APRESENTACAO_NAO_EXPLICITA,,Resolver divergência material,mercado/VTK018302.json,2026-09-05T15:16:37.457Z
VTK018346,Kit Adaptador Aquário Cf-215 Para Rgc-213 15m,Evolusom Comercial Ltda,189.9,8,FALSE,NAO_CONCLUSIVO,CONFLITOS,CONFLITO_CONFIRMADO,IDENTIDADE_DIVERGENTE,CONFLITO_CONFIRMADO,INCONCLUSIVO,SEM_EVIDENCIA_DE_DEMANDA,407.55,,,,,,8.279935224,estimated,FALSE,DIVERGENCIA_BRAND; EVIDENCIA_IDENTIDADE_INCOMPLETA; COMPOSICAO_KIT_NAO_COMPROVADA; INCONCLUSIVO,,,Resolver divergência material,mercado/VTK018346.json,2026-09-05T15:16:37.457Z
VTK018377,Cordão Prolongador Daneva 10 Metros Com Pino Ref.1314,Evolusom Comercial Ltda,41.2,8,FALSE,NAO_CONCLUSIVO,CONFLITOS,CONFLITO_CONFIRMADO,IDENTIDADE_DIVERGENTE,CONFLITO_CONFIRMADO,INCONCLUSIVO,SEM_EVIDENCIA_DE_DEMANDA,,,,,,,8.279935224,estimated,FALSE,DIVERGENCIA_BRAND; EVIDENCIA_IDENTIDADE_INCOMPLETA; INCONCLUSIVO,APRESENTACAO_NAO_EXPLICITA,,Resolver divergência material,mercado/VTK018377.json,2026-09-05T15:16:37.457Z
VTK018469,Sensor De Barreira Ativo 2 Feixes Atack Black Genno Nice,Evolusom Comercial Ltda,194.9,8,FALSE,NAO_CONCLUSIVO,CONFLITOS,CONFLITO_CONFIRMADO,IDENTIDADE_DIVERGENTE,CONFLITO_CONFIRMADO,INCONCLUSIVO,SEM_EVIDENCIA_DE_DEMANDA,195,,,,,,8.279935224,estimated,FALSE,DIVERGENCIA_BRAND; EVIDENCIA_IDENTIDADE_INCOMPLETA; INCONCLUSIVO,APRESENTACAO_NAO_EXPLICITA,,Resolver divergência material,mercado/VTK018469.json,2026-09-05T15:16:37.457Z
VTK018481,"Calota Grid Aro 14"" 044ca-pta Fiat Strada 2011/12 - PC / 4",Evolusom Comercial Ltda,47.8,8,FALSE,NAO_CONCLUSIVO,CONFLITOS,CONFLITO_CONFIRMADO,IDENTIDADE_DIVERGENTE,CONFLITO_CONFIRMADO,INCONCLUSIVO,SEM_EVIDENCIA_DE_DEMANDA,,,,,,,8.279935224,estimated,FALSE,DIVERGENCIA_BRAND; EVIDENCIA_IDENTIDADE_INCOMPLETA; INCONCLUSIVO,APRESENTACAO_NAO_EXPLICITA,,Resolver divergência material,mercado/VTK018481.json,2026-09-05T15:16:37.457Z
VTK018495,Lona De Carreteiro Western 4x4 100g P/m2,Evolusom Comercial Ltda,72.6,8,FALSE,NAO_CONCLUSIVO,CONFLITOS,CONFLITO_CONFIRMADO,IDENTIDADE_DIVERGENTE,CONFLITO_CONFIRMADO,INCONCLUSIVO,SEM_EVIDENCIA_DE_DEMANDA,125.05,,,,,,8.279935224,estimated,FALSE,DIVERGENCIA_BRAND; EVIDENCIA_IDENTIDADE_INCOMPLETA; INCONCLUSIVO,APRESENTACAO_NAO_EXPLICITA,,Resolver divergência material,mercado/VTK018495.json,2026-09-05T15:16:37.457Z
VTK018496,Lona De Carreteiro Western 6x4 100g P/m2,Evolusom Comercial Ltda,115.99,8,FALSE,NAO_CONCLUSIVO,CONFLITOS,CONFLITO_CONFIRMADO,IDENTIDADE_DIVERGENTE,CONFLITO_CONFIRMADO,INCONCLUSIVO,SEM_EVIDENCIA_DE_DEMANDA,,,,,,,8.279935224,estimated,FALSE,DIVERGENCIA_BRAND; EVIDENCIA_IDENTIDADE_INCOMPLETA; INCONCLUSIVO,APRESENTACAO_NAO_EXPLICITA,,Resolver divergência material,mercado/VTK018496.json,2026-09-05T15:16:37.457Z
VTK026164,Adaptador Plug P10 Mono Para Rca Storm 10 Unidades,BKR 1 Comercio e Importação Ltda,13.66,8,FALSE,NAO_CONCLUSIVO,CONFLITOS,CONFLITO_CONFIRMADO,IDENTIDADE_DIVERGENTE,CONFLITO_CONFIRMADO,INCONCLUSIVO,SEM_EVIDENCIA_DE_DEMANDA,16,,,,,,8.279935224,estimated,FALSE,DIVERGENCIA_BRAND; CONFLITO_EMBALAGEM_QUANTIDADE; EVIDENCIA_IDENTIDADE_INCOMPLETA; INCONCLUSIVO,,,Resolver divergência material,mercado/VTK026164.json,2026-09-05T15:16:37.457Z
VTK018260,"Ssd Hiksemi Wave 480gb 2,5"" Sata 3",Evolusom Comercial Ltda,509.9,7,FALSE,NAO_CONCLUSIVO,CONFLITOS,CONFLITO_CONFIRMADO,IDENTIDADE_DIVERGENTE,CONFLITO_CONFIRMADO,INCONCLUSIVO,SEM_EVIDENCIA_DE_DEMANDA,,,,,,,8.279935224,estimated,FALSE,DIVERGENCIA_BRAND; EVIDENCIA_IDENTIDADE_INCOMPLETA; COMPOSICAO_KIT_NAO_COMPROVADA; INCONCLUSIVO,,,Resolver divergência material,mercado/VTK018260.json,2026-09-05T15:16:37.457Z
VTK018494,Lona De Carreteiro Western 4x3 100g P/m2,Evolusom Comercial Ltda,56.5,7,FALSE,NAO_CONCLUSIVO,CONFLITOS,CONFLITO_CONFIRMADO,IDENTIDADE_DIVERGENTE,CONFLITO_CONFIRMADO,INCONCLUSIVO,SEM_EVIDENCIA_DE_DEMANDA,,,,,,,8.279935224,estimated,FALSE,DIVERGENCIA_BRAND; EVIDENCIA_IDENTIDADE_INCOMPLETA; INCONCLUSIVO,APRESENTACAO_NAO_EXPLICITA,,Resolver divergência material,mercado/VTK018494.json,2026-09-05T15:16:37.457Z
VTK018546,Módulo Viaweb Gprs 2.4,Evolusom Comercial Ltda,384.9,7,FALSE,NAO_CONCLUSIVO,CONFLITOS,CONFLITO_CONFIRMADO,IDENTIDADE_DIVERGENTE,CONFLITO_CONFIRMADO,INCONCLUSIVO,SEM_EVIDENCIA_DE_DEMANDA,,,,,,,8.279935224,estimated,FALSE,DIVERGENCIA_BRAND; EVIDENCIA_IDENTIDADE_INCOMPLETA; INCONCLUSIVO,APRESENTACAO_NAO_EXPLICITA,,Resolver divergência material,mercado/VTK018546.json,2026-09-05T15:16:37.457Z
VTK018576,Lona De Carreteiro Western 5x4 100g P/m2,Evolusom Comercial Ltda,94.6,7,FALSE,NAO_CONCLUSIVO,CONFLITOS,CONFLITO_CONFIRMADO,IDENTIDADE_DIVERGENTE,CONFLITO_CONFIRMADO,INCONCLUSIVO,SEM_EVIDENCIA_DE_DEMANDA,79.9,,,,,,8.279935224,estimated,FALSE,DIVERGENCIA_BRAND; EVIDENCIA_IDENTIDADE_INCOMPLETA; INCONCLUSIVO,APRESENTACAO_NAO_EXPLICITA,,Resolver divergência material,mercado/VTK018576.json,2026-09-05T15:16:37.457Z
VTK018578,Leitor De Código De Barras Elgin 2d Br220 Bluetooth 2.4ghz,Evolusom Comercial Ltda,1039.9,7,FALSE,NAO_CONCLUSIVO,CONFLITOS,CONFLITO_CONFIRMADO,IDENTIDADE_DIVERGENTE,CONFLITO_CONFIRMADO,INCONCLUSIVO,SEM_EVIDENCIA_DE_DEMANDA,880,,,,,,8.279935224,estimated,FALSE,DIVERGENCIA_BRAND; EVIDENCIA_IDENTIDADE_INCOMPLETA; INCONCLUSIVO,APRESENTACAO_NAO_EXPLICITA,,Resolver divergência material,mercado/VTK018578.json,2026-09-05T15:16:37.457Z
VTK019027,Antena Móvel Aquário B-2050 Com Bobina Central Para Rádio Px,Evolusom Comercial Ltda,66.2,7,FALSE,NAO_CONCLUSIVO,CONFLITOS,CONFLITO_CONFIRMADO,IDENTIDADE_DIVERGENTE,CONFLITO_CONFIRMADO,INCONCLUSIVO,SEM_EVIDENCIA_DE_DEMANDA,,,,,,,8.279935224,estimated,FALSE,DIVERGENCIA_BRAND; EVIDENCIA_IDENTIDADE_INCOMPLETA; INCONCLUSIVO,APRESENTACAO_NAO_EXPLICITA,,Resolver divergência material,mercado/VTK019027.json,2026-09-05T15:16:37.457Z
VTK012827,Panela De Pressão Eletrônica Ped02 220v Agratto,Evolusom Comercial Ltda,299.9,6,FALSE,NAO_CONCLUSIVO,CONFLITOS,CONFLITO_CONFIRMADO,IDENTIDADE_DIVERGENTE,CONFLITO_CONFIRMADO,INCONCLUSIVO,SEM_EVIDENCIA_DE_DEMANDA,230.3,,,,,,8.279935224,estimated,FALSE,DIVERGENCIA_BRAND; EVIDENCIA_IDENTIDADE_INCOMPLETA; REATIVACAO_CANDIDATA; INCONCLUSIVO,APRESENTACAO_NAO_EXPLICITA,,Resolver divergência material,mercado/VTK012827.json,2026-09-05T15:16:37.457Z
VTK013090,"Cabo Hdmi 1.4 Com Filtro, 20m Storm",BKR 1 Comercio e Importação Ltda,105.63,6,FALSE,NAO_CONCLUSIVO,CONFLITOS,CONFLITO_CONFIRMADO,IDENTIDADE_DIVERGENTE,CONFLITO_CONFIRMADO,INCONCLUSIVO,SEM_EVIDENCIA_DE_DEMANDA,139,,,,,,8.279935224,estimated,FALSE,DIVERGENCIA_BRAND; EVIDENCIA_IDENTIDADE_INCOMPLETA; INCONCLUSIVO,APRESENTACAO_NAO_EXPLICITA,,Resolver divergência material,mercado/VTK013090.json,2026-09-05T15:16:37.457Z
VTK018250,"Monitor Brx Led 23"" Trw Hdmi + Vga",Evolusom Comercial Ltda,389.9,6,FALSE,NAO_CONCLUSIVO,CONFLITOS,CONFLITO_CONFIRMADO,IDENTIDADE_DIVERGENTE,CONFLITO_CONFIRMADO,INCONCLUSIVO,SEM_EVIDENCIA_DE_DEMANDA,696.25,,,,,,8.279935224,estimated,FALSE,DIVERGENCIA_BRAND; EVIDENCIA_IDENTIDADE_INCOMPLETA; INCONCLUSIVO,APRESENTACAO_NAO_EXPLICITA,,Resolver divergência material,mercado/VTK018250.json,2026-09-05T15:16:37.457Z
VTK018413,Fonte E Carregador De Bateria Jfa Automotivo Bob Storm 60a,Evolusom Comercial Ltda,324.5,6,FALSE,NAO_CONCLUSIVO,CONFLITOS,CONFLITO_CONFIRMADO,IDENTIDADE_DIVERGENTE,CONFLITO_CONFIRMADO,INCONCLUSIVO,SEM_EVIDENCIA_DE_DEMANDA,280,,,,,,8.279935224,estimated,FALSE,DIVERGENCIA_BRAND; EVIDENCIA_IDENTIDADE_INCOMPLETA; INCONCLUSIVO,APRESENTACAO_NAO_EXPLICITA,,Resolver divergência material,mercado/VTK018413.json,2026-09-05T15:16:37.457Z
VTK018587,Auxiliar De Partida / Acumulador De Bateria Thork 6310,Evolusom Comercial Ltda,384.9,6,FALSE,NAO_CONCLUSIVO,CONFLITOS,CONFLITO_CONFIRMADO,IDENTIDADE_DIVERGENTE,CONFLITO_CONFIRMADO,INCONCLUSIVO,SEM_EVIDENCIA_DE_DEMANDA,365,,,,,,8.279935224,estimated,FALSE,DIVERGENCIA_BRAND; EVIDENCIA_IDENTIDADE_INCOMPLETA; INCONCLUSIVO,APRESENTACAO_NAO_EXPLICITA,,Resolver divergência material,mercado/VTK018587.json,2026-09-05T15:16:37.457Z
VTK018676,Antena Permak Shark Vermelha - 100/m4,Evolusom Comercial Ltda,34.9,6,FALSE,NAO_CONCLUSIVO,CONFLITOS,CONFLITO_CONFIRMADO,IDENTIDADE_DIVERGENTE,CONFLITO_CONFIRMADO,INCONCLUSIVO,SEM_EVIDENCIA_DE_DEMANDA,,,,,,,8.279935224,estimated,FALSE,DIVERGENCIA_BRAND; EVIDENCIA_IDENTIDADE_INCOMPLETA; INCONCLUSIVO,APRESENTACAO_NAO_EXPLICITA,,Resolver divergência material,mercado/VTK018676.json,2026-09-05T15:16:37.457Z
VTK018685,"Abraçadeira De Nylon Western 7,6 X 35cm Com 100 Unidades Branco",Evolusom Comercial Ltda,32.18,6,FALSE,NAO_CONCLUSIVO,CONFLITOS,CONFLITO_CONFIRMADO,IDENTIDADE_DIVERGENTE,CONFLITO_CONFIRMADO,INCONCLUSIVO,SEM_EVIDENCIA_DE_DEMANDA,,,,,,,8.279935224,estimated,FALSE,DIVERGENCIA_VARIATION; EVIDENCIA_IDENTIDADE_INCOMPLETA; COMPOSICAO_KIT_NAO_COMPROVADA; INCONCLUSIVO,,,Resolver divergência material,mercado/VTK018685.json,2026-09-05T15:16:37.457Z
VTK019219,Espaguete Liso Permak 12mm 100m,Evolusom Comercial Ltda,120.9,6,FALSE,NAO_CONCLUSIVO,CONFLITOS,CONFLITO_CONFIRMADO,IDENTIDADE_DIVERGENTE,CONFLITO_CONFIRMADO,INCONCLUSIVO,SEM_EVIDENCIA_DE_DEMANDA,,,,,,,8.279935224,estimated,FALSE,DIVERGENCIA_BRAND; EVIDENCIA_IDENTIDADE_INCOMPLETA; INCONCLUSIVO,APRESENTACAO_NAO_EXPLICITA,,Resolver divergência material,mercado/VTK019219.json,2026-09-05T15:16:37.457Z
VTK020129,Cabo Coaxial Cabletech Rgc-59 67% 75r 100 Metros Branco,Evolusom Comercial Ltda,141.5,6,FALSE,NAO_CONCLUSIVO,CONFLITOS,CONFLITO_CONFIRMADO,IDENTIDADE_DIVERGENTE,CONFLITO_CONFIRMADO,INCONCLUSIVO,SEM_EVIDENCIA_DE_DEMANDA,26.31,,,,,,8.279935224,estimated,FALSE,DIVERGENCIA_BRAND; EVIDENCIA_IDENTIDADE_INCOMPLETA; INCONCLUSIVO,APRESENTACAO_NAO_EXPLICITA,,Resolver divergência material,mercado/VTK020129.json,2026-09-05T15:16:37.457Z
VTK012581,"Suprote Triarticulado Para Monitor 17"" A 32"" Multivisão",BKR 1 Comercio e Importação Ltda,132.88,5,FALSE,NAO_CONCLUSIVO,CONFLITOS,CONFLITO_CONFIRMADO,IDENTIDADE_DIVERGENTE,CONFLITO_CONFIRMADO,INCONCLUSIVO,SEM_EVIDENCIA_DE_DEMANDA,137.34,,,,,,8.279935224,estimated,FALSE,DIVERGENCIA_BRAND; EVIDENCIA_IDENTIDADE_INCOMPLETA; INCONCLUSIVO,APRESENTACAO_NAO_EXPLICITA,,Resolver divergência material,mercado/VTK012581.json,2026-09-05T15:16:37.457Z
VTK018209,"Notebook Compaq Presario 424 Intel® Pentium™ N3700 Linux 4gb 1tb 14"" - Cinza",Evolusom Comercial Ltda,1999.9,5,FALSE,NAO_CONCLUSIVO,CONFLITOS,CONFLITO_CONFIRMADO,IDENTIDADE_DIVERGENTE,CONFLITO_CONFIRMADO,INCONCLUSIVO,SEM_EVIDENCIA_DE_DEMANDA,2659.99,,,,,,8.279935224,estimated,FALSE,DIVERGENCIA_BRAND; EVIDENCIA_IDENTIDADE_INCOMPLETA; INCONCLUSIVO,APRESENTACAO_NAO_EXPLICITA,,Resolver divergência material,mercado/VTK018209.json,2026-09-05T15:16:37.457Z
VTK018359,Moldura Fiamon 2 Din Gm Onix/cobalt /spin Grafite,Evolusom Comercial Ltda,31.9,5,FALSE,NAO_CONCLUSIVO,CONFLITOS,CONFLITO_CONFIRMADO,IDENTIDADE_DIVERGENTE,CONFLITO_CONFIRMADO,INCONCLUSIVO,SEM_EVIDENCIA_DE_DEMANDA,,,,,,,8.279935224,estimated,FALSE,DIVERGENCIA_BRAND; EVIDENCIA_IDENTIDADE_INCOMPLETA; INCONCLUSIVO,APRESENTACAO_NAO_EXPLICITA,,Resolver divergência material,mercado/VTK018359.json,2026-09-05T15:16:37.457Z
VTK018656,Taramps Sirene Rf Dedicada Para Alarme G4,Evolusom Comercial Ltda,39.9,5,FALSE,NAO_CONCLUSIVO,CONFLITOS,CONFLITO_CONFIRMADO,IDENTIDADE_DIVERGENTE,CONFLITO_CONFIRMADO,INCONCLUSIVO,SEM_EVIDENCIA_DE_DEMANDA,,,,,,,8.279935224,estimated,FALSE,DIVERGENCIA_BRAND; EVIDENCIA_IDENTIDADE_INCOMPLETA; INCONCLUSIVO,APRESENTACAO_NAO_EXPLICITA,,Resolver divergência material,mercado/VTK018656.json,2026-09-05T15:16:37.457Z
VTK018746,Sub Conjunto Almapy Up 13+ Traseiro Sensorizado,Evolusom Comercial Ltda,314.6,5,FALSE,NAO_CONCLUSIVO,CONFLITOS,CONFLITO_CONFIRMADO,IDENTIDADE_DIVERGENTE,CONFLITO_CONFIRMADO,INCONCLUSIVO,SEM_EVIDENCIA_DE_DEMANDA,,,,,,,8.279935224,estimated,FALSE,DIVERGENCIA_BRAND; EVIDENCIA_IDENTIDADE_INCOMPLETA; COMPOSICAO_KIT_NAO_COMPROVADA; INCONCLUSIVO,,,Resolver divergência material,mercado/VTK018746.json,2026-09-05T15:16:37.457Z
VTK018749,Ultraled Headlight Shocklight H3 (par) 12v 50w 6000k 4000lm,Evolusom Comercial Ltda,128.25,5,FALSE,NAO_CONCLUSIVO,CONFLITOS,CONFLITO_CONFIRMADO,IDENTIDADE_DIVERGENTE,CONFLITO_CONFIRMADO,INCONCLUSIVO,SEM_EVIDENCIA_DE_DEMANDA,,,,,,,8.279935224,estimated,FALSE,DIVERGENCIA_BRAND; EVIDENCIA_IDENTIDADE_INCOMPLETA; COMPOSICAO_KIT_NAO_COMPROVADA; INCONCLUSIVO,,,Resolver divergência material,mercado/VTK018749.json,2026-09-05T15:16:37.457Z
VTK018782,Módulo Dtmf Cloud Para Central De Cerca Elétrica,Evolusom Comercial Ltda,48.9,5,FALSE,NAO_CONCLUSIVO,CONFLITOS,CONFLITO_CONFIRMADO,IDENTIDADE_DIVERGENTE,CONFLITO_CONFIRMADO,INCONCLUSIVO,SEM_EVIDENCIA_DE_DEMANDA,39,,,,,,8.279935224,estimated,FALSE,DIVERGENCIA_BRAND; EVIDENCIA_IDENTIDADE_INCOMPLETA; INCONCLUSIVO,APRESENTACAO_NAO_EXPLICITA,,Resolver divergência material,mercado/VTK018782.json,2026-09-05T15:16:37.457Z
VTK019537,Módulo De Vidro Elétrico Fks Mlv45 Universal 2 E 4 Portas,Evolusom Comercial Ltda,58.9,5,FALSE,NAO_CONCLUSIVO,CONFLITOS,CONFLITO_CONFIRMADO,IDENTIDADE_DIVERGENTE,CONFLITO_CONFIRMADO,INCONCLUSIVO,SEM_EVIDENCIA_DE_DEMANDA,166.17,,,,,,8.279935224,estimated,FALSE,DIVERGENCIA_BRAND; EVIDENCIA_IDENTIDADE_INCOMPLETA; INCONCLUSIVO,APRESENTACAO_NAO_EXPLICITA,,Resolver divergência material,mercado/VTK019537.json,2026-09-05T15:16:37.457Z
VTK020239,Chicote Antena Permak Honda City/ Fit/ Hrv 2015,Evolusom Comercial Ltda,18.3,5,FALSE,NAO_CONCLUSIVO,CONFLITOS,CONFLITO_CONFIRMADO,IDENTIDADE_DIVERGENTE,CONFLITO_CONFIRMADO,INCONCLUSIVO,SEM_EVIDENCIA_DE_DEMANDA,,,,,,,8.279935224,estimated,FALSE,DIVERGENCIA_BRAND; EVIDENCIA_IDENTIDADE_INCOMPLETA; INCONCLUSIVO,APRESENTACAO_NAO_EXPLICITA,,Resolver divergência material,mercado/VTK020239.json,2026-09-05T15:16:37.457Z
VTK026173,"Cabo P2 Macho X P2 Macho Branco 1,80m Storm 10 Unidades",BKR 1 Comercio e Importação Ltda,28.25,5,FALSE,NAO_CONCLUSIVO,CONFLITOS,CONFLITO_CONFIRMADO,IDENTIDADE_DIVERGENTE,CONFLITO_CONFIRMADO,INCONCLUSIVO,SEM_EVIDENCIA_DE_DEMANDA,,,,,,,8.279935224,estimated,FALSE,CONFLITO_EMBALAGEM_QUANTIDADE; DIVERGENCIA_VARIATION; EVIDENCIA_IDENTIDADE_INCOMPLETA; INCONCLUSIVO,,,Resolver divergência material,mercado/VTK026173.json,2026-09-05T15:16:37.457Z
VTK026184,Conector P10 Trs Stereo Preto 10 Unidades Storm,BKR 1 Comercio e Importação Ltda,45.58,5,FALSE,NAO_CONCLUSIVO,CONFLITOS,CONFLITO_CONFIRMADO,IDENTIDADE_DIVERGENTE,CONFLITO_CONFIRMADO,INCONCLUSIVO,SEM_EVIDENCIA_DE_DEMANDA,,,,,,,8.279935224,estimated,FALSE,DIVERGENCIA_BRAND; EVIDENCIA_IDENTIDADE_INCOMPLETA; INCONCLUSIVO,,,Resolver divergência material,mercado/VTK026184.json,2026-09-05T15:16:37.457Z
VTK012569,Bateria Botão Lr621 Cartela Com 14 Unidades Flex,BKR 1 Comercio e Importação Ltda,6,4,FALSE,NAO_CONCLUSIVO,CONFLITOS,CONFLITO_CONFIRMADO,IDENTIDADE_DIVERGENTE,CONFLITO_CONFIRMADO,INCONCLUSIVO,SEM_EVIDENCIA_DE_DEMANDA,15.54,,,,,,8.279935224,estimated,FALSE,CONFLITO_EMBALAGEM_QUANTIDADE; INCONCLUSIVO,,,Resolver divergência material,mercado/VTK012569.json,2026-09-05T15:16:37.457Z
VTK012590,Palheta Nylon Jazz Iii Preta Pct C/4 Un 47r3s Dunlop (1939),BKR 1 Comercio e Importação Ltda,22.92,4,FALSE,NAO_CONCLUSIVO,CONFLITOS,CONFLITO_CONFIRMADO,IDENTIDADE_DIVERGENTE,CONFLITO_CONFIRMADO,INCONCLUSIVO,SEM_EVIDENCIA_DE_DEMANDA,206.17,,,,,,8.279935224,estimated,FALSE,CONFLITO_EMBALAGEM_QUANTIDADE; EVIDENCIA_IDENTIDADE_INCOMPLETA; INCONCLUSIVO,,,Resolver divergência material,mercado/VTK012590.json,2026-09-05T15:16:37.457Z
VTK017747,Cabo Hdmi Pluscable Pc-hdmi50m V2.0 Mid - 5m,Evolusom Comercial Ltda,24.95,4,FALSE,NAO_CONCLUSIVO,CONFLITOS,CONFLITO_CONFIRMADO,IDENTIDADE_DIVERGENTE,CONFLITO_CONFIRMADO,INCONCLUSIVO,SEM_EVIDENCIA_DE_DEMANDA,38.95,,,,,,8.279935224,estimated,FALSE,DIVERGENCIA_BRAND; EVIDENCIA_IDENTIDADE_INCOMPLETA; INCONCLUSIVO,APRESENTACAO_NAO_EXPLICITA,,Resolver divergência material,mercado/VTK017747.json,2026-09-05T15:16:37.457Z
VTK018852,"Central Multimídia H-buster Hbo-8810ho New Fit Tela 8"" Touch Screen",Evolusom Comercial Ltda,1699.84,4,FALSE,NAO_CONCLUSIVO,CONFLITOS,CONFLITO_CONFIRMADO,IDENTIDADE_DIVERGENTE,CONFLITO_CONFIRMADO,INCONCLUSIVO,SEM_EVIDENCIA_DE_DEMANDA,,,,,,,8.279935224,estimated,FALSE,DIVERGENCIA_BRAND; EVIDENCIA_IDENTIDADE_INCOMPLETA; INCONCLUSIVO,APRESENTACAO_NAO_EXPLICITA,,Resolver divergência material,mercado/VTK018852.json,2026-09-05T15:16:37.457Z
VTK018880,"Arandela Redonda Fiamon 6"" Coaxial 50rms 8r Preta",Evolusom Comercial Ltda,78.9,4,FALSE,NAO_CONCLUSIVO,CONFLITOS,CONFLITO_CONFIRMADO,IDENTIDADE_DIVERGENTE,CONFLITO_CONFIRMADO,INCONCLUSIVO,SEM_EVIDENCIA_DE_DEMANDA,199.01,,,,,,8.279935224,estimated,FALSE,DIVERGENCIA_VARIATION; EVIDENCIA_IDENTIDADE_INCOMPLETA; INCONCLUSIVO,APRESENTACAO_NAO_EXPLICITA,Cor preta no fornecedor e cinza-escuro no catálogo; variante pendente.,Resolver divergência material,mercado/VTK018880.json,2026-09-05T15:16:37.457Z
VTK018881,Capacímetro Digital Icel Cd-310,Evolusom Comercial Ltda,216.2,4,FALSE,NAO_CONCLUSIVO,CONFLITOS,CONFLITO_CONFIRMADO,IDENTIDADE_DIVERGENTE,CONFLITO_CONFIRMADO,INCONCLUSIVO,SEM_EVIDENCIA_DE_DEMANDA,269,,,,,,8.279935224,estimated,FALSE,DIVERGENCIA_BRAND; EVIDENCIA_IDENTIDADE_INCOMPLETA; INCONCLUSIVO,APRESENTACAO_NAO_EXPLICITA,,Resolver divergência material,mercado/VTK018881.json,2026-09-05T15:16:37.457Z
VTK018887,Calota Grid Aro 14p 088ca-pta Fiat Modelo Palio Adventure Saturno - PC / 4,Evolusom Comercial Ltda,47.8,4,FALSE,NAO_CONCLUSIVO,CONFLITOS,CONFLITO_CONFIRMADO,IDENTIDADE_DIVERGENTE,CONFLITO_CONFIRMADO,INCONCLUSIVO,SEM_EVIDENCIA_DE_DEMANDA,,,,,,,8.279935224,estimated,FALSE,DIVERGENCIA_BRAND; EVIDENCIA_IDENTIDADE_INCOMPLETA; INCONCLUSIVO,APRESENTACAO_NAO_EXPLICITA,,Resolver divergência material,mercado/VTK018887.json,2026-09-05T15:16:37.457Z
VTK018908,"Cabo De Guitarra Tiaflex 100 Metros 0,20 Mm Preto 902010",Evolusom Comercial Ltda,449.9,4,FALSE,NAO_CONCLUSIVO,CONFLITOS,CONFLITO_CONFIRMADO,IDENTIDADE_DIVERGENTE,CONFLITO_CONFIRMADO,INCONCLUSIVO,SEM_EVIDENCIA_DE_DEMANDA,,,,,,,8.279935224,estimated,FALSE,DIVERGENCIA_BRAND; EVIDENCIA_IDENTIDADE_INCOMPLETA; INCONCLUSIVO,APRESENTACAO_NAO_EXPLICITA,,Resolver divergência material,mercado/VTK018908.json,2026-09-05T15:16:37.457Z
VTK018950,Regua Modular Sohoplus Cdm,Evolusom Comercial Ltda,59.9,4,FALSE,NAO_CONCLUSIVO,CONFLITOS,CONFLITO_CONFIRMADO,IDENTIDADE_DIVERGENTE,CONFLITO_CONFIRMADO,INCONCLUSIVO,SEM_EVIDENCIA_DE_DEMANDA,,,,,,,8.279935224,estimated,FALSE,DIVERGENCIA_BRAND; EVIDENCIA_IDENTIDADE_INCOMPLETA; INCONCLUSIVO,APRESENTACAO_NAO_EXPLICITA,,Resolver divergência material,mercado/VTK018950.json,2026-09-05T15:16:37.457Z
VTK019139,Chicote Antena Ta Etios/corolla,Evolusom Comercial Ltda,14.4,4,FALSE,NAO_CONCLUSIVO,CONFLITOS,CONFLITO_CONFIRMADO,IDENTIDADE_DIVERGENTE,CONFLITO_CONFIRMADO,INCONCLUSIVO,SEM_EVIDENCIA_DE_DEMANDA,23.97,,,,,,8.279935224,estimated,FALSE,DIVERGENCIA_BRAND; EVIDENCIA_IDENTIDADE_INCOMPLETA; INCONCLUSIVO,APRESENTACAO_NAO_EXPLICITA,,Resolver divergência material,mercado/VTK019139.json,2026-09-05T15:16:37.457Z
VTK020904,"Rack Piso 19"" Max Eletron 16u X 470mm Preto",Evolusom Comercial Ltda,872.9,4,FALSE,NAO_CONCLUSIVO,CONFLITOS,CONFLITO_CONFIRMADO,IDENTIDADE_DIVERGENTE,CONFLITO_CONFIRMADO,INCONCLUSIVO,SEM_EVIDENCIA_DE_DEMANDA,,,,,,,8.279935224,estimated,FALSE,DIVERGENCIA_BRAND; EVIDENCIA_IDENTIDADE_INCOMPLETA; INCONCLUSIVO,APRESENTACAO_NAO_EXPLICITA,,Resolver divergência material,mercado/VTK020904.json,2026-09-05T15:16:37.457Z
VTK026187,Adaptador Rca Femea Para P10 Mono Metal Storm 10 Unidades,BKR 1 Comercio e Importação Ltda,20.55,4,FALSE,NAO_CONCLUSIVO,CONFLITOS,CONFLITO_CONFIRMADO,IDENTIDADE_DIVERGENTE,CONFLITO_CONFIRMADO,INCONCLUSIVO,SEM_EVIDENCIA_DE_DEMANDA,,,,,,,8.279935224,estimated,FALSE,CONFLITO_EMBALAGEM_QUANTIDADE; EVIDENCIA_IDENTIDADE_INCOMPLETA; INCONCLUSIVO,,,Resolver divergência material,mercado/VTK026187.json,2026-09-05T15:16:37.457Z
VTK002199,Pedal Sustain Para Teclados FC4A Yamaha Preto,Vanral Comercial Ltda,179.74,3,FALSE,NAO_CONCLUSIVO,CONFLITOS,CONFLITO_CONFIRMADO,IDENTIDADE_DIVERGENTE,CONFLITO_CONFIRMADO,INCONCLUSIVO,SEM_EVIDENCIA_DE_DEMANDA,61.49,,,,,,8.279935224,estimated,FALSE,DIVERGENCIA_BRAND; EVIDENCIA_IDENTIDADE_INCOMPLETA; INCONCLUSIVO,APRESENTACAO_NAO_EXPLICITA,,Resolver divergência material,mercado/VTK002199.json,2026-09-05T15:16:37.457Z
VTK002919,Alicate para Crimpar RJ45 FURUKAWA SOHOPLUS,Evolusom Comercial Ltda,229.9,3,FALSE,NAO_CONCLUSIVO,CONFLITOS,CONFLITO_CONFIRMADO,IDENTIDADE_DIVERGENTE,CONFLITO_CONFIRMADO,INCONCLUSIVO,SEM_EVIDENCIA_DE_DEMANDA,,,,,,,8.279935224,estimated,FALSE,DIVERGENCIA_BRAND; EVIDENCIA_IDENTIDADE_INCOMPLETA; INCONCLUSIVO,APRESENTACAO_NAO_EXPLICITA,,Resolver divergência material,mercado/VTK002919.json,2026-09-05T15:16:37.457Z
VTK012712,Plug Modular Rj 45 Cat6 Storm 100 Unidades,BKR 1 Comercio e Importação Ltda,25.22,3,FALSE,NAO_CONCLUSIVO,CONFLITOS,CONFLITO_CONFIRMADO,IDENTIDADE_DIVERGENTE,CONFLITO_CONFIRMADO,INCONCLUSIVO,SEM_EVIDENCIA_DE_DEMANDA,,,,,,,8.279935224,estimated,FALSE,CONFLITO_EMBALAGEM_QUANTIDADE; EVIDENCIA_IDENTIDADE_INCOMPLETA; INCONCLUSIVO,,,Resolver divergência material,mercado/VTK012712.json,2026-09-05T15:16:37.457Z
VTK017949,Cabo Paralelo Crk 2x2.50mm 100metros Cristal,Evolusom Comercial Ltda,379.9,3,FALSE,NAO_CONCLUSIVO,CONFLITOS,CONFLITO_CONFIRMADO,IDENTIDADE_DIVERGENTE,CONFLITO_CONFIRMADO,INCONCLUSIVO,SEM_EVIDENCIA_DE_DEMANDA,399,,,,,,8.279935224,estimated,FALSE,DIVERGENCIA_BRAND; EVIDENCIA_IDENTIDADE_INCOMPLETA; INCONCLUSIVO,APRESENTACAO_NAO_EXPLICITA,,Resolver divergência material,mercado/VTK017949.json,2026-09-05T15:16:37.457Z
VTK018606,Cabo Teclado Sparflex Nitro 100 Plug 90 Graus 03metros Preto 538198010f,Evolusom Comercial Ltda,41.4,3,FALSE,NAO_CONCLUSIVO,CONFLITOS,CONFLITO_CONFIRMADO,IDENTIDADE_DIVERGENTE,CONFLITO_CONFIRMADO,INCONCLUSIVO,SEM_EVIDENCIA_DE_DEMANDA,,,,,,,8.279935224,estimated,FALSE,DIVERGENCIA_VARIATION; INCONCLUSIVO,APRESENTACAO_NAO_EXPLICITA,,Resolver divergência material,mercado/VTK018606.json,2026-09-05T15:16:37.457Z
VTK018938,Resistencia Square/polo/quadratta,Evolusom Comercial Ltda,17.05,3,FALSE,NAO_CONCLUSIVO,CONFLITOS,CONFLITO_CONFIRMADO,IDENTIDADE_DIVERGENTE,CONFLITO_CONFIRMADO,INCONCLUSIVO,SEM_EVIDENCIA_DE_DEMANDA,39.03,,,,,,8.279935224,estimated,FALSE,DIVERGENCIA_BRAND; EVIDENCIA_IDENTIDADE_INCOMPLETA; INCONCLUSIVO,APRESENTACAO_NAO_EXPLICITA,,Resolver divergência material,mercado/VTK018938.json,2026-09-05T15:16:37.457Z
VTK018974,Bateria Multi En005 6v 12ah,Evolusom Comercial Ltda,80.5,3,FALSE,NAO_CONCLUSIVO,CONFLITOS,CONFLITO_CONFIRMADO,IDENTIDADE_DIVERGENTE,CONFLITO_CONFIRMADO,INCONCLUSIVO,SEM_EVIDENCIA_DE_DEMANDA,113.08,,,,,,8.279935224,estimated,FALSE,DIVERGENCIA_BRAND; EVIDENCIA_IDENTIDADE_INCOMPLETA; INCONCLUSIVO,APRESENTACAO_NAO_EXPLICITA,,Resolver divergência material,mercado/VTK018974.json,2026-09-05T15:16:37.457Z
VTK018998,Conector Rj45 Cat. 6 Sohoplus Tool Less - PC / 10,Evolusom Comercial Ltda,219,3,FALSE,NAO_CONCLUSIVO,CONFLITOS,CONFLITO_CONFIRMADO,IDENTIDADE_DIVERGENTE,CONFLITO_CONFIRMADO,INCONCLUSIVO,SEM_EVIDENCIA_DE_DEMANDA,,,,,,,8.279935224,estimated,FALSE,DIVERGENCIA_BRAND; EVIDENCIA_IDENTIDADE_INCOMPLETA; INCONCLUSIVO,APRESENTACAO_NAO_EXPLICITA,,Resolver divergência material,mercado/VTK018998.json,2026-09-05T15:16:37.457Z
VTK019030,Contra Frente Plástica Permak Corsa Montana Meriva 2 Din Cinza 89/m3,Evolusom Comercial Ltda,21.9,3,FALSE,NAO_CONCLUSIVO,CONFLITOS,CONFLITO_CONFIRMADO,IDENTIDADE_DIVERGENTE,CONFLITO_CONFIRMADO,INCONCLUSIVO,SEM_EVIDENCIA_DE_DEMANDA,41.78,,,,,,8.279935224,estimated,FALSE,DIVERGENCIA_BRAND; EVIDENCIA_IDENTIDADE_INCOMPLETA; INCONCLUSIVO,APRESENTACAO_NAO_EXPLICITA,,Resolver divergência material,mercado/VTK019030.json,2026-09-05T15:16:37.457Z
VTK019045,Skp Microfone Mini-iii Base + 1 Mic Lapela Uhf S/ Fio,Evolusom Comercial Ltda,339.5,3,FALSE,NAO_CONCLUSIVO,CONFLITOS,CONFLITO_CONFIRMADO,IDENTIDADE_DIVERGENTE,CONFLITO_CONFIRMADO,INCONCLUSIVO,SEM_EVIDENCIA_DE_DEMANDA,499,,,,,,8.279935224,estimated,FALSE,DIVERGENCIA_BRAND; EVIDENCIA_IDENTIDADE_INCOMPLETA; INCONCLUSIVO,APRESENTACAO_NAO_EXPLICITA,,Resolver divergência material,mercado/VTK019045.json,2026-09-05T15:16:37.457Z
VTK019047,Mult Grill Elétrico Nks Milano Ml3000 34 Cm 220v1600w,Evolusom Comercial Ltda,171.23,3,FALSE,NAO_CONCLUSIVO,CONFLITOS,CONFLITO_CONFIRMADO,IDENTIDADE_DIVERGENTE,CONFLITO_CONFIRMADO,INCONCLUSIVO,SEM_EVIDENCIA_DE_DEMANDA,,,,,,,8.279935224,estimated,FALSE,DIVERGENCIA_BRAND; EVIDENCIA_IDENTIDADE_INCOMPLETA; INCONCLUSIVO,APRESENTACAO_NAO_EXPLICITA,,Resolver divergência material,mercado/VTK019047.json,2026-09-05T15:16:37.457Z
VTK019078,Interruptor De Vidro Eletrico Almapy Renault Master 5 Pinos/ Painel,Evolusom Comercial Ltda,53.7,3,FALSE,NAO_CONCLUSIVO,CONFLITOS,CONFLITO_CONFIRMADO,IDENTIDADE_DIVERGENTE,CONFLITO_CONFIRMADO,INCONCLUSIVO,SEM_EVIDENCIA_DE_DEMANDA,19,,,,,,8.279935224,estimated,FALSE,DIVERGENCIA_BRAND; EVIDENCIA_IDENTIDADE_INCOMPLETA; INCONCLUSIVO,APRESENTACAO_NAO_EXPLICITA,,Resolver divergência material,mercado/VTK019078.json,2026-09-05T15:16:37.457Z
VTK019085,Calota Grid Aro 14p 012cb-pta Prata Chevrolet Meriva Cubo Baixo - PC / 4,Evolusom Comercial Ltda,47.8,3,FALSE,NAO_CONCLUSIVO,CONFLITOS,CONFLITO_CONFIRMADO,IDENTIDADE_DIVERGENTE,CONFLITO_CONFIRMADO,INCONCLUSIVO,SEM_EVIDENCIA_DE_DEMANDA,,,,,,,8.279935224,estimated,FALSE,DIVERGENCIA_BRAND; DIVERGENCIA_VARIATION; EVIDENCIA_IDENTIDADE_INCOMPLETA; INCONCLUSIVO,APRESENTACAO_NAO_EXPLICITA,,Resolver divergência material,mercado/VTK019085.json,2026-09-05T15:16:37.457Z
VTK019130,Receptor Linear Hcs Multifunção 4a,Evolusom Comercial Ltda,453.95,3,FALSE,NAO_CONCLUSIVO,CONFLITOS,CONFLITO_CONFIRMADO,IDENTIDADE_DIVERGENTE,CONFLITO_CONFIRMADO,INCONCLUSIVO,SEM_EVIDENCIA_DE_DEMANDA,790.14,,,,,,8.279935224,estimated,FALSE,DIVERGENCIA_BRAND; EVIDENCIA_IDENTIDADE_INCOMPLETA; INCONCLUSIVO,APRESENTACAO_NAO_EXPLICITA,,Resolver divergência material,mercado/VTK019130.json,2026-09-05T15:16:37.457Z
VTK019144,Módulo Distribuição De Audio Stereo Sohoplus 6 Ambientes - Cdm,Evolusom Comercial Ltda,99.9,3,FALSE,NAO_CONCLUSIVO,CONFLITOS,CONFLITO_CONFIRMADO,IDENTIDADE_DIVERGENTE,CONFLITO_CONFIRMADO,INCONCLUSIVO,SEM_EVIDENCIA_DE_DEMANDA,,,,,,,8.279935224,estimated,FALSE,DIVERGENCIA_BRAND; EVIDENCIA_IDENTIDADE_INCOMPLETA; INCONCLUSIVO,APRESENTACAO_NAO_EXPLICITA,,Resolver divergência material,mercado/VTK019144.json,2026-09-05T15:16:37.457Z
VTK019153,Mouse Gamer C3tech Osprey Mg-800bk,Evolusom Comercial Ltda,177.5,3,FALSE,NAO_CONCLUSIVO,CONFLITOS,CONFLITO_CONFIRMADO,IDENTIDADE_DIVERGENTE,CONFLITO_CONFIRMADO,INCONCLUSIVO,SEM_EVIDENCIA_DE_DEMANDA,117.24,,,,,,8.279935224,estimated,FALSE,DIVERGENCIA_BRAND; EVIDENCIA_IDENTIDADE_INCOMPLETA; INCONCLUSIVO,APRESENTACAO_NAO_EXPLICITA,,Resolver divergência material,mercado/VTK019153.json,2026-09-05T15:16:37.457Z
VTK019156,Central Alarme Genno Cloud 10 Ip Wi-fi,Evolusom Comercial Ltda,351.9,3,FALSE,NAO_CONCLUSIVO,CONFLITOS,CONFLITO_CONFIRMADO,IDENTIDADE_DIVERGENTE,CONFLITO_CONFIRMADO,INCONCLUSIVO,SEM_EVIDENCIA_DE_DEMANDA,274,,,,,,8.279935224,estimated,FALSE,DIVERGENCIA_BRAND; EVIDENCIA_IDENTIDADE_INCOMPLETA; INCONCLUSIVO,APRESENTACAO_NAO_EXPLICITA,,Resolver divergência material,mercado/VTK019156.json,2026-09-05T15:16:37.457Z
VTK026193,Adaptador P10 Mono Macho Para 2 P2 Mono Femea Storm 10 Un.,BKR 1 Comercio e Importação Ltda,19.37,3,FALSE,NAO_CONCLUSIVO,CONFLITOS,CONFLITO_CONFIRMADO,IDENTIDADE_DIVERGENTE,CONFLITO_CONFIRMADO,INCONCLUSIVO,SEM_EVIDENCIA_DE_DEMANDA,,,,,,,8.279935224,estimated,FALSE,EQUIVALENCIA_MARCA_NAO_COMPROVADA; CONFLITO_EMBALAGEM_QUANTIDADE; EVIDENCIA_IDENTIDADE_INCOMPLETA; INCONCLUSIVO,,,Resolver divergência material,mercado/VTK026193.json,2026-09-05T15:16:37.457Z
VTK012809,Palheta Plasticover Cla Rrpbcl250 Un,BKR 1 Comercio e Importação Ltda,40.46,2,FALSE,NAO_CONCLUSIVO,CONFLITOS,CONFLITO_CONFIRMADO,IDENTIDADE_DIVERGENTE,CONFLITO_CONFIRMADO,INCONCLUSIVO,SEM_EVIDENCIA_DE_DEMANDA,,,,,,,8.279935224,estimated,FALSE,DIVERGENCIA_BRAND; EVIDENCIA_IDENTIDADE_INCOMPLETA; INCONCLUSIVO,APRESENTACAO_NAO_EXPLICITA,,Resolver divergência material,mercado/VTK012809.json,2026-09-05T15:16:37.457Z
VTK026197,Adaptador Plug P2 Mono P10 Mono Storm 5 Un,BKR 1 Comercio e Importação Ltda,7.18,2,FALSE,NAO_CONCLUSIVO,CONFLITOS,CONFLITO_CONFIRMADO,IDENTIDADE_DIVERGENTE,CONFLITO_CONFIRMADO,INCONCLUSIVO,SEM_EVIDENCIA_DE_DEMANDA,68.01,,,,,,8.279935224,estimated,FALSE,DIVERGENCIA_BRAND; CONFLITO_EMBALAGEM_QUANTIDADE; EVIDENCIA_IDENTIDADE_INCOMPLETA; INCONCLUSIVO,,,Resolver divergência material,mercado/VTK026197.json,2026-09-05T15:16:37.457Z
VTK026199,Adaptador P1 Para J2 áudio Conector Storm 10 Un,BKR 1 Comercio e Importação Ltda,16.8,2,FALSE,NAO_CONCLUSIVO,CONFLITOS,CONFLITO_CONFIRMADO,IDENTIDADE_DIVERGENTE,CONFLITO_CONFIRMADO,INCONCLUSIVO,SEM_EVIDENCIA_DE_DEMANDA,19.9,,,,,,8.279935224,estimated,FALSE,CONFLITO_EMBALAGEM_QUANTIDADE; EVIDENCIA_IDENTIDADE_INCOMPLETA; INCONCLUSIVO,,,Resolver divergência material,mercado/VTK026199.json,2026-09-05T15:16:37.457Z
VTK026203,Plug P10 Duplo Z Storm 10 Unidades,BKR 1 Comercio e Importação Ltda,97.05,2,FALSE,NAO_CONCLUSIVO,CONFLITOS,CONFLITO_CONFIRMADO,IDENTIDADE_DIVERGENTE,CONFLITO_CONFIRMADO,INCONCLUSIVO,SEM_EVIDENCIA_DE_DEMANDA,,,,,,,8.279935224,estimated,FALSE,CONFLITO_EMBALAGEM_QUANTIDADE; EVIDENCIA_IDENTIDADE_INCOMPLETA; INCONCLUSIVO,,,Resolver divergência material,mercado/VTK026203.json,2026-09-05T15:16:37.457Z
VTK018023,Pistola Hikari Fire 150 65w 127v 21k028,Evolusom Comercial Ltda,119.99,15,FALSE,NAO_CONCLUSIVO,JA_ANUNCIADOS,REVISAR,IDENTIDADE_INCONCLUSIVA,CONFLITO_CONFIRMADO,INCONCLUSIVO,RANKING_ML,123,,,,,,8.279935224,estimated,FALSE,EVIDENCIA_IDENTIDADE_INCOMPLETA; JA_ANUNCIADO_ATIVO; INCONCLUSIVO,APRESENTACAO_NAO_EXPLICITA,,Manter na gestão dos anúncios existentes,mercado/VTK018023.json,2026-09-05T15:16:37.457Z
VTK017282,Cabo Lan Mpt Cat6 U/utp 23awgx4p 305 Metros Cmx Vermelho 53040541,Evolusom Comercial Ltda,869.9,50,FALSE,NAO_CONCLUSIVO,JA_ANUNCIADOS,REVISAR,IDENTIDADE_DIVERGENTE,CONFLITO_CONFIRMADO,INCONCLUSIVO,SEM_EVIDENCIA_DE_DEMANDA,1218,,,,,,8.279935224,estimated,FALSE,DIVERGENCIA_BRAND; DIVERGENCIA_VARIATION; EVIDENCIA_IDENTIDADE_INCOMPLETA; COMPOSICAO_KIT_NAO_COMPROVADA; JA_ANUNCIADO_ATIVO; INCONCLUSIVO,,,Manter na gestão dos anúncios existentes,mercado/VTK017282.json,2026-09-05T15:16:37.457Z
VTK012362,"Palheta Tradicional 2,5 P/clarinete Sib Cr102,5 Vandoren Un",BKR 1 Comercio e Importação Ltda,28.99,12,FALSE,NAO_CONCLUSIVO,JA_ANUNCIADOS,REVISAR,IDENTIDADE_COHERENTE,CONFLITO_CONFIRMADO,INCONCLUSIVO,SEM_EVIDENCIA_DE_DEMANDA,35.75,,,,,,8.279935224,estimated,FALSE,JA_ANUNCIADO_ATIVO; INCONCLUSIVO,APRESENTACAO_NAO_EXPLICITA,,Manter na gestão dos anúncios existentes,mercado/VTK012362.json,2026-09-05T15:16:37.457Z